{"timestamp":1356393600000,"multiplier":1.0E-5,"open":1.31801,"high":1.31801,"low":1.31798,"close":1.31798,"shift":60000,"times":[0,1,1,1,1,1,1,1,1,1,1,1,1,1,1,1,1,1,1,1,1,1,1,1,1,1,1,1,1,1,1,1,1,1,1,1,1,1,1,1,1,1,1,1,1,1,1,1,1,1,1,1,1,1,1,1,1,1,1,1,1,1,1,1,1,1,1,1,1,1,1,1,1,1,1,1,1,1,1,1,1,1,1,1,1,1,1,1,1,1,1,1,1,1,1,1,1,1,1,1,1,1,1,1,1,1,1,1,1,1,1,1,1,1,1,1,1,1,1,1,1,1,1,1,1,1,1,1,1,1,1,1,1,1,1,1,1,1,1,1,1,1,1,1,1,1,1,1,1,1,1,1,1,1,1,1,1,1,1,1,1,1,1,1,1,1,1,1,1,1,1,1,1,1,1,1,1,1,1,1,1,1,1,1,1,1,1,1,1,1,1,1,1,1,1,1,1,1,1,1,1,1,1,1,1,1,1,1,1,1,1,1,1,1,1,1,1,2,1,1,1,1,1,1,1,1,1,1,1,1,1,1,1,1,1,1,1,1,1,1,1,1,1,1,1,1,1,1,1,1,1,1,1,1,1,1,1,1,1,1,1,1,1,1,1,1,1,1,1,1,1,1,1,1,1,1,1,1,1,1,1,1,1,1,1,1,1,1,1,1,1,1,1,1,1,1,1,1,1,1,1,1,1,1,1,1,1,1,1,1,1,1,1,1,1,1,1,1,1,1,1,1,1,1,1,1,1,1,1,1,1,1,1,1,1,1,1,1,1,1,1,1,1,1,1,1,1,1,1,1,1,1,1,1,1,1,1,1,1,1,1,1,1,1,1,1,1,1,1,1,1,1,1,1,1,1,1,1,1,1,1,1,1,1,1,1,1,1,1,1,1,1,1,1,1,1,1,1,1,1,1,1,1,1,1,1,1,1,1,1,1,1,1,1,1,1,1,1,1,1,1,1,1,1,1,1,1,1,1,1,1,1,1,1,1,1,1,1,1,1,1,1,1,1,1,1,1,1,1,1,1,1,1,1,1,1,1,1,1,1,1,1,1,1,1,1,1,1,1,1,1,1,1,1,1,1,1,1,1,1,1,1,1,1,1,1,1,1,1,1,1,1,1,1,1,1,1,1,1,1,1,1,1,1,1,1,1,1,1,1,1,1,1,1,1,1,1,1,1,1,1,1,1,1,1,1,1,1,1,1,1,1,1,1,1,1,1,1,1,1,1,1,1,1,1,1,1,1,1,1,1,1,1,1,1,1,1,1,1,1,1,1,1,1,1,1,1,1,1,1,1,1,1,1,1,1,1,1,6,1,4,1,1,1,6,1,1,1,1,1,1,1,1,1,1,1,1,1,1,1,2,1,2,1,1,1,3,1,1,1,2,1,1,2,1,1,1,1,1,1,1,1,1,1,1,1,1,1,1,1,1,1,1,1,1,1,1,1,1,1,1,1,1,11,1,1,1,1,1,1,1,1,1,1,1,1,1,12,1,1,1,1,1,1,1,1,1,1,1,1,1,1,1,1,1,1,1,1,1,1,1,1,1,1,1,1,1,1,2,1,1,1,1,1,1,1,1,1,1,1,1,1,1,1,1,1,1,1,1,1,1,1,1,1,1,1,7,2,1,1,1,1,1,2,1,2,1,1,302,1,1,1,1,1,1,1,1,1,1,1,1,1,1,1,1,1,1,1,1,1,1,1,1,1,1,1,1,1,1,1,1,1,1,1,1,1,1,1,1,1,1,1,1,1,1,1,1,1,1,2,1,1,1,1,1,1,1,1,1,1,1,1,1,1,1,1,1,1,1,1,1,1,1,1,1,1,1,1,1,1,1,1,1,1,1,1,1,1,2,2,1,1,1,1,1,1,1,1,1,1,1,1,1,1,1,1,2,1,1,1,1,1,1,1,1,1,1,1,1,1,1,1,1,1,1,1,1,1,1,1,1,1,1,1,1,1,1,1,1,1,1,1,1,1,1,1,1,1,1,1,1,1,1,1,1,1,1,1,1,1,1,1,1,1,1,1,1,1,1,1,1,1,1,1,1,1,1,1,1,1,1,1,1,1,1,1,1,1,1,1,1,1,1,1,1,1,1,1,1,2,1,1,2,1,1,1,1,2,2,1,1,1,1,1,1,1,1,1,1,1,1,1,1,1,1,1,1,1,1,1,1,1,1,1,1,1,1,1,1,1,1,1,1,1,1,1,1,1,1,1,1,1,1,1,1,1,1,1,1,1,1,1,1,1,1,1,1,1,1,1,1,1,1,1,1,1,1,1,1,1,1,1,1,1,1,1,1,1,1,1,1,1,1,1,1,1,1,1,1,1,1,1,1,1,1,1,1,1,1,1,1,1,1,1,1,1,1,1,1,1,1,1,1,1,1,1,1,1,1,1,1,1,1,1,1,1,1,1,1,1,1,1,1,1,1,1,1,1,1,1],"opens":[0,-3,3,-4,-1,-2,0,0,2,5,1,9,-10,3,0,-1,-4,-1,1,-1,1,-2,-2,3,-8,0,0,0,10,-1,3,2,4,1,0,2,11,8,7,3,5,0,0,0,-17,4,-1,-2,-1,-2,1,0,5,-28,-5,-79,-3,40,-20,16,-7,0,-10,19,3,3,-2,0,3,13,9,14,-16,8,2,1,-6,6,1,-4,5,-3,13,4,-15,-1,6,-1,-2,1,-2,-4,-3,-1,-2,-36,12,19,8,7,7,11,24,-20,-3,1,15,-6,-3,-7,-23,8,-5,7,-2,2,6,-3,-7,0,1,0,-1,4,-1,9,-2,-19,-3,-12,-2,6,-3,31,-4,-20,0,7,-2,3,-3,0,8,-7,13,22,8,-9,-5,-24,5,4,20,-33,-1,-2,3,-2,4,-6,14,-8,0,9,-17,-3,-3,4,2,2,9,2,2,2,4,1,12,-17,3,15,-15,5,0,4,-4,0,0,-4,1,-1,-3,0,-1,-1,-17,-7,16,31,-5,0,-2,0,0,0,7,-5,-3,8,9,-14,2,-3,0,-4,1,4,-3,0,2,-1,-1,-3,-2,1,1,2,-4,-23,6,-4,37,-3,-24,19,-9,2,0,-1,1,2,-2,2,0,0,-2,0,0,5,-1,9,-11,-2,3,5,-41,13,-7,4,19,5,28,-15,-12,-2,2,5,0,-2,2,0,-2,10,0,45,-38,2,10,23,-3,-26,-1,-1,12,-5,-3,12,-15,14,-1,-5,-5,-1,15,-6,-38,1,8,-1,19,12,16,-4,-10,14,-29,-15,14,-5,0,1,1,-3,-8,0,0,-1,0,-2,0,3,-1,8,-12,6,-18,-4,14,14,0,-1,-23,18,-13,0,-12,-32,37,6,-3,4,-1,0,17,5,3,-1,0,-1,5,-2,-3,2,0,2,4,-12,25,-8,-6,-1,-9,-9,14,-4,-5,6,-11,1,11,-12,12,4,0,-8,0,28,-9,3,-2,-14,1,15,0,2,6,-10,2,9,-22,-3,-3,0,1,0,0,-5,8,-3,0,7,1,-1,-4,0,0,0,-17,-10,5,1,-3,3,-8,1,1,-3,4,2,3,-2,15,-11,8,-7,1,0,2,-2,-16,-2,12,-10,5,-9,14,-13,0,12,2,3,1,21,2,11,-2,-9,0,4,-4,-3,10,-1,1,-4,1,-3,-9,8,1,-1,-10,-3,11,-3,-8,10,-12,18,-12,4,2,5,6,-9,5,-1,9,-15,8,4,-33,18,-9,-10,5,4,13,11,-8,10,21,-4,4,-40,-3,9,3,3,-28,5,-25,-32,-3,-9,7,13,17,-9,9,-2,1,24,15,-2,20,-2,0,-13,20,-23,-9,13,11,-6,11,-26,-7,11,18,-26,-11,8,-4,7,20,4,13,-25,-9,16,9,-2,28,21,-33,20,-6,16,15,-24,12,22,-3,-15,9,20,0,-32,7,25,-28,-2,-19,8,5,11,32,2,-1,-57,26,-15,29,-22,0,5,13,1,-9,22,29,-4,30,5,-3,0,-4,-37,-14,3,6,5,-10,17,-2,2,-1,-1,-11,8,-3,-37,18,-1,-39,0,0,0,-7,-17,21,3,0,0,0,0,0,-11,0,7,6,-11,4,12,-1,-1,-2,0,-3,0,7,17,15,9,20,4,-3,16,11,-1,12,5,11,-12,-19,27,-3,-7,-7,17,1,2,-13,-16,7,-5,2,-4,-21,22,5,-24,14,8,9,0,-18,-29,19,27,-27,-5,4,4,4,-10,12,-3,-21,-1,-24,1,-17,25,15,11,7,-29,-11,0,1,-1,-9,6,1,9,0,0,-13,14,21,-24,0,-3,0,3,3,18,-20,1,-6,31,19,-6,-6,17,-7,-21,-18,33,42,12,-32,-31,-22,-36,-23,-32,-17,-12,2,15,33,-11,-25,8,12,-1,3,-2,10,7,-7,-10,1,1,3,-3,13,-20,13,3,-13,1,20,8,-1,-14,14,6,-11,1,0,1,-5,14,-13,-4,10,-4,-4,-10,-1,28,-6,-4,18,-3,7,-5,-1,-1,8,-1,-24,2,14,-11,6,-25,14,4,12,-5,5,-12,10,-9,-10,4,15,-3,7,-13,8,-14,4,9,-22,4,1,1,12,0,3,1,0,-2,2,-12,-7,10,-20,42,-7,-13,-13,15,-19,-10,34,-20,14,-15,8,-19,25,-2,-10,5,18,-4,-2,2,-1,-20,3,10,1,-3,0,10,-2,-4,-20,10,7,7,-9,-4,4,10,4,-2,-13,7,-5,16,-10,-13,22,-5,0,-4,-3,-11,9,11,0,-26,-21,-15,-6,-11,5,10,-9,19,-8,0,3,2,1,-6,3,-2,8,2,5,22,-19,13,0,20,-2,4,-17,-4,10,7,-9,-6,-1,18,-15,16,-12,12,-14,7,-13,9,-3,6,-29,39,-7,4,-5,-14,19,-1,-19,9,5,-7,-14,7,11,-1,-44,2,14,-12,7,-15,10,-2,-12,-9,25,-12,-22,10,30,-25,-10,13,-28,-1,-9,20,6,-11,30,0,-3,-4,-9,5,1,21,-10,12,-6,-8,19,-25,-3,-3,-1,-3,-10,2,0,1,7,-11,6,0,-9,-6,8,2,2,1,-7,5,1,1,4,1,0,-10,9,1,-3,3,-1,-10,2,1,-1,-1,1,7,3,6,-1,-8,4,15,-2,-5,3,2,11,-18,21,-5,-1,3,-4,3,-1,-3,3,0,-3,-1,1,-2,4,-2,0,0,1,4,-1,-4,4,-2,-3,7,-5,4,4,-17,13,4,2,2,-3,-3,-1,0,1,1,-1,1,4,-5,1,-6,-37,-8,-1,18,-3,8],