{"timestamp":1155427200000,"multiplier":1.0E-5,"open":1.12409,"high":1.12462,"low":1.12409,"close":1.12462,"shift":60000,"times":[1260,1,1,1,1,1,1,1,1,1,1,1,1,1,1,1,1,1,1,1,1,1,1,1,1,1,1,1,1,1,1,1,1,1,1,1,1,1,1,1,1,1,1,1,1,1,1,1,1,1,1,1,1,1,1,1,1,1,1,1,1,1,1,1,1,1,1,1,1,1,1,1,1,1,1,1,1,1,1,1,1,1,1,1,1,1,1,1,1,1,1,1,1,1,1,1,1,1,1,1,1,1,1,1,1,1,1,1,1,1,1,1,1,1,1,1,1,1,1,1,1,1,1,1,1,1,1,1,1,1,1,1,1,1,1,1,1,1,1,1,1,1,1,1,1,1,1,1,1,1,1,1,1,1,1,1,1,1,1,1,1,1,1,1,1,1,1,1,1,1,1,1,1,1,1,1,1,1,1,1],"opens":[0,51,85,-3,-14,-10,-2,2,-12,-5,-11,28,0,-8,-31,24,18,-15,1,11,9,-28,-16,12,36,-15,-13,42,-22,-27,22,28,-15,14,0,-36,6,5,-16,25,-9,-12,0,8,22,-12,3,-1,-11,-20,10,29,-29,1,1,10,5,36,-48,-4,-20,27,9,-9,14,-14,5,0,2,-2,0,0,-5,5,-2,0,-11,2,16,-5,7,13,5,-5,5,-8,3,0,0,-3,-2,5,-7,-15,7,5,3,5,-3,0,2,3,5,-5,-5,-2,-18,-5,-2,25,-3,-10,0,-5,10,-5,-5,-25,-5,2,-14,-28,-30,-63,-2,5,-10,5,0,-7,9,8,-7,7,-5,5,-2,2,5,-5,-8,6,-16,28,0,0,0,0,5,0,-8,7,6,0,0,5,0,-13,3,3,-8,15,-5,0,-3,3,-5,5,12,-7,-8,5,-2,0,0,-8,15,-2,-5,-5],"highs":[0,59,25,20,-21,-6,-15,34,-52,-3,41,-3,-13,-13,-20,31,1,11,-11,30,-22,-31,-7,43,-4,-19,23,5,-9,4,10,-4,2,13,-16,-25,10,6,-8,6,-7,-10,27,-8,11,-7,7,-19,-2,-19,42,-13,-8,-9,17,5,16,4,-32,-14,-7,12,11,-6,11,-11,-3,-2,2,3,0,-5,5,0,0,-5,-13,8,10,0,22,-2,0,0,0,0,-5,0,0,5,-5,5,-12,-13,7,5,13,0,-5,-5,7,3,0,0,-3,-9,-18,0,13,7,-1,-9,-5,0,5,0,-10,-20,-5,1,-18,-28,-30,-63,3,0,-10,5,5,-3,0,15,-10,3,-5,5,0,0,5,-5,0,0,6,6,-2,3,-3,0,5,0,-4,7,7,-5,0,5,0,-5,5,0,-2,2,-5,7,-7,0,5,6,1,-7,0,-3,3,-5,0,12,-5,-2,-5,0],"lows":[0,50,42,28,-14,-3,-1,-1,-15,-12,7,28,-8,-17,-14,14,18,-15,7,11,-11,-19,-1,12,8,-3,-1,-5,-2,4,8,4,12,22,-32,-8,13,-6,-5,19,-14,-9,8,3,23,-19,2,-4,-21,-4,19,-4,4,-5,7,10,5,3,-19,0,-20,24,8,-5,8,-8,3,-3,0,0,5,-5,0,2,-2,-8,-5,7,9,-3,12,8,-3,3,0,-2,2,0,0,0,-3,3,-8,-9,-6,18,2,6,-6,1,4,3,0,-5,0,-33,13,-13,-1,24,-5,-8,3,0,0,0,-22,-11,3,-2,-47,-1,-81,-19,10,-10,10,5,-5,-2,9,2,-1,7,-5,0,-3,3,10,-5,-8,3,-13,28,-8,3,5,-7,5,-5,4,2,11,-2,-3,5,-5,-3,3,2,-7,12,-2,0,-5,5,-5,-1,8,-2,-3,-2,0,5,-5,-3,11,-11,0,3],"closes":[0,52,13,39,-51,7,-2,-10,-9,-8,26,16,-16,-16,-10,27,7,-17,17,-1,-19,-17,7,38,-32,2,25,-21,-12,23,30,-34,32,13,-38,-5,4,-13,16,5,-21,8,9,10,4,-5,-12,-4,-27,-4,60,-45,16,-17,34,4,14,-27,-6,-6,-7,12,7,-2,-2,2,-7,-3,7,3,0,-5,0,5,-5,-11,-4,8,7,5,16,4,-8,3,0,0,-5,5,0,-5,0,0,-8,-7,7,5,0,13,-8,-4,7,5,-5,5,-5,-29,4,-5,18,-3,-4,-9,3,5,2,-7,-22,-1,-2,-2,-41,-7,-82,-6,-2,0,-5,5,5,-5,2,2,3,3,-5,0,0,5,5,-5,-5,0,11,6,-10,11,-3,-5,3,2,1,7,7,-7,-3,5,0,0,0,5,-2,-1,-2,7,-7,0,0,11,-9,-2,5,-10,10,-5,0,12,-9,-8,-3,8],"volumes":[43.9,112.2,150.7,32.1,128.5,114.4,114.5,147.4,87.1,81.8,170.0,118.2,70.3,98.8,56.6,117.4,90.9,126.7,155.0,184.0,63.8,153.8,77.1,20.8,69.4,133.5,65.1,128.2,95.6,164.3,140.3,79.7,131.0,92.4,33.8,157.4,44.0,70.8,116.4,133.0,124.9,108.7,135.9,88.9,174.4,125.5,122.4,57.7,101.0,170.6,77.2,128.5,51.9,119.6,68.0,118.9,19.8,114.1,64.5,26.3,42.2,34.3,82.1,20.1,60.6,97.4,76.1,34.9,101.4,56.3,65.9,57.7,50.4,65.6,71.2,97.1,38.7,41.2,66.3,144.0,56.4,188.6,58.9,141.9,37.5,97.6,71.7,173.1,49.9,91.1,39.2,74.1,52.3,47.0,147.1,44.3,101.0,3.2,80.5,25.5,110.6,24.2,18.3,137.5,63.6,74.3,8.1,69.6,78.8,79.7,181.4,33.7,30.3,65.7,71.0,82.4,74.9,103.8,4.4,63.0,117.4,78.1,24.8,52.3,112.5,135.3,15.3,20.0,163.1,134.0,0.8,61.6,13.6,0.8,41.8,27.9,118.7,95.0,20.8,55.6,50.7,22.3,86.6,49.7,34.4,84.6,46.1,117.0,55.4,70.8,31.9,131.4,24.5,64.7,25.9,8.8,110.8,15.1,145.5,58.8,15.9,18.3,40.5,30.3,32.9,34.8,9.2,66.1,87.0,122.3,39.1,18.5,69.4,37.3,31.1,85.6,7.0,125.1,33.6,40.2]}