{"timestamp":1154822400000,"multiplier":1.0E-5,"open":1.22278,"high":1.22314,"low":1.22278,"close":1.223,"shift":60000,"times":[1260,1,1,1,1,1,1,1,1,1,1,1,1,1,1,1,1,1,1,1,1,1,1,1,1,1,1,1,1,1,1,1,1,1,1,1,1,1,1,1,1,1,1,1,1,1,1,1,1,1,1,1,1,1,1,1,1,1,1,1,1,1,1,1,1,1,1,1,1,1,1,1,1,1,1,1,1,1,1,1,1,1,1,1,1,1,1,1,1,1,1,1,1,1,1,1,1,1,1,1,1,1,1,1,1,1,1,1,1,1,1,1,1,1,1,1,1,1,1,1,1,1,1,1,1,1,1,1,1,1,1,1,1,1,1,1,1,1,1,1,1,1,1,1,1,1,1,1,1,1,1,1,1,1,1,1,1,1,1,1,1,1,1,1,1,1,1,1,1,1,1,1,1,1,1,1,1,1,1,1],"opens":[0,19,-36,1,15,-4,-6,-15,13,-2,0,4,-3,-17,17,-14,-38,53,-33,10,8,-27,4,2,-18,-23,29,-24,14,-15,-10,3,7,-24,2,20,-41,22,9,-7,-32,-34,-12,2,33,-33,-2,5,-3,11,-11,-4,0,0,2,-10,13,3,-14,8,-4,14,3,5,12,-5,0,10,3,6,5,-19,3,2,-2,2,-7,7,-5,9,4,7,-15,0,2,-2,2,-2,-3,0,8,-5,-4,-9,11,-6,5,-7,9,-1,-5,15,-11,-7,0,3,0,-5,2,0,0,6,-3,9,-7,8,-13,-2,2,-2,-3,-1,6,1,-1,5,-5,-5,13,-8,5,-13,-9,3,2,2,-10,-5,6,-6,7,-10,0,1,4,-14,-3,-16,0,-1,-12,5,6,-18,-9,5,5,1,-2,-6,-4,4,-9,4,9,-2,-10,2,-2,4,-2,3,-8,3,10,0,0,1,8,21],"highs":[0,-12,-7,-22,13,0,-19,2,6,-4,-2,-2,7,-13,6,-7,-11,18,-26,5,14,-5,-19,-3,-11,28,-33,-2,-5,-17,-9,1,10,-14,5,4,-31,27,-1,2,-23,-24,-37,26,1,-30,0,3,9,-4,-4,-4,0,-3,-2,-4,12,0,-3,-5,7,3,6,12,2,-5,5,15,-7,10,1,-6,-7,7,-3,0,0,3,-5,7,-2,7,-14,4,-3,3,-3,-2,3,2,3,-3,-9,-6,9,-1,3,8,-7,-4,10,8,-19,-2,0,0,-2,0,2,0,3,-2,7,1,-9,14,-14,-1,1,-1,-4,0,5,6,-2,-1,-3,5,-2,-3,0,-13,5,-6,-3,2,-7,-3,3,-3,12,-20,8,0,3,-14,-9,-16,4,7,-17,0,7,-21,-6,6,6,1,-5,-8,12,-8,0,1,2,-5,-10,12,-7,5,-5,0,0,2,13,-4,-6,8,18,7],"lows":[0,-10,-10,-10,23,-7,-21,3,11,6,-18,11,-2,-18,7,-19,-12,14,-9,9,8,-30,19,-49,31,-24,-29,32,-15,-6,-8,-4,26,-24,-6,-2,-11,35,-4,3,-57,-8,-8,2,4,-6,0,-5,2,9,-4,-4,0,-9,6,-18,2,20,-8,-1,6,4,11,3,6,5,-2,12,-5,9,-4,-7,-6,10,1,-3,-2,7,-5,1,12,2,-29,14,0,2,0,3,-3,-2,0,5,-8,-9,13,-5,1,-2,-3,3,3,6,-10,1,0,-2,0,0,0,0,2,-7,9,-2,-2,6,-4,-8,6,-6,0,2,1,6,-1,-1,-4,0,1,2,2,-14,-3,3,-7,-1,-6,0,4,-1,3,-6,0,0,-3,-8,-20,-24,16,-1,-1,5,-5,-15,-4,4,5,-2,-5,-2,2,2,-7,2,9,-20,3,5,-3,7,-5,-2,2,1,12,-6,1,2,12,11],"closes":[0,-31,9,-7,0,-4,-19,8,2,7,-20,13,-4,7,-15,-22,25,-23,11,3,-3,2,-12,-28,6,45,-60,14,-23,-12,11,3,-3,-18,1,-14,9,16,-1,5,-67,-7,-1,26,-28,-6,2,3,12,-5,-4,-8,0,-7,4,-1,4,8,-9,-6,9,3,7,16,-8,5,3,9,-2,12,-2,-12,3,1,-2,0,0,2,-2,9,-1,4,-12,-5,5,0,-2,2,3,-8,10,-5,-8,-2,8,-3,-3,3,7,-12,16,-4,-13,6,0,-5,-2,2,5,-5,8,-5,8,-5,-1,-1,-4,4,-6,1,-5,5,-1,13,-6,-5,5,-3,-2,5,-3,-11,-3,1,-1,-10,-3,2,-1,-1,3,-6,3,0,-6,-8,-15,-14,1,2,3,0,-7,-15,-3,10,-2,6,-10,-4,4,-1,0,4,0,-20,10,-2,7,-1,-6,2,0,-2,18,-11,0,13,9,16],"volumes":[105.4,137.1,111.7,83.0,65.9,181.2,166.8,133.5,136.5,190.7,135.2,259.3,74.4,153.3,203.2,12.4,201.4,212.0,141.2,103.9,133.3,277.5,179.6,9.5,160.2,96.4,312.4,228.7,204.7,44.0,107.1,35.2,126.5,148.0,224.9,64.5,61.0,44.3,122.0,81.2,197.4,234.2,193.0,180.3,167.0,64.4,112.3,150.1,91.2,60.1,181.9,168.1,221.2,134.8,77.8,175.6,171.3,74.9,86.1,246.7,235.1,77.8,223.6,116.9,101.9,32.7,112.5,199.9,222.8,166.4,256.0,309.2,113.9,246.1,111.8,214.5,83.7,227.1,181.3,253.0,2.4,66.6,110.6,92.5,131.7,47.5,250.7,39.9,112.1,185.9,107.1,103.9,77.5,164.9,219.2,262.4,205.2,153.0,184.3,80.4,258.7,200.0,211.8,85.7,153.5,108.4,94.3,73.5,134.3,109.4,40.2,187.1,66.4,143.8,141.4,116.8,121.0,94.6,115.4,97.4,150.7,118.3,66.9,80.8,114.7,184.8,117.6,125.2,105.7,55.0,90.2,181.3,99.5,175.3,101.6,85.0,108.1,70.5,99.1,92.2,211.8,29.5,158.9,90.2,192.8,121.3,126.7,95.1,87.9,150.6,49.7,98.2,215.5,121.4,152.1,168.3,273.9,221.5,122.0,62.7,238.2,65.0,168.1,227.9,39.9,310.1,85.0,146.6,65.0,138.8,144.6,85.1,115.5,229.7,113.5,101.4,105.5,299.6,126.5,216.5]}