{"timestamp":1156032000000,"multiplier":0.001,"open":614.055,"high":614.504,"low":613.744,"close":614.111,"shift":60000,"times":[1320,1,1,1,1,6,3,2,3,1,3,1,1,2,1,1,3,3,1,6,1,2,4,1,3,3,1,3,2,2,1,1,2,3,2,1,1,1,1,2,2,1,1,2,3,1,2,1,1,1,3,1,2,1,1,1,1,1,1,1,1,1,1,1,1,1,2,1,1,1,1,1],"opens":[0,47,196,295,-85,98,172,-333,294,-75,54,-292,57,-11,-590,-175,396,-122,257,185,2,83,-743,-119,166,12,3,74,-241,237,224,-251,461,209,-454,253,278,-314,-130,489,-432,503,270,495,151,25,-515,-116,381,-254,-184,370,61,-55,-230,-80,226,-89,-42,-33,-618,213,-1,-548,281,100,-35,101,-771,335,-541,105],"highs":[0,-168,175,479,107,6,66,-149,-281,-38,17,-252,79,-73,-276,-55,296,133,-29,-13,100,8,-538,-159,-91,315,-8,51,-39,-57,28,293,64,68,173,-50,-6,-71,329,-88,156,146,287,337,66,-73,-91,-117,-137,47,-9,43,-79,-21,112,-200,-39,-16,37,-185,-316,-65,86,-28,-50,-151,92,-75,-266,-140,-281,-185],"lows":[0,-35,-48,564,283,60,-77,-134,-159,-132,-85,-114,-84,158,-478,-156,331,147,87,110,-20,-85,-436,-162,-9,286,-56,95,-82,98,-269,329,231,198,-14,47,-182,-50,247,230,-148,210,235,351,109,98,-299,71,-286,35,65,207,-246,17,-37,-49,-135,145,-180,-235,-267,196,26,-147,-68,-85,96,5,-308,-274,-320,-134],"closes":[0,-231,631,479,24,4,40,-700,126,-33,-3,-323,-146,247,-748,663,-177,326,179,-217,326,-465,-635,143,-351,804,-511,210,270,9,29,236,-292,470,-60,193,-677,304,439,69,-71,460,287,233,-36,1,-424,55,-127,210,-239,282,32,-596,448,-76,-305,-15,232,-679,-84,379,-330,262,-136,-237,90,35,-223,-342,-675,-12],"volumes":[0.02366,0.019,0.026468,0.013376,0.0126,0.01482,0.01642,0.01673,0.01317,0.017514,0.016062,0.01432,0.01114,0.01235,0.01134,0.01668,0.027422,0.02173,0.01311,0.01796,0.01194,0.01526,0.011857,0.01785,0.015033,0.01527,0.01966,0.01197,0.01914,0.016236,0.02238,0.016363,0.014785,0.01167,0.01932,0.01391,0.01985,0.013802,0.01407,0.009341,0.016084,0.013456,0.01205,0.021075,0.01654,0.018725,0.01284,0.020718,0.01082,0.02605,0.01129,0.014248,0.014206,0.01195,0.015734,0.01244,0.017285,0.01201,0.01876,0.02006,0.01707,0.01261,0.018421,0.013687,0.01624,0.01439,0.011389,0.01177,0.01358,0.017322,0.01642,0.026785]}