{"timestamp":1368921600000,"multiplier":1.0E-5,"open":0.97548,"high":0.97583,"low":0.97546,"close":0.97569,"shift":60000,"times":[1260,1,1,1,1,1,1,1,1,1,1,2,1,1,1,1,1,1,1,1,1,1,1,1,1,1,1,1,1,1,1,2,1,1,1,1,1,1,1,1,1,1,1,1,1,1,1,1,1,1,1,1,1,1,1,1,1,1,1,1,1,19,1,1,1,1,1,1,1,1,1,1,1,1,1,1,1,1,1,1,1,1,1,1,1,1,1,1,1,1,1,1,1,1,1,1,1,1,1,1,1,1,1,1,1,1,1,1,1,1,1,1,1,1,1,1,1,1,1,1,1,1,1,1,1,1,1,1,1,1,1,1,1,1,1,1,1,1,1,1,1,1,1,1,1,1,1,1,1,1,1,1,1,1,1,1,1,1,1,1],"opens":[0,12,-1,-24,-35,0,0,0,0,10,0,0,-54,0,-2,0,0,0,2,0,10,2,2,-4,0,11,-1,-5,0,15,16,5,0,-1,17,6,-29,7,99,-4,9,14,1,-11,-12,-20,0,-34,-25,22,-5,-2,-2,24,-1,-1,-1,5,-2,-30,-27,-73,1,-1,-25,3,-19,-6,7,8,-26,17,-12,3,15,6,3,4,-5,10,-33,-6,2,0,15,0,11,28,-3,4,-6,-14,-18,-3,5,-18,3,-7,7,9,42,-1,-15,-3,5,-31,5,0,4,23,-19,18,6,1,13,7,-17,3,-4,5,1,8,12,-5,3,9,10,3,13,5,-3,-37,31,-13,10,44,1,12,-22,6,-1,29,-45,-1,-1,15,1,23,13,-4,-3,-5,23,34,19,-9,-1,29,24,7],"highs":[0,-23,-1,-24,-35,0,0,0,0,10,0,0,-54,0,-2,0,0,1,1,13,3,-2,0,-4,11,4,-5,-5,12,25,-1,0,24,22,-20,51,-12,34,0,5,10,6,-1,-10,-13,-20,0,-31,-6,2,5,-4,50,-20,1,-20,9,10,2,-50,-27,-65,-5,-3,-21,-1,-18,0,8,0,-6,-1,-12,16,6,3,6,5,2,-2,-35,-4,5,8,14,-1,28,2,5,-6,-6,-14,-18,3,-1,-14,0,7,5,38,3,20,-39,1,1,-17,-7,2,25,-2,-1,10,-3,15,5,0,-14,7,-4,2,12,9,-4,1,10,12,2,14,-5,5,-4,-3,12,-19,50,6,11,-9,-17,1,29,-1,-31,-9,9,7,18,20,-9,-4,-3,20,35,27,-1,-16,28,21,32,-23],"lows":[0,14,-47,0,-13,0,0,0,0,10,-6,-49,1,0,-2,0,0,0,2,0,10,2,2,-4,0,10,-5,0,-5,10,26,5,-6,5,16,-39,17,7,51,44,9,6,-6,-47,38,-20,-98,36,-3,13,2,5,0,14,7,0,0,3,-33,-22,-13,-62,0,-26,0,-14,-7,-1,0,-11,-1,3,4,1,2,19,3,0,1,-25,-5,1,1,1,13,2,10,26,-6,9,-19,-21,0,-3,-9,-1,-6,-2,8,12,32,-7,-3,1,-27,1,1,3,4,4,-3,22,6,0,13,-9,-1,0,0,5,1,8,8,-2,4,9,8,5,12,2,-48,12,17,-9,17,43,4,-15,5,1,5,-18,1,-1,0,8,8,23,6,-5,-8,8,23,34,3,2,4,28,24,-25],"closes":[0,-9,-15,-31,-14,0,0,0,0,10,0,-54,0,0,-2,0,0,1,1,10,5,-1,0,-4,11,-1,-5,0,11,20,5,0,-1,17,2,-25,3,98,1,9,9,4,-7,-16,1,-19,-34,-25,22,-5,-4,0,22,1,-1,-1,6,-3,-29,-26,-13,-62,3,-27,2,-17,-8,7,8,-27,16,-8,-2,18,3,6,5,-7,10,-31,-8,3,3,10,2,11,28,-3,6,-3,-19,-18,-3,6,-18,3,-8,9,7,42,-1,-15,-4,2,-28,6,2,2,22,-15,15,9,-3,14,7,-17,3,-4,5,1,10,12,-5,1,9,11,5,11,-1,1,-35,24,-8,10,45,0,11,-21,4,-1,33,-46,-1,-1,16,0,23,13,-4,-2,-6,23,32,21,-11,1,30,23,6,-27],"volumes":[7.5,1.5,12.0,8.25,2.25,4.5,4.5,4.5,2.25,3.0,7.5,33.0,10.5,3.0,4.5,1.5,6.0,7.5,1.5,7.5,12.0,15.75,3.75,5.25,25.2,6.0,6.75,8.25,36.31,43.65,7.5,7.5,27.75,53.03,30.75,100.05,93.0,100.96,63.98,12.0,19.5,15.0,63.0,72.0,20.25,43.5,150.01,30.75,60.75,122.25,94.5,99.75,162.75,54.75,54.75,30.0,45.0,42.0,143.25,8.63,3.19,44.8,74.26,51.99,22.73,61.59,41.26,29.85,48.21,41.46,67.89,31.9,13.32,57.82,135.89,24.97,50.87,55.37,38.08,74.03,27.75,8.97,22.75,16.14,67.89,36.0,67.63,33.2,49.02,25.5,63.03,75.36,51.2,56.82,39.19,12.0,55.88,53.82,32.94,69.29,98.38,147.24,12.58,12.2,82.0,71.22,22.88,15.76,31.51,120.38,84.48,39.41,16.15,85.58,37.69,48.57,52.5,41.09,68.87,69.63,81.78,111.39,53.46,87.22,52.33,71.08,51.19,68.99,26.63,41.63,136.53,143.74,111.22,97.88,119.09,117.93,111.38,90.16,40.5,51.76,69.76,99.64,84.21,57.0,60.15,54.87,171.45,94.26,51.04,76.52,76.01,91.86,108.37,246.83,182.92,63.58,117.19,96.15,192.56,190.75]}