{"timestamp":1367712000000,"multiplier":1.0E-5,"open":1.03026,"high":1.03047,"low":1.03026,"close":1.03047,"shift":60000,"times":[1264,1,1,2,2,1,1,1,1,1,1,1,1,1,1,1,1,1,1,1,1,1,1,1,1,1,1,1,1,1,1,1,1,1,1,1,1,1,1,1,1,1,1,1,1,1,1,1,1,1,1,1,1,1,1,1,1,1,1,1,1,1,1,1,1,1,1,1,1,1,1,1,1,1,1,1,1,1,1,1,1,1,1,1,1,1,1,1,1,1,1,1,1,1,1,1,1,1,1,1,1,1,1,1,1,1,1,1,1,1,1,1,1,1,1,1,1,1,1,1,1,1,1,1,1,1,1,1,1,1,1,1,1,1,1,1,1,1,1,1,1,1,1,1,1,1,1,1,1,1,1,1,1,1,1,1,1,1,1,1,1,1,1,1,1,1,1,1,1,1,1,1,1,1],"opens":[0,81,-57,-2,0,2,-2,30,11,-30,-3,4,-5,10,0,-1,-9,0,-15,46,-6,8,8,-53,-14,-12,17,-18,0,-1,26,-27,22,7,-4,8,3,-2,-1,13,-19,-1,-4,-17,19,-4,-6,-2,15,-9,2,-9,20,20,-13,1,-24,-13,-20,-4,-10,2,6,-8,6,-7,14,-8,-3,-1,0,-3,3,0,9,-4,-1,0,1,-5,-6,11,-7,-1,2,-7,3,-1,-6,1,0,-8,8,1,20,-1,-3,2,-3,-8,0,5,0,13,1,18,4,8,9,-1,5,-1,-3,0,-18,-1,1,-10,-11,-7,-9,-2,-1,14,3,-3,-1,0,-1,-7,8,-2,0,2,4,-3,10,0,20,1,7,-3,2,-7,1,9,-14,3,1,-3,5,-9,-1,-5,-10,-5,-4,1,10,25,-3,0,-1,-3,-16,-4,3,-3,-17,0,-6,-1,27,-17],"highs":[0,62,-59,-1,-1,2,31,-2,10,-30,9,-8,14,-8,-1,-1,-7,-2,-15,46,7,3,0,-51,-16,5,7,-25,0,-1,26,5,-2,11,-16,11,0,-2,42,-14,-35,5,0,-8,2,-6,-6,14,-1,0,-7,4,20,7,2,-11,-27,-13,-13,1,-16,4,-1,0,-3,16,-8,-9,0,-1,-2,0,6,4,-1,-3,-2,0,0,-5,5,0,-4,1,-3,-2,1,-4,-3,-2,5,-5,0,21,1,-2,0,-1,-2,-9,5,0,12,3,15,14,0,10,0,3,4,-5,-3,0,-18,1,-1,-10,-11,-7,-5,-6,13,2,2,-3,2,-1,-4,5,-4,-1,1,1,3,7,0,38,-18,7,1,1,-2,-6,29,-14,-11,2,-7,10,-6,-10,10,-17,-10,-5,-3,14,23,6,-11,0,0,-4,-16,0,0,-4,-17,0,-4,24,1,-18],"lows":[0,21,3,-2,0,2,-10,-6,14,11,-3,4,-5,10,-1,-8,-1,-1,-14,46,-7,9,-45,-2,-24,0,-3,2,0,-1,-10,9,22,0,3,1,7,-1,1,-6,0,-7,-17,2,11,2,-11,5,-10,14,-4,-2,17,3,8,-29,-7,-19,-5,-13,3,0,0,-1,4,-4,9,-7,0,0,-3,-1,0,3,4,-2,-1,1,-3,-4,-9,13,-2,-3,-1,0,1,-4,-11,10,-5,-23,27,3,20,-1,-3,2,-11,-2,2,5,-1,14,1,18,4,7,9,0,3,-2,-1,-17,-9,7,-8,-19,-1,-7,0,-2,-1,11,2,1,-1,-2,-11,4,6,-1,-3,7,2,-1,-1,9,19,3,4,1,-6,-2,4,-5,0,1,-1,-2,-3,0,-4,-11,-6,0,-2,1,10,24,-3,0,-1,-23,-7,8,-1,-16,-2,-11,2,4,7,-29],"closes":[0,0,3,-1,-1,2,31,-47,24,1,9,-8,-3,9,-1,-8,0,-3,-14,46,7,3,-47,-5,-27,17,7,-25,0,-1,7,14,8,-5,0,11,-3,-1,14,-19,0,-7,-17,21,-6,0,-11,20,-6,-1,-8,11,19,-12,13,-30,-11,-16,-8,-10,0,10,-10,6,-3,10,-5,-6,0,-1,-3,4,-1,10,-4,-3,1,1,-5,-6,11,-7,-1,3,-8,5,-2,-6,2,-2,-6,6,-2,23,1,-2,-2,1,-11,-2,6,1,12,3,11,12,6,10,-1,4,-1,-3,-1,-17,-1,1,-9,-13,-8,-7,4,-6,13,-2,2,1,0,-4,-6,8,-3,1,2,1,1,9,0,19,1,7,-3,2,-7,2,9,-14,3,1,-3,5,-9,-2,-4,-8,-7,-2,-2,11,25,0,-3,-1,-1,-16,-3,-2,-1,-17,-1,-4,-2,27,-16,-19],"volumes":[1.5,3.0,0.75,1.5,0.75,0.75,3.75,19.5,4.65,4.5,18.0,2.25,18.0,3.0,6.75,7.5,4.5,4.5,2.7,2.25,9.0,3.0,18.0,11.25,3.15,15.38,26.33,5.64,2.4,4.96,12.23,19.2,21.0,12.75,6.0,9.83,7.5,3.0,58.5,21.75,1.5,20.25,15.0,34.5,12.75,9.0,5.78,8.93,59.25,22.5,8.25,9.75,33.0,3.0,12.75,20.41,12.75,27.75,67.43,112.5,73.5,41.55,24.0,49.74,30.75,50.43,17.26,21.38,81.41,59.25,73.5,108.01,101.25,87.0,106.5,124.5,32.25,88.51,28.9,20.31,40.62,19.5,46.14,107.26,67.51,99.75,84.75,8.25,41.94,6.3,30.15,79.28,3.75,31.69,10.69,8.25,22.5,1.5,22.5,7.5,24.75,16.5,27.75,7.52,28.13,36.41,19.97,18.38,9.75,24.74,19.86,12.91,3.84,21.94,26.2,16.52,13.13,26.89,21.39,13.88,7.5,1.69,38.5,20.49,28.53,15.0,20.27,12.77,26.45,44.63,3.19,18.42,25.95,9.0,9.0,21.0,25.84,67.02,29.18,20.18,5.18,13.58,17.03,33.38,72.51,151.91,73.12,61.2,32.54,92.81,98.24,29.66,79.59,86.56,40.88,6.38,4.89,51.59,67.81,35.26,8.03,16.65,7.5,66.3,60.85,10.81,14.48,44.36,24.45,35.88,27.15,84.31,79.86,118.24]}