{"timestamp":1368921600000,"multiplier":1.0E-5,"open":1.00314,"high":1.00357,"low":1.00314,"close":1.00341,"shift":60000,"times":[1260,1,1,1,1,1,1,1,1,1,1,1,1,1,1,1,1,1,1,1,1,1,1,1,1,1,1,1,1,1,1,1,1,1,1,1,1,1,1,1,1,1,1,1,1,1,1,1,1,1,1,1,1,1,1,1,1,1,1,1,1,1,1,1,1,2,15,1,1,1,1,1,1,1,1,1,1,1,1,1,1,1,1,1,1,1,1,1,1,1,1,1,1,1,1,1,1,1,1,1,1,1,1,1,1,1,1,1,1,1,1,1,1,1,1,1,1,1,1,1,1,1,1,1,1,1,1,1,1,1,1,1,1,1,1,1,1,1,1,1,1,1,1,1,1,1,1,1,1,1,1,1,1,1,1,1,1,1,1,1,1,1,1,1,1],"opens":[0,-17,11,-17,-53,-1,-21,-6,-1,12,9,5,2,-47,1,10,-12,0,0,0,-12,18,0,12,-13,3,27,-17,-4,-5,25,20,7,-24,-2,16,13,4,-12,-4,58,-4,26,15,-2,-10,-22,-4,-8,-52,-19,-7,12,-15,9,27,-15,-2,-9,17,2,-45,-54,4,-3,-5,-56,14,4,-27,10,-31,-4,12,14,-15,13,4,-2,11,7,18,-2,10,15,-28,-13,2,2,12,8,7,30,-14,37,-26,-16,-15,10,3,-6,15,7,5,4,35,-12,6,-1,0,-38,-2,7,9,17,-20,18,0,11,10,-1,-11,6,5,-8,17,22,-7,-2,-1,13,14,21,12,-17,-7,-24,28,-18,15,36,-17,24,-19,11,-13,3,-31,18,-11,13,11,13,14,-11,15,-9,20,42,17,5,-4,42,7,-4],"highs":[0,-49,9,-11,-20,-48,-11,-3,-1,23,0,10,1,-54,0,-2,0,0,0,0,1,5,0,0,0,16,1,-5,-1,6,26,-6,6,-11,16,30,-7,40,-5,11,-25,30,21,0,0,-19,-15,-1,-19,-44,-15,-1,0,-4,51,-16,-4,-16,2,15,1,-59,-54,0,0,-5,-51,5,-4,-9,-8,-18,6,14,6,-1,3,-12,8,16,9,8,15,4,-7,-29,7,1,10,16,-3,15,4,25,-4,-10,-17,-15,10,10,-11,3,12,1,45,5,8,-29,1,-3,-15,-7,0,14,2,7,9,-8,21,5,-3,-8,2,-2,11,13,16,-10,5,4,13,11,14,-3,0,-5,-12,10,-14,39,-2,13,-9,-10,3,11,-3,-22,-3,5,10,13,23,-14,0,1,22,34,27,6,-12,37,7,23,-20],"lows":[0,-20,-10,-10,-48,-8,-5,-3,-1,12,9,-2,-32,-7,1,-2,0,0,-1,2,-12,16,1,0,0,3,14,-9,1,-5,14,19,-7,0,-4,15,7,-18,8,-3,18,40,34,10,-30,-30,27,-17,-93,19,-22,16,7,0,8,13,1,-25,1,24,-23,-32,-36,-1,1,-5,-59,7,-11,-7,-10,-13,0,12,-2,5,1,-6,7,3,24,8,11,11,-21,-11,6,2,2,12,8,7,14,-3,18,-5,-24,-7,11,1,-2,4,5,-3,18,36,-7,-6,-1,-27,1,-1,2,3,3,-1,23,-1,2,19,-7,-3,-1,0,4,12,17,-4,3,1,12,15,7,9,-1,-35,5,5,-7,20,22,4,-5,-1,4,5,-30,2,2,5,9,6,22,-1,-2,3,9,20,35,14,1,10,17,20,-19],"closes":[0,-45,21,-41,-50,-8,-3,-3,-2,19,4,-5,-32,-5,12,-14,1,0,1,-2,-1,7,0,-1,1,3,14,-9,1,3,26,-2,4,-11,5,33,-8,-9,-9,63,-5,12,30,-5,-11,-28,7,-18,-30,-32,-12,3,-2,0,41,-18,3,-18,15,-1,-23,-32,-32,-3,0,-4,-56,6,-15,-3,-6,-17,23,14,-31,29,-18,9,12,19,4,-2,12,2,-24,5,-10,3,24,-8,23,17,-4,16,-10,-6,-22,-1,7,-3,3,2,11,0,60,-18,-7,6,-12,-19,3,5,-3,2,-8,20,8,4,7,8,-12,3,-7,14,0,14,10,-7,2,8,15,22,2,-4,-1,-32,27,-12,12,19,7,8,-20,6,-3,28,-44,9,-11,11,13,24,5,-12,2,-1,23,46,18,3,-1,25,5,16,-23],"volumes":[105.5,39.72,18.05,55.64,24.91,26.47,34.76,35.64,33.97,26.27,20.08,49.81,56.73,94.3,72.59,46.55,42.04,49.58,79.73,44.75,31.24,52.91,40.89,18.1,64.79,54.2,38.86,94.96,95.06,108.78,68.75,51.92,63.39,34.24,76.24,132.93,116.68,144.53,159.18,192.6,104.82,35.26,36.87,61.18,58.81,94.56,48.46,36.31,130.37,50.61,97.04,98.08,62.8,78.77,106.34,139.42,107.5,104.76,89.54,157.96,146.48,87.09,85.0,112.12,45.33,32.16,78.23,72.51,72.18,93.62,90.91,63.1,90.49,85.03,83.83,168.99,226.47,138.11,136.68,233.0,131.93,157.43,189.16,165.79,140.11,120.07,67.2,75.74,116.95,154.6,186.17,141.75,116.37,187.19,118.21,73.52,144.92,107.94,112.42,84.31,137.61,130.08,145.49,161.55,148.2,202.14,195.81,71.04,98.29,175.66,141.54,104.85,85.98,112.45,121.75,134.93,94.03,54.41,105.55,105.96,97.52,121.49,155.29,82.13,136.5,194.68,66.91,85.77,176.72,119.84,124.11,142.9,131.08,205.74,146.47,160.91,191.92,134.39,151.49,214.27,123.43,144.59,114.6,146.1,69.19,85.23,93.76,98.06,100.05,82.41,88.92,133.71,157.9,87.42,78.85,72.57,90.34,190.27,178.59,121.9,58.8,180.38,77.2,175.3,171.17]}