{"timestamp":1368662400000,"multiplier":0.001,"open":3967.41,"high":3967.41,"low":3967.41,"close":3967.41,"shift":60000,"times":[420,1,1,1,1,1,1,1,1,1,1,1,1,1,1,1,1,1,1,1,1,1,1,1,1,1,1,1,1,1,1,1,1,1,1,1,1,1,1,1,1,1,1,1,1,1,1,1,1,1,1,1,1,1,1,1,1,1,1,1],"opens":[0,0,390,520,-220,1890,81,-1921,-1010,-1045,265,1180,4280,50,-410,1270,1830,1190,-1280,1020,640,-1570,-1574,-551,295,-1075,-2725,290,-110,-1170,-260,831,-1711,-1730,28,812,-640,290,-160,170,-360,-1120,1850,260,30,-530,400,-1920,-700,-130,-100,1030,540,-100,-400,-870,630,80,840,208],"highs":[0,390,820,-300,-220,1950,21,-1921,-1010,-600,650,1520,3640,-480,460,1600,1710,110,-1240,1050,570,-1570,-1574,-426,170,-1075,-1725,-300,-520,-1170,620,-49,-1711,-310,-1110,530,-160,-190,1020,-1010,-360,90,1120,-220,30,-370,240,-1920,-550,-280,-100,1940,-370,-100,-400,-660,420,360,870,210],"lows":[0,0,390,350,-260,2100,-2019,-831,-1177,132,155,1290,4280,-570,210,1270,1830,-192,102,1020,-880,-1123,-1027,-343,3,-3190,0,180,-137,-1293,0,-850,-1760,0,-360,560,0,10,120,-370,-907,-33,1850,-920,680,-140,-1380,-375,-335,-260,40,1030,470,-288,-1082,70,380,330,830,218],"closes":[0,390,820,-470,-260,2160,-2079,-831,-1177,577,650,1520,3370,-830,1080,1600,1710,-1272,142,1050,-950,-1123,-1027,100,-440,-3190,290,-110,-137,-1293,880,-1570,-1920,1415,-1105,-110,480,-470,1140,-1390,-907,1177,1020,-1300,680,-140,-1380,-375,-175,-420,40,1915,-415,-288,-1082,280,320,460,835,95],"volumes":[3.9E-4,8.7E-4,8.2E-4,0.0015,0.00162,0.00124,0.00143,0.0015,0.00155,0.00155,0.00144,5.8E-4,0.00116,0.00108,0.00145,0.00117,0.00121,0.00133,8.3E-4,0.00116,0.00102,0.00138,0.00116,0.00152,0.00152,0.00104,0.00116,0.00165,0.00145,0.00156,0.00166,0.0015,0.00152,0.00111,0.0014,0.00133,6.8E-4,6.3E-4,0.00134,0.00158,0.00148,9.3E-4,0.00148,0.00114,0.00133,0.00158,0.0015,0.00119,0.00144,0.00152,3.1E-4,0.00115,0.00113,0.00108,0.00186,9.0E-4,0.00138,0.00101,0.0018,0.00197]}