{"timestamp":1369526400000,"multiplier":1.0E-5,"open":1.03056,"high":1.03069,"low":1.03056,"close":1.03069,"shift":60000,"times":[1260,1,1,1,1,1,1,2,1,1,1,1,1,1,1,1,1,1,1,1,1,1,1,1,1,1,1,1,1,1,1,1,1,1,1,1,2,1,1,1,1,1,1,1,1,1,1,1,1,1,1,1,1,1,1,1,1,1,1,1,1,1,1,1,1,1,1,1,1,1,1,1,1,1,1,1,1,1,1,1,1,1,1,1,1,1,1,1,1,1,1,1,1,1,1,1,1,1,1,1,1,1,1,1,1,1,1,1,1,1,1,1,1,1,1,1,1,1,1,1,1,1,1,1,1,1,1,1,1,1,1,1,1,1,1,1,1,1,1,1,1,1,1,1,1,1,1,1,1,1,1,1,1,1,1,1,1,1,1,1,1,1,1,1,1,1,1,1,1,1,1,1,1,1,1,1,1,1],"opens":[0,19,5,5,-11,-8,18,-17,17,1,-18,5,-5,4,-4,5,18,9,-6,-8,19,-14,20,-15,3,15,0,-1,1,33,5,-10,-8,1,0,-3,2,-2,1,1,-50,8,11,10,9,-4,1,-5,7,2,-4,0,4,-9,1,1,-5,33,-5,1,5,-32,42,-6,-3,1,-2,0,9,1,1,0,-2,1,3,2,13,-10,6,13,-9,1,-3,0,0,-9,-1,6,0,4,0,0,0,0,0,1,-6,-1,-2,0,1,0,-8,-5,15,0,-6,-10,-1,1,0,0,0,2,-4,1,1,-9,8,3,-1,20,0,0,0,0,-7,-3,0,17,-2,1,2,-1,3,-5,10,8,0,6,-5,0,5,0,0,-9,-11,-19,22,-2,14,0,0,0,0,6,-20,-10,0,13,-5,-1,-5,13,-2,2,0,1,0,-1,4,-5,-3,0,10,-7,4,2],"highs":[0,6,11,-1,-11,10,0,2,-2,1,-18,5,-5,4,1,23,3,3,-8,11,0,3,3,-15,18,0,0,0,38,3,-2,-11,-6,-1,0,-3,2,-1,0,1,-41,-1,11,20,-1,0,-3,3,-1,2,-4,4,0,-6,0,-1,26,2,5,-5,16,-4,0,-7,0,7,-2,1,2,1,0,-1,0,2,7,10,-3,-2,15,-4,-6,1,-4,1,-2,-9,10,-5,5,-1,0,1,-1,0,0,0,-5,-2,0,1,-1,0,-9,11,0,0,-7,-10,1,-1,0,0,0,2,-2,2,-2,-1,1,2,23,-4,0,0,0,0,-4,-6,15,2,-2,2,2,1,0,4,15,-5,5,4,-9,5,0,0,0,-8,-12,1,2,12,0,0,0,0,0,6,-20,-10,30,-17,-5,0,11,-4,0,1,0,1,0,-1,4,-6,-3,15,-4,-5,6,2],"lows":[0,17,7,5,-11,-8,0,0,18,-3,-14,5,-5,4,-4,5,18,-1,-6,2,19,-18,20,-11,3,15,-13,10,3,28,0,-9,1,1,-3,0,2,-2,1,-49,-11,19,11,10,5,0,-4,0,7,2,-4,-1,-2,-2,1,-4,0,28,-6,6,-27,1,33,0,-1,1,-1,0,9,0,0,-1,0,2,3,2,4,-1,6,5,-1,-2,-4,1,-5,-3,0,7,0,3,0,1,-4,3,0,-4,-1,-2,0,0,1,-8,-6,1,15,-6,-8,-4,0,0,1,-2,2,-1,-1,2,-8,-3,10,2,1,20,0,0,0,-7,-3,0,0,15,-4,2,4,0,1,-3,10,7,-2,5,-1,0,5,0,-9,-11,-19,0,22,-3,15,0,-4,4,0,-14,-18,8,0,12,-5,-2,-3,13,-2,1,1,-1,0,-1,2,-5,0,1,2,1,4,2],"closes":[0,5,11,0,-11,10,-18,20,-2,-3,-14,5,-5,4,1,18,8,-1,-14,21,0,3,-1,-11,15,3,-1,1,33,8,-13,-8,2,-1,-3,0,2,-1,0,-49,9,-1,11,20,-5,4,-8,8,-1,2,-4,4,-7,1,0,-6,31,-3,1,3,-31,44,-10,0,0,0,-1,10,2,-3,1,-1,-1,4,7,9,-9,5,14,-9,0,-2,-3,1,-7,-2,8,-2,4,0,0,1,-1,0,-1,-4,-1,-2,0,2,-1,-8,-6,17,0,-7,-7,-5,0,0,1,0,1,-2,0,4,-11,7,2,1,20,0,0,0,0,-7,-3,0,15,0,-3,5,0,2,0,5,8,1,6,-4,-1,5,0,0,-9,-11,-19,20,2,12,0,0,0,0,0,-14,-10,0,10,2,-5,-2,14,-4,-1,1,0,2,-2,0,0,-5,0,14,-11,3,5,4],"volumes":[6.0,4.5,7.5,0.75,0.75,5.73,6.39,12.77,1.5,4.5,1.5,1.5,1.5,1.5,6.0,12.75,10.5,15.75,3.38,9.23,1.5,10.5,4.5,1.95,6.08,1.5,12.0,6.0,40.5,18.73,19.01,9.91,3.0,1.5,15.6,3.42,3.0,7.61,7.87,20.83,19.54,2.93,11.04,8.25,6.0,5.25,3.75,9.75,1.5,5.25,3.0,4.5,3.38,6.0,4.88,10.21,16.18,6.78,26.28,18.28,35.39,110.96,63.06,87.73,73.44,88.07,94.64,72.8,76.57,101.07,53.13,118.39,121.29,11.96,37.25,78.79,25.32,25.18,46.6,69.32,109.0,92.7,78.6,68.88,87.32,82.59,73.21,31.66,35.28,23.16,37.27,43.62,62.04,74.05,20.14,74.35,19.34,41.48,93.9,63.67,43.99,51.79,26.24,48.68,159.95,156.66,23.65,16.51,19.15,20.67,17.26,31.54,13.7,19.15,19.33,14.63,27.44,79.47,13.71,9.95,41.68,3.0,17.45,4.5,25.5,78.47,24.61,10.32,31.33,10.88,24.21,15.2,12.01,15.95,8.45,24.21,136.62,115.58,45.58,18.78,9.78,14.67,7.52,24.44,29.67,67.24,16.91,65.31,1.5,62.49,9.4,11.28,28.19,5.64,18.04,31.4,45.8,7.53,59.33,3.38,9.03,29.89,16.36,7.91,23.31,15.05,23.3,47.71,24.42,37.03,33.08,12.78,16.89,47.87,29.11,18.41,28.55,19.34]}