{"timestamp":1500768000000,"multiplier":1.0E-5,"open":1.25336,"high":1.25336,"low":1.25336,"close":1.25336,"shift":60000,"times":[1261,3,1,1,1,1,1,1,1,1,1,1,1,1,1,1,1,1,1,1,1,1,1,1,1,1,1,1,1,1,1,1,1,1,1,1,2,1,1,1,1,1,1,1,1,1,1,1,1,1,1,1,1,1,1,1,1,1,1,1,1,1,1,1,1,1,1,1,1,1,1,1,1,1,1,1,1,1,1,1,1,1,1,1,1,1,1,1,1,1,1,1,1,1,1,1,1,1,1,1,1,1,1,1,1,1,1,1,1,1,1,1,1,1,1,1,1,1,1,1,1,1,1,1,1,1,1,1,1,1,1,1,1,1,1,1,1,1,1,1,1,1,1,1,1,1,1,1,1,1,1,1,1,1,1,1,1,1,1,1,1,1,1,1,1,1,1,1,1,1,1,1,1,1,1,1],"opens":[0,43,17,9,-15,-15,2,3,-20,0,4,6,-3,4,1,-3,3,-3,4,-2,2,42,3,-4,4,0,0,1,-2,0,0,5,-1,-1,-2,0,0,1,-8,0,0,-1,1,-1,0,0,0,0,1,0,-3,1,0,-23,-2,-1,4,6,-3,8,-5,-4,3,6,7,-2,8,-7,-5,1,-1,7,-2,-2,13,0,0,7,-17,18,22,-37,5,5,-12,19,-1,9,4,2,12,0,-4,-1,-1,-8,-2,-8,-6,-2,14,6,-2,-1,0,-10,0,0,1,0,-3,0,2,-2,-14,1,-9,2,2,1,-7,6,-10,-2,-1,-9,-1,21,-1,12,1,0,0,-3,1,1,0,-4,0,-1,-1,1,-15,-3,-2,-12,-11,1,-7,-1,2,12,-1,-8,-5,-15,-1,0,10,1,-10,-6,-1,-1,0,10,2,7,-5,5,-8,-2,1,-1,-1,-5],"highs":[0,66,7,-1,-18,-15,2,3,-20,7,23,-20,0,9,-7,0,0,0,1,1,45,1,0,5,-7,0,0,1,-1,0,6,-2,-1,-1,-1,0,0,0,-8,0,0,0,0,0,0,0,0,0,0,0,-1,0,0,-23,-3,2,10,5,-3,0,-5,1,6,5,0,6,7,-14,-4,8,-2,0,-2,11,1,-1,10,-3,5,20,-2,-20,-7,0,8,-1,9,3,2,19,-6,0,-4,-2,-1,-8,-2,-8,-5,13,4,0,-2,-1,0,-10,1,0,1,-1,-2,0,2,-3,-12,-1,-7,2,4,-3,-2,3,-9,-5,-1,-7,21,-2,20,-9,1,0,-1,-1,0,1,0,-5,1,-2,0,1,-15,-4,0,-6,-12,-4,-5,1,6,3,-1,-8,-5,-16,0,12,0,-2,-9,4,-10,-1,9,-1,12,-3,0,1,-8,-1,-1,0,1,-8],"lows":[0,43,10,-1,-13,-6,0,-10,0,1,4,0,-1,6,0,-1,3,-2,4,-3,3,40,-18,19,4,-1,0,0,0,0,0,3,0,-1,-9,8,0,-7,-1,0,0,0,1,-1,0,0,0,0,0,-3,0,2,-27,2,-1,-3,4,5,-2,5,-12,3,8,7,6,-1,0,-4,0,0,0,5,-2,0,12,1,0,-8,-15,31,-15,0,0,-2,0,17,0,10,2,3,13,-4,-2,-1,-7,-2,-10,-5,0,-1,14,-1,3,0,-9,-4,-2,4,1,-1,-1,1,-1,-13,0,-8,-10,9,4,-8,3,-5,-3,0,-8,-1,0,17,3,12,0,0,-1,-2,0,3,-5,-10,9,0,0,-16,-3,-2,-15,-7,1,-7,-6,4,3,9,-13,3,-17,0,-1,-3,14,-8,-14,6,0,-3,3,9,3,-1,3,-3,-2,-2,1,0,-5,-11],"closes":[0,60,9,-15,-15,-1,2,-17,1,7,0,-3,2,6,-3,3,0,-2,3,-1,43,0,-1,5,-1,0,-1,1,0,0,5,-3,0,-1,0,0,0,-8,-1,0,1,-1,1,-1,0,0,1,0,0,-3,2,-1,-23,-2,0,-4,11,-1,8,-6,-4,6,4,7,-1,7,-7,-5,1,-1,7,-2,-2,13,0,0,7,-15,16,21,-36,5,5,-12,19,-2,11,3,2,12,0,-3,-1,-2,-8,-2,-10,-4,-1,13,6,-3,0,0,-10,-4,5,0,-2,-1,0,0,-1,-13,1,-9,2,2,1,-5,3,-10,-1,-1,-9,-1,22,-4,14,1,0,1,-3,1,0,1,-6,1,-2,1,-1,-16,-3,-1,-10,-13,3,-9,-1,1,12,2,-11,-3,-15,-1,-2,14,-1,-10,-6,-1,-1,0,10,0,9,-7,6,-7,-2,0,0,1,-7,-11],"volumes":[3.0,8.75,29.0,39.25,20.0,27.0,8.0,20.37,51.35,25.0,12.47,27.2,15.77,7.12,9.0,22.0,28.0,6.61,1.0,22.0,35.5,107.25,89.12,35.24,9.37,42.07,47.99,22.86,21.61,23.85,27.35,5.24,3.66,5.55,22.88,7.23,4.95,15.8,10.53,2.08,8.32,6.24,1.04,19.28,18.0,18.0,29.0,33.0,34.0,28.11,45.48,40.1,47.76,24.42,37.34,17.95,30.5,17.77,13.39,8.27,30.85,59.82,54.26,29.0,5.0,10.0,31.94,18.0,21.0,52.2,29.2,7.0,28.0,41.1,35.0,14.0,66.87,43.12,83.15,64.69,49.19,54.38,31.63,50.51,22.75,12.0,57.62,45.0,28.5,70.29,19.0,47.44,35.59,45.68,23.74,36.91,26.75,18.68,27.69,69.41,34.52,63.03,66.85,42.23,28.86,49.25,35.0,22.0,32.0,23.0,14.0,13.0,19.0,26.12,16.0,23.0,43.0,21.0,28.12,28.5,12.5,23.24,13.0,25.0,18.0,17.25,54.75,46.23,85.1,33.11,25.98,30.56,16.62,16.93,26.99,10.0,49.84,31.18,8.0,25.94,10.5,43.67,27.08,31.62,60.49,58.27,64.53,58.0,85.09,46.41,20.81,48.46,96.44,57.84,40.84,51.58,33.35,109.6,22.0,8.0,32.5,28.75,34.5,34.0,34.75,19.0,34.74,28.75,14.25,52.09,20.0,21.5,16.37,25.93,21.25,95.0]}