{"timestamp":1590883200000,"multiplier":1.0E-5,"open":0.91713,"high":0.91713,"low":0.91713,"close":0.91713,"shift":60000,"times":[1260,1,1,1,1,1,1,1,1,1,1,1,1,1,1,1,1,1,1,1,1,1,1,1,1,1,1,1,1,1,1,1,1,1,1,1,1,1,1,1,1,1,1,1,1,1,1,1,1,1,1,1,1,1,1,1,1,1,1,1,1,1,1,1,1,1,1,1,1,1,1,1,1,1,1,1,1,1,1,1,1,1,1,1,1,1,1,1,1,1,1,1,1,1,1,1,1,1,1,1,1,1,1,1,1,1,1,1,1,1,1,1,1,1,1,1,1,1,1,1,1,1,1,1,1,1,1,1,1,1,1,1,1,1,1,1,1,1,1,1,1,1,1,1,1,1,1,1,1,1,1,1,1,1,1,1,1,1,1,1,1,1,1,1,1,1,1,1,1,1,1,1,1,1,1,1,1,1,1,1],"opens":[0,-1,-7,11,0,5,-29,10,17,0,-11,-32,-6,1,14,40,-9,38,-18,-16,5,-8,3,-84,61,-36,-11,39,-7,-24,27,-3,-3,1,0,0,19,11,30,-1,1,0,27,14,12,-54,19,0,-4,-6,5,5,-38,0,5,-1,1,20,-12,-17,2,60,-5,1,-23,-14,37,-19,-1,-7,-4,7,6,-7,2,6,-29,8,4,0,7,4,13,-2,-6,-4,0,16,10,4,7,3,-10,11,-5,-7,-5,6,15,4,-11,-17,11,-7,1,-7,15,-24,7,5,-2,-12,13,-4,8,-3,-20,5,-5,-1,11,-8,2,-3,-1,-21,10,-8,-3,6,-2,3,-1,-1,-3,-7,-17,3,12,8,6,0,27,-4,-7,-19,-12,12,0,10,13,-8,-9,15,1,-2,-9,-18,-5,-2,-7,5,20,0,14,-4,14,-2,6,7,-9,-5,2,-3,9,-1,-14,10,-10,-18],"highs":[0,0,9,-6,5,0,13,-14,2,-3,-8,-35,-6,15,36,35,13,-15,2,-36,5,-7,7,-87,72,10,22,-15,-45,8,-5,-3,0,13,-15,19,19,22,0,0,10,18,14,14,4,-33,-9,0,-4,-5,8,1,-38,5,0,16,12,-8,-12,0,77,-25,14,-17,-12,2,2,-18,3,-3,3,6,6,-13,9,-3,-17,1,0,9,4,7,7,-13,-3,0,23,5,2,13,-4,9,2,-12,-6,-7,17,-2,5,-3,-9,-6,-2,5,-5,13,-7,-9,2,-7,0,4,-2,4,0,-5,-15,-1,0,10,-7,-3,-2,2,-3,-8,-1,-10,3,4,-2,1,-1,-5,-3,-7,-5,4,7,7,-1,26,3,-2,-12,-17,-2,2,9,11,4,-11,8,2,-4,-1,-6,-9,-8,-11,0,15,5,19,-4,7,8,12,-7,2,-12,-2,0,10,-5,-2,-3,3,-15,-11],"lows":[0,-2,-12,17,-3,-4,-18,11,14,3,-12,-36,-1,-1,16,32,-23,59,-69,30,-23,23,-104,26,-5,-46,49,48,0,-33,23,7,0,1,0,-6,25,11,23,6,-6,-12,46,-2,-26,-32,51,0,-10,0,2,-35,5,0,4,0,0,-23,12,-13,-25,66,23,-32,6,-10,13,-1,-9,1,0,15,-5,5,-5,-20,2,7,-4,8,9,0,12,-8,1,-6,8,13,5,7,-12,16,2,0,-9,2,-6,6,6,0,-8,-14,14,-9,4,-4,-2,-4,5,-1,-9,6,-2,9,1,-17,-1,3,0,1,-13,8,-7,6,-14,-2,-2,-5,5,5,-3,5,-5,0,-7,-14,-2,5,9,9,4,0,23,-4,-18,-12,-2,9,3,9,6,-10,3,9,1,-10,-15,-5,0,-9,-8,12,19,-3,15,-5,11,8,-1,-6,2,-1,4,-5,11,-16,4,-5,-20,-1],"closes":[0,-1,10,-6,5,-12,-7,18,-4,3,-8,-40,-1,15,36,-4,37,-1,-68,35,-2,-1,-95,16,67,-38,12,3,0,3,-11,5,1,0,0,19,12,29,-1,1,0,27,15,11,-54,15,4,0,-10,1,8,-37,0,5,-1,17,4,-23,-6,3,63,-8,2,-26,-10,31,-15,0,-9,-6,10,4,-6,2,9,-30,6,4,0,8,6,11,4,-12,-5,1,15,9,6,8,2,-12,12,-5,-6,-6,6,15,3,-13,-11,7,-6,-2,-3,21,-31,8,4,-1,-13,14,-2,5,-3,-20,3,-3,3,5,-6,3,-4,-2,-19,9,-9,-1,3,1,1,-1,1,-4,-7,-15,0,14,8,4,1,28,-4,-9,-18,-11,10,0,10,13,-6,-10,16,1,-4,-5,-22,-3,-3,-6,4,17,3,14,-4,13,-4,9,7,-8,-7,3,-3,8,1,-16,12,-11,-18,-1],"volumes":[2.0,3.75,3.49,0.74,1.11,2.22,37.55,11.5,5.05,6.65,9.1,5.0,1.0,5.55,10.0,13.82,27.29,3.0,8.1,5.05,10.55,6.0,29.6,2.1,28.29,34.61,30.82,23.45,3.1,26.45,5.7,3.9,10.6,8.62,3.8,17.05,16.42,23.72,11.0,7.0,20.0,35.13,15.5,22.7,36.0,34.05,9.3,3.1,4.15,6.0,13.0,10.2,7.75,13.95,3.0,8.7,13.85,22.55,21.0,18.14,172.11,127.5,156.0,206.99,116.23,138.37,108.99,85.0,102.25,91.0,79.86,99.49,101.5,61.75,173.36,201.24,97.0,145.5,144.0,226.25,140.0,139.12,131.75,130.0,92.0,71.75,131.25,188.98,93.25,121.5,162.18,200.09,165.98,113.19,140.0,124.35,182.96,227.29,185.94,141.35,124.72,200.85,126.5,155.72,73.11,137.86,120.49,152.46,188.35,95.75,185.41,168.41,97.47,123.99,154.77,115.35,77.24,85.36,66.5,58.11,140.61,111.31,73.31,99.72,80.97,109.21,141.4,84.0,79.5,118.74,135.74,127.0,78.0,97.24,129.53,224.33,174.92,152.44,100.0,121.49,127.7,155.31,172.47,108.24,160.64,137.65,113.88,111.22,116.11,108.2,176.05,107.13,137.71,107.56,74.6,162.96,70.12,83.9,62.59,58.88,97.33,90.7,60.66,117.88,66.67,108.47,135.45,139.23,119.62,109.03,79.94,68.5,19.59,149.96,72.57,126.79,42.48,69.67,60.7,102.38]}