{"timestamp":1589673600000,"multiplier":1.0E-5,"open":1.40932,"high":1.40932,"low":1.40932,"close":1.40932,"shift":60000,"times":[1260,1,4,1,2,1,1,1,1,1,1,1,1,1,1,1,1,1,1,1,1,1,1,1,1,5,2,1,1,1,2,1,1,1,1,1,1,1,1,1,1,1,1,1,1,1,1,1,1,1,1,1,1,1,1,1,1,1,1,1,1,1,1,1,1,1,1,1,1,1,1,1,1,1,1,1,1,1,1,1,1,1,1,1,1,1,1,1,1,1,1,1,1,1,1,1,1,1,1,1,1,1,1,1,1,1,1,1,1,1,1,1,1,1,1,1,1,1,1,1,1,1,1,1,1,1,1,1,1,1,1,1,1,1,1,1,1,1,1,1,1,1,1,1,1,1,1,1,1,1,1,1,1,1,1,1,1,1,1,1,1,1,1,1,1,1,1,1,1,1],"opens":[0,0,112,-9,-1,0,0,0,0,37,9,22,2,-2,1,12,4,-24,0,-27,-10,0,15,-10,0,1,2,-1,0,1,9,0,9,-1,-4,4,0,1,0,-7,1,0,5,0,0,-7,0,0,6,0,-2,27,-79,11,23,3,-2,-5,-23,-14,0,-1,-13,-3,20,-4,-2,-2,-3,-17,-2,10,-4,0,8,0,-23,-14,15,3,-6,5,8,9,-2,5,-5,-23,14,-4,2,-3,-7,0,-15,-1,9,-14,-4,-13,-28,-11,-4,13,9,-2,-9,9,8,10,-10,12,-3,-14,-2,-6,5,9,-11,-12,-3,9,5,15,-2,-6,4,-14,19,7,8,-8,-5,-5,-15,-7,-1,-4,-1,1,-3,20,10,-17,1,9,2,-5,10,1,-7,-1,7,2,-10,0,-13,-9,5,12,-2,-8,-12,2,-6,7,7,9,1,3],"highs":[0,118,-6,-9,-1,1,-1,1,-1,46,0,37,-13,-1,14,2,22,-46,0,-27,-9,4,16,-15,-1,1,4,-2,-1,1,9,10,5,-7,1,-1,0,1,0,-6,6,-6,5,0,2,-8,4,2,-1,1,24,0,-47,15,-10,1,-3,-5,-23,7,-9,-6,-16,15,-2,9,-6,2,-15,-18,15,-7,0,4,1,-1,-22,-4,7,1,-3,11,7,2,4,-3,-5,-7,-2,-1,-1,-2,-8,0,-8,2,0,-15,-1,-8,-32,-11,2,16,-4,1,1,9,9,1,5,-3,-5,-12,-7,7,2,-1,-10,-11,-2,12,15,3,-1,-3,4,-4,9,10,3,-14,-3,-7,-13,-2,-8,5,-9,0,20,9,-2,-8,1,4,-2,8,-1,-1,2,0,0,1,-7,4,-16,-12,14,1,-2,-9,-12,5,-3,10,8,0,5,6],"lows":[0,-1,113,-10,0,0,0,0,0,37,8,22,0,1,0,13,-20,0,-37,0,0,0,5,-4,4,0,2,0,0,0,10,0,1,7,-4,4,0,1,0,-7,1,-1,6,0,-5,-2,0,0,6,0,-11,-58,15,11,22,-8,-3,-16,-10,-10,5,-9,-5,-2,17,-5,0,-2,-17,-9,6,0,7,0,7,-23,-13,0,10,0,-7,13,7,2,-1,8,-25,2,6,4,-3,-8,-11,-3,-2,2,-1,-12,-10,-29,-10,-11,8,11,9,-11,3,9,8,0,-1,8,-13,-6,-4,-1,9,-5,-10,0,-4,11,5,13,-10,3,-6,-4,20,7,0,-8,-7,-10,-9,1,-5,0,-1,-3,2,20,-9,1,1,9,0,-3,9,-11,5,0,1,0,-3,-12,-16,5,5,8,-2,-13,-5,-2,-19,23,13,5,-4,12],"closes":[0,117,-5,-10,0,1,-1,0,0,45,0,28,-4,-1,14,3,-20,-4,-37,0,1,4,0,1,-1,0,3,-1,0,0,10,10,-9,7,1,-1,0,1,0,-6,6,-7,6,0,2,-8,4,2,-1,1,24,-79,11,21,3,-1,-5,-22,-11,-3,-1,-10,-3,18,-5,-3,-1,-2,-18,-3,12,-4,-1,8,0,-23,-14,11,7,-8,5,11,8,-2,5,-5,-24,15,-5,3,-3,-7,-3,-12,-4,13,-12,-12,-8,-31,-8,-2,5,15,-2,-8,11,8,7,-10,14,-6,-9,-7,-4,4,9,-10,-14,0,1,12,14,-2,-8,10,-15,15,9,9,-10,-7,-3,-14,-10,1,-4,-1,1,-5,22,11,-17,-2,11,0,-1,11,-2,-11,6,7,0,-10,-1,-14,-9,3,15,-4,-5,-12,-1,-7,9,8,7,2,6,6],"volumes":[3.0,6.0,0.5,3.1,1.0,2.0,1.0,3.0,1.0,6.0,6.0,6.0,5.0,3.0,4.5,3.0,16.25,5.0,12.75,5.0,3.0,2.0,9.5,3.0,1.0,2.0,10.5,5.0,1.0,2.0,2.0,9.25,3.75,3.75,3.2,2.0,1.0,1.0,1.25,3.35,5.0,6.14,2.0,1.25,7.75,4.25,3.25,2.5,1.6,4.64,69.43,138.7,40.98,81.41,17.25,36.93,72.91,46.42,51.86,82.26,109.3,105.62,47.33,39.45,23.79,65.57,43.55,110.09,40.88,44.59,49.85,44.19,24.5,30.0,17.0,39.25,44.61,16.49,35.69,41.81,90.17,23.86,23.95,15.75,56.94,46.5,93.44,104.8,102.29,57.97,35.11,73.15,100.96,98.21,125.8,47.79,21.25,12.32,67.8,56.6,66.5,78.5,29.0,62.11,8.0,21.5,47.0,27.36,80.47,95.03,100.14,49.51,76.0,62.94,85.0,77.66,58.36,68.61,78.87,71.94,22.57,19.41,25.12,15.6,58.5,16.0,19.5,51.29,10.0,16.0,14.5,16.13,45.57,46.03,70.61,53.39,49.87,21.47,7.2,13.0,98.96,63.65,42.09,33.84,11.17,21.7,26.2,31.99,28.72,31.01,29.0,16.82,22.47,13.77,18.45,54.73,78.68,36.03,27.9,27.0,38.17,15.52,15.02,36.0,89.41,47.04,42.01,12.5,35.5,28.07]}