{"timestamp":1734220800000,"multiplier":1.0E-5,"open":1.04854,"high":1.04854,"low":1.04848,"close":1.04849,"shift":60000,"times":[1320,1,1,1,1,1,1,1,1,3,1,1,1,1,1,1,1,1,1,1,1,1,1,1,1,1,1,1,1,1,1,1,1,1,1,1,1,1,1,1,1,1,1,1,1,1,1,1,1,1,1,1,1,1,1,1,1,1,1,1,1,1,1,1,1,1,1,1,1,1,1,1,1,1,1,1,1,1,1,1,1,1,1,1,1,1,1,1,1,1,1,1,1,1,1,1,1,1,1,1,1,1,1,1,1,1,1,1,1,1,1,1,1,1,1,1,1,1],"opens":[0,-4,3,5,22,-15,15,0,0,0,0,0,0,0,13,22,-1,-2,-1,0,-35,-6,32,-26,13,-15,-4,-12,4,3,9,34,14,10,20,2,-11,14,2,31,10,-12,-23,-1,26,10,-7,-6,3,7,6,-22,-23,3,-3,-2,-1,-12,10,60,16,-2,-9,5,3,-1,9,15,1,11,-1,-9,7,4,5,3,-2,-8,-5,2,-1,3,-5,-1,4,1,0,-7,-2,-9,3,11,1,11,3,2,1,8,5,-1,9,3,5,0,-8,-1,3,3,0,-4,-5,3,2,12,-4,-6,-1,-2],"highs":[0,2,-3,27,0,0,0,0,0,0,0,0,1,12,0,22,-1,-2,-1,0,-35,28,4,-14,-5,-4,-7,-15,1,11,35,16,10,19,8,-5,0,3,33,8,6,-16,-26,28,5,1,-5,-1,4,9,-3,-23,-16,-1,-6,-2,6,-11,73,4,13,-13,-5,4,1,4,20,-1,11,0,0,-2,3,6,0,4,-4,-7,-4,1,0,0,-4,4,-1,7,-6,-7,-3,-6,11,1,10,5,0,5,6,5,1,7,2,9,-2,1,-9,-1,3,3,-1,-5,-1,1,13,0,-5,-5,-2,1],"lows":[0,1,-2,11,3,-7,26,0,0,0,0,0,0,0,13,18,1,-5,-28,-3,-6,-8,13,1,-2,-3,-13,-3,2,3,14,29,19,10,2,10,-1,6,8,18,16,-26,-5,2,28,-7,0,-13,20,7,-20,-21,2,2,-3,-3,-13,-11,23,55,15,-8,0,6,0,4,9,15,1,7,-6,0,7,3,6,1,-9,-4,-3,3,-3,1,-1,-4,9,1,-8,-4,-10,4,3,10,1,12,1,3,2,4,6,2,8,4,-4,2,-4,1,-2,9,-1,-10,1,4,1,7,-7,-2,2,-5],"closes":[0,4,-6,33,-14,14,0,0,0,0,0,0,0,13,0,22,-3,-2,0,-34,-6,32,-25,10,-12,-4,-13,3,0,8,40,14,7,22,0,-8,11,4,31,10,-9,-26,-1,26,8,-8,-3,3,6,8,-23,-21,1,-1,-3,-2,-8,-16,89,8,-2,-10,1,9,-3,5,22,0,12,-4,-7,9,0,8,1,-1,-8,-3,-1,-1,3,-4,-1,5,0,1,-9,1,-11,3,11,1,10,5,0,2,9,5,-1,9,1,6,2,-9,-3,3,2,3,-2,-8,4,0,14,-5,-7,0,-1,2],"volumes":[20.7,14.4,5.4,10.8945,7.2945,8.5725,0.378,0.189,0.4725,0.0945,0.6615,1.158,5.9,20.96,1.8,0.8505,0.945,0.945,22.878,1.9395,4.5,39.339,35.1,25.2,26.1,34.2,25.2,50.4,26.1,22.5,35.1,27.9,114.97,257.58,79.2,68.15,62.1,24.3,346.32,184.32,168.3,77.94,218.52,211.14,149.49,269.19,36.18,43.59,20.16,13.95,73.66,151.78,134.19,11.79,9.0,38.7,70.29,170.73,287.8,92.16,116.3,59.01,46.92,45.51,59.4,78.87,53.73,15.15,70.38,36.99,70.65,56.25,26.55,91.08,39.87,54.09,79.21,70.29,60.75,23.4,62.28,19.35,54.9,87.21,28.8,32.04,40.05,66.96,168.33,14.4,73.89,44.1,94.29,26.1,40.95,71.82,48.72,92.34,83.52,36.87,58.98,124.86,83.61,131.58,119.79,118.2,57.78,49.05,74.16,97.2,108.48,47.07,171.18,165.24,187.77,157.68,83.07,63.78]}