{"timestamp":1735430400000,"multiplier":1.0E-5,"open":1.04247,"high":1.04247,"low":1.04247,"close":1.04247,"shift":60000,"times":[1320,1,1,1,1,1,1,1,1,1,1,1,1,1,1,1,1,1,1,1,1,1,1,1,1,1,1,1,1,1,1,1,1,1,1,1,1,1,1,1,1,1,1,1,1,1,1,1,1,1,1,1,1,1,1,1,1,1,1,1,1,1,1,1,1,1,1,1,1,1,1,1,1,1,1,1,1,1,1,1,1,1,1,1,1,1,1,1,1,1,1,1,1,1,1,1,1,1,1,1,1,1,1,1,1,1,1,1,1,1,1,1,1,1,1,1,1,1,1,1],"opens":[0,5,11,22,2,0,-8,0,14,6,4,3,2,-7,5,-8,3,1,2,-4,2,-3,1,-2,2,-1,2,-2,3,-2,1,-3,0,-1,0,-4,2,0,-1,0,-3,1,-6,0,12,-16,-2,2,7,4,-3,4,1,-3,2,-24,0,0,-4,34,11,-17,-17,12,3,5,15,5,8,0,2,0,-1,3,1,-4,-7,-5,-5,8,8,-6,8,-1,0,-1,0,-7,-1,3,-1,-9,-17,-12,6,2,6,3,-2,-15,7,0,4,0,0,3,9,1,1,-6,-4,-4,-1,2,-2,-3,-1,-1,-1,8],"highs":[0,5,33,2,0,12,-19,19,-1,8,0,0,3,-4,2,0,1,-5,1,-4,2,-3,1,0,0,1,2,0,1,-3,0,-2,0,-2,1,-4,1,0,-1,1,-2,1,3,5,-4,-16,0,9,4,0,0,0,0,0,-1,-22,-2,1,22,15,3,-17,3,-6,1,18,5,5,26,-16,-1,0,8,-8,3,-6,-7,-5,1,11,-1,0,4,-2,0,-1,-1,-5,0,5,-6,-9,-14,-7,1,4,2,4,-3,-9,1,4,0,1,1,9,2,0,0,-6,-4,-4,3,-2,0,-3,-1,-2,5,2],"lows":[0,5,10,23,2,-12,4,0,11,9,2,3,0,-3,-3,0,3,-3,0,2,-2,0,0,0,0,0,0,0,2,0,-2,-2,-1,1,-13,7,3,2,-1,-3,0,1,-7,0,-3,-4,-2,2,3,9,0,1,1,0,-22,0,0,-3,-1,34,-30,8,-2,10,5,6,11,9,1,6,1,-2,2,0,-1,-3,-6,-10,1,9,3,1,7,-1,-2,1,-8,0,-1,3,-8,-18,-10,-1,2,6,6,1,-15,-1,4,4,3,-1,2,1,10,2,-3,-12,2,-4,3,-5,1,-1,-3,0,2,6],"closes":[0,5,33,2,0,-2,-5,3,15,5,2,-1,2,-2,-5,3,1,-5,0,2,-2,0,0,0,0,2,-1,3,-2,0,-2,0,-1,-1,-2,0,-1,2,-1,-3,1,0,5,0,-15,-1,-2,11,3,0,2,-1,0,1,-25,0,0,-3,21,19,-14,-15,11,2,1,18,5,5,6,0,0,-1,5,-1,-5,-3,-6,-9,8,12,-8,4,4,0,-1,0,-8,1,2,-2,-8,-18,-10,4,1,6,2,1,-13,5,-2,5,2,0,2,9,1,1,-4,-7,-3,0,1,-7,3,-3,0,-2,8,0],"volumes":[1.8,3.6,23.16,2.7,1.8,10.8,13.5,7.65,8.1,134.88,63.54,33.3,47.7,6.3,35.55,39.6,90.84,9.45,2.7,2.7,6.75,9.9,13.5,10.8,4.5,13.95,10.8,9.45,13.05,4.5,14.25,8.1,8.67,0.9,13.35,1.6,0.56,0.24,0.22,2.2,1.98,1.76,37.1,15.6,10.95,17.1,67.05,16.08,45.07,50.58,36.01,49.29,32.64,21.6,25.67,16.7,7.48,14.18,14.14,56.74,144.48,118.35,82.02,144.0,24.3,50.4,21.24,2.7,48.15,25.65,16.2,48.15,23.4,50.4,36.45,35.1,12.6,27.9,15.3,27.45,27.9,16.2,26.41,16.51,45.0,18.9,48.96,53.1,17.1,29.7,28.8,59.4,46.8,24.3,19.35,17.55,3.6,8.1,28.8,13.5,22.95,11.7,17.1,15.3,3.6,18.9,22.05,7.2,15.3,53.1,6.3,25.2,23.85,26.55,24.75,36.0,41.85,11.25,19.8,12.6]}