{"timestamp":1733616000000,"multiplier":0.001,"open":8301.689,"high":8301.689,"low":8300.783,"close":8300.816,"shift":60000,"times":[1383,1,1,1,1,1,1,1,1,1,1,1,1,1,1,1,1,1,1,1,1,1,1,1,1,1,1,1,1,1,1,1,2,1,1,1,1,1,1,1,1,1,1,1,1,1,1,1,1,1,1,1,1,1,1,1],"opens":[0,-485,670,803,936,764,536,-1033,-2385,682,1112,110,-513,21,-324,309,412,-188,300,-142,300,625,3200,117,-212,191,-182,2003,988,379,-667,-406,1088,606,697,-15,-100,130,-709,-12,1091,3,612,-1291,-9,1012,-712,-97,-212,9,-309,-215,-185,0,-193,-289],"highs":[0,491,721,1006,792,614,-400,-214,-2101,312,406,383,-700,-89,3,697,285,-285,-12,318,-6,3189,511,-24,30,-6,1706,1000,382,306,-988,482,1403,598,-486,-3,706,-700,-217,581,18,594,9,-1012,1110,284,-970,-415,-82,94,-612,101,-486,367,-581,-107],"lows":[0,-279,1370,18,1682,700,0,-2782,-18,703,1109,-1106,394,-275,-122,715,391,-388,388,-9,300,506,2912,-18,0,303,33,1706,958,12,-697,321,1079,321,282,391,-9,-388,-309,318,694,-15,-297,-694,694,30,-33,6,-297,300,-694,3,-309,-84,-122,-191],"closes":[0,1058,633,1100,970,318,-600,-2803,807,611,406,-709,309,-324,-3,694,12,-15,33,570,12,3112,306,270,-6,-294,2033,976,406,-712,-409,733,1406,297,0,-3,382,-1085,185,888,-376,988,-985,-306,1291,-1285,-6,-3,218,-233,-673,-18,7,-310,-9,-379],"volumes":[4.6E-4,6.6E-4,8.8E-4,9.4E-4,8.8E-4,6.55E-4,5.8E-4,0.001025,0.0027,9.75E-4,3.0E-4,0.002475,0.001275,6.75E-4,6.75E-4,6.75E-4,9.0E-4,0.001275,3.75E-4,0.0012,6.0E-4,0.001215,4.6E-4,3.2E-4,3.8E-4,2.7E-4,2.45E-4,0.001155,0.001435,7.35E-4,5.65E-4,8.65E-4,9.25E-4,0.001635,0.001075,7.95E-4,0.0013,3.95E-4,0.00125,6.6E-4,5.3E-4,0.00164,0.00113,0.001075,0.00143,9.6E-4,0.002325,0.00105,5.25E-4,7.5E-4,9.0E-4,0.0015,0.001725,0.002625,7.5E-4,5.85E-4]}