{"timestamp":1734220800000,"multiplier":1.0E-5,"open":0.89194,"high":0.89206,"low":0.89194,"close":0.89206,"shift":60000,"times":[1322,1,2,1,1,1,2,1,1,1,1,1,1,1,1,1,1,1,1,1,1,1,1,1,1,1,1,1,1,1,1,1,1,1,1,1,1,1,1,1,1,1,1,1,1,1,1,1,1,1,1,1,1,1,1,1,1,1,1,1,1,1,1,1,1,1,1,1,1,1,1,1,1,1,1,1,1,1,1,1,1,1,1,1,1,1,1,1,1,1,1,1,1,1,1,1,1,1,1,1,1,1,1,1,1,1,1,1,1,1,1,1,1,1,1,1],"opens":[0,14,-3,29,-32,0,0,38,-18,26,32,-19,-41,83,-52,3,46,-49,6,-6,62,-27,-15,12,-1,4,25,2,-20,20,0,0,-1,-1,-1,3,0,-31,0,12,-5,7,4,-4,7,-43,6,27,1,0,7,-13,25,-1,-19,-49,44,-33,11,-23,3,-3,-11,-2,-1,-8,-1,-18,0,6,-6,0,-10,2,-7,10,1,0,0,10,4,1,-1,1,-7,4,2,0,-6,-2,-4,-6,2,-2,-3,-4,2,2,-6,0,2,-1,5,-3,-4,-8,-5,10,-1,1,-2,-10,4,4,2,-1],"highs":[0,2,-2,28,-32,0,48,-10,-18,56,10,12,-1,4,-46,45,-2,-42,1,52,2,-27,4,-2,3,20,0,2,0,0,0,0,0,0,0,0,0,-23,1,3,3,4,-1,3,0,-35,22,4,9,-2,0,12,0,0,-20,-5,2,-25,1,-20,0,-2,-8,-5,-2,-7,-2,-15,3,0,-4,-1,-11,7,1,-2,3,-3,10,2,6,0,-3,0,-1,0,7,-6,-7,-2,-4,-5,2,-3,-3,0,0,0,-5,0,4,0,1,-3,-4,-8,5,2,0,-1,-3,-5,7,-2,0,1],"lows":[0,11,0,-3,0,0,0,20,0,24,-24,20,-25,28,5,4,46,-50,-1,2,19,-8,4,-10,26,4,25,-20,-12,32,0,-1,-7,8,-40,40,-34,5,-1,6,2,2,3,-9,6,-31,0,33,-17,11,-10,8,27,-35,-93,-54,113,12,-15,-2,5,-13,-2,0,-9,1,-20,-1,2,0,0,-15,3,-4,1,8,3,0,0,9,4,2,0,-11,5,3,1,-5,-2,-4,-5,-2,2,-5,-5,3,-1,-1,-1,-2,4,0,-1,1,-8,-7,0,9,0,-2,-10,1,4,3,0,-4],"closes":[0,-1,1,-4,0,0,46,-26,0,56,-26,48,-1,-50,6,45,0,-50,9,52,-21,-20,12,0,2,27,0,-18,18,0,2,-1,1,-1,1,0,-36,11,3,-4,5,3,2,6,-3,-34,24,3,2,6,-11,23,0,-21,-48,44,-23,0,-22,3,-3,-11,-1,-2,-8,0,-17,-3,7,-6,1,-11,-2,-3,11,0,0,-1,11,2,3,-1,1,-7,3,2,1,-6,-1,-6,-3,-1,-1,-4,-2,2,1,-5,-1,1,0,3,-2,-1,-8,-7,9,2,-1,-2,-10,5,2,3,-2,-5],"volumes":[2.71,1.54,0.74,5.37,3.99,1.7,5.83,2.1,3.6,4.8,16.32,22.8,6.48,8.76,13.2,6.12,3.36,6.0,6.0,6.84,5.16,9.3,21.0,15.0,14.7,8.88,1.68,9.36,21.78,2.1,7.98,33.84,37.08,13.32,98.88,6.72,27.24,39.84,60.6,35.52,28.8,36.6,21.84,50.1,8.34,9.3,21.3,2.7,68.7,33.6,41.64,16.5,2.52,15.06,59.37,199.4,52.8,12.84,80.46,67.8,42.0,37.17,31.95,39.57,30.15,15.75,71.7,58.8,66.9,64.2,28.2,196.03,123.6,97.2,102.87,59.1,127.2,104.4,70.8,52.35,22.8,35.4,9.0,69.0,41.85,19.35,47.89,42.96,302.22,15.22,40.07,26.99,9.6,9.36,23.28,26.27,24.58,11.05,33.85,47.8,14.1,45.42,38.49,6.0,14.55,30.91,43.35,21.21,21.72,16.03,23.13,24.15,48.43,22.89,9.39,23.85]}