{"timestamp":1733011200000,"multiplier":1.0E-5,"open":0.8805,"high":0.8805,"low":0.88028,"close":0.88028,"shift":60000,"times":[1322,1,1,1,1,1,1,1,1,1,1,1,1,1,1,1,1,1,1,1,1,1,1,1,1,1,1,1,1,1,1,1,1,1,1,1,1,1,1,1,1,1,1,1,1,1,1,1,1,1,1,1,1,1,1,1,1,1,1,1,1,1,1,1,1,1,1,1,1,1,1,1,1,1,1,1,1,1,1,1,1,1,1,1,1,1,1,1,1,1,1,1,1,1,1,1,1,1,1,1,1,1,1,1,1,1,1,1,1,1,1,1,1,1,1,1,1,1],"opens":[0,-22,0,0,0,-44,0,43,2,32,4,4,-46,50,-2,-14,4,-2,-19,34,-4,-2,-43,44,-3,-3,-38,44,-5,-39,-4,5,36,-9,4,-17,1,-1,17,-13,-1,0,0,1,4,0,9,53,-48,31,2,-22,22,-21,-1,-1,20,-6,4,-3,24,22,36,-6,4,29,3,3,10,18,-8,-7,-3,5,-2,-8,-6,0,0,6,0,15,2,2,3,-8,6,12,25,-24,-8,4,0,2,3,-9,5,6,-16,2,17,-8,-8,-9,-2,4,0,-11,-4,-12,-4,-5,21,11,9,-4,-11,-4],"highs":[0,-22,0,8,-8,-44,79,-34,0,37,1,2,-46,50,3,-9,-6,-2,15,3,-7,-2,1,4,-3,4,-49,46,2,-48,0,44,1,1,-14,15,-31,23,-7,-11,0,-2,3,2,-1,9,72,7,-14,-27,0,2,-2,-21,0,28,1,-6,-7,31,8,57,-2,-14,29,2,3,5,25,3,-9,-2,-4,-4,0,-2,-11,3,11,-10,19,-3,4,3,-1,-1,14,20,3,-27,6,-1,-6,2,0,-3,18,-12,-16,22,-4,-6,-10,-1,-1,-1,3,-12,-10,-2,-11,12,10,11,0,-3,-11,-2],"lows":[0,0,0,0,-58,14,0,43,-24,23,1,0,-4,4,23,7,1,1,-19,34,-18,-2,-29,32,-1,1,-32,44,-13,-31,-6,4,34,-25,4,4,1,-1,2,1,0,0,0,1,1,2,10,7,-6,17,0,-2,0,-3,0,0,13,-107,71,-16,5,97,33,-19,20,21,9,-7,10,21,-8,-3,-4,6,-4,-17,7,-4,7,4,1,13,3,1,-8,4,5,15,-2,-17,9,7,-5,7,-14,8,5,-10,-7,9,6,-4,-19,6,-1,3,-10,-3,-22,4,-4,2,20,9,3,-5,-9,-4],"closes":[0,0,0,0,-57,13,47,-2,-26,24,0,0,-4,50,-16,10,-8,0,15,3,-12,-8,11,5,-3,-3,-42,46,-14,-32,0,44,-12,0,-21,21,-16,16,-11,0,0,-2,-1,2,0,12,52,-45,11,20,-19,19,-22,0,-1,20,-9,2,2,23,17,44,-2,0,25,6,4,5,23,-11,-8,2,2,-2,-7,-8,0,3,6,-1,15,2,1,3,-8,6,13,23,-20,-13,6,1,2,2,-9,6,5,-15,0,19,-10,-6,-12,-1,4,0,-9,-4,-11,-6,-5,20,10,11,-2,-12,-5,2],"volumes":[5.13,5.55,0.74,11.83,3.51,1.7,6.51,2.94,1.48,16.62,9.42,7.2,0.37,13.5,19.56,6.0,16.8,2.4,28.44,9.6,52.8,38.4,2.77,7.2,6.0,10.2,0.37,4.8,25.8,0.37,7.48,5.51,7.2,5.52,7.86,8.4,2.52,8.7,16.67,8.13,5.42,5.42,8.13,10.84,5.42,11.11,76.73,55.19,69.1,10.32,10.8,54.61,10.22,21.95,26.75,45.42,75.06,86.02,175.27,194.41,96.59,87.6,52.53,76.86,61.35,54.9,32.85,83.87,127.1,95.21,85.59,73.84,78.01,170.41,163.5,180.13,164.45,178.25,271.17,182.76,293.66,132.51,134.1,101.1,76.35,89.1,93.9,111.92,171.21,161.54,101.96,66.3,49.47,36.99,33.0,26.4,46.09,61.47,24.72,39.6,30.69,14.4,43.87,37.53,35.16,48.0,62.4,47.52,98.93,84.19,42.63,71.16,38.52,42.15,37.2,37.8,39.19,64.74]}