{"timestamp":1577577600000,"multiplier":1.0E-5,"open":0.91213,"high":0.91225,"low":0.91212,"close":0.91225,"shift":60000,"times":[1322,1,1,1,1,2,1,1,1,1,1,1,1,1,1,1,1,1,1,1,1,1,1,1,1,1,1,1,1,1,1,1,1,1,1,1,1,1,1,1,1,1,1,1,1,1,1,1,1,1,1,1,1,1,1,1,1,1,1,1,1,1,1,1,1,1,1,1,1,1,1,1,1,1,1,1,1,1,1,1,1,1,1,1,1,1,1,1,1,1,1,1,1,1,1,1,1,1,1,1,1,1,1,1,1,1,1,1,1,1,1,1,1,1,1,1,1],"opens":[0,12,19,-1,14,-13,21,2,3,-6,3,-1,1,-1,0,1,-4,1,1,1,1,-1,-1,1,1,-1,-2,2,-34,5,2,0,-1,6,5,12,-1,1,0,-3,-1,1,-6,3,3,-2,7,-1,0,0,-1,1,1,-7,3,-22,-8,1,-4,-10,19,-4,-1,2,0,-9,11,-7,0,6,-2,1,3,6,-9,10,-2,-8,3,0,-3,12,3,-4,-8,-6,-1,-3,-7,3,7,6,-9,-3,2,-13,8,3,2,14,2,-4,7,13,11,11,-3,-11,-18,8,16,5,-1,2,1,-5,-3],"highs":[0,33,-11,12,0,73,-64,2,0,-3,0,0,1,-1,-1,1,19,-21,1,1,0,-1,12,-11,0,-1,0,1,-29,0,1,0,5,6,11,4,1,-5,0,-3,0,0,0,0,0,6,-1,0,-1,0,0,1,0,0,-3,-23,0,-6,4,-1,1,0,2,-4,2,-1,0,-5,5,-1,1,1,6,0,2,2,2,-8,-2,-2,10,6,-4,-4,-5,-6,0,-6,-3,6,12,-7,-7,2,-3,-7,11,-6,15,2,0,11,9,11,9,11,-13,-15,-7,11,7,0,6,2,-2,-7,3],"lows":[0,12,19,0,-14,15,21,2,-24,21,2,0,1,-1,-2,0,-1,1,1,-16,18,-1,-1,1,1,-3,0,-32,-2,7,2,-1,-1,7,5,12,-1,0,-2,0,-6,-3,1,0,6,0,6,0,0,-1,0,1,-6,0,-23,-6,2,-27,11,-3,16,2,-1,1,-5,-1,5,-1,-2,4,2,-1,1,2,-4,12,-8,-2,1,-1,2,12,-6,-6,-3,-2,-2,-6,-3,2,8,-4,-2,-6,-4,-2,11,2,1,3,10,1,6,12,9,15,-17,-19,3,9,14,1,-2,1,-13,4,10],"closes":[0,21,-1,14,-9,16,2,2,-6,3,-1,1,1,-1,-1,-1,-1,0,2,1,0,-1,0,1,0,-2,1,-34,6,0,1,-1,6,5,12,4,-4,-1,-2,0,0,-9,6,3,-2,8,-2,1,-1,-1,1,1,-7,4,-23,-9,1,-1,-15,21,-7,6,-1,-1,-8,10,-6,1,6,-4,2,3,6,-4,2,4,-10,-1,0,2,9,6,-5,-7,-8,-2,-1,-6,0,8,6,-6,-6,-1,-11,8,4,2,13,4,-4,6,13,11,11,3,-17,-16,7,13,4,1,4,0,-5,-2,1],"volumes":[3.0,17.25,19.5,10.5,11.62,15.31,4.0,4.31,14.55,2.0,3.5,2.0,2.75,4.5,3.25,5.0,10.75,10.5,7.0,8.25,2.25,1.0,5.75,5.37,1.0,5.5,6.0,25.49,10.0,8.0,1.0,6.75,7.0,5.25,11.0,3.0,20.5,8.75,14.0,7.0,15.25,10.12,39.24,15.37,13.5,18.0,3.0,8.99,1.75,5.5,3.25,10.24,11.5,8.75,26.82,45.65,27.18,119.09,61.7,34.24,15.62,23.12,27.62,18.68,18.0,30.56,28.87,23.24,25.75,17.5,22.5,146.23,65.74,82.12,115.87,69.0,166.73,90.56,63.56,87.99,73.75,104.66,123.49,138.97,109.84,56.35,107.51,136.71,95.55,118.58,157.86,123.97,116.96,131.93,119.38,72.94,111.06,44.0,119.48,148.01,142.69,120.0,104.0,161.55,84.69,143.17,170.75,144.75,121.25,75.25,67.5,60.75,200.0,159.25,235.0,231.0,174.75]}