{"timestamp":1577232000000,"multiplier":1.0E-5,"open":0.9103,"high":0.91036,"low":0.91024,"close":0.91024,"shift":60000,"times":[0,1,1,1,1,1,1,1,1,1,1,1,1,1,1,1,1,1,1,1,1,1,1,1,1,1,1,1,1,1,1,1,1,1,1,1,1,1,1,1,1,1,1,1,1,1,1,1,1,1,1,1,1,1,1,1,1,1,1,1,1,1,1,1,1,1,1,1,1,1,1,1,1,1,1,1,1,1,1,1,1,1,1,1,2,1,1,1,1,1,1,1,1,1,1,1,1,1,1,1,1,1,1,1,1,2,1,1,1,1,1,1,1,1,1,1,1,1,1,1,1,1,1,1,1,1,1,1,1,1,1,1,1,1,1,1,1,1,1,1,1,1,1,1,1,1,1,1,1,1,1,1,1,1,1,1,1,1,1,1,1,1,1,2,1,1,1,1,1,1,1,1,1,1,1,1,1,1,1,1,1,1,1,1,1,1,1,1,1,1,2,1,1,1,2,1,1,1,1,1,1,1,1,1,1,1,1,1,1,1,1,1,1,1,1,1,1,1,1,1,1,1,1,1,1,1,1,1,1,1,1,1,3,1,1,1,1,1,1,1,1,1,1,1,1,1,1,1,1,1,1,1,1,1,1,1,1,1,1,1,1,1,1,1,1,1,1,1,1,1,2,1,1,1,1,1,1,1,1,1,1,1,1,1,1,1,1,1,1,1,1,1,1,1,1,1,1,1,1,1,1,1,1,1,1,1,1,1,1,1,1,1,1,1,1,1,1,1,1,1,1,1,1,1,1,1,1,1,1,1,1,1,1,1,1,1,1,1,1,1,1,1,1,1,1,1,1,1,1,1,1,1,1,1,1,1,1,1,1,1,1,1,1,1,1,1,1,1,1,1,1,1,1,1,1,1,1,1,1,1,1,1,1,1,1,1,1,1,1,1,1,1,1,1,1,1,1,1,1,1,1,1,1,1,1,1,1,1,1,1,1,1,1,1,1,1,1,1,1,1,1,1,1,1,1,1,1,1,1,1,1,1,4,1,6,27,1,1,853,1,1,1,1,2,1,6,3,1,1,1,1,1,1,1,1,1,1,1,1,4,1,1,1,1,1,1,1,1,1,1,1,1,1,1,1,1,1,1,1,1,1,1,1,1,1,1,1,1,1,1,1,1,1,1,1,1,1,1,1,1,1,1,1,1,1,1,1,1,1,1,1,1,1,1,1,1,1,1,1,1,1,1,1,1,1,1,1,1,1,1,1,1,1,1,1],"opens":[0,-6,0,-1,0,0,1,0,-1,1,-1,1,-1,-1,7,-1,1,0,-14,20,-20,12,-12,12,-1,1,42,7,-10,3,-27,-64,36,1,-1,-29,-21,-7,1,-1,0,1,4,-17,0,27,-15,16,0,-15,70,-21,0,0,5,-36,5,-14,30,46,3,-23,0,3,-3,-34,-1,39,-41,0,8,-7,5,1,-6,36,51,-23,-16,1,19,-28,-23,0,0,-2,32,-33,-9,1,0,10,46,-44,-21,-4,11,-10,0,22,-12,-7,6,-2,16,-16,-5,21,-13,10,-11,-3,-10,11,12,-13,7,-3,7,-4,56,-46,48,-64,15,29,-1,21,-48,-1,33,1,-37,-16,14,5,-15,55,-48,0,14,35,-40,-9,3,10,1,-17,9,-1,8,-4,-3,-1,1,9,1,-4,5,0,-2,35,0,-32,0,1,-1,3,-1,-1,-3,0,-1,10,-1,0,1,0,50,-50,37,-35,25,-25,1,0,-1,1,0,0,-12,71,-64,-7,1,0,-1,0,3,-2,6,0,-1,-10,7,7,32,-37,-10,46,-33,-13,-1,-9,9,1,-11,1,7,-4,11,0,-1,7,3,0,-13,0,-1,48,0,-1,0,0,-3,-1,39,-38,-43,-3,6,0,10,-17,-5,22,-3,0,-24,13,40,-34,0,-19,1,1,6,11,4,-15,-2,2,16,-5,-10,0,69,-60,-12,2,9,48,-24,-1,0,4,-6,7,-1,0,1,0,-1,1,0,-8,1,7,-1,1,-8,1,55,-56,7,24,-30,7,-1,0,-6,0,2,-3,1,29,11,-21,4,-1,1,0,-5,8,1,-2,-17,49,-51,-23,23,3,-12,8,1,0,3,0,-12,0,-14,8,35,-52,1,-1,0,-14,0,-1,1,-1,1,-1,6,4,-1,1,0,6,0,0,0,1,32,-2,-84,82,-78,0,1,-1,0,1,0,80,-72,9,67,-66,-1,68,-81,-1,-14,15,-4,0,85,-84,0,-1,0,82,-74,9,-1,0,-14,-1,-7,0,7,26,15,-1,1,-13,0,9,-9,-5,-1,19,0,-1,1,-1,1,0,-4,-14,6,-1,4,9,-12,8,0,5,16,0,1,0,-2,-18,19,-19,82,-74,-3,4,33,-3,-30,9,-26,-6,-51,-5,7,5,-2,-1,-12,20,-2,8,15,10,3,-10,3,-1,1,3,0,1,-3,-2,12,6,-1,16,-2,3,-4,28,-8,-10,-7,-1,17,21,1,-24,40,-8,18,-12,-2,1,2,-1,3,-4,-11,-5,4,8,8,-1,0,-3,-5,4,0,-2,1,-2,1,-5,-1,16,1,11,-9,4,7,-10,2,3,-6,-3,3,-3,6,0,1,21,1,0,4,11,-1,0,-5,0,-1,0,-8,-2,-14,-1,2],"highs":[0,0,0,0,-1,0,1,1,-1,0,0,2,1,-1,0,1,-1,37,-36,33,-57,23,-12,1,12,30,8,-1,-10,23,-47,-28,1,0,-1,-19,-28,-5,0,-1,1,-4,4,0,8,2,1,0,0,61,-5,-22,0,4,1,-36,5,18,48,-1,0,-17,0,15,-21,-34,2,36,-33,0,0,-1,1,-1,1,77,3,-23,-16,9,16,-33,-22,-1,0,-2,32,-33,4,30,-31,46,0,-45,-1,45,-58,12,37,-37,0,44,-44,1,0,0,0,0,-1,-2,3,0,0,0,-4,4,-1,1,0,47,-1,-46,48,-64,44,0,-1,21,2,-18,1,0,-37,3,-5,5,8,32,-28,1,28,22,-62,11,1,-1,-6,6,1,-1,-7,8,0,-1,0,-5,6,0,0,-4,33,0,0,-31,2,-2,-1,3,-1,-1,-3,4,5,0,0,0,0,0,50,-20,28,-33,2,-24,0,0,0,59,-59,0,61,-2,-64,3,-1,62,-61,-1,-6,6,1,-1,0,-13,7,36,10,-44,63,-1,-59,-1,1,-1,-13,14,0,-1,-7,7,1,0,-1,-2,3,0,-1,0,35,11,-11,-1,1,-1,-3,-1,39,-38,19,-50,1,0,0,50,-62,12,-3,0,-24,53,0,-30,1,0,0,0,-1,-4,4,1,-1,1,0,-5,5,0,54,-60,6,53,-12,0,-21,1,-1,0,-6,7,-1,0,1,0,-1,1,0,-8,8,0,-1,1,-7,7,48,-48,23,0,-28,5,-1,0,-6,0,25,-17,1,31,0,-15,1,-1,1,0,0,45,-43,43,-47,35,-53,3,0,0,0,-1,0,1,0,0,0,-1,55,-37,0,-19,-32,-1,0,0,1,0,0,-1,1,0,-1,0,36,-36,-5,6,37,3,-4,-35,32,-2,-2,0,-56,-1,1,0,-1,1,59,0,-58,62,0,-62,63,0,-63,0,-1,0,1,63,0,-64,0,1,62,-2,-60,-2,0,-4,4,1,0,65,6,-50,0,-1,1,0,0,-4,3,0,1,0,0,-1,1,-1,1,0,-4,4,0,1,-1,1,0,0,-5,27,-6,0,1,0,-2,-18,19,-19,82,-74,-3,4,33,-3,-30,9,-16,14,-81,2,0,5,-2,2,-15,20,7,2,23,3,-1,-5,1,-2,5,4,-7,1,-2,-2,25,15,3,-8,-1,3,9,28,-25,6,-19,12,23,1,-2,19,25,-13,-5,-9,-4,2,0,3,0,-4,-12,-1,7,9,0,-1,1,0,-5,1,0,-2,0,0,-1,-5,16,-1,13,-1,-3,5,0,-9,3,1,-5,-3,3,-1,3,1,21,3,1,1,9,2,-1,2,-5,-1,0,-1,-9,-2,-13,0,0],"lows":[0,0,-1,0,0,0,1,0,-1,0,0,0,0,-7,0,0,0,-1,0,1,-1,3,-3,0,1,2,51,-4,-2,-4,-78,-3,36,1,-38,-14,-18,-1,0,0,0,0,0,0,1,1,11,1,-1,0,67,-17,0,0,-31,-12,6,-24,37,60,-20,0,-1,1,-57,0,10,11,-1,0,0,0,6,-5,-1,37,45,-26,-25,19,-9,0,-24,1,0,-5,35,-41,-1,1,0,0,56,-44,-28,1,5,-5,0,0,6,-6,12,-12,26,-26,-1,27,-13,-1,-12,5,-6,1,13,-14,14,-13,0,0,72,-46,48,-74,25,28,-27,30,-30,-1,33,0,-52,-7,21,-7,-8,60,-51,0,17,-1,-10,-6,0,16,1,-17,0,0,16,-16,0,0,0,18,-18,-1,0,1,18,35,-32,0,0,1,-1,3,-2,0,-3,-1,0,9,0,0,1,-27,26,1,26,-24,25,-25,0,1,-1,1,0,-11,-1,71,-71,0,1,0,-1,0,1,0,-21,16,0,0,0,-5,51,-60,13,46,-59,-1,7,-6,0,6,-6,0,3,-3,0,0,0,18,8,-27,1,0,12,48,0,-1,0,0,-8,-10,-22,31,-43,-6,0,-1,17,-11,-6,-1,0,18,-18,6,47,-53,19,-19,0,-1,1,19,-7,-12,-1,0,25,-5,-19,0,6,12,-19,1,17,21,0,0,-1,7,-6,0,0,-1,8,-7,0,0,0,-1,0,1,-1,1,-1,1,55,-56,1,30,-30,-1,0,1,-1,1,0,-15,0,41,14,-21,0,-1,0,0,0,8,-8,1,-11,49,-73,-1,1,25,-25,0,0,0,25,-25,0,0,-1,0,-1,-17,-5,-1,5,-4,0,-1,1,-1,1,-1,1,0,5,-1,-4,0,9,1,-5,-4,46,-1,-89,13,-13,-1,1,0,4,1,-6,14,-13,23,-24,1,-1,96,-95,0,-1,15,-14,-1,15,-15,-5,16,-15,29,-30,10,1,-29,1,26,1,0,7,26,15,-1,1,-18,0,9,-9,0,-1,0,1,-1,1,0,18,0,-13,-5,-81,81,9,9,-18,-1,-24,24,36,0,-28,0,27,-59,60,-19,9,-1,-3,0,37,-10,-23,-16,-32,-53,22,-4,11,5,-2,-4,-9,20,-2,4,-31,57,-13,7,4,-5,6,1,0,-2,1,-5,8,14,-1,5,1,6,-1,5,-3,-1,-9,-1,22,16,-10,-41,66,3,8,0,0,1,-1,2,-1,-12,-4,0,4,8,3,4,-3,-1,-4,4,0,-2,-2,0,-4,0,0,16,1,-1,3,1,-3,-1,6,-2,-4,0,3,-3,3,-1,5,21,1,0,4,10,-5,3,-3,-1,0,-10,0,-16,0,1,2],"closes":[0,0,-1,1,-1,1,0,0,0,-1,1,2,0,5,0,0,1,43,-36,33,-57,13,-2,-11,1,53,8,-12,-2,-4,-78,33,1,0,-28,-24,-1,0,0,-1,1,-17,-1,0,13,-11,12,0,-1,58,14,-22,0,4,-35,-12,6,29,44,3,-23,0,6,15,-78,0,25,-4,0,0,-1,6,2,-7,0,84,-3,-26,-25,27,-17,0,-24,1,0,-5,35,-41,12,30,-31,46,0,-45,-21,65,-66,0,57,-62,6,63,-57,14,0,-21,20,1,-1,-13,0,14,-14,14,-13,6,6,-5,0,53,-1,-46,48,-74,54,-1,-27,30,20,-18,1,-1,-52,0,14,-7,20,32,-46,1,46,-36,-10,0,5,12,-6,-5,0,5,-1,-5,0,1,6,0,-1,7,0,-6,35,0,-1,-31,1,0,-1,3,-2,0,-3,-1,10,-1,1,0,0,0,23,1,2,-1,2,-24,-1,1,0,59,-59,-6,67,-2,-71,6,-4,69,-69,7,-8,8,1,-1,0,-13,0,43,10,-67,68,17,-85,-1,7,19,-25,6,0,7,5,2,-1,1,5,-7,8,-27,1,0,60,11,-11,-1,1,-1,-8,-10,11,-2,25,-56,1,6,-9,59,-62,-2,11,-6,-18,53,0,-53,24,-18,-1,6,1,7,-7,0,0,7,5,-5,-7,0,36,-30,-7,66,-12,-21,0,1,-1,0,-6,0,0,-1,8,-7,0,0,0,-1,0,1,-1,1,0,0,55,-55,30,0,-28,-3,0,1,-1,1,25,-22,6,31,0,-15,1,-1,1,0,0,45,-43,42,-46,35,-62,12,0,0,0,-1,0,1,0,-25,0,0,41,1,-1,-18,-47,-1,5,0,1,0,0,-1,1,3,6,0,1,-1,-14,0,52,3,-4,-50,46,-1,-2,-74,1,-1,1,-1,0,0,77,-67,9,62,-62,0,63,0,-95,0,-1,16,0,80,-81,0,1,-1,78,-68,8,-2,0,-54,1,26,2,70,27,-50,0,-1,1,-9,9,-9,-5,1,13,-19,1,-1,1,0,18,0,-13,3,1,10,-1,1,0,0,-44,66,-6,0,-28,0,27,-58,59,-19,12,-4,-3,0,37,-10,-23,-16,1,11,-75,6,1,5,-2,-4,-9,20,6,2,23,3,-7,-3,5,-2,3,2,-3,0,0,-2,25,-6,14,-3,-1,0,17,-5,-2,-7,-7,23,23,-5,-20,38,-6,18,-12,-2,0,2,0,2,-1,-14,-4,4,7,9,-1,0,1,-4,-1,1,0,-2,-2,0,-4,-1,16,0,13,-9,3,7,-12,3,3,-4,-4,1,3,-3,4,2,21,1,0,4,8,2,-3,2,-4,0,0,-10,-1,-14,-2,3,0],