{"timestamp":1576972800000,"multiplier":0.001,"open":6818.09,"high":6824.57,"low":6809.62,"close":6809.62,"shift":60000,"times":[1370,1,1,1,1,1,1,1,1,1,1,1,1,1,1,1,1,1,1,1,1,1,1,1,1,1,1,1,1,1,1,1,1,1,1,1,1,1,1,1,1,1,1,1,1,1,1,1,1,1,1,1,1,1,1,1,1,1,1,1,1,1,1,1,1,1,1,1,1,1],"opens":[0,-9961,2490,2990,500,-1000,501,-1001,-3490,1000,-989,-2500,-3481,1,-1000,-2491,-999,-1000,-991,0,2491,-5481,-1000,1001,0,1490,759,-640,-1099,-1510,439,971,-40,-20,-1940,1919,-1939,-960,979,821,-1971,4920,-3040,-460,2510,1,-2400,3940,1439,-69,-2000,-440,3449,-1950,-460,-1409,979,3011,479,-479,39,-919,30,50,2019,480,-3399,-931,61,-1940],"highs":[0,-11460,500,1000,-501,-500,1,-1000,-1990,-1,-1000,-2989,-990,-2490,-1000,-2491,-999,-500,499,1501,-1000,-5480,1990,-990,0,1809,920,-2120,-1099,960,-40,-520,-540,-10,1019,-1049,-1930,20,1309,-499,3960,-1010,-1041,51,-1,11,1040,1960,449,451,-2941,2981,-30,-940,-970,2040,40,0,479,541,20,-910,10,80,1969,-490,-2379,-950,60,-1940],"lows":[0,-1491,1991,3489,0,-1000,1000,-4980,-1000,1990,-4980,-2989,0,-1000,-1491,-6480,3990,0,0,0,-3990,0,-1490,1490,1000,871,750,-1600,-1511,-10,-59,1940,-1011,-1000,40,-1040,31,20,-31,830,-960,1881,-481,-470,2000,-1940,541,3940,1379,-2010,-490,-450,1970,-940,-980,80,980,2010,500,501,-1441,561,29,41,2000,-2900,-941,20,-1920,-1380],"closes":[0,0,3990,1000,-1001,0,1,-4980,1990,-1000,-2991,-2989,0,-991,-2989,-2000,-1,-989,990,2000,-5980,-1000,1989,11,-1,1261,-640,-1600,-520,-60,980,-40,-20,-1961,940,-959,-960,1000,809,-970,3931,-3050,-471,2521,-500,-1920,3470,1930,-60,-2011,60,2951,-1960,-460,-1401,971,2019,981,19,31,-920,519,-430,1021,979,-2909,-931,61,-1951,-879],"volumes":[0.008261,0.002822,0.001192,5.8E-4,2.98E-4,4.7E-4,4.4E-4,0.001144,9.72E-4,5.64E-4,0.00546,0.003154,0.002556,0.00541,0.003126,0.008282,8.16E-4,0.001648,0.005296,0.00449,0.004428,0.002998,0.003878,0.001162,8.32E-4,0.006346,0.003862,0.001146,0.00509,0.006758,0.004054,7.7E-4,0.002544,0.007272,0.002716,0.002654,6.12E-4,4.24E-4,0.002794,7.38E-4,0.006238,0.007442,0.005652,0.004864,0.002196,0.00421,0.003094,0.0019,0.002074,0.00278,0.001898,0.003124,0.001304,0.003016,0.005298,0.00405,0.002984,9.1E-4,8.32E-4,0.001964,0.004144,0.001036,0.002768,0.002166,0.001256,0.002638,0.001852,0.002938,0.002448,0.003196]}