{"timestamp":1576368000000,"multiplier":0.001,"open":13321.71,"high":13321.71,"low":13320.61,"close":13320.61,"shift":60000,"times":[1383,1,1,1,1,1,2,1,1,1,1,1,1,1,1,1,1,1,1,2,1,1,1,1,1,1,1,1,1,1,1,1,1,1,1,1,1,1,1,1,1,1,1,1,1,1,2,1,1,1,2,1,1],"opens":[0,-1100,-1000,-2100,-3100,1100,2100,2100,-1100,-1000,-2100,1600,1500,-500,-500,0,500,-500,0,2100,500,1600,-500,0,-600,-1000,1000,600,-1600,1000,1100,1000,1100,500,500,0,0,0,-500,-1600,1100,-1100,1000,1100,-1100,1000,-1000,-1100,0,-500,1100,500,-1100],"highs":[0,-1100,-1000,-2100,-3100,3200,1000,1100,-1100,0,-1500,1500,0,0,-500,-500,1000,-1000,1000,1100,2100,0,0,0,-1100,0,0,1100,-2100,1000,2100,600,500,2100,-1100,0,0,0,-500,-500,0,1000,0,0,-100,0,-1000,0,-1100,0,1100,0,0],"lows":[0,-1000,-3200,-3000,0,2100,2100,1000,-2100,-1000,-1100,2100,1100,-1100,0,600,500,-1100,0,2100,1100,1000,0,0,-1000,-500,500,1000,-1000,500,1600,500,1600,0,1000,-1000,0,0,-1100,-1000,0,0,1500,-1600,1600,500,-1100,-1500,500,500,500,1100,-2100],"closes":[0,-1000,-3200,-3000,1000,2100,2100,0,-2100,-1000,1600,1500,-1000,0,0,0,0,0,1000,1100,2100,-1100,0,0,-1000,1000,0,0,-1000,1000,2100,0,1100,0,1000,0,0,-1000,-1100,1100,-1100,1000,1100,-1100,1000,-1000,-1100,0,-1000,1000,1100,0,-2100],"volumes":[0.00947,6.4E-4,0.01764,0.00787,0.00304,0.00568,0.00619,0.00139,0.00179,0.00849,0.01166,0.00619,0.00368,0.00839,0.00481,0.00267,0.0024,0.0024,0.00961,0.00899,0.01383,0.01825,0.01076,0.00838,0.00635,0.01025,0.00545,0.0071,5.1E-4,0.00227,0.00176,0.00534,8.8E-4,0.00632,6.4E-4,0.00152,0.00697,0.00203,0.00203,0.00659,0.00708,0.00889,0.00216,0.0071,0.00203,6.4E-4,6.4E-4,0.00456,0.01192,0.0048,0.0024,1.3E-4,0.00585]}