{"timestamp":1576368000000,"multiplier":1.0E-5,"open":1.33349,"high":1.33351,"low":1.33348,"close":1.33351,"shift":60000,"times":[1320,1,1,1,1,1,1,1,1,1,1,1,1,1,1,1,1,1,1,1,1,1,1,1,1,1,1,1,1,1,1,1,1,1,1,1,1,1,1,1,1,1,1,1,1,1,1,1,1,1,1,1,1,1,1,1,1,1,1,1,1,1,1,1,1,1,1,1,1,1,1,1,1,1,1,1,1,1,1,1,1,1,1,1,1,1,1,1,1,1,1,1,1,1,1,1,1,1,1,1,1,1,1,1,1,1,1,1,1,1,1,1,1,1,1,1,1,1,1,1],"opens":[0,0,32,-29,30,2,0,-2,-1,12,-18,19,-41,4,37,-29,-5,24,-2,2,4,-7,6,-9,-2,-6,9,-7,-6,-5,12,5,2,-13,1,14,-9,25,-2,-3,0,12,-2,2,13,-1,1,-1,-6,6,7,-17,1,17,-15,-2,1,6,2,0,10,15,-11,0,7,13,-2,10,0,5,4,3,6,4,0,5,-5,-2,1,6,4,-8,-2,5,6,-1,3,-1,-3,-2,-4,-6,0,20,5,21,5,1,-1,-1,10,-4,-3,7,-5,-14,2,10,-8,4,-1,0,2,10,-9,2,-1,-7,5,-12],"highs":[0,-2,32,1,1,1,0,-2,11,21,-20,0,-40,40,0,-29,27,-8,5,-3,3,-1,0,-8,-4,13,-10,3,-15,0,12,0,1,-9,10,1,17,0,10,28,0,-32,13,-9,32,-23,20,-20,-1,8,-1,6,-7,2,-15,-1,1,8,0,28,29,-32,-3,10,5,3,4,-3,8,-2,7,5,5,1,3,14,-17,-3,9,1,0,-5,1,6,0,5,0,-4,-1,-2,-7,-5,29,1,15,5,2,1,6,5,-3,1,4,-7,2,-8,-3,5,-6,2,4,-4,8,0,0,-1,-6,2,-3,4],"lows":[0,1,32,-29,22,9,-33,32,-1,12,-18,-23,1,4,4,-1,-3,24,1,-2,-2,-2,3,-5,-9,-2,9,-10,-3,2,-4,9,14,-13,1,5,0,12,6,1,-9,22,-6,6,12,0,-8,1,1,3,-8,-1,1,2,-4,2,-9,18,2,0,6,2,4,-3,12,11,-3,3,8,3,3,8,5,5,-2,2,-2,-2,1,6,-3,-3,0,5,-4,8,-1,1,-4,-4,-9,0,7,20,5,18,5,1,-5,3,3,1,0,2,-12,-11,13,1,1,3,-15,15,1,1,-7,0,0,1,-12,5],"closes":[0,-2,32,1,1,1,-34,32,11,21,-20,-42,2,40,-29,-5,5,18,4,-7,1,-4,2,-5,-4,11,-8,-6,-3,3,11,1,1,-9,10,-8,21,-2,1,0,12,0,12,-8,9,-1,1,-8,7,6,-17,6,11,-14,-2,2,-1,10,-1,13,10,-9,9,1,10,-2,10,-3,8,0,7,6,3,1,5,-5,-2,1,4,5,-6,-4,5,7,0,-1,2,-3,-2,-7,0,-3,22,4,20,0,6,-1,-1,11,-8,0,9,-8,-13,1,9,-6,5,-2,3,-3,12,-9,2,-1,-8,6,-11,16],"volumes":[4.87,1.5,0.6,1.94,0.44,0.7,1.3,0.9,0.45,0.3,0.34,1.9,3.2,1.65,5.85,3.5,10.74,7.87,11.48,13.85,13.61,7.98,6.74,11.36,552.68,20.48,8.24,176.5,35.35,13.24,54.2,26.56,9.38,108.08,14.62,14.99,65.28,68.49,38.63,103.16,51.82,9.94,35.93,8.12,34.34,19.5,106.19,15.37,13.1,12.75,22.94,115.77,7.31,23.62,11.5,7.1,32.92,64.82,60.69,325.37,99.73,156.0,263.03,301.79,70.22,78.06,182.02,19.19,47.39,27.73,220.73,120.04,63.59,42.75,46.11,142.71,24.47,39.53,155.53,191.72,219.86,191.85,258.47,159.9,205.32,122.38,249.73,110.22,127.33,72.35,214.51,42.09,145.23,288.95,366.29,63.88,63.66,69.57,125.79,179.36,173.24,82.8,33.59,83.1,74.61,91.63,38.47,36.6,39.03,45.03,65.87,19.39,52.48,41.41,38.37,94.47,133.39,96.39,114.52,138.35]}