{"timestamp":1575763200000,"multiplier":0.001,"open":28034.97,"high":28035.47,"low":28020.97,"close":28022.469,"shift":60000,"times":[1380,1,1,1,1,1,1,1,1,1,1,1,1,1,1,1,1,1,1,1,1,1,1,1,1,1,1,1,1,1,1,1,1,1,1,1,1,1,1,1,2,1,1,1,1,1,1,1,1,1,1,1,1,1,1,1,1,1,1],"opens":[0,-12501,-3999,2999,-999,-501,-499,-500,500,0,-501,2500,2000,1001,1499,1,1500,-1500,500,-1001,501,-500,-2500,0,-500,0,-1000,500,999,-1499,499,-500,501,-500,-2001,-1999,1000,500,0,-1500,1000,0,-1000,-1001,501,2000,-1500,500,-500,-1001,1001,1000,-1000,-500,-1500,0,-2000,-1000,-1000],"highs":[0,-13001,-1000,1001,-1500,-501,-999,-500,500,0,2000,2500,500,1500,1000,1000,0,-500,-1000,-1,-499,-500,-2000,-1,-500,1,-500,0,499,-499,2000,-2000,0,-1000,-2001,-499,499,-499,500,-1000,0,0,-1000,0,3000,-500,-2000,500,-1000,0,500,1500,-1500,-1000,-1500,0,-1000,-2000,0],"lows":[0,-2501,-499,1500,-1,-999,500,-1500,2000,-1001,500,2500,2000,1001,1000,500,-500,500,-1000,-500,499,-2499,500,-1500,0,500,-500,0,0,-1,0,-2000,1001,-1001,-1999,-1000,1500,500,-1000,-1,0,1,-1001,0,1,1000,-1000,1000,-1001,0,0,1001,-1000,-1000,-1000,-1500,-500,-1000,-1],"closes":[0,-3999,2999,-999,-501,-499,-500,-500,1000,-1000,2999,2000,1001,1499,1,1500,-1500,500,-1001,1000,-999,-3000,500,-500,0,-500,0,500,-1000,499,-500,501,-500,-2001,-1999,1000,500,0,-1500,1000,0,-1000,-500,0,3000,-2500,500,-500,-1001,1001,500,-500,-500,-1500,0,-2500,-500,-1000,0],"volumes":[0.020248,0.012809,0.005046,0.002523,0.00327,0.005359,9.9E-5,8.5E-5,4.0E-6,7.67E-4,0.003306,0.002572,0.002482,0.002727,0.003471,0.001254,0.002472,0.001068,0.001796,0.002166,0.002317,0.001512,0.001123,0.002789,0.002246,6.12E-4,8.52E-4,6.51E-4,5.57E-4,0.003149,0.006162,0.004416,0.003158,0.003094,7.55E-4,0.003121,9.06E-4,0.001394,0.001478,0.001519,4.76E-4,2.14E-4,0.002259,0.003067,0.003363,0.002982,0.004572,0.001481,0.004359,0.002254,0.003636,0.001799,3.83E-4,8.24E-4,0.001151,0.002607,0.002836,0.00179,0.00208]}