{"timestamp":1577577600000,"multiplier":0.001,"open":3238.543,"high":3238.743,"low":3238.543,"close":3238.555,"shift":60000,"times":[1438,1],"opens":[0,206],"highs":[0,6],"lows":[0,-3],"closes":[0,-15],"volumes":[0.03706,0.04173]}