{"timestamp":1576368000000,"multiplier":1.0E-5,"open":1.31734,"high":1.31734,"low":1.31733,"close":1.31733,"shift":60000,"times":[1321,2,1,1,1,1,1,1,1,1,1,1,1,2,1,1,1,1,1,1,1,1,1,1,1,1,1,1,1,1,1,1,1,1,1,1,1,1,1,1,1,1,1,1,1,1,1,1,1,1,1,1,1,1,1,1,1,1,1,1,1,1,1,1,1,1,1,1,1,1,1,1,1,1,1,1,1,1,1,1,1,1,1,1,1,1,1,1,1,1,1,1,1,1,1,1,1,1,1,1,1,1,1,1,1,1,1,1,1,1,1,1,1,1,1,1,1],"opens":[0,0,-1,15,-15,28,-28,1,-1,1,-1,0,0,0,10,0,0,0,0,0,-2,3,-2,-1,1,1,4,-6,11,-2,10,7,0,0,-5,6,0,-1,0,5,0,0,-3,4,-6,5,1,-1,7,-3,8,17,-6,-4,1,-9,0,11,-59,0,51,-8,6,9,-1,2,0,-4,-9,-2,3,2,1,20,1,0,3,8,0,1,13,-1,1,-16,7,-4,4,0,3,-1,1,-1,-11,10,-1,1,0,0,0,-2,11,-1,4,14,-9,-6,10,-1,7,-2,-9,0,2,-2,-4,4,17],"highs":[0,0,0,14,-15,31,-31,1,-1,1,-1,0,3,8,-1,0,1,-1,0,1,1,-1,-2,-1,2,6,-2,4,1,5,11,-1,1,-1,0,1,0,0,5,-1,0,0,1,0,0,0,0,-1,7,-3,53,-2,-29,-1,-5,-9,0,11,-39,45,-7,1,4,0,0,2,-4,-2,-11,3,7,-4,15,13,-10,2,13,-4,1,13,-1,0,0,-6,-1,-2,2,2,0,-1,0,-1,0,0,-1,1,0,0,-1,9,0,4,14,0,-10,7,-3,6,0,-1,-9,1,3,-4,0,17,2],"lows":[0,1,-1,0,0,0,0,1,-1,1,-1,0,0,0,10,0,0,0,0,0,-2,0,1,-1,0,1,0,-1,8,-2,12,8,0,0,-5,5,0,0,0,5,0,0,-3,4,-6,1,4,0,0,4,8,10,-3,-2,-6,0,0,-54,6,0,30,3,14,1,5,-4,-2,-5,0,2,0,0,5,16,-3,-4,16,8,0,-1,14,-1,-14,0,3,0,2,2,2,-2,1,-17,7,9,0,1,-1,0,-1,0,9,1,4,6,-9,2,9,0,5,-9,0,0,0,-7,1,6,17],"closes":[0,1,0,0,-1,0,0,1,-1,1,-1,0,1,10,-1,0,0,0,0,1,1,-4,1,-1,0,6,-5,9,-2,8,10,0,1,-1,0,0,0,1,4,0,0,0,1,0,-1,1,-1,0,4,0,23,-2,-2,-6,-6,0,0,-45,1,51,-18,13,7,2,1,0,-5,-9,-2,0,7,-2,20,1,2,2,8,1,0,12,1,-1,-15,7,-3,3,0,4,-2,0,0,-10,9,-1,0,1,1,-1,-2,10,1,4,14,-7,-9,8,1,6,-1,-9,1,0,-1,-5,6,17,-1],"volumes":[1.5,0.75,1.5,3.2,2.0,15.37,1.0,1.0,1.0,1.0,3.5,2.0,11.7,3.0,5.75,3.1,4.1,1.1,3.54,9.34,4.0,2.75,1.0,1.0,8.24,9.25,16.62,55.37,10.75,20.16,31.29,1.0,10.7,3.0,3.0,10.5,15.9,3.01,7.63,4.83,2.36,4.36,6.02,3.04,13.48,10.62,6.02,6.12,12.62,4.0,84.8,462.52,175.74,160.86,25.17,5.25,3.0,182.92,142.56,557.65,1028.7,445.25,157.44,83.25,101.62,110.75,191.5,230.72,172.74,20.52,33.56,44.42,52.32,54.97,61.11,184.23,47.92,14.71,27.69,63.72,19.06,50.19,131.52,60.45,58.75,25.0,46.5,21.6,7.49,33.23,21.5,69.92,25.19,16.5,26.4,16.37,37.0,32.5,74.12,19.3,13.1,15.52,57.56,36.68,55.56,37.06,15.36,27.4,7.74,46.71,9.87,17.27,22.42,29.97,48.97,58.45,49.07]}