{"timestamp":1575763200000,"multiplier":0.001,"open":1459.418,"high":1459.535,"low":1458.615,"close":1458.748,"shift":60000,"times":[1380,1,1,1,1,1,1,1,1,1,1,1,1,1,1,1,1,1,1,1,1,1,1,1,1,1,1,1,1,1,1,1,1,1,1,1,1,1,1,1,1,1,1,1,1,1,1,1,1,1,1,1,1,1,1,1,1,1,1,1],"opens":[0,-680,620,-710,70,-120,70,290,220,-140,250,-150,-83,100,-90,10,10,180,-60,-150,-30,120,50,-110,100,-90,-10,-110,330,10,-120,90,-320,130,0,100,-10,-100,-10,-60,-10,70,100,-100,180,80,-210,240,110,-230,200,100,133,127,-17,-100,200,0,0,0],"highs":[0,-37,-40,-590,-60,40,200,120,70,60,10,-150,120,-123,-90,100,120,0,70,-280,120,-20,20,-10,0,-90,0,170,80,-30,10,-40,-160,20,80,0,-40,-90,0,-80,-10,170,0,80,90,20,20,150,-50,-20,90,90,170,50,-20,50,20,40,-40,-10],"lows":[0,33,-100,100,-100,50,70,290,70,10,-203,210,10,10,-180,90,50,150,-100,-100,50,110,-50,-90,100,-10,-110,-40,320,-90,-100,-90,-100,110,90,100,-90,-10,-120,50,-20,30,-30,90,100,-80,0,270,-180,60,130,140,150,110,-87,0,177,-30,53,-83],"closes":[0,500,-610,110,-150,70,290,200,-120,250,-160,-73,110,-100,-10,30,130,70,-210,-80,180,-10,-80,100,-50,-50,-110,280,70,-160,140,-330,150,-40,130,-40,-90,10,-90,10,-10,160,-100,190,70,-230,290,110,-250,200,100,100,160,-30,-80,200,-7,7,0,0],"volumes":[0.03784,0.02127,0.02289,0.00881,0.01889,0.011,0.00917,0.0053,0.00443,0.00764,0.01096,0.00491,0.01262,0.00303,0.01291,0.01082,0.0114,0.00819,0.01025,0.00885,0.00616,0.00208,0.00343,0.00588,0.00521,0.00148,0.00333,0.00722,0.00846,0.00524,0.00598,0.00456,0.00873,0.00961,0.00352,8.0E-4,9.0E-4,6.7E-4,0.01017,0.00176,0.00241,0.00476,0.00897,0.00525,0.00459,0.00544,0.00469,0.00521,0.01226,0.00829,0.00682,0.00593,0.01705,0.01094,0.00738,0.01073,0.00692,0.00944,0.00848,0.00855]}