{"timestamp":1175385600000,"multiplier":1.0E-5,"open":0.93192,"high":0.93192,"low":0.93177,"close":0.93183,"shift":60000,"times":[1260,1,1,1,1,2,1,1,1,1,1,1,1,1,1,1,1,1,1,1,1,1,1,1,1,1,1,2,1,1,1,1,1,1,1,1,1,1,1,1,1,1,1,1,1,1,1,1,1,1,1,1,1,1,1,1,1,1,1,1,1,1,1,1,1,1,1,1,1,1,1,1,1,1,1,1,1,1,1,1,1,1,1,1,1,1,1,1,1,2,1,1,1,1,1,1,1,1,1,1,1,1,1,1,1,1,1,1,1,1,1,1,1,1,1,1,1,1,1,1,1,1,1,1,1,1,1,1,1,1,1,2,1,1,1,1,1,1,1,1,1,1,1,1,1,1,1,1,1,1,1,1,1,1,1,1,1,1,1,1,1,1,1,1,1,1,1,1,1,1,1,1,1,1,1,1],"opens":[0,-4,6,26,7,-29,26,0,-6,-14,-17,12,13,-8,15,-10,24,-8,4,0,7,-21,-8,6,-12,10,-17,30,22,-4,8,0,5,4,2,12,-17,17,-4,7,-4,-28,-8,15,29,-6,11,-5,-1,-17,2,4,-10,-6,8,11,-1,6,-1,-10,-3,13,-11,-18,-5,-8,-2,-22,-29,33,-22,-21,29,-31,5,19,1,22,27,-8,-10,6,9,4,17,27,8,1,-2,9,-5,7,4,7,8,8,-21,7,-23,12,4,-18,-11,-7,1,13,15,2,11,-7,-1,11,4,17,5,-25,0,-30,-52,-41,-1,105,-62,-23,-11,-11,17,-13,-2,-3,5,6,-24,13,1,-2,-3,-3,-15,3,-4,-3,88,9,-80,10,-10,-16,-11,7,-6,8,10,14,0,9,24,4,-19,43,18,-27,-12,4,-14,22,6,13,8,-13,-2,-12,-5,-21,3,21],"highs":[0,5,10,16,4,-20,30,-6,-13,-14,-6,15,-1,-3,16,-7,22,-11,0,14,-3,-25,-3,6,-17,10,2,33,0,2,6,3,6,-1,15,-4,-13,25,-13,4,0,-32,8,24,9,-6,7,-1,-6,-14,7,1,-15,8,7,0,2,2,1,-3,-8,18,-21,-12,-11,3,-10,-25,3,1,-22,-6,14,-31,21,18,-1,30,7,-9,-5,7,5,10,30,14,3,1,2,7,-6,9,-1,17,3,2,-18,4,-11,0,4,-18,-11,-7,9,20,5,10,0,-9,8,12,4,15,-3,-21,-3,-31,-52,-41,53,63,-74,-19,-13,3,1,-12,0,1,7,-3,-13,7,-1,-4,-4,-3,-9,-3,0,34,62,-6,-80,21,-20,-17,-4,0,5,0,17,10,-1,16,21,8,8,21,15,-32,-16,2,-1,15,5,17,-5,-5,-10,-12,-5,-18,10,22],"lows":[0,9,8,26,-19,-11,34,-13,-7,-17,-2,14,5,-8,-2,14,25,-16,5,7,-9,-12,-2,0,-19,14,-10,33,-27,45,5,3,1,8,2,-3,-2,17,-7,4,-21,-15,2,15,29,-11,10,1,-12,-12,8,-1,-20,9,3,13,-2,2,-3,0,-3,10,-38,9,-10,-2,-8,-47,4,18,-22,-19,22,-20,14,19,-17,40,23,-13,-4,9,7,1,22,22,11,3,-2,8,-9,11,5,7,8,-2,-49,26,-4,4,1,-19,-4,-10,9,13,14,3,7,-9,5,11,-3,18,-18,4,-9,-67,-31,-22,-1,87,-62,-11,-8,-2,5,-9,3,-2,7,-14,-4,9,5,-5,-3,-15,-2,0,-2,-10,98,-38,-56,24,-14,-14,-3,7,-9,3,21,14,-17,26,24,-5,-10,43,2,-12,-14,2,-36,49,-2,21,-18,13,-14,-3,-17,-6,3,21],"closes":[0,14,10,16,-22,6,21,3,-24,-20,11,15,-3,-1,7,2,15,-9,-2,14,-16,-12,4,-6,-7,2,12,33,-9,8,9,-3,0,11,15,-19,2,15,-6,1,-21,-15,18,24,4,-1,0,2,-13,-3,2,-4,-13,8,7,3,4,-4,-3,5,-3,5,-32,4,-11,-2,-8,-47,36,-14,-22,9,-6,-12,21,13,5,30,2,-13,4,7,5,10,30,14,-2,6,2,2,-1,2,6,17,3,-8,-8,-15,5,1,-5,-19,-3,-7,13,20,5,10,-5,-10,14,11,5,15,-32,8,-13,-67,-31,-18,55,27,-62,-11,-8,11,-8,-9,3,7,7,-23,7,-2,5,-5,-3,-15,-2,4,-6,41,62,-53,-36,4,-14,-14,7,-2,7,0,16,8,-3,21,17,-10,26,25,-16,-12,-5,-7,8,14,6,17,-25,9,-16,0,-20,-5,12,22],"volumes":[0.227613,0.156375,0.140597,0.057882,0.123785,0.828501,0.074192,1.015297,0.150226,0.048512,0.16734,0.106743,0.118335,0.155137,0.133726,0.102033,0.08878,0.919074,1.072426,0.099595,0.122995,0.085344,0.12271,0.098554,0.924012,0.06493,0.078264,0.206431,0.941745,0.987707,0.078856,0.083639,0.11957,0.031083,0.150939,0.079483,0.596954,1.623053,0.106671,0.045066,0.158256,0.111884,0.052464,0.075383,0.097023,0.045356,0.074087,0.077154,0.099275,0.09539,0.613805,0.140761,0.096762,0.157173,0.12761,0.122545,0.154443,0.077174,0.062192,0.661804,0.061966,0.143364,0.232609,0.145852,0.047041,0.104081,0.123457,0.100749,0.052373,0.084351,0.11019,0.088662,0.025551,0.771257,0.795367,0.174923,0.082888,0.107166,0.07748,0.15096,0.183469,0.118202,0.113374,0.179485,0.082946,0.167668,0.06827,0.033383,0.057449,0.170555,0.102559,0.160125,0.024978,0.126498,0.055435,0.096827,0.197551,0.04805,0.938738,0.060366,0.095688,0.106323,0.83388,0.079042,0.022244,0.148235,0.224854,0.102686,0.110252,0.079927,0.048902,0.084274,0.114765,0.105044,0.775493,0.05434,0.067591,0.043913,0.060565,0.125854,0.140236,0.071111,0.056584,0.229633,0.773005,0.089692,0.116466,0.094004,0.068135,0.773313,0.094933,0.103516,0.098573,0.124302,0.108437,0.076245,0.01898,0.099701,0.532975,0.136682,0.103677,0.193838,0.026837,0.082128,0.148527,0.166675,0.142077,0.202724,0.115865,0.041097,0.096302,0.126059,0.130049,0.102279,0.151048,0.122649,0.710713,0.105085,0.047141,0.07993,0.815843,1.930701,0.122523,0.050979,0.143855,0.153847,0.106729,0.128583,0.065475,0.11077,0.080756,0.218104,0.074768,0.141064,0.151716,0.143096]}