{"timestamp":1175385600000,"multiplier":1.0E-5,"open":1.15119,"high":1.15119,"low":1.15078,"close":1.15105,"shift":60000,"times":[1260,1,1,1,1,1,1,1,1,1,1,1,1,1,1,1,1,1,1,1,1,1,1,1,1,1,1,1,1,1,1,1,1,1,1,1,1,1,1,1,1,1,1,1,1,1,1,1,1,1,1,1,1,1,1,1,1,1,1,1,1,1,1,1,1,1,1,1,1,1,1,1,1,1,1,1,1,1,1,1,1,1,1,1,1,1,1,1,1,1,1,1,1,1,1,1,1,1,1,1,1,1,1,1,1,1,1,1,1,1,1,1,1,1,1,1,1,1,1,1,1,1,1,1,1,1,1,1,1,1,1,1,1,1,1,1,1,1,1,1,1,1,1,1,1,1,1,1,1,1,1,1,1,1,1,1,1,1,1,1,1,1,1,1,1,1,1,1,1,1,1,1,1,1,1,1,1,1,1,1],"opens":[0,31,-41,36,-34,26,-17,20,0,0,-17,27,10,10,0,0,10,0,0,10,0,30,-40,10,-10,-30,-30,50,-15,1,-6,20,10,0,-21,-11,22,20,-12,22,-46,-7,53,0,-59,59,-35,0,17,-10,15,-65,44,34,-40,16,24,-45,45,20,-20,10,-16,3,13,-10,0,10,0,-35,55,0,0,0,-20,0,10,20,10,-23,-5,28,-39,39,10,0,0,40,-105,65,0,-65,65,0,10,0,0,-2,6,26,-10,10,-22,12,-20,10,-45,45,-22,-18,40,20,-20,-21,31,-23,23,0,-49,59,-40,-20,-30,30,0,0,20,-20,0,20,-30,10,-25,15,-17,7,-28,28,10,0,0,-20,0,10,0,0,0,0,0,0,0,0,0,0,0,0,0,0,0,0,-60,60,0,0,-61,61,0,-5,-4,9,10,0,0,0,-10,0,0,-30,0,10],"highs":[0,41,-51,46,-8,0,-7,0,10,0,-12,22,20,0,-10,0,30,30,-30,-10,40,-10,-30,0,-10,-10,-45,45,-10,-3,18,5,0,0,-21,-9,40,10,-2,2,-33,4,29,0,-59,59,-35,10,8,1,3,-29,11,31,-34,10,24,-45,45,30,10,-30,-16,3,13,-10,0,10,10,-45,55,0,0,0,-20,10,20,10,0,-18,-3,21,-39,39,10,0,30,10,-105,65,0,-65,85,-20,30,-20,30,-28,20,8,0,0,-12,12,-20,0,-29,29,-22,14,18,10,-20,-17,27,-9,9,0,-49,69,-40,-30,-10,10,0,20,0,-20,10,10,-20,10,-35,15,-17,7,-28,28,10,0,0,-10,-10,10,10,-10,0,0,0,0,0,0,0,0,0,0,0,0,0,0,-55,55,0,0,-61,61,0,5,-14,9,10,0,0,0,-10,0,0,-30,10,0],"lows":[0,72,-45,35,-29,23,-14,20,-10,10,-38,48,10,-10,0,20,-10,20,-10,20,-10,-30,30,10,-10,-30,-30,50,-20,-9,-11,40,10,-10,-17,-34,41,10,-36,56,-36,-24,70,0,-66,66,-45,10,11,-15,-11,-43,48,35,-30,-20,50,-40,50,0,-20,30,-36,-14,50,-10,-10,20,0,-40,60,0,0,-30,10,0,10,20,10,-35,-23,48,-36,46,10,0,0,0,-70,70,0,-70,60,10,10,0,0,-2,-13,45,-10,10,-48,18,-10,10,-59,59,-50,20,40,-20,10,-50,70,-33,23,10,-56,36,-20,-20,-20,30,0,0,-15,5,0,0,-10,-10,5,15,-47,22,-47,52,20,0,-20,-5,5,0,10,0,0,0,0,-10,0,10,0,-10,10,0,0,0,0,0,-60,60,0,0,-64,64,0,-5,-45,50,10,0,0,-10,0,0,-30,-15,15,0],"closes":[0,46,-44,43,-15,1,4,0,0,0,-38,58,20,0,-10,0,10,10,-10,10,40,-50,0,10,-10,-10,-45,45,-10,-3,-27,50,0,-10,-17,-34,71,10,-66,56,-29,-31,70,0,-66,66,-45,20,1,-3,-23,8,2,30,-30,-20,60,-50,50,0,-20,30,-22,-28,50,-10,0,10,0,-40,60,0,0,-20,0,10,10,20,0,-30,-28,48,-36,46,10,0,25,-25,-70,70,0,-70,70,0,10,0,30,-28,-14,42,0,0,-48,18,0,0,-59,59,-50,25,45,-5,-5,-60,70,-33,23,10,-56,36,-20,-10,-10,10,0,10,-10,-10,20,-20,-10,-10,5,15,-47,22,-15,20,20,0,-20,-5,5,0,10,0,0,0,0,-10,0,10,0,-10,10,0,0,0,0,0,-55,55,0,0,-64,64,0,5,-55,50,10,0,0,-10,0,0,-30,-15,25,-10],"volumes":[24.4,54.3,26.4,76.8,49.9,55.9,8.7,7.9,58.7,48.1,16.5,38.8,64.3,71.6,30.2,50.0,75.6,76.6,98.5,2.3,123.4,82.6,39.8,39.7,5.6,17.5,2.8,13.5,22.7,130.5,96.7,15.1,1.6,46.7,2.8,85.1,30.9,47.3,106.0,5.0,62.4,118.6,2.4,0.8,2.4,1.6,24.0,35.2,67.3,19.1,92.8,184.5,72.9,5.3,5.6,54.9,14.9,3.2,0.8,35.1,58.9,1.6,104.7,138.1,0.8,4.0,83.0,65.8,26.3,2.8,0.6,0.9,3.0,93.0,17.0,34.8,10.7,64.1,14.4,83.3,71.5,25.8,2.8,12.1,9.6,19.6,25.4,26.2,3.2,31.6,24.7,2.4,88.2,44.0,46.1,5.6,65.2,2.4,38.2,3.2,39.0,2.4,77.1,60.9,13.0,47.9,89.9,35.1,57.1,24.9,20.7,106.1,45.0,78.3,5.4,6.8,40.1,4.8,2.4,74.1,231.2,166.3,100.3,14.4,4.8,117.4,56.0,40.4,104.4,102.3,218.4,242.3,20.4,2.4,96.8,79.2,63.1,8.4,2.1,1.8,133.4,141.7,59.0,22.6,59.8,94.2,41.6,3.8,26.7,18.9,66.2,3.5,5.0,46.2,2.0,3.5,2.0,1.6,1.8,0.6,2.8,0.6,0.6,1.2,2.8,16.2,7.8,6.9,103.5,10.1,38.4,72.2,14.4,21.7,50.4,1.5,103.9,61.0,67.4,14.5]}