{"timestamp":1206662400000,"multiplier":1.0E-5,"open":0.92107,"high":0.92119,"low":0.92107,"close":0.92119,"shift":60000,"times":[0,1,1,1,1,1,1,1,1,1,1,1,1,1,1,1,1,1,1,1,1,1,1,1,1,1,1,1,1,1,1,1,1,1,1,1,1,1,1,1,1,1,1,1,1,1,1,1,1,1,1,1,1,2,2,1,1,1,1,1,1,1,1,1,1,1,1,1,1,1,1,1,2,1,2,2,1,1,2,1,1,1,1,1,1,1,1,1,1,1,1,1,1,1,1,1,1,1,2,1,1,1,1,1,1,1,1,1,1,1,2,1,1,1,1,1,1,1,1,1,1,1,1,1,1,1,1,1,1,1,1,1,1,1,1,1,1,1,1,1,1,1,1,1,1,1,1,1,1,1,1,1,1,1,1,1,1,1,1,1,1,1,1,1,1,1,1,1,1,1,1,1,1,1,1,1,1,1,1,1,1,1,1,1,1,1,1,2,1,1,1,1,1,1,1,1,1,1,1,1,1,1,1,1,1,1,1,1,1,1,1,2,1,1,1,1,1,1,1,1,1,1,1,1,1,1,1,1,1,1,1,1,1,1,1,1,1,1,1,1,1,1,1,1,1,1,1,1,1,1,1,1,1,1,1,1,1,1,1,1,1,1,1,1,1,1,1,1,1,1,1,1,1,1,1,1,1,1,1,1,1,1,1,1,1,1,1,1,1,1,1,1,1,1,1,1,5,1,1,1,1,1,1,1,1,1,1,1,1,1,1,1,1,1,1,1,1,1,1,1,1,1,1,1,1,1,1,1,1,1,1,1,1,1,1,1,1,1,1,1,1,1,1,1,1,1,1,1,1,1,1,1,1,1,1,1,1,1,1,1,1,1,1,1,1,1,1,1,1,1,1,1,1,1,1,1,1,1,1,1,1,1,1,1,1,1,1,1,1,1,1,1,1,1,1,1,1,1,1,1,1,1,1,1,1,1,1,1,1,1,1,1,1,1,1,1,1,1,1,1,1,1,1,1,1,1,1,1,1,1,1,1,1,1,1,1,1,1,1,1,1,1,1,1,1,1,1,1,1,1,1,1,1,1,1,1,1,1,1,1,1,1,1,1,1,1,1,1,1,1,1,1,1,1,1,1,1,1,1,1,1,1,1,1,1,1,1,1,1,1,1,1,1,1,1,1,1,1,1,1,1,1,1,1,1,1,1,1,1,1,1,1,1,1,1,1,1,1,1,1,1,1,1,1,1,1,1,1,1,1,1,1,1,1,1,1,1,1,1,1,1,1,1,1,1,1,1,1,1,1,1,1,1,1,1,1,1,1,1,1,1,1,1,1,1,1,1,1,1,1,1,1,1,1,1,1,1,1,1,1,1,1,1,1,1,1,1,1,1,1,1,1,1,1,1,1,1,1,1,1,1,1,1,1,1,1,1,1,1,1,1,1,1,1,1,1,1,1,1,1,1,1,1,1,1,1,1,1,1,1,1,1,1,1,1,1,1,1,1,1,1,1,1,1,1,1,1,1,1,1,1,1,1,1,1,1,1,1,1,1,1,1,1,1,1,1,1,1,1,1,1,1,1,1,1,1,1,1,1,1,1,1,1,1,1,1,1,1,1,1,1,1,1,1,1,1,1,1,1,1,1,1,1,1,1,1,1,1,1,1,1,1,1,1,1,1,1,1,1,1,1,1,1,1,1,1,1,1,1,1,1,1,1,1,1,1,1,1,1,1,1,1,1,1,1,1,1,1,1,1,1,1,1,1,2,1,1,1,1,1,1,1,1,1,1,1,1,1,1,1,1,1,1,1,1,1,1,1,1,1,1,1,1,1,1,1,2,1,1,1,1,1,2,1,1,1,1,1,2,1,1,1,1,1,1,1,1,1,1,1,1,1,1,1,1,1,1,1,1,1,1,1,1,1,1,1,1,1,1,1,1,1,2,1,1,1,1,1,1,1,1,1,1,1,1,1,1,1,1,1,1,1,1,2,1,1,1,1,1,1,1,1,1,1,1,1,1,1,1,1,1,1,1,2,1,1,1,1,1,1,1,1,1,1,1,1,2,1,1,1,1,1,1,1,1,1,1,1,1,1,1,2,1,1,1,1,1,1,1,2,1,1,2,1,1,1,1,1,1,1,1,1,1,1,1,1,1,1,1,1,1,2,1,1],"opens":[0,11,4,30,-10,-2,5,5,8,-11,23,-5,-3,-13,3,-5,5,-9,-10,-6,-2,5,0,-6,10,3,-12,-3,-1,1,-4,9,20,1,-11,15,0,15,5,16,-21,-7,4,3,15,-8,18,-2,2,-19,4,-1,-19,10,5,6,22,42,-5,3,9,36,7,18,-18,-16,9,-8,8,2,-10,1,-23,2,10,-9,-11,-21,-6,-20,-5,7,32,13,0,5,0,0,-5,-5,10,30,-5,-9,14,-12,-20,4,10,-7,7,-32,12,8,20,-2,-9,-12,-2,11,4,-1,1,-19,-5,2,-5,-3,10,-2,-8,1,-6,3,-13,10,1,17,6,-1,-4,8,5,-12,-2,7,25,4,21,0,22,18,-15,-10,-19,-24,23,-20,-15,-10,14,-9,12,-5,0,-9,-47,11,0,-41,4,-19,-46,-20,27,-22,-45,20,-14,41,38,10,-38,-25,6,3,59,0,-6,-10,9,14,-39,-10,-15,17,-23,4,19,-10,10,0,-19,0,-6,-5,20,30,4,-5,-8,-15,-31,-9,9,-20,0,-28,-30,53,10,-21,-7,14,-1,-9,-47,-2,-10,14,-68,9,8,-3,14,22,11,-6,22,-1,-61,32,-3,-42,39,-37,10,3,-9,9,-40,-8,-8,-12,-1,12,14,-41,-13,27,-10,12,8,20,-5,16,9,34,-4,0,14,6,3,44,-19,9,-4,48,4,20,-18,4,-3,1,-9,1,20,9,-15,5,-2,14,2,-1,-13,-16,-1,-1,12,-33,36,13,-35,30,-14,2,2,15,-1,-29,5,35,-14,-3,-6,92,2,-65,16,-33,30,6,24,-2,35,-20,-38,-29,-12,48,3,7,-27,-4,0,-15,12,10,63,35,-4,-13,16,-4,-18,14,1,3,-15,1,-21,-24,-10,-1,3,8,-26,36,4,-3,1,27,-24,-20,3,10,-4,-9,39,16,34,11,13,-5,-22,3,-17,-8,34,1,-8,5,8,-6,-7,0,2,-9,2,20,-27,-8,8,52,-7,20,30,-26,24,12,-14,23,6,15,-18,8,0,22,8,-5,7,25,8,-11,-11,-18,0,13,-4,-13,6,4,1,-2,10,20,15,-15,-19,8,-11,-3,-17,10,-14,21,-8,-56,-7,5,12,-11,-5,7,-6,1,-9,-6,13,-8,-2,-2,-15,4,-32,-4,-66,36,9,5,-89,36,13,-19,8,-4,14,-16,-5,2,24,4,3,0,-16,-25,-10,-2,20,7,-45,-10,-25,-20,16,-21,10,2,9,-11,41,33,-53,-29,-2,-5,-12,3,-4,-1,29,20,11,15,27,41,-44,-18,-12,6,-5,-30,5,-13,-18,25,0,3,7,-18,-9,-2,-6,-10,-3,2,-21,-18,0,-14,13,72,-16,50,30,10,2,18,-56,6,-13,3,40,-49,-51,-51,-49,0,-1,-4,16,-1,-20,9,7,-56,-20,30,-14,-6,65,-13,-9,-58,25,13,-43,-35,55,-40,15,-9,-20,4,-4,-6,15,-35,31,-8,-11,9,-26,-10,-65,50,11,54,14,4,60,-71,24,42,33,0,-31,-9,-20,-5,16,0,13,-10,5,-5,-14,15,2,-3,-84,9,10,14,-9,-39,-29,-7,3,17,-17,-39,9,8,-37,-24,12,41,-13,14,36,-10,33,-98,-71,48,21,-14,-29,10,10,-7,-3,10,10,1,3,-4,5,15,-10,9,2,-20,-24,17,-14,-31,8,-14,-13,13,37,80,-10,0,12,33,30,-14,-23,-31,-34,17,-15,19,-32,22,14,-6,7,15,6,-41,-9,-28,-2,10,10,-5,-8,23,-7,30,-3,-7,2,0,-14,0,-1,24,22,-6,16,18,-5,-4,-24,33,16,0,0,-15,-25,-44,125,-36,-6,1,-23,-26,-51,-50,40,-13,-25,-1,-21,20,57,-4,-41,-6,-28,52,5,-5,-4,-35,-1,3,13,-6,-30,10,6,-5,-10,-6,-8,5,3,-25,12,-4,0,-8,2,6,5,2,-5,16,-6,10,0,-5,-5,-11,-7,38,-6,-11,28,-2,2,-6,26,9,1,13,-43,-7,11,10,-23,-22,0,5,-10,20,34,-12,-7,1,27,-24,9,-25,-3,-5,20,20,13,9,2,-20,-7,-17,-25,-15,-6,-3,-3,7,-60,20,45,5,-4,9,30,-20,1,2,0,2,-2,1,-1,-37,9,-47,25,3,12,7,-35,14,-19,0,7,0,1,-16,3,-25,5,15,0,15,0,-25,-5,20,45,-10,-10,-24,29,-5,-12,-27,-6,0,1,1,-3,-6,2,-15,0,-14,29,0,-4,11,51,13,-6,7,-1,-6,-5,5,4,-4,10,30,8,2,72,-42,4,-28,-1,0,8,-2,-4,3,-1,0,-21,43,29,-55,10,1,-26,15,50,-14,14,-10,-5,-10,5,25,0,5,-11,14,9,13,28,3,-5,-12,-3,9,-20,0,-2,2,0,2,23,-18,-27,-5,25,-10],"highs":[0,2,26,6,-3,-3,5,6,1,18,-5,-5,-5,-10,0,-5,5,-9,-1,-10,0,0,-2,5,-1,9,-14,1,-3,-5,5,20,5,10,-10,0,10,10,25,-5,-25,0,0,10,5,5,5,-2,7,-15,-5,-1,-14,15,0,22,43,5,0,5,35,15,10,0,-20,-15,10,0,5,-5,-9,0,-21,0,10,-9,-11,-20,-7,-20,2,32,13,10,0,-5,0,0,0,-4,24,10,-5,5,0,-12,-13,10,-3,3,0,-20,5,20,0,-2,-3,-18,23,-13,8,0,-5,-19,-1,-2,2,-5,5,0,-5,-4,-1,0,-5,5,15,5,1,-1,5,4,-2,-12,13,17,20,0,10,25,5,5,-15,-9,-14,3,0,-26,-18,4,-1,1,5,-7,1,-11,-33,-3,3,-35,-4,-16,-31,-7,-2,-24,-36,10,40,20,25,-10,-37,-18,15,35,10,0,-6,1,12,1,-40,-10,5,1,-20,26,-7,-12,19,-10,-15,-1,-9,25,16,14,15,-23,-5,-2,-50,5,-5,-12,-5,-31,43,-8,-2,-20,20,-10,0,-10,-46,-4,15,-12,-53,0,15,15,0,18,10,10,5,-14,-27,-2,0,8,-8,-30,9,-5,3,-7,-37,-3,-10,0,0,20,-13,-36,3,6,20,0,0,20,19,21,1,4,10,15,-10,10,71,-34,-5,-2,45,15,-5,10,-5,-9,-1,0,-10,20,20,24,-44,0,20,0,10,-17,-13,-16,5,11,0,0,5,5,0,0,-15,5,0,50,-25,-34,30,9,-23,4,99,-15,-4,-46,5,-5,-5,25,20,20,40,-41,-54,-30,36,-5,54,-44,-21,0,0,-5,10,65,20,25,-20,15,-5,-15,6,9,-14,-1,-12,-2,-20,-16,-10,-7,32,-20,5,8,-1,3,12,12,-26,-9,7,-7,7,34,5,41,-1,20,-5,-6,-19,0,-15,24,7,-6,1,14,-10,-6,-5,0,11,-20,12,18,-30,0,50,0,0,66,-16,-10,17,-6,19,-6,21,-5,0,-10,30,5,-5,30,-5,20,-5,-16,-8,-11,5,-2,-4,1,10,-5,-5,0,40,-5,5,-15,-10,-1,-10,1,15,-25,15,-7,-9,-53,-5,19,5,-15,0,-6,6,-10,-3,-7,5,-5,5,-12,-8,0,-35,-4,-24,20,-9,-2,-55,18,1,-9,-6,17,0,-15,-5,18,5,1,5,0,-16,-29,-10,21,4,0,-36,-20,-25,5,-9,-1,0,4,11,15,35,0,-45,-30,0,-14,4,-10,10,20,13,17,26,24,40,10,0,-70,-10,0,-19,-11,10,-30,-10,10,10,30,-29,-6,-15,-4,-9,-11,0,2,-18,-25,15,-20,92,38,0,0,20,10,0,30,-70,10,-23,53,0,-59,-51,-30,-55,-5,0,0,30,-30,-7,8,1,-42,10,-15,-15,60,0,-16,-5,-59,50,0,-60,43,-23,-10,-10,-10,-10,-10,20,-12,4,-12,11,-10,-4,3,-35,0,-21,9,46,30,-2,88,-32,-15,16,26,20,-10,-30,-18,-12,30,-10,20,-20,0,0,-15,15,0,0,-15,-55,-20,22,38,-29,-55,-16,0,12,-2,-24,-34,18,0,-46,6,30,0,0,50,-10,20,-7,-92,-31,40,-5,-25,-26,36,-10,-10,-10,20,40,-30,0,0,1,9,10,10,-19,-20,0,11,-2,-43,-10,-4,-1,38,73,-3,-10,11,39,30,0,-18,-24,-31,-7,-8,11,-3,-14,18,10,6,1,-1,0,-35,17,-60,28,0,5,-5,-10,10,25,5,10,0,-15,-5,-10,0,20,20,0,20,10,0,20,0,-10,2,8,-10,20,-35,-15,75,-4,-21,-17,-3,-20,-29,-51,-20,10,-10,0,-27,-3,56,14,-15,-36,-13,19,28,-10,-13,0,-35,6,9,0,-9,-21,10,15,-10,-23,-5,0,0,-2,-10,0,0,-5,5,0,10,4,-9,20,-12,-3,5,25,-30,0,0,10,5,-6,31,0,-10,-4,19,20,-9,9,15,-53,8,4,1,-21,-22,0,3,0,45,15,-25,-10,35,-7,-14,-1,-23,-5,0,22,33,15,-10,0,-21,-7,-13,-29,-15,-5,-3,-4,7,-30,45,0,-5,1,30,5,-15,5,-5,1,-2,1,0,-1,-24,-1,-29,13,4,6,1,-15,0,-15,-5,2,2,0,-14,0,-10,0,15,17,-2,0,-25,25,30,-5,-10,-10,20,-14,6,-24,-27,-6,0,20,-11,-3,-10,0,-11,-5,5,10,1,5,84,-8,-11,0,1,-1,-1,-3,3,0,0,40,10,-2,36,46,-46,1,-30,-5,7,1,-2,-2,1,-1,0,19,42,0,-53,5,0,-32,60,20,-5,5,-20,-10,5,5,30,-10,5,-9,13,-2,39,7,0,-3,-16,11,-5,-20,1,4,0,-2,17,5,-18,-27,0,20,21],