{"timestamp":1205020800000,"multiplier":1.0E-5,"open":1.53607,"high":1.53622,"low":1.53586,"close":1.5362,"shift":60000,"times":[1260,1,1,1,1,1,1,1,1,1,1,1,1,1,1,1,1,1,1,1,1,1,1,1,1,1,1,1,1,1,1,1,1,1,1,1,1,1,1,1,1,1,1,1,1,1,1,1,1,1,1,1,1,1,1,1,1,1,1,1,1,1,1,1,1,1,1,1,1,1,1,1,1,1,1,1,1,1,1,1,1,1,1,1,1,1,1,1,1,1,1,1,1,1,1,1,1,1,1,1,1,1,1,1,1,1,1,1,1,1,1,1,1,1,1,1,1,1,1,1,1,1,1,1,1,1,1,1,1,1,1,1,1,1,1,1,1,1,1,1,1,1,1,1,1,1,1,1,1,1,1,1,1,1,1,1,1,1,1,1,1,1,1,1,1,1,1,1,1,1,1,1,1,1,1,1,1,1,1,1],"opens":[0,3,-36,32,-22,29,7,6,-23,-2,-18,10,-2,-4,-16,0,-1,32,-14,10,-18,20,-12,0,-3,-17,10,-28,36,-3,-15,0,-10,2,25,20,-18,8,0,18,-6,-13,-4,-3,-24,2,26,-11,10,-1,4,-3,-1,-2,18,-6,-6,-10,2,19,-21,32,-29,5,-19,15,32,1,-8,-16,-14,8,-1,4,-9,2,31,-6,30,38,1,33,-3,13,8,24,-53,27,-15,48,-1,-6,-17,4,13,15,5,40,-36,34,-2,-30,31,-19,2,-25,14,-7,33,67,112,-31,-21,2,-34,12,13,30,-4,-2,-11,-27,4,-6,1,38,-30,32,47,-5,-5,-5,-21,-11,-13,34,-16,-8,40,35,-5,-33,35,-62,23,-29,-4,0,18,-35,-19,17,23,-29,-9,23,-25,14,6,16,-17,16,-22,7,-41,41,-29,13,31,-20,27,17,-33,11,-8,-18,2,-5,4,-3],"highs":[0,2,-7,0,-2,-2,12,1,-5,-8,-10,2,4,-7,-18,24,-14,10,4,2,7,4,-18,-5,-3,-16,6,-16,22,-2,9,-16,-15,32,6,13,-22,22,8,-5,-6,2,-7,-12,-23,0,30,2,-6,5,0,2,-5,14,-7,11,-28,-1,18,15,-12,2,-9,18,-26,4,24,9,-15,-21,30,-19,-1,-5,-2,30,-4,25,44,17,28,-8,13,10,-7,11,1,-2,-3,20,-9,5,-23,14,19,35,-1,-2,9,3,4,-17,17,-16,-14,-7,18,12,77,109,-11,-18,-4,-21,-7,-8,32,30,27,-56,13,-38,-10,-3,53,-2,-19,52,-5,-7,-6,-1,-12,2,-1,-6,-9,12,43,-1,1,-9,3,-17,-19,-19,7,-7,12,-15,-19,17,-7,-7,1,9,10,3,-17,27,-36,17,-2,-2,-9,9,1,-2,1,17,34,-9,-2,-40,-8,-15,10,-9,10,-11],"lows":[0,5,-23,17,-1,8,21,-1,-21,-22,14,-2,8,-22,-2,6,-10,8,3,18,-15,-1,14,-30,7,-5,-9,-2,-5,16,-11,3,-1,9,3,5,7,-1,8,12,-12,-2,-5,-2,-22,7,28,-6,9,-9,2,8,-7,4,2,10,-27,-4,7,16,-22,-9,12,-11,7,17,24,11,-31,-15,8,8,-8,-2,-3,7,12,-7,42,26,10,13,12,19,11,7,-32,24,-7,12,0,16,-12,-3,-5,37,13,0,7,5,-1,-2,-10,5,-21,-10,33,-3,24,76,65,-1,-10,-22,-2,-3,9,-11,40,-5,-31,-5,-6,7,-6,21,8,19,22,-4,10,-14,-7,-1,-6,-9,2,9,19,-15,34,5,-33,-6,-9,-13,-2,2,6,-11,-7,-8,-2,10,-7,12,-3,9,-11,-4,20,0,-20,6,-21,19,-7,0,-6,30,10,1,-12,-12,-25,14,4,-15,12,7],"closes":[0,-26,17,-26,20,-13,27,-7,-3,-14,-2,12,-16,-12,0,14,-2,1,0,10,6,-21,7,-12,-15,-5,-9,-2,21,5,-5,12,-16,10,25,-24,19,-5,21,-12,9,-22,-7,7,-13,-12,24,10,-2,-14,15,3,-13,28,-17,21,-45,11,27,-19,22,-22,-4,5,-7,4,33,0,-20,-28,17,15,-2,-7,-17,52,-21,26,54,15,11,7,2,24,-6,-14,7,5,7,-3,9,12,-35,28,21,10,26,-13,-5,6,-13,15,-4,-18,-11,11,20,4,59,107,0,-13,-6,-33,7,7,17,12,-5,-1,-47,-8,14,-19,37,-14,26,71,-39,-17,26,-28,-6,33,-9,-22,9,-4,35,6,-8,1,-23,-4,-22,10,-14,-6,-6,15,-11,-16,13,-1,6,16,4,-5,-32,15,5,-9,-15,16,2,-10,20,-38,25,19,23,-19,-8,-1,-27,18,8,-42,18,3],"volumes":[458.6,766.6,642.45,403.55,156.4,250.9,75.6,59.0,217.4,74.2,541.25,128.3,303.5,296.2,445.0,74.8,64.0,94.8,306.7,368.9,659.6,90.0,440.6,278.05,407.8,379.0,703.8,458.6,380.4,855.1,538.0,827.5,435.9,621.3,525.5,897.2,202.6,210.2,357.3,454.0,668.3,1019.1,285.1,224.6,466.747,911.9,866.5,647.947,626.8,642.9,521.7,339.2,208.7,171.7,219.2,124.6,77.8,187.9,93.9,404.0,637.7,407.2,316.4,496.6,473.2,206.9,302.3,148.2,407.1,649.3,957.4,243.7,326.1,454.0,319.6,51.8,232.7,237.2,640.8,502.1,92.4,205.1,428.4,256.4,63.5,53.0,376.7,827.675,175.6,488.7,470.7,707.6,72.6,224.8,295.4,974.0,311.0,736.85,397.3,351.0,240.4,585.0,777.2,135.6,522.3,971.3,578.2,131.7,185.047,470.6,575.1,357.5,266.3,117.6,315.9,440.9,654.5,350.6,392.6,514.0,661.9,792.4,828.6,974.7,1086.2,810.4,521.3,473.3,845.4,1138.6,669.4,878.7,804.6,331.1,495.3,434.6,346.1,336.0,193.0,651.15,462.5,642.6,423.1,540.5,339.0,94.0,107.5,119.1,435.1,79.2,54.4,544.0,530.6,115.3,396.1,335.9,404.7,559.3,679.6,751.1,48.6,419.8,265.1,251.9,290.0,286.6,174.0,231.0,485.0,778.1,519.9,505.1,433.647,201.2,332.9,236.4,308.1,519.0,331.6,438.1]}