{"timestamp":1582416000000,"multiplier":1.0E-5,"open":0.65839,"high":0.65863,"low":0.65838,"close":0.65863,"shift":60000,"times":[1320,1,1,1,1,1,1,1,1,1,1,1,1,1,1,1,1,1,1,1,1,1,1,1,1,1,1,1,1,1,1,1,1,1,1,1,1,1,1,1,1,1,1,1,1,1,1,1,1,1,1,1,1,1,1,1,1,1,1,1,1,1,1,1,1,1,1,1,1,1,1,1,1,1,1,1,1,1,1,1,1,1,1,1,1,1,1,1,1,1,1,1,1,1,1,1,1,1,1,1,1,1,1,1,1,1,1,1,1,1,1,1,1,1,1,1,1,1,1,1],"opens":[0,22,4,57,-6,-8,9,14,5,1,4,-4,11,-3,-2,24,7,0,13,-6,10,4,3,7,6,-18,27,20,5,-6,1,-1,-3,-10,3,-8,-16,2,-3,2,3,-2,3,-6,21,-4,2,2,-10,-8,10,-13,-3,-8,-4,0,-28,0,0,-34,8,83,12,-13,5,12,17,-12,12,-23,-19,-13,-4,1,15,6,-4,-16,2,11,10,4,0,-3,-7,-8,17,6,-4,9,-7,12,-7,-8,-1,-4,14,4,6,8,10,-12,-7,4,11,21,0,2,-1,3,-3,-14,-1,-6,-3,5,9,16,-16,2],"highs":[0,15,44,6,-12,-3,19,2,3,4,0,-3,10,-2,23,5,16,3,-4,2,2,5,0,15,-2,7,21,21,-14,-7,1,0,-4,0,-7,-8,-15,1,-3,3,2,1,2,16,4,-5,-1,-1,-9,2,-1,-8,-8,-8,2,-6,-24,7,-9,-26,98,8,-12,-11,17,16,-1,2,-2,-24,-18,-1,-6,15,-3,0,-1,-7,1,18,3,-2,-4,-5,-7,12,6,-3,5,5,4,-4,-4,-8,-1,10,2,5,17,1,0,-8,-3,7,23,-2,10,-3,0,0,-1,-16,2,-8,-1,8,18,-2,-13,-1],"lows":[0,15,12,50,-12,4,10,13,4,1,0,2,7,-2,-1,23,8,2,7,-1,9,6,3,0,-9,4,27,20,2,-3,-3,1,-32,21,-3,-31,11,4,-3,2,3,-3,-3,1,15,2,0,-13,-6,5,-6,1,-9,-1,-6,-26,-2,0,-34,3,8,82,-7,3,6,13,1,4,-12,-16,-27,9,-12,13,4,10,-19,5,2,9,13,-2,-3,-3,-5,0,17,-6,8,0,2,-1,-3,0,-4,0,6,8,10,5,-1,-8,3,4,11,12,8,-1,2,-1,-12,-9,2,-3,0,5,9,-2,0,-13],"closes":[0,-1,60,-6,-10,7,18,1,5,4,-3,0,6,-1,19,12,0,13,-6,10,2,4,1,15,-23,24,23,10,-4,-4,-3,1,-32,26,-8,-18,1,1,-3,3,2,1,-6,19,-2,1,3,-11,-4,8,-15,0,-10,-1,-1,-31,1,1,-35,10,74,19,-14,4,15,18,-12,11,-23,-20,-18,0,3,10,10,-4,-16,1,12,9,5,0,-3,-6,-8,16,6,-5,10,-9,11,-4,-7,-2,-4,14,4,6,6,9,-9,-7,2,13,21,-1,2,-2,2,-1,-13,-5,-2,-3,5,8,18,-19,4,-14],"volumes":[71.72,25.48,19.47,7.12,6.4,6.0,17.25,12.25,3.25,12.75,8.49,7.11,8.87,18.5,26.68,14.8,28.81,16.75,19.5,12.75,10.0,8.0,1.0,15.76,36.92,17.0,14.56,17.75,13.75,2.5,7.25,4.0,7.5,9.1,2.5,16.29,5.31,1.0,1.0,2.0,1.0,27.25,25.29,47.59,36.45,26.25,43.48,77.98,63.97,34.89,59.57,27.5,17.27,11.87,68.35,14.94,68.53,67.59,93.24,37.61,315.22,195.45,128.76,78.07,53.21,105.39,68.6,108.38,178.45,62.05,91.6,105.86,199.67,299.81,261.9,149.33,200.93,133.75,106.82,105.25,93.98,101.68,70.63,54.52,40.18,58.95,54.69,35.62,37.25,84.48,114.82,102.08,99.72,27.5,26.63,95.42,63.27,66.81,93.25,32.12,52.98,74.76,66.7,31.5,70.2,83.16,53.88,47.51,50.76,50.13,69.13,55.23,74.48,52.87,42.95,72.26,66.07,40.91,49.75,49.32]}