{"timestamp":1580601600000,"multiplier":1.0E-5,"open":1.31766,"high":1.31767,"low":1.31717,"close":1.31735,"shift":60000,"times":[1320,1,1,1,1,1,1,1,1,1,1,1,1,1,1,1,1,1,1,1,1,1,1,1,1,1,1,1,1,1,1,1,1,1,1,1,1,1,1,1,1,1,1,1,1,1,1,1,1,1,1,1,1,1,1,1,1,1,1,1,1,1,1,1,1,1,1,1,1,1,1,1,1,1,1,1,1,1,1,1,1,1,1,1,1,1,1,1,1,1,1,1,1,1,1,1,1,1,1,1,1,1,1,1,1,1,1,1,1,1,1,1,1,1,1,1,1,1,1,1],"opens":[0,-31,1,-6,27,7,27,-21,11,-1,-5,1,-4,-1,1,0,-1,0,1,0,-1,0,0,1,-10,8,-14,5,1,4,1,-2,0,0,0,0,-1,6,-5,0,0,3,-4,1,1,-1,0,0,0,0,0,-1,1,2,-1,0,1,6,1,-2,2,9,37,-16,22,-19,-6,5,16,-1,0,1,-5,2,0,-7,-1,-4,2,2,-3,7,1,1,2,-2,0,0,1,3,8,-9,-1,-1,2,4,6,-1,1,-2,1,-8,-8,-2,-1,1,-1,5,-27,0,1,14,0,6,-1,-2,3,-1,0,1],"highs":[0,-31,0,20,5,32,-2,-9,-1,0,-4,0,-5,0,0,0,-1,1,0,0,0,0,0,0,-1,-1,-13,8,2,0,3,-5,0,0,0,4,-3,4,0,-2,1,0,-4,6,-1,-4,1,-2,0,2,0,0,0,0,0,0,10,-1,-2,2,14,46,-14,9,6,-27,-1,15,0,-2,4,-4,0,-1,-2,0,-8,2,-3,1,8,2,-3,-1,2,3,0,-3,6,-4,12,-13,-1,5,-2,10,2,-1,-2,-2,5,-13,-2,-2,-1,-4,0,3,-19,-4,17,-4,5,4,-1,-2,-2,9,-5,2],"lows":[0,10,3,0,23,11,11,-6,12,-3,-5,-9,3,4,1,0,-1,0,1,-3,0,2,-8,9,-14,-2,0,1,-3,11,-1,0,1,-1,0,0,0,0,0,1,0,-1,0,0,0,0,0,0,0,0,0,-2,0,4,0,0,0,5,1,-2,1,3,25,5,-2,-4,-1,9,14,0,1,-6,-2,6,-7,-3,-8,5,-8,10,0,1,6,1,0,1,0,0,0,-8,8,1,-1,1,2,4,5,-9,5,3,-9,-8,-1,-2,1,-1,-1,-20,1,0,1,13,-1,6,-1,-1,0,2,1,-2],"closes":[0,1,-6,26,5,29,-15,7,-1,0,-5,-5,0,1,0,0,-1,1,0,-3,1,1,0,1,-5,-10,0,8,2,-1,-2,1,0,-1,0,1,-1,0,0,2,3,-4,0,0,-1,1,0,-1,0,0,0,-2,4,1,-1,1,6,1,-2,2,8,38,-21,24,-16,-6,5,17,-2,0,2,-7,6,-2,-7,-2,-3,0,0,0,9,0,-1,1,0,0,1,0,2,-1,0,0,-1,3,1,7,5,-3,-3,0,-9,-8,1,-2,-1,2,0,-23,1,0,15,-1,5,1,-3,3,-1,0,1,-2],"volumes":[12.2,5.22,2.24,8.24,4.32,17.53,11.15,11.8,9.25,7.0,23.87,42.47,25.89,4.5,6.0,3.0,32.64,11.64,3.75,8.5,17.62,11.25,43.94,7.5,25.78,32.12,48.93,30.44,22.87,50.14,84.41,26.42,11.7,29.4,54.45,119.15,88.83,33.14,8.69,12.23,43.17,25.71,12.64,23.87,27.65,24.38,22.06,65.28,45.37,78.29,82.87,139.92,133.72,141.62,103.67,67.69,191.27,46.67,42.81,199.3,595.43,142.71,81.53,55.27,93.14,106.04,86.64,56.99,30.5,14.37,29.37,38.75,80.5,37.94,36.88,92.32,34.39,32.46,49.67,16.35,93.86,83.17,139.18,29.34,73.31,76.94,53.98,44.34,56.14,58.43,63.17,11.88,22.64,35.78,11.72,44.31,31.09,131.26,68.42,17.35,150.41,62.2,140.11,89.88,74.92,154.51,90.38,60.24,52.73,55.37,106.28,31.2,72.8,53.53,49.79,49.42,58.86,66.82,21.09,37.95]}