{"timestamp":1582416000000,"multiplier":1.0E-5,"open":1.32504,"high":1.32511,"low":1.32494,"close":1.32509,"shift":60000,"times":[1320,1,1,1,1,1,1,1,1,1,1,1,1,1,1,1,1,1,1,1,1,1,1,1,1,1,1,1,1,1,1,1,1,1,1,1,1,1,1,1,1,1,1,1,1,1,1,1,1,1,1,1,1,1,1,1,1,1,1,1,1,1,1,1,1,1,1,1,1,1,1,1,1,1,1,1,1,1,1,1,1,1,1,1,1,1,1,1,1,1,1,1,1,1,1,1,1,1,1,1,1,1,1,1,1,1,1,1,1,1,1,1,1,1,1,1,1,1,1,1],"opens":[0,5,4,-1,0,24,5,-5,-9,-7,-6,-20,0,1,-1,0,-59,12,0,0,10,-10,5,4,2,-3,-1,0,-4,1,1,2,-2,5,0,-2,0,1,-1,1,2,5,46,-21,-4,-2,0,1,3,-3,7,-8,28,4,-2,11,-47,44,26,2,20,-28,-44,5,-4,-9,-9,-18,20,84,-3,2,-2,-11,-8,5,-12,11,-6,-4,-6,4,-4,9,-4,4,-6,-3,0,-11,7,-10,0,18,22,14,0,-11,-8,0,2,-8,10,-8,-17,-10,3,-3,0,6,-1,13,-1,-6,12,7,-6,-18,8,-8],"highs":[0,24,-21,-2,18,25,-4,-15,-9,-6,-7,-19,0,0,1,-1,-48,0,0,10,0,-5,4,2,0,-3,-1,1,-1,0,1,1,0,1,1,-2,0,0,0,1,6,47,-1,-14,-11,0,0,9,-7,6,-2,25,4,-2,18,-12,13,23,-5,28,-14,-16,-20,-29,-3,-3,-18,5,86,-2,2,-6,15,-25,-2,-1,0,-4,-3,-7,2,4,1,3,-4,-3,-2,-6,-1,-3,1,-9,16,30,7,7,-8,-12,-7,2,5,-1,-3,-7,-11,-11,-1,-4,5,0,10,3,-2,9,9,-5,-4,-10,0,-4],"lows":[0,-2,20,-1,0,25,0,-19,10,-15,-18,0,0,-4,0,-60,5,12,-3,3,1,-10,14,4,2,-5,0,-6,3,1,-13,1,13,3,0,-1,1,0,0,1,1,4,26,-4,-2,1,0,1,-1,-2,1,-1,22,10,-7,-31,2,44,25,3,-22,-28,-4,-2,-20,3,-19,5,18,66,16,-2,-8,-9,-1,-4,-3,3,-3,-9,-1,7,0,2,-1,-1,0,-2,-9,-1,-6,-3,1,23,20,15,-10,-11,-1,4,-10,5,1,-17,-10,-1,-3,2,-4,8,2,12,-6,0,14,-1,-17,-1,-2,0],"closes":[0,4,0,-1,18,15,-9,-9,0,-14,-18,0,-1,0,0,-64,17,0,-3,13,-9,4,4,2,0,-5,0,-3,0,1,4,-2,3,0,0,-1,0,0,0,2,6,45,-21,-4,-1,1,-1,3,-1,7,-9,28,4,-2,6,-44,43,30,1,14,-22,-42,5,-5,-10,-5,-22,21,83,-3,2,-2,-10,-8,3,-10,9,-4,-6,-5,4,-3,8,-5,5,-6,-3,-1,-10,8,-11,0,18,23,13,0,-11,-8,-1,4,-10,10,-7,-18,-9,-1,1,-1,6,1,10,2,-7,13,4,-5,-18,11,-11,7],"volumes":[55.95,46.7,9.0,3.37,8.34,4.74,14.16,11.4,1.6,21.0,27.35,13.0,22.5,24.0,45.5,39.31,4.0,1.0,10.0,7.0,2.0,18.39,5.0,4.0,1.0,5.5,5.5,21.0,8.0,45.75,29.23,44.77,17.0,10.0,16.0,13.0,8.5,11.0,5.0,5.66,25.7,62.45,59.62,30.0,25.13,17.56,8.3,13.47,22.87,21.84,13.41,135.28,108.0,84.24,93.74,41.56,104.07,78.8,30.79,76.33,189.41,128.29,180.55,107.17,127.28,49.1,84.52,42.12,122.71,55.72,75.4,111.86,148.07,215.66,197.97,168.13,207.26,202.22,181.86,167.36,69.59,73.92,99.69,130.68,78.84,112.48,79.18,75.38,88.27,52.87,119.34,117.16,79.19,126.35,60.62,130.21,157.93,152.37,188.88,141.9,151.42,182.87,143.37,100.92,118.76,152.0,215.16,109.51,103.02,61.34,90.64,39.75,69.67,77.99,49.62,34.98,127.5,81.28,196.81,109.82]}