{"timestamp":1580601600000,"multiplier":1.0E-5,"open":1.32374,"high":1.32374,"low":1.32374,"close":1.32374,"shift":60000,"times":[1320,1,1,1,1,1,1,1,1,1,1,1,1,1,1,1,1,1,2,1,1,1,1,1,1,1,1,1,1,1,1,1,1,1,1,1,1,1,1,1,1,1,1,1,1,1,1,1,1,1,1,1,1,1,1,1,1,1,1,1,1,1,1,1,1,1,1,1,1,1,1,1,1,1,1,1,1,1,1,1,1,1,1,1,1,1,1,1,1,1,1,1,1,1,1,1,1,1,1,1,1,1,1,1,1,1,1,1,1,1,1,1,1,1,1,1,1,1,1],"opens":[0,-1,1,-10,7,-9,-8,1,-2,7,-7,0,0,10,23,-33,0,0,0,0,0,0,0,0,1,6,-7,0,0,2,2,-3,5,0,-3,1,3,1,1,10,-3,1,2,-2,0,-1,-3,11,-8,-2,2,-4,1,6,3,-1,-8,-1,6,4,31,11,-5,-2,0,0,0,-1,8,10,0,16,-3,-1,-6,-7,1,0,-6,-8,-2,-4,-1,0,0,1,3,-3,0,0,9,-3,-2,0,0,3,-3,-4,0,-11,3,-2,0,2,-1,-4,3,2,1,2,6,0,1,6,-1,-5,0,2,-6],"highs":[0,-1,1,-10,7,-9,-8,1,-2,10,-10,0,1,9,23,-32,-1,7,-7,0,1,-1,7,-6,1,5,-6,-1,2,1,1,-3,5,0,1,4,-2,0,15,-5,-1,1,0,1,-3,1,7,-1,-8,6,-6,-2,7,0,3,0,-10,6,4,36,5,0,-4,-4,0,0,0,8,8,1,16,0,-2,0,-2,-11,2,-3,2,-15,-3,-3,0,6,-6,6,0,-5,0,7,0,-3,-1,2,2,-2,-1,-4,-2,-4,-1,-4,0,3,1,-2,1,0,6,3,0,4,2,0,-2,-2,1,-2,3],"lows":[0,-1,1,-11,-10,0,0,1,-1,0,0,0,0,1,-1,0,0,0,0,0,0,0,0,0,0,0,0,0,0,1,1,-1,1,0,-1,3,3,1,0,9,-1,1,2,-3,1,-1,-3,4,-1,-2,1,-9,7,6,1,0,-8,0,6,4,30,3,2,-2,1,0,-1,1,8,10,0,13,-1,-6,-6,-1,-4,0,-8,-7,-1,-1,1,-1,-2,2,0,1,0,1,4,-2,0,-1,0,3,-5,0,-8,-2,1,-1,0,0,-7,5,3,2,1,0,7,-1,2,6,-5,-1,-2,-1,0],"closes":[0,-1,1,-11,-1,-9,0,1,-1,0,0,0,1,0,-1,1,-1,0,0,0,1,-1,0,1,1,-1,0,-1,1,2,-1,-1,4,-3,2,4,1,-1,12,-3,1,-1,2,-3,1,-1,9,-8,-1,1,-2,-1,6,0,2,-1,-9,7,5,23,18,-10,2,-1,0,0,1,7,9,1,16,-2,-1,-7,-6,0,-1,-3,-9,0,-7,-2,1,0,1,3,-3,0,0,9,-4,0,-3,2,3,-1,-7,0,-8,0,0,-1,1,-1,-5,5,4,-1,3,5,0,1,6,-1,-5,0,1,-3,7],"volumes":[0.75,0.75,0.75,1.5,3.75,1.5,2.0,4.0,3.0,6.19,1.0,3.0,3.39,2.13,3.23,2.0,3.0,27.14,2.06,3.0,2.0,1.0,9.78,5.58,7.0,9.41,2.0,1.0,5.45,13.92,5.02,4.38,12.52,6.69,23.62,16.0,9.0,10.0,14.0,7.0,2.5,12.0,2.0,7.0,2.0,7.0,10.0,10.5,1.0,7.0,2.0,138.74,4.0,28.0,40.0,26.0,27.0,14.0,22.0,209.03,58.25,40.1,18.0,9.0,6.5,26.0,7.0,9.0,60.5,9.0,26.5,19.5,15.25,139.5,23.32,40.5,33.4,21.5,221.27,37.75,36.12,41.57,27.22,114.68,91.21,136.64,135.8,53.05,19.82,56.38,33.83,39.97,41.91,59.55,82.71,88.73,74.7,36.03,22.29,67.4,67.55,21.71,32.82,30.16,62.59,78.26,41.97,16.0,32.15,85.32,94.05,74.34,40.84,31.34,122.5,42.0,57.6,32.0,46.44]}