{"timestamp":1459641600000,"multiplier":1.0E-5,"open":1.13999,"high":1.13999,"low":1.13991,"close":1.13999,"shift":60000,"times":[1260,1,1,1,1,1,1,1,1,1,1,1,1,1,1,1,1,1,1,1,1,1,1,1,1,1,1,1,1,2,1,1,1,1,1,1,1,1,1,1,1,1,1,1,1,1,1,1,1,1,1,1,1,1,1,1,1,1,1,1,1,1,1,1,1,1,1,1,1,1,1,1,1,1,1,1,1,1,1,2,2,1,1,1,1,1,1,1,1,1,1,1,1,1,1,1,1,1,1,1,1,1,1,1,1,1,1,1,1,1,1,1,1,1,1,1,1,1,1,1,1,1,1,1,1,1,1,1,1,1,1,1,1,1,1,1,1,1,1,1,1,1,1,1,1,1,1,1,1,1,1,1,1,1,1,1,1,1,1,1,1,1,1,1,1,1,1,1,1,1,1,1,1,1,1,1,1],"opens":[0,-2,-2,-3,1,3,-38,9,-16,5,-4,0,4,0,-3,-2,-1,0,7,-6,0,-10,-2,-4,24,-7,7,1,4,5,0,-1,4,-3,-1,-11,4,-1,0,-4,0,0,-3,2,0,0,0,3,5,-9,-2,3,-9,-2,1,-6,4,0,4,4,-8,2,-2,-4,-4,22,-14,3,-15,-46,-2,-1,-2,3,-1,-1,-1,4,-2,2,1,0,15,2,-2,-1,-1,0,7,9,8,-7,-8,1,8,15,-1,-11,8,7,3,-10,-18,1,-9,4,2,1,4,9,8,6,1,-1,-19,-4,4,0,-20,11,27,0,-28,5,-1,-4,1,14,11,-5,7,22,-8,-13,4,3,-5,-5,1,8,-3,3,0,-4,-11,0,0,0,1,-1,0,-8,-8,-3,-4,4,10,0,3,-4,6,-4,-4,-3,-8,4,-1,-1,-3,-1,0,0,-8,-2,0,7,43],"highs":[0,-2,-1,-1,5,-4,-26,5,-19,0,-3,1,3,1,-5,0,0,4,6,-12,1,-11,-2,17,3,13,-13,2,8,2,-2,4,-1,-3,0,-7,-1,-1,0,1,-4,0,2,-4,0,0,0,8,0,-8,3,-2,-10,0,4,-5,15,-14,7,7,-12,-3,-2,-4,17,1,-11,0,-15,-37,-10,1,-2,4,-2,-3,3,-1,1,0,0,15,5,0,-5,6,0,1,13,2,0,3,-15,8,16,-2,0,-4,7,0,2,-9,-18,0,-5,1,1,8,10,5,5,0,1,4,-24,0,0,0,-9,42,-3,-12,-22,-1,0,-3,11,20,-7,7,16,3,-10,-8,3,-1,-5,-5,9,0,0,0,0,-4,-11,0,0,4,-3,-1,0,-8,-8,-3,1,7,2,3,0,4,-1,-3,-6,-2,-4,0,-2,-1,-3,0,3,-4,-5,-5,7,44,4],"lows":[0,1,-7,-8,-25,6,-25,2,16,1,0,-1,5,-3,0,-3,0,0,4,-3,-7,-10,2,-1,3,14,4,0,1,12,0,-1,2,-2,-11,0,3,0,-5,0,0,-2,0,-1,3,-1,1,3,-4,-2,0,-12,3,-1,-3,0,1,-2,9,-4,-5,4,-2,-5,-1,6,3,-15,-46,-4,2,0,-1,3,-1,-1,0,1,0,3,1,0,15,0,0,-3,0,1,7,9,-1,-7,-5,7,8,6,-8,4,9,4,-5,-19,1,-8,1,4,-3,3,7,9,8,6,0,-19,-8,-2,1,-15,2,13,24,-25,-4,8,-4,0,1,13,6,-1,9,11,-9,-1,4,-3,-4,0,1,4,0,4,-4,-12,1,0,-1,1,-2,2,-8,-8,-3,-5,0,3,9,3,0,-1,1,-6,-7,-1,0,3,-4,0,0,-1,0,-10,0,-6,2,10,40],"closes":[0,-4,-2,2,-2,-35,12,-18,4,-1,-2,1,3,-4,0,-3,3,4,-3,-3,-7,-5,-3,20,-4,6,0,3,8,2,-2,4,-3,-2,-11,4,-1,0,-5,2,0,-4,6,-4,0,-1,1,8,-9,-2,3,-11,0,1,-6,4,0,3,5,-2,-6,0,0,-6,19,-14,4,-15,-49,0,0,-1,2,1,-1,-2,4,-3,3,0,0,15,1,-1,0,-2,1,7,8,8,-9,-6,0,10,14,0,-13,9,3,4,-8,-16,0,-10,5,1,-1,7,10,8,5,0,1,-20,-6,1,5,-20,10,28,1,-29,5,0,-5,1,12,13,-5,9,19,-5,-14,4,3,-5,-6,0,9,-3,3,0,-4,-11,0,0,0,2,-2,0,-8,-8,-3,-5,6,7,2,3,-3,6,-5,-5,-1,-9,5,-2,0,-3,-1,-1,0,-7,-3,0,6,45,4],"volumes":[8.25,9.0,15.37,28.5,65.69,47.61,15.0,37.71,16.26,38.06,6.45,7.92,5.57,17.01,3.2,16.76,33.03,22.71,12.28,5.44,18.76,57.13,23.79,26.7,19.99,28.73,33.25,4.57,13.11,2.0,1.0,11.11,3.37,12.25,36.85,13.87,6.24,48.0,5.25,35.24,8.5,4.44,8.44,15.19,11.25,6.19,3.94,6.57,31.75,10.69,147.1,273.04,186.69,75.02,194.94,19.61,14.91,8.71,5.35,27.32,29.17,8.05,4.05,10.31,57.23,70.65,8.07,12.55,64.51,63.95,67.43,80.87,77.95,21.99,40.21,29.0,18.77,15.16,8.2,22.19,5.63,31.13,39.24,7.45,9.91,33.68,48.56,53.35,64.67,21.3,65.64,43.95,62.82,21.61,81.57,56.85,49.09,11.37,20.12,15.24,43.54,80.15,199.64,67.27,34.33,16.62,42.05,49.25,195.11,66.34,47.53,6.0,21.0,180.18,46.45,103.5,162.78,204.51,125.7,197.81,188.69,62.96,35.65,5.95,58.86,75.24,22.7,73.0,15.25,66.6,30.76,28.0,29.05,10.38,9.94,19.26,28.53,4.07,12.69,9.07,16.89,1.0,18.83,20.4,6.07,1.69,13.82,34.22,15.69,5.5,30.29,23.66,31.89,26.96,34.05,39.8,26.97,15.5,16.0,11.0,19.0,48.31,58.29,38.36,22.71,29.32,67.65,13.47,63.69,25.53,17.86,63.6,48.18,75.25,71.89,124.87,77.0]}