{"timestamp":1459641600000,"multiplier":1.0E-5,"open":0.95719,"high":0.95731,"low":0.95719,"close":0.95731,"shift":60000,"times":[1260,1,1,1,1,1,1,1,4,3,4,3,1,1,1,1,1,2,3,2,1,1,4,1,1,1,1,1,1,1,1,1,1,1,1,1,1,1,1,1,1,1,1,1,1,1,1,1,1,1,1,1,1,1,1,1,2,1,1,1,1,1,1,1,1,1,1,1,1,1,1,1,1,1,1,1,1,1,1,1,1,1,1,1,1,1,1,1,1,1,1,1,1,1,1,1,1,1,1,1,1,1,1,1,1,1,1,1,1,1,1,1,1,1,1,1,1,1,1,1,1,1,1,1,1,1,1,1,1,1,1,2,1,1,1,1,1,1,1,1,1,1,1,1,1,1,1,1,1,1,1,1,1,1,1,1,1,1,1,1,1],"opens":[0,12,0,0,106,4,-76,-1,11,-2,4,0,72,0,-3,-2,0,0,-5,-9,9,5,-5,0,-82,-51,25,76,-45,-18,5,11,-31,-1,6,12,26,19,-8,4,6,-38,36,8,16,-3,-1,0,-11,1,15,-2,9,24,36,-19,34,-19,0,4,0,-4,4,1,3,-5,-1,-5,0,-3,4,0,3,-3,-4,1,3,10,3,-4,-14,-5,11,-11,1,-2,10,3,7,6,3,-3,3,-4,-13,-1,-4,0,2,7,5,-8,1,15,-4,-21,3,13,-6,7,1,-1,-5,-7,5,-9,-7,7,10,-4,-5,3,0,1,2,-4,0,-2,1,10,0,3,1,-1,1,5,14,4,-4,-2,-6,-1,-2,9,-5,-1,7,1,-1,2,-2,0,0,0,1,0,8,-4,6,-6,-44],"highs":[0,0,0,111,0,0,-77,0,10,1,1,72,0,0,-3,-2,0,0,-5,0,5,0,-5,0,-82,-45,89,14,-53,14,-9,-3,-23,-7,13,27,12,5,-7,15,-4,-1,6,14,2,-1,-2,-1,-10,1,16,7,53,-3,15,6,1,-18,3,4,2,6,-12,1,3,-5,1,-6,0,1,4,-2,10,-13,9,-6,12,4,-6,-2,-14,-1,5,-10,4,0,7,0,13,0,3,1,-1,-4,-10,-4,-4,0,11,5,-2,-7,18,-2,-5,-19,17,-3,0,1,1,-1,-5,-3,1,-9,3,7,0,-4,-1,1,-2,3,0,-1,-3,1,11,-2,-1,4,0,-1,6,10,9,-1,0,-6,-5,-2,7,0,-3,4,1,0,0,1,-1,-1,1,0,0,10,-1,1,0,-6,-42],"lows":[0,12,0,0,106,-91,19,-39,49,-2,4,0,72,-3,-2,0,-6,6,-5,-10,10,5,-5,-80,-58,0,30,37,-27,-18,20,-14,-32,23,3,16,20,17,-1,11,-33,2,36,6,14,0,-1,-12,0,1,16,-1,9,24,17,-2,15,1,1,4,-10,4,6,0,-3,1,-4,-1,-5,2,2,-1,3,-8,0,5,1,11,0,-19,-2,-1,4,-1,0,-3,7,8,7,5,0,1,-1,-14,-1,-3,0,0,2,4,0,0,1,14,-30,-1,10,7,0,5,2,-4,-16,8,-5,-6,0,7,3,-3,1,3,0,-1,0,0,-2,0,1,10,0,-2,5,0,1,5,12,0,0,-6,-3,1,-1,4,-2,1,7,1,-1,-1,1,0,0,0,1,0,3,-1,2,-44,-5],"closes":[0,0,0,111,0,-96,19,0,10,1,1,72,0,-3,-2,0,0,0,-5,0,5,0,-5,-80,-51,4,86,-30,-23,4,16,-36,-6,11,5,35,12,3,-6,11,-39,39,2,18,-3,0,1,-12,1,0,18,7,21,18,-1,30,-15,0,4,4,-8,5,-1,0,-1,0,-5,0,-4,4,0,3,-3,-7,4,4,7,5,-4,-18,-2,7,-4,-1,0,4,7,0,12,0,0,4,-4,-14,0,-4,0,0,10,4,-8,0,18,-3,-23,0,15,-5,5,1,0,-4,-11,7,-7,-8,7,10,-7,-3,4,2,-2,-1,2,-2,-2,0,11,1,-1,3,0,0,5,11,2,0,0,-6,-1,-1,8,-5,-1,5,2,1,-1,-1,2,-1,1,0,0,10,-7,7,-6,-43,-6],"volumes":[2.96,2.22,2.22,7.87,6.75,5.25,0.75,3.75,1.0,2.0,1.0,19.75,10.5,19.5,6.0,8.0,5.0,1.0,1.0,5.9,2.67,2.0,2.0,34.01,48.0,12.38,33.8,31.55,13.37,18.17,16.0,21.5,40.91,12.26,59.02,29.5,28.18,8.57,12.5,31.5,34.23,37.5,29.25,61.48,21.73,3.9,9.35,54.12,89.12,36.22,9.94,8.73,14.55,25.53,27.53,27.26,41.33,18.41,5.5,17.5,62.21,27.63,2.25,8.0,19.5,20.75,45.0,33.25,25.36,36.5,50.25,56.0,43.2,70.75,63.16,62.93,48.03,57.25,33.5,43.75,37.0,32.5,20.25,12.25,12.25,27.86,16.18,1.75,18.72,11.24,6.25,9.99,42.36,42.92,13.25,43.58,4.88,6.0,32.75,39.45,38.72,17.61,20.0,4.0,24.5,17.0,20.49,10.0,12.0,12.0,2.0,9.0,43.99,4.25,21.25,23.12,18.36,21.72,10.86,9.5,13.99,13.25,1.87,10.0,5.99,12.5,6.87,7.5,15.35,4.74,8.86,23.95,14.49,3.5,21.99,13.48,20.85,6.0,22.98,25.12,25.9,24.34,20.25,14.12,12.99,37.6,10.61,3.86,4.49,10.11,3.75,3.62,4.37,4.62,1.37,15.48,15.5,22.99,15.25,63.53,30.6]}