{"timestamp":1459641600000,"multiplier":1.0E-5,"open":1.30314,"high":1.30314,"low":1.30314,"close":1.30314,"shift":60000,"times":[1260,1,1,1,1,1,1,1,1,1,1,1,1,1,1,1,1,1,1,1,1,1,1,1,1,1,1,1,1,1,1,1,1,1,1,1,1,1,1,1,1,1,1,1,1,1,1,1,1,1,1,1,1,1,1,1,1,1,1,1,1,1,1,1,1,1,1,1,1,1,1,1,1,1,1,1,1,1,1,1,1,1,1,1,1,1,1,1,1,1,1,1,1,1,1,1,1,1,1,1,1,1,1,1,1,1,1,1,1,1,1,1,1,1,1,1,1,1,1,1,1,1,1,1,1,1,1,1,1,1,1,1,1,1,1,1,1,1,1,1,1,1,1,1,1,1,1,1,1,1,1,1,1,1,1,1,1,1,1,1,1,1,1,1,1,1,1,1,1,1,1,1,1,1,1,1,1,1,1,1],"opens":[0,-12,-35,13,-14,-20,-3,5,1,-33,46,-39,10,10,0,4,-1,-3,2,1,15,-7,0,1,27,0,0,-2,-3,3,0,-8,0,9,2,-1,1,-1,0,0,1,0,-1,-8,-10,1,-1,0,1,0,-32,0,18,-1,1,-1,1,-1,0,0,1,-29,27,53,15,1,45,9,-21,-22,5,11,18,1,0,1,-2,-13,-2,-15,-3,26,-16,-14,2,-7,2,-2,3,-2,-2,0,10,13,0,-14,2,7,-1,-5,2,-5,-1,1,-1,-1,9,1,4,12,-4,5,-2,2,-2,-25,7,19,16,-1,3,-18,-12,19,7,5,-8,2,-3,6,4,-16,-8,5,0,-12,-3,-3,-17,-4,2,-10,1,-2,-3,-1,3,2,0,0,18,14,52,-2,-1,20,0,-6,3,-2,0,1,-3,-11,1,-1,2,0,-1,0,4,-7,6,5,-8,12,-5,-1,-9,-14],"highs":[0,-12,-26,16,-15,-31,2,1,13,0,0,-20,2,0,0,3,-1,-1,0,15,1,-7,1,23,4,0,0,-2,0,0,1,-9,9,2,0,0,0,0,0,0,0,0,0,-9,-10,1,-1,1,0,0,-32,28,-10,0,0,-1,1,-1,0,0,3,11,38,28,0,34,17,-2,-28,-12,14,16,-5,0,7,-5,-3,-10,-4,-16,23,1,-17,-9,-1,-3,-4,5,4,-10,1,7,24,-11,1,-12,6,0,-1,2,-1,-8,-1,0,0,7,2,5,10,0,1,2,-2,0,-2,-17,26,8,0,2,2,-20,23,-9,5,0,-5,3,0,7,1,-19,-4,0,0,-13,-2,0,-21,1,-3,-5,-4,-2,-3,3,6,-5,0,18,13,77,-24,2,15,14,-14,0,0,0,-1,-3,0,-12,-1,2,6,-3,-3,1,1,6,7,-4,-2,4,-8,-1,-6,-12],"lows":[0,-53,5,0,-21,-2,0,5,-38,5,5,-4,17,10,0,3,-4,1,2,-2,10,-1,2,1,27,0,-2,-4,1,3,-8,0,-42,51,1,0,0,0,0,0,0,0,0,-17,-1,1,-1,0,1,-34,2,-3,21,-1,-6,6,1,-1,0,-5,-23,0,27,53,15,1,28,3,-20,-6,10,12,17,0,1,-1,-12,-6,-15,1,-2,9,-16,1,-3,2,0,-2,-5,0,3,2,10,11,-13,-1,-1,5,1,1,-4,-1,1,0,0,-1,8,2,4,8,-4,8,-1,0,-26,0,8,17,13,0,-26,-4,7,12,10,0,0,-1,-3,10,-17,-4,-14,5,-8,-9,4,-10,-8,1,-2,-1,0,-3,-1,0,3,2,0,0,14,17,49,0,1,17,-1,-2,2,-1,-1,-2,-12,1,1,0,1,-2,-1,0,-1,1,6,-5,1,7,-2,-9,-15,0],"closes":[0,-46,4,-5,-22,-1,4,1,-33,46,-42,16,8,0,0,3,-5,3,0,15,-6,-2,3,23,4,0,-2,-3,3,0,-8,0,9,1,0,0,1,0,0,0,-1,0,0,-17,-1,1,-1,0,1,-32,0,18,0,0,-7,6,1,-1,0,-5,-22,31,44,18,2,46,8,-23,-20,1,15,20,-1,0,2,-3,-13,-2,-15,-3,26,-19,-14,5,-6,1,-1,2,-2,-2,1,9,13,-1,-14,1,9,-2,-4,2,-6,0,0,1,-1,8,2,3,12,-4,5,-1,1,-2,-26,9,23,11,-5,7,-18,-11,18,7,4,-6,1,-2,6,7,-19,-9,6,0,-10,-6,-3,-17,-6,5,-7,-3,-2,-3,-1,3,2,0,0,18,13,54,-5,0,21,1,-4,-2,1,0,0,-4,-10,2,-2,2,0,-3,4,1,-5,6,4,-7,10,-5,-2,-9,-15,7],"volumes":[0.75,11.25,8.25,15.0,21.54,15.47,14.28,5.95,61.09,34.82,46.72,57.98,6.01,12.39,8.76,45.81,34.08,11.38,7.76,22.98,29.87,3.21,6.42,4.59,2.38,5.95,4.76,6.37,4.96,7.32,6.52,4.04,23.41,7.64,9.52,10.71,4.76,4.76,5.95,5.95,9.52,7.14,3.57,9.96,4.32,3.74,7.94,8.75,2.0,28.95,27.17,19.86,1.0,3.2,2.12,1.1,2.0,3.24,2.2,3.14,15.56,19.41,39.23,37.91,18.84,43.5,43.01,14.86,15.85,50.13,81.69,46.86,64.45,77.93,39.48,61.12,61.91,16.95,64.21,19.62,36.01,30.97,28.57,65.75,59.11,31.57,22.23,41.36,74.13,19.69,35.45,20.72,76.79,19.88,47.34,39.96,43.57,17.42,15.11,14.02,32.73,21.58,3.57,5.0,4.88,28.97,6.98,13.23,13.95,13.09,18.25,9.86,27.74,12.93,37.0,16.38,32.85,19.19,7.93,7.34,88.22,107.86,85.17,39.55,28.71,39.83,22.63,21.01,26.87,34.02,57.34,48.75,49.47,64.95,74.67,361.05,20.54,30.19,22.1,26.35,27.23,25.83,9.77,12.26,21.27,9.48,12.48,12.59,6.87,13.91,52.46,201.48,17.65,21.4,38.74,78.35,11.12,11.63,11.34,21.86,32.55,8.97,19.17,23.02,18.72,33.38,70.64,63.91,24.87,30.16,29.9,47.89,21.73,37.13,32.52,43.2,4.34,27.81,35.17,11.5]}