{"timestamp":1400371200000,"multiplier":0.001,"open":1879.478,"high":1879.478,"low":1879.478,"close":1879.478,"shift":60000,"times":[1320,1,1,1,1,1,1,1,1,1,1,1,1,1,1,1,1,1,1,1,1,1,1,1,1,1,1,1,1,1,1,1,1,1,1,1,1,1,1,1,1,1,1,1,1,1,1,1,1,1,1,1,1,1,1,1,1,1,1,1,1,1,1,1,1,1,1,1,1,1,1,1,1,1,1,2,1,1,1,1,1,1,1,1,1,1,1,1,1,1,1,1,1,1,1,1,1,1,1,1,1,1,1,1,1,1,1,1,1,1,1,1,1,1,1,1,1,1,1],"opens":[0,187,-193,196,-196,193,-175,169,29,-14,308,9,-19,23,-11,-15,-12,18,-15,19,-311,22,277,-1,26,-15,12,-11,-15,5,11,210,-222,-3,6,9,-17,18,193,-15,-65,-135,17,121,-6,-116,22,-32,13,-12,10,14,-6,-3,181,9,18,-213,-2,6,-16,29,-5,-1,0,-10,1,-15,5,-9,9,-6,11,5,-13,26,-3,8,-27,4,20,-8,-8,-17,16,-11,0,28,-34,17,-5,-5,31,-16,-14,11,-303,1,-16,33,2,-30,-8,226,14,-1,-236,1,16,16,-234,13,18,-23,-275,5,-24,17,-220],"highs":[0,187,301,3,-275,-29,326,-32,-271,-9,309,3,-8,13,2,-29,23,-11,-3,1,16,-34,14,10,7,4,-7,-11,-6,-1,198,20,-217,23,164,-178,6,205,6,-12,2,-194,-10,209,-99,-97,-1,-32,18,-2,-5,14,-2,199,4,-20,18,-104,8,-112,-17,29,0,-6,5,-6,2,-2,-18,24,-3,0,-16,19,-16,15,0,5,-7,-2,6,-8,12,-1,88,-112,5,16,-5,-12,-5,17,9,-6,-24,11,-303,1,-16,33,2,1,269,-68,101,-102,-203,-18,17,2,-202,-10,9,-24,16,-286,-24,17,-220],"lows":[0,185,-191,-12,3,-5,32,168,12,-5,6,320,-330,307,1,0,-12,5,-2,-288,-11,10,296,-1,20,-9,12,-11,-15,5,11,0,-12,-7,-2,0,4,18,181,-202,3,-4,11,-9,33,-33,6,-2,13,-12,10,14,-15,-13,200,9,-211,16,-3,3,-12,24,-26,25,0,-11,2,-15,-5,1,6,-5,13,-11,3,-6,29,-17,-2,4,-12,22,-18,-5,1,4,0,28,-34,17,-5,-5,14,-21,8,-273,-19,-10,-5,7,28,-30,-8,28,212,-230,-7,1,16,-10,-208,13,18,-322,21,-24,8,10,-213],"closes":[0,185,303,-484,206,-230,202,14,6,-1,309,3,-33,38,-6,-21,-1,12,-18,-286,-11,294,16,10,2,-10,12,-11,-6,-1,196,-188,-7,-1,-9,8,-7,229,6,-119,-107,22,-10,98,-89,4,-31,-2,18,-9,2,14,-15,212,4,-20,-182,96,-112,8,-17,24,5,-6,5,-16,12,-2,-18,24,-3,0,-16,-11,14,-6,21,-6,2,0,6,-10,-18,19,-23,11,5,16,-22,5,-5,17,-8,11,-24,-273,-19,-10,-5,7,28,0,173,-7,137,-331,-4,12,17,2,-202,-10,9,-313,16,-6,-15,10,-213],"volumes":[2.0E-4,2.3E-5,0.001264,0.001302,0.002235,6.0E-4,9.25E-4,0.001006,3.8E-4,2.5E-4,5.33E-4,2.0E-5,6.72E-4,2.1E-4,1.42E-4,3.0E-5,4.7E-5,6.8E-5,2.4E-5,0.002832,0.00247,0.00111,1.1E-4,1.4E-4,3.5E-4,4.3E-4,9.0E-5,9.0E-5,1.7E-4,1.6E-4,3.1E-4,4.7E-4,2.0E-4,0.0012,0.001403,8.0E-4,0.001,2.2E-4,1.5E-4,0.001293,0.001202,8.0E-4,6.0E-4,0.00181,6.0E-4,0.001,4.0E-4,2.0E-4,4.0E-4,5.0E-4,2.0E-4,2.0E-4,5.7E-4,4.5E-4,2.1E-4,7.0E-5,3.8E-4,1.8E-4,4.5E-4,4.9E-4,2.0E-4,4.0E-4,8.0E-4,2.0E-4,6.0E-4,6.0E-4,4.0E-4,6.0E-4,6.0E-4,8.0E-4,6.0E-4,6.0E-4,2.0E-4,6.0E-4,4.0E-4,0.001,6.0E-4,6.7E-4,3.6E-4,2.5E-4,2.3E-4,1.4E-4,3.5E-4,1.9E-4,2.6E-4,1.4E-4,1.3E-4,6.0E-5,1.5E-4,5.0E-5,6.0E-5,8.0E-5,6.0E-5,6.0E-5,2.0E-5,4.1E-4,4.0E-4,8.0E-4,4.0E-4,8.0E-4,3.0E-4,0.0021,0.00151,0.0014,3.6E-4,0.001,8.0E-4,4.0E-4,4.0E-4,8.0E-4,2.3E-4,2.0E-4,1.6E-4,0.00156,8.02E-4,8.0E-4,1.0E-4,3.8E-4,2.0E-4]}