{"timestamp":1400371200000,"multiplier":1.0E-5,"open":1.08611,"high":1.08613,"low":1.08611,"close":1.08613,"shift":60000,"times":[1260,1,1,1,1,1,1,1,1,1,1,1,1,3,1,1,1,1,1,2,1,1,1,3,1,1,1,1,2,1,1,1,1,1,1,1,1,1,2,1,1,2,1,1,1,1,1,1,1,1,1,1,1,1,1,1,1,1,1,1,1,1,1,1,1,1,1,1,1,1,2,1,1,1,1,1,1,1,1,1,1,1,1,1,1,1,1,1,1,1,1,1,1,1,1,1,1,1,1,1,1,1,1,1,1,1,1,1,1,1,1,1,1,1,1,1,1,1,1,1,1,1,1,1,1,1,1,1,1,1,1,2,1,1,1,1,1,1,1,1,1,1,1,1,1,1,1,1,1,1,1,1,1,1,1,1,1,1,1,1,1,1,1,1,1,1,1,1,1,1],"opens":[0,-9,-18,13,5,1,1,-3,0,3,-2,0,-5,6,0,0,-3,2,0,-2,0,6,3,0,-7,-11,-13,1,9,-15,8,-8,10,16,-4,-6,8,-7,5,-6,1,-1,6,-6,10,-1,-6,3,0,12,5,5,8,2,-9,-11,-5,-3,-8,-8,2,3,0,-3,2,2,2,-4,28,-9,0,0,0,1,-1,2,3,4,-2,-9,16,-3,-9,-11,5,-1,4,-3,-6,-2,0,0,2,3,-1,-3,1,0,10,2,15,2,2,0,0,16,4,2,2,1,1,-1,-1,0,-2,0,0,0,1,-7,-3,4,-1,-3,6,-1,0,1,12,1,1,1,0,-1,0,0,0,0,0,0,2,0,0,0,-1,3,-1,-5,-4,1,0,-2,1,-2,0,-1,0,-1,-4,0,-4,2,-3,3,-1,3,1,-1,-3,5],"highs":[0,-11,-18,28,-8,1,-1,-3,0,3,-2,0,-4,5,0,0,-1,0,0,-2,6,0,3,0,-7,-11,-13,1,16,-15,1,-8,35,-9,-4,6,-4,-7,6,1,-7,-1,7,1,2,7,1,3,-3,9,-4,7,16,-8,-9,-9,-7,-3,-8,-8,7,-2,0,-3,5,2,4,27,-8,-9,0,0,0,1,-1,5,2,2,-2,6,1,-3,-9,-11,11,-3,0,-3,-6,1,0,0,2,0,2,-6,2,9,0,17,5,0,3,2,9,3,5,1,1,1,5,-6,-1,0,-2,0,2,-1,0,-4,-2,0,0,0,10,-9,1,12,1,0,3,-1,1,-2,0,0,0,0,0,0,2,1,0,-1,3,-1,0,-6,-2,-1,0,0,0,-2,0,-1,0,-1,-4,-1,-2,1,-1,0,1,2,0,-1,3,1],"lows":[0,-9,-18,13,5,0,2,-3,0,3,-2,0,-5,6,0,0,-3,2,-2,0,0,6,3,0,-17,-9,-5,1,-13,7,8,-8,10,13,-7,0,8,-7,5,-6,1,-1,6,-6,10,-8,-7,11,0,3,14,3,10,-7,-10,-4,-5,-6,-9,-3,4,3,-4,1,0,4,-2,0,19,0,0,0,0,0,0,2,1,6,-25,14,7,-4,-11,1,-2,6,2,-7,-2,-1,1,0,2,-1,3,-3,0,1,9,1,17,-1,5,0,0,15,5,2,2,-2,4,-5,3,-2,0,0,0,0,-6,-1,-2,3,-5,0,7,0,0,1,12,1,1,1,-1,0,0,0,0,0,0,0,2,0,0,-1,0,2,0,-10,1,-1,2,-2,-2,1,-1,-2,1,-5,1,-6,-3,7,-3,-1,1,3,-1,0,0,1],"closes":[0,-11,-18,28,-8,1,-1,-3,0,3,-2,0,-4,5,0,0,-1,0,0,-2,6,0,3,0,-17,-8,-6,1,2,-1,1,-8,27,-4,-7,9,-1,-7,6,1,-7,-1,7,1,2,-6,1,1,12,9,-4,7,9,-9,-11,-1,-8,-6,-9,-1,7,-2,-2,-1,5,1,-4,28,-9,0,0,0,0,0,0,5,2,2,-15,19,-4,-8,-10,0,6,2,-2,-7,-2,3,0,-1,3,-1,3,-6,2,9,0,17,1,4,1,-1,14,3,5,1,1,-1,2,-2,0,-2,0,0,1,0,-6,-2,1,1,-6,6,1,0,1,12,1,0,2,0,-1,0,0,0,0,0,0,0,2,1,0,-2,3,-1,1,-9,0,0,0,0,-3,0,0,0,0,-7,1,-6,4,1,-2,-1,2,3,-4,1,5,0],"volumes":[0.3,0.75,1.0,1.6,4.01,6.34,2.7,1.38,1.38,1.45,1.53,2.08,2.38,2.23,3.23,1.0,9.12,3.08,3.38,4.14,5.61,1.0,1.0,1.1,13.98,16.31,1.0,1.0,65.36,3.25,2.33,1.0,30.75,9.16,3.25,18.31,2.33,1.0,4.58,3.25,1.0,2.5,4.58,5.58,4.66,29.93,16.98,24.36,11.65,18.68,3.45,1.4,1.8,1.4,0.5,1.2,13.82,3.33,12.79,9.32,15.88,1.0,17.82,1.38,10.3,14.97,29.18,65.77,17.38,1.0,14.67,13.75,6.14,6.3,3.45,16.58,14.81,2.7,26.69,15.05,23.03,21.79,28.08,1.34,40.55,5.97,16.98,25.15,7.06,23.51,7.37,11.64,8.81,16.91,13.48,3.45,9.27,25.28,38.48,32.03,5.63,12.01,3.9,3.88,17.54,19.42,17.42,5.95,3.57,16.76,25.18,29.48,7.5,12.76,4.69,4.69,29.01,17.22,10.14,11.9,8.83,7.52,17.49,27.6,14.75,2.38,2.0,19.58,3.0,3.0,10.0,4.0,16.0,4.0,6.0,4.0,1.0,2.0,3.0,1.0,3.0,5.0,2.0,8.0,7.5,10.5,3.0,6.82,6.23,14.23,1.39,11.09,11.07,4.24,12.88,19.33,13.67,15.49,9.34,19.92,39.11,2.56,11.44,16.73,21.44,26.96,24.59,14.65,21.14,36.01]}