{"timestamp":1399161600000,"multiplier":1.0E-5,"open":0.87622,"high":0.8768,"low":0.87613,"close":0.8768,"shift":60000,"times":[1260,1,1,1,1,1,1,1,1,1,1,2,1,1,1,1,1,1,1,2,1,1,1,1,1,1,1,1,1,1,1,5,1,1,1,1,1,1,1,1,1,1,1,1,1,1,1,1,2,1,1,1,2,1,1,1,1,1,1,1,1,1,1,1,1,1,1,1,1,1,1,1,1,1,1,1,1,1,1,1,1,1,1,2,1,1,1,1,1,1,2,1,1,1,1,1,1,1,1,1,2,1,1,2,1,1,1,1,1,1,1,1,1,4,1,1,1,1,1,2,1,1,1,1,1,1,1,1,2,2,1,1,1,1,1,1,1,1,1,1,3,1,1,1,1,1,1,1,1,1,1,1,1,1,1,1,1,1,1,1],"opens":[0,58,0,0,-3,0,14,-1,0,4,4,16,-4,8,-5,5,-2,2,4,3,-3,0,0,6,3,-3,0,4,1,-1,0,-3,1,5,6,-1,14,1,2,0,1,-2,2,-8,7,-1,2,-1,0,0,-3,-4,1,9,2,-1,-2,-5,-3,0,-3,-1,0,-2,-9,4,0,-6,4,3,1,-1,-1,1,0,0,0,0,0,0,5,-1,0,0,0,0,0,1,-1,2,-2,1,4,0,5,0,0,-3,-4,0,0,5,-3,0,0,0,1,1,0,-1,1,0,1,1,-1,1,-1,0,2,-2,0,10,0,0,1,-2,2,0,0,-1,1,7,0,-4,0,0,0,0,0,0,0,-3,0,-1,0,2,0,5,-5,-1,1,3,0,0,0,0,0,-6,0,5],"highs":[0,0,0,0,-3,14,2,1,-2,4,24,-6,25,-21,3,-3,-2,6,0,3,-3,5,2,2,0,0,-3,4,3,-3,6,-8,3,7,1,9,6,0,1,1,0,0,1,0,-2,0,1,0,-1,0,-3,-4,11,2,0,-2,-2,-5,0,-3,-3,-1,0,-2,-5,0,0,-2,3,1,0,-1,0,0,0,5,-5,0,0,4,1,-1,0,0,0,0,1,0,1,0,-1,5,-1,4,1,0,3,-5,-5,0,5,0,-3,0,0,1,1,1,-1,0,1,-1,1,1,-1,1,0,-1,2,0,9,1,-2,0,5,-4,0,0,1,-1,7,4,-4,-4,0,0,0,0,0,0,0,-2,0,-2,9,-7,0,5,-5,2,-1,2,0,0,0,0,0,2,-3,3],"lows":[0,67,0,0,-3,0,14,-2,1,4,2,17,-3,3,0,5,-2,2,4,0,0,0,0,5,1,0,0,4,-1,1,-2,-5,5,0,9,1,8,4,2,3,-1,0,2,-8,7,-1,-1,-1,0,-4,0,0,-3,10,2,-2,-5,-1,0,-3,-1,0,-9,-2,0,4,-7,1,4,3,0,-1,0,1,0,0,0,0,0,0,5,-1,0,0,0,0,0,1,-1,0,0,1,4,0,5,0,-9,6,-4,0,0,2,0,0,0,0,1,0,0,0,1,0,1,0,0,0,0,0,0,0,0,10,0,0,-1,0,2,0,-1,0,0,6,-3,1,-1,1,0,0,0,0,-3,0,-1,0,0,2,0,0,0,-1,1,3,0,0,0,0,-6,-2,2,5],"closes":[0,0,0,0,-3,14,2,-2,1,3,18,0,6,-6,8,-3,-2,6,0,0,0,0,6,3,-3,3,-3,4,1,-1,-2,-4,7,7,1,9,5,1,0,2,-1,1,1,-1,-1,0,0,1,-1,-7,0,0,11,2,-1,-4,-6,-1,0,-3,-1,0,-2,-9,4,0,-7,5,2,2,-1,0,0,0,0,5,-5,0,0,2,3,-1,0,0,0,0,1,0,1,-2,1,5,-1,4,1,0,-9,7,-5,0,5,-3,0,0,0,1,0,2,-1,0,1,-1,1,0,0,0,1,-1,0,2,8,0,0,0,-1,2,0,0,-1,1,7,0,0,-4,-1,1,0,0,0,0,-3,0,-1,0,2,0,0,0,0,1,0,2,0,0,0,0,-6,0,5,0],"volumes":[17.98,0.76,1.9,1.59,3.06,13.37,6.38,11.0,3.0,6.0,32.25,12.14,16.39,4.0,6.08,2.5,1.0,4.0,1.0,7.5,2.0,5.0,17.28,4.0,11.14,4.5,1.38,1.0,10.76,1.0,20.28,11.26,4.0,4.88,7.5,8.0,13.13,9.95,3.0,2.0,8.0,7.49,5.0,3.62,2.25,6.5,18.75,18.75,5.5,4.05,5.6,1.13,14.28,0.9,1.5,2.63,12.56,28.8,5.14,23.01,4.34,7.0,22.26,41.07,31.73,10.77,6.99,26.36,15.26,3.95,15.33,18.62,26.21,24.89,15.49,24.13,5.56,7.58,14.96,23.92,2.51,2.91,1.38,1.55,1.38,4.24,8.95,6.06,11.51,2.38,16.44,13.42,19.46,15.23,21.68,38.52,25.99,4.54,1.65,2.08,9.86,17.33,2.95,5.1,2.36,4.46,16.65,5.4,10.42,5.29,3.4,2.67,5.19,3.5,1.69,12.15,9.53,1.84,2.44,3.44,6.38,7.0,1.0,2.0,15.98,4.1,5.0,1.0,4.5,7.0,20.36,14.09,7.81,4.69,7.76,4.35,3.33,2.43,2.9,1.3,4.35,8.46,39.23,3.63,12.88,8.19,1.13,7.36,4.65,20.51,8.52,1.69,2.15,11.35,4.3,4.38,8.15,14.41,9.31,8.4]}