{"timestamp":1119744000000,"multiplier":1.0E-5,"open":0.76876,"high":0.7689,"low":0.76856,"close":0.7686,"shift":60000,"times":[1260,1,1,1,1,1,1,1,1,1,1,1,1,1,1,1,1,1,1,1,1,1,1,1,1,1,1,1,1,1,1,1,1,1,1,1,1,1,1,1,1,1,1,1,1,1,1,1,1,1,1,1,1,1,1,1,1,1,1,1,1,1,1,1,1,1,1,1,1,1,1,1,1,1,1,1,1,1,1,1,1,1,1,1,1,1,1,1,1,1,1,1,1,1,1,1,1,1,1,1,1,1,1,1,1,1,1,1,1,1,1,1,1,1,1,1,1,1,1,1,1,1,1,1,1,1,1,1,1,1,1,1,1,1,1,1,1,1,1,1,1,1,1,1,1,1,1,1,1,1,1,1,1,1,1,1,1,1,1,1,1,1,1,1,1,1,1,1,1,1,1,1,1,1,1,1,1,1,1,1],"opens":[0,19,15,-30,-18,-8,33,-36,18,-1,3,2,-2,-2,-4,-4,11,18,-10,18,-35,8,16,-4,12,-4,2,-5,-17,57,12,-64,27,-3,13,-31,36,-9,5,-6,35,-57,-26,58,13,-24,-7,0,10,-3,3,-20,-24,64,-38,88,-62,4,20,11,-5,-7,-8,38,-40,2,-14,13,-1,-11,45,-35,18,37,-2,7,-37,12,20,-41,-19,35,5,20,-57,32,23,-23,-32,32,-25,7,9,35,-33,-2,-19,-13,6,8,-11,0,9,-30,70,-42,7,34,-32,17,-9,7,-10,-2,44,-62,82,-35,-10,-26,-12,18,-9,-1,-6,-11,2,2,13,5,-5,-27,25,-13,-31,14,-25,18,8,12,11,-43,34,-16,-61,-23,-10,2,-5,-7,47,-41,14,-6,0,54,-34,15,23,-40,-12,29,-19,-20,4,2,0,-10,26,-26,21,-22,-3,-22,4,3,-38,11,-8,20],"highs":[0,60,-15,-40,-1,11,0,-15,20,-9,21,-17,-5,0,25,-5,-5,0,5,-10,5,-10,15,-5,0,32,-12,0,15,9,-14,-5,5,-14,9,15,-3,-5,3,-2,-5,12,-10,0,0,-5,10,0,-11,4,7,10,8,-3,17,26,-30,-1,0,3,-7,-3,12,-5,-2,-5,-5,5,5,0,0,-4,29,3,-6,3,-15,-3,8,-5,6,-1,-5,0,15,-10,3,2,-5,10,-10,-5,8,8,-6,-12,-23,20,-10,7,-7,-12,10,11,-4,25,-10,5,10,-10,10,-10,10,-20,10,10,0,10,-30,5,-15,-5,0,10,-10,0,-15,0,11,9,-8,-17,5,-20,15,-5,-6,11,-3,8,-5,-24,-6,-12,-34,11,-30,-5,20,10,-10,1,-14,3,8,-3,0,-9,9,1,-4,13,-21,-9,-5,30,0,-22,12,-19,12,-13,5,-10,-15,12,-32,1,9,-20],"lows":[0,-9,10,-2,-6,-10,6,-2,9,3,0,-6,5,-19,6,20,2,6,5,-1,-15,13,10,-18,14,7,-20,-6,10,42,-42,-4,-12,27,-13,3,18,-3,2,-11,5,-8,-12,21,4,-2,-13,19,-7,16,-8,-3,-33,39,-1,14,12,1,2,-17,4,8,-7,20,-20,1,9,3,-12,9,-10,15,-4,23,-12,9,-12,8,-23,2,10,-5,15,-20,7,6,20,-23,-2,-6,3,22,2,-7,-17,14,-26,3,1,-28,15,-1,-1,4,10,17,-8,3,8,5,-12,1,-8,11,2,-7,7,6,-10,-14,-22,23,-3,-10,-1,11,-20,-15,7,25,2,-9,-10,-26,1,-6,-6,21,7,2,-4,-22,-7,-7,-40,-5,-14,-4,-13,25,-5,-8,15,-7,20,-5,3,-4,13,-4,-10,-6,1,-3,-3,12,-6,-17,13,-5,1,-19,-5,-6,20,-32,-7,-15,-6,6],"closes":[0,74,-44,0,-29,12,-28,20,-10,19,-10,-12,30,-47,42,4,20,-6,-17,-5,3,21,-10,-15,13,20,-19,-8,53,-21,-40,16,-34,41,-27,28,0,18,-17,8,-8,-23,66,-5,-1,-17,-20,6,-16,45,-30,-13,63,-8,4,-30,8,19,12,25,-46,7,29,0,-45,15,1,-17,9,23,-11,26,5,0,-19,3,15,-16,-11,-14,15,0,2,-8,8,-9,28,-24,14,-25,-1,31,-6,6,10,-35,-32,35,12,-50,39,-25,-20,48,8,30,-19,-3,3,-16,25,-19,-9,35,-52,54,-17,-23,12,-24,-24,22,20,-12,4,-8,-13,-4,-21,32,-6,-7,10,-50,33,4,-26,34,-39,21,-13,6,-23,-12,-42,0,-21,14,-6,28,-35,-1,17,16,20,-10,-2,-20,11,-16,29,-37,-1,21,-21,5,19,-30,-7,25,-29,-19,12,7,1,-26,-2,22,-12,-46],"volumes":[1766.804061,1231.923152,3340.948831,742.467715,823.634346,1132.489017,1626.491508,648.198341,2385.928406,2011.085264,659.848115,965.120253,382.401301,598.87967,556.078131,1094.346973,819.351602,2963.185395,477.852982,804.783691,1276.951222,442.416305,2663.767316,592.947696,1206.33653,891.169892,477.797727,1029.126269,1093.847513,710.781158,526.451711,1878.935901,1093.053974,1193.08883,448.842868,1420.252612,1529.411478,1037.32227,1143.447928,1884.392275,717.636969,1312.049866,2307.450592,1045.362393,1892.202936,1292.347598,1207.511602,485.422113,873.699589,508.063865,1193.7322,1554.287327,1368.43626,772.184922,1393.578452,824.73315,980.623136,2111.366283,1792.061844,1031.309061,752.654888,620.403622,996.494816,579.752796,1206.576185,980.729677,517.489938,846.565657,3989.391192,7292.66683,1402.401411,982.392587,826.072726,575.270314,1496.073894,1503.663433,1923.961432,1084.414806,3214.495407,4325.889702,644.850506,834.432583,819.525729,705.10982,2518.635295,534.112063,542.623331,1120.423814,4849.044558,477.547425,593.661433,1011.741004,2062.980599,1210.099957,1308.92067,479.815637,1780.514015,2255.572694,773.413414,1086.143648,2786.263014,528.663564,609.186956,651.950285,2493.83456,1400.167499,1473.229994,1084.263381,944.836562,1583.889306,1243.503874,998.258805,1632.251547,1326.59363,965.084433,1056.41075,1325.928618,1286.112148,1961.398578,1330.153719,600.516819,1208.631267,396.660638,881.242612,620.8685,3897.135679,827.045054,545.096203,2992.89475,992.972155,706.036208,795.347904,502.466672,1891.422132,952.263502,1303.594819,1236.334887,2106.877594,1418.945244,1673.107004,417.725555,577.365553,1291.961975,941.154273,480.870971,770.731724,776.803432,587.743405,1699.569621,593.508881,2003.376398,4968.7643,952.595327,1064.710189,1254.617045,1879.180414,1788.821035,1314.308014,2518.785548,1185.218572,1269.992994,3930.121157,2459.540539,3414.412009,2567.21289,849.559177,1237.907113,3676.842543,2506.423612,1586.005655,2304.824513,2333.669989,2040.340702,1383.71911,3814.564523,3434.741302,1646.149134,1323.168265,1843.320073,1218.079864]}