{"timestamp":1119139200000,"multiplier":1.0E-5,"open":0.77704,"high":0.77747,"low":0.77604,"close":0.77616,"shift":60000,"times":[1260,1,1,1,1,1,1,1,1,1,1,1,1,1,1,1,1,1,1,1,1,1,1,1,1,1,1,1,1,1,1,1,1,1,1,1,1,1,1,1,1,1,1,1,1,1,1,1,1,1,1,1,1,1,1,1,1,1,1,1,1,1,1,1,1,1,1,1,1,1,1,1,1,1,1,1,1,1,1,1,1,1,1,1,1,1,1,1,1,1,1,1,1,1,1,1,1,1,1,1,1,1,1,1,1,1,1,1,1,1,1,1,1,1,1,1,1,1,1,1,1,1,1,1,1,1,1,1,1,1,1,1,1,1,1,1,1,1,1,1,1,1,1,1,1,1,1,1,1,1,1,1,1,1,1,1,1,1,1,1,1,1,1,1,1,1,1,1,1,1,1,1,1,1,1,1,1,1,1,1],"opens":[0,-50,-16,-8,5,-15,-13,-6,3,5,3,11,29,-18,-9,-30,1,19,-13,10,66,-50,5,-13,5,-5,-25,35,-27,23,-12,1,12,13,-29,-14,-10,39,-39,-9,1,5,0,-5,36,-47,4,16,-36,-62,12,2,10,-30,41,17,-38,6,-10,5,-1,-2,-7,29,8,-4,0,11,28,-32,-15,21,0,4,-16,25,-51,-2,-16,3,50,-40,12,8,-10,-3,52,-6,9,20,-35,15,23,-5,-12,5,9,29,-24,-4,-5,11,-44,17,18,-10,17,0,-26,36,-34,23,-18,42,3,-39,58,-20,-1,35,-66,-5,-11,22,-5,-1,15,-23,48,-19,-4,0,37,-68,6,11,10,-18,1,48,-7,-55,28,-8,47,-29,-9,16,4,16,20,27,18,-23,-9,32,-29,1,28,15,-33,18,-23,33,-49,31,8,-33,4,25,20,-11,-12,1,32,-45,-5,14,-15,0],"highs":[0,-10,-62,-15,8,7,-14,-1,-10,25,-20,0,0,5,-15,15,-17,27,5,5,-2,-8,-5,0,5,7,-18,11,-3,-22,15,0,-1,6,-5,-5,0,0,-5,-1,-24,-1,6,-5,0,-10,7,5,-22,-23,-25,3,0,-7,32,5,-43,5,-7,-2,17,0,5,-10,15,10,0,-18,18,-10,23,-8,0,-10,-1,-12,-18,10,-19,12,13,-15,12,-7,20,0,10,18,-10,2,-10,28,32,-9,-11,0,7,4,-1,10,-10,10,-20,-20,15,15,-5,5,-13,4,1,3,26,-1,0,-15,0,-5,15,-1,41,-69,19,-3,-1,14,3,-28,25,-5,2,-7,-3,3,-15,8,22,-12,-12,24,-25,-10,3,10,7,-10,30,30,-12,12,41,-21,-5,5,20,15,-10,5,-10,-7,10,-10,-11,3,-5,5,10,-10,10,30,-5,-13,-13,14,12,-18,6,-10,-8,-10],"lows":[0,40,-29,-2,7,-12,-21,14,-8,-4,15,-19,9,9,-8,-8,-1,7,6,4,3,-9,1,6,0,-12,-16,22,-6,-8,16,2,-4,-7,-9,2,-11,17,-24,-12,9,2,-3,-2,11,-11,9,-14,-38,-27,4,10,-25,-3,35,-12,-22,-1,-5,-19,31,8,4,6,12,-2,-4,3,-5,0,9,-1,-3,0,-4,-1,-23,9,-33,30,2,-3,13,-6,7,4,10,15,-12,-2,5,19,14,-9,18,2,-6,4,-6,16,3,-35,2,6,-4,9,10,1,-14,-2,-13,27,3,18,-15,-6,6,0,4,-4,-8,1,-3,15,-2,6,-3,-6,9,-3,10,-6,-8,-18,9,5,9,-15,6,5,-5,-11,4,-5,28,-22,5,27,3,28,10,9,-8,14,8,-3,-4,12,7,-23,14,-15,-13,16,1,-1,-17,13,10,26,-7,-15,9,-3,13,-39,2,-11,16,1],"closes":[0,36,-25,23,-13,-12,-15,-4,-3,-5,27,-2,-29,21,1,14,-15,20,-9,0,-11,0,19,-10,-2,-15,23,-24,19,-41,16,15,-5,-13,-5,23,10,-26,-17,-28,41,-10,-23,54,-34,-7,37,-33,-39,-27,7,10,-38,54,-17,-30,-8,-8,13,-17,26,7,14,-6,-2,4,19,-19,12,-14,34,-12,15,-44,-7,4,6,-3,-37,50,-25,6,15,-26,43,31,-44,34,-27,-4,10,51,-28,-13,41,5,-9,-18,5,6,18,-42,8,-2,-1,22,-18,1,20,-5,-14,12,47,25,-73,31,-9,-2,28,-33,8,5,5,-25,-10,20,12,-15,-14,18,-4,13,-24,-17,4,32,-15,7,28,-19,-22,-11,13,7,27,-38,17,13,24,12,13,9,-7,24,-8,-10,-1,20,29,-50,32,-12,-1,-21,16,-9,11,-17,27,13,-22,12,-5,19,16,-63,28,-37,41,-18],"volumes":[3392.966843,2275.203439,2719.389251,937.094263,1100.652573,499.653786,1778.325517,896.473962,2344.813691,2118.947338,733.687528,614.910872,798.470703,858.909134,454.841547,997.805372,2399.138774,3094.127218,630.565461,784.748992,1298.986431,1843.693828,1462.556711,739.570454,508.311568,1097.862204,602.490421,4290.457692,1255.913651,583.31269,582.166449,1106.279406,1025.135742,893.822843,427.60452,1314.666333,1944.244524,1262.572704,1675.934247,734.945857,1378.861948,1862.188771,2089.022395,790.012927,887.421984,950.1195,479.435988,701.870701,831.746405,646.699684,700.992341,1602.769947,1528.213797,1253.263812,1646.411973,1427.041565,568.297104,2310.702676,1703.619567,916.659919,558.477809,610.195799,1263.689697,748.275345,1504.878691,834.611839,473.317899,888.294099,1546.770918,3998.825883,750.615748,1035.763407,416.43947,3156.891932,912.161232,1059.508928,2070.320346,2215.734289,2725.373221,406.633611,372.41792,531.489942,491.924095,1014.520691,455.405118,319.802007,951.403195,514.478385,1027.983106,745.730866,626.38303,713.413314,2689.775282,738.181363,540.454073,6750.729672,878.612925,763.926892,977.19333,1149.546647,2673.981582,1019.65306,973.203965,4187.787521,2512.447535,524.494071,1241.008956,1378.718718,1477.27486,1650.911136,904.456178,4231.290165,3018.716875,841.978052,1745.300548,1579.468821,2250.384516,721.004586,1442.98525,598.03471,1137.449236,1549.345409,355.242722,945.296807,742.156346,529.271501,551.644536,2231.338375,3143.895406,1015.04539,575.531376,661.455092,431.033186,3443.368751,739.622222,1418.278709,902.025986,2329.520242,1395.601114,1759.675983,491.122748,1984.561808,2771.686056,1130.31283,899.028295,771.162473,740.136628,1159.041557,4468.340127,413.61886,1017.634862,2229.897392,1003.841646,1688.11784,1518.479875,2152.053108,1873.500906,748.253839,2790.23337,1354.255484,1229.607562,3600.345022,3343.150882,3890.996184,2274.304003,1076.522495,1361.53795,4336.639567,5004.592147,2123.168719,4025.140069,2054.778658,3828.269861,2697.575457,2775.774504,3761.277427,1557.944688,2432.053656,3535.929076,961.754955]}