{"timestamp":1119139200000,"multiplier":1.0E-5,"open":1.22377,"high":1.22505,"low":1.2213,"close":1.22142,"shift":60000,"times":[1260,1,1,1,1,1,1,1,1,1,1,1,1,1,1,1,1,1,1,1,1,1,1,1,1,1,1,1,1,1,1,1,1,1,1,1,1,1,1,1,1,1,1,1,1,1,1,1,1,1,1,1,1,1,1,1,1,1,1,1,1,1,1,1,1,1,1,1,1,1,1,1,1,1,1,1,1,1,1,1,1,1,1,1,1,1,1,1,1,1,1,1,1,1,1,1,1,1,1,1,1,1,1,1,1,1,1,1,1,1,1,1,1,1,1,1,1,1,1,1,1,1,1,1,1,1,1,1,1,1,1,1,1,1,1,1,1,1,1,1,1,1,1,1,1,1,1,1,1,1,1,1,1,1,1,1,1,1,1,1,1,1,1,1,1,1,1,1,1,1,1,1,1,1,1,1,1,1,1,1],"opens":[0,-244,14,-34,17,13,-12,-20,-17,-10,14,-9,16,0,-1,24,-61,19,8,53,-9,-1,-7,5,-5,-60,19,13,-13,-16,6,8,-37,27,8,-28,-2,12,-32,-7,2,22,-17,33,-39,-26,22,-20,-18,-23,-51,-40,11,-27,14,36,-9,11,-9,-32,-14,30,11,-29,-31,43,27,-15,-13,60,-27,20,-12,-2,14,-51,19,-36,-48,26,-25,0,18,-5,12,-5,-4,29,-13,-7,-16,29,69,-12,1,24,-42,15,-15,34,-12,-25,-13,36,-16,34,-27,-10,36,-58,29,-1,23,32,-18,-17,-13,18,-12,-20,-4,32,-14,15,-63,54,-46,21,-41,88,-40,11,-17,14,-13,33,12,3,-30,-12,19,4,-12,-4,15,73,-13,19,5,-8,41,-15,-14,35,33,-14,-15,16,-19,-12,-11,14,-22,-18,0,32,-19,65,-21,-22,45,2,-14,26,22,-11,-32,24,0,12],"highs":[0,-329,-13,-8,-11,7,-20,7,-23,0,9,-24,25,-12,5,11,-38,17,21,20,-11,6,12,-14,-5,-16,-12,7,-19,6,-12,-1,-20,11,15,-22,-8,9,-12,1,-14,9,2,7,-21,-16,2,-12,-34,-22,-38,-21,-19,4,35,-6,-6,5,-15,-26,30,3,-5,-19,1,39,-10,-1,13,12,1,15,-11,-14,2,-29,-3,-32,-19,8,-16,6,-6,-5,4,7,35,-10,-20,-9,9,17,56,13,26,-18,-15,22,-16,6,-20,-22,11,26,-3,7,-12,-7,8,-19,5,3,29,4,-1,-10,1,-2,-8,-9,21,3,4,-21,-3,0,-22,-3,30,3,2,-8,-6,7,11,5,10,-4,-24,1,17,-17,-8,17,28,22,18,0,31,-3,5,7,21,-2,11,5,1,-10,-3,-6,-17,19,-41,2,12,13,26,1,-27,29,3,-3,20,33,-11,-6,-5,1,-2,-4],"lows":[0,3,-3,-24,11,9,-26,0,-20,0,7,-16,26,-3,-13,2,-21,13,11,33,-21,-10,39,-12,-25,-21,3,12,-51,31,1,-35,10,15,3,-9,-15,8,-7,-19,8,-7,17,-16,-18,0,-4,-17,-46,-33,-18,-19,-9,-2,19,4,15,-13,-8,-31,9,29,-8,-11,-33,47,22,-24,3,34,-5,19,-12,-7,-8,-17,-22,-29,-14,4,-25,7,20,-5,-2,11,-5,23,-17,-3,-6,23,46,14,6,25,-37,15,-12,9,-17,-20,5,28,-2,11,-3,-13,-11,-8,17,-5,36,5,5,-15,-8,5,-25,2,0,25,-7,-11,-37,39,-32,11,-30,50,-4,5,-9,11,-10,33,6,-27,-8,-2,14,-9,-2,8,11,13,40,16,17,-6,10,7,-12,32,5,19,-17,15,-13,-10,-19,19,-35,-5,3,23,-10,29,-11,4,10,26,-8,22,-12,15,-15,12,7,-8],"closes":[0,12,-19,9,-23,15,-32,3,-8,-2,-9,4,20,-18,-13,3,1,10,17,17,-31,29,6,-6,-37,23,-34,5,-20,24,-22,-36,36,8,-16,-8,-1,-7,-5,20,-23,-17,30,-21,-14,12,-24,-15,-38,-47,-18,-1,-15,1,44,-36,22,-18,-5,-27,39,22,-35,-10,18,20,2,-25,39,2,11,21,-22,-20,-12,-16,-18,-28,-9,-11,-13,34,-9,2,-15,35,27,-19,-32,-3,21,27,42,4,35,-11,-37,27,2,-30,-16,-17,44,-14,38,-9,-8,-4,-36,13,-4,3,58,-9,-4,-17,13,5,-48,21,14,-4,24,-35,13,-25,-5,-14,56,-28,13,-19,15,6,7,13,-9,-31,0,-7,41,-28,11,-15,65,-42,66,-5,29,7,-15,12,36,11,-25,12,16,-10,-11,-5,-28,23,-44,11,21,17,35,-39,-12,41,-13,9,24,22,-25,7,6,-20,12,-10],"volumes":[438.5,483.4,445.9,673.3,476.6,502.0,480.8,566.3,490.0,547.2,534.0,559.6,871.7,407.5,502.5,358.5,258.1,345.1,515.6,747.1,432.3,796.0,531.2,556.5,667.1,459.0,288.6,411.8,580.0,512.3,654.6,315.6,577.0,542.1,551.4,245.8,475.9,533.7,711.9,613.1,710.2,486.4,502.5,515.0,464.9,515.0,536.0,523.7,371.8,462.2,558.2,679.0,523.9,614.5,673.6,509.0,837.6,492.6,563.0,759.1,590.4,652.6,721.8,761.9,519.1,774.6,455.5,579.4,884.5,577.5,658.2,408.4,452.7,624.6,573.2,649.1,824.9,489.0,722.0,858.7,550.5,477.1,898.7,463.1,677.5,581.2,441.2,703.5,366.5,655.4,496.8,638.4,660.7,638.2,602.6,671.5,366.4,452.6,559.2,548.1,341.0,884.3,327.3,718.7,368.7,974.5,394.3,620.6,478.3,475.9,409.8,621.1,404.3,520.0,725.2,498.9,399.2,430.2,286.7,378.7,321.9,699.4,414.3,459.2,931.6,677.5,1032.5,813.9,389.7,647.7,737.8,655.1,247.8,435.6,688.1,500.7,206.7,512.3,668.2,599.8,599.5,465.6,422.5,589.9,553.4,388.6,731.4,529.4,427.0,419.9,360.0,499.6,735.5,678.4,700.1,340.3,654.8,477.6,388.3,539.6,530.4,659.8,724.3,661.7,377.4,606.2,818.5,581.8,351.8,716.9,528.0,607.3,535.5,414.5,543.8,413.8,455.6,705.0,751.4,465.3]}