{"timestamp":1119139200000,"multiplier":1.0E-5,"open":1.25778,"high":1.26315,"low":1.25778,"close":1.26314,"shift":60000,"times":[1260,1,1,1,1,1,1,1,1,1,1,1,1,1,1,1,1,1,1,1,1,1,1,1,1,1,1,1,1,1,1,1,1,1,1,1,1,1,1,1,1,1,1,1,1,1,1,1,1,1,1,1,1,1,1,1,1,1,1,1,1,1,1,1,1,1,1,1,1,1,1,1,1,1,1,1,1,1,1,1,1,1,1,1,1,1,1,1,1,1,1,1,1,1,1,1,1,1,1,1,1,1,1,1,1,1,1,1,1,1,1,1,1,1,1,1,1,1,1,1,1,1,1,1,1,1,1,1,1,1,1,1,1,1,1,1,1,1,1,1,1,1,1,1,1,1,1,1,1,1,1,1,1,1,1,1,1,1,1,1,1,1,1,1,1,1,1,1,1,1,1,1,1,1,1,1,1,1,1,1],"opens":[0,520,-10,-5,-6,16,14,-22,52,-39,24,-4,5,-5,2,-19,13,43,-10,-44,-8,65,-51,-26,12,20,45,-43,61,-38,4,-10,-32,3,-15,0,7,30,-7,6,-20,-9,11,35,-13,18,-13,50,43,12,-25,58,-17,41,-10,-22,10,47,-40,16,44,-47,-5,33,-217,219,-41,16,6,-16,0,-17,-11,1,35,12,-2,34,37,-16,3,17,-41,13,-16,12,-5,-18,2,-14,54,-32,-33,8,-6,-15,6,0,-5,-17,5,4,38,-9,-11,-28,28,7,-2,21,5,-23,-26,-18,23,-7,-28,27,5,-29,44,-30,-14,34,-27,15,6,-1,22,-5,-10,-7,-13,5,-2,5,-3,8,15,-12,7,-2,-19,-3,-13,-10,-5,-18,-17,2,-28,-7,0,-3,3,-17,2,9,33,-37,14,14,31,-3,29,-28,-27,-26,4,12,-23,26,-38,37,-33,-16,15,24,-17,-1],"highs":[0,-4,-9,2,-18,22,8,14,19,-10,-1,-5,9,5,-13,5,-3,25,-14,-15,16,12,-40,-7,14,24,25,5,-3,-12,-6,-2,-43,10,-5,-13,26,12,14,-15,-5,-9,26,-11,3,1,25,24,91,-49,25,30,21,-11,-6,-12,15,21,-4,18,10,-28,3,13,-51,51,-47,26,-8,-9,6,-5,-25,50,-12,9,17,42,0,-16,13,7,-14,-1,-25,18,-15,0,-4,22,10,-32,-22,-7,-6,-14,16,1,-3,-25,29,13,-1,-4,-16,-7,14,8,12,4,0,-23,-26,3,2,-7,-6,10,13,-1,5,-32,-6,38,-22,3,14,-2,10,1,-1,-14,-2,-6,22,-27,7,15,-1,-11,8,1,-13,-15,-13,18,-33,-18,-17,9,-17,-20,7,-15,23,-20,14,-2,15,-24,28,11,17,5,11,-26,-29,0,-2,-8,-15,19,-13,13,-16,-30,22,12,-8,-5],"lows":[0,504,-3,-6,-1,-7,15,4,30,-28,18,5,-1,10,-14,-4,7,-15,20,-10,-23,12,-16,7,10,11,0,14,4,9,12,-34,-23,7,-8,0,7,26,-1,-2,-8,-15,16,20,3,-9,10,11,86,-28,11,26,19,11,-23,-3,25,-2,15,7,-26,22,0,19,-195,167,-1,24,-9,-12,5,-17,-15,15,20,4,21,34,20,-46,23,19,-28,18,-19,20,-18,-4,-3,-8,-1,-7,-9,0,-17,-29,40,-13,11,-21,10,1,15,10,-12,-28,21,-20,39,1,-7,-24,-18,9,-1,-19,4,21,-10,-4,31,-36,-3,9,-1,19,0,-2,-1,28,-18,-17,3,-6,7,-6,8,5,-12,16,13,-21,-5,-25,-15,19,-27,-45,10,6,-12,-19,11,-29,28,-23,12,7,-2,-6,20,9,36,-14,-9,-2,-36,5,-4,-9,-8,33,-32,29,-32,-27,26,22,-34,13],"closes":[0,-14,-10,-2,-16,8,0,36,1,18,-31,29,-16,13,4,-24,17,-16,14,-14,31,-47,-14,32,-2,23,-31,68,-49,15,13,-23,-40,17,-11,14,13,11,27,-20,-22,14,26,-29,8,-2,35,30,64,-27,30,-1,32,-13,-3,-18,30,8,16,14,-70,51,-8,16,-35,-4,8,16,-11,2,6,-26,-24,58,-23,13,38,28,3,-52,54,-12,11,-15,-12,9,-20,15,-9,19,-32,-16,12,-17,-12,-10,21,-22,11,-19,39,-12,-3,13,-8,-5,14,-38,58,-4,-21,-29,2,10,-8,-33,20,13,1,18,-10,-31,8,17,-5,2,19,-16,2,22,-23,-10,6,-6,14,-20,5,18,-17,8,16,-13,-11,-22,-22,27,-21,-40,-7,3,-12,-15,13,-35,28,-20,20,4,-2,2,22,20,12,2,-19,-13,-36,22,4,-24,0,17,-6,1,-21,-13,22,6,-20,5],"volumes":[86.3,157.0,181.8,209.4,112.8,233.9,147.9,216.8,285.7,198.0,123.9,179.7,220.3,103.1,159.1,155.7,132.4,220.7,114.6,148.0,92.4,152.1,172.0,146.4,80.2,160.5,158.4,182.1,157.4,89.6,150.3,304.0,236.8,98.7,120.9,136.6,352.4,156.5,145.3,151.6,99.0,164.7,129.6,223.1,122.0,142.0,119.9,220.6,135.3,272.6,191.8,139.6,104.9,255.9,269.7,80.2,166.0,180.2,297.5,232.4,168.2,168.2,210.2,79.1,111.1,205.2,183.8,129.1,105.1,207.4,186.5,195.6,96.2,200.1,174.3,227.7,186.2,297.2,269.3,252.8,126.3,64.4,149.4,170.1,199.2,113.6,292.6,99.6,261.5,97.8,31.2,101.2,154.8,183.9,108.8,120.6,89.6,216.4,139.0,176.0,250.1,34.7,139.7,135.7,89.8,120.0,196.1,184.7,131.4,232.1,76.4,226.5,207.6,141.4,64.9,183.2,176.5,184.9,163.1,88.9,203.2,169.1,134.0,236.2,156.6,112.9,151.8,206.5,274.2,100.5,125.6,133.1,186.8,129.3,108.8,89.5,128.9,75.6,54.6,68.9,24.7,251.5,170.9,140.0,167.9,88.2,87.6,185.9,50.5,218.5,157.0,144.8,209.9,64.8,137.0,161.2,215.3,137.6,167.9,115.9,208.9,83.1,130.9,267.2,158.1,115.9,77.8,174.6,175.2,185.8,149.1,167.9,153.5,269.2,102.9,108.3,156.4,259.5,174.5,156.4]}