{"timestamp":1119744000000,"multiplier":0.001,"open":438.959,"high":439.438,"low":438.872,"close":439.007,"shift":60000,"times":[1321,1,1,10,4,2,3,1,2,4,3,2,1,1,3,1,2,2,3,4,3,2,2,1,1,2,1,2,1,1,1,1,1,2,2,2,4,1,1,10,2,1,1,2,2,2,1,2,1,1,8,1,1,1,1],"opens":[0,204,-56,-144,461,-8,-558,483,-387,197,222,-722,248,211,-198,510,-237,-531,174,339,251,-258,-12,-190,94,-151,416,113,-141,-154,-312,75,292,29,312,-95,-189,-97,572,-135,-625,71,13,185,467,-446,265,65,99,-440,485,-373,503,-556,428],"highs":[0,48,-62,62,-42,-6,-21,6,100,-73,-31,18,-6,14,-1,-1,5,-64,38,56,-60,24,-4,49,-68,-68,53,26,-55,-54,22,-13,74,55,210,49,53,25,-74,-95,-106,4,142,86,-20,40,-39,21,-1,44,-6,105,7,-76,-60],"lows":[0,23,-69,46,-3,-41,-8,-181,209,6,-46,-157,32,111,57,74,-37,-318,183,74,-96,126,-132,150,36,-140,103,-404,319,-18,-138,-55,204,-79,212,112,74,6,18,-173,-82,-71,131,136,70,-4,26,-27,-19,-148,171,114,165,-415,143],"closes":[0,259,-110,195,-79,-223,108,-518,782,-306,-142,221,77,-280,359,67,21,-267,43,210,-15,-279,-336,693,-114,-426,453,-617,237,-186,280,-95,66,374,-293,552,-379,91,218,-558,264,73,208,-331,1,-31,406,-298,-52,257,-125,182,234,-638,227],"volumes":[0.007668,0.012431,0.007462,0.009864,0.011645,0.008734,0.011492,0.006659,0.010426,0.010586,0.011699,0.011386,0.010589,0.009075,0.007611,0.008906,0.008174,0.008137,0.01422,0.009343,0.01538,0.012148,0.007741,0.00879,0.01065,0.00765,0.01125,0.00623,0.01266,0.00738,0.00742,0.016965,0.0118,0.015999,0.01889,0.01028,0.00976,0.00972,0.01314,0.01044,0.01108,0.00837,0.010893,0.0135,0.00972,0.01061,0.012014,0.015211,0.017773,0.012653,0.0103,0.01301,0.01155,0.014483,0.01931]}