{"timestamp":1301184000000,"multiplier":1.0E-5,"open":1.02345,"high":1.0237,"low":1.02345,"close":1.02358,"shift":60000,"times":[1260,1,1,1,1,1,1,1,1,1,1,1,1,1,1,1,1,1,1,1,1,1,1,1,1,1,1,1,1,1,1,1,1,1,1,1,1,1,1,1,1,1,1,1,1,1,1,1,1,1,1,1,1,1,1,1,1,1,1,1,1,1,1,1,1,1,1,1,1,1,1,1,1,1,1,1,1,1,1,1,1,1,1,1,1,1,1,1,1,1,1,1,1,1,1,1,1,1,1,1,1,1,1,1,1,1,1,1,1,1,1,1,1,1,1,1,1,1,1,1,1,1,1,1,1,1,1,1,1,1,1,1,1,1,1,1,1,1,1,1,1,1,1,1,1,1,1,1,1,1,1,1,1,1,1,1,1,1,1,1,1,1,1,1,1,1,1,1,1,1,1,1,1,1,1,1,1,1,1,1],"opens":[0,13,37,-3,-4,-2,27,-32,10,0,-3,-8,0,16,-1,-1,6,-14,-7,-5,17,-53,5,13,-10,0,17,-12,-20,7,-3,24,-7,-36,10,7,-6,12,8,-1,12,32,-9,17,33,34,2,-51,19,-8,16,2,8,-8,15,-11,0,2,-6,14,0,6,-8,2,27,23,23,17,20,-40,-11,-2,-1,1,0,-10,2,-3,-31,-18,0,0,-1,5,1,-31,9,3,-11,1,-21,-32,-20,33,-20,19,19,-17,-2,-32,-15,3,18,-1,5,-2,-6,-2,-8,1,13,11,-1,-10,-5,-8,12,8,2,0,19,7,-2,9,5,-2,1,0,5,15,8,-7,-12,-14,0,12,16,8,-5,15,-1,-1,-9,6,44,-9,21,13,13,5,6,67,-4,4,-24,-4,-23,-8,4,-16,-7,-2,-10,-7,-2,-20,23,6,-7,-2,-2,-5,-5,6,-10,9,-9,7,3,27],"highs":[0,-3,38,-11,3,-1,17,-17,-5,0,0,-11,6,19,-9,3,9,-16,-10,-8,17,-50,15,0,-10,2,15,-12,-15,10,-11,24,-7,-25,8,1,0,25,-14,22,32,-7,7,30,33,13,-10,-31,0,7,5,16,-8,11,-3,-3,-8,2,9,-2,16,-7,-6,28,15,24,16,36,-15,-39,-12,-2,2,-2,10,-19,3,-5,-31,-18,0,0,9,-4,0,-23,8,-4,-3,-3,-25,-32,19,1,-2,14,-1,-5,-14,-31,-13,29,-10,7,-4,-2,-1,-7,-5,8,7,9,-3,-10,1,3,1,4,3,27,4,-3,8,0,0,1,-2,10,8,8,7,-8,-17,-11,8,15,10,0,10,0,3,-3,-5,43,5,14,5,13,10,4,72,14,-19,-1,-22,-6,-21,0,-6,-12,-11,-2,-1,-12,2,-5,6,0,-7,2,-6,0,-10,12,-8,2,-2,3,28,15],"lows":[0,13,36,-2,-4,-2,25,-31,11,-2,-9,0,0,16,-10,-1,9,-19,-13,12,-20,-16,5,6,-3,-14,19,-10,-10,4,0,18,-12,-25,10,-1,1,6,14,-2,14,30,-17,23,37,24,-43,4,1,0,20,8,-1,1,4,-4,-1,-4,4,15,0,-6,4,2,26,24,23,17,-17,-15,-1,-3,0,2,-11,1,-2,-36,-11,0,0,-6,5,3,-30,2,1,-2,2,-23,-37,-5,-8,6,5,22,-6,3,-29,-15,-5,8,8,9,3,-8,-4,-5,-5,5,11,8,-4,-6,-8,-4,14,10,3,-8,27,0,5,7,6,-6,5,1,2,17,1,-10,-16,0,1,12,15,4,-6,16,3,-9,-2,8,36,-1,21,13,10,3,11,47,9,-15,-15,-16,-12,10,-12,-26,8,-1,-7,-2,-21,1,18,5,-4,-2,-6,-9,1,3,-2,0,0,7,1,27],"closes":[0,9,37,-10,3,-1,15,-28,8,-2,-9,0,6,10,0,-2,0,-19,-6,5,-20,-13,15,-7,-3,1,4,-6,-9,-1,0,19,-12,-15,8,1,0,20,-10,12,32,-2,10,32,34,3,-51,19,-18,26,-1,11,-7,16,-13,0,2,-6,14,3,2,-7,2,33,16,24,16,21,-37,-9,-7,-3,3,0,-7,-2,-4,-29,-18,0,0,-5,9,1,-29,5,2,-7,1,-21,-33,-13,27,-23,21,20,-18,0,-33,-14,1,18,-2,8,-4,-7,0,-8,-1,11,7,9,-13,-6,-7,12,6,4,3,21,3,-2,8,4,0,1,-1,5,14,6,-5,-10,-14,-1,11,15,10,-5,15,-3,1,-9,6,43,-7,20,11,13,5,9,66,-1,2,-26,-3,-26,-5,4,-16,-6,-12,-1,-7,-2,-21,24,6,-6,-4,0,-7,-4,0,-2,6,-8,6,3,28,12],"volumes":[13.5,21.0,18.3,9.0,4.5,4.5,10.039999,15.15,2.25,6.9,14.1,2.25,4.5,14.25,18.75,15.45,6.75,20.28,53.97,2.63,98.037387,2.26,15.39,7.14,1.88,19.91,18.924381,14.558725,5.63,24.62,2.25,20.178253,25.60343,6.75,4.17,13.59,21.85,56.95,16.7,39.04,135.63,21.1,92.48,121.95,56.55,67.76,73.15,57.73,25.28,50.82,21.28,79.27,19.51,42.62,55.48,34.37,40.56,27.84,49.27,28.89,49.39,52.81,32.63,26.86,39.73,45.22,20.94,47.34,65.63,38.43,13.16,12.0,34.93,16.42,60.02,7.3,28.737856,71.42,23.38,1.61,2.21,17.43,29.12,5.84,49.96,40.09,27.53,55.274961,12.75,69.53,97.13,72.4,91.51,48.6,95.33,42.75,81.0,60.0,57.75,40.1,51.75,90.43,99.9,31.13,18.0,43.5,43.5,44.25,64.51,53.33,27.0,41.71,18.76,30.0,77.25,45.75,27.0,21.75,15.0,56.25,93.75,77.38,48.38,47.63,9.0,46.5,8.25,37.5,43.5,24.0,66.38,30.0,34.5,18.75,16.96,40.88,14.1,19.5,116.68,18.39,44.26,28.89,19.5,66.77,41.27,59.28,33.75,14.63,53.63,60.01,189.52,163.88,61.45,41.85,48.77,74.29,62.67,46.54,28.5,99.46,54.39,18.0,54.81,43.04,73.6,80.33,35.63,13.5,6.75,61.8,40.9,90.02,29.25,53.25,30.0,30.91,14.63,8.25,61.34,63.08]}