{"timestamp":1299974400000,"multiplier":1.0E-5,"open":1.60875,"high":1.60877,"low":1.60816,"close":1.60854,"shift":60000,"times":[1260,1,1,1,1,1,1,1,1,1,1,1,1,1,1,1,1,1,1,1,1,1,1,1,1,1,1,1,1,1,1,1,1,1,1,1,1,1,1,1,1,1,1,1,1,1,1,1,1,1,1,1,1,1,1,1,1,1,1,1,1,1,1,1,1,1,1,1,1,1,1,1,1,1,1,1,1,1,1,1,1,1,1,1,1,1,1,1,1,1,1,1,1,1,1,1,1,1,1,1,1,1,1,1,1,1,1,1,1,1,1,1,1,1,1,1,1,1,1,1,1,1,1,1,1,1,1,1,1,1,1,1,1,1,1,1,1,1,1,1,1,1,1,1,1,1,1,1,1,1,1,1,1,1,1,1,1,1,1,1,1,1,1,1,1,1,1,1,1,1,1,1,1,1,1,1,1,1,1,1],"opens":[0,-4,5,-32,-10,22,4,-4,24,0,8,-12,5,-69,-10,-7,23,-12,-8,33,-11,-41,10,-9,8,10,-3,9,12,-20,5,0,2,-19,10,13,-26,9,7,0,11,-17,23,-31,9,-1,13,-17,27,-8,-1,-4,3,-4,-6,-3,11,6,84,-24,24,-31,-52,-4,4,17,-7,-3,-57,-4,-4,1,-41,228,-11,28,-29,-47,34,-76,44,-14,-59,-33,20,-21,-36,11,3,3,-1,-38,-11,0,-2,1,-16,10,-7,22,-28,0,-10,-17,20,24,35,1,-1,1,2,3,-10,0,-44,19,0,39,57,12,11,-1,-22,-38,5,-2,-78,-1,23,22,20,0,27,0,50,-15,-18,29,28,38,0,-41,-38,-18,7,-1,-4,-6,-28,-62,-72,95,-26,13,-68,-3,-10,14,0,18,38,-13,2,-25,8,-36,-4,16,36,-7,7,24,2,-15,-1,-10,-10,-6,17,11],"highs":[0,6,-7,-24,6,-2,24,-6,7,14,5,-2,3,-34,-34,-7,-3,-2,22,10,-28,-24,7,-4,6,-5,1,4,6,-10,3,-5,1,1,-12,13,0,1,-7,9,9,-16,11,-14,7,-2,8,-10,11,-8,7,-12,5,-1,-1,-8,18,81,8,0,0,-34,-56,4,7,3,-8,-3,-57,-1,-4,0,195,1,8,5,-31,-18,0,-30,0,-16,-59,-9,15,-40,-21,4,-2,0,-1,-37,-6,-6,3,2,-6,-6,-3,18,-19,-2,-6,3,18,0,38,0,-4,4,-5,5,-12,0,-25,2,40,62,22,-7,1,-2,-22,-13,-18,1,-81,13,57,-8,0,27,0,59,-9,-4,2,33,31,2,0,-39,-37,-16,7,-6,1,-12,-29,-62,28,-5,-10,-3,-68,11,14,-24,22,39,-1,-15,6,-12,-11,-31,9,64,-23,-4,29,-7,5,-12,-4,-14,4,23,-12,-3],"lows":[0,17,-10,-3,14,3,7,4,5,19,5,-23,-31,-27,5,-6,-4,10,-3,27,-42,-8,0,1,-4,4,-3,14,2,-5,8,-15,7,-3,4,-9,5,2,-1,1,-6,7,4,-5,6,-6,1,3,6,-10,14,-11,-3,2,3,-4,1,3,96,-18,-8,-45,-22,14,-3,17,-8,-52,-12,2,-3,-60,18,227,-26,-10,-91,65,-32,1,16,-46,-60,24,-2,-40,9,6,8,2,-53,3,0,-14,-13,25,-25,-22,8,18,0,-12,-10,-6,20,6,50,-2,10,1,-5,0,-1,-49,6,19,0,36,60,12,1,-22,-39,10,-1,-74,-5,-8,32,25,20,0,27,-3,38,-19,1,25,32,34,-56,-19,-15,-15,15,-7,-1,-40,-55,-71,5,68,-5,-53,0,-18,5,15,0,20,22,3,-17,-5,-30,-2,0,15,29,1,7,11,-10,-11,10,-10,-5,-1,16,-5],"closes":[0,13,-26,5,12,-21,17,0,18,0,5,17,-55,-32,6,-5,-17,20,26,-12,-17,-20,16,0,-32,7,13,-3,1,-5,9,10,-14,16,-20,17,4,1,-26,1,18,2,3,-15,16,-21,8,9,-10,7,13,-27,20,-1,-8,-2,5,95,0,-17,-17,-48,-8,4,15,-5,-3,-57,-4,-4,1,-45,232,-8,25,-33,-40,31,-76,44,-9,-65,-32,20,-21,-30,5,4,2,-1,-37,-13,1,-2,5,2,-21,-23,28,-5,4,-14,-1,11,6,-3,46,0,0,2,-1,-6,0,-47,22,0,39,65,1,14,-1,-26,-34,5,-2,-76,-4,17,29,20,0,27,0,47,-12,-19,32,26,38,0,-41,-38,-15,4,0,-4,-7,-28,-68,-71,97,-15,5,-68,-3,-9,13,0,18,43,-22,3,-17,3,-36,-4,16,39,-8,5,25,0,-14,-3,1,-19,-3,14,11,-14],"volumes":[24.51,22.49,41.9,47.74,45.4,17.6,39.59,16.41,13.37,80.57,83.88,28.47,33.08,62.66,37.45,17.64,18.17,21.76,35.8,55.15,28.0,46.42,27.25,84.21,52.02,43.58,59.67,23.54,11.9,11.42,13.96,15.66,47.65,21.78,12.0,27.91,57.1,20.3,57.46,52.1,35.22,17.85,30.59,17.71,19.14,15.79,52.08,56.82,39.99,70.15,18.51,6.95,42.37,23.04,20.55,16.82,53.47,21.8,13.37,36.38,122.96,104.32,44.95,49.5,41.63,39.75,45.75,54.38,47.25,34.5,129.0,344.53,335.31,371.41,223.08,238.24,152.48,115.28,250.65,173.84,125.79,89.25,77.75,108.0,86.07,57.0,180.42,89.7,109.2,42.02,173.63,60.0,84.75,89.14,110.25,76.5,33.15,20.49,21.39,20.81,13.29,22.25,21.48,23.7,23.18,16.33,47.25,66.9,10.5,57.75,77.55,112.22,103.5,96.48,183.46,175.65,128.19,201.47,142.74,159.77,170.28,170.63,119.54,58.41,119.49,199.83,114.66,222.38,207.74,55.09,74.25,88.3,198.29,197.92,93.84,120.03,53.63,179.67,80.17,86.65,137.85,117.85,101.85,132.72,127.71,118.43,107.67,132.22,128.06,133.18,131.51,95.83,114.44,161.97,114.38,155.32,98.02,38.42,76.93,115.05,72.01,26.43,47.85,83.67,92.91,69.46,39.92,268.45,86.04,67.26,122.17,72.83,108.11,152.54,72.39,51.96,70.22,143.27,82.24,53.89]}