{"timestamp":1299369600000,"multiplier":1.0E-5,"open":0.97325,"high":0.97325,"low":0.97325,"close":0.97325,"shift":60000,"times":[1320,1,1,1,1,1,1,1,1,1,1,1,1,1,1,1,1,1,1,1,1,1,1,1,1,1,1,1,1,1,1,1,1,1,1,1,1,1,1,1,1,1,1,1,1,1,1,1,1,1,1,1,1,1,1,1,1,1,1,1,1,1,1,1,1,1,1,1,1,1,1,1,1,1,1,1,1,1,1,1,1,1,1,1,1,1,1,1,1,1,1,1,1,1,1,1,1,1,1,1,1,1,1,1,1,1,1,1,1,1,1,1,1,1,1,1,1,1,1,1],"opens":[0,-30,-29,7,0,25,-13,2,-1,6,-7,6,0,9,-11,20,-24,-1,1,-1,0,0,-5,-8,-20,4,1,0,7,-8,1,-8,0,2,0,0,0,-1,0,-7,4,0,-14,0,1,-1,0,0,-3,0,-32,-2,-1,-9,8,0,1,0,0,-2,2,11,-13,14,0,2,-11,0,-1,1,3,2,-7,1,3,0,1,1,-1,0,-9,-2,0,2,0,-1,-1,1,-1,0,1,5,-6,-2,-6,-4,2,1,-23,0,-3,5,16,0,5,-2,6,-1,2,1,-5,9,-2,-2,2,-5,0,3,-1,2],"highs":[0,-21,-37,6,19,6,-13,2,5,0,9,0,-10,20,-2,0,-24,0,0,-1,1,-1,-5,-8,-17,3,0,7,-1,-8,1,-7,1,0,0,0,0,-1,0,-7,4,0,-14,1,1,-2,0,0,-3,0,-32,-2,-1,-9,9,-1,1,1,1,-4,12,3,-14,13,0,2,-11,4,-4,5,1,-1,-4,1,0,1,2,-1,-1,0,-9,-2,0,2,0,0,0,-1,-1,1,5,1,-7,-1,-7,-1,0,0,-22,1,1,3,16,5,-1,-2,3,1,7,-6,-1,6,-3,2,1,-8,2,4,-1,-1],"lows":[0,-49,-17,13,0,14,-1,1,0,-1,0,5,1,-2,0,-20,16,-1,1,-1,0,-6,-7,-21,0,5,0,1,-5,4,-5,-2,0,1,0,0,0,0,-8,1,4,-13,-1,0,1,-1,0,-6,3,-33,-4,3,-1,-9,8,0,0,0,0,-1,2,11,-25,26,0,-4,-5,-1,-2,3,3,-7,2,0,4,0,1,-2,-1,-2,-6,0,-1,3,-2,-1,1,0,-1,0,2,-1,-2,-9,-1,0,1,-21,-1,-2,0,4,5,4,11,0,6,-1,2,-1,-3,7,-3,-6,4,-2,2,1,1,2],"closes":[0,-31,-27,5,20,-6,-1,1,6,-7,6,-1,1,-2,20,-35,11,0,0,-1,0,-5,-8,-21,0,7,-2,8,-11,3,-5,-1,0,0,0,1,-1,0,-7,0,4,-13,-1,1,0,-1,0,-3,0,-32,-5,3,-1,-9,9,-1,1,-1,0,-1,12,3,-24,23,0,-4,-5,-1,1,5,1,-9,2,3,0,1,1,-1,-1,-4,-5,-1,-1,3,-2,2,-2,0,-1,1,3,-3,-2,-2,-8,3,0,-23,0,-3,6,3,12,5,-1,2,3,0,2,-2,1,3,-3,-2,0,-2,4,0,3,-1],"volumes":[0.75,27.0,19.7,13.5,9.0,4.5,3.0,4.5,7.5,3.0,25.5,16.5,6.19,13.5,9.0,12.15,3.0,4.5,1.5,1.5,7.5,9.0,6.0,21.72,12.0,10.5,15.75,10.5,19.89,1.5,8.25,5.25,6.75,7.5,3.0,6.0,6.0,10.5,11.63,4.5,1.5,13.5,10.5,6.0,7.69,4.5,7.5,7.5,4.5,12.94,3.0,1.5,3.38,6.0,6.76,1.88,6.38,8.26,7.15,1.13,13.52,4.5,18.81,1.5,4.5,9.0,1.5,12.0,12.0,10.5,9.0,24.67,12.19,27.19,4.5,10.5,6.0,12.0,13.88,25.71,8.37,1.5,5.25,1.5,7.5,16.5,18.0,9.75,15.0,18.75,34.5,9.0,6.0,37.47,15.19,7.5,13.69,34.7,15.0,10.5,18.83,10.5,54.03,33.19,18.75,4.5,1.5,6.0,17.07,5.44,6.42,17.63,4.5,30.0,14.25,7.5,9.75,23.25,10.5,1.5]}