{"timestamp":1296345600000,"multiplier":1.0E-5,"open":1.35866,"high":1.35879,"low":1.35854,"close":1.35855,"shift":60000,"times":[1320,1,1,1,1,1,1,1,1,1,1,1,1,1,1,1,1,1,1,1,1,1,1,1,1,1,1,1,1,1,1,1,1,1,1,1,1,1,1,1,1,1,1,1,1,1,1,1,1,1,1,1,1,1,1,1,1,1,1,1,1,1,1,1,1,1,1,1,1,1,1,1,1,1,1,1,1,1,1,1,1,1,1,1,1,1,1,1,1,1,1,1,1,1,1,1,1,1,1,1,1,1,1,1,1,1,1,1,1,1,1,1,1,1,1,1,1,1,1,1],"opens":[0,-14,3,16,16,12,80,-5,-5,31,1,8,12,-1,8,-43,4,-109,-15,10,6,-2,40,-15,2,3,-5,0,-4,25,19,22,-16,-18,-1,1,-6,1,-72,14,14,32,25,-11,0,0,5,-12,-15,-8,-25,5,-30,-33,-27,-5,-1,-33,3,16,2,28,5,10,10,-10,37,2,0,-6,-16,-6,-2,4,5,3,-19,-33,6,-20,-11,24,2,13,-6,11,-14,22,-11,10,10,19,9,-2,24,-4,-9,-3,-18,-7,-8,1,0,-9,-26,-10,4,4,3,3,37,-9,1,-23,-3,-3,0,-25,-25,-6],"highs":[0,-27,19,28,15,70,-5,1,19,6,7,10,2,4,0,-33,-6,-97,-15,0,17,26,4,-20,5,0,-5,0,21,21,35,-15,-7,-11,2,-17,-5,-1,-61,12,35,35,-8,-11,0,10,-5,-12,-7,-16,-10,-10,-26,-37,-22,-6,-5,-29,15,0,50,-15,12,8,0,27,0,33,-26,-11,-16,-6,33,-24,10,-9,-19,-32,15,-25,8,0,15,18,-10,-3,8,1,-4,11,25,7,-1,23,5,2,-20,-6,-14,-10,20,-20,-8,-6,-25,-6,2,0,3,45,1,-16,16,-32,-8,-1,-4,-20,-30,-6],"lows":[0,-14,13,18,6,22,52,15,3,20,10,10,9,2,-47,12,-116,5,-54,31,30,-8,31,0,2,-2,0,0,-4,0,44,7,-23,-1,-1,2,-2,-79,8,14,14,32,14,0,0,0,-5,-12,-23,-25,-5,-14,-32,-29,-1,-25,-3,-12,10,16,2,28,-10,20,-5,10,17,18,-2,-16,-6,-9,7,4,2,-23,-34,0,7,-21,-10,16,20,7,0,-1,-2,13,-2,6,14,18,3,4,12,-11,-6,-14,0,-10,-7,-3,4,-48,-10,22,-2,10,4,3,30,-7,-10,-21,5,0,-20,-30,-14,-11],"closes":[0,-3,19,16,27,70,-5,-13,29,10,4,12,1,6,-46,7,-114,-1,1,1,18,26,-16,0,5,-5,0,0,21,19,24,-17,-23,3,1,-4,-2,-72,12,12,35,24,-8,0,0,5,-10,-12,-13,-25,5,-34,-31,-25,-5,-1,-28,-1,15,0,30,5,10,10,-10,37,-6,8,-6,-16,-6,-4,6,5,2,-20,-26,-11,2,-21,24,0,15,-6,9,-10,18,-7,6,11,20,10,-3,20,-1,-5,-6,-21,-3,-9,1,0,-9,-26,-10,4,6,-1,0,45,-12,1,-18,-11,0,0,-25,-25,-6,-19],"volumes":[34.43,13.47,51.55,36.38,31.21,37.43,43.61,13.5,27.75,7.5,20.63,16.5,15.0,6.0,28.5,12.1,114.5,43.88,47.26,60.76,5.25,48.01,15.0,6.0,3.76,3.76,4.5,25.5,15.16,109.51,65.32,10.32,27.38,53.86,61.7,12.75,9.0,115.76,9.75,7.5,18.0,58.88,13.5,1.5,1.5,18.19,9.0,15.57,54.94,58.52,27.19,30.77,90.29,72.27,40.73,116.04,25.5,48.63,21.01,3.0,87.29,6.0,21.38,13.5,19.69,31.9,25.5,54.5,18.2,32.28,12.5,7.5,65.56,21.71,37.07,92.04,111.07,50.45,76.44,28.59,48.96,67.26,19.7,82.41,61.26,36.01,36.78,40.16,27.6,34.2,92.94,38.3,32.91,87.3,81.13,104.28,83.09,68.61,99.73,90.97,158.46,96.64,56.83,81.17,136.21,58.89,43.5,22.5,20.45,92.57,24.39,52.34,52.33,34.32,36.21,14.25,75.58,116.93,138.35,94.51]}