{"timestamp":1296345600000,"multiplier":1.0E-5,"open":1.58474,"high":1.58474,"low":1.58351,"close":1.58399,"shift":60000,"times":[1320,1,1,1,1,1,1,1,1,1,1,1,1,1,1,1,1,1,1,1,1,1,1,1,1,1,1,1,1,1,1,1,1,1,1,1,1,1,1,1,1,1,1,1,1,1,1,1,1,1,1,1,1,1,1,1,1,1,1,1,1,1,1,1,1,1,1,1,1,1,1,1,1,1,1,1,1,1,1,1,1,1,1,1,1,1,1,1,1,1,1,1,1,1,1,1,1,1,1,1,1,1,1,1,1,1,1,1,1,1,1,1,1,1,1,1,1,1,1,1],"opens":[0,-81,81,-37,7,0,17,5,-14,26,9,-23,12,24,38,-33,-6,-50,-40,0,0,-23,21,-119,151,-96,-22,4,-11,4,34,22,8,-28,0,0,0,0,44,-44,0,0,0,43,-43,-2,0,3,0,-12,0,0,-48,-18,29,-16,14,-18,-1,5,4,20,3,4,12,-21,23,49,1,-44,-32,49,3,-4,2,12,-8,-4,0,-18,-5,-2,0,2,-7,-7,-3,14,2,-2,16,-3,-7,0,-3,-15,-28,1,-3,-10,-30,-16,23,-4,-15,10,5,2,0,9,10,9,9,3,-5,0,-8,-13,-2,-44],"highs":[0,-56,56,-30,5,13,-1,6,1,17,4,-16,27,39,0,-34,-6,-50,-40,0,0,-2,0,-64,101,-101,0,-15,0,15,31,3,11,-34,0,0,0,0,48,-48,2,-2,0,43,-43,-2,6,-3,0,-9,-3,3,-49,13,-3,-14,11,-18,0,4,24,5,4,10,0,-2,53,8,-5,-27,-51,49,7,-8,22,-8,-5,5,-12,-18,-5,-2,2,0,-7,-7,11,2,0,4,16,-4,-10,0,-5,-15,-21,-6,-3,-10,-12,-3,-8,-4,-3,13,-1,-6,9,12,5,15,6,-3,-10,0,0,-13,5,-22],"lows":[0,29,20,32,7,5,4,4,0,16,-4,-15,27,24,13,-23,-85,4,0,0,-11,-129,13,6,143,-104,-13,0,0,1,28,31,-20,0,0,0,0,0,42,-42,0,0,0,35,-41,4,0,3,0,-12,0,-46,-17,-15,28,-5,0,-9,4,7,4,16,-2,10,-8,-1,26,44,-33,-5,-35,52,1,-2,2,5,-6,-7,-10,-10,5,-2,-7,-8,3,0,-3,12,2,-1,13,-15,8,0,-12,-31,-21,20,-13,-32,-33,17,14,-10,0,12,3,2,-1,2,7,22,9,-2,-8,-3,-12,-1,-43,-17],"closes":[0,19,29,-10,2,22,-2,-7,16,17,-21,9,27,35,-22,-14,-50,-40,0,0,-11,9,-123,59,101,-117,-2,-11,9,20,31,3,-23,0,0,0,0,0,46,-46,2,-2,0,35,-37,0,6,-3,0,-12,0,-46,-17,28,-13,-7,0,-2,0,4,24,5,2,12,-23,21,53,3,-41,13,-53,52,1,-2,14,-5,-6,1,-20,-10,5,-2,2,-5,-9,0,11,0,0,0,22,-6,-10,-1,-12,-31,0,-1,-13,-32,-14,25,-6,-13,10,0,4,-1,6,15,8,13,2,-7,0,-8,-13,1,-47,37],"volumes":[70.14,27.79,25.25,13.5,10.5,52.95,52.9,31.01,22.11,18.42,22.5,10.8,12.0,18.15,23.6,20.25,64.13,30.0,9.0,3.0,7.88,115.04,74.64,35.65,44.17,7.13,23.63,13.5,20.66,35.93,16.71,4.5,18.38,1.5,3.0,1.5,1.5,1.5,64.66,3.3,11.1,4.88,4.04,24.39,9.09,6.15,8.63,5.4,4.65,5.53,18.26,22.15,14.63,61.73,11.82,16.5,4.77,8.63,6.38,1.5,38.27,16.24,49.27,28.6,19.21,37.87,22.9,28.51,24.76,15.29,59.04,3.39,21.01,1.13,35.67,32.45,46.32,43.96,44.83,36.53,3.39,5.65,20.52,13.54,4.89,6.78,15.99,35.81,3.38,14.09,13.33,31.46,22.71,5.64,12.61,57.83,24.71,1.69,10.16,38.95,111.9,47.12,29.86,52.32,38.63,32.21,32.58,22.6,34.65,63.9,25.07,16.29,22.21,21.6,29.13,12.33,38.98,36.45,79.46,44.82]}