{"timestamp":1293926400000,"multiplier":1.0E-5,"open":0.99458,"high":0.99463,"low":0.99396,"close":0.99463,"shift":60000,"times":[1320,1,1,1,1,1,1,1,1,1,1,1,1,1,1,1,1,1,1,1,1,1,1,1,1,1,1,1,1,1,1,1,1,1,1,1,1,1,1,1,1,1,1,1,1,1,1,1,1,1,1,1,1,1,1,1,1,1,1,1,1,1,1,1,1,1,1,1,1,1,1,1,1,1,1,1,1,1,1,1,1,1,1,1,1,1,1,1,1,1,1,1,1,1,1,1,1,1,1,1,1,1,1,1,1,1,1,1,1,1,1,1,1,1,1,1,1,1,1,1],"opens":[0,-51,15,-49,29,0,0,9,16,4,-8,-47,0,0,0,26,30,-29,1,-5,11,23,-3,20,-2,-4,-1,-3,3,-5,1,-4,3,12,-2,-3,-47,21,6,15,-21,-7,-44,1,-1,-12,19,-11,-13,-5,29,-27,-1,-9,9,9,-10,-7,11,-17,3,-3,6,23,-18,26,-28,-10,22,-7,-6,0,0,6,-1,1,-1,8,-1,1,-1,5,-1,1,-1,0,3,4,-1,1,-5,-2,8,9,0,-5,5,0,1,-8,6,2,-16,-6,-15,-21,0,1,-2,-6,4,-17,-9,2,6,1,-4,-5,1,-1],"highs":[0,-3,-38,-15,-5,0,22,-13,20,0,8,-63,0,0,27,48,-19,-29,1,-3,44,-12,16,4,-5,-3,-2,0,0,-4,4,-6,16,-3,0,-2,18,-17,-10,1,-20,-8,-43,0,0,-13,19,-11,-13,-5,32,-30,-1,2,-1,25,-27,4,0,-16,37,-28,21,-2,22,-13,-26,8,8,-13,-7,0,6,0,0,0,8,-1,0,0,4,0,-1,1,0,5,-3,4,0,0,5,5,0,0,1,-5,4,0,1,4,3,-7,-16,-6,-15,-20,0,0,2,-5,-1,-9,-16,6,1,1,-3,-4,-1,0],"lows":[0,1,-40,16,29,0,0,2,23,-3,-63,15,-5,5,0,26,-8,9,-3,-1,11,18,0,22,-6,0,-8,4,-1,-1,-11,8,3,7,-4,-43,-15,7,34,-9,-3,-53,9,0,-22,10,2,-8,-4,0,11,-9,-11,1,7,-17,11,0,-6,0,-4,4,6,4,1,-5,-5,-4,13,-9,6,0,1,6,-1,0,0,7,0,1,-1,4,0,0,0,0,3,1,2,-7,3,-4,8,1,-4,9,-3,0,-1,-1,9,-17,-12,-8,-20,0,1,-1,-5,-1,-13,-13,4,2,5,-3,-3,-1,1,-1],"closes":[0,-66,-24,29,0,0,21,-19,27,-7,-63,15,-5,5,20,36,-28,-1,-2,-1,41,-11,19,3,-8,1,-7,4,-3,0,-4,2,14,-4,-2,-47,7,19,15,-20,-7,-41,-3,1,-23,10,16,-22,-4,0,11,-9,-11,11,-3,1,-7,10,-15,0,-1,10,21,-21,36,-40,-5,19,-5,-14,6,1,5,1,-1,1,8,-2,0,1,3,1,-1,1,-1,6,-3,3,1,-5,1,5,9,-8,-1,5,-4,0,2,-1,8,-16,-6,-17,-20,2,-1,-1,-5,4,-18,-9,1,6,1,-4,2,-5,0,0],"volumes":[7.5,4.2,20.25,33.53,2.25,6.75,28.67,4.18,3.3,5.73,35.5,4.8,5.25,3.0,12.0,50.26,63.38,1.5,11.25,9.0,81.45,11.27,48.04,6.0,7.5,3.75,13.52,9.0,3.75,6.75,35.2,7.14,21.02,10.13,30.76,58.53,86.37,136.47,51.42,43.17,5.63,40.52,7.5,4.5,17.36,1.5,12.0,7.13,6.38,3.38,15.01,5.26,28.17,24.02,9.76,110.38,21.02,7.88,21.02,4.5,90.27,27.0,21.63,32.08,35.96,33.72,31.92,39.87,34.54,14.18,7.73,14.64,7.95,1.5,6.16,7.66,17.1,3.6,6.38,3.0,12.75,4.5,1.5,4.5,4.5,16.0,1.8,8.2,6.46,13.88,40.92,35.56,19.74,24.15,27.21,8.78,11.48,10.81,22.7,8.1,12.75,44.19,39.98,27.0,21.08,9.0,6.0,18.0,26.71,6.3,55.39,31.86,10.21,5.41,6.53,17.19,18.18,10.23,16.9,22.2]}