{"timestamp":1405209600000,"multiplier":0.001,"open":5504.0,"high":5505.0,"low":5502.0,"close":5503.0,"shift":60000,"times":[1430,1,1,1,1,1,1,1,1,1],"opens":[0,0,5000,0,-3000,-2000,-2000,-1000,1000,0],"highs":[0,3000,2000,1000,-5000,-2000,-2000,0,3000,-2000],"lows":[0,2000,5000,-2000,-2000,-2000,-2000,-1000,1000,0],"closes":[0,5000,1000,-2000,-2000,-2000,-1000,-1000,1000,0],"volumes":[0.001017,3.68E-4,2.32E-4,6.14E-4,1.07E-4,2.93E-4,5.37E-4,0.001664,0.001717,0.002001]}