{"timestamp":1406419200000,"multiplier":1.0E-5,"open":1.08162,"high":1.08162,"low":1.08157,"close":1.08157,"shift":60000,"times":[1260,1,1,1,2,1,1,1,1,2,1,1,1,2,1,1,1,1,1,1,1,2,1,2,2,1,1,1,1,1,1,1,1,1,1,1,1,1,1,1,1,1,1,1,1,1,1,1,1,1,1,1,1,1,1,1,1,1,1,1,1,1,1,1,1,1,1,1,1,1,1,1,1,1,1,1,1,1,1,1,1,1,1,1,1,1,1,1,1,1,1,1,1,1,1,1,1,1,1,1,1,1,1,1,1,1,1,1,1,1,1,1,1,1,1,1,1,1,1,1,1,1,1,1,1,1,1,1,1,1,1,1,1,1,1,1,1,1,1,1,1,1,1,1,1,1,1,1,1,1,1,1,1,1,1,1,1,1,1,1,1,1,1,1,1,1,1,1,1,1,1,1,1,1],"opens":[0,0,-12,1,-1,-4,4,-1,1,0,4,0,0,-5,5,-5,4,1,-1,1,0,-1,1,-1,-2,3,0,0,0,0,-23,5,7,-5,0,-2,2,0,-2,1,1,0,6,-1,0,-4,1,0,3,-4,-12,7,0,1,-2,4,0,-3,1,-3,-6,-7,3,0,0,1,2,1,0,-1,2,2,-4,-4,0,1,-1,-5,5,-4,0,0,0,-1,0,1,0,-1,2,-1,1,-1,9,-2,-8,0,-1,2,-2,0,1,0,1,-1,3,-3,-4,3,-1,-1,-1,-2,1,-6,-1,0,2,2,-12,-4,-6,-3,4,10,1,-1,0,0,5,-5,7,-6,0,0,3,-1,3,1,1,-1,-1,0,0,-5,3,5,0,-3,3,-2,1,3,9,1,1,5,-3,0,4,-2,1,-8,-10,0,0,2,5,-2,-2,-1,6,-3,2,-1],"highs":[0,0,-12,6,-5,-4,3,-1,1,4,0,0,0,-1,1,5,-6,1,-1,1,0,-1,1,0,0,1,0,-1,10,-10,-4,0,-6,-6,0,0,6,-6,0,5,-5,6,0,-1,0,-4,1,0,3,-3,-5,-1,1,0,14,-9,-2,-2,0,-4,-6,-5,5,-2,-1,2,2,1,1,-2,2,0,-3,-5,3,-2,-1,-3,3,0,-4,2,-2,1,-1,1,-1,1,0,0,1,9,-2,0,-10,1,0,0,0,-1,1,1,-1,2,0,-3,-1,1,-1,1,-3,-2,3,-5,-4,0,6,0,-15,-4,-5,-1,13,-1,0,-1,5,0,0,2,0,-6,0,2,1,2,1,0,1,-1,-1,0,0,-2,5,0,0,0,0,0,2,9,1,1,5,0,0,4,-3,1,-2,-7,-11,0,2,11,-5,-3,-2,2,3,3,-4,0],"lows":[0,-1,-6,1,-5,0,4,-1,1,0,4,0,0,-5,5,-5,4,0,0,1,0,-1,1,-1,-2,3,0,0,0,-23,-4,7,3,-3,3,-1,1,1,-5,3,2,-4,9,0,-3,-1,1,0,-16,2,-1,9,0,0,-2,5,-2,-2,0,-12,-4,-1,6,-1,1,1,1,1,-1,1,2,-4,-3,1,0,0,-8,3,1,-10,10,0,-2,1,0,-1,0,1,0,0,-1,2,9,-12,1,0,0,0,0,0,1,0,0,0,1,-5,0,2,-2,0,-5,-1,-1,-6,5,-1,3,-10,-4,-8,-1,0,0,10,4,0,0,-1,1,0,1,0,-1,0,3,0,2,2,0,-2,0,0,-4,0,3,4,-2,0,1,0,1,3,7,1,3,2,0,0,1,-3,-7,-8,2,0,-2,4,3,-3,0,-1,7,-5,1,0],"closes":[0,-1,-6,6,-9,0,3,-1,1,3,1,0,0,-1,1,0,-1,0,0,1,0,-1,1,0,0,1,0,-1,0,-23,-3,9,1,0,-1,0,0,1,-1,2,-1,6,-1,0,-3,-1,1,0,-1,-12,7,0,1,-1,4,-1,-2,0,-2,-7,-9,1,6,-1,0,2,2,-1,-1,0,4,-1,-2,-5,2,-2,-4,1,-1,1,-1,0,-1,0,0,0,0,2,-1,0,0,9,0,-10,0,0,1,-2,0,1,0,1,0,2,-2,-4,2,0,-2,-1,-2,1,-6,-1,0,1,1,-10,-4,-4,-3,0,14,-1,-1,0,0,5,-5,7,-6,0,-1,3,0,3,1,0,0,-1,0,0,-5,3,5,-1,-2,3,0,-2,3,10,1,1,5,-3,0,7,-5,1,-9,-9,0,0,2,5,-2,-2,0,2,3,-1,-2,2],"volumes":[0.85,1.8,0.75,0.4,10.86,3.65,1.0,1.0,1.0,17.36,1.15,2.15,1.0,2.0,1.0,4.15,2.15,4.38,2.3,1.15,1.0,1.0,1.0,2.0,13.75,5.13,4.63,3.08,16.35,54.73,27.2,60.23,19.57,5.58,9.16,13.82,10.24,4.66,11.16,19.42,4.5,32.3,7.0,5.0,6.0,2.0,3.0,3.0,51.17,13.41,18.19,3.0,4.0,3.0,6.38,2.0,2.35,34.49,39.0,47.74,15.98,45.77,34.66,52.97,9.57,3.35,17.39,24.02,26.55,16.73,9.0,11.1,15.78,2.1,13.74,11.6,19.58,12.7,13.07,38.75,3.0,22.1,29.58,17.44,22.43,11.31,30.99,20.39,8.98,20.48,14.22,29.49,3.99,32.18,17.3,33.98,14.16,41.02,32.08,108.41,28.76,24.38,31.87,16.62,13.64,24.06,47.92,82.17,40.28,85.6,14.42,70.76,32.54,35.87,11.01,12.65,32.77,20.59,12.89,21.16,24.17,12.9,25.77,22.15,27.72,13.59,32.01,10.36,25.95,31.27,30.36,26.49,19.24,78.43,21.07,28.57,9.04,20.33,9.19,17.48,10.56,23.17,26.19,19.52,23.36,5.0,23.39,20.76,33.75,52.27,26.68,31.05,34.42,22.95,11.0,12.2,22.89,16.11,17.87,22.46,44.0,30.85,7.29,11.86,29.12,41.36,13.33,20.07,4.21,21.54,13.25,44.95,30.15,31.77]}