{"timestamp":1742688000000,"multiplier":1.0E-5,"open":0.89899,"high":0.89899,"low":0.89899,"close":0.89899,"shift":60000,"times":[1260,1,3,1,1,2,1,1,2,1,1,1,2,1,1,1,2,1,1,1,1,1,1,2,1,1,1,1,1,1,2,1,3,2,1,1,1,1,1,1,1,1,1,1,1,1,1,1,1,1,1,1,1,1,1,1,1,1,1,1,1,1,1,1,1,1,1,1,1,1,1,1,1,1,1,1,1,1,1,1,1,1,1,1,1,1,1,1,1,1,1,1,1,1,1,1,1,1,1,1,1,1,1,1,1,1,1,1,1,1,1,1,1,1,1,1,1,1,1,1,1,1,1,1,1,1,1,1,1,1,1,1,1,1,1,1,1,1,1,1,1,1,1,1,1,1,1,1,1,1,1,1,1,1,1,1,1,1,1,1,1,1,1,1,1,1,1,1,1],"opens":[0,0,31,3,34,20,1,-91,92,-2,1,13,-9,-1,8,-11,-16,0,0,-4,38,-49,7,1,-10,0,3,-32,33,-7,-7,-59,4,-60,1,23,-11,55,1,-6,7,2,-9,0,9,-10,49,-9,-7,-40,137,28,-7,6,-48,1,12,11,-20,28,1,-8,12,4,-16,7,1,15,23,15,-14,16,-8,-3,4,5,-13,1,-1,-4,-5,-5,-8,1,10,-8,-6,1,-16,1,3,1,-23,4,-12,3,7,-11,1,1,5,4,-4,-3,3,1,11,-13,-2,-5,-3,8,-1,11,-5,9,-20,10,0,-11,10,1,-1,10,5,7,10,15,-2,-7,0,5,-9,0,-4,7,4,7,-6,1,1,-11,19,-4,3,-10,10,-3,-4,-5,1,3,4,1,2,-2,24,-5,18,-6,1,3,2,-4,0,4,4,11,13],"highs":[0,0,33,37,-2,20,1,0,1,-2,1,13,-9,-1,8,-11,-16,0,1,28,5,-49,7,1,-10,0,3,-18,19,-7,-7,-59,4,-57,25,-1,42,-1,1,2,2,-1,-8,1,7,39,0,-9,1,92,29,13,-8,-7,-39,9,-4,8,12,5,-9,8,0,4,-4,8,2,27,9,1,6,-6,0,3,-2,-3,-6,-4,6,0,-9,-9,-6,5,-1,-6,0,-7,-10,-1,2,-2,-18,6,0,-6,-3,-1,3,-4,9,1,-11,3,0,16,-8,-4,-1,-1,-4,-3,7,1,7,2,-15,7,-7,1,4,1,7,9,-1,18,6,2,2,-5,-2,0,-7,0,2,6,8,-1,-7,1,-1,8,1,-4,2,3,2,-7,-2,-5,3,6,4,-1,-2,25,-3,12,2,-7,5,4,-5,3,-2,4,18,4,7],"lows":[0,0,31,1,22,34,1,-91,90,0,1,-3,7,-1,8,-11,-16,-1,-3,0,-7,-4,7,1,-10,0,-62,33,26,0,-24,-42,4,-70,11,8,4,55,-4,-2,1,-1,1,0,1,-2,40,-7,-41,1,136,14,-11,-23,-8,8,8,-8,4,20,-5,2,11,-11,3,-4,12,16,20,0,4,5,-12,4,2,1,-4,-4,3,-2,-20,-4,4,6,-1,-1,-1,-18,-6,2,-3,-19,0,2,1,2,-7,-1,3,2,4,-1,-4,4,-4,9,-1,-11,2,-3,1,-2,8,1,6,-9,-5,13,-12,-4,13,1,0,8,8,6,6,12,-3,2,-1,3,-14,3,-1,8,5,-1,-2,0,-5,0,15,-2,-9,3,5,-4,-2,-1,1,4,4,0,-1,-1,18,3,10,-5,8,2,-5,-1,-1,8,7,8,13],"closes":[0,0,32,38,-2,20,1,0,-1,0,1,4,0,-1,8,-11,-16,-1,-2,32,-40,-4,7,1,-10,0,-25,10,12,0,-24,-42,4,-57,22,-13,56,0,-4,7,2,-10,1,1,-1,46,-7,-7,-42,130,39,-10,16,-53,-5,5,12,-12,28,0,-4,7,5,-17,8,0,18,22,14,-14,1,7,-3,0,9,-13,5,-7,-2,9,-25,-2,0,9,-5,-6,2,-20,2,5,-9,-14,-5,-2,3,-1,-6,4,0,5,1,-1,-5,2,4,17,-17,-3,-6,-3,7,2,6,-6,13,-14,2,5,-12,7,4,-3,9,8,3,14,12,0,-7,1,2,-2,-7,-4,8,4,8,-8,2,1,-9,16,-2,0,-8,10,-3,-7,0,-1,2,2,5,1,-4,24,-6,19,-3,-2,4,3,-5,2,1,5,11,12,8],"volumes":[1.8,0.9,2.7,5.4,3.6,0.9,0.9,2.7,1.8,0.9,0.9,3.6,0.9,0.9,0.9,0.9,1.8,2.7,4.5,3.6,5.4,0.9,0.9,0.9,1.2,0.9,8.1,9.6,2.4,1.2,3.3,1.2,1.2,102.0,35.7,22.8,19.2,1.2,3.3,25.8,18.0,12.0,4.8,8.4,2.4,16.8,9.6,8.4,27.3,94.5,57.6,56.07,45.27,104.02,75.59,67.35,58.32,87.21,77.61,84.51,63.69,92.07,64.8,72.05,75.06,130.88,86.25,125.02,83.87,124.86,110.16,28.26,60.42,54.66,78.19,45.09,67.83,46.44,44.55,103.07,75.0,101.59,80.48,79.49,78.57,55.56,32.67,70.52,91.05,86.13,109.56,144.33,45.63,115.88,49.28,30.78,29.69,64.17,34.29,71.73,35.67,54.72,58.65,42.66,58.89,60.17,50.66,97.23,53.64,104.34,86.55,53.55,34.95,53.55,74.7,68.7,71.7,40.05,35.25,103.05,73.5,56.4,94.5,86.85,70.65,94.35,57.75,77.4,64.35,53.4,15.75,24.0,46.8,17.4,26.4,51.9,50.55,31.76,31.2,48.6,29.25,30.9,31.2,25.8,30.41,30.0,29.25,26.4,49.2,30.0,21.6,30.41,41.32,41.4,38.4,66.9,48.0,71.4,101.4,80.7,82.95,67.5,72.0,84.6,71.96,54.3,84.7,92.32,75.41]}