{"timestamp":1740873600000,"multiplier":0.001,"open":8187.657,"high":8206.999,"low":8187.657,"close":8203.625,"shift":60000,"times":[1370,1,1,1,1,1,1,1,1,1,1,1,1,1,1,1,1,1,1,1,1,1,1,1,1,1,1,1,1,1,1,1,1,1,1,1,1,1,1,1,1,1,1,1,1,1,1,1,1,1,1,1,1,1,1,1,1,1,1,1,1,1,1,1,1,1,1,1,1,1],"opens":[0,15000,10936,12096,-3032,-2064,-3904,-2128,-872,-1032,-64,96,0,904,-904,-690,-2438,12438,1626,-32,406,-5438,9000,-1968,-968,7064,4968,-5032,-4968,-5096,1032,-2000,968,-1904,2904,2128,-64,-626,626,-1936,-5064,-4000,1936,6064,-4968,-96,64,-6064,2096,-2000,1032,-3000,-690,562,1096,-1064,6968,-1968,-4904,1936,-936,-1096,-2032,2096,2000,-2064,32,2374,-310,-32],"highs":[0,5626,19968,-6032,-2562,-3406,-2936,-3096,1096,-658,1658,-968,-1690,2594,-1936,-1968,6936,8032,-2968,0,-690,4626,374,-2000,1690,6310,2690,-4690,-6342,-968,-64,-2064,128,872,2096,-658,0,-310,-1064,-1936,-4032,-968,4968,-96,-4000,2128,-3690,-1000,-1374,-2032,406,-1374,-3000,374,690,4936,2936,-3968,32,-1936,1310,-2342,-2032,5032,-2968,-2096,3406,626,-1626,690],"lows":[0,14000,10968,9936,-1904,-3000,-2064,-1032,-1968,64,-7096,5128,-2096,5000,-1904,-4064,1032,13342,-438,-1000,-2000,-1936,7374,690,-1690,7690,1936,-6032,-3594,-2438,-968,1000,-936,0,2904,2032,-2936,904,-1000,-5904,-4000,1968,1936,1032,-1904,-96,-5904,1872,-1904,1904,-968,-2000,-1032,438,562,1032,6064,-6096,64,-32,1096,-2096,-1032,1064,2032,-4064,1968,3096,-1064,0],"closes":[0,9000,13968,-2594,-2406,-3936,-2000,-1096,-872,310,-374,32,-1096,1096,-968,-1690,8626,5000,64,0,-5064,7032,-2658,1690,936,6968,-904,-4690,-5000,1000,-4406,3096,-1690,562,4128,-128,-2904,904,-2000,-5000,-4000,4064,4032,-3032,-1936,0,-6064,3968,-3936,2936,-2936,-1032,-968,1342,594,5032,32,-5064,2406,-1000,-1000,-2406,96,3904,-1904,-1690,4000,-406,-1936,-32],"volumes":[0.02304,0.00912,0.01344,0.00672,0.0048,0.00192,0.00384,4.8E-4,0.00528,0.00288,0.02064,0.00672,0.00672,0.00336,0.00432,0.00864,0.00672,0.00576,0.00528,0.00576,0.00432,0.00816,0.00432,0.00336,0.00624,0.0096,0.00816,0.00624,0.00288,0.00624,0.01008,0.0096,0.0048,0.00624,0.00336,0.00288,0.00432,0.00672,0.00192,0.0072,0.01344,0.00384,0.00576,0.00432,0.0048,0.01008,0.00768,0.01056,0.00912,0.01104,0.01104,0.00768,0.00288,0.00336,0.00912,0.00528,0.00384,0.00912,0.00576,0.01104,0.00624,0.00288,0.0024,0.01056,0.00384,0.00576,0.00384,0.0024,0.00288,0.0048]}