{"timestamp":1742083200000,"multiplier":0.001,"open":22998.377,"high":23007.566,"low":22997.366,"close":23006.699,"shift":60000,"times":[1380,1,1,1,1,1,1,1,1,1,1,1,1,1,1,1,1,1,1,1,1,1,1,1,1,1,1,1,1,1,1,1,1,1,1,1,1,1,1,1,1,1,1,1,1,1,1,1,1,1,1,1,1,1,1,1,1,1,1,1],"opens":[0,9178,6244,-5100,-1622,2222,-15900,2500,500,-1000,3100,-2000,-6700,4000,4700,3467,1633,10189,2978,-4467,1389,-2000,-3122,-11,-478,511,4111,4589,2611,-511,967,1533,-3000,-1600,4600,2089,22,1467,511,5122,-1422,4589,-3111,-3089,489,3611,133,-7300,1056,544,-2611,11,6678,1511,-3133,-4089,-1467,-2600,-2500,-2633],"highs":[0,7733,-522,-5078,0,-400,-11900,-11,0,11,4200,-4233,0,3100,3022,7811,6700,2000,-133,-6167,1600,-3611,-1000,-2100,989,2111,7200,1500,611,0,2456,-1567,-2889,1900,5078,-978,478,5722,-100,3200,1000,-1033,-1967,-2111,2111,1000,-1000,-4200,-1900,900,-1122,8822,-500,-633,-4589,-4111,-1000,-2067,-2000,-4000],"lows":[0,8689,-500,0,-1000,-11789,-3600,5089,-978,-1022,1044,-6233,-11,6244,5056,2633,2611,8056,1000,-978,-1022,-2089,-2011,-1078,1100,2011,3089,5611,1600,0,-22,11,-4089,2500,2711,1867,2133,1467,-478,2089,1978,-967,1000,-2033,1033,2100,-7189,978,0,0,-4100,3222,4989,-522,-3967,-1600,-1144,-3089,-3111,-456],"closes":[0,7600,-6744,-978,3122,-15400,2056,1011,-867,900,100,-8344,6100,4244,3100,-111,10278,6133,-6244,144,-2144,-1056,-44,-978,1000,2111,6100,1100,978,11,3100,-3089,-1989,3000,2600,-600,2056,2000,3144,67,5133,-5144,-1067,-1022,3111,0,-7078,1467,489,-1100,-1478,7722,1967,-5067,-2133,-2967,-1611,-2589,-2044,-2056],"volumes":[0.001665,0.001635,0.001125,7.5E-4,8.85E-4,0.00135,0.00159,9.9E-4,7.05E-4,4.35E-4,9.6E-4,7.5E-4,6.6E-4,6.0E-4,7.8E-4,7.2E-4,0.00111,8.55E-4,5.85E-4,1.95E-4,4.95E-4,2.7E-4,4.05E-4,2.25E-4,2.1E-4,2.1E-4,4.65E-4,4.65E-4,1.65E-4,2.85E-4,5.7E-4,2.25E-4,2.7E-4,3.15E-4,5.4E-4,2.25E-4,6.0E-5,3.45E-4,5.85E-4,4.05E-4,4.5E-4,3.0E-4,3.15E-4,3.0E-4,4.65E-4,5.4E-4,9.3E-4,4.05E-4,4.05E-4,2.4E-4,6.6E-4,7.5E-4,6.0E-4,2.7E-4,7.95E-4,3.3E-4,7.35E-4,4.05E-4,7.2E-4,2.7E-4]}