{"timestamp":1741478400000,"multiplier":0.001,"open":23021.288,"high":23028.499,"low":23020.299,"close":23028.499,"shift":60000,"times":[1380,1,1,1,1,1,1,1,1,1,1,1,1,1,1,1,1,1,1,1,1,1,1,1,1,1,1,1,1,1,1,1,1,1,1,1,1,1,1,1,1,1,1,1,1,1,1,1,1,1,1,1,1,1,1,1,1,1,1,1],"opens":[0,6100,-11133,-10956,-19733,-26467,26000,9978,12078,11,10100,1889,7600,14011,1589,-5956,-2133,9011,5089,7022,3478,1989,11744,-2122,-1989,-4111,-6489,-3489,-4011,8967,8133,-7100,8067,1500,-1956,-1544,-5589,-4500,-978,1000,-22,-5867,4889,-3011,5122,-5633,-9611,511,2600,-478,478,6022,-33,2011,22,-1500,467,-4356,2356,1011],"highs":[0,2400,-13622,-8978,-22233,2022,7011,14067,-967,12067,-978,10989,11011,1111,1000,-3111,5111,3956,5511,4522,1978,13133,-1900,-144,-3500,-1456,-8600,-3011,4500,7067,144,0,3889,-989,467,-4511,-4467,-2611,2011,-4022,0,533,-2511,2511,-400,-3111,-9889,2000,7389,-7389,4900,2956,1144,1000,1000,1889,-7011,1000,-3011,3033],"lows":[0,-9900,-7222,-19089,-33211,511,25600,15100,6089,5978,4000,8022,10578,8544,-44,-1989,-3978,7111,9989,5011,2956,4511,9622,-1033,-5056,-5022,-10611,1633,1967,6522,1011,-544,6511,1522,78,-6089,-2022,-3000,1000,-4956,-1033,1133,-2622,1989,522,-7989,-9111,3111,7489,-3611,4122,2956,1033,1978,0,1522,-5533,1000,-1856,4000],"closes":[0,-13211,-11100,-18122,-28067,26078,9000,15089,33,11056,-589,8733,13889,478,-6500,-467,7600,6956,5000,5033,1111,10978,11,-3511,-4578,-6022,-1878,-6111,9011,8089,-7089,8200,1856,-989,-3000,-5078,-3033,-967,1111,-2111,-2889,4000,-5133,5500,-4467,-8900,-100,1100,-133,0,6011,489,3500,-2978,1011,967,-4967,1000,-22,4022],"volumes":[9.9E-4,0.00105,0.00117,0.001845,0.00237,0.002115,0.00162,0.00114,0.001215,7.95E-4,0.001365,9.6E-4,8.7E-4,0.00108,7.05E-4,6.3E-4,9.0E-4,9.3E-4,0.001005,0.001005,7.8E-4,0.001185,4.2E-4,4.8E-4,8.4E-4,7.05E-4,9.3E-4,6.6E-4,8.85E-4,7.8E-4,0.001005,7.5E-4,9.0E-4,7.05E-4,4.65E-4,6.75E-4,4.05E-4,6.9E-4,4.05E-4,4.2E-4,4.8E-4,5.4E-4,6.45E-4,6.45E-4,7.05E-4,0.001455,0.001275,8.7E-4,9.6E-4,8.1E-4,7.95E-4,8.25E-4,8.55E-4,4.95E-4,5.7E-4,7.05E-4,6.45E-4,5.1E-4,4.05E-4,4.35E-4]}