{"timestamp":1742083200000,"multiplier":1.0E-5,"open":1.08766,"high":1.08766,"low":1.08766,"close":1.08766,"shift":60000,"times":[1261,1,1,1,1,1,1,1,1,1,1,1,1,1,1,1,1,1,2,1,1,1,2,1,1,1,1,1,1,1,1,2,1,1,1,1,1,1,1,1,1,1,1,1,1,1,1,1,1,1,1,1,1,1,1,1,1,1,1,1,1,1,1,1,1,1,1,1,1,1,1,1,1,1,1,1,1,1,1,1,1,1,1,1,1,1,1,1,1,1,1,1,1,1,1,1,1,1,1,1,1,1,1,1,1,1,1,1,1,1,1,1,1,1,1,1,1,1,1,1,1,1,1,1,1,1,1,1,1,1,1,1,1,1,1,1,1,1,1,1,1,1,1,1,1,1,1,1,1,1,1,1,1,1,1,1,1,1,1,1,1,1,1,1,1,1,1,1,1,1,1,1,1,1,1,1],"opens":[0,13,-14,5,6,2,-18,27,-7,7,1,1,-8,-14,12,8,15,3,-4,-7,-3,-10,3,-1,4,-3,-1,4,0,0,2,1,0,0,-7,7,3,-1,-2,0,0,1,0,-1,-1,2,-16,0,-3,-8,24,0,-7,-10,13,19,6,-21,-1,-8,5,-3,-6,-11,-6,4,-3,12,2,4,6,4,4,7,13,-2,-8,11,-8,-6,5,0,9,-3,-6,-2,-5,2,-52,13,3,-6,20,3,-2,7,1,14,-3,16,0,1,5,6,16,-4,5,-3,0,4,-1,0,1,-4,-9,-15,-2,5,0,7,9,5,-4,-2,-2,5,-8,2,-2,1,-1,-1,-7,-6,24,0,-3,3,2,-4,-2,2,3,6,-1,-7,-8,1,9,-2,-7,0,-2,-1,-11,13,5,-18,-4,-8,3,28,3,-22,4,1,4,1,-6,-4,1,7,-7,0,-6,-17],"highs":[0,13,-7,-2,10,-2,-18,27,-7,10,0,1,-10,-14,27,7,1,3,-2,-9,-3,-10,3,2,1,-1,-3,4,1,3,1,-2,0,0,-7,11,0,-2,-2,2,-1,0,1,0,-2,1,-14,3,-4,11,4,8,-17,-5,25,7,1,-18,-5,4,-7,2,-9,-2,-11,-2,10,2,2,6,5,7,3,19,0,-7,4,-1,-8,-1,10,1,2,-7,-6,-2,1,-4,-37,6,1,7,5,0,7,0,10,2,16,-3,2,4,8,14,0,4,-3,-3,12,-5,-2,1,-1,-4,-7,-17,8,-1,3,9,6,9,-10,-7,0,3,-4,-2,3,-4,2,-4,-4,17,0,1,3,-3,3,-8,1,0,8,0,-1,-6,-7,8,1,-2,-7,-1,-1,-1,0,4,2,-18,-4,-6,29,2,1,-16,1,4,1,0,-8,-2,9,-3,-5,-2,-6,-13],"lows":[0,13,-14,5,6,2,-19,22,-21,20,0,0,-11,-2,1,16,18,3,-11,-2,-24,13,0,2,4,-3,-1,4,-2,2,1,0,0,-3,-2,7,1,0,-9,7,-1,0,0,1,0,-17,0,-10,0,2,22,-5,-2,-14,16,9,-17,10,-8,-1,4,-5,-14,-5,1,-3,7,9,3,3,8,4,5,6,11,-10,3,1,-4,0,5,0,7,-7,-5,-4,2,-49,-3,15,-7,4,15,3,2,5,4,9,2,5,11,0,5,7,3,8,-1,0,3,0,4,-4,0,-7,-19,-3,4,-5,7,7,11,1,-3,-2,0,-3,2,-7,5,0,-1,-4,-9,0,24,-3,2,3,-3,-1,0,1,4,4,-5,-9,-1,1,-2,3,-2,0,-2,-8,-3,14,-15,-2,-8,0,3,13,-6,1,-2,8,4,-2,-9,0,3,-3,2,-5,-16,-4],"closes":[0,13,-8,-1,10,-2,-19,22,-21,30,0,-7,-14,-2,20,14,1,3,-9,-4,-10,-1,3,2,1,-1,-3,4,-1,4,-1,0,-1,-2,-3,11,-1,-1,-5,4,0,-3,0,1,1,-16,0,1,-12,24,4,-9,-3,-2,24,0,-12,2,-14,6,0,-10,-10,-4,5,-6,10,5,2,5,6,6,3,14,0,-9,12,-10,-4,4,1,11,-3,-8,-5,-2,2,-51,11,4,-7,20,2,0,8,2,9,-2,18,0,0,6,5,16,-5,8,-5,1,4,0,0,2,-4,-10,-15,-3,4,-1,8,11,4,-3,-2,-1,-1,-3,1,-3,1,1,-2,-6,-9,27,-1,-4,6,1,-4,-3,0,3,7,-1,-5,-8,1,7,-4,-4,1,-2,-2,-9,10,4,-15,-5,-6,0,29,1,-21,5,0,5,2,-2,-8,-1,9,-10,1,-5,-16,-2],"volumes":[0.9,0.9,2.7,0.9,1.8,0.9,2.1,4.5,1.8,8.1,8.1,10.8,2.39,0.9,20.46,7.2,0.9,0.9,6.3,2.7,17.62,1.8,3.6,1.8,0.9,2.7,1.8,0.9,6.3,9.0,11.7,3.6,15.3,6.3,1.8,1.8,6.3,4.5,9.0,4.5,8.1,4.5,5.4,3.6,9.9,24.3,11.7,16.2,15.3,2.7,6.3,18.9,4.5,3.6,29.4,23.4,152.46,113.85,69.75,93.6,54.0,38.7,84.6,50.85,48.15,97.65,42.3,21.6,24.75,55.2,30.6,89.64,36.0,77.13,60.66,186.92,107.1,27.45,35.1,16.65,51.75,31.05,41.4,9.9,24.84,48.6,27.54,130.05,58.95,16.2,28.8,42.3,46.8,22.14,53.1,10.8,12.6,16.2,80.1,36.9,13.5,20.7,14.4,36.0,45.45,49.95,49.95,16.65,94.95,56.7,14.4,49.05,23.85,42.3,163.66,124.2,212.13,247.35,123.02,103.77,140.31,133.2,145.34,27.0,27.0,41.4,42.3,54.0,30.6,13.5,19.35,39.6,36.45,86.49,41.13,45.99,29.79,18.9,57.24,20.7,13.05,9.0,31.95,35.55,68.85,58.05,44.1,50.58,41.04,29.79,10.8,10.8,13.5,16.2,30.6,4.5,43.12,11.88,23.4,22.95,34.2,62.25,67.8,47.25,30.6,53.19,26.1,40.5,49.95,32.4,50.52,14.4,16.2,45.0,37.35,39.72]}