{"timestamp":1333238400000,"multiplier":1.0E-5,"open":1.60214,"high":1.60214,"low":1.60214,"close":1.60214,"shift":60000,"times":[1260,1,1,1,1,1,1,1,1,1,1,1,1,1,1,1,1,1,1,1,1,1,1,1,1,1,1,1,1,1,1,1,1,1,1,1,1,1,1,1,1,1,1,1,1,1,1,1,1,1,1,1,1,1,1,1,1,1,1,1,1,1,1,1,1,1,1,1,1,1,1,1,1,1,1,1,1,1,1,1,1,1,1,1,1,1,1,1,1,1,1,1,1,1,1,1,1,1,1,1,1,1,1,1,1,1,1,1,1,1,1,1,1,1,1,1,1,1,1,1,1,1,1,1,1,1,1,1,1,1,1,1,1,1,1,1,1,1,1,1,1,1,1,1,1,1,1,1,1,1,1,1,1,1,1,1,1,1,1,1,1,1,1,1,1,1,1,1,1,1,1,1,1,1,1,1,1,1,1,1],"opens":[0,0,-1,12,9,5,-2,2,8,5,-2,-1,0,2,-27,4,-15,-2,-2,-6,3,-5,-3,0,-3,-8,-38,2,30,3,23,-31,-11,-20,13,-8,-6,0,19,-15,2,1,7,-14,13,-13,9,-2,-7,8,-1,-8,6,-39,-8,-38,8,-5,4,-13,2,7,10,50,78,13,25,18,-30,-7,-3,0,6,0,4,2,12,-32,8,-14,-4,-38,20,8,20,5,18,2,-11,-21,5,-17,7,-3,-21,-8,11,0,-1,-16,2,-8,-3,14,-4,-11,-4,4,4,0,16,0,14,2,0,0,0,4,-4,57,-4,-6,-18,0,0,0,0,-7,0,1,-24,0,-2,3,0,3,-18,-6,-10,-6,0,-2,3,4,-6,-2,0,-1,5,17,1,30,-6,-7,4,11,16,-1,-1,2,-17,0,-5,-15,7,24,-27,3,3,9,1,6,-15,-1,-39,3,-6,8,-23,-17],"highs":[0,0,7,13,5,0,2,7,4,0,-1,0,-2,2,-23,3,-18,-2,1,-6,2,-7,-3,26,-24,-13,-36,30,3,27,-3,-24,-19,-20,13,-8,-6,19,0,-10,0,5,2,-1,-2,12,-10,-8,0,1,-1,-1,-1,-37,-10,-21,-5,-4,0,-10,69,-45,49,75,7,26,30,-10,-30,-9,1,4,4,0,12,-5,13,-22,-10,-8,5,-33,15,13,7,19,2,-3,-6,-21,0,-8,-1,-4,-21,7,1,-3,-3,-13,3,-12,12,1,-3,-14,0,4,6,14,0,10,20,-18,14,-13,3,0,53,0,-4,-6,-18,1,-1,0,0,-4,3,-5,-14,-10,0,3,5,-1,-21,-6,-7,-2,-6,3,2,-1,-5,-2,2,3,15,6,25,0,-6,0,12,12,0,0,1,-1,-17,0,-5,-12,29,-1,-21,1,8,1,3,6,-13,-6,-28,-8,3,0,-22,-19],"lows":[0,-2,1,12,7,7,-2,-1,9,5,-8,7,-11,-15,1,-11,-2,-2,-3,-4,-4,0,0,-3,0,-48,2,2,30,3,-19,-9,-6,-5,5,-8,2,0,6,-2,-4,7,-3,-4,13,-13,7,-8,1,5,-2,-4,-33,-4,-43,0,4,0,-20,8,-4,15,10,46,82,11,28,-22,-8,-8,7,2,11,-3,3,8,-28,0,0,-2,-41,3,8,20,20,5,15,-8,-13,-7,-11,0,4,-28,-13,12,8,2,-14,-6,-3,-11,9,9,-10,-4,0,4,-3,7,16,-2,16,-7,9,0,-5,5,0,52,-10,-16,3,0,0,0,-7,0,0,-16,-7,0,-2,3,0,-19,-2,-15,-2,0,-1,0,0,1,-2,-1,0,0,0,8,12,27,-7,0,4,9,16,0,0,-15,0,-5,-15,-3,10,-8,5,2,3,9,-7,-1,-1,-38,-2,-1,-1,-14,-22,-15],"closes":[0,-1,8,13,5,0,2,6,5,-2,-1,0,-11,-10,0,-15,-2,-2,-1,-2,-5,-3,0,-3,3,-49,2,30,3,23,-31,-5,-21,-5,5,-6,0,19,-13,2,-1,7,-1,0,0,-4,0,-9,3,2,-2,0,-37,-4,-40,6,-5,5,-13,-4,12,11,49,78,12,26,30,-48,-2,-4,2,4,4,4,0,5,-32,12,-10,1,-44,20,7,21,5,21,-1,-11,-15,-1,-17,5,-1,-21,-10,12,6,-6,-14,1,-9,-3,15,-6,-6,-8,1,7,0,20,0,10,2,0,0,0,2,-2,57,-4,-10,-14,0,1,-1,0,-5,1,-2,-14,-10,0,-1,2,5,-20,-5,-7,-11,2,-2,3,4,-7,-2,0,-1,6,16,1,30,-6,-6,4,10,16,0,-2,2,-17,0,-5,-15,2,30,-28,3,4,8,0,4,-13,0,-39,7,-10,8,-23,-19,-15],"volumes":[1.6,8.36,7.7,5.55,15.61,3.2,4.8,10.9,8.92,20.91,24.05,18.8,7.45,46.77,6.29,13.0,8.35,2.82,15.98,6.33,12.05,4.69,6.1,22.88,10.54,22.64,3.39,13.18,2.25,16.05,38.18,19.18,17.86,4.6,7.42,10.03,7.5,12.51,10.8,10.04,38.15,9.5,27.53,10.7,4.7,22.53,20.17,9.22,8.28,16.43,20.57,13.35,26.35,12.7,39.11,17.4,35.76,11.1,15.7,8.47,32.77,28.53,27.28,34.22,18.83,38.11,7.51,12.8,9.32,5.8,14.85,10.5,9.26,4.81,10.13,14.79,30.42,28.73,42.0,46.5,143.45,60.76,50.72,40.09,46.84,26.83,19.43,43.8,25.5,27.5,32.06,14.4,12.56,22.96,31.34,48.27,25.19,28.55,16.65,35.91,31.65,21.06,16.87,30.41,43.84,20.78,26.24,10.88,23.14,16.85,27.92,12.69,43.21,45.05,30.28,10.48,23.56,23.99,70.29,61.21,56.43,61.23,8.28,15.34,7.91,9.76,16.52,4.57,10.77,29.85,44.71,8.71,16.05,7.9,57.27,84.25,31.04,24.58,18.08,51.94,17.31,20.35,25.27,10.98,20.43,10.81,35.5,12.7,41.02,36.0,42.89,18.04,39.83,32.05,54.48,71.91,13.41,32.27,42.82,26.05,13.39,28.58,23.0,31.99,50.43,46.83,18.76,19.06,21.13,15.83,34.91,69.67,27.9,30.8,50.85,22.06,27.83,54.62,43.61,77.11]}