{"timestamp":1335657600000,"multiplier":0.001,"open":1662.003,"high":1662.795,"low":1662.003,"close":1662.778,"shift":60000,"times":[1320,1,1,1,1,1,1,1,1,1,1,1,1,1,1,1,1,1,1,1,1,1,1,1,1,1,1,1,1,1,1,1,1,1,1,1,1,1,1,1,1,1,1,1,1,1,1,1,1,1,1,1,1,1,1,1,1,1,1,1,1,1,1,1,1,1,1,1,1,1,1,1,1,1,1,1,1,1,1,1,1,1,1,1,1,1,1,1,1,1,1,1,1,1,1,1,1,1,1,1,1,1,1,1,1,1,1,1,1,1,1,1,1,1,1,1,1,1,1,1],"opens":[0,728,7,307,829,251,-78,86,-93,112,391,-27,-55,-151,45,-76,-116,-87,131,-122,145,-26,16,-69,60,-29,-30,-12,-175,14,-181,-84,27,-139,-113,-47,87,-47,-218,-50,293,-51,-102,17,171,68,103,-25,-84,88,-9,-64,-53,-6,26,111,103,-215,-221,-50,-100,50,488,-188,88,-38,38,100,100,297,-197,-100,96,57,-30,-8,70,-60,-41,-49,-3,-62,-70,162,-90,-12,-3,-35,117,26,-20,118,23,-23,0,-171,-142,395,16,25,22,20,60,68,305,-61,59,69,9,63,-40,41,47,88,-236,142,65,3,3,-29],"highs":[0,-19,178,859,529,-191,131,-27,-46,395,13,-98,-33,-106,35,-136,-113,192,-95,154,-159,-24,31,-70,89,-102,2,5,-176,-34,-181,199,-256,-135,-64,15,-12,29,-310,195,48,-49,-51,155,32,158,19,-61,-13,104,-106,-74,-37,114,5,62,35,-107,-329,0,88,300,0,0,0,0,100,100,-100,297,-197,-100,137,35,-49,99,-24,-51,11,-107,6,-87,116,-24,-90,-7,13,79,6,3,79,137,12,-76,37,-155,128,43,-10,65,25,43,-5,311,100,-58,63,95,2,57,-16,57,-52,88,19,-72,101,-51,-4,0],"lows":[0,598,47,243,788,176,192,7,-30,-23,412,21,-167,16,12,-157,-127,65,-14,23,94,-39,28,-59,57,-129,95,-192,-114,-104,-53,45,-80,-83,-109,-118,178,-38,-250,0,160,-21,1,-25,38,243,12,15,-33,73,-86,1,-143,111,25,-11,-28,39,-271,-122,22,50,300,0,88,-38,38,100,100,242,-380,138,64,89,-74,28,-21,27,-94,-118,6,-98,34,86,-3,-49,-4,-42,174,-5,26,137,-355,279,76,-171,-142,359,36,25,38,20,41,72,174,48,68,71,35,-30,53,38,50,88,-236,94,92,-5,32,-29],"closes":[0,-40,161,881,366,-64,72,-88,108,349,23,-112,-147,37,-29,-132,-110,117,-64,208,-130,11,-27,27,-13,0,-17,-200,48,-215,-61,18,-121,-83,-109,59,4,2,-293,245,-39,-48,35,111,14,219,-80,-34,36,28,-110,6,-94,60,140,62,-155,83,-379,-100,238,200,100,-100,100,-100,100,100,0,242,-173,-69,137,18,-58,69,-24,-29,-94,29,-54,-94,146,-53,-50,-6,-37,157,-11,20,79,55,-15,0,-5,-80,128,7,10,81,25,18,17,314,11,29,65,95,0,-84,120,-4,16,88,-70,17,51,-1,-4,0],"volumes":[0.00392,0.00408,0.00286,0.00624,0.0092,0.00192,0.0032,0.00344,0.00192,0.00376,0.0028,0.00208,0.00144,0.00144,5.6E-4,0.00152,0.00208,0.00136,0.0024,0.00152,0.0072,0.004,0.004,0.0024,0.0052,0.004,0.002,0.0068,0.0064,0.004,0.0032,0.0049,0.002,0.0012,0.0016,0.006,0.002,0.0048,0.0016,0.0028,0.0056,0.0032,0.0012,0.0056,0.0068,0.0064,0.004,0.0016,0.0032,0.0048,0.004,0.0016,0.0048,0.0036,0.0024,0.0036,0.008,0.0012,0.0064,0.0113,0.0062,0.0044,0.0042,0.0066,0.0011,0.005,0.0026,0.0055,0.0018,8.0E-4,0.0026,2.0E-4,0.0016,0.0016,0.0028,0.0064,0.0048,0.002,0.0056,0.0068,0.0048,0.006,0.0088,0.0028,0.0048,0.006,0.0056,0.0064,0.0036,0.0034,0.0044,0.003,0.0071,0.0032,0.0034,6.0E-4,0.0031,0.0016,8.0E-4,0.002,0.0012,0.002,0.002,0.0033,0.0044,0.0027,0.0044,0.0041,0.0019,0.0055,0.0036,0.0039,4.0E-4,4.0E-4,0.0023,0.006,0.0036,0.002,8.0E-4,0.0028]}