{"timestamp":1252800000000,"multiplier":1.0E-5,"open":0.85661,"high":0.85676,"low":0.85651,"close":0.85671,"shift":60000,"times":[1321,1,1,1,1,1,1,1,1,1,1,1,1,1,1,1,1,1,1,1,1,1,1,1,1,2,1,1,1,1,1,1,1,1,1,2,1,1,1,1,1,1,1,1,1,2,1,1,1,1,1,1,1,1,1,2,1,1,1,1,1,1,1,1,2,1,1,1,1,1,1,1,1,2,1,1,1,1,1,1,1,1,1,1,1,1,1,1,1,1,1,1,1,1,1,1,1,1,1,1,1,1,1,1,1,1,1,2,1,1,1,1],"opens":[0,5,5,35,15,-5,10,5,15,5,-10,-40,5,15,0,20,5,10,6,9,4,-3,-1,10,-10,15,-15,0,15,-5,-15,5,-5,-10,-18,-20,-2,-20,15,10,5,6,-36,0,37,-2,-9,-16,25,0,0,-25,-25,10,-25,2,-2,5,-20,10,-15,-10,-5,15,11,14,10,0,10,5,-10,0,-15,10,-5,-5,25,5,10,20,5,10,10,5,7,-12,-10,-10,15,-15,2,28,5,18,7,5,15,0,-10,-15,-5,6,4,-5,5,-5,-10,-10,-5,-20,0,5],"highs":[0,0,40,10,5,0,0,20,5,-5,-10,-25,15,-8,16,10,7,12,6,12,-7,0,7,-5,5,0,-10,5,5,0,-20,10,-5,-15,-18,-7,-15,-10,10,15,0,5,-35,30,5,-5,-9,4,13,-3,0,-25,-10,-5,-15,-13,8,0,-10,-5,-10,-15,5,15,25,-3,8,0,5,5,5,-10,-15,15,-15,10,15,5,30,0,10,5,10,10,0,-10,-10,5,20,-30,15,5,35,-10,15,0,15,0,-15,-15,0,5,5,5,-5,-10,-10,-5,-5,-15,5,-10],"lows":[0,5,12,38,15,-20,5,10,22,-22,-15,-10,15,10,3,14,13,10,6,4,0,0,0,5,0,0,-5,5,10,-15,-5,0,-10,0,-30,-10,-20,5,15,10,5,-30,-10,5,35,-10,-10,0,15,10,-33,-12,-5,-20,5,-5,5,-30,10,5,-10,-23,8,20,10,12,13,0,10,0,-10,-10,0,5,0,-5,25,5,10,20,-5,20,10,5,0,-20,-10,5,-5,0,0,30,10,6,9,15,10,-10,-15,5,-5,5,5,-5,-5,-10,-15,5,-25,0,5,-30],"closes":[0,-2,47,10,-5,0,5,25,-5,-10,-30,5,15,-3,11,7,11,9,13,-3,5,-4,11,-7,5,-5,-10,10,10,-15,-5,-5,0,-10,-20,-10,-20,5,10,15,0,-30,-10,40,5,-10,-15,15,10,0,-25,-25,10,-35,20,-20,5,-20,10,-5,-10,-15,15,15,12,8,10,0,5,0,-10,-5,0,5,-5,10,10,10,30,-5,5,15,5,15,-10,-10,-20,25,-25,5,25,5,30,-5,5,10,15,-20,-15,5,0,0,5,5,-15,0,-20,5,-30,10,5,-40],"volumes":[19.73,14.09,24.51,22.65,12.73,14.79,35.26,19.31,30.86,38.86,18.75,36.6,9.49,7.33,28.87,12.21,15.76,10.83,4.64,25.28,12.7,11.43,11.11,7.93,15.07,4.39,16.4,7.21,4.4,17.96,5.6,15.83,15.72,2.2,11.21,10.3,7.67,4.37,2.75,2.89,2.37,29.22,9.71,12.7,6.67,8.14,7.19,14.86,12.66,2.13,37.49,13.23,18.48,29.47,6.89,5.99,9.87,26.97,22.11,5.4,5.6,20.49,19.35,16.45,17.2,16.72,1.36,6.39,0.56,2.47,12.08,14.83,1.94,10.63,2.8,8.71,1.66,2.07,8.66,3.84,23.04,2.9,8.5,14.0,24.93,51.41,18.8,7.87,24.56,15.31,27.04,7.38,21.42,14.46,34.17,4.5,6.5,11.4,25.34,3.5,7.1,4.23,1.92,8.12,25.58,14.48,16.51,6.85,35.81,19.78,14.1,22.22]}