{"timestamp":1253232000000,"multiplier":1.0E-5,"open":0.87035,"high":0.87036,"low":0.87031,"close":0.87031,"shift":60000,"times":[0,1,1,1,1,1,1,1,1,1,1,1,1,1,1,1,1,1,1,1,1,1,1,1,1,1,1,1,1,1,1,1,1,1,1,1,1,1,1,1,1,1,1,1,1,1,1,1,1,1,1,1,1,1,1,1,1,1,1,1,1,1,1,1,1,1,1,1,1,1,1,1,1,1,1,1,1,1,1,1,1,2,1,1,1,1,1,1,1,1,1,1,1,2,1,1,1,1,1,1,1,1,1,1,1,1,1,1,1,1,1,1,1,1,1,1,1,1,1,1,1,1,1,1,1,1,1,1,1,1,1,1,1,1,1,1,1,1,1,1,1,1,1,1,1,1,1,1,1,1,1,1,1,1,1,1,1,1,1,1,1,1,1,1,1,1,1,1,1,1,1,1,1,1,1,1,1,1,1,1,1,1,1,1,1,1,1,1,1,1,1,1,1,1,1,1,1,1,1,1,1,1,1,1,1,1,1,1,1,1,1,1,1,1,1,1,1,1,1,1,1,1,1,1,1,1,1,1,1,1,1,1,1,1,1,1,1,1,1,1,1,1,1,1,1,1,1,1,1,1,1,1,1,1,1,1,1,1,1,1,1,1,1,1,1,1,1,1,1,1,1,1,1,1,1,1,1,1,1,1,1,1,1,1,1,1,1,1,1,1,1,1,1,1,1,1,1,1,1,1,1,1,1,1,1,1,1,1,1,1,1,1,1,1,1,1,1,1,1,1,1,1,1,1,1,1,1,1,1,1,1,1,1,1,1,1,1,1,1,1,1,1,1,1,1,1,1,1,1,1,1,1,1,1,1,1,1,1,1,1,1,1,1,1,1,1,1,1,1,1,1,1,1,1,1,1,1,1,1,1,1,1,1,1,1,1,1,1,1,1,1,1,1,1,1,1,1,1,1,1,1,1,1,1,1,1,1,1,1,1,1,1,1,1,1,1,1,1,1,1,1,1,1,1,1,1,1,1,1,1,1,1,1,1,1,1,1,1,1,1,1,1,1,1,2,1,1,1,1,1,1,1,1,1,1,1,1,1,1,1,1,1,1,1,1,1,1,1,1,1,1,1,1,1,1,1,1,1,1,1,1,1,1,1,1,1,1,1,1,1,1,1,1,1,1,1,1,1,1,1,1,1,1,1,1,1,1,1,1,1,1,1,1,1,1,1,1,1,1,1,1,1,1,1,1,1,1,1,1,1,1,1,1,1,1,1,1,1,1,1,1,1,1,1,1,1,1,1,1,1,1,1,1,1,1,1,1,1,1,1,1,1,1,1,1,1,1,1,1,1,1,1,1,1,1,1,1,1,1,1,1,1,1,1,1,1,1,1,1,1,1,1,1,1,1,1,1,1,1,1,1,1,1,1,1,1,1,1,1,1,1,1,1,1,1,1,1,1,1,1,1,1,1,1,1,1,1,1,1,1,1,1,1,1,1,1,1,1,1,1,1,1,1,1,1,1,1,1,1,1,1,1,1,1,1,1,1,1,1,1,1,1,1,1,1,1,1,1,1,1,1,1,1,1,1,1,1,1,1,1,1,1,1,1,1,1,1,1,1,1,1,1,1,1,1,1,1,1,1,1,1,1,1,1,1,1,1,1,1,1,1,1,1,1,1,1,1,1,1,1,1,1,1,1,1,1,1,1,1,1,1,1,1,1,1,1,1,1,1,1,1,1,1,1,1,1,1,1,1,1,1,1,1,1,1,1,1,1,1,1,1,1,1,1,1,1,1,1,1,1,1,1,1,1,1,1,1,1,1,1,1,1,1,1,1,1,1,1,1,1,1,1,1,1,1,1,1,1,1,1,1,1,1,1,1,1,1,1,1,1,1,1,1,1,1,1,1,1,1,2,1,1,1,1,1,1,1,1,1,1,1,1,1,1,1,1,1,1,1,1,1,2,1,1,1,1,1,1,1,2,1,1,1,1,1,1,1,1,1,1,1,1,1,1,1,1,1,1,1,1,1,1,1,1,1,1,2,1,1,1,1,1,1,1,1,1,1,1,1,1,1,1,1,1,1,1,1,1,1,1,1,1,1,1,1,1,1,1,1,1,1,1,1,2,1,1,1,1,1,1,1,1,3,1,1,1,1,1,1,1,1,1,1,1,1,1,1,1,1,1,1,1,1,1,1,1,1,1,1,1,1],"opens":[0,0,6,4,11,-5,15,15,-12,-2,-6,20,-10,-15,13,-8,0,10,0,-15,-18,8,10,5,4,-4,5,-1,16,-4,4,-5,-20,10,-9,-1,15,0,0,12,38,-8,-7,15,-10,5,0,10,-14,14,0,16,0,-16,5,3,-3,8,-8,-6,2,-6,-20,5,5,8,27,0,1,-4,-42,-18,-22,-10,35,-15,-22,9,-7,-5,7,3,-2,12,0,10,-5,-5,-23,-12,20,5,10,-5,-10,0,-9,4,0,0,5,14,11,-15,-20,-24,-21,-12,-5,2,0,0,10,30,-31,-14,17,14,-6,0,5,-15,-25,-20,6,4,-8,43,-5,-5,45,19,16,0,-10,5,-5,-12,20,8,2,14,5,-2,-15,-29,10,-1,8,-38,-5,35,-45,-30,45,-34,-8,9,-2,-29,-6,-125,-61,4,30,-65,20,15,-13,55,13,0,-10,25,-18,-21,-18,9,30,53,-18,-5,0,-54,-3,-8,18,-3,15,40,-33,13,-2,0,-25,-68,-5,35,65,30,8,6,-29,13,22,-8,-52,-17,-15,-50,17,13,7,5,17,6,-5,9,-17,10,0,10,-39,14,5,8,7,-25,-8,8,8,-8,-25,-85,-68,6,37,-5,-35,20,45,-22,12,1,7,25,-47,1,3,-30,-14,-36,15,-43,9,24,-10,22,46,3,20,38,-22,48,15,0,-37,57,20,-10,-11,23,13,16,-6,-5,-15,3,-3,10,16,9,-7,20,-8,99,-22,-1,14,15,-11,-9,17,-37,-10,-5,5,8,-10,2,-12,5,-4,-4,-8,13,-5,-2,2,0,4,16,25,23,0,-33,-17,2,4,-19,5,5,0,-8,19,4,-37,-13,-12,12,28,48,19,11,19,-17,2,-25,29,1,8,7,-20,10,13,43,-36,-10,-20,3,7,-2,-8,6,-5,7,-18,-4,14,20,53,-16,-11,20,24,-10,-13,-2,10,-9,3,1,-5,-39,-26,-6,-9,13,-2,2,5,2,-5,8,12,8,-13,-9,-1,3,-2,7,17,-15,-5,10,20,10,3,-8,3,-8,-15,1,7,2,-10,-20,32,3,20,0,4,-4,-14,-21,-7,-18,-19,9,6,-16,-16,6,-19,-1,0,0,6,29,1,1,-12,-27,12,-27,2,-17,-8,0,10,0,0,-20,-14,30,4,35,15,7,23,-8,1,-15,0,20,7,2,19,6,-2,-27,15,7,-9,11,8,-12,-14,-32,-7,23,-25,12,-30,-20,15,-4,15,8,-24,20,-23,11,8,19,-10,-5,14,-29,-61,-16,-5,-17,-22,9,32,-15,18,-3,30,16,29,-35,-35,-5,52,38,-10,39,6,-15,-50,20,-20,-8,-37,25,14,1,20,54,-19,-15,8,6,54,68,21,-1,0,-26,-38,8,5,0,-25,39,-44,30,-25,-15,30,30,0,-15,-25,13,66,-22,2,22,33,10,-20,-10,-25,32,55,-30,10,2,2,-12,22,2,-8,-50,-11,-3,-6,11,0,-10,-5,-25,20,-50,-35,-5,-25,30,-2,12,55,-15,-5,-35,-13,-52,-5,20,9,-24,-30,-11,47,-51,10,-46,74,12,20,-49,-29,-62,60,35,-40,-15,-15,15,-40,20,-49,-28,-6,-2,24,21,5,60,-25,-15,5,0,-2,23,10,17,67,27,21,-14,14,-3,-55,16,-22,-39,25,-10,15,-58,-12,5,6,16,-14,16,30,1,2,-30,33,-90,-35,-57,26,20,31,-53,-24,27,-3,8,15,10,20,18,-27,24,-15,-15,-15,-39,0,7,-10,-3,33,-13,1,0,-1,-20,-10,5,6,18,-14,2,0,-7,5,15,-10,13,12,-1,9,-31,54,31,3,-7,-17,4,-14,-23,-36,-39,-5,17,-18,3,-10,-20,-23,28,-3,0,-37,-7,-13,5,-5,20,35,-20,40,10,-47,4,13,0,5,0,7,8,-37,29,-29,15,9,-22,3,19,38,-29,32,7,27,-2,-10,31,53,44,30,17,-15,-20,3,-13,-30,-10,-5,8,-2,14,-5,13,57,13,61,-9,-5,-40,-35,8,-48,22,28,-15,-10,2,13,30,-20,-2,-30,-23,11,9,-10,3,17,-45,5,0,20,-10,5,0,-5,5,-25,5,20,10,-20,5,-10,5,-25,10,5,-22,12,5,5,5,25,10,-15,-5,5,4,-12,28,-10,-7,-23,11,-6,10,-24,12,25,7,0,-7,-11,13,-5,-2,-5,-9,9,7,13,10,5,-23,-7,1,-4,-3,-2,-2,2,15,0,-20,0,-30,-5,40,-5,-3,4,-26,0,-5,5,-10,-5,15,-10,5,0,-15,10,2,3,-15,8,7,-9,20,10,24,40,-25,-5,-10,-10,-17,10,2,5,-10,25,5,0,-7,23,-6,-17,2,-2,2,-5,12,-2,10,0,0,5,10,5,-7,1,1,10,5,-5,0,-30,-15,-17,-22,0,-6,-7,-2,7,-3,0,-20,-22,2,6,-1,-10,0,-14,1,-12,-15,0],"highs":[0,10,0,6,9,5,15,0,0,0,0,0,-5,-10,10,-15,20,-10,0,-15,-5,1,14,-5,15,-15,6,9,10,3,-3,-5,-5,-10,0,10,0,1,-5,52,0,-11,8,0,-4,9,0,0,10,0,10,0,-4,-1,-5,5,5,-7,-8,-6,7,-11,-13,33,-17,17,8,8,-6,-5,-40,-15,-30,20,5,-15,-15,10,0,5,-5,-5,0,15,-5,15,-5,-15,-20,5,15,10,0,-5,-15,-5,0,0,5,5,0,25,5,-15,-35,-20,-15,5,-25,-5,6,-1,38,-2,-32,-2,20,8,-10,10,-5,-20,-20,-15,2,0,30,10,-12,50,25,0,6,0,0,-5,-6,5,3,3,14,12,-1,-4,-17,-15,6,-6,10,-37,27,-5,-45,10,10,-25,-10,10,-5,-39,-6,-125,-12,3,-11,-32,0,2,41,9,0,0,10,10,-25,5,-35,36,57,-3,-20,20,-5,-79,9,10,0,0,50,-5,-15,-10,15,-10,-32,-43,8,77,25,5,5,-3,-21,27,-3,8,-45,-30,-5,-38,0,40,-10,10,-5,5,0,0,0,0,30,-30,-10,-5,0,10,0,-25,-5,15,10,-20,-25,-85,-50,20,15,-15,-5,40,-2,-5,-5,0,40,-10,-35,10,-15,-20,-22,-8,-18,-27,17,0,13,54,15,15,21,18,7,24,3,-10,31,14,5,-10,4,6,35,8,-20,-3,-18,-3,31,-2,17,-5,13,-8,92,-3,1,10,-4,-1,-10,10,5,-40,-8,1,-5,15,-10,-5,-13,10,0,-10,15,-15,0,5,-5,11,9,30,15,0,16,-41,-10,2,-13,-9,0,5,-5,11,11,3,-47,-13,0,30,45,35,0,26,4,-25,-5,0,25,5,-10,0,-5,12,51,-12,-36,-5,0,-20,7,-2,0,-4,-1,15,-27,11,21,42,23,-32,12,26,-1,-15,-10,15,0,-5,-5,-1,-9,-35,-20,-16,21,-15,6,4,-3,11,-3,10,5,19,-34,-5,-2,10,0,13,-1,-13,8,30,5,9,-9,-15,5,-10,-15,5,15,-10,-10,13,7,20,0,0,5,-10,-10,-20,-12,-18,18,-8,1,-31,0,0,-15,5,-12,0,24,20,-14,9,-20,-4,-8,-25,-5,-15,-5,10,5,-2,-3,-25,15,22,13,40,-12,30,2,-12,-1,-18,38,-9,15,5,5,20,-23,-17,15,-2,12,0,-3,-10,-16,-21,8,-3,-3,-10,-20,0,-15,10,23,4,-22,0,-13,20,6,5,-8,12,-8,-29,-55,-10,-12,-22,-6,40,-10,4,-4,25,30,35,-20,-35,-18,60,1,13,19,25,-15,-14,-29,29,-46,-2,-18,30,10,3,43,-1,-10,-17,17,45,70,65,-37,-3,-9,-21,-38,41,-22,-1,4,7,-11,-10,-20,25,20,10,-15,-5,-21,59,18,-11,2,50,1,0,-25,-7,-5,70,0,-25,12,20,-23,-2,13,19,-36,-36,-5,-9,6,-5,0,10,-15,-15,-10,-50,-20,-20,25,1,7,52,-10,0,-5,-21,-26,-53,1,17,-13,-20,-25,25,22,-39,-23,25,24,33,-17,-50,-25,5,15,10,-15,-40,5,10,-15,-20,-35,-25,5,-10,73,-38,56,0,-21,2,-17,7,31,-13,22,79,12,45,-9,-13,27,-33,-33,16,-38,-10,-7,3,-1,-50,0,20,10,-19,9,33,5,-8,-5,20,-20,-70,-55,-24,39,20,-10,-30,-20,8,17,-5,5,32,11,-3,2,-7,-5,0,-35,-30,8,-15,-10,35,-3,-9,0,5,-1,-19,-10,24,-4,5,0,10,-16,6,4,-5,9,22,-8,-2,29,-10,26,19,10,-27,-9,12,-30,-6,-50,-30,30,-25,-15,0,-15,-20,11,4,-5,-8,-22,-10,-10,-10,20,30,5,25,15,-4,-44,8,20,-19,9,-10,20,-4,-11,12,-27,25,-5,-17,12,35,10,-5,15,21,-3,2,15,65,30,55,3,-8,-15,-5,-10,-10,-35,0,-5,-1,11,10,0,55,25,56,-3,-13,0,-40,-23,-9,-18,30,-10,0,-10,0,30,0,-10,-12,-23,-15,15,-10,-5,10,25,-55,0,25,-5,-10,10,-5,0,0,-20,15,5,5,-15,0,-5,0,-10,0,0,-10,0,5,5,25,25,0,-25,30,-20,-6,21,-5,-5,-12,2,0,-5,-5,-10,30,-5,5,0,-5,6,-4,-2,-7,-5,7,0,10,15,5,-2,-18,-12,12,-15,5,-5,5,10,0,5,-25,-5,-25,30,25,-20,-10,10,-35,0,-5,5,-10,5,5,-5,0,0,-10,5,20,-15,0,15,-10,10,15,20,50,-15,-25,-5,-5,-5,-10,0,10,-10,20,5,0,0,15,0,-5,-20,0,-2,2,5,15,-15,15,5,-5,20,-5,0,-7,3,14,5,5,-10,-5,-30,-15,-15,-9,-15,-5,-6,-4,16,-7,-5,-20,-15,10,-9,-1,-5,0,-10,-5,-5,0,-25],