{"timestamp":1253404800000,"multiplier":0.001,"open":1005.838,"high":1005.838,"low":1005.0,"close":1005.0,"shift":60000,"times":[1320,1,1,1,1,1,1,1,1,1,1,1,1,1,1,1,1,1,1,1,1,1,1,1,1,1,1,1,1,1,1,1,1,1,1,1,1,1,1,1,1,1,1,1,1,1,1,1,1,1,1,1,1,1,1,1,1,1,1,1,1,1,1,1,1,1,1,1,1,1,1,1,1,1,1,1,1,1,1,1,1,1,1,1,1,1,1,1,1,1,1,1,1,1,1,1,1,1,1,1,1,1,1,1,1,1,1,1,1,1,1,1,1,1,1,1,1,1,1,1],"opens":[0,-875,-497,-1081,260,344,-628,-454,-54,-55,368,-581,123,25,-318,453,-414,596,-570,-111,911,-726,414,-516,286,-218,48,703,-839,98,450,-366,156,-238,785,85,-881,760,-97,-567,317,-34,605,-506,-17,-398,757,85,-737,294,362,-568,-214,-241,98,757,-837,693,-402,617,-903,123,-114,8,475,390,-214,-693,238,-13,36,-111,30,662,-55,-245,196,147,-492,306,256,-24,-144,25,-18,280,177,152,177,19,-568,-47,405,-167,172,29,-86,374,16,-587,148,174,74,-130,-22,-53,62,52,-234,92,192,6,-29,423,-221,50,115,237,-87,-394],"highs":[0,-875,-497,-699,144,78,-495,-246,-268,165,21,-509,290,-62,6,113,54,11,-589,716,84,-249,-63,58,-278,-84,614,6,-664,524,-95,-210,-12,539,135,-99,-85,-3,-130,-16,-173,516,15,-320,-224,320,153,-29,-465,505,-121,-568,49,-186,435,169,-149,-62,149,66,-664,-61,-169,457,506,-68,-236,-554,99,198,-175,322,236,129,-161,71,151,32,-360,506,-232,-24,-144,369,-214,493,43,167,42,-33,-611,183,163,-86,138,-18,151,165,-12,-501,219,67,60,-57,66,-250,202,10,-166,43,127,-46,207,187,-54,150,-37,123,-88,-157],"lows":[0,-469,-1069,-77,156,-146,-523,35,-182,73,-221,8,59,-158,-120,102,-140,87,-26,-20,145,40,-132,30,186,-118,48,129,-265,98,19,65,-83,1,785,-709,-87,706,-588,-22,234,49,7,-63,-316,56,757,-848,196,286,-363,-92,-147,-51,98,-139,-6,258,98,-34,-262,123,-234,138,475,-68,-273,-244,177,112,-151,65,45,597,-357,122,196,-333,-12,306,-160,220,-125,178,-189,442,186,152,135,-433,-277,156,252,-108,233,-105,81,159,-385,-69,246,-40,234,-229,30,-60,101,-149,-5,110,153,-31,70,83,119,50,10,185,-245,-79],"closes":[0,-469,-1069,45,404,-403,-636,122,-269,420,-568,46,272,-409,376,-394,590,-552,-63,753,-682,430,-489,381,-154,-126,722,-581,-77,327,-398,268,-286,660,239,-822,709,-68,-610,418,-119,573,-604,124,-408,679,153,-962,462,444,-559,-320,-147,224,478,-794,718,-466,649,-585,-126,51,-263,552,401,-113,-603,-84,59,70,-58,-28,684,-18,-381,204,385,-604,245,485,-206,-161,-56,113,52,188,378,202,-84,-456,-69,190,10,67,124,-157,304,165,-628,62,272,44,-7,33,-232,-6,163,-255,47,151,100,-81,306,-17,36,189,-14,169,-397,72],"volumes":[0.00357,0.00477,0.00751,0.00674,0.00356,0.0054,0.003,0.0061,0.00435,0.0031,0.00575,0.00257,0.00338,0.00284,0.00291,0.00396,0.0034,0.00417,0.00289,0.00162,0.00279,0.00403,0.00267,0.00417,0.00312,0.0048,0.00422,0.00347,0.00413,0.00439,0.00298,0.00484,0.00373,0.00459,0.00237,0.00208,0.00422,0.00189,0.00406,0.00451,0.00332,0.00288,0.0045,0.00332,0.00328,0.00528,0.00277,0.00511,0.00376,0.00449,0.00475,0.00202,0.0029,0.00171,0.00342,0.00318,0.00616,0.00338,0.00499,0.00322,0.00246,0.00246,0.00318,0.00371,0.00508,0.00366,0.00719,0.005067,0.00291,0.0031,0.0025,0.00872,0.00284,0.00282,0.00644,0.00461,0.00375,0.00306,0.00461,0.004249,0.00266,0.00532,0.003078,0.00309,0.00212,0.0048,0.00258,0.00252,0.00528,0.00497,0.005961,0.00432,0.00359,0.00443,0.00215,0.00657,0.00277,0.003288,0.00282,0.00403,0.0039,0.00551,0.00311,0.00701,0.00639,0.00385,0.00522,0.00249,0.0071,0.002932,0.00299,0.00441,0.003112,0.00537,0.00282,0.00256,0.00378,0.00345,0.00613,0.00475]}