{"timestamp":1619308800000,"multiplier":1.0E-5,"open":0.96577,"high":0.9661,"low":0.96577,"close":0.9661,"shift":60000,"times":[1262,1,2,5,1,1,1,1,1,1,1,1,1,1,1,1,1,1,1,1,1,1,1,1,1,1,1,1,1,1,1,1,1,1,1,1,1,1,1,1,1,1,1,1,1,1,1,1,1,1,1,1,1,1,1,1,1,1,1,1,1,1,1,1,1,1,1,1,1,1,1,1,1,1,1,1,1,1,1,1,1,1,1,1,1,1,1,1,1,1,1,1,1,1,1,1,1,1,1,1,1,1,1,1,1,1,1,1,1,1,1,1,1,1,1,1,1,1,1,1,1,1,1,1,1,1,1,1,1,1,1,1,1,1,1,1,1,1,1,1,1,1,1,1,1,1,1,1,1,1,1,1,1,1,1,1,1,1,1,1,1,1,1,1,1,1,1,1,1,1,1,1,1],"opens":[0,1,-30,-79,5,-28,62,8,2,-12,-5,15,0,5,30,-14,-14,35,62,-5,-7,-8,-20,20,0,3,-13,-1,14,-32,17,69,17,7,-37,-13,4,0,10,13,10,8,2,-12,30,-30,5,0,-8,-7,-11,-4,14,17,9,21,-8,8,4,5,-28,9,0,-21,-1,6,-4,6,-8,9,4,-8,4,-1,3,4,-1,-3,-1,-2,4,8,-14,1,-1,17,5,-22,-1,2,6,14,-8,4,-4,6,-2,-18,-11,8,-2,2,-7,0,0,-1,9,1,-3,-4,14,-2,15,1,-10,16,3,-6,1,-5,6,6,-8,-1,-4,-13,1,4,2,-6,1,-5,9,1,10,-1,2,-1,14,0,-5,-1,2,7,-8,1,-5,6,3,-4,6,3,-5,4,0,10,-1,-4,7,0,1,-3,-1,2,1,5,0,-7,2,0,-10,-15,-6],"highs":[0,-32,-12,39,-118,26,10,-6,6,-6,-1,0,4,29,81,8,-84,68,-2,-5,-7,-8,1,12,-11,1,-13,-1,33,18,23,47,-19,4,-51,-13,4,39,8,-12,15,-9,2,-11,29,-30,5,33,-28,-20,-10,5,5,26,20,15,0,-10,5,0,-15,0,-5,-20,5,2,-1,7,-6,4,0,-4,0,4,5,1,-3,-2,-1,1,7,1,-16,3,16,17,-14,-17,-2,9,9,5,-6,-2,0,2,-3,-18,2,-5,3,-1,-6,2,-1,5,3,3,-9,9,2,14,5,-1,6,0,0,-3,-2,0,5,0,-4,-5,-4,-12,9,-4,1,-5,0,7,2,6,1,4,-4,14,3,-4,-1,-2,15,-8,-8,1,0,5,-2,3,5,-3,7,-4,10,-3,-2,4,5,-4,-1,0,2,1,1,1,-1,-6,6,-5,-9,-12,-6],"lows":[0,1,-32,-78,6,-28,62,7,-3,-10,-1,15,0,5,13,-13,2,35,58,-1,-42,7,0,20,0,3,-13,-1,-28,10,-10,96,6,-20,-11,-1,4,0,10,4,19,7,3,-12,-3,3,0,-9,-2,-10,0,-4,8,22,-1,15,5,9,3,-16,-4,5,-21,-3,3,-2,5,1,0,4,-1,0,5,-2,5,4,-3,-4,-3,1,6,-5,-1,-3,-2,20,-15,-10,9,2,3,10,-3,-3,4,3,-17,-18,4,-3,13,-7,-5,6,-1,1,8,-1,-4,0,10,2,12,-10,3,13,1,-2,-3,-1,8,-8,4,-1,-16,-3,1,8,-4,-1,-5,2,8,2,5,4,-6,7,10,-4,-1,-3,3,6,-4,-3,0,2,5,-5,9,-2,1,3,0,10,-8,1,4,4,-10,6,3,-5,8,1,-7,0,2,-6,-18,-5,-7],"closes":[0,-32,-12,-93,4,36,1,3,-5,-10,14,0,4,26,-9,-14,30,59,4,-1,-14,-21,21,11,-10,1,-13,-1,-28,79,16,46,-22,-36,-11,-2,4,39,-12,7,16,-10,3,-11,-1,0,0,-1,-3,-16,0,5,-2,33,20,-16,10,10,1,-21,0,5,-19,-4,2,2,3,-5,7,6,-9,4,0,5,4,-1,-4,-3,-3,4,11,-14,-1,2,12,9,-17,-5,1,5,14,-7,5,-7,6,-2,-16,-9,4,-2,3,-7,0,2,-1,8,1,-4,-4,12,1,14,0,-9,16,3,-5,4,-10,6,6,-6,-2,0,-16,-1,6,0,-5,1,-3,8,0,9,0,4,-3,15,-3,-1,-3,2,11,-10,-2,-5,7,2,-2,4,2,-2,4,0,10,-2,-4,7,-1,1,-2,-2,3,3,3,1,-9,0,3,-10,-14,-8,-5],"volumes":[1.47,0.49,2.95,25.5,3.7,2.9,6.05,3.65,10.1,9.45,3.15,2.0,5.05,6.3,15.07,7.55,19.95,8.08,4.05,1.3,16.22,2.5,2.5,14.4,6.2,3.15,2.0,1.05,5.99,5.0,34.6,44.32,16.0,12.95,9.45,2.1,1.5,12.5,18.94,8.85,6.3,3.15,1.1,5.25,13.45,1.05,3.15,9.35,23.0,7.05,2.65,5.4,3.21,11.47,61.94,17.18,16.42,9.64,16.02,14.49,15.65,5.57,25.84,45.66,22.28,49.88,21.57,26.97,30.16,25.97,23.67,11.98,4.0,11.3,14.23,14.99,27.29,41.27,285.78,18.51,20.68,21.34,2.44,25.47,39.27,73.69,56.99,57.83,21.33,25.78,22.89,30.14,39.3,32.08,20.2,18.36,39.76,39.92,62.98,39.53,19.11,25.21,38.92,38.57,20.04,19.86,25.67,35.82,10.48,32.46,33.59,67.98,39.63,151.89,76.35,25.89,43.3,34.45,38.2,24.58,37.12,89.7,32.03,14.36,36.19,33.05,56.71,3.62,38.46,9.24,10.61,27.72,37.69,54.57,18.17,22.98,23.97,37.61,43.7,49.09,40.22,45.86,93.14,22.86,27.22,35.1,18.11,29.85,7.62,32.72,48.34,29.59,56.21,37.23,38.09,26.61,25.34,37.06,51.18,28.1,57.11,18.86,41.71,85.39,29.98,25.74,58.1,22.99,56.08,52.08,75.56,70.72,112.3]}