{"timestamp":1707004800000,"multiplier":0.001,"open":7674.255,"high":7675.223,"low":7648.787,"close":7649.255,"shift":60000,"times":[1370,1,1,1,1,1,1,1,1,1,1,1,1,1,1,1,1,1,1,1,1,1,1,1,1,1,1,1,1,1,1,1,1,1,1,1,1,1,1,1,1,1,1,1,1,1,1,1,1,1,1,1,1,1,1,1,1,1,1,1,1,1,1,1,1,1,1,1,1,1],"opens":[0,-25564,-5094,2158,2500,1842,62,1628,-2032,-968,872,5128,-2064,-2468,-564,-4468,-2468,32,-2500,-2564,1968,-10904,3310,-4842,4968,-6436,-64,1968,1968,-1904,-3158,62,4128,-2690,-1438,3128,-2000,2310,3594,-3000,4968,-936,3032,-1096,3628,-128,1564,4374,3594,-4000,-1968,374,1190,-3032,-4596,-468,-1500,1406,-2342,436,-4404,-64,1064,1000,1000,-3628,1500,1032,406,-4374],"highs":[0,-22436,-5628,938,2000,2500,1690,-1128,-3404,-532,7874,0,-3874,-2436,-1096,-4468,-2468,32,-2500,-628,32,-7532,0,-468,1406,-3500,-1874,2064,-128,-1904,-32,2032,-968,-1690,626,468,-404,3310,594,2032,1000,1032,0,2342,190,468,5000,4032,0,-4096,-968,374,190,-2564,-4064,-436,-126,-1000,-1374,-500,-3500,1064,936,-936,2000,-4064,2564,-596,468,-2062],"lows":[0,-6500,404,2468,3096,1842,-906,1906,-2342,32,872,3064,-3564,-4500,-1404,-1596,-3000,-968,-32,-1404,-14500,5342,658,-2032,-564,-2436,1968,2064,-64,-4594,1562,32,1032,-2500,2436,-1904,2842,2000,1094,-1000,4032,468,1406,1062,1628,1372,2064,4374,1000,-3500,126,-1936,-596,-2532,-2000,-1936,468,-500,-594,-2406,-1936,968,-32,96,872,-4904,4032,968,-3000,-2000],"closes":[0,-6564,2532,2874,1158,2032,872,-1062,-1906,-94,5158,-564,-3032,-500,-4468,-3500,0,-1436,-2468,1000,-10032,2904,-4000,3532,-4968,-2032,2406,1690,-1532,-4468,3000,1872,-2904,-2064,4032,-2000,1936,4096,-1500,4032,-1500,2968,-1096,4128,-690,1562,4596,3436,-1594,-3500,1126,32,-2658,-3438,-872,-1096,1096,-2190,-810,-3064,-1500,2500,1000,-1064,-1000,-2000,2064,32,-2096,-1562],"volumes":[0.007152,0.006909,0.003024,9.1E-4,0.00117,9.1E-4,0.002819,7.8E-4,0.00104,3.9E-4,0.00899,0.00455,0.00351,0.00416,0.00416,0.00312,0.00637,0.00379,0.00248,0.00224,0.01014,0.00572,0.00351,0.00338,0.00481,0.00364,0.00261,0.00418,0.00234,0.00299,0.00377,0.00248,0.00169,0.00156,0.00247,0.00286,0.00143,0.00195,0.00234,0.00143,0.00195,0.00291,7.8E-4,0.00169,6.5E-4,0.00172,0.00156,0.00302,0.00397,7.8E-4,5.2E-4,0.00178,0.00372,0.00223,0.00169,0.0027,0.00169,6.5E-4,0.00106,0.0021,0.00197,0.00159,0.00131,0.00334,9.2E-4,0.0039,0.00105,2.6E-4,0.00197,0.00275]}