{"timestamp":1280620800000,"multiplier":1.0E-5,"open":0.90619,"high":0.90623,"low":0.90608,"close":0.90622,"shift":60000,"times":[1320,1,3,1,1,1,1,1,1,2,1,1,1,1,1,1,1,1,1,1,1,1,2,1,1,1,1,1,1,1,1,1,1,1,1,1,1,1,1,1,1,1,1,1,1,1,1,1,1,2,1,1,2,1,1,1,1,1,1,2,1,1,1,1,1,1,1,2,1,1,1,1,1,1,1,1,1,1,1,1,1,1,1,1,1,1,1,1,1,1,1,2,1,1,1,1,1,1,1,1,1,1,1,1,1,1,1,1,1,1,1],"opens":[0,-7,-10,-10,6,-3,-3,-2,-15,-21,-17,4,1,3,-4,11,63,-6,1,-5,-9,9,0,-51,-21,5,-41,-40,-8,84,-4,24,2,11,0,-3,-6,1,19,-20,-75,17,-1,4,5,44,-13,4,-4,-12,0,-12,-8,10,-3,2,2,6,0,-1,3,-14,-2,11,-4,4,-1,-1,7,-3,9,-11,21,4,12,30,20,-16,9,1,6,-6,-2,1,2,-4,4,1,15,-1,13,-4,0,-9,-4,8,2,14,1,-4,0,8,-7,13,29,-7,-10,11,1,50,23],"highs":[0,-11,-10,-10,10,0,-10,-2,-15,-16,-11,0,-3,37,-37,83,0,-18,7,-12,-9,9,0,-36,-35,4,-41,-39,84,0,10,6,12,-2,3,-8,-1,20,-5,-15,-55,0,-9,8,46,-1,2,-1,12,-32,11,-20,0,-7,6,5,0,10,-5,-5,-2,-8,5,-2,-4,5,0,6,-2,7,-1,7,17,1,52,22,-23,-5,5,-6,6,-5,0,-2,2,0,4,7,5,5,12,-8,0,-5,1,-1,10,17,-11,-4,13,0,0,42,-12,10,-20,10,45,23,7],"lows":[0,4,-10,-12,2,0,0,-23,-30,-17,8,9,1,5,-4,11,58,-4,1,-9,-2,0,-58,0,-8,-51,-21,-10,0,61,20,23,1,6,3,-9,-1,6,-1,-85,10,17,-19,22,4,27,1,-2,0,-6,-3,-19,2,5,-1,2,5,5,1,-1,-10,-5,2,10,-3,4,-1,-1,-2,6,9,-11,17,5,10,30,-14,7,10,16,6,-6,-3,2,0,-2,3,-10,22,0,-1,12,-7,-4,0,7,3,14,-7,2,2,-1,2,12,15,3,-5,8,4,50,21],"closes":[0,-10,-10,-10,0,10,-10,-13,-27,-30,26,-8,3,9,-9,67,0,-2,0,-10,-2,0,-57,-1,-4,-32,-44,-10,94,-14,24,2,11,0,-1,-2,0,20,-20,-90,35,-3,-6,8,46,-15,3,-1,-7,-4,-5,-19,7,5,1,5,0,0,5,0,-15,5,5,-3,-3,5,0,5,-10,16,-1,6,9,6,38,32,-36,16,0,-1,6,-5,0,-2,0,1,5,7,3,7,4,-3,-2,0,0,-2,12,8,-3,-5,15,-14,14,35,-15,-2,2,6,44,25,9],"volumes":[9.31,1.4,1.2,2.8,2.52,3.81,1.4,6.27,21.28,9.59,9.3,15.64,7.3,26.64,3.18,38.17,17.85,9.51,14.6,8.0,1.6,5.1,27.75,38.12,10.25,57.56,14.19,32.45,90.24,34.57,11.59,5.59,29.65,14.12,28.28,7.47,5.9,7.54,15.29,66.32,16.36,3.54,15.44,3.8,57.56,46.67,24.52,48.05,27.25,4.31,9.74,14.12,10.51,8.03,27.36,14.64,11.08,26.92,12.53,2.6,5.48,6.05,8.36,2.94,4.1,5.2,6.9,26.89,7.78,12.6,2.3,10.9,17.45,23.15,89.44,32.73,30.22,34.27,22.75,0.98,1.4,1.89,10.57,2.6,2.4,4.9,8.6,25.48,8.55,15.27,34.67,4.8,11.48,7.14,7.71,5.0,13.4,26.59,8.74,3.2,8.73,6.69,14.19,32.75,14.37,34.22,19.97,12.4,36.76,56.8,26.92]}