{"timestamp":1281225600000,"multiplier":1.0E-5,"open":1.02671,"high":1.0269,"low":1.02656,"close":1.02671,"shift":60000,"times":[1260,1,1,1,1,1,1,1,1,1,1,1,1,1,1,1,1,1,1,1,1,1,1,1,1,1,1,1,1,1,1,1,1,1,1,1,1,1,1,1,1,1,1,1,1,1,1,1,1,1,1,1,1,1,1,1,1,1,1,1,1,1,1,1,1,1,1,1,1,1,1,1,1,1,1,1,1,1,1,1,1,1,1,1,1,1,1,1,1,1,1,1,1,1,1,1,1,1,1,1,1,1,1,1,1,1,1,1,1,1,1,1,1,1,1,1,1,1,1,1,1,1,1,1,1,1,1,1,1,1,1,1,1,1,1,1,1,1,1,1,1,1,1,1,1,1,1,1,1,1,1,1,1,1,1,1,1,1,1,1,1,1,1,1,1,1,1,1,1,1,1,1,1,1,1,1,1,1,1,1],"opens":[0,-26,0,33,2,-38,3,-50,25,15,7,3,-20,45,-5,7,-7,5,0,0,5,-10,5,0,0,0,0,0,20,0,0,-5,5,0,-20,0,0,0,0,0,20,0,5,-3,-2,0,0,-5,5,0,-15,2,3,0,5,-5,-5,-5,0,0,5,10,5,-5,-8,18,-10,0,10,5,15,15,-10,5,-5,10,5,10,10,15,-10,15,5,-5,10,20,0,-10,15,0,-35,10,-5,0,10,0,-5,-17,17,-5,5,5,0,0,0,0,0,0,0,0,-28,28,5,0,25,10,0,-21,1,7,18,0,-10,-5,0,0,0,0,5,0,-5,0,0,5,-5,5,0,0,0,0,-5,0,-20,0,0,-22,27,0,0,0,5,-15,-15,-10,0,0,-5,10,-28,18,5,-16,21,0,0,0,0,0,-5,5,-5,15,5,0,25,35,5,10,-5,-5],"highs":[0,-45,0,33,2,-30,5,-60,50,-10,13,2,15,5,-5,7,-7,10,-5,0,8,-3,-5,0,0,0,0,40,-15,-5,0,-5,5,0,-20,0,0,0,0,20,0,0,7,1,-8,0,0,0,0,0,-8,-2,7,-2,0,-5,-5,-5,0,0,15,5,0,5,-5,5,0,-5,10,25,5,0,-5,0,5,15,10,0,10,10,10,0,10,-10,15,5,0,5,0,0,0,-20,-5,5,0,0,-5,-16,16,35,-30,0,0,0,0,0,0,0,0,0,-22,27,0,25,40,-30,5,-20,-5,11,14,0,-10,-5,0,0,5,0,0,0,0,0,0,0,0,0,0,0,0,0,-5,0,-20,5,0,-23,23,0,0,5,5,-20,-15,-10,0,0,5,0,-21,21,0,-21,21,0,0,0,0,0,0,5,5,5,0,20,40,10,0,10,-10,5],"lows":[0,-11,0,33,-48,12,-22,-25,25,15,-1,-19,10,45,-5,5,-5,5,-5,5,3,-8,5,0,0,-5,5,0,0,15,0,0,5,-20,0,0,0,0,0,0,20,0,-3,2,1,0,-20,15,-10,15,-15,-3,5,-7,10,0,-10,0,0,0,-5,20,0,0,-8,8,0,0,10,-5,25,-5,10,0,-10,0,25,10,10,-5,5,15,0,5,5,0,-5,0,0,0,0,5,0,0,10,-5,0,-26,26,-10,10,5,0,0,0,0,0,0,0,0,-29,29,5,-5,30,10,0,-21,-4,0,30,-10,-5,0,0,0,0,0,5,-5,0,0,0,0,0,5,0,0,0,-5,0,-20,0,0,0,-22,27,0,0,0,-10,-15,-10,-5,0,0,0,0,-26,26,5,-29,34,0,0,0,0,-5,0,0,0,10,0,5,30,30,5,10,-10,-15],"closes":[0,-26,0,33,-48,20,5,-60,50,-10,5,-15,40,5,-5,5,-5,10,-10,5,5,0,-5,0,0,-5,5,40,-20,-5,5,-5,5,-20,0,0,0,0,0,20,0,0,5,-2,-3,0,0,0,-10,10,-13,0,3,0,0,0,-10,0,0,0,15,5,-5,10,-7,-3,5,0,5,20,15,-5,-5,5,5,15,0,10,10,-10,30,0,-5,5,15,5,-20,15,10,-10,-15,-5,0,10,0,-5,0,-26,26,0,5,0,0,0,0,0,0,0,0,0,-27,32,0,25,15,-5,5,-23,-7,0,30,-10,-5,0,0,0,5,0,0,-5,0,0,0,0,5,0,0,0,0,-5,0,-20,0,0,5,-24,24,0,0,5,-15,-10,-15,0,0,-5,5,-5,-24,29,5,-34,34,0,0,0,0,-5,0,0,15,0,0,25,40,0,10,0,-5,-20],"volumes":[41.9,1.0,5.0,2.8,8.8,16.2,19.7,3.2,12.9,2.8,96.8,13.4,17.4,4.0,2.0,14.6,1.0,3.0,4.2,1.0,37.6,4.2,3.0,8.0,4.0,3.0,1.0,13.5,12.5,2.0,5.0,1.0,2.0,3.0,2.0,2.0,4.0,1.0,3.0,7.4,3.0,2.0,105.8,61.8,1.0,1.0,9.5,2.0,5.0,1.0,40.1,64.8,80.6,56.1,3.0,5.5,3.0,2.0,3.2,4.0,55.5,16.6,5.4,4.2,84.8,16.2,9.4,2.6,10.2,18.1,24.5,37.3,30.8,5.6,52.6,95.7,55.1,50.8,21.6,31.5,76.4,61.0,100.4,13.4,16.7,10.0,11.6,77.6,30.0,65.0,16.1,11.8,12.2,19.3,1.0,2.6,1.0,42.4,1.0,19.8,24.6,3.3,10.7,9.6,3.7,23.2,2.6,1.0,1.0,3.6,82.6,6.4,6.8,38.8,81.2,8.4,4.8,84.8,214.8,313.4,3.0,18.2,14.6,8.8,19.2,24.0,27.0,11.4,2.0,42.4,120.0,137.4,81.0,5.6,3.2,1.6,6.8,4.0,5.2,34.6,7.2,22.8,7.0,5.2,10.4,18.0,12.2,4.8,36.0,27.6,41.0,34.0,36.7,31.2,41.8,39.2,68.0,22.4,27.5,63.4,43.5,22.6,9.2,4.8,3.2,5.6,13.6,81.6,64.4,68.3,30.3,36.4,62.8,117.0,74.3,82.8,138.4,20.8,93.2,51.3]}