{"timestamp":1650758400000,"multiplier":1.0E-5,"open":1.08041,"high":1.0805,"low":1.08023,"close":1.08035,"shift":60000,"times":[1264,1,1,1,1,1,1,1,1,1,1,1,1,1,1,1,1,1,1,1,1,1,1,1,1,1,1,1,1,1,1,1,1,1,1,1,1,1,1,1,1,1,1,1,1,1,1,1,1,1,1,1,1,1,1,1,1,1,1,1,1,1,1,1,1,1,1,1,1,1,1,1,1,1,1,1,1,1,1,1,1,1,1,1,1,1,1,1,1,1,1,1,1,1,1,1,1,1,1,1,1,1,1,1,1,1,1,1,1,1,1,1,1,1,1,1,1,1,1,1,1,1,1,1,1,1,1,1,1,1,1,1,1,1,1,1,1,1,1,1,1,1,1,1,1,1,1,1,1,1,1,1,1,1,1,1,1,1,1,1,1,1,1,1,1,1,1,1,1,1,1,1,1,1,1,1],"opens":[0,11,-43,38,-12,1,-3,-6,-1,-22,3,-20,3,25,-4,8,5,1,5,25,3,14,-5,-5,25,-16,1,-4,-15,-36,42,-9,3,-19,21,-6,3,13,-6,0,-9,0,-17,29,0,4,0,4,-3,0,7,0,-9,-9,2,15,-6,-7,74,-50,-12,-15,-27,7,56,-19,-22,2,4,-25,-6,-18,10,-14,-2,21,-1,-2,-3,-19,-2,2,-1,3,6,-4,1,-4,5,10,-40,-6,8,-4,5,-12,14,-7,3,24,1,10,6,2,-3,13,-5,7,0,13,13,-10,1,-5,4,2,12,-8,-1,-7,-1,5,-1,3,8,19,-5,10,11,-17,10,9,1,-18,-12,-17,3,5,4,-16,28,9,1,7,9,-3,1,1,-2,1,-3,-8,22,2,3,-4,-13,2,-13,3,2,1,10,-6,-4,-1,-3,-5,3,-8,1,-4,14,3,9,15],"highs":[0,3,-12,11,-15,-1,-3,6,-3,-25,-2,1,6,21,-24,11,1,0,31,20,-2,14,-20,31,0,-25,-2,-4,-10,2,-1,-7,2,1,3,-6,13,1,-5,-2,-8,3,9,-1,3,5,-2,2,-3,8,0,1,-11,-8,16,0,12,44,24,-60,-19,-5,-25,44,5,-19,-12,0,-3,-19,-12,-3,-5,-12,20,-4,0,-1,-4,-14,-4,5,-1,5,-1,-5,9,-3,7,0,-42,4,0,6,-7,5,-2,6,12,9,3,6,10,-7,1,9,4,22,-10,23,-12,-10,1,2,0,15,1,-9,1,-13,5,3,-1,9,21,0,5,11,-4,-4,7,2,-2,-16,-12,-12,4,1,0,15,5,8,10,3,-3,10,-7,-4,3,-4,-3,14,5,-3,10,-8,-16,3,-5,-3,2,12,-2,-7,-4,0,-4,-1,-2,-4,-2,9,7,10,9,1],"lows":[0,-19,5,26,-7,3,-7,0,-19,-4,-33,19,1,20,1,5,10,1,5,25,-2,2,-2,8,9,-2,-1,-14,-36,0,10,20,6,-19,12,3,2,8,0,-10,-2,-16,2,29,-1,3,2,4,-3,-1,8,-27,5,0,5,7,-6,-2,28,-13,-19,-30,1,14,37,-38,12,-3,-12,-7,-22,2,-7,4,-2,22,0,-6,-18,-1,-1,1,-1,0,5,0,-4,-3,6,-26,-15,9,-1,5,-12,4,10,-7,8,24,0,11,5,-6,6,2,3,5,5,11,5,0,-20,16,-4,9,3,-4,-7,1,1,3,2,3,9,11,1,12,-7,1,10,4,-13,-14,-16,2,-3,3,-4,0,24,8,6,7,0,5,-4,3,2,-6,-5,1,21,-4,4,-12,-10,2,-2,3,2,1,-2,1,-3,-4,-2,-7,3,0,-6,3,10,6,10,-17],"closes":[0,-31,31,0,2,-6,-7,12,-30,-3,-21,7,27,-4,0,11,2,0,26,16,-10,15,-10,37,-28,-3,-1,-13,-36,41,-10,1,3,2,-6,0,16,-6,0,-10,1,-17,30,-1,3,1,2,2,-3,7,0,-9,-10,2,14,-5,-5,65,-41,-10,-18,-30,10,49,-11,-22,1,6,-27,-6,-21,15,-16,0,20,-1,-1,-4,-20,0,0,1,2,6,-4,0,-4,5,11,-41,-9,12,-5,6,-13,15,-6,6,17,3,9,5,3,-2,0,10,3,2,15,15,-14,0,-6,7,0,15,-11,0,-7,-1,4,-1,4,8,23,-9,9,12,-17,12,6,2,-16,-16,-14,4,6,1,-16,28,7,4,4,11,-4,3,0,-1,1,-4,-6,20,1,1,-1,-12,-5,-5,1,3,-1,9,-5,-2,-3,-1,-7,3,-7,3,-6,13,3,13,11,-22],"volumes":[4.95,35.32,27.63,6.97,10.11,6.3,8.35,8.54,26.167,40.73,57.09,52.68,38.93,28.4,12.58,18.69,4.73,2.7,26.56,3.14,44.94,76.93,16.2,12.67,14.32,6.3,3.42,17.86,30.452,8.964,13.526,0.8144,0.378,1.8432,0.7704,0.396,0.36,1.17,0.805,0.933,0.9,4.48,0.5164,4.5,18.21,37.84,13.48,0.9,14.4,21.28,36.9,63.37,9.06,33.12,36.0,16.2,199.97,329.04,473.09,243.42,206.65,264.56,95.99,61.41,101.68,192.5,88.23,158.13,124.75,69.3,203.4,306.44,77.38,54.9,104.44,27.9,25.85,262.65,87.99,209.38,19.17,158.52,126.21,192.64,174.16,206.9,136.65,214.34,144.46,153.48,81.0,80.54,126.9,51.3,102.6,72.0,28.8,114.53,72.23,60.12,29.7,18.0,78.28,54.72,42.3,135.84,48.16,220.91,59.84,90.93,37.42,6.3,109.09,41.88,102.25,92.53,127.64,101.31,66.36,53.33,77.89,67.5,77.4,45.84,90.86,123.32,107.83,22.42,114.53,37.62,61.43,120.9,103.11,122.57,183.14,67.96,153.25,108.83,90.16,156.37,113.76,162.95,166.19,84.62,60.07,369.39,95.86,77.08,35.67,69.03,37.16,100.93,46.99,49.23,72.51,100.01,66.35,31.82,62.84,40.01,61.44,60.37,111.98,143.16,96.7,179.77,59.66,107.76,84.6,15.92,52.56,80.9,68.1,68.58,74.75,126.54]}