{"timestamp":1650153600000,"multiplier":1.0E-5,"open":1.30439,"high":1.30469,"low":1.30439,"close":1.30469,"shift":60000,"times":[1260,1,1,2,1,1,1,1,1,1,1,1,1,1,1,1,1,1,1,2,1,1,1,1,1,1,1,1,1,1,1,1,1,1,1,1,1,1,1,1,1,1,1,1,1,1,1,1,1,1,1,1,1,1,1,1,1,1,1,1,1,1,1,1,1,1,1,1,1,1,1,2,1,1,1,1,1,1,1,1,1,1,1,1,1,1,1,1,1,1,1,1,1,1,1,1,1,1,1,1,1,1,1,1,1,1,1,1,1,1,1,1,1,1,1,1,1,1,1,1,1,1,1,1,1,1,1,1,1,1,1,1,1,1,1,1,1,1,1,1,1,1,1,1,1,1,1,1,1,1,1,1,1,1,1,1,1,1,1,1,1,1,1,1,1,1,1,1,1,1,1,1,1,1,1,1,1],"opens":[0,30,27,19,-23,23,0,2,-18,28,-6,2,2,-13,32,-29,2,-24,16,-14,36,-28,-8,17,1,7,-8,5,-7,-4,13,-17,7,7,-9,30,-17,-8,12,-12,-4,2,15,-8,-7,-2,20,27,-10,-33,-19,31,-24,7,19,3,-9,30,-3,-3,-27,1,17,13,-5,3,9,0,-1,9,8,0,1,1,-1,-21,1,-9,-7,-6,-17,-2,-8,11,19,-12,-2,-8,4,35,8,11,-13,16,-5,-10,20,-6,2,4,-4,20,1,-5,6,12,6,1,7,1,9,3,-10,6,6,3,1,-5,-34,9,-36,17,-16,23,-16,-3,-10,-4,-1,10,16,-9,-4,15,3,-3,-19,-13,4,-11,9,-4,5,-3,-5,5,11,-8,9,-1,-20,1,1,10,4,6,1,0,2,-4,-8,-2,-10,-8,-11,6,8,6,2,-3,3,12,-14,11,10,-8,-13],"highs":[0,25,19,2,-1,1,2,0,-1,21,-12,6,6,8,9,-10,-2,-47,19,10,7,-28,-8,28,3,5,-12,-2,-3,5,0,-9,4,3,48,-27,-12,4,-5,-7,7,1,0,-8,-8,19,26,0,-10,4,-32,7,-21,4,22,0,20,1,31,-37,-24,16,17,-5,-3,20,-3,-3,6,6,0,1,0,1,-1,-21,12,-15,-1,-17,-17,-2,2,24,-3,-13,-1,-5,37,7,10,0,9,-5,-6,6,4,3,-2,8,8,2,-2,7,13,0,0,9,0,9,7,-3,-3,0,5,2,1,-6,-25,1,-17,-2,9,0,-11,-6,-13,-4,16,8,11,-17,12,-1,-1,-1,-21,-11,2,1,4,2,-8,1,-2,10,0,1,0,-1,-15,-3,19,-2,1,2,0,3,-1,-1,-7,-6,-8,-2,-10,2,12,4,-5,1,8,3,-3,11,0,-7,-2],"lows":[0,30,27,-4,0,23,0,2,-18,17,5,2,-38,8,-6,1,29,-24,16,-14,19,-18,-1,16,-2,0,-6,9,-5,-2,14,-17,3,11,-9,-1,7,-1,0,-6,0,0,19,-17,2,-3,21,18,-39,-14,-5,36,-24,1,6,12,1,29,-19,-14,-1,3,17,8,-3,6,1,4,3,9,7,1,1,-1,-25,3,-12,-4,-2,-17,-3,-18,9,8,10,-8,-3,1,5,35,8,-15,13,14,-16,1,16,-2,3,-1,2,20,-9,5,6,10,0,8,8,1,9,-20,11,0,12,2,-2,-42,1,-21,1,3,-3,10,-7,-11,-2,-2,3,9,2,2,-5,20,2,-20,-22,6,-6,1,1,4,-3,-1,-2,8,2,1,7,-28,4,-2,8,9,2,8,0,3,-4,-8,0,-10,-9,-10,-7,13,8,4,-1,1,2,0,0,10,4,-15,-1],"closes":[0,25,19,-21,22,1,2,0,-1,5,4,0,-31,23,-30,34,12,-38,19,0,0,-18,-1,16,11,-9,6,-7,2,5,0,-13,8,3,16,-9,-11,0,2,-9,4,16,-1,-8,-7,18,26,-8,-39,-14,24,7,-24,1,28,-10,30,1,-3,-30,0,18,13,-4,1,6,3,0,7,9,0,2,0,-1,-24,3,-13,-3,-3,-15,-4,-10,11,22,-14,-1,-5,-1,35,10,10,-14,16,-1,-12,15,-1,2,4,-5,19,4,-6,5,13,4,-7,16,2,8,3,-9,5,-4,11,2,-3,-36,10,-35,17,-16,22,-14,-3,-12,-4,-3,11,17,-8,-5,15,4,-2,-20,-13,1,-9,9,-3,4,-4,-3,4,12,-9,7,0,-19,-1,2,11,5,2,3,1,3,-5,-8,-2,-9,-10,-9,8,1,8,3,-3,4,9,-11,11,10,-6,-14,12],"volumes":[4.32,1.66,7.73,4.08,3.23,4.34,3.18,0.37,2.01,9.79,2.94,4.21,9.435,6.252,2.238,1.214,0.09,2.27,1.8,2.69,0.544,1.13,0.9,15.12,17.28,34.56,15.35,6.48,5.45,16.69,0.29,24.3,7.82,2.7,46.44,19.43,25.2,17.82,21.78,20.06,23.94,5.3,3.78,9.18,0.9,17.1,23.36,4.04,1.55,28.88,3.1622,0.0844,9.96,16.0,12.32,1.78,6.11,4.5,114.735,32.44,28.2,40.9,24.45,7.6,34.54,24.22,21.14,11.7,9.9,10.34,5.4,3.6,2.7,3.6,30.6,9.9,28.34,26.33,25.2,21.14,7.2,19.34,9.88,17.08,25.85,23.84,27.21,12.6,31.5,21.6,21.37,31.06,36.13,5.4,26.07,12.6,11.7,21.03,8.1,16.43,10.8,2.7,15.74,14.4,17.1,12.6,7.2,11.7,8.1,9.0,26.1,71.31,20.03,78.12,27.0,13.94,30.58,82.03,54.64,46.77,47.26,41.4,91.06,90.91,69.51,47.83,31.48,34.91,49.29,37.36,50.88,31.08,65.26,9.67,5.86,44.68,68.99,22.73,15.74,22.46,26.79,45.46,51.27,82.09,37.54,27.9,38.39,47.7,11.42,47.87,41.14,23.72,33.3,62.68,17.12,15.86,7.74,6.5,8.12,41.54,16.9,20.08,48.52,29.7,39.6,10.8,30.6,29.7,12.6,14.4,13.5,27.16,41.92,37.5,34.66,53.54,35.29]}