{"timestamp":1648944000000,"multiplier":1.0E-5,"open":1.25112,"high":1.25112,"low":1.25096,"close":1.25096,"shift":60000,"times":[1265,3,1,1,1,1,1,1,1,1,1,1,1,1,1,1,2,1,1,1,1,1,1,1,1,2,1,1,1,1,1,1,1,1,1,2,1,1,1,1,1,1,1,1,1,1,1,1,1,1,1,1,1,1,1,1,1,1,1,1,1,1,1,1,1,1,1,1,1,1,1,1,2,1,1,1,1,1,1,1,1,1,1,1,3,1,1,1,1,1,1,1,1,3,1,3,1,1,2,2,1,1,1,1,1,1,1,1,1,1,1,1,1,1,1,1,1,1,1,1,1,1,1,1,1,1,1,1,1,1,1,1,1,1,1,1,1,1,1,1,1,1,1,1,1,1,1,1,2,1,1,2,1,1,1,1,1,1,1],"opens":[0,17,-18,1,-21,20,45,10,1,5,0,-13,1,11,1,-10,1,4,5,-1,-14,0,1,6,-1,1,0,-1,11,-10,-1,1,-1,0,1,-1,0,-2,1,0,7,0,2,-1,1,0,0,-1,-2,2,-1,5,-9,3,-2,6,6,11,-2,5,0,13,0,6,-7,2,10,4,3,8,-9,0,20,-2,2,5,-4,1,1,3,8,1,0,-4,-5,-2,0,-8,-2,4,1,-4,-1,-3,-24,5,0,0,0,25,8,-20,1,12,1,-1,-8,-18,-1,10,0,-12,-7,5,14,0,-1,-4,-8,4,8,-2,-5,0,3,3,-12,0,0,11,-11,-9,8,1,-3,13,-1,6,0,8,6,-2,4,6,-1,4,4,7,9,-1,-1,3,-1,1,0,-9,-1,0,4],"highs":[0,17,1,-18,-21,68,-3,10,6,0,0,-13,13,1,-1,-10,1,10,-1,-1,-14,0,14,-7,-1,1,0,8,3,-11,0,0,-1,0,1,-1,0,-1,0,5,3,8,-7,-1,1,2,-2,-1,-2,2,3,10,-16,1,4,5,11,1,4,0,11,2,5,0,-4,4,9,0,8,4,-10,13,8,0,1,7,-7,1,3,4,8,-3,1,-5,-5,-2,0,-8,5,-3,3,-6,-1,-2,-25,6,0,-1,26,8,-1,-16,11,-1,2,-3,-8,-18,10,0,-1,-12,3,12,-1,3,-6,-4,-2,8,2,-6,-1,3,-1,1,-12,1,10,0,-12,3,0,-2,8,2,5,3,5,8,-1,-2,8,3,-1,6,7,8,0,0,-1,2,-1,1,0,-9,0,4,2],"lows":[0,0,15,0,-20,20,45,10,-7,10,-11,1,-4,16,0,-9,0,5,4,0,-15,1,-1,7,0,1,0,-1,11,-11,0,1,-1,0,1,-1,0,-2,1,0,7,0,1,0,1,0,0,-1,-8,7,0,-7,0,4,-1,6,7,10,-1,5,-3,16,-2,-2,2,1,11,5,3,0,-1,-1,18,0,3,1,0,0,1,2,9,2,-3,-2,-7,-1,-1,-10,3,3,-3,1,-6,-23,1,5,-6,5,1,24,-19,6,3,11,0,-6,-20,-2,2,9,-11,-8,1,-1,19,0,-4,-8,-1,4,6,-6,2,0,3,-8,-1,0,0,-2,-6,-1,8,-2,0,9,3,6,-1,9,4,-1,2,6,2,4,2,9,8,-1,-2,4,0,0,-8,-3,2,0,4],"closes":[0,15,0,0,-20,64,1,10,5,-2,-10,0,13,0,0,-10,0,8,1,0,-14,0,14,-8,0,1,0,7,4,-12,1,0,-1,0,1,-1,0,-2,1,5,3,8,-8,0,1,0,0,-1,-4,3,2,-9,5,-1,5,6,11,0,5,0,11,2,5,-7,3,4,9,0,8,-5,-1,13,8,0,1,-1,1,0,4,4,8,-3,-3,-1,-6,-3,0,-10,9,-3,-4,1,-3,-24,-1,6,-6,4,27,8,-27,6,12,1,0,-7,-19,-1,9,0,-11,-7,8,12,1,-3,-2,-10,4,8,-3,-6,3,4,1,-11,0,0,11,-13,-7,6,2,-3,12,0,5,2,7,8,-4,2,7,0,1,7,8,7,1,0,-1,1,0,0,-8,0,-1,5,2],"volumes":[3.9,5.84,5.1,2.4,1.8,12.3,1.8,2.4,8.41,5.4,7.64,0.9,6.6,10.8,6.0,1.2,3.3,34.2,3.6,1.2,5.69,1.2,6.29,7.26,1.2,1.2,1.2,5.4,3.6,3.36,3.96,1.8,2.7,3.0,1.2,1.2,8.1,6.3,2.4,6.0,3.36,5.44,3.96,2.4,2.4,3.6,7.38,2.4,4.8,3.11,11.44,49.8,7.81,0.88,10.2,12.6,7.2,3.6,14.54,6.0,37.46,3.0,11.08,17.54,8.84,15.6,7.2,3.6,7.2,25.62,2.4,19.78,10.34,9.28,4.94,18.7,7.2,5.82,9.28,30.36,12.44,3.6,4.48,7.02,13.2,8.08,8.4,8.77,7.2,3.6,4.8,1.2,15.9,21.0,1.2,3.0,11.03,3.6,38.03,13.13,18.56,36.38,18.54,18.58,15.45,55.34,23.8,24.53,62.63,33.9,16.06,21.56,23.78,39.87,27.19,30.35,20.72,22.53,27.99,77.65,35.82,29.94,48.58,54.04,33.42,27.58,2.52,15.68,20.72,31.52,47.46,42.91,28.78,15.46,16.08,31.8,20.56,13.56,24.54,23.63,20.57,17.52,20.62,33.9,9.2,15.56,35.64,17.56,7.8,7.2,8.54,6.0,2.4,12.0,7.8,7.2,6.0,4.64,5.2]}