{"timestamp":1649548800000,"multiplier":1.0E-5,"open":0.93194,"high":0.93229,"low":0.93121,"close":0.93137,"shift":60000,"times":[1260,1,1,3,1,1,1,1,1,1,1,1,1,1,1,1,1,1,1,1,1,1,1,1,1,1,1,1,1,1,1,1,1,1,1,1,1,2,1,1,1,1,1,1,1,1,1,2,1,1,1,1,1,1,1,1,1,1,1,1,1,1,1,1,1,1,1,1,1,1,1,1,1,1,1,1,1,1,1,1,1,1,1,1,1,1,1,1,1,1,1,1,1,1,1,1,1,1,1,1,1,1,1,1,1,1,1,1,1,1,1,1,1,1,1,1,1,1,1,1,1,1,1,1,1,1,1,1,1,1,1,1,1,1,1,1,1,1,1,1,1,1,1,1,1,1,1,1,1,1,1,1,1,1,1,1,1,1,1,1,1,1,1,1,1,1,1,1,1,1,1,1,1,1,1,1],"opens":[0,-32,13,0,3,104,7,-14,-15,0,15,-1,2,-12,-12,-6,-4,0,-13,6,-4,0,0,-2,3,0,10,-6,-18,23,-17,45,0,-26,-19,0,1,7,20,-15,-11,1,15,0,-5,-16,-20,18,0,0,0,-5,1,-1,13,6,7,-10,60,6,-25,-9,3,3,14,5,9,2,0,4,7,7,-2,1,3,10,-4,-3,-3,2,0,-9,0,3,2,6,1,18,6,13,1,6,-7,3,2,0,6,1,10,-6,-1,0,0,-5,13,0,1,-9,1,2,-2,1,-2,1,-6,-8,-3,4,12,2,13,27,-24,-6,-12,-3,-4,14,11,-8,3,0,-3,4,-15,-2,-4,7,-2,5,13,0,-6,-2,3,8,-13,-2,-3,-5,1,0,-3,-1,4,-3,8,0,11,2,9,1,-5,0,-9,5,8,-3,7,10,4,6,-11,-7,15,0],"highs":[0,-54,0,3,98,14,-1,-14,-15,19,-4,-1,2,-12,-12,-6,30,-34,-13,6,-3,10,-11,1,0,0,10,10,-11,0,32,-1,1,-30,-19,30,-29,27,0,-15,-10,10,5,0,0,-21,-10,19,-11,0,31,-3,-30,30,-20,20,9,35,7,-2,-25,-1,2,14,4,6,6,2,0,8,10,-1,-6,5,9,-1,-4,-3,-1,2,-1,-9,4,0,6,1,20,4,10,5,4,3,-4,2,20,-16,13,-5,3,-6,0,0,0,8,1,-2,2,-4,2,-1,-4,-1,0,-1,-6,-6,2,9,4,13,28,-2,-18,-13,-12,1,6,10,2,2,-7,4,-5,4,-18,-1,2,0,6,10,1,0,-4,-2,9,-1,-8,-7,-2,-5,3,-3,1,-1,0,1,5,12,5,1,8,-4,1,-5,-2,5,3,2,8,8,10,-7,-8,-3,12,2],"lows":[0,16,38,0,3,102,-4,-1,-15,-13,27,0,-10,-29,0,11,-4,-13,0,1,1,0,0,-2,2,1,10,-8,-30,20,-2,25,-9,-17,-10,10,4,7,4,1,-11,1,14,-15,-4,-22,1,15,3,0,-11,4,3,-2,14,6,-15,1,71,-19,-10,0,2,1,18,5,9,1,0,2,8,5,0,2,4,7,-5,-4,2,1,-8,-5,5,2,3,6,1,15,9,10,1,0,2,3,2,-3,8,2,3,-5,3,-3,-2,2,6,2,-5,2,0,3,-3,2,-2,-4,-10,-1,-7,10,12,2,9,3,-1,-14,-14,9,-1,13,1,-1,3,1,-1,-10,-6,0,-4,8,1,5,12,-6,-2,-3,7,-10,4,-7,-2,-1,1,-7,4,-2,0,-1,7,3,8,6,10,-5,-3,-9,4,5,5,0,4,13,4,-5,-6,-3,16,1],"closes":[0,38,0,3,98,4,-4,-1,-15,15,0,-1,-10,-12,-17,11,-4,-13,0,1,2,10,-11,-2,2,1,10,0,-1,-17,49,-14,-20,-18,3,1,0,27,-16,1,-10,10,5,-5,-15,-22,11,19,-11,0,-6,2,2,10,0,14,-15,64,6,-25,-9,3,4,13,5,9,4,-3,4,9,5,-2,1,0,15,-4,-5,-4,3,0,-8,1,4,0,5,2,18,6,10,4,5,-7,5,2,1,4,1,5,0,-2,-1,2,-6,12,2,-4,-5,2,3,-2,0,-1,0,-6,-10,-1,5,10,4,13,28,-27,-5,-13,-3,-3,12,11,-7,3,1,-4,2,-13,-3,-3,7,-2,4,13,0,-6,-1,3,8,-17,3,-4,-5,0,1,-4,1,3,-2,3,5,11,1,5,5,-4,-2,-8,7,6,-1,5,8,7,6,-11,-6,4,8,6],"volumes":[6.45,1.93,0.49,0.74,15.73,14.03,8.7,4.5,7.8,12.67,9.24,1.8,7.2,15.66,5.16,1.2,9.67,3.36,3.66,4.2,2.4,6.9,4.2,4.56,3.9,1.2,1.5,9.6,24.99,4.8,10.77,12.86,4.02,4.91,20.7,13.5,1.56,28.92,13.14,9.18,3.0,3.78,17.16,16.86,7.26,1.8,4.02,12.0,1.94,4.48,60.05,37.8,31.51,27.12,3.6,3.96,45.88,76.24,15.14,61.68,40.32,59.04,72.46,49.34,74.85,78.58,81.46,54.0,19.5,35.1,39.99,31.13,18.83,38.93,12.0,4.2,10.8,9.6,7.2,12.6,17.1,13.8,6.6,7.2,16.8,4.8,26.4,14.54,9.74,45.66,16.8,26.4,11.4,15.6,27.23,14.4,19.2,9.6,13.8,13.2,12.0,7.5,19.2,53.4,113.7,12.6,42.6,21.53,11.03,13.65,10.73,4.2,8.4,11.84,8.68,11.61,27.15,26.68,18.7,53.68,90.26,92.69,79.24,53.93,69.99,37.52,48.55,46.98,57.27,78.29,62.56,64.36,45.94,61.54,80.74,39.78,54.94,15.23,33.67,27.09,14.33,29.13,71.04,50.55,65.51,49.1,36.47,41.05,34.58,15.0,25.48,26.43,31.02,16.27,18.0,31.2,59.98,56.28,43.94,19.64,26.17,16.8,45.55,32.12,23.96,40.42,33.33,26.42,46.65,70.9,76.48,51.44,57.17,41.42,25.56,32.07]}