{"timestamp":1328400000000,"multiplier":1.0E-5,"open":1.06932,"high":1.06977,"low":1.06905,"close":1.06977,"shift":60000,"times":[1320,1,1,1,1,1,1,1,1,1,1,1,1,1,1,1,1,1,1,1,1,1,1,1,1,1,1,1,1,1,1,1,1,1,1,1,1,1,1,1,1,1,1,1,1,1,1,1,1,1,1,1,1,1,1,1,1,1,1,1,1,1,1,1,1,1,1,1,1,1,1,1,1,1,1,1,1,1,1,1,1,1,1,1,1,1,1,1,1,1,1,1,1,1,1,1,1,1,1,1,1,1,1,1,1,1,1,1,1,1,1,1,1,1,1,1,1,1,1,1],"opens":[0,39,0,5,-9,-64,1,27,-10,6,-6,-7,-23,1,-5,-6,5,10,-25,21,-35,20,-9,18,7,-9,8,6,-29,10,-3,-5,16,-1,-15,6,0,0,7,25,10,2,-6,6,-10,1,9,-13,-2,-33,-9,6,5,5,1,-8,11,1,7,14,-11,-53,30,36,-11,0,0,-10,-20,0,11,6,0,-6,0,0,0,-2,-2,1,6,1,-2,-25,-16,-2,5,-24,1,8,0,2,7,0,-6,-10,-20,0,-7,-55,-22,30,-12,-36,14,39,3,2,31,34,-1,12,26,-43,0,-6,-5,-5,-3,-6],"highs":[0,4,-5,16,-6,-53,-2,38,-17,-15,-15,6,-22,-10,-4,-6,10,10,-10,5,-26,14,22,-10,9,-18,11,-5,3,-12,-7,9,7,-12,-9,14,-9,7,20,10,12,-4,-4,-1,-10,9,0,-3,-10,-35,21,-18,5,8,-7,3,1,11,14,-5,-10,-10,20,6,-15,0,0,-10,1,-10,9,-3,0,-6,0,5,-5,5,-4,5,0,12,-14,-27,3,-16,1,-13,-7,12,-1,2,4,5,-11,-6,-28,16,-23,-55,14,10,-28,-22,40,2,5,31,31,0,24,16,-3,-34,-9,-6,-5,0,-8,12],"lows":[0,26,23,8,-81,20,3,21,-18,-1,1,-16,-34,5,4,13,-33,16,0,9,-19,3,12,9,-3,6,-6,1,-5,0,-11,13,10,-10,0,6,0,-1,8,3,20,-1,9,-3,-1,-5,2,-12,-33,-2,3,1,8,4,-5,0,12,-3,6,9,-55,-6,22,35,5,0,-10,-20,0,0,1,11,1,-2,0,-1,-5,-3,5,-10,6,-3,-14,-29,13,0,-23,-9,2,11,4,4,6,-10,-1,-24,-7,-1,-65,-24,14,-3,-18,5,14,27,15,-2,35,26,3,12,-13,-3,-17,6,-2,0,-14,-7],"closes":[0,-10,-1,11,-91,21,24,-6,2,-6,-5,-25,1,4,-9,-1,10,-30,25,-20,-12,14,14,7,-10,8,6,-23,4,-3,0,11,0,-11,1,9,-9,7,25,10,2,1,0,-10,0,4,-8,-2,-34,-8,6,5,6,0,-9,11,3,6,19,-10,-52,37,20,-9,0,0,-10,-20,0,11,1,5,-4,-2,0,0,-6,7,0,-3,2,2,-25,-19,1,5,-21,3,-1,7,-1,7,0,-9,-3,-24,-5,-2,-55,-24,32,-12,-36,14,39,3,5,28,34,-1,8,32,-45,0,-6,-5,-5,0,-6,12],"volumes":[22.88,27.01,15.76,16.51,43.98,19.5,8.7,18.45,45.23,24.0,8.25,18.45,40.13,17.25,31.5,7.2,48.08,24.76,14.25,22.13,61.5,38.7,51.75,65.25,103.74,33.0,53.25,4.58,16.5,53.63,43.05,53.1,37.8,10.8,16.05,22.5,16.2,27.0,68.1,59.95,57.45,31.2,24.45,17.55,6.75,21.15,30.6,47.7,39.45,31.05,56.7,27.0,14.85,14.85,14.85,13.5,13.5,25.65,27.0,28.35,75.16,47.65,43.88,45.84,24.3,24.3,21.3,31.5,40.22,34.5,71.4,10.5,6.0,6.3,4.2,46.8,19.2,36.6,7.2,28.8,16.5,70.65,61.5,84.6,32.1,12.0,120.75,63.45,49.05,66.6,20.25,40.5,24.0,40.65,24.0,55.2,59.85,100.51,89.64,109.05,100.35,127.65,78.46,59.85,102.0,67.95,18.9,69.3,57.6,37.65,87.3,57.0,85.8,71.4,71.1,30.6,23.7,16.8,47.1,120.0]}