{"timestamp":1329004800000,"multiplier":1.0E-5,"open":1.32042,"high":1.32088,"low":1.32042,"close":1.32087,"shift":60000,"times":[1320,1,1,1,1,1,1,1,1,1,1,1,1,1,1,1,1,1,1,1,1,1,1,1,1,1,1,1,1,1,1,1,1,1,1,1,1,1,1,1,1,1,1,1,1,1,1,1,1,1,1,1,1,1,1,1,1,1,1,1,1,1,1,1,1,1,1,1,1,1,1,1,1,1,1,1,1,1,1,1,1,1,1,1,1,1,1,1,1,1,1,1,1,1,1,1,1,1,1,1,1,1,1,1,1,1,1,1,1,1,1,1,1,1,1,1,1,1,1,1],"opens":[0,46,-19,-52,22,-7,-7,23,-2,16,3,16,0,2,3,2,-3,-20,1,-14,-2,20,4,18,120,54,6,-1,72,5,-14,15,-6,11,75,-19,-43,22,-25,-40,27,2,0,2,36,-1,3,28,-15,-27,-61,38,30,-2,0,9,-2,-6,3,-8,1,15,1,31,36,-15,14,-15,19,39,83,-40,-28,-15,-3,-53,48,8,-68,-44,-21,15,25,-6,-6,-4,-1,7,-24,-20,-4,1,4,-10,-1,5,11,-9,-19,-1,0,-23,-18,-13,-14,-20,22,-8,1,-7,33,18,4,0,0,2,6,5,21,13],"highs":[0,0,-19,-28,0,1,2,22,-2,0,23,-4,2,1,2,0,-3,-20,15,-27,14,18,10,121,48,19,15,57,36,-28,-12,2,3,78,25,-48,-2,-3,-36,-12,2,6,-2,37,33,-37,34,10,-11,-51,-26,43,4,5,-7,-2,-4,-3,0,-1,15,-4,27,58,-8,-10,-1,10,33,81,3,-35,-33,-7,-14,-5,26,-18,-68,-43,-7,29,-4,-6,-6,-2,7,-2,-24,-21,5,8,-12,-10,5,17,1,-12,-20,-1,-4,-23,-18,-13,-14,3,0,-3,-5,35,16,6,-5,9,-11,8,5,16,24,2],"lows":[0,28,-54,1,15,-3,-12,23,6,16,3,14,2,-1,6,-5,-46,30,-13,0,-2,12,8,22,115,56,8,0,71,-8,-18,0,5,29,60,-50,3,1,-37,-8,19,10,3,4,26,-5,9,16,-27,-66,5,38,15,16,0,9,-7,-1,-21,12,-5,17,11,31,14,6,-4,4,18,28,55,-30,-15,-11,-47,-3,35,-40,-45,-27,-11,33,3,0,-4,7,1,-27,-11,-10,7,2,-12,-9,10,6,8,-19,-8,-3,-16,-18,-16,-19,-21,-5,25,-7,-8,9,36,9,6,0,6,-1,10,0,24,-2],"closes":[0,-16,-55,24,-7,-2,13,2,18,0,18,-1,2,0,5,-3,-27,7,-12,-1,15,7,16,126,45,10,0,68,7,-12,17,-4,3,79,-19,-47,27,-26,-31,18,-2,4,-2,37,6,-1,38,-26,-31,-57,36,36,-10,5,9,-2,-6,2,-14,15,6,3,29,39,-17,15,-15,24,32,85,-40,-28,-13,-15,-43,48,8,-68,-44,-25,19,25,-4,-10,-2,-3,9,-24,-19,-5,0,5,-10,-2,6,12,-7,-19,-4,0,-23,-17,-13,-15,-19,21,-9,6,-12,36,23,-9,4,-2,6,4,2,23,17,9],"volumes":[28.11,51.08,95.7,31.53,5.25,20.51,36.79,55.34,10.8,6.18,52.8,72.69,19.77,15.48,1.5,21.0,62.57,1.5,27.51,5.79,46.56,143.86,97.57,225.35,277.8,122.84,86.48,189.2,162.3,118.56,154.26,87.89,104.91,213.99,170.91,157.59,195.68,169.45,149.95,190.05,166.37,97.01,52.97,135.53,212.91,83.07,140.22,221.58,111.69,185.54,223.3,205.98,117.64,106.1,74.25,37.73,94.12,68.25,55.87,118.08,201.77,115.87,117.82,207.78,171.77,73.22,146.81,151.09,290.59,324.24,172.81,145.07,132.83,155.38,176.13,246.83,258.71,164.42,184.04,151.74,162.25,125.22,132.88,110.76,121.95,51.66,75.96,111.23,111.67,69.44,87.89,82.18,123.89,65.77,67.34,119.23,92.19,114.98,75.26,100.15,71.84,114.4,164.65,129.01,185.42,187.55,110.73,91.46,95.86,127.11,114.78,164.36,50.65,97.85,52.56,95.11,48.26,56.74,94.76,123.78]}