{"timestamp":1330214400000,"multiplier":1.0E-5,"open":1.58829,"high":1.58848,"low":1.58829,"close":1.58832,"shift":60000,"times":[1320,1,1,1,1,1,1,1,1,1,1,1,1,1,1,1,1,1,1,1,1,1,1,1,1,1,1,1,1,1,1,1,1,1,1,1,1,1,1,1,1,1,1,1,1,1,1,1,1,1,1,1,1,1,1,1,1,1,1,1,1,1,1,1,1,1,1,1,1,1,1,1,1,1,1,1,1,1,1,1,1,1,1,1,1,1,1,1,1,1,1,1,1,1,1,1,1,1,1,1,1,1,1,1,1,1,1,1,1,1,1,1,1,1,1,1,1,1,1,1],"opens":[0,1,-6,52,-8,26,-23,26,15,42,0,9,-2,11,-5,-21,-2,8,3,8,-33,-6,-19,-28,-4,73,6,2,11,-2,1,6,3,-1,7,3,-1,-6,19,5,-23,-2,-48,1,-8,-9,19,-3,-6,0,1,-17,11,11,-17,1,-16,-16,41,8,-5,-34,0,-2,-8,-32,9,-1,37,8,-9,-8,29,27,-8,4,-2,0,1,-17,-7,-21,-32,-26,5,-4,-7,12,15,-29,10,2,-1,1,0,-5,7,2,21,3,31,-17,-3,0,23,-8,5,-5,-38,-22,-6,15,5,-14,13,-3,11,-12,1,-1],"highs":[0,-15,43,0,24,-6,3,17,42,7,12,-10,9,1,-8,-17,10,1,1,2,-28,-4,-27,-28,84,5,-10,9,22,2,-17,6,-5,11,0,-1,-2,27,-2,-3,-13,-16,-46,11,-15,18,2,2,-19,-6,0,-9,35,-5,-32,0,-3,34,-14,13,-14,-23,-8,-9,-7,-13,-9,48,-1,-4,-10,30,20,-2,-5,1,-1,0,6,-23,-7,-20,-33,-18,4,-6,3,13,-1,-20,4,0,2,0,26,-27,2,19,12,24,0,-17,-1,30,-6,-6,1,-6,-38,-21,8,8,-2,4,-5,9,1,-10,0,0],"lows":[0,-22,17,37,5,12,-8,22,17,39,0,11,0,7,-34,8,4,1,3,-14,-23,-7,-35,-30,34,73,6,-5,16,-3,3,7,2,-1,8,-3,-2,1,6,-5,-8,-42,-1,-60,2,18,34,-8,0,4,-11,0,9,-6,0,-35,-3,5,45,3,-38,-4,4,-7,-33,0,7,2,36,-1,-7,1,24,7,7,10,1,1,-16,-7,-29,-26,-30,6,-2,-4,-8,3,3,-4,7,-3,6,0,0,0,2,2,23,7,11,-4,-10,10,19,0,-2,-34,-27,-3,0,10,-4,-3,12,1,-3,2,-3,-2],"closes":[0,-15,59,-9,27,-12,15,15,40,4,9,-6,15,-6,-26,2,7,3,8,-28,-10,-19,-36,4,73,7,1,11,-2,1,6,3,0,6,3,-1,-7,17,12,-27,-2,-48,2,-19,-4,23,-2,2,-8,0,-16,8,13,-16,1,-17,-15,41,8,-5,-38,4,-2,-7,-33,8,0,37,8,-9,-8,29,29,-12,5,-3,2,1,-16,-8,-19,-36,-28,7,-2,-7,12,16,-30,5,7,-1,1,2,-7,7,0,21,7,29,-17,-3,0,23,-8,5,-6,-35,-25,-5,14,6,-14,13,-4,14,-14,0,0,-5],"volumes":[7.69,18.97,15.24,23.4,27.46,15.0,30.88,14.26,39.75,45.75,31.5,9.75,15.75,31.77,19.72,22.8,28.5,43.69,31.5,14.26,28.43,73.11,45.63,61.2,72.56,26.4,21.31,76.65,33.75,82.51,52.95,62.19,74.96,67.5,56.25,248.77,315.08,265.49,75.86,58.95,41.57,93.05,117.93,80.86,100.37,202.1,198.0,247.51,460.22,63.06,151.22,34.2,49.68,277.08,54.72,98.54,242.56,143.49,52.57,211.82,212.45,187.32,84.89,105.83,76.03,152.6,125.2,81.32,82.73,56.76,68.41,242.73,162.05,70.04,75.02,46.26,53.28,20.7,102.0,49.88,86.66,110.16,74.21,87.39,104.64,91.1,100.77,70.75,48.61,50.48,51.05,113.88,93.21,93.57,84.85,89.03,64.2,82.18,93.91,91.84,78.74,41.89,89.04,110.01,91.24,17.2,62.28,63.65,47.95,24.12,62.92,38.26,28.73,38.57,16.81,23.57,63.33,42.88,64.62,50.41]}