{"timestamp":1329609600000,"multiplier":1.0E-5,"open":0.9929,"high":0.99316,"low":0.9929,"close":0.99305,"shift":60000,"times":[1320,1,1,1,1,1,1,1,1,1,1,1,1,1,1,1,1,1,1,1,1,1,1,1,1,1,1,1,1,1,1,1,1,1,1,1,1,1,1,1,1,1,1,1,1,1,1,1,1,1,1,1,1,1,1,1,1,1,1,1,1,1,1,1,1,1,1,1,1,1,1,1,1,1,1,1,1,1,1,1,1,1,1,1,1,1,1,1,1,1,1,1,1,1,1,1,1,1,1,1,1,1,1,1,1,1,1,1,1,1,1,1,1,1,1,1,1,1,1,1],"opens":[0,15,8,2,14,-10,4,-3,0,-3,4,-1,-5,-6,-11,19,-4,-10,-1,-6,-5,-2,1,0,-1,0,-10,-5,11,-5,14,15,0,-10,-10,2,-1,0,15,9,9,-5,0,-13,-22,-3,0,-2,5,-2,-1,19,-7,17,-2,-1,2,0,-7,0,9,-19,-10,-20,-4,-9,-1,5,-35,0,-17,3,6,0,3,-6,-18,-16,13,-25,15,-6,-7,-6,14,-3,9,-7,-1,1,-2,-6,-5,0,4,-11,3,1,-3,0,3,-13,-5,24,9,0,-31,13,3,-1,-9,-1,0,-2,10,21,-7,10,-6,-14],"highs":[0,-3,5,-3,19,-8,-3,-3,0,1,0,-1,-5,-6,-1,11,-4,-10,-3,-3,-6,-2,-1,0,-1,10,-10,-15,11,11,8,11,-6,-10,-7,-1,1,13,10,11,-1,-5,-2,-8,-27,-3,0,-1,4,1,21,-6,10,0,-1,-2,2,0,-7,8,4,-16,-16,-19,-5,-9,4,0,-35,5,-19,12,3,9,-14,1,-26,4,10,-25,7,-15,-2,8,-5,7,9,-17,-1,7,-7,-1,-7,9,-1,-11,-2,-1,-1,-1,28,-39,25,5,1,0,-16,-1,-2,0,-10,6,0,2,22,5,-1,-3,-6,-1],"lows":[0,11,12,1,2,3,3,-2,-4,0,5,-7,-5,-10,-1,16,-9,-2,-11,1,-5,1,1,-14,13,-13,0,-2,6,0,14,15,-5,-17,0,4,-1,0,14,9,7,-2,-25,-18,5,-1,-2,0,4,-2,1,12,0,17,-13,4,8,-9,2,-2,-13,5,-32,-9,-2,-5,-12,-14,0,-11,-6,-1,10,-12,-4,-5,-21,0,-7,-1,9,-7,-5,-2,11,2,1,0,0,-1,-13,2,-1,1,-6,-4,6,-4,-5,5,-16,-1,0,23,9,-31,4,8,-1,-5,2,-2,-9,11,10,14,-22,24,-13,0],"closes":[0,8,2,-1,3,8,-3,-2,-4,4,1,-7,-5,-10,9,7,-10,-1,-8,-3,-5,1,1,-9,8,-8,-3,-4,6,14,2,13,-5,-17,4,0,1,13,10,11,-6,0,-18,-22,0,-1,0,0,2,3,15,-7,17,0,-3,-6,8,-8,1,8,-18,0,-30,-6,-7,-1,5,-35,0,-11,-3,6,0,3,-6,-17,-17,12,-24,15,-6,-7,-6,16,-5,10,-8,-1,0,-1,-6,-5,0,4,-6,-2,1,-5,5,-1,-15,-5,27,7,2,-29,6,6,-1,-6,-3,1,-2,9,24,-9,3,-1,-12,13],"volumes":[14.71,1.88,3.75,1.5,9.87,7.5,1.5,0.75,2.11,4.76,0.75,4.71,2.65,52.17,141.49,6.75,10.5,2.25,17.63,7.5,21.6,34.5,3.75,27.24,3.75,8.68,10.88,4.5,8.63,18.38,47.54,9.78,16.55,17.67,9.79,5.65,6.78,51.39,61.57,64.21,14.54,12.45,22.76,128.02,5.63,12.42,7.13,3.97,3.76,12.03,262.87,323.72,209.47,1.13,31.82,3.21,1.5,9.63,4.94,14.94,57.06,16.76,63.06,54.31,39.57,15.73,34.22,138.12,11.3,30.68,31.64,101.8,86.17,117.18,69.98,90.88,131.39,95.77,91.72,40.68,72.82,27.44,32.24,34.78,55.39,30.84,35.77,13.92,10.91,53.69,45.79,32.19,57.23,75.15,110.22,68.72,75.45,57.38,101.84,82.82,151.11,58.47,124.11,113.98,59.82,84.18,103.89,145.3,74.86,126.83,47.82,58.26,57.22,53.15,75.51,79.11,84.52,41.46,33.75,102.03]}