{"timestamp":1610841600000,"multiplier":1.0E-5,"open":1.20838,"high":1.20838,"low":1.20831,"close":1.20831,"shift":60000,"times":[1320,1,1,1,1,1,1,1,1,1,1,1,1,1,1,1,1,1,1,1,1,2,3,2,2,1,1,1,1,1,1,1,1,1,1,1,1,2,1,1,1,3,1,1,1,1,1,1,1,1,1,1,1,1,1,1,1,1,1,1,1,1,1,1,1,1,1,1,1,1,1,1,1,1,1,1,1,1,1,1,1,1,1,1,1,1,1,1,1,1,1,1,1,1,1,1,1,1,1,1,1,1,1,1,1,1,1,1,1,1,1,1],"opens":[0,-8,0,-12,-37,6,0,7,-5,-1,1,-2,-5,2,1,14,-1,0,0,15,-10,0,0,0,3,-2,-5,4,-3,2,1,-1,1,0,-11,-14,10,0,-1,0,0,-1,0,-6,2,4,-6,-15,7,0,3,1,-2,-10,14,-4,3,8,-6,1,-10,12,6,18,1,0,-12,23,-5,10,3,-2,8,3,5,16,0,-1,-11,-5,-3,0,3,-20,8,-12,-7,-12,-31,20,-3,-30,6,7,-12,-2,3,-20,33,-11,-21,-10,-13,-11,-4,-4,-10,-16,20,-8,-6,-1],"highs":[0,-8,2,-12,-30,0,18,-1,-7,-12,1,-2,-3,0,16,-1,1,-1,29,-8,-16,-1,0,0,3,-2,-4,3,-2,1,1,-1,1,0,-5,-10,0,0,-1,0,1,2,-4,-6,2,4,-6,-2,-6,3,3,-2,0,8,-6,1,4,3,-6,1,1,6,19,6,-5,-1,13,-1,8,7,-7,6,8,5,11,8,-7,-3,-10,-1,-8,7,-4,-10,0,-14,-7,-12,-6,-1,-4,-25,17,-12,0,-3,-5,8,4,-9,-25,-10,-13,-9,8,-13,-11,3,12,-22,-4,-3],"lows":[0,-2,-11,-41,3,3,4,1,-10,10,-10,0,3,3,1,13,0,0,0,4,1,0,0,0,0,-4,0,4,-3,2,1,-1,0,1,-11,-14,9,0,0,0,0,-2,-2,-3,0,0,-15,-4,10,1,3,-3,-17,4,5,10,3,-4,2,-6,-2,12,9,15,3,-11,-1,18,1,10,-6,7,-3,12,3,17,1,-9,-7,-4,2,-1,-19,3,-3,-10,-14,-38,11,12,-25,-4,10,-9,2,0,-34,10,30,-22,-19,-8,-12,-1,-5,-7,-18,-1,11,-1,-5,-9],"closes":[0,-2,-9,-43,10,-1,8,-5,-1,0,-10,4,2,0,15,-1,0,1,15,-11,1,-1,0,0,0,0,-3,3,-2,1,1,-1,0,1,-5,-10,0,-1,0,0,0,-2,-1,-4,0,0,-12,5,-2,3,4,-4,-9,13,-9,9,5,-5,1,-10,12,5,19,3,0,-11,22,-5,10,1,-1,7,3,6,15,2,-2,-10,-5,-4,0,3,-19,7,-9,-6,-15,-35,25,-4,-30,3,9,-11,-3,5,-26,35,-8,-22,-11,-13,-11,-2,-7,-8,-17,19,-5,-6,0,-12],"volumes":[7.5,1.5,80.46,44.73,17.22,9.87,32.485,56.745,65.7725,5.18,10.3,10.18,10.5,2.25,18.0,8.34,7.57,6.48,12.56,7.87,1.5,0.75,0.94,0.75,1.87,5.44,1.5,0.19,1.5,0.75,0.94,1.5,7.5,0.75,7.6247,7.5,4.5,1.5,3.75,0.75,3.0,8.28,1.51,0.37,2.98,4.84,13.64,38.38,1.87,2.8,0.56,18.72,122.29,70.39,32.18,18.77,28.25,106.45,26.32,84.61,79.5,32.28,112.54,50.92,19.3,34.01,50.67,74.42,72.32,104.3,55.72,45.41,98.41,154.56,123.79,62.83,41.82,18.96,81.23,94.3,3.19,29.06,111.14,48.9,66.0,72.37,127.54,158.25,109.09,65.7,121.78,65.34,102.81,127.36,45.01,56.01,147.34,152.96,86.36,84.88,192.66,143.1,170.24,77.1,159.89,185.96,113.9,123.04,107.0,98.49,72.31,154.4]}