{"timestamp":1609632000000,"multiplier":0.001,"open":30591.259,"high":30625.779,"low":30579.739,"close":30592.299,"shift":60000,"times":[1380,1,1,1,1,1,1,1,1,1,1,1,1,1,1,1,1,1,1,1,1,1,1,1,1,1,1,1,1,1,1,1,1,1,1,1,1,1,1,1,1,1,1,1,1,1,1,1,1,1,1,1,1,1,1,1,1,1,1,1],"opens":[0,1460,-11450,-23570,4580,5720,-2760,-980,3990,14470,6780,710,-1500,8070,7940,-1000,1530,-1970,-6280,4000,-2220,6020,6990,-8520,5460,-2010,-420,5410,-1460,-2500,2010,3450,2570,4010,1460,-10960,2490,-5000,2490,4510,-4070,2580,1710,-1280,-3940,11920,3800,5250,-5460,-25790,-4200,-3040,2500,450,2550,5990,-4480,7440,-1450,-3000],"highs":[0,-18780,-25710,-1040,-8750,-1500,-2730,2530,16700,2000,19000,-16710,11490,3510,2000,6920,-420,-10050,1760,-3000,3790,8970,-760,-3200,-1510,-1790,4000,1290,-790,-3750,8250,-1710,5010,1200,-710,-6790,-770,3500,770,-2250,40,5500,-3490,-2010,5470,13510,-4770,1710,-5910,-24500,-3540,-2480,2990,10,6720,1300,1700,1500,-1000,290],"lows":[0,2510,-46500,16990,6980,-490,1470,1040,3030,10430,8050,3470,1990,7580,-2510,1440,10000,-10440,2010,-80,560,7470,-4030,1990,-1430,3930,1100,3920,-5010,-930,5450,1030,4450,2500,-7490,70,-3080,10,1480,-2000,4010,1990,1020,-3500,-1450,10460,3500,1490,-24720,-7290,-5480,4480,520,3470,2520,-460,1460,5480,-3460,460],"closes":[0,-7300,-29240,6940,2580,-540,-40,3540,17530,2730,-200,920,7560,8460,-540,10,3050,-11960,4700,-3250,9460,5550,-9540,5580,-2050,460,5500,20,-4940,1940,4270,2220,3510,2560,-10560,1980,-4940,2520,3970,-4490,2730,2750,-1530,-3220,10260,4490,3990,-5030,-25210,-4790,-3000,2510,1780,1500,6710,-6000,9020,-2030,-2440,4470],"volumes":[0.05772,0.0452,0.04608,0.03224,0.0222,0.01616,0.00896,0.0118,0.01796,0.01544,0.02308,0.01484,0.01572,0.01828,0.02212,0.02072,0.01164,0.01344,0.014,0.01032,0.00872,0.01428,0.0182,0.0108,0.01648,0.00928,0.00504,0.0052,0.00924,0.0092,0.02424,0.01308,0.00832,0.0096,0.00988,0.0078,0.00836,0.01808,0.008,0.0092,0.00908,0.0174,0.01104,0.0096,0.00712,0.02172,0.021,0.01344,0.02612,0.02728,0.02424,0.01464,0.01888,0.01068,0.01032,0.01792,0.01168,0.00796,0.01212,0.01]}