{"timestamp":1611446400000,"multiplier":0.001,"open":1854.187,"high":1856.998,"low":1853.777,"close":1856.898,"shift":60000,"times":[1380,1,1,1,1,1,1,1,1,1,1,1,1,1,1,1,1,1,1,1,1,1,1,1,1,1,1,1,1,1,1,1,1,1,1,1,1,1,1,1,1,1,1,1,1,1,1,1,1,1,1,1,1,1,1,1,1,1,1,1],"opens":[0,2711,-500,800,314,195,-49,-841,290,-70,-240,-40,158,-200,-150,580,160,50,-20,32,-32,220,530,520,-620,-150,190,10,320,-230,-310,-163,273,140,-110,170,-450,160,-40,-220,300,40,210,0,460,350,-98,261,-441,10,-32,-1180,-130,390,120,-290,-188,-200,-60,0],"highs":[0,254,-54,454,55,284,-333,-551,200,-140,-322,190,-120,-130,350,340,72,100,-200,100,110,458,620,-130,-620,120,380,100,-40,-400,30,-60,170,-190,60,-10,-320,80,-110,100,40,240,40,360,680,-208,148,-68,-230,-200,-62,-1058,158,180,-80,-230,-198,-130,-30,-110],"lows":[0,2335,186,800,134,135,-660,-180,415,-85,-152,0,10,-150,-80,620,70,40,32,80,-10,88,390,20,-310,330,50,120,-70,-110,-180,-3,143,-70,140,-300,10,10,-70,10,220,50,240,0,550,77,145,-160,-70,-249,-801,-272,-20,480,-220,-218,-160,-100,-10,-410],"closes":[0,-700,1000,280,220,-31,-850,270,-80,-150,-132,200,-187,-173,570,180,20,22,10,-32,220,540,500,-600,-180,280,-60,270,-160,-320,-170,260,140,-100,150,-420,130,-10,-220,300,20,230,20,420,370,-38,240,-490,10,-32,-1110,-150,340,120,-290,-238,-110,-140,-10,-305],"volumes":[0.044835,0.01934,0.01502,0.01927,0.01463,0.02875,0.02582,0.0226,0.0167,0.01844,0.01813,0.01051,0.00496,0.00673,0.01443,0.01998,0.01668,0.02046,0.00925,0.01833,0.01778,0.02566,0.03946,0.03371,0.02785,0.00666,0.02679,0.026,0.03432,0.02721,0.0223,0.01875,0.03276,0.01684,0.01221,0.02627,0.02054,0.02424,0.01591,0.01832,0.01887,0.02109,0.01147,0.02738,0.04477,0.01658,0.01325,0.00634,0.00531,0.00594,0.02381,0.04527,0.03441,0.01073,0.0148,0.01317,0.00646,0.00399,0.00513,0.0091]}