{"timestamp":1142121600000,"multiplier":1.0E-5,"open":1.72565,"high":1.7257,"low":1.72537,"close":1.72559,"shift":60000,"times":[1320,1,1,1,1,1,1,1,1,1,1,1,1,1,1,1,1,1,1,1,1,1,1,1,1,1,1,1,1,1,1,1,1,1,1,1,1,1,1,1,1,1,1,1,1,1,1,1,1,1,1,1,1,1,1,1,1,1,1,1,1,1,1,1,1,1,1,1,1,1,1,1,1,1,1,1,1,1,1,1,1,1,1,1,1,1,1,1,1,1,1,1,1,1,1,1,1,1,1,1,1,1,1,1,1,1,1,1,1,1,1,1,1,1,1,1,1,1,1,1],"opens":[0,-3,-42,0,-5,10,0,-10,8,-13,-1,-4,1,1,3,0,20,50,1,-3,-3,5,-3,10,-11,-11,15,-8,13,-8,2,6,-5,5,0,-3,-4,4,-5,8,0,-3,-2,7,2,1,-2,12,0,-7,-28,13,-12,4,0,0,0,10,-3,8,-12,-3,7,20,13,-6,9,-9,10,16,5,2,0,8,10,-4,16,-34,24,-19,6,11,-3,4,2,-8,0,-3,-27,9,2,18,-12,10,15,-2,-3,19,3,-12,8,7,-19,-9,1,18,0,30,4,-12,10,-5,0,4,-4,2,6,11,11,-2],"highs":[0,4,-54,5,-5,5,0,0,-2,-8,-3,-7,11,-1,-5,0,53,22,-4,-3,8,-6,5,2,-8,4,2,0,0,2,-8,6,0,0,0,-3,5,0,-10,8,0,0,0,4,1,5,5,5,-3,-9,-10,-5,-5,2,0,0,-5,12,3,2,-12,2,10,25,-2,8,-5,4,12,6,0,5,5,13,-3,8,4,-18,11,-20,11,7,2,-1,2,-11,9,-11,-23,7,11,6,-4,18,1,-4,16,5,4,-12,4,5,-11,-17,8,14,19,12,0,0,-2,-5,5,6,2,-4,5,10,11,-7],"lows":[0,-13,-4,-5,0,10,0,-10,-3,-2,-3,-7,-5,12,-2,5,20,50,-1,-9,4,6,-3,3,-9,-6,13,-6,-2,5,1,9,-5,5,-3,-2,-2,0,-3,5,5,-5,-8,13,-2,5,-2,11,-2,-22,-10,9,-7,0,5,0,0,4,1,-3,-11,9,7,20,0,-4,5,6,10,16,-2,6,3,8,10,-10,-6,-6,13,-8,6,-5,13,4,-6,-10,10,-18,-22,13,8,11,-5,10,5,8,-3,13,-5,-2,12,-8,-18,-6,12,11,7,26,-8,4,0,0,3,6,-9,7,-2,15,-10,8],"closes":[0,-8,-31,5,-5,5,0,-5,-8,-2,-3,-7,-5,15,0,0,53,22,-6,-1,0,2,5,0,-14,-1,10,0,-2,1,-3,9,0,0,-3,-2,7,-2,-10,5,5,0,-5,9,0,6,4,3,0,-29,10,-11,1,-8,10,-3,-2,10,0,0,-5,2,4,31,-15,19,-14,9,18,6,-5,10,0,9,6,8,-24,7,2,-8,11,5,4,-1,-5,-14,17,-25,-22,13,20,-1,3,18,1,-4,8,13,-16,8,4,-5,-9,-13,12,8,25,12,-8,8,-12,5,0,11,-2,-2,7,10,6,-17],"volumes":[109.3,118.0,43.3,98.3,39.2,1.7,22.9,60.5,7.9,82.5,73.4,4.1,28.3,107.4,75.5,2.5,21.9,25.6,23.6,21.5,31.8,17.5,34.9,23.7,31.7,50.7,87.2,57.2,38.1,77.4,5.4,27.0,1.5,6.8,6.4,32.8,53.4,66.5,35.1,51.3,7.2,50.9,43.4,70.0,80.6,20.5,103.4,101.8,26.9,32.3,35.9,28.7,56.7,86.6,48.4,107.8,30.0,53.4,70.2,57.8,41.8,48.9,42.3,142.1,25.6,66.0,107.1,51.0,31.5,79.2,14.9,35.1,73.5,79.2,50.3,65.1,37.0,46.1,62.4,6.8,18.2,56.5,8.2,37.0,72.7,79.0,43.4,80.6,57.3,34.6,20.6,36.7,2.6,90.9,20.3,23.0,127.5,121.9,39.5,48.6,26.1,117.2,99.4,63.0,20.9,82.7,24.0,57.4,27.3,18.1,11.2,53.5,50.5,8.6,102.5,26.8,76.1,94.7,44.8,92.2]}