{"timestamp":1142121600000,"multiplier":1.0E-5,"open":1.16008,"high":1.16008,"low":1.15975,"close":1.15982,"shift":60000,"times":[1320,1,1,1,1,1,1,1,1,1,1,1,1,1,1,1,1,1,1,1,1,1,1,1,1,1,1,1,1,1,1,1,1,1,1,1,1,1,1,1,1,1,1,1,1,1,1,1,1,1,1,1,1,1,1,1,1,1,1,1,1,1,1,1,1,1,1,1,1,1,1,1,1,1,1,1,1,1,1,1,1,1,1,1,1,1,1,1,1,1,1,1,1,1,1,1,1,1,1,1,1,1,1,1,1,1,1,1,1,1,1,1,1,1,1,1,1,1,1,1],"opens":[0,-23,29,-9,0,-10,-22,-83,2,-2,0,0,5,-5,-2,2,-3,5,3,-5,0,0,5,-5,5,-8,3,0,0,-3,-2,5,0,-2,7,-3,-6,32,-3,0,9,36,5,-5,5,-5,11,-1,0,2,3,2,13,-3,22,21,-3,3,-5,5,0,5,-3,11,-15,-3,-10,5,5,0,-3,-2,0,0,-5,5,2,28,5,-17,-26,6,2,2,18,-1,-9,0,5,0,-12,7,0,5,5,-4,16,6,-23,3,-8,22,8,0,1,-1,-15,7,-4,7,-8,5,-2,2,8,-10,10,5,2,-5],"highs":[0,-1,13,3,-18,21,-53,-83,2,3,0,-5,5,0,0,2,-10,5,3,0,0,0,0,0,0,0,-5,0,0,5,-5,5,-5,0,7,-5,32,1,-5,-5,40,10,0,7,2,-9,9,1,0,0,0,16,-1,8,33,4,-5,5,-5,5,3,-3,5,3,-15,-3,-10,5,19,-14,-3,-2,0,0,-5,5,20,10,5,-17,-18,0,0,22,-2,-1,-9,0,5,0,-10,5,5,8,1,-1,30,-15,-13,0,-2,12,5,8,7,-15,-5,-3,2,1,0,-3,3,2,3,5,-5,5,13,-5],"lows":[0,10,1,8,-38,39,-89,-21,0,0,5,-5,0,2,-2,0,-3,10,-4,-3,-3,3,-3,3,0,-2,2,0,0,0,-3,3,5,-2,-6,8,-4,32,-6,0,12,36,0,-4,7,-11,15,-4,2,0,3,5,12,2,22,16,-2,0,2,5,0,-5,4,-2,-5,-17,10,5,5,0,-3,-2,0,0,-5,0,7,23,10,-23,-20,3,5,2,10,-2,0,-7,5,-5,0,2,5,5,2,-1,15,4,-20,3,-8,22,8,0,1,-48,32,-3,1,7,-3,-2,0,7,3,-5,10,-7,11,-2],"closes":[0,25,4,2,-21,34,-120,-21,7,3,-5,0,0,5,-5,-2,-3,7,-2,5,-5,0,-3,3,0,0,-5,5,0,-5,0,0,5,0,7,-7,22,13,-8,-5,43,10,-5,12,-9,-3,7,3,5,-10,5,6,14,8,33,-6,2,6,-3,0,8,-8,8,-1,-15,-2,-5,5,9,-4,-3,-2,0,0,-5,0,25,10,5,-23,-12,-5,5,22,-10,3,-5,-5,3,2,-5,5,5,5,1,-1,33,-18,-15,5,-2,12,5,8,7,-29,4,-8,8,0,5,-10,10,2,3,5,-5,-5,12,6],"volumes":[69.2,70.7,134.0,87.7,97.4,18.4,77.0,2.6,120.9,161.9,45.2,75.1,79.9,45.5,153.0,116.6,54.8,36.9,100.7,21.6,72.4,133.8,73.8,144.5,68.6,85.7,85.2,106.6,79.7,78.3,33.4,93.4,36.6,42.4,86.9,14.4,79.6,20.7,85.8,24.5,66.8,54.4,14.4,172.8,21.6,64.3,71.6,132.0,72.3,61.6,179.3,119.6,28.4,18.5,103.8,80.6,80.1,129.0,58.1,9.8,67.5,126.9,81.1,74.2,119.5,132.4,19.9,38.9,120.0,6.4,46.1,3.2,11.5,25.5,16.1,42.6,122.9,90.0,11.9,13.6,42.9,51.8,16.9,111.1,54.3,44.7,7.2,14.3,36.3,153.3,21.5,23.9,28.7,84.3,111.9,89.7,98.3,48.7,60.4,20.7,30.0,12.0,0.8,52.1,24.7,111.1,73.8,78.6,104.4,91.9,16.8,50.4,97.2,24.2,83.9,20.3,58.7,88.9,66.7,50.4]}