{"timestamp":1142121600000,"multiplier":1.0E-5,"open":1.31655,"high":1.31665,"low":1.3164,"close":1.31648,"shift":60000,"times":[1320,1,1,1,1,1,1,1,1,1,1,1,1,1,1,1,1,1,1,1,1,1,1,1,1,1,1,1,1,1,1,1,1,1,1,1,1,1,1,1,1,1,1,1,1,1,1,1,1,1,1,1,1,1,1,1,1,1,1,1,1,1,1,1,1,1,1,1,1,1,1,1,1,1,1,1,1,1,1,1,1,1,1,1,1,1,1,1,1,1,1,1,1,1,1,1,1,1,1,1,1,1,1,1,1,1,1,1,1,1,1,1,1,1,1,1,1,1,1,1],"opens":[0,12,-117,11,4,-5,-2,-3,-2,4,0,-14,17,0,-2,6,18,-5,-12,8,-5,7,-10,8,12,-3,2,3,-11,-8,-1,5,-6,-10,17,-13,5,-4,-1,-3,15,3,30,-3,6,1,-6,-5,-1,5,6,8,-14,5,8,3,-8,0,-10,7,-14,12,10,1,-12,10,-4,-1,14,-3,5,-15,5,5,0,5,-3,-10,8,4,10,-1,-1,1,3,12,-5,2,-3,-12,-9,7,1,12,-1,15,-8,26,-21,-9,6,-2,0,0,7,-8,-18,-5,5,11,2,5,-6,18,9,-10,0,-4,-4,12],"highs":[0,2,-110,7,1,-5,-1,-4,-2,4,36,-36,6,5,-3,19,8,-12,-7,2,-7,7,0,7,5,5,-8,3,-6,-6,-1,7,-15,0,7,-10,2,5,3,-16,25,22,1,14,-6,-4,-6,0,0,11,-6,8,-3,0,2,3,-3,-3,-7,2,6,9,-5,4,-5,9,-5,1,2,2,1,-8,18,-14,1,2,-3,-10,18,0,10,4,-4,0,5,5,-1,-4,-3,-4,-10,0,10,9,6,3,20,-3,-13,-9,6,-1,-2,10,-10,-7,-19,7,1,3,13,-6,8,9,7,0,-9,-4,-2,12],"lows":[0,-89,-1,2,3,5,-9,-4,-2,5,7,-16,14,2,1,4,20,-14,-3,-5,8,2,-5,5,12,-2,-9,12,-8,-18,3,11,-9,-13,13,-7,2,-5,3,-20,37,-3,20,13,4,-4,-4,0,-5,8,-4,6,-2,2,5,-3,5,-4,-8,2,-7,12,0,11,-12,10,-5,0,0,9,-1,-8,6,3,-3,2,-10,-2,15,4,3,6,-1,0,2,8,-4,-19,6,-4,-3,1,10,11,-1,0,8,9,-19,5,-2,7,-8,8,-6,-21,-2,3,-2,8,14,-9,8,15,-3,5,-10,2,-1,4],"closes":[0,-97,4,9,-9,5,-6,-4,0,3,11,-9,8,0,2,19,-2,-9,-3,0,-2,5,2,-2,10,-2,3,-1,-7,-19,17,-3,-9,4,1,-4,-3,-5,18,-16,21,21,-9,21,2,-11,-4,2,3,6,-3,0,-2,9,2,-5,0,-3,-9,5,-1,16,-7,7,-8,6,4,-2,-1,8,-7,-3,8,-3,3,-3,-5,-3,13,3,7,6,-6,0,10,-3,5,-11,-11,-4,7,-5,15,2,13,-11,28,-11,-20,6,-5,11,-6,9,-13,-21,1,1,14,0,7,-1,12,4,0,-1,-10,10,-9,19],"volumes":[142.5,143.9,128.9,134.1,161.7,63.4,144.3,161.6,182.6,123.8,143.3,206.7,131.8,207.1,263.5,151.1,179.3,187.3,121.5,130.7,2.4,177.5,71.0,91.1,192.6,247.0,184.5,24.5,108.5,139.6,149.3,82.9,46.3,212.5,114.1,115.4,172.1,278.0,253.0,222.0,270.9,170.8,142.8,37.6,62.4,141.1,74.6,9.6,103.5,61.6,255.7,184.9,87.1,69.6,162.8,231.1,265.6,211.5,182.2,46.8,119.1,75.5,91.9,43.2,152.0,133.7,99.7,79.2,125.7,24.1,175.1,160.5,61.7,94.3,175.1,93.3,113.4,148.3,176.7,57.9,80.1,160.0,109.5,124.1,123.8,12.3,140.3,245.9,178.6,198.8,204.5,132.5,59.9,104.5,192.2,133.8,184.5,145.3,90.4,89.5,237.1,87.0,161.2,134.5,107.5,175.7,206.5,178.4,208.2,204.8,138.1,315.4,107.6,280.4,132.1,172.2,96.8,138.1,51.8,204.1]}