{"timestamp":1264291200000,"multiplier":0.001,"open":1091.638,"high":1092.445,"low":1091.638,"close":1092.445,"shift":60000,"times":[1380,1,1,1,1,1,1,1,1,1,1,1,1,1,1,1,1,1,1,1,1,1,1,1,1,1,1,1,1,1,1,1,1,1,1,1,1,1,1,1,1,1,1,1,1,1,1,1,1,1,1,1,1,1,1,1,1,1,1,1],"opens":[0,1076,394,-995,818,76,-97,-166,90,155,178,127,345,472,775,-41,-88,97,-119,-510,542,175,173,903,826,3,-585,541,172,-249,-350,732,-500,-165,87,-82,-55,10,76,3,-170,100,471,4,384,-41,-193,428,-48,-290,-3,-136,-202,-62,16,-288,-272,-272,-436,-119],"highs":[0,1073,-410,-302,569,-368,101,-303,29,592,-73,367,387,759,184,-96,55,-155,-119,20,252,37,662,941,197,69,-68,170,-40,-249,322,60,-500,383,-461,300,-437,135,-49,55,-19,91,380,220,177,-93,23,215,-103,-170,80,-220,-59,-32,-284,-204,-233,-71,-489,-73],"lows":[0,1076,-1126,349,694,-11,32,-536,-564,796,561,138,201,863,771,-488,232,-133,-684,413,396,44,-193,1148,613,325,-665,673,-234,-65,3,390,-627,413,-297,-39,-104,173,-179,-37,134,36,366,242,113,186,0,274,-224,40,-135,-236,-240,183,-471,-116,-258,-379,-166,-294],"closes":[0,983,-1651,1029,-3,133,-44,-87,-142,555,-35,537,339,807,136,-202,135,-236,-592,648,158,131,662,941,146,-204,256,170,-146,-464,643,-358,-510,288,-21,-184,62,201,-175,164,-234,325,380,217,160,-326,276,136,-362,52,-50,-333,-237,287,-424,-254,-274,-379,-166,-294],"volumes":[0.00301,0.00415,0.00248,0.00569,0.00349,0.00227,0.00471,0.00565,0.00686,0.00348,0.00414,0.005101,0.00279,0.0045,0.00412,0.00338,0.00523,0.00225,0.00706,0.00273,0.00329,0.00515,0.00453,0.00372,0.00165,0.0037,0.00521,0.002826,0.01116,0.0034,0.002831,0.00344,0.0059,0.00267,0.00478,0.00432,0.00408,0.00355,0.00731,0.00342,0.0041,0.00429,0.00322,0.002519,0.002531,0.003006,0.00383,0.003428,0.00418,0.00301,0.00256,0.00246,0.00817,0.00815,0.004237,0.002307,0.00706,0.00593,0.005974,0.003419]}