{"timestamp":1338076800000,"multiplier":1.0E-5,"open":1.25726,"high":1.25751,"low":1.25723,"close":1.25737,"shift":60000,"times":[1260,1,1,1,1,1,1,1,1,1,1,1,1,1,1,1,1,1,1,1,1,1,1,1,1,1,1,1,1,1,1,1,1,1,1,1,1,1,1,1,1,1,1,1,1,1,1,1,1,1,1,1,1,1,1,1,1,1,1,1,1,1,1,1,1,1,1,1,1,1,1,1,1,1,1,1,1,1,1,1,1,1,1,1,1,1,1,1,1,1,1,1,1,1,1,1,1,1,1,1,1,1,1,1,1,1,1,1,1,1,1,1,1,1,1,1,1,1,1,1,1,1,1,1,1,1,1,1,1,1,1,1,1,1,1,1,1,1,1,1,1,1,1,1,1,1,1,1,1,1,1,1,1,1,1,1,1,1,1,1,1,1,1,1,1,1,1,1,1,1,1,1,1,1,1,1,1,1,1,1],"opens":[0,-4,-60,-10,-4,19,-21,1,-11,0,-20,-4,-17,21,0,-9,36,8,12,6,1,0,2,-2,-4,-7,7,-8,19,12,-15,-7,8,-6,-3,5,-7,-9,0,1,0,-1,0,5,3,1,1,0,2,-2,-1,1,7,3,3,4,3,-1,2,-2,29,-14,-3,-2,2,-2,-11,20,-8,-4,-11,-5,0,-9,0,8,0,0,-7,0,0,0,0,3,0,0,6,3,-3,0,-2,0,-7,-6,10,-1,21,28,-12,-1,39,-11,1,1,0,-1,35,7,-7,0,18,-5,-1,-24,0,1,-1,0,6,-6,-3,2,-1,20,-12,1,-5,19,-15,2,-16,-1,0,-11,10,4,0,3,2,-10,-2,3,-11,-3,1,-20,-5,-19,-11,-22,11,-2,-1,-8,19,20,2,1,-4,3,1,-3,-13,13,-11,12,1,-5,2,-9,5,-4,5,-2,-8,3,-10,-7,3,3],"highs":[0,-22,-66,12,-7,1,-22,18,-23,-5,-18,-4,2,2,-3,27,7,14,6,11,-11,10,-3,-7,3,-5,-2,18,6,1,-13,6,-4,2,-11,8,-15,-9,0,1,0,5,0,4,-1,1,0,1,1,-2,3,11,-2,6,0,0,7,10,-14,34,-3,-18,-1,5,-4,-4,12,5,-14,-2,-15,-4,0,-11,8,1,7,-8,-7,9,-8,2,3,-3,3,3,7,1,-8,0,-2,4,-6,0,1,33,31,-14,-6,33,-2,-8,8,-8,2,28,9,3,-5,12,-1,-5,1,-23,-2,0,-1,7,-1,-6,-1,0,20,-1,-6,-3,17,-3,-15,0,-13,-4,0,0,4,5,9,0,-9,-9,1,-2,-3,-7,-2,-19,-7,-19,-3,-16,-3,1,-4,11,31,-7,-1,0,8,-2,-6,-3,4,-3,3,-1,0,-4,0,-1,-1,0,8,-11,-2,2,-8,-10,1,1],"lows":[0,-71,-13,10,-1,-16,14,-10,0,-20,-11,-10,0,21,-10,0,37,5,13,8,1,0,0,-12,8,-7,-5,4,10,6,-12,0,3,-4,2,0,-17,9,0,1,-1,0,0,-2,10,1,1,-3,-7,9,-1,2,2,0,3,9,0,3,-1,2,12,-4,-25,18,0,-8,4,4,1,-5,-5,-3,-6,0,0,8,0,-7,0,0,0,-1,1,3,0,-3,9,0,-5,1,-2,-3,-13,6,6,4,21,16,-1,0,28,-3,-2,-2,-3,10,36,-3,3,0,8,0,-21,-2,2,1,0,-7,0,4,-2,0,0,11,-4,-1,-3,5,-2,-42,28,1,-17,9,10,2,0,5,-8,-1,-2,-16,2,1,-17,-5,-19,-18,-15,1,9,-6,-8,4,20,20,0,-3,-1,6,-2,-13,0,0,2,6,1,-4,-7,5,-1,2,3,-14,2,-3,-7,0,0,-11],"closes":[0,-85,-1,0,17,-30,9,-11,1,-21,2,-23,19,2,-10,37,7,13,6,1,0,0,0,-5,8,-5,-14,24,12,-16,-7,8,-10,3,3,0,-16,0,0,1,-1,0,5,3,1,1,0,1,-11,9,4,5,2,6,2,0,1,4,-4,29,-14,-4,0,8,-9,-9,17,-5,-5,-12,-5,0,-9,0,8,0,0,-7,0,0,0,0,3,0,0,6,7,-7,0,-2,0,-7,-6,10,-5,25,31,-15,-1,43,-13,-1,1,1,-2,35,8,-9,1,14,-1,-1,-24,-1,1,0,0,6,-6,-2,1,-1,18,-10,4,-8,19,-15,2,-16,-1,0,-12,11,3,1,2,1,-8,0,1,-12,-1,1,-22,-5,-18,-11,-22,11,-2,1,-10,19,17,7,-1,-4,3,2,-4,-12,13,-13,13,2,-6,2,-10,8,-6,5,-2,-10,7,-12,-7,2,2,-15],"volumes":[50.37,83.97,22.78,26.97,22.16,42.73,4.05,50.86,10.8,34.81,17.15,36.06,58.15,11.57,16.35,45.18,37.23,46.89,12.11,18.07,3.12,34.2,21.96,8.93,3.75,12.16,3.3,29.98,69.06,40.88,35.2,49.58,32.7,29.86,11.67,17.96,30.2,9.0,1.5,4.25,10.85,7.69,118.5,121.42,6.2,24.57,10.0,3.5,2.65,11.46,6.21,14.1,28.58,49.27,34.4,29.94,81.72,19.13,20.44,58.95,139.52,75.55,100.95,50.51,98.99,259.36,144.92,114.13,114.64,70.04,40.17,78.47,122.8,45.7,87.09,49.55,87.53,39.82,24.35,65.93,29.95,58.5,94.13,28.3,55.41,37.18,35.55,67.23,31.23,30.65,24.72,90.3,69.22,84.63,55.6,157.51,147.02,98.5,70.42,102.82,107.78,75.29,132.6,81.14,95.71,94.16,83.43,102.44,51.52,136.75,60.43,38.39,40.92,31.47,13.22,28.15,3.0,43.5,44.51,15.05,40.82,22.56,93.88,47.03,52.11,60.68,137.91,99.43,83.12,244.54,71.22,52.85,71.95,48.13,41.5,45.61,175.31,55.74,69.73,64.87,78.02,85.21,179.13,69.29,130.94,110.37,78.81,135.0,114.98,64.11,42.33,47.39,87.92,54.04,163.54,43.32,57.1,40.02,76.09,19.58,50.0,28.54,31.98,48.19,59.93,37.19,75.54,98.74,71.41,73.84,109.69,26.43,80.74,109.43,37.64,115.6,153.09,49.62,46.74,40.66]}