{"timestamp":1337472000000,"multiplier":1.0E-5,"open":1.0219,"high":1.02192,"low":1.02187,"close":1.02189,"shift":60000,"times":[1260,1,2,3,1,1,1,1,1,1,1,2,1,1,1,1,1,1,1,1,1,1,1,1,1,1,1,1,2,1,2,1,1,1,1,1,1,1,1,1,1,2,1,1,1,1,1,1,1,1,1,1,1,1,1,1,1,1,1,1,1,1,1,1,1,1,1,1,1,1,1,1,1,1,1,1,1,1,1,1,1,1,1,1,1,1,1,1,1,1,1,1,1,1,1,1,1,1,1,1,1,1,1,1,1,1,1,1,1,1,1,1,1,1,1,1,1,1,1,1,1,1,1,1,1,1,1,1,1,1,1,1,1,1,1,1,1,1,1,1,1,1,1,1,1,1,1,1,1,1,1,1,1,1,1,1,1,1,1,1,1,1,1,1,1,1,1,1,1,1,1,1,1],"opens":[0,-1,-3,-26,5,37,-18,-11,17,-30,6,-30,-11,26,-1,14,-14,13,-22,22,-8,8,11,-26,6,-1,5,-20,5,11,-4,14,-37,22,-9,2,-6,1,-7,8,-1,1,-20,-4,10,19,-5,-19,4,-11,-2,12,1,-1,-9,17,2,-14,20,-5,1,10,15,-19,-11,30,30,4,-28,19,5,-19,6,-20,34,-6,2,19,9,-4,-19,20,13,1,5,7,18,1,-2,20,-5,0,-8,14,10,-1,0,-4,0,0,-6,-12,-22,19,-10,6,2,10,13,0,0,0,5,5,0,0,-14,5,0,2,6,3,-28,3,-5,-11,0,-25,-14,5,-11,-14,-9,-18,-8,-1,10,32,-14,1,11,-9,-5,-20,-15,1,-2,6,4,9,0,2,0,0,-19,2,2,-1,-11,6,-4,10,-3,-5,-2,9,-7,-1,1,-6,-5,-1,5],"highs":[0,7,-13,0,7,9,-18,-2,8,-24,0,-6,-9,0,0,13,-13,12,-8,8,-1,1,11,7,-21,-3,1,-19,4,11,-4,14,-15,3,-1,2,-17,1,-6,7,-1,1,0,-19,5,19,-5,-19,5,-12,-2,12,1,5,6,5,-7,6,2,6,-7,5,15,-19,-7,56,0,4,-20,20,-4,-15,2,-1,15,-3,23,-2,6,-2,-12,16,24,15,-15,9,6,5,20,-6,-5,11,-11,6,15,-6,0,-4,0,10,-16,-4,-23,17,1,-10,15,10,0,0,0,5,5,0,0,0,-8,-1,0,8,7,-4,-25,10,-11,-15,0,-24,-5,0,-14,-16,-9,-16,-5,4,32,0,-2,0,0,-9,-5,-20,-14,0,20,13,-16,0,6,-2,3,-4,-17,3,-2,-1,0,-5,2,5,-4,-4,6,0,-5,-1,-1,-6,-5,5,-1],"lows":[0,1,-2,-26,5,10,-1,-1,17,-32,-19,-3,-11,26,-1,14,-17,16,-37,37,-8,3,16,-26,5,-8,8,-17,3,15,-4,-22,-1,22,-27,20,-6,1,-8,8,0,1,-20,-6,12,14,-3,-16,4,-11,-2,12,-4,-5,0,14,2,-11,10,5,0,0,26,-26,-4,30,30,-5,-19,19,5,-33,8,-8,28,0,2,14,9,1,-22,23,3,11,-6,14,22,-1,0,15,0,0,-9,15,4,0,5,-4,0,-1,-10,-10,-30,25,-5,6,2,7,16,0,0,0,5,5,0,-14,0,3,2,2,4,-26,-4,5,-15,0,-33,-6,-7,4,-16,-8,-17,-17,9,-3,13,18,-2,1,-8,7,-15,-21,-11,7,4,6,2,8,3,2,0,-16,-3,-2,6,-12,0,2,-1,0,0,0,1,2,-2,0,-5,-7,1,-4,0],"closes":[0,10,-13,0,-1,-1,-10,8,8,-27,-10,7,-14,5,0,13,-15,14,-21,21,-7,5,13,7,-28,-8,8,-17,3,15,-4,-22,21,3,-30,26,-12,1,-6,6,0,1,0,-26,12,14,-3,-16,5,-12,-2,12,0,-8,15,8,-8,9,-9,4,6,4,16,-26,0,56,0,-5,-14,14,5,-23,9,-3,12,2,23,-1,2,0,-10,14,15,1,7,12,6,-1,21,-6,0,11,-20,15,15,-11,5,-4,0,0,-11,-10,-12,8,0,0,15,5,5,0,0,5,5,0,0,-14,1,4,0,6,2,-28,6,-1,-15,0,-25,-14,5,-8,-20,-2,-20,-10,-1,10,30,-12,-1,13,-9,-5,-15,-20,1,-2,8,2,9,0,3,1,0,-18,0,3,-2,-12,7,-5,6,1,-5,1,6,-7,-1,-1,-4,-6,0,5,-5],"volumes":[45.75,13.5,0.75,9.75,45.58,4.13,230.68,3.75,1.13,15.0,45.0,38.25,48.0,1.5,3.0,1.5,46.32,1.5,75.75,1.5,53.25,39.0,0.75,1.88,66.75,40.5,60.15,50.85,7.5,1.5,1.5,8.0,62.66,2.25,91.34,77.6,1.0,1.0,35.07,3.0,1.0,2.0,4.63,133.23,1.5,4.0,3.0,1.51,2.26,1.51,10.85,2.0,21.5,10.76,9.78,8.91,1.95,10.53,20.29,8.35,13.51,71.9,1.13,20.07,37.51,24.8,10.16,7.51,71.82,9.54,1.13,73.32,77.82,42.38,9.39,8.56,25.92,14.04,10.53,14.57,140.56,9.77,39.11,41.36,53.39,14.14,2.26,6.76,36.79,13.52,8.65,10.53,61.88,1.13,16.94,5.64,1.13,1.88,2.63,36.51,12.41,18.03,34.13,25.2,14.3,2.26,5.65,12.04,5.65,2.26,5.65,5.65,9.04,5.64,2.26,19.92,8.64,4.89,10.52,9.02,14.12,41.16,48.1,44.39,49.57,21.09,69.06,88.15,54.14,33.87,22.55,21.89,62.24,78.54,31.18,35.71,53.29,40.98,50.3,30.41,46.98,12.41,34.61,94.69,123.26,116.52,88.2,129.13,64.15,15.01,20.63,3.38,19.89,28.89,42.38,35.26,6.0,29.27,19.14,26.25,28.14,23.66,16.51,17.25,91.22,11.26,21.38,22.66,38.3,24.77,10.89,50.72,30.43]}