{"timestamp":1338076800000,"multiplier":1.0E-5,"open":0.95587,"high":0.95597,"low":0.95582,"close":0.95587,"shift":60000,"times":[1260,1,1,1,1,1,1,1,1,1,1,1,1,1,1,1,1,1,1,1,1,1,1,1,1,1,1,1,1,1,1,1,1,1,1,1,1,1,1,1,1,1,1,1,1,1,1,1,1,1,1,1,1,1,1,1,1,1,1,1,1,1,1,1,1,1,1,1,1,1,1,1,1,1,1,1,1,1,1,1,1,1,1,1,1,1,1,1,1,1,1,1,1,1,1,1,1,1,1,1,1,1,1,1,1,1,1,1,1,1,1,1,1,1,1,1,1,1,1,1,1,1,1,1,1,1,1,1,1,1,1,1,1,1,1,1,1,1,1,1,1,1,1,1,1,1,1,1,1,1,1,1,1,1,1,1,1,1,1,1,1,1,1,1,1,1,1,1,1,1,1,1,1,1,1,1,1,1,1,1],"opens":[0,1,84,19,-86,24,9,1,5,16,-12,0,5,23,-2,6,-5,-15,-20,3,-3,-5,5,-8,2,-2,0,0,-5,-5,7,-3,0,1,5,-2,0,2,0,4,-4,3,-18,5,-1,11,-6,4,1,-10,2,4,-6,-4,3,-14,0,8,-2,0,-5,-4,16,-3,-4,3,5,-8,4,5,8,2,1,17,-7,-4,3,8,2,-1,7,2,0,0,1,9,1,-6,4,11,9,7,3,8,-2,1,-17,-18,10,5,-27,5,-1,5,1,2,-26,-8,-12,8,-22,0,2,25,-4,0,-1,0,-10,6,6,0,-1,-10,4,-3,5,-7,13,7,12,4,0,1,1,-2,1,5,8,8,-1,0,4,-2,-1,9,0,8,0,2,-3,0,-7,-2,-20,-34,-3,-2,2,-2,-2,-9,11,-13,-2,-8,-2,6,1,6,-10,5,-4,3,7,-5,10,1,-3,0],"highs":[0,97,2,-4,-60,24,-16,4,1,15,-12,5,26,-3,12,-8,-5,-10,-23,1,-3,0,0,-8,2,-2,1,7,-13,5,-3,0,-1,4,2,-2,10,-10,5,1,-2,0,-2,-3,7,-6,-1,0,2,-10,3,1,-6,5,-6,-14,8,2,-3,-1,3,4,16,-5,-10,13,-10,-2,12,-3,3,2,28,-13,-2,-8,10,1,0,6,2,1,-1,1,29,-15,-3,-2,13,7,-1,8,14,0,0,-5,-17,-3,0,0,-22,6,1,14,-12,-2,-26,-5,-8,4,-10,-13,30,-5,-4,1,-2,4,-3,1,2,-2,0,-5,1,0,1,9,10,18,-7,5,8,-11,1,-4,12,-1,7,2,3,19,-13,-7,15,-5,8,7,-4,-4,-3,0,-2,-5,-21,-35,-3,0,0,-2,1,-2,1,-10,-5,0,0,2,8,-7,-2,-3,-2,10,-2,7,3,-2,-1,6],"lows":[0,6,84,-51,-16,20,8,6,5,2,2,0,5,21,0,1,-11,-23,-6,6,-1,-5,5,-8,0,0,0,-9,-1,0,7,-4,1,1,4,-2,1,0,2,-22,3,3,1,-7,11,4,0,-1,-1,-4,4,-2,-6,2,-8,-3,-5,9,0,-13,3,2,4,6,-4,6,-9,4,6,0,11,5,1,10,-6,1,-2,14,1,0,7,2,-2,2,-4,7,1,1,4,5,6,8,11,7,-2,-25,-14,5,-1,-11,0,3,-3,10,-3,-20,-9,-11,-2,-10,-2,0,0,23,0,-1,0,-11,1,6,6,-1,-10,0,1,0,-12,9,14,7,11,2,-2,4,0,-1,-1,5,2,9,3,1,-4,2,7,8,0,7,2,-1,0,-7,-1,-20,-40,-5,5,0,-2,-1,-10,-2,-4,-7,0,0,0,5,3,-4,-1,1,-4,7,3,0,2,6,0,0],"closes":[0,84,21,-71,3,14,1,5,1,3,0,5,23,-2,6,-5,-11,-22,0,-1,-1,0,0,-8,1,-1,1,-6,-5,6,1,-3,1,5,0,-3,3,0,4,-6,-13,0,5,0,10,-7,4,-1,-5,-4,5,-3,-6,5,-11,-3,8,-4,0,-8,0,16,-2,-4,3,4,-4,1,8,3,5,1,16,-6,-5,2,9,1,0,7,2,0,0,1,11,1,-8,5,9,11,-4,11,12,-3,1,-18,-20,12,5,-28,6,-1,4,2,4,-28,-8,-12,7,-19,-1,1,25,-4,0,-1,0,-4,-1,7,0,-1,-10,2,0,4,-12,18,7,12,5,0,1,2,-3,1,10,0,5,1,3,3,-3,-1,11,0,7,1,4,-5,0,-7,-1,-19,-38,-1,-2,2,-2,-1,-11,11,-14,3,-13,2,4,-1,8,-10,8,-7,2,8,-5,7,4,-3,0,10],"volumes":[19.5,99.75,82.91,33.94,90.0,125.25,22.5,39.4,9.04,19.5,21.0,35.25,25.51,12.75,17.08,4.14,16.88,39.12,5.24,8.25,6.0,7.49,9.0,2.99,9.0,1.49,4.5,15.96,38.27,13.51,4.88,35.26,18.76,56.71,16.53,27.04,64.48,39.86,22.56,84.24,45.07,34.93,67.62,132.97,21.01,46.47,29.24,41.24,11.82,11.63,5.07,20.45,15.74,30.38,25.06,3.0,59.3,38.5,16.33,47.93,115.9,42.71,80.95,30.53,83.68,184.79,217.94,104.05,109.09,60.22,86.64,61.47,132.2,94.71,69.11,53.52,116.7,23.73,3.39,59.67,33.79,46.33,74.79,38.04,236.31,67.45,39.65,39.0,60.75,87.39,27.22,30.13,35.67,51.87,53.37,105.53,94.97,75.39,56.18,85.78,103.54,66.36,90.83,101.01,62.08,39.86,36.62,65.09,39.37,94.41,49.94,33.01,74.13,29.48,2.26,9.78,1.13,78.08,33.87,9.43,24.82,19.52,52.64,37.24,27.8,31.28,66.22,72.19,36.09,127.93,106.8,80.48,67.49,34.89,55.5,39.76,152.26,41.63,81.39,57.44,44.83,76.75,152.71,63.65,98.85,80.87,43.92,94.26,60.45,31.17,20.25,40.13,56.73,116.55,152.5,36.34,10.15,10.54,38.75,11.64,66.52,53.16,45.65,69.17,72.18,69.2,101.29,72.76,55.9,68.07,104.11,40.53,120.93,94.2,58.97,115.49,203.27,58.2,39.8,51.83]}