{"timestamp":1391904000000,"multiplier":1.0E-5,"open":0.98837,"high":0.98837,"low":0.98837,"close":0.98837,"shift":60000,"times":[1320,1,1,1,1,1,1,1,1,1,1,1,1,1,1,1,1,1,1,1,1,1,1,1,2,1,1,1,1,1,1,1,1,1,1,1,1,1,1,1,1,1,1,1,1,1,1,1,1,1,1,1,1,1,1,1,1,1,1,1,1,1,1,1,1,1,1,1,1,1,1,1,1,1,1,1,1,1,1,1,1,1,1,1,1,1,1,1,1,1,1,1,1,1,1,1,1,1,1,1,1,1,1,1,1,1,1,1,1,1,1,1,1,1,1,1,1,1,1],"opens":[0,-2,0,-10,-22,6,6,21,-18,5,16,-8,1,12,-13,-4,0,-6,26,-1,1,0,-6,-11,17,-14,0,-17,-5,27,-3,6,-22,-33,1,0,-1,6,-11,-15,32,3,11,-20,4,7,-7,20,-2,-12,-6,0,10,8,-10,-8,-4,6,-4,3,8,-13,-3,-11,3,6,7,-2,-5,-7,17,13,-21,3,-3,2,1,0,-15,4,2,0,3,-2,-5,-9,-23,0,3,1,6,1,3,-15,-3,-7,-17,4,-8,-12,8,16,4,2,3,3,5,-1,-7,-4,-3,8,-3,2,-9,0,0,-3,-1],"highs":[0,-1,2,-10,-25,21,8,4,16,-29,48,-40,19,-5,-14,0,-4,24,0,1,0,-5,-6,-11,17,-11,-3,9,-31,27,13,-10,-5,-49,0,10,5,-10,-11,26,-9,18,1,-21,7,3,10,0,-2,-12,-6,16,5,10,-23,-8,6,-2,17,15,-19,-16,-5,-5,0,10,-2,2,-10,18,3,2,-9,-9,0,0,1,-1,-11,5,0,0,0,5,-12,-9,-20,6,-2,13,-3,2,-5,-14,-4,-7,-7,-3,-11,-1,20,23,-8,-7,-3,4,2,-1,2,-9,1,1,-2,1,-9,0,1,2,-5],"lows":[0,-3,1,-10,-22,4,8,21,-18,3,10,-11,12,-26,15,6,-6,-3,28,0,-5,0,-5,-6,17,-14,0,-17,-13,32,0,2,-38,-13,-5,6,-2,-4,-4,-11,31,3,-2,-6,0,5,-1,16,-16,6,-6,0,10,-9,-3,-2,-1,0,-12,12,0,0,-9,-5,4,3,7,-4,-11,4,17,-5,-4,3,-5,5,-1,-9,-4,-7,8,4,-1,-5,-14,-15,-11,7,4,1,4,4,-13,-1,-10,-16,-1,0,-14,2,8,16,4,-2,5,3,1,-2,-8,2,-5,6,-4,-1,1,-3,-1,-2,2],"closes":[0,-2,3,-10,-25,20,9,4,-5,-10,10,-2,11,-34,21,4,-10,30,-5,6,-11,0,0,-11,17,-11,-3,9,-39,34,4,-4,-38,-12,0,0,15,-16,-9,30,-10,10,-9,-2,7,-1,9,2,-11,0,-6,8,12,-5,-15,-4,10,-11,5,6,-9,-2,-9,-1,6,5,0,-5,-3,10,12,-14,-1,0,-1,2,0,-11,0,5,-8,4,-1,1,-16,-19,-3,6,-3,6,5,7,-19,-1,-9,-18,6,-9,-14,10,19,4,0,2,1,3,3,-3,-12,4,3,-4,0,-5,3,-5,0,1,-2],"volumes":[0.75,1.73,0.83,1.59,1.48,10.12,6.38,2.0,32.08,2.1,12.06,8.13,17.95,12.73,25.18,14.92,6.56,12.02,3.51,3.0,6.77,4.38,6.0,1.38,4.0,6.52,4.0,8.18,8.4,5.0,7.5,2.0,19.64,2.3,12.65,6.6,3.15,15.25,2.0,15.77,2.7,6.26,8.18,5.66,10.18,9.68,7.98,4.0,10.64,6.0,2.26,11.88,10.64,57.38,13.5,2.0,15.0,6.5,21.13,72.75,66.38,34.0,17.5,14.0,7.0,22.5,20.5,15.0,31.5,64.47,35.75,26.16,27.86,8.83,25.84,3.45,14.92,28.84,23.27,52.24,13.98,27.72,25.97,66.52,43.72,29.14,37.69,61.93,49.78,60.52,35.43,30.13,62.27,17.03,45.6,62.46,85.51,65.86,17.53,35.67,92.28,153.67,64.65,32.86,33.77,33.79,17.3,29.27,31.85,45.58,52.65,50.15,47.15,56.99,5.4,28.13,24.21,52.58,13.34]}