{"timestamp":1391299200000,"multiplier":1.0E-5,"open":0.87658,"high":0.87658,"low":0.87658,"close":0.87658,"shift":60000,"times":[1319,1,1,1,1,1,2,1,1,1,1,1,1,1,1,1,1,1,1,1,1,1,1,1,1,1,1,1,1,1,1,1,1,1,1,1,1,1,1,1,1,1,1,1,1,1,1,1,1,1,1,1,1,1,1,1,1,1,1,1,1,1,1,1,1,1,1,1,1,1,1,1,1,1,1,1,1,1,1,1,1,1,1,1,1,1,1,1,1,1,1,1,1,1,1,1,1,1,1,1,1,1,1,1,1,1,1,1,1,1,1,1,1,1,1,1,1,1,1,1],"opens":[0,5,-4,-6,-7,-39,8,17,-9,6,2,-9,-1,8,-8,-10,9,-9,-3,0,-7,-8,20,-9,1,0,-1,-1,-13,5,14,-16,-4,23,-2,-3,0,-5,5,0,0,-7,3,12,-12,0,0,-5,11,-10,1,12,1,-4,-1,-1,7,8,13,-6,1,-6,11,14,-10,-6,10,-26,-31,9,-1,4,8,-9,1,-23,-12,16,-16,8,-6,38,-20,2,-1,2,17,-31,10,27,-20,6,28,-12,-30,-2,7,38,-44,-2,11,-34,21,-46,3,-10,-17,32,-12,9,-44,38,-3,-7,1,28,0,5,-7,-2],"highs":[0,8,-3,-10,-7,-39,21,15,-12,0,0,-9,7,0,-8,-10,10,-10,-3,0,-7,15,-3,0,-8,0,4,-6,-13,12,7,-15,14,9,-7,-3,0,5,0,-5,0,9,-6,5,-12,0,0,12,-6,-9,14,3,-4,-4,4,26,-17,17,1,14,-19,0,19,4,-3,-7,0,-28,-21,3,-2,9,0,-11,9,-20,3,-11,-7,-1,32,5,-15,-5,-2,31,-11,-24,38,0,-20,25,3,-12,-25,-1,38,-4,-44,27,-9,-15,-7,-30,-7,-16,14,2,-4,0,-7,15,-17,1,26,-5,5,0,-4,-5],"lows":[0,5,-17,0,-18,-21,8,5,3,6,-9,1,0,1,-11,-6,6,-11,3,-2,-1,-7,11,-4,5,-1,-9,-22,17,2,-3,0,0,13,-23,18,10,-5,0,5,-5,-31,5,34,-7,0,-5,0,11,-10,0,13,-4,1,-1,-6,10,10,-6,13,-9,-1,9,0,10,-21,-1,-31,-3,13,-11,14,-5,-14,-23,6,-1,-1,-10,11,4,11,-6,13,0,3,-26,3,19,-5,-4,17,16,-27,-2,-1,10,-13,5,0,-25,-1,-32,10,-10,-17,-12,31,-6,-25,-7,41,-20,10,4,22,7,-6,2,-3],"closes":[0,8,-20,0,-18,-21,21,-8,11,0,-9,-1,8,-7,-11,-6,6,-3,0,-7,-1,13,-9,9,-8,-1,-1,-13,0,12,-13,0,18,5,-13,8,0,-5,10,-5,-5,7,1,0,-7,0,-4,11,-1,-9,11,2,-5,1,4,1,6,15,-6,1,-1,6,14,-10,-1,5,-25,-32,9,0,0,11,-9,1,-30,-5,16,-16,6,-2,36,-25,6,4,-2,19,-34,7,31,-18,4,29,-18,-25,-1,6,37,-43,-2,12,-33,18,-45,1,-8,-15,29,-11,9,-44,36,2,-11,2,28,0,5,-7,-2,-3],"volumes":[0.75,4.6,8.25,7.5,5.41,1.5,11.78,12.01,5.0,8.0,29.0,5.0,11.5,8.0,18.51,9.1,6.75,16.97,14.9,8.18,17.48,17.38,13.0,10.76,1.13,3.13,14.13,31.42,4.0,23.75,15.5,12.0,16.0,19.5,47.6,9.5,1.0,19.5,15.0,1.0,7.5,56.2,22.25,2.0,2.0,2.18,48.97,15.56,1.0,5.6,27.94,9.25,4.0,3.0,5.0,52.44,20.24,14.38,23.89,31.91,58.41,32.14,22.25,74.97,56.67,70.96,44.16,65.16,74.64,15.25,28.93,40.05,58.32,44.91,167.7,96.7,68.73,102.97,103.68,80.29,57.13,67.89,63.35,34.26,42.69,82.62,126.09,113.91,77.08,116.11,112.84,68.98,86.06,66.18,110.2,82.5,103.5,87.58,4.58,69.61,78.46,115.73,114.02,65.3,51.15,150.82,110.11,84.85,87.1,76.76,108.91,102.82,177.23,146.45,80.72,52.32,26.34,54.77,21.7,20.58]}