{"timestamp":1393113600000,"multiplier":1.0E-5,"open":0.89798,"high":0.89802,"low":0.89788,"close":0.89802,"shift":60000,"times":[1320,1,1,1,1,1,1,1,1,1,1,1,1,1,1,1,1,2,1,1,1,1,1,1,1,1,1,1,1,1,1,1,1,1,1,1,1,1,1,1,1,1,1,1,1,1,1,1,2,1,1,1,1,1,1,1,1,1,1,1,1,1,1,1,1,1,1,1,1,1,1,1,1,1,1,1,1,1,1,1,1,1,1,1,1,1,1,1,1,1,1,1,1,1,1,1,1,1,1,1,1,1,1,1,1,1,1,1,1,1,1,1,1,1,1,1,1,1],"opens":[0,3,3,4,-33,23,-16,-5,41,-18,-2,0,-6,3,-2,-20,-14,-7,-3,-48,-22,-12,1,-7,-34,2,-2,-3,16,3,-6,7,14,-10,-7,-1,2,5,-28,17,-1,3,25,1,-2,15,9,0,0,3,0,9,-1,25,4,-33,-2,6,-6,10,-3,-23,10,1,-3,-10,-11,2,6,34,-16,-3,-2,-6,12,3,0,-6,3,12,-3,12,0,4,30,-9,8,2,-22,17,-6,2,42,-1,-26,-19,24,17,9,-18,-8,25,5,-6,13,-26,-2,-2,-8,2,5,8,-4,0,2,-2,2,0],"highs":[0,-1,7,0,-10,0,-16,36,0,-18,8,-10,6,-9,7,-24,-11,-10,-8,-4,-63,-13,-1,-7,-32,0,-2,5,11,10,8,13,-16,-10,-7,2,6,-2,-8,-3,-1,43,-10,5,5,15,-7,0,11,-8,13,-4,32,11,-14,-26,21,-23,21,-18,-2,-9,-5,2,-2,-11,-13,8,34,0,-14,-4,-2,5,6,-3,0,-2,12,-1,10,0,-1,41,-5,-1,7,-7,-4,-1,0,38,16,-15,-28,6,55,-11,-14,-21,21,3,10,0,-7,-17,-5,-8,-6,5,8,0,1,0,-3,3,-1,-1],"lows":[0,-5,21,-16,-13,18,-11,-5,28,-9,2,-10,2,3,-20,-14,-1,-10,-51,-27,0,-9,-6,-31,3,0,-3,0,16,2,-5,5,2,-3,-1,0,2,-22,-3,16,2,1,26,-2,1,16,9,0,0,-9,0,19,1,12,-58,39,-4,5,0,7,-27,-13,10,-2,7,-11,-2,4,6,1,1,12,-8,0,13,3,-10,1,6,4,3,8,6,4,24,-3,8,-21,-9,0,10,9,33,-28,-4,-1,24,8,-13,5,0,25,-1,0,-12,-10,5,-17,9,-2,6,6,-2,3,0,0,2,-2],"closes":[0,-7,13,-20,10,-5,-11,36,-13,-7,0,-5,2,-2,-19,-14,-1,-9,-49,-20,-11,-2,-7,-35,3,-2,-3,8,11,1,0,15,-11,-7,-1,2,7,-29,16,-1,0,28,0,-3,17,9,0,0,4,-2,11,-3,28,-2,-35,3,8,-7,10,-3,-25,18,-5,-8,-5,-11,0,8,34,-14,-4,-2,-8,13,4,-1,-6,4,12,-5,14,0,-1,33,-5,2,5,-23,18,-6,4,40,-1,-26,-18,22,19,8,-16,-10,24,7,-7,14,-25,-4,-1,-7,0,2,8,-2,0,1,0,0,2,0],"volumes":[1.4,0.6,3.1,7.5,10.41,8.0,4.14,32.42,5.3,16.47,19.52,16.8,24.88,10.64,20.38,66.26,19.51,15.75,88.51,78.35,14.41,40.06,85.08,60.17,8.54,9.79,18.46,24.37,4.0,10.48,31.5,33.95,39.85,23.15,3.45,3.45,22.13,32.96,51.12,13.66,3.33,57.4,36.77,31.38,19.01,14.0,1.0,1.0,14.0,12.5,34.5,12.5,67.68,43.58,70.84,47.5,72.75,28.5,48.76,23.31,35.23,29.25,28.13,48.63,30.5,15.25,7.0,6.0,62.06,56.36,114.64,24.61,38.77,47.44,12.09,6.8,18.45,15.0,22.39,53.39,72.89,19.28,12.68,100.59,54.08,55.82,44.6,59.39,48.66,100.02,115.8,77.95,138.32,173.27,63.54,85.03,234.07,109.05,127.18,37.85,53.25,47.91,78.24,94.54,60.18,46.31,42.76,73.02,16.98,44.48,20.23,31.98,17.32,16.48,25.89,39.22,25.78,47.09]}