{"timestamp":1391299200000,"multiplier":1.0E-5,"open":1.11138,"high":1.11159,"low":1.11126,"close":1.11159,"shift":60000,"times":[1320,1,1,1,1,1,1,1,1,1,1,2,2,1,1,1,1,1,1,1,1,1,1,1,1,1,1,2,1,1,1,1,1,1,1,1,1,1,1,1,1,1,2,1,1,1,1,1,1,1,1,1,1,1,1,1,1,1,1,1,1,1,2,1,1,1,1,1,1,1,1,1,1,1,1,1,1,1,1,1,1,1,1,1,1,1,1,1,1,1,1,1,1,1,1,1,1,1,1,1,1,1,1,1,1,1,1,1,1,1,1,1,1,1,1],"opens":[0,21,0,9,-19,0,0,-1,0,2,1,1,8,7,6,2,7,0,-6,8,-8,-8,0,0,0,1,-1,2,4,6,4,-5,0,-3,4,-9,0,0,-1,1,0,9,0,-1,9,-4,2,0,-1,-9,-4,13,-5,7,7,-6,-3,35,13,2,-12,9,5,-2,-2,0,10,16,-2,4,-2,-2,-1,1,1,3,-8,5,-2,-3,2,0,-3,0,-38,-13,17,0,0,-2,-3,-10,-5,-3,0,0,11,-3,1,-1,0,-2,12,2,6,18,-3,0,0,-1,0,-3,1,0,1],"highs":[0,0,0,9,-19,13,-13,1,3,-2,1,0,16,7,0,14,-7,0,1,1,-8,-8,1,-1,1,0,0,7,-2,68,-54,-8,-1,-3,4,-9,0,8,-9,1,1,8,0,10,-2,-1,-1,1,-2,-9,12,-3,7,0,2,-1,34,8,2,-2,-4,4,2,5,3,-2,23,-7,0,2,-2,-2,11,-10,4,6,-10,0,-2,-1,0,0,-2,-1,-27,-2,15,-20,0,0,0,-5,-10,-8,0,11,7,-9,0,11,-12,15,-5,10,12,7,-5,-1,1,0,-2,-3,1,5,0],"lows":[0,33,-1,1,-10,0,0,-5,4,2,1,1,3,-18,36,2,7,-14,8,6,-7,-7,0,0,0,1,-1,2,0,9,0,0,0,-10,11,-9,0,0,-1,0,1,9,-2,1,5,0,0,-2,-10,4,-4,13,-5,7,-1,-5,4,26,12,-1,1,9,5,-6,2,-7,15,18,-7,8,-6,2,-4,5,1,-5,0,5,-8,3,-2,1,-1,-31,-34,7,20,-10,5,0,-10,-5,0,2,0,-4,2,10,-2,-8,10,-2,9,5,4,16,0,0,0,0,-2,-1,1,0,1],"closes":[0,0,0,0,-10,0,0,1,3,-2,1,0,10,13,-2,16,-7,-8,9,-1,-7,-7,1,-1,1,0,0,5,-4,9,0,1,-1,-8,9,-9,0,8,-9,1,1,8,-2,10,-1,-1,0,1,-5,-6,12,-3,7,-5,-1,-1,26,24,0,-12,8,4,2,-4,0,10,20,-4,0,1,-3,-1,1,0,5,-9,4,1,-5,0,1,-2,1,-33,-19,17,-5,5,0,-7,-8,-9,6,-5,0,8,3,-3,0,0,0,10,0,7,12,4,0,-1,0,1,-3,-1,1,0,5],"volumes":[21.49,3.99,3.36,1.07,4.01,15.14,16.65,8.57,8.51,9.52,2.0,2.08,13.93,35.73,4.28,9.26,3.23,9.18,7.0,3.0,2.0,1.65,4.45,4.31,3.45,1.15,2.0,4.18,2.0,20.03,6.34,15.58,2.08,12.11,1.0,13.59,9.85,2.31,1.79,11.34,11.63,1.0,2.0,12.28,19.14,18.28,12.28,4.0,6.5,1.0,2.35,3.0,3.0,3.0,6.5,13.14,40.08,37.36,39.73,27.25,12.5,10.75,1.0,36.66,14.5,8.64,13.47,1.0,6.56,4.58,7.17,2.18,26.67,4.41,13.9,26.69,13.29,6.99,26.46,8.76,3.31,4.08,17.62,32.59,100.68,110.56,90.3,22.85,9.68,30.31,39.5,73.14,23.95,3.05,13.29,31.78,25.35,6.1,9.74,87.46,6.56,17.19,16.38,12.31,39.61,27.58,16.61,16.29,18.77,19.52,32.58,11.4,5.44,23.89,10.73]}