{"timestamp":1393113600000,"multiplier":1.0E-5,"open":0.88713,"high":0.88744,"low":0.88713,"close":0.88742,"shift":60000,"times":[1320,1,1,1,1,1,1,1,1,1,1,1,1,1,1,1,1,1,1,1,1,1,1,1,1,1,1,1,1,1,1,1,1,1,1,1,1,1,1,1,1,1,1,2,1,1,2,1,1,1,1,1,1,1,1,1,1,1,1,1,1,1,1,1,1,1,1,1,1,1,1,1,1,1,1,1,1,1,1,1,1,1,1,1,1,1,1,1,1,1,1,1,1,1,1,1,1,1,1,1,1,1,1,1,1,1,1,1,1,1,1,1,1,1,1,1,1,1],"opens":[0,7,23,2,3,2,-9,1,1,-1,-3,0,0,-32,5,13,8,-4,6,-8,7,-6,-6,1,-1,1,1,1,2,0,4,-4,-2,0,2,-2,14,-12,1,0,1,-2,1,-2,5,0,1,-1,8,-6,-3,-2,-1,0,16,0,-7,2,0,0,-24,4,1,-1,0,-13,-3,6,-4,-13,4,0,4,4,-1,0,0,8,2,0,0,-1,0,8,1,0,0,-1,-1,0,-2,1,9,4,-4,1,-2,2,-2,2,0,4,0,4,-3,8,-7,5,0,0,-6,2,5,-3,1,5,-4,2],"highs":[0,0,29,-15,-7,-1,-7,-1,2,8,-13,0,0,-30,29,13,-18,2,0,5,-6,-6,-3,-2,1,1,-1,14,-11,0,4,-4,-1,-1,2,7,5,-5,-6,2,-1,0,-1,0,4,-1,1,-1,8,-6,-3,-1,-2,14,2,0,-5,0,4,-4,-17,3,-5,0,-1,-13,3,0,-4,-5,-4,6,2,0,-1,0,14,-4,6,-6,0,0,7,2,-1,0,0,-1,1,-2,-2,13,1,5,-6,1,-5,2,-2,2,7,-3,5,2,2,3,-5,5,-3,-2,-4,5,0,-2,5,0,-4,2],"lows":[0,7,17,8,3,-9,0,2,0,-2,0,0,-32,-4,8,1,17,0,-2,-3,2,2,-6,0,0,1,1,1,2,0,0,-1,-1,0,0,0,2,0,0,0,2,-2,1,-2,5,0,0,-1,0,0,-1,-1,-1,0,14,-5,0,2,0,-28,0,7,2,-1,-18,5,-4,3,-14,1,4,-1,2,7,-2,0,0,9,1,-1,1,-1,0,9,1,-1,1,-1,-1,-3,1,1,9,2,-2,-5,4,0,0,2,0,4,-2,-3,6,3,-7,10,-1,-6,1,0,4,0,1,3,-2,1],"closes":[0,2,-4,18,-7,-12,1,1,1,-3,0,0,-32,1,18,7,-4,6,-8,-2,3,0,-4,-1,-1,3,-1,4,-1,0,0,-1,0,-1,1,8,-6,1,-2,3,-1,0,-1,0,4,-1,1,-2,0,0,-1,0,-2,14,2,-7,2,0,0,-24,4,0,1,-1,-14,1,3,-4,-14,5,0,4,4,0,-2,0,12,-1,1,-2,0,-1,9,0,1,-1,1,-1,-1,-3,1,12,2,-2,-1,-1,-1,0,0,2,7,-3,5,-4,8,-5,3,0,2,-9,3,5,-3,1,5,-2,-2,2],"volumes":[1.43,2.73,4.07,2.64,16.66,53.24,26.47,8.89,29.14,51.0,21.0,8.0,40.78,18.1,22.75,35.38,6.73,2.18,19.54,30.92,8.4,1.1,8.06,15.64,9.24,3.16,1.0,22.09,3.45,3.45,8.45,6.18,6.32,1.0,12.99,12.48,12.38,11.98,9.72,7.07,1.0,4.66,1.0,7.29,3.16,1.0,4.83,9.24,13.53,8.62,2.73,2.0,1.0,8.64,6.1,5.08,8.63,21.0,14.26,25.64,26.59,28.68,1.5,3.5,27.46,2.76,4.63,3.38,29.42,30.13,10.82,10.25,19.0,14.21,15.01,13.96,56.88,8.01,33.0,26.98,4.76,13.28,97.05,8.03,2.0,3.76,6.38,1.15,19.76,6.56,6.34,39.22,14.97,24.64,7.41,21.17,11.8,15.28,7.39,3.15,34.62,23.96,50.59,78.59,45.72,25.85,31.09,11.12,17.5,8.38,4.88,19.22,18.5,38.53,33.55,12.08,1.28,6.01]}