{"timestamp":1391299200000,"multiplier":1.0E-5,"open":0.90637,"high":0.90637,"low":0.90637,"close":0.90637,"shift":60000,"times":[1319,1,1,1,1,1,1,1,1,1,1,1,1,1,1,1,1,1,1,1,1,1,1,1,1,1,1,1,1,1,1,1,1,1,1,1,1,1,1,1,1,1,1,1,1,1,1,1,1,1,1,1,1,1,1,1,1,1,1,1,1,1,1,1,1,1,1,1,1,1,1,1,1,1,1,1,1,1,1,1,1,1,1,1,1,1,1,1,1,1,1,1,1,1,1,1,1,1,1,1,1,1,1,1,1,1,1,1,1,1,1,1,1,1,1,1,1,1,1,1,1],"opens":[0,1,-5,11,3,-11,0,9,0,0,-4,5,2,-2,2,-1,-1,0,-3,-3,-2,2,0,-1,1,0,0,-4,2,0,7,8,-1,-2,-3,-2,-4,2,-2,-1,4,-3,6,3,-8,-2,0,-3,-2,4,0,-13,0,3,5,-5,1,6,-8,0,12,0,2,3,6,-16,5,1,6,-16,17,-11,-3,-3,1,1,2,-2,-4,3,-2,-2,2,6,5,-1,0,-3,14,-2,3,4,7,-21,-5,-7,5,5,5,-2,4,-2,2,4,0,-6,-4,4,14,-4,1,10,2,-8,-17,-3,-1,6,6,2,-2],"highs":[0,1,7,0,2,-11,9,0,0,0,0,5,-1,-1,0,-1,-1,2,0,-4,-1,-3,0,-1,1,0,0,-2,0,1,13,1,0,6,-9,-4,-5,4,-4,4,-1,4,0,5,-10,-2,-1,-3,2,0,0,-13,6,5,3,3,3,3,0,-9,0,13,0,-3,1,-10,-1,2,5,6,-2,-12,2,-7,6,-3,-2,0,-6,3,-2,1,4,11,-4,-1,3,9,-2,0,3,7,5,-24,-5,-7,10,4,1,0,2,8,0,-4,0,-6,6,11,-3,-3,17,-4,-1,-8,-17,-3,1,10,2,2,-4],"lows":[0,-9,5,11,-8,0,0,9,0,-4,0,4,0,0,3,-1,-2,-3,-2,-3,1,2,-1,-2,3,0,0,-4,1,0,8,1,-1,2,-3,-2,-1,-1,0,-1,1,1,3,-3,1,-2,0,-6,1,4,-13,0,0,3,1,-1,0,-1,0,-6,18,0,0,2,-8,-4,0,5,-7,3,10,-7,-3,0,1,1,0,-5,0,3,-1,-4,4,6,4,-1,-2,0,14,-3,0,8,-14,-5,-8,0,6,5,3,0,2,0,2,0,-2,-4,0,4,10,0,1,9,-5,-17,-3,0,-4,9,6,-4,4],"closes":[0,-9,17,0,-9,0,9,0,0,-4,4,0,1,2,0,-1,-1,-3,-2,-2,1,0,-1,-2,3,0,0,-3,1,1,13,1,-7,6,-7,-3,-1,-1,1,3,-3,7,0,-7,1,-1,-1,-5,4,0,-13,0,6,5,-7,-1,7,-8,2,10,0,0,5,3,-14,-1,-3,12,-13,24,-12,-7,-3,3,-1,3,-3,-4,-1,3,-1,1,3,4,2,1,-4,14,0,0,1,9,-19,-5,-8,0,11,2,2,1,0,2,8,-4,-6,-4,4,14,-4,1,10,-1,-5,-17,-3,0,1,10,2,-1,-1],"volumes":[0.15,0.8,0.9,0.25,0.95,9.0,7.1,3.39,4.52,17.0,4.48,23.74,38.16,9.98,2.08,1.15,6.64,19.25,42.45,25.17,23.27,5.75,5.03,19.2,1.0,3.38,11.07,8.57,22.17,20.59,42.39,34.54,28.52,28.66,25.09,23.21,2.73,36.15,13.63,19.84,20.03,11.06,10.19,5.41,8.97,9.79,50.63,7.59,10.48,3.33,26.36,9.0,12.0,17.0,8.0,14.63,13.86,27.61,26.54,20.88,7.13,52.76,30.26,31.63,21.0,33.0,5.5,4.25,14.91,11.53,27.25,40.6,31.89,3.55,36.26,11.93,30.45,27.28,7.5,3.48,2.08,17.91,15.92,84.71,32.69,27.38,31.19,17.76,1.15,16.08,16.02,20.1,43.36,11.0,8.18,10.18,16.63,7.38,18.25,5.21,3.63,11.99,12.68,9.03,16.81,3.48,33.7,72.12,2.8,14.8,20.9,28.87,23.19,19.47,42.13,5.95,14.17,21.51,9.09,28.12,1.38]}