{"timestamp":1477785600000,"multiplier":1.0E-5,"open":1.21729,"high":1.21779,"low":1.21729,"close":1.21778,"shift":60000,"times":[1260,1,1,1,1,1,1,1,1,1,1,1,1,1,1,1,1,1,1,1,1,1,1,1,1,1,1,1,1,1,1,1,1,1,1,1,1,1,1,1,1,1,1,1,1,1,1,1,1,1,1,1,1,1,1,1,1,1,1,1,1,1,1,1,1,1,1,1,1,1,1,1,1,1,1,1,1,1,1,1,1,1,1,1,1,1,1,1,1,1,1,1,1,1,1,1,1,1,1,1,1,1,1,1,1,1,1,1,1,1,1,1,1,1,1,1,1,1,1,1,1,1,1,1,1,1,1,1,1,1,1,1,1,1,1,1,1,1,1,1,1,1,1,1,1,1,1,1,1,1,1,1,1,1,1,1,1,1,1,1,1,1,1,1,1,1,1,1,1,1,1,1,1,1,1,1,1,1,1,1],"opens":[0,73,59,-4,-10,-15,0,-2,31,-36,6,21,-7,7,-2,8,-2,4,-10,-6,-7,5,17,1,0,-6,1,-3,-2,-1,3,0,-6,2,-4,6,0,3,6,0,4,1,0,-7,16,-8,-5,8,2,0,-14,-4,-1,0,-2,-3,4,-2,-3,33,-8,-3,1,1,-1,-4,-1,3,7,1,9,7,-13,-8,2,12,-4,10,12,19,-17,-5,-2,-8,33,-22,-4,4,-13,0,-2,-1,-8,8,-15,24,14,1,-1,1,-6,-2,-9,11,0,8,24,4,-18,0,-5,7,0,7,-8,12,13,-14,1,1,-18,3,1,8,-13,2,-6,1,-18,5,11,-25,1,-11,14,37,-14,7,-4,24,-21,17,0,-4,0,13,1,-5,5,14,5,9,0,0,-5,2,10,-7,-4,20,13,-1,-1,2,21,17,-25,32,54,-11,-2,6,9,13,11,0,-28,16,3,-39],"highs":[0,85,-3,-4,2,-27,0,29,0,-28,19,0,21,-21,4,3,1,0,-10,-6,-2,19,0,-1,1,-6,0,-3,-2,2,0,0,4,-7,0,1,1,9,-1,3,1,1,0,13,-4,-8,-1,4,2,0,0,-18,-1,0,-2,1,0,0,28,1,1,17,-17,0,-2,-13,5,5,0,20,-4,5,-18,-3,14,4,-5,18,12,7,-22,-5,0,20,3,-9,-4,-4,-6,-10,-3,-1,1,-1,-1,26,0,0,4,-6,-6,7,-8,3,7,26,18,-15,-18,-2,9,-5,5,5,-3,19,-4,-12,5,2,-22,3,10,-1,-12,8,-13,25,-39,13,-2,-24,-1,3,38,8,-15,5,28,-14,-3,2,-1,-5,11,5,-2,1,30,-6,3,5,-4,-2,-3,9,3,7,4,11,-1,8,-9,24,17,-3,6,56,4,6,-17,10,15,21,-2,-8,-18,34,-27,-41],"lows":[0,73,59,-13,-19,2,1,-3,-7,3,6,7,-2,14,-3,-8,16,-5,-4,-10,-5,11,16,2,-6,0,-2,-3,0,-1,4,0,-6,2,-5,7,-4,7,6,0,4,1,0,-7,8,-1,-4,7,3,-16,-6,3,-2,-7,4,-1,3,-6,3,8,-14,23,0,4,-2,-19,15,5,0,9,-6,5,-5,-3,5,2,0,13,14,-2,-12,0,0,3,5,0,-1,-12,3,0,0,-13,-1,1,-2,23,15,0,0,-12,4,-10,0,11,-3,11,25,-14,-2,-4,2,3,2,-1,-5,19,-1,-3,2,-16,-2,1,6,-5,-21,12,4,-16,-10,13,-14,0,-9,1,14,21,2,-7,10,2,1,16,-2,-1,0,11,-4,1,5,6,14,9,-9,4,0,2,3,-3,-1,19,-7,15,-5,9,20,-12,7,29,21,17,-3,15,-1,14,20,-27,-4,15,-32,-23],"closes":[0,86,-3,-13,-16,-1,1,29,-36,6,21,-12,-1,11,6,0,4,-10,-4,-9,5,19,0,-1,-6,1,-3,-3,0,3,0,0,-4,1,-2,3,-1,11,-1,3,1,1,0,10,-9,-1,0,4,2,-14,-1,-4,-2,-1,0,2,-2,-3,32,-1,-9,2,1,-1,-4,-2,3,4,4,14,3,-13,-8,2,14,-7,9,13,10,-5,-7,-11,2,28,-24,0,2,-9,-1,-1,-1,-10,9,-11,10,24,1,-1,1,-5,-3,-11,12,0,9,25,3,-19,1,-5,6,1,6,-8,9,16,-13,2,1,-19,1,4,7,-13,2,-6,1,-18,4,12,-26,1,-10,11,37,-10,7,-5,24,-21,17,0,-3,-1,11,3,-5,6,14,-6,19,1,-1,-2,-1,9,-5,-4,21,12,-1,0,-1,24,16,-29,34,49,-6,-1,5,10,13,10,1,-27,11,5,-37,-22],"volumes":[5.16,10.12,0.75,2.25,20.94,4.0,2.5,2.5,20.0,27.75,13.75,5.0,26.75,4.0,10.0,24.75,115.0,6.0,3.0,13.5,13.62,7.25,8.0,2.0,7.0,8.0,6.0,4.0,6.0,4.0,2.0,2.0,5.0,2.0,7.0,5.0,13.0,6.0,2.0,9.0,2.0,1.0,4.0,11.25,15.0,5.0,2.5,6.0,1.0,12.0,80.62,8.73,4.0,39.5,4.0,12.5,4.0,94.5,124.23,61.87,107.55,90.13,77.6,73.5,79.74,94.29,86.0,79.0,76.0,145.5,204.75,178.0,185.5,137.75,161.36,134.69,204.55,138.91,60.0,110.79,112.55,137.99,169.15,186.51,153.21,138.23,42.48,73.78,92.65,27.08,49.34,59.37,145.48,167.99,93.56,46.08,58.1,20.25,38.02,50.58,44.83,57.55,20.23,18.25,52.69,45.11,69.18,70.01,26.32,30.08,51.58,33.18,50.8,85.61,64.9,69.91,29.24,24.48,30.32,39.44,49.13,24.08,41.29,69.99,51.98,85.51,32.69,157.27,103.58,94.64,76.4,70.51,54.82,45.24,41.97,159.16,43.3,87.01,69.84,62.54,70.26,43.8,52.02,27.34,25.72,61.53,45.68,45.04,67.42,57.53,46.74,19.05,53.1,17.0,13.87,28.45,32.47,35.1,40.98,51.1,46.12,49.95,57.82,33.47,38.94,85.2,22.86,52.22,100.82,68.5,43.61,24.0,71.3,61.86,43.87,47.35,42.87,108.87,69.96,73.2]}