{"timestamp":1475366400000,"multiplier":1.0E-5,"open":1.29184,"high":1.29188,"low":1.29184,"close":1.29185,"shift":60000,"times":[1260,1,1,1,1,1,1,1,1,1,1,1,1,1,1,1,1,1,1,1,1,1,1,1,1,1,1,1,1,1,1,1,1,1,1,1,1,1,1,1,1,1,1,1,1,1,1,1,1,1,1,1,1,1,1,1,1,1,1,1,1,1,1,1,1,1,1,1,1,1,1,1,1,1,1,1,1,1,1,1,1,1,1,1,1,1,1,1,1,1,1,1,1,1,1,1,1,1,1,1,1,1,1,1,1,1,1,1,1,1,1,1,1,1,1,1,1,1,1,1,1,1,1,1,1,1,1,1,1,1,1,1,1,1,1,1,1,1,1,1,1,1,1,1,1,1,1,1,1,1,1,1,1,1,1,1,1,1,1,1,1,1,1,1,1,1,1,1,1,1,1,1,1,1,1,1,1,1,1,1],"opens":[0,0,2,20,12,1,-22,18,-14,9,22,-25,31,-22,29,8,19,-7,0,0,-9,10,-8,1,4,4,-1,-12,5,39,-3,29,-12,14,5,-7,1,2,12,4,-1,13,25,9,12,0,-6,0,0,1,1,6,-4,19,-4,9,-15,4,-40,-12,60,-7,-6,-11,-5,45,-7,-7,7,-24,-13,-22,6,16,-8,-2,12,4,-3,-10,0,6,-8,23,8,-33,-7,3,1,-13,0,30,9,8,4,1,-20,-2,-9,42,0,-12,-11,2,16,-11,-8,-1,-12,-3,-19,10,8,-13,-7,0,8,1,-4,-23,-15,-38,-5,-31,-16,-5,-7,4,0,12,18,-18,-19,4,19,11,0,-3,-50,15,17,8,-2,-7,2,11,2,20,7,3,11,6,-21,-2,1,-1,-24,-8,-22,15,4,21,3,0,14,3,3,33,6,0,5,6,0,-23,-8,-1,-7,-9,1,-3],"highs":[0,-4,29,14,26,24,-62,0,0,5,17,4,-3,12,8,16,-2,-7,0,16,-11,0,4,0,-6,5,6,-20,76,-32,27,-6,2,20,-5,-9,-6,40,-17,-6,11,41,13,-3,2,-6,-5,0,0,2,6,1,14,0,9,26,-33,13,-62,53,20,-17,-20,-6,35,0,-8,3,-2,-10,-27,3,8,1,-20,12,2,0,3,-15,7,-3,30,-2,-1,-33,-4,-2,-1,-11,27,14,7,3,3,-2,-18,-4,32,0,5,-8,-13,10,0,0,-14,-6,-3,-10,-8,5,0,-11,-7,7,-1,1,-4,-20,-9,-46,-4,-16,-20,-18,1,1,14,12,2,-21,-13,17,13,11,-12,0,-36,20,6,-2,-1,1,2,5,24,1,9,6,5,-1,-16,-5,1,-3,-21,-10,-5,3,20,2,0,14,11,-3,35,4,-1,1,10,-1,0,-11,-20,-1,-5,-5,-1,-6],"lows":[0,-2,-16,0,47,-16,0,1,2,0,7,-9,14,0,31,5,2,-11,-10,27,-2,-2,6,0,5,3,-11,-2,6,33,-2,17,5,12,0,0,0,3,10,-2,1,18,18,-2,25,0,-7,7,-9,9,2,-1,3,10,-1,0,-8,-32,-21,11,51,-14,0,-7,2,39,-11,3,-22,-7,-23,-1,2,6,-2,4,15,2,-15,-14,15,2,0,23,-41,3,-6,11,-14,4,2,25,14,1,9,-19,-4,-6,1,37,-8,-10,-1,2,5,-8,-2,-12,-1,-31,8,14,-10,-2,-1,0,-1,7,-28,-13,-35,-13,-41,-1,-1,-27,15,3,5,3,7,-21,-5,13,17,8,-5,-47,4,15,12,11,-4,-14,13,10,-2,23,7,4,5,-10,0,-3,2,-25,-6,-22,-9,23,2,21,4,0,16,1,5,33,4,-6,9,8,-48,18,-2,-10,-16,10,0,-1],"closes":[0,-1,23,11,11,-32,18,-15,6,1,0,34,-25,30,7,19,-9,2,0,-9,10,-10,3,5,4,-2,-10,3,38,3,22,-10,14,5,-7,1,1,13,4,-1,12,26,10,10,0,-4,0,0,0,1,3,-3,22,-7,15,-19,9,-45,-12,65,-12,-7,-10,-6,46,-7,-8,7,-24,-12,-18,2,16,-7,-3,12,4,-2,-14,5,6,-10,23,7,-37,-5,6,1,-12,-1,29,10,8,4,3,-24,0,-9,41,1,-12,-10,1,16,-11,-8,0,-12,-4,-21,9,11,-11,-8,-2,9,0,-3,-23,-14,-39,-6,-29,-17,1,-13,5,-1,12,18,-18,-21,7,16,13,0,-5,-46,13,19,6,-2,-3,-1,10,2,19,8,4,10,5,-20,-2,1,-1,-26,-6,-21,14,5,20,3,-2,14,5,3,32,8,-1,2,9,-1,-22,-8,-1,-8,-9,2,-2,-1],"volumes":[16.5,9.75,13.5,15.75,27.25,69.49,32.85,37.27,17.32,13.04,15.25,29.0,176.44,59.98,53.6,58.61,43.68,34.95,25.2,43.5,64.57,57.71,79.01,44.28,49.75,27.5,60.96,12.35,72.55,32.0,144.68,78.57,41.99,147.69,143.32,72.08,31.27,117.78,83.45,12.25,27.83,79.04,71.94,42.17,28.35,29.83,19.09,60.73,140.72,21.48,54.62,65.48,92.39,79.96,95.13,245.4,92.75,125.9,175.08,89.35,270.53,264.56,196.39,111.6,145.9,32.46,110.7,86.0,385.0,202.62,349.31,443.45,380.6,454.54,93.05,287.41,53.47,28.0,145.9,210.55,95.56,77.02,252.43,112.32,332.58,221.63,131.54,165.25,129.14,48.75,103.5,132.28,172.36,203.47,111.0,149.11,220.23,229.32,265.7,182.03,265.29,291.21,345.54,206.61,315.84,194.33,210.91,171.25,267.07,349.43,181.44,137.8,156.09,90.87,83.12,323.46,121.37,233.04,296.76,376.12,383.34,269.78,198.32,290.7,185.1,384.11,231.7,126.3,125.04,176.69,91.18,73.29,85.58,80.11,70.0,243.77,108.87,149.05,192.85,132.3,199.97,139.82,125.25,351.4,76.94,115.49,154.76,57.32,68.87,103.2,48.62,45.74,32.62,19.84,22.96,114.83,50.98,95.05,107.74,73.0,83.35,28.0,3.0,55.24,76.87,35.0,108.87,50.0,179.81,180.02,138.0,24.74,251.35,238.61,141.9,150.07,133.81,150.99,148.98,95.97]}