{"timestamp":1417305600000,"multiplier":0.001,"open":6693.5,"high":6694.8,"low":6693.5,"close":6693.8,"shift":60000,"times":[1380,1,1,1,1,1,1,1,1,1,1,1,1,1,1,1,1,1,1,1,1,1,1,1,1,1,1,1,1,1,1,1,1,1,1,1,1,1,1,1,1,1,1,1,1,1,1,1,1,1,1,1,1,1,1,1,1,1,1,1],"opens":[0,100,2200,-13800,-1300,8500,2900,1400,1900,600,2100,1400,0,-500,600,300,-300,600,-5000,-900,-300,-2100,800,-4100,1800,1200,5500,800,3100,-1300,-1100,-1600,900,1600,-100,-800,-100,-800,-900,-900,-100,400,-1900,100,-1600,-2400,-600,600,300,900,900,-600,0,-2100,300,0,-1800,2200,300,1800],"highs":[0,1300,-300,-11500,6700,-100,2400,3800,-1200,2100,1000,600,-100,400,300,-300,1200,-400,-5000,-1400,-300,-1000,-300,-2000,800,6200,500,2800,0,-1300,-1100,-600,1700,300,-600,-300,-300,-800,-700,-1400,0,600,-1600,-500,-1600,-1800,0,0,0,1600,200,-600,300,-1800,100,-700,300,100,2000,1900],"lows":[0,-800,-12000,400,-1500,8700,3200,1800,1800,900,1500,500,300,400,800,-1100,900,-4400,-600,-1500,-1000,-300,-2700,-300,1200,1900,5200,1100,1300,-700,-900,-600,300,2200,-1300,100,-300,-900,-1000,-500,-100,-800,-1300,-900,-1800,-1100,200,300,600,900,400,-100,-2400,300,300,-2400,600,1900,600,1400],"closes":[0,1900,-14100,-300,8400,600,3000,2300,100,2300,1000,300,-100,700,-300,200,1300,-6200,-300,-400,-2400,400,-3400,1500,1200,5900,600,2900,-1400,-1000,-800,-300,2300,0,-1500,600,-800,-900,-900,-600,300,-1200,-100,-1700,-2200,-1100,600,800,0,1600,-600,0,-2400,300,500,-2000,1800,200,2100,1900],"volumes":[4.4E-4,3.74E-4,0.001606,0.00121,6.38E-4,8.8E-4,5.94E-4,7.04E-4,4.84E-4,5.28E-4,6.6E-4,3.96E-4,4.18E-4,3.74E-4,3.74E-4,3.96E-4,3.52E-4,3.52E-4,3.52E-4,3.52E-4,3.08E-4,6.82E-4,7.04E-4,4.62E-4,3.3E-4,4.18E-4,3.08E-4,3.74E-4,3.3E-4,2.86E-4,2.2E-4,2.2E-4,3.96E-4,1.32E-4,1.76E-4,1.98E-4,2.42E-4,1.98E-4,2.2E-4,1.32E-4,1.54E-4,3.08E-4,4.62E-4,3.52E-4,3.96E-4,5.06E-4,4.84E-4,2.42E-4,4.4E-5,3.08E-4,1.76E-4,1.1E-4,3.3E-4,2.2E-4,2.64E-4,3.52E-4,3.74E-4,2.42E-4,3.96E-4,2.42E-4]}