{"timestamp":1416700800000,"multiplier":0.001,"open":17428.998,"high":17433.998,"low":17428.998,"close":17430.996,"shift":60000,"times":[1380,1,1,1,1,1,2,1,1,1,1,2,1,2,2,1,1,2,3,1,1,1,1,2,1,2,3,1,1,1,1,1,1,1,1,1,1,1,1,1,1,1,1,1,1,1,1,1,1],"opens":[0,2000,3000,-2,0,0,2,1998,8002,0,6998,-10000,2,4998,2,-5000,-2,0,0,2,-7002,2000,-6998,-8000,0,-2,3002,1998,2,-2,-5000,-9998,4998,-2000,-15000,-4998,-40002,-52998,20000,-2,-12000,12002,5000,-2,5000,15002,-10000,-2,2],"highs":[0,-2,2,0,0,0,2000,3000,6998,5002,-2,-10000,2,4998,2,-5000,0,0,-2,2,-7000,1998,-6998,-8000,0,2998,2002,-2,2,-2,-5000,-1998,-3002,-2000,-7998,-12000,-40002,-33000,2,-2,5002,-5000,5000,5000,12998,2002,-10000,0,5000],"lows":[0,2000,2998,-2998,2998,0,0,2000,8000,2,-2,-3000,0,5000,2,-5000,-2,0,0,-6998,-2,-5000,-8000,0,0,0,3000,2000,2,-2,-11998,-3000,4998,-2000,-18000,-10000,-90000,5002,17998,-7998,-5000,14998,5002,-2,5000,10000,-5000,0,0],"closes":[0,3000,2,0,0,-2,2002,3000,6998,5002,-7002,-3000,0,5000,2,-5000,0,0,-2,-6998,0,-5002,-8000,0,2,2998,2002,-2,2,-2,-10000,3000,-3000,-2000,-17998,-10000,-90002,25000,2,-5000,4998,2,5000,5000,12998,-3000,-4998,-2,5002],"volumes":[0.00188,9.4E-4,0.00141,0.00141,9.4E-4,0.00141,0.00188,9.4E-4,0.00141,0.00141,0.00141,4.7E-4,9.4E-4,4.7E-4,4.7E-4,4.7E-4,9.4E-4,9.4E-4,4.7E-4,9.4E-4,9.4E-4,0.00141,0.00188,9.4E-4,0.00141,0.00141,0.00188,4.7E-4,4.7E-4,4.7E-4,0.00282,0.00282,4.7E-4,4.7E-4,0.00423,0.00423,0.00893,0.00329,0.00329,0.00329,0.00329,0.00235,4.7E-4,9.4E-4,0.00376,0.00188,0.00141,0.00235,0.00282]}