{"timestamp":1417305600000,"multiplier":0.001,"open":17794.934,"high":17801.895,"low":17793.425,"close":17797.767,"shift":60000,"times":[1380,1,1,1,1,1,1,1,1,1,1,1,1,1,1,1,1,1,1,1,1,1,1,1,1,1,1,1,1,1,1,1,1,1,1,1,1,1,1,1,1,1,1,1,1,1,1,1,1,1,1,1,1,1,1,1,1,1,1,1],"opens":[0,3906,-6199,-46877,-3877,6832,4224,4697,7118,2133,6942,3989,-2038,1023,1899,1181,-1175,2256,-1018,-3078,-1188,-6849,131,-11213,6170,3874,5826,4253,8987,-4971,-3110,-5156,3181,5165,-264,-2938,-5,-3148,-3008,-2623,-336,1276,-6224,-35,-4771,-7937,-3017,3031,677,2318,4969,-2055,-904,-6155,-174,12,-5844,7165,703,6118],"highs":[0,-3055,-6141,-39745,1752,192,3094,11854,-3851,6971,3864,2094,-944,1920,922,-935,3879,-1068,-1908,-3918,-1188,-2918,-1930,-5855,2803,8064,2118,8907,-10,-4237,-3828,-1949,6069,923,-2133,-847,-978,-2963,-2166,-4765,-78,2001,-5009,-2072,-4935,-5951,-948,952,5,4918,1111,-2022,892,-6098,205,-2299,1243,1087,6002,6000],"lows":[0,-2813,-55726,6975,-2866,6804,6107,5734,6023,2996,4952,1285,896,1972,1860,-2888,2881,999,-1830,-5013,-4128,-853,-9114,-942,3901,7160,4878,4077,3918,-1956,-3104,-1984,989,7023,-4017,81,-1002,-2875,-3137,-2032,98,-2808,-4316,-3014,-5921,-4086,117,1881,1997,2364,1671,-29,-8977,1985,986,-7856,2069,5786,2082,4968],"closes":[0,-6002,-48896,-1008,7760,3161,5210,6772,917,6934,4215,941,-1041,3170,-1084,-117,2544,-2430,-960,-1919,-8289,1984,-11951,5074,4961,7179,1722,10259,-5167,-2859,-3083,-975,7862,-21,-4649,1686,-2967,-2705,-3307,-1723,807,-3822,-248,-6006,-7001,-3063,1250,3067,-107,4802,-1838,40,-7871,918,1980,-7081,6161,2038,6002,5746],"volumes":[0.007284,0.01258,0.046274,0.031584,0.022636,0.025966,0.01702,0.020394,0.01443,0.017072,0.02109,0.013772,0.011936,0.01073,0.01332,0.01073,0.011862,0.00925,0.01036,0.01036,0.00965,0.01961,0.02081,0.01369,0.01221,0.01372,0.01076,0.0111,0.009664,0.00777,0.00703,0.00669,0.01295,0.00444,0.00555,0.00592,0.0074,0.00666,0.00592,0.00481,0.00407,0.00851,0.01332,0.00928,0.01184,0.01628,0.0148,0.00666,0.00148,0.00962,0.00518,0.00444,0.010382,0.00629,0.00962,0.011914,0.01073,0.00814,0.01221,0.0074]}