{"timestamp":1416096000000,"multiplier":1.0E-5,"open":0.9588,"high":0.9588,"low":0.95825,"close":0.95867,"shift":60000,"times":[1320,1,1,1,1,1,1,1,1,1,1,1,1,1,1,1,1,1,1,1,1,1,1,1,2,1,1,1,1,1,1,1,1,1,1,1,1,1,1,1,1,1,1,1,1,1,1,1,1,1,1,1,1,1,1,1,1,1,1,1,1,1,1,1,1,1,1,1,1,1,1,1,1,1,1,1,1,1,1,1,1,1,1,1,1,1,1,1,1,1,1,1,1,1,1,1,1,1,1,1,1,1,1,1,1,1,1,1,1,1,1,1,1,1,1,1,1,1,1],"opens":[0,-13,-4,2,-7,48,25,-16,-11,-5,-11,1,9,8,1,-3,-3,5,3,13,6,12,0,10,0,-10,8,-5,6,-8,11,2,4,1,-5,-13,15,-3,5,-11,2,-1,1,0,0,-1,3,9,-17,15,22,1,1,8,0,0,-3,-9,-2,-1,-9,6,-1,0,0,0,0,-2,-11,-1,2,-8,-7,11,1,1,5,-5,-3,3,-4,15,4,-15,5,12,-6,-4,-4,23,1,-8,-2,-2,-16,2,-6,2,5,-3,10,-24,7,-4,11,-6,-2,5,-2,-2,34,2,-35,2,-6,2,10,-4,-5],"highs":[0,-13,-2,0,41,31,-5,-17,2,-18,-6,6,7,1,2,-5,2,1,12,11,13,-1,7,1,0,-2,0,0,3,2,2,3,12,-10,-6,6,-4,0,2,-9,0,0,0,0,0,0,11,10,-11,27,1,2,1,1,-1,0,-3,-9,2,-5,1,-3,-1,-1,0,0,0,0,-13,1,0,-7,3,10,-9,17,-11,-5,-2,2,11,4,0,-2,5,-1,5,-15,17,5,-2,-8,3,-7,-6,-8,1,0,0,12,-5,-17,0,7,0,-5,2,3,-5,42,-3,-5,-30,0,-5,8,2,-1,-5],"lows":[0,30,5,-4,2,46,8,-32,19,-20,7,-1,13,5,1,-8,5,3,5,13,6,11,1,10,-20,1,17,-5,-8,5,8,6,2,-11,-17,13,10,2,-10,4,2,-8,8,0,-1,0,3,-8,0,15,18,4,-3,13,-15,5,-3,-1,-6,-27,21,7,-1,0,1,-1,-2,-10,-5,-2,-1,-8,1,9,-1,6,-1,1,-4,4,-4,7,-4,-4,10,2,0,-8,4,18,-7,0,1,-16,-8,10,-9,5,2,-5,-9,0,5,-2,7,-3,-1,2,-1,0,30,-44,7,1,3,2,2,-1,-22],"closes":[0,-9,5,-7,50,20,-11,-13,-2,-12,-1,11,8,1,-3,-3,5,1,12,10,11,0,9,1,-10,8,0,0,-8,13,1,4,1,-4,-14,10,2,3,-11,4,0,0,0,0,0,0,11,-17,15,23,-2,3,8,0,0,-3,-10,-1,4,-15,7,-1,0,0,0,0,-2,-11,-3,4,-7,-8,11,1,-5,10,-3,-1,-4,4,11,4,-15,5,12,-6,-4,-4,21,3,-10,0,-2,-16,-3,5,-4,5,-3,10,-23,6,-2,9,-4,-2,3,-2,-2,34,3,-36,2,-6,3,8,-3,-5,-22],"volumes":[10.76,9.88,8.25,6.22,78.06,96.74,94.35,79.7,76.25,55.44,56.48,23.84,16.82,20.87,34.19,35.79,17.66,8.09,10.25,19.5,40.5,36.25,37.42,1.0,36.39,36.37,3.0,18.31,37.02,43.52,26.3,39.85,35.44,14.37,47.03,42.72,10.89,4.89,16.71,3.0,1.0,11.57,2.0,8.0,9.0,9.0,7.75,21.4,22.23,35.6,73.72,29.51,30.12,8.0,30.84,20.4,34.79,14.7,21.18,109.71,63.64,60.23,77.54,32.25,34.85,27.95,67.96,35.5,25.0,14.0,32.1,33.5,49.74,31.14,7.16,39.66,29.49,15.09,14.94,11.04,37.47,13.71,18.21,36.32,27.75,42.23,33.86,28.81,33.59,14.22,70.9,72.72,41.03,73.0,107.65,49.84,75.33,35.52,35.01,42.44,56.5,88.53,55.12,52.99,17.4,14.99,46.67,43.13,38.25,195.55,64.43,135.87,104.94,88.75,58.81,54.15,75.38,71.5,62.73]}