{"timestamp":1170547200000,"multiplier":1.0E-5,"open":1.96598,"high":1.96598,"low":1.96591,"close":1.96591,"shift":60000,"times":[1320,1,1,1,1,1,1,1,1,1,1,1,1,1,1,1,1,1,1,1,1,1,1,1,1,1,1,1,1,1,1,1,1,1,1,1,1,1,1,1,1,1,1,1,1,1,1,1,1,1,1,1,1,1,1,1,1,1,1,1,1,1,1,1,1,1,1,1,1,1,1,1,1,1,1,1,1,1,1,1,1,1,1,1,1,1,1,1,1,1,1,1,1,1,1,1,1,1,1,1,1,1,1,1,1,1,1,1,1,1,1,1,1,1,1,1,1,1,1,1],"opens":[0,-24,-36,30,27,8,2,-18,-28,-2,-12,15,2,13,-5,21,-14,-2,0,-3,-32,-10,-3,16,-6,-37,11,1,11,3,7,-38,5,5,-4,-5,-4,13,-14,13,-6,5,7,23,-12,9,8,2,2,-9,2,-21,16,-15,7,-34,32,8,-30,17,3,-9,-26,-6,23,-8,-25,15,-34,32,5,-3,-5,12,-26,19,16,-18,5,-15,-12,-2,10,12,8,28,9,-30,14,16,-8,0,0,11,9,-3,-12,25,-19,11,-29,24,-25,24,-6,3,12,-10,4,13,16,-4,3,0,-18,13,-4,0,-28,23],"highs":[0,-24,-36,58,4,3,2,-17,-29,1,-15,24,26,-15,-10,24,-17,2,-4,-3,-32,-1,2,2,-6,-22,3,7,10,4,-6,-31,3,0,-4,-5,11,4,-20,13,-6,11,21,3,-6,22,-1,-3,0,-12,2,-5,0,16,-16,-17,7,8,-22,12,7,-16,-13,3,4,-11,-10,7,-11,7,0,-1,-7,17,-9,16,-3,-13,0,-15,-5,2,9,2,29,16,0,0,4,-4,-8,6,5,8,3,4,6,-2,-10,2,-12,7,-4,3,2,13,-6,-10,31,2,0,-4,9,3,-14,2,-4,2,-1,-8],"lows":[0,-35,-31,32,38,0,10,-50,-11,10,-28,34,2,8,-5,12,-15,-8,21,-21,-38,14,-3,1,-17,-11,10,2,5,9,-25,-22,21,5,-9,0,-7,-8,10,-6,-6,23,6,18,-12,16,5,2,-1,-13,7,-16,4,-3,-5,-23,33,0,-25,5,18,-28,-27,5,23,-12,-12,15,-36,34,-2,-2,-15,23,-23,16,0,-2,5,-12,-11,-1,10,-13,33,24,4,-21,14,3,-5,10,-21,29,5,-11,-9,14,-6,-1,-7,-1,0,4,14,-10,0,1,18,13,2,2,5,1,-13,8,-1,0,-26,15],"closes":[0,-35,-31,71,4,-4,9,-50,-5,10,-18,21,19,-12,0,7,-12,-11,21,-21,-34,13,8,-7,-23,-11,18,2,15,-8,-23,-2,3,0,-9,0,9,-13,-1,7,-7,18,18,1,-1,11,4,0,-6,-11,5,-4,-3,0,-6,-13,16,0,-14,12,7,-35,-16,25,-3,-16,1,1,-15,18,-5,3,-10,14,-14,28,-23,2,5,-17,-11,10,9,-19,50,11,5,-10,-2,7,-13,13,4,11,4,-9,19,-24,-3,-5,1,-9,21,-10,15,7,-2,-16,39,-1,-7,5,2,-1,-2,-5,0,0,-19,9],"volumes":[67.5,8.3,60.6,83.6,23.8,58.4,24.4,35.5,81.5,61.0,76.7,70.3,49.9,61.5,53.5,46.7,57.7,108.3,6.4,17.7,18.6,112.9,56.0,63.1,68.3,15.4,59.9,31.1,63.4,90.0,50.3,34.6,16.5,3.1,7.6,10.4,53.1,124.9,43.0,40.2,67.2,49.1,64.3,47.9,66.6,107.3,45.9,45.6,53.5,28.2,61.7,80.3,31.7,59.6,75.1,65.7,7.7,38.4,128.1,65.5,29.5,12.5,51.0,89.3,47.6,70.4,42.5,59.0,55.5,112.5,7.1,85.7,33.7,23.8,61.0,50.0,33.2,47.6,24.9,10.4,45.8,29.1,21.1,75.2,20.6,111.9,15.6,75.7,26.0,51.1,43.2,18.3,139.3,76.7,12.1,52.7,50.5,117.5,120.2,28.8,27.7,91.2,77.8,85.8,8.9,39.1,74.5,62.2,30.3,65.6,66.5,42.5,58.4,45.9,45.5,15.6,16.4,58.1,135.4,27.0]}