{"timestamp":1307232000000,"multiplier":1.0E-5,"open":1.07066,"high":1.07173,"low":1.07066,"close":1.07173,"shift":60000,"times":[1260,1,1,1,1,1,1,1,1,1,1,1,1,1,1,1,1,1,1,1,1,1,1,1,1,1,1,1,1,1,1,1,1,1,1,1,1,1,1,1,1,1,1,1,1,1,1,1,1,1,1,1,1,1,1,1,1,1,1,1,1,1,1,1,1,1,1,1,1,1,1,1,1,1,1,1,1,1,1,1,1,1,1,1,1,1,1,1,1,1,1,1,1,1,1,1,1,1,1,1,1,1,1,1,1,1,1,1,1,1,1,1,1,1,1,1,1,1,1,1,1,1,1,1,1,1,1,1,1,1,1,1,1,1,1,1,1,1,1,1,1,1,1,1,1,1,1,1,1,1,1,1,1,1,1,1,1,1,1,1,1,1,1,1,1,1,1,1,1,1,1,1,1,1,1,1,1,1,1,1],"opens":[0,111,-8,-28,10,5,28,11,-18,-8,41,-7,-38,7,35,-26,-54,-17,-16,13,-22,31,7,9,-4,2,-16,30,-3,-9,36,16,-15,-6,11,10,13,-15,40,-15,34,1,0,-1,9,2,20,25,9,-6,1,11,-17,-1,-36,1,10,1,63,9,-32,7,22,31,41,-39,10,15,-10,-14,-40,-25,-3,-3,1,-17,-24,-9,5,0,-1,0,1,0,1,-2,-3,19,-7,2,-2,-6,3,15,2,-10,28,1,21,34,21,27,-15,1,-5,-5,4,7,18,1,10,-10,41,1,25,3,-10,-8,15,1,-20,21,12,-20,-1,-1,12,-4,11,-6,5,7,1,-10,-1,-2,2,2,26,8,1,1,37,-23,-2,-54,-19,-4,-19,8,-3,-15,3,1,-9,-13,-20,-4,3,4,-6,14,40,38,0,0,-4,12,-4,5,7,5,21,-17,-19,-22,43,-6,19,17],"highs":[0,4,-8,-28,10,42,3,7,4,-33,36,-7,-33,7,31,-27,-17,-18,-37,-2,23,-8,8,3,-5,16,0,2,13,35,-14,29,-40,21,-16,10,37,-13,14,18,1,1,5,-6,17,20,16,15,8,-17,18,-6,-17,-1,-36,10,1,59,15,10,-35,25,27,41,0,-30,19,-3,-10,-9,-42,-16,-6,-11,0,-17,-24,1,0,-5,3,-2,-1,0,1,-2,18,-2,-5,0,-2,-5,15,13,-8,18,2,21,26,27,32,-5,-15,1,0,1,1,17,13,3,-5,35,5,19,19,-18,-10,9,-2,1,6,15,-8,-12,-7,18,-9,7,6,-7,8,10,-10,-10,-1,1,-1,27,14,-5,1,43,-4,-24,-2,-50,-23,-4,-4,0,-10,-10,-1,1,1,-24,-11,-10,6,4,9,42,28,4,3,-6,21,-11,-4,15,0,20,11,-11,-30,15,15,0,15,25],"lows":[0,103,-1,-27,3,5,26,-5,7,-8,35,-6,-34,5,-22,-13,-24,-18,2,-7,-2,3,-4,48,-4,-21,7,30,-38,20,39,-1,5,-24,21,-6,14,8,16,9,34,-4,4,0,8,3,-7,52,-1,4,1,-7,-4,-32,0,1,10,1,56,-13,-3,7,22,31,3,-17,24,10,-27,-30,-37,5,-2,2,-14,-34,0,0,4,-1,0,0,2,0,0,-4,-1,14,-3,2,-4,-2,3,15,-9,1,26,3,20,35,21,13,-1,-21,12,-2,6,-1,19,6,-1,3,25,-11,43,4,-8,-1,15,-10,-9,19,-6,-13,11,0,0,7,1,-8,18,3,-5,-1,-3,-6,9,2,26,4,5,1,11,1,-52,-20,-19,-8,-1,5,-11,-2,4,-7,-18,-25,3,3,-1,0,2,14,37,41,-16,11,1,4,1,3,0,15,1,-13,-25,2,33,-6,25,21],"closes":[0,-3,-2,-27,3,49,-10,-13,35,-31,30,-6,-28,7,7,-46,-21,-25,17,-22,35,0,0,11,-5,14,2,2,-24,31,25,-9,0,-6,3,-5,19,28,-10,42,1,-3,3,0,8,14,31,12,-2,-4,18,-24,-4,-26,-6,10,1,59,15,-30,5,23,29,41,-33,3,19,-10,-17,-40,-27,-3,-1,1,-14,-27,-9,5,-1,0,1,1,-1,0,0,-4,12,1,1,-2,-4,-1,15,5,-12,29,-2,24,28,27,25,-12,-1,-4,-5,8,4,17,1,15,-15,42,0,27,1,-8,-9,14,0,-10,12,11,-19,2,-4,15,-9,12,-4,4,3,5,-8,-3,-3,3,0,27,9,0,1,38,-23,-2,-52,-20,-10,-14,8,-3,-15,3,1,-7,-15,-21,-3,1,6,-8,17,38,38,1,0,-4,14,-4,0,4,10,21,-18,-16,-25,44,-5,18,17,24],"volumes":[9.0,41.32744,3.75,1.13,4.51,58.84,111.16,25.75,13.58,3.75,14.915401,13.066475,7.51,7.51,47.18,27.0,42.25,33.28,5.27,11.63,44.63,30.68,16.5,4.5,2.25,16.5,3.0,4.5,30.72,61.3,13.77,18.75,4.53,10.95,6.75,11.87,46.76,15.0,15.55,10.51,1.13,4.89,4.89,2.63,6.69,30.64,52.8,14.89,16.89,2.63,16.73,18.0,7.5,79.57655,2.25,12.76,2.25,90.4,17.86,51.38,11.25,32.25,24.38,45.38,43.5,55.02,16.66,21.15,46.95,90.68,81.89,42.33,20.25,8.25,42.61,38.62,14.76,17.41,13.23,8.88,15.54,10.5,3.0,3.0,14.25,5.25,68.11,11.18,12.0,5.25,4.5,9.3,17.03,11.26,9.4,17.26,13.9,34.52,45.16,36.03,35.7,18.45,1.5,47.85,32.1,27.3,19.5,46.43,63.38,26.25,25.13,42.76,66.16,98.71,71.25,15.0,12.75,24.08,4.5,15.39,67.88,52.2,51.56,110.11,14.93,59.75,73.97,27.93,59.33,54.46,18.98,54.01,18.38,7.5,15.0,65.65,3.75,21.01,51.76,10.5,1.5,56.64,42.8,10.5,96.43,83.54,48.68,70.88,93.75,45.26,45.33,81.67,47.69,44.16,63.3,81.82,57.31,18.75,52.23,41.25,55.61,66.78,71.26,20.63,71.01,40.5,59.91,42.04,24.69,57.51,94.38,68.1,113.27,93.14,41.77,95.22,56.36,52.97,70.31,110.32]}