{"timestamp":1307836800000,"multiplier":1.0E-5,"open":1.62308,"high":1.62308,"low":1.62274,"close":1.62284,"shift":60000,"times":[1260,1,1,1,1,1,1,1,1,1,1,1,1,1,1,1,1,1,1,1,1,1,1,1,1,1,1,1,1,1,1,1,1,1,1,1,1,1,1,1,1,1,1,1,1,1,1,1,1,1,1,1,1,1,1,1,1,1,1,1,1,1,1,1,1,1,1,1,1,1,1,1,1,1,1,1,1,1,1,1,1,1,1,1,1,1,1,1,1,1,1,1,1,1,1,1,1,1,1,1,1,1,1,1,1,1,1,1,1,1,1,1,1,1,1,1,1,1,1,1,1,1,1,1,1,1,1,1,1,1,1,1,1,1,1,1,1,1,1,1,1,1,1,1,1,1,1,1,1,1,1,1,1,1,1,1,1,1,1,1,1,1,1,1,1,1,1,1,1,1,1,1,1,1,1,1,1,1,1,1],"opens":[0,-37,0,8,-18,-1,4,-10,0,0,0,6,4,-9,4,7,18,-14,-4,0,-36,39,1,-2,0,0,0,3,-2,7,-8,0,0,8,3,-9,-2,0,11,25,-1,-7,1,15,26,0,15,-47,21,-1,2,3,2,6,-19,18,-2,2,8,-15,12,15,74,-8,-1,-3,-5,-21,9,10,-9,-13,-44,37,-1,-14,3,-5,1,-3,-2,-1,-9,-6,-4,0,-12,-18,-15,0,-4,-45,9,6,-57,7,-16,4,0,0,-1,0,2,-15,4,-4,-20,4,2,1,0,9,8,2,-3,2,40,0,1,9,6,-7,-12,4,4,10,-4,5,-8,1,-3,2,-12,-6,-5,4,0,-2,1,-11,-11,0,21,8,-2,1,18,-5,0,9,14,0,0,0,-15,5,1,12,3,-3,1,-1,57,-14,9,14,10,-1,-3,0,-5,-15,1,-6,-25,2,13,-3,-2,0],"highs":[0,-37,0,8,-17,-2,4,-10,0,63,-52,0,24,-34,29,-16,16,-14,-4,2,1,0,1,-2,0,0,0,10,-2,0,-8,0,0,11,0,-9,-2,0,46,-10,-1,-7,8,54,-20,1,14,-9,-17,-1,5,0,3,10,-11,5,0,7,1,-1,29,58,0,-6,-3,-3,-5,-12,7,7,-9,-17,-2,-5,-1,-12,7,-9,-1,0,-4,1,-8,-10,-3,-1,-9,-21,-15,0,-2,-38,0,8,-52,0,-10,-2,0,2,0,3,0,-12,-3,-4,-13,1,0,1,37,-10,-10,0,-1,50,-9,0,10,-1,6,-7,-2,-1,9,0,14,-13,-6,-1,2,-3,-12,-5,0,-2,0,2,2,-16,-11,26,5,-2,1,14,2,-5,12,16,-4,0,-1,0,-9,4,11,0,0,-3,1,59,0,-2,9,10,8,-10,0,-2,-6,-13,-1,-6,-17,12,-5,-3,-2,0],"lows":[0,-3,-11,-20,21,-1,4,-10,0,-10,10,6,4,-9,-4,15,-38,40,-2,0,-38,41,-17,15,1,0,0,0,-1,1,0,0,0,8,-7,-1,-1,1,11,17,-6,6,-9,25,5,7,-19,1,21,-1,2,3,2,5,-38,38,-8,8,5,-27,27,15,67,-4,-3,-3,-26,2,11,2,-12,-45,0,33,-11,-3,-8,6,-2,-1,-1,-10,-10,2,0,-9,-24,-12,0,-4,-44,-1,10,-50,-8,-2,0,1,0,0,0,-1,-10,0,0,-34,14,4,0,3,0,5,3,4,2,4,40,0,1,9,-1,-17,1,8,3,5,2,-2,-1,-2,0,-10,-6,-5,-2,6,-2,-1,-7,-13,0,-1,22,6,-4,5,13,0,0,9,14,-5,-20,10,0,5,1,9,6,-5,0,-4,41,8,-1,24,10,-4,0,-6,-14,-3,-2,-24,-9,4,6,9,-1,0],"closes":[0,-13,-11,-8,9,-1,4,-10,0,-10,21,-1,1,-10,25,-14,4,-2,-2,1,2,0,0,-2,1,0,0,1,7,-7,-1,0,0,11,-10,-1,0,0,34,-1,-11,6,4,49,-12,2,-34,26,-4,-1,5,0,3,4,-20,20,-4,11,-2,-4,19,74,-7,-4,-3,-3,-20,8,7,-6,-12,-45,37,0,-13,0,-5,3,-4,-1,0,-13,-3,-5,0,-10,-20,-15,0,-4,-45,9,0,-50,6,-16,4,-1,1,-1,-2,4,-15,4,-4,-20,7,-2,2,0,9,10,0,-1,0,40,0,1,9,0,-1,-17,11,1,11,-6,15,-14,-1,-3,3,-13,-6,-5,4,0,0,-3,-7,-13,0,20,10,-3,3,14,-3,0,8,15,0,0,0,-15,6,0,14,1,0,-3,0,57,-15,10,15,7,5,-7,0,-6,-14,1,-6,-24,2,12,-3,0,-2,0],"volumes":[6.26,1.5,4.5,43.17,48.09,2.55,1.05,4.3,2.47,9.64,20.68,8.21,4.52,1.49,81.75,7.5,26.37,3.0,1.5,7.5,21.45,1.5,11.25,9.38,1.5,6.0,10.5,21.75,15.38,7.5,6.0,10.5,4.5,24.0,11.93,4.5,19.51,3.0,52.93,19.15,5.25,2.25,34.5,52.59,76.59,54.09,25.98,21.0,1.88,1.5,2.26,1.13,3.76,6.78,36.75,2.26,16.19,4.14,4.14,87.0,38.37,69.29,9.67,9.0,27.9,17.25,45.0,12.0,12.75,31.69,24.91,29.54,48.08,8.25,29.85,27.17,40.21,30.41,42.13,22.97,27.15,37.08,40.06,30.92,36.76,20.25,60.73,44.25,19.58,28.95,63.7,57.11,45.0,76.55,62.59,83.47,96.27,66.7,85.61,44.85,38.25,53.25,81.75,51.0,21.0,78.61,33.99,7.6,13.69,19.16,94.86,63.93,40.96,18.98,38.39,63.06,16.5,40.5,30.75,15.0,70.95,23.63,31.14,34.15,38.0,57.1,59.85,32.56,17.55,28.5,39.77,57.31,71.55,44.25,63.05,6.0,36.75,38.12,45.75,57.75,11.25,41.03,22.96,12.0,15.75,47.63,33.75,15.0,54.75,42.0,78.15,48.0,60.45,44.48,56.06,47.29,51.09,21.08,13.65,28.63,39.22,85.2,30.98,23.26,87.53,20.7,12.01,41.99,35.27,61.28,24.53,28.58,44.64,40.96,84.54,74.78,43.5,13.5,54.0,24.75]}