{"timestamp":1309046400000,"multiplier":1.0E-5,"open":1.59595,"high":1.59597,"low":1.59584,"close":1.59589,"shift":60000,"times":[1260,1,1,1,1,1,1,1,1,1,1,1,1,1,1,1,1,1,1,1,1,1,1,1,1,1,1,1,1,1,1,1,1,1,1,1,1,1,1,1,1,1,1,1,1,1,1,1,1,1,1,1,1,1,1,1,1,1,1,1,1,1,1,1,1,1,1,1,1,1,1,1,1,1,1,1,1,1,1,1,1,1,1,1,1,1,1,1,1,1,1,1,1,1,1,1,1,1,1,1,1,1,1,1,1,1,1,1,1,1,1,1,1,1,1,1,1,1,1,1,1,1,1,1,1,1,1,1,1,1,1,1,1,1,1,1,1,1,1,1,1,1,1,1,1,1,1,1,1,1,1,1,1,1,1,1,1,1,1,1,1,1,1,1,1,1,1,1,1,1,1,1,1,1,1,1,1,1,1,1],"opens":[0,-1,14,-10,0,13,7,-9,18,-29,4,-12,14,-6,2,0,9,-10,0,9,-2,0,3,-6,7,-4,0,-17,11,-2,-4,8,37,-5,-24,25,4,0,-15,-16,0,1,5,-5,4,-10,8,-8,0,-10,24,-6,-18,-1,-9,9,12,0,5,0,8,-26,3,-2,-3,37,-3,3,-3,-3,0,-1,4,-3,1,-2,0,0,1,3,7,-2,12,4,6,-4,7,-8,-9,-6,-14,-23,2,-4,0,5,-1,-4,-16,31,-18,2,0,1,0,-14,-42,-24,30,-8,-5,15,10,10,0,2,2,3,8,8,14,31,-6,1,-3,2,-38,-16,-2,-2,16,17,6,12,-45,12,-6,-15,38,1,-1,12,10,-14,3,-10,0,-25,15,-9,7,-3,-12,-15,30,0,-22,5,-2,-20,1,-37,-3,-18,-4,-5,7,25,-6,0,6,20,6,-12,4,15,11,-4,-7,10],"highs":[0,12,-1,-10,16,3,1,-3,25,-32,8,-16,14,-8,-1,11,-3,-7,1,1,-2,0,8,-6,2,-4,0,-12,6,-2,-4,16,29,-5,-21,41,-11,-4,-15,-16,0,1,5,11,-12,2,0,-12,6,-3,11,-6,-12,-3,11,-7,4,14,-9,6,2,-23,0,-2,35,18,-16,15,-21,-3,0,0,3,0,-2,-2,0,0,4,7,0,12,10,1,0,3,0,-6,-14,-3,-15,-20,-3,-4,18,-7,-4,-7,21,-6,-16,1,0,0,0,-14,-42,9,3,-14,17,8,6,14,-10,-1,5,11,10,9,27,5,-6,-2,2,2,-43,-16,-2,14,26,-1,15,-5,-29,-3,-7,19,5,9,2,19,8,-17,-11,-9,-1,-10,0,3,12,-15,-17,13,2,3,-19,-1,-2,-17,0,-24,-18,-7,-14,19,8,-1,-5,5,20,10,-4,14,-7,21,-6,-5,5,-5],"lows":[0,10,7,-3,0,0,3,-12,-1,10,4,-12,14,-11,7,-13,1,-5,4,0,19,0,-18,5,9,4,-38,16,16,-2,-10,14,35,-25,-2,9,20,-15,-16,0,0,1,5,-16,15,-26,3,13,0,-18,26,-7,-19,-2,0,8,13,-15,20,-5,-8,-5,-2,0,0,30,4,-1,-4,2,0,-1,-1,2,-1,0,-1,1,-1,5,5,0,10,5,3,0,-1,-10,-9,-10,-26,3,-2,0,0,0,-18,2,0,6,6,2,1,1,-23,-33,-40,16,21,-5,1,14,-1,22,-8,9,3,-2,13,7,14,26,-1,-10,6,-33,-18,0,-2,0,6,24,9,-34,-5,12,-24,9,34,0,-1,16,-4,0,-6,0,-33,3,4,7,2,-8,-16,-1,29,-21,-13,13,-25,0,-33,0,-15,-49,34,-2,14,3,13,0,5,17,-13,11,2,17,7,-7,-7,-32],"closes":[0,20,-7,-4,16,-13,0,-1,4,4,3,-11,14,-13,4,4,0,-26,24,-5,4,0,7,-20,16,-3,-22,10,6,-2,-10,22,27,-25,1,21,9,-19,-16,0,0,1,5,3,-4,-20,8,2,6,-17,19,-7,-13,-2,4,-2,13,5,0,6,-19,-2,-2,-3,37,-7,10,-6,-3,0,0,0,-2,3,-2,0,0,0,4,7,-2,14,1,10,-7,8,-9,-9,-6,-14,-23,2,-4,0,5,-3,-2,-16,31,-17,0,0,2,0,-13,-43,-22,30,-10,-6,16,8,13,-1,2,2,3,8,6,16,29,-4,1,-3,4,-40,-18,0,-2,16,17,5,13,-45,12,-6,-14,33,5,0,11,10,-15,4,-10,0,-25,15,-9,7,-2,-11,-16,27,2,-22,4,-2,-21,5,-41,-1,-17,-5,-2,3,27,-5,-4,8,20,6,-10,2,15,12,-5,-5,8,-40],"volumes":[8.63,2.26,5.63,1.13,2.15,69.41,54.39,58.14,76.89,2.63,77.25,6.0,3.56,85.08,6.84,77.06,103.26,86.57,70.05,84.71,1.5,1.5,92.71,88.17,140.94,1.5,17.25,15.01,2.63,1.13,14.25,4.51,6.14,5.28,2.26,19.78,6.3,8.78,7.96,1.5,1.5,1.2,5.65,126.75,1.2,124.5,102.0,1.3,4.77,144.23,4.13,2.63,102.39,123.69,92.12,100.43,3.0,27.39,3.0,9.46,33.54,8.46,24.13,3.68,34.67,29.88,12.2,60.52,10.37,5.25,1.5,3.46,10.82,11.25,6.75,3.75,22.8,12.0,31.45,44.28,16.13,71.98,26.29,39.47,24.23,24.15,31.73,55.15,90.08,87.06,117.04,65.26,39.01,52.47,59.12,77.54,115.38,69.86,60.42,98.83,92.25,29.25,42.4,31.58,59.78,116.49,151.25,90.17,138.84,75.75,101.51,90.75,90.32,99.75,81.0,21.75,72.75,60.92,22.5,53.63,57.41,52.88,27.75,42.81,61.53,94.67,100.54,34.19,15.76,67.41,132.77,83.02,69.27,86.78,100.59,17.64,102.69,66.07,46.94,61.53,156.45,67.0,92.91,41.03,52.15,38.39,107.92,55.11,57.18,27.38,68.23,57.57,36.9,38.47,25.08,45.85,76.52,39.75,104.57,65.85,116.31,82.63,122.89,218.34,113.78,97.47,58.14,75.92,21.75,35.25,91.41,50.52,124.45,78.05,81.0,74.52,50.71,66.17,114.95,145.27]}