{"timestamp":1375574400000,"multiplier":1.0E-5,"open":0.92615,"high":0.92627,"low":0.92608,"close":0.92608,"shift":60000,"times":[1260,1,1,1,1,1,1,1,1,1,1,1,1,1,1,1,1,1,1,1,1,1,1,1,1,1,1,1,1,1,1,1,1,1,1,1,1,1,1,1,1,1,1,1,1,1,1,1,1,1,1,1,1,1,1,1,1,1,1,1,1,1,1,1,1,1,1,1,1,1,1,1,1,1,1,1,1,1,1,1,1,1,1,1,1,1,1,1,1,1,1,1,1,1,1,1,1,1,1,1,1,1,1,1,1,1,1,1,1,1,1,1,1,1,1,1,1,1,1,1,1,1,1,1,1,1,1,1,1,1,1,1,1,1,1,1,1,1,1,1,1,1,1,1,1,1,1,1,1,1,1,1,1,1,1,1,1,1,1,1,1,1,1,1,1,1,1,1,1,1,1,1,1,1,1,1,1,1,1,1],"opens":[0,6,-5,7,-42,30,-37,38,-61,3,25,25,-12,-8,34,3,2,-25,3,-3,-3,-1,2,14,0,-25,11,-16,-6,15,-2,-18,7,12,-39,-32,60,-13,-14,1,-15,-3,-4,-5,0,23,-1,26,-2,-22,-6,12,-35,2,-8,0,-27,16,4,5,41,6,-22,-29,10,10,-8,9,-13,-4,0,18,7,20,26,-1,3,-12,20,-7,8,10,-13,6,17,12,-7,1,-8,-8,-8,23,-17,-3,-10,8,-5,-6,-13,-36,37,-18,0,-2,-20,5,25,-14,6,14,-40,-7,-7,-7,-25,28,-21,0,-6,-6,10,-8,12,30,4,-4,1,-2,-6,6,-6,10,21,-16,13,9,-6,-15,6,-11,-7,-2,5,2,-8,0,-10,-27,8,-14,-4,6,8,29,14,-2,12,-16,2,-12,-3,-26,-12,1,17,-15,-3,3,10,6,1,18,25,19,-26,4,-22,-19,2,1],"highs":[0,0,-1,14,-20,6,2,0,-52,10,18,0,-3,34,-9,10,5,-6,-13,-11,4,-7,1,19,10,-28,17,-27,-6,4,0,-11,11,-1,-36,16,5,14,-39,5,-11,-8,-2,11,-5,14,41,-10,23,-54,4,11,-39,-6,-8,7,-24,16,-6,77,-28,-7,-22,-19,36,-7,4,-13,-11,-4,17,7,32,20,0,-9,-4,24,-5,3,13,-7,-5,12,16,3,7,-7,-3,-14,9,-8,-9,-1,-5,7,-12,-1,-30,1,1,-18,0,0,-11,18,13,-15,9,0,-21,-16,-5,-7,-10,0,-8,-13,2,5,-5,6,29,20,-9,1,-2,-3,-10,-3,5,19,1,2,11,0,-7,-10,1,-6,-4,-2,6,-13,4,0,-7,-30,4,-12,-1,14,27,16,-4,1,0,-5,-3,-14,-5,0,-29,15,-8,5,-7,8,5,0,14,40,0,0,-15,-1,-29,-6,1,0],"lows":[0,4,1,-19,-14,-1,-12,7,-27,1,15,31,-21,7,-20,-7,0,42,6,-5,-31,29,0,6,-20,-12,-4,-5,-1,28,-15,-5,-5,-16,-32,4,32,-19,-13,15,4,-8,-5,1,-19,18,7,33,-7,-13,-15,-5,-9,-2,0,-16,-10,16,1,8,23,-6,-26,-10,8,3,16,-2,-10,-1,5,17,1,20,21,-4,-1,7,10,-4,15,-2,-1,6,10,9,1,-6,-6,-38,29,9,-7,-9,0,-5,-3,-16,-34,-2,15,-3,4,-6,-11,5,21,-14,-1,-17,-1,-3,-10,-23,-1,8,-7,-16,7,-6,6,5,10,27,-3,8,-2,-4,-5,0,3,4,13,-3,14,-10,1,-4,-13,1,2,-2,0,-9,0,-2,-21,-23,12,-5,-10,16,-10,47,3,-3,12,-9,-12,-6,-12,-12,-13,10,-2,4,-3,3,9,0,8,12,31,-12,-2,-17,-12,-2,3,-7],"closes":[0,8,-3,-19,5,-20,49,-48,-33,28,14,7,-19,30,14,10,-22,-1,-5,-7,-7,9,-1,14,-3,-11,-9,-1,-4,8,-20,6,7,-35,-32,60,-2,-32,2,-7,3,-1,-17,5,7,24,13,-3,-11,-13,6,-25,5,-11,-8,-16,-2,21,-12,47,-2,-18,-19,6,3,6,2,-10,-6,-4,31,-11,18,52,-12,-12,-5,21,8,-5,12,-14,6,5,15,5,-5,-1,-11,7,-5,4,-6,-17,19,-16,10,-24,-42,38,-29,2,-1,-7,0,25,-2,-6,1,-35,9,-12,3,-37,27,-12,-9,-12,14,-13,8,7,18,13,-5,3,0,2,-13,3,2,14,0,6,7,-7,5,-13,9,-11,1,1,-5,-8,2,-12,-20,-2,2,-6,-10,11,42,3,5,-6,7,-10,-19,-6,-9,-8,-20,27,-15,10,-12,22,-6,10,6,25,23,-30,16,-29,-10,-7,2,7],"volumes":[123.33,101.99,50.18,124.94,165.93,83.68,72.7,43.08,134.92,147.81,56.74,43.75,42.62,69.8,31.36,94.98,111.25,78.79,32.21,40.57,117.63,60.27,48.84,51.26,68.64,72.79,134.62,70.37,75.6,88.11,110.24,83.9,93.35,70.16,77.28,88.94,104.72,134.03,51.86,64.59,68.93,79.63,57.88,134.62,73.4,89.08,300.77,237.2,163.56,116.34,104.19,164.06,112.86,60.65,150.49,140.27,107.18,55.94,82.44,105.62,93.14,87.25,110.22,157.21,174.02,167.25,181.13,221.69,230.06,168.33,150.04,140.66,155.0,138.0,238.77,252.1,296.32,324.09,271.83,309.84,225.21,291.82,223.62,382.53,338.35,204.33,207.63,174.02,268.32,336.77,163.18,152.61,142.92,132.91,157.0,160.74,140.87,129.18,147.53,114.62,89.29,83.03,64.68,113.1,128.7,96.7,133.02,97.66,121.28,141.23,186.1,140.3,124.93,206.67,152.76,131.95,161.69,84.31,96.76,193.62,146.24,187.45,280.32,168.65,191.61,136.74,134.08,205.59,158.17,167.99,183.34,102.5,69.29,61.03,66.45,110.18,128.6,123.05,116.97,95.6,56.14,95.75,61.58,88.47,68.12,81.11,107.41,101.37,140.26,79.64,111.72,120.25,188.16,247.35,48.89,152.06,51.48,61.09,97.4,97.16,115.45,108.28,141.52,242.4,116.63,124.13,76.66,120.35,96.74,76.46,99.76,141.85,149.65,149.18,166.07,158.15,141.3,94.49,101.25,162.35]}