{"timestamp":1377388800000,"multiplier":1.0E-5,"open":0.94907,"high":0.94917,"low":0.94906,"close":0.94907,"shift":60000,"times":[1260,1,1,1,1,1,1,1,1,1,1,1,1,1,1,1,1,1,1,1,1,1,1,1,1,1,1,1,1,1,1,1,1,1,1,1,1,1,1,1,1,1,1,1,1,1,1,1,1,1,1,1,1,1,1,1,1,1,1,1,1,1,1,1,1,1,1,1,1,1,1,1,1,1,1,1,1,1,1,1,1,1,1,1,1,1,1,1,1,1,1,1,1,1,1,1,1,1,1,1,1,1,1,1,1,1,1,1,1,1,1,1,1,1,1,1,1,1,1,1,1,1,1,1,1,1,1,1,1,1,1,1,1,1,1,1,1,1,1,1,1,1,1,1,1,1,1,1,1,1,1,1,1,1,1,1,1,1,1,1,1,1,1,1,1,1,1,1,1,1,1,1,1,1,1,1,1,1,1,1],"opens":[0,-5,1,-6,-36,23,4,-8,-4,-3,10,-5,19,-27,-9,21,15,-86,24,12,19,-59,-28,93,-25,-27,1,25,20,-37,24,0,4,13,-24,5,-36,-37,46,-2,14,-15,-8,8,13,30,5,29,-29,18,-10,-16,0,13,-4,-14,-3,-1,3,-11,20,30,-7,0,-29,-19,41,-4,-6,-11,-6,32,-14,2,-16,-16,24,-5,-7,3,4,-7,7,-9,18,5,-9,57,-9,3,9,-15,-17,0,17,-32,0,-15,5,10,28,-1,14,24,-19,-23,-36,4,12,-1,7,-13,30,17,-55,4,-8,5,-26,1,9,-12,41,-14,-4,-10,-23,24,1,2,-12,-2,10,16,-9,11,18,-22,14,-22,8,-1,8,-9,7,5,2,-9,15,-19,-10,-1,12,-7,-11,-25,-6,10,-3,-5,-4,-2,26,-25,-3,11,-7,12,7,-22,6,-8,2,12,-10,26,-25,5,2,0],"highs":[0,-5,59,-59,-1,0,-7,23,-20,-24,24,-11,10,0,2,-1,-10,-40,29,-25,16,-58,76,-8,-29,-28,0,54,-10,-36,28,-4,17,13,-36,6,-36,3,12,2,29,-41,3,4,26,21,67,-53,-18,6,-1,-15,25,-4,-11,-10,-8,4,-1,-8,57,-21,-4,-3,-29,38,-4,-4,-13,36,-10,-4,-10,2,-17,-6,8,-2,-6,8,-5,7,-5,4,2,2,45,6,-2,3,-4,-14,-7,6,-2,-19,-11,-3,14,16,8,12,16,0,-8,-17,-21,-8,2,0,3,12,27,-2,-54,2,-8,-2,-16,14,-9,20,30,-30,-3,-14,-1,9,-2,-11,1,1,12,10,-3,7,33,-21,-12,-6,-1,20,1,-22,8,14,3,-15,-2,-5,-4,-8,15,-4,-30,-11,2,0,-3,-4,-11,23,-5,-3,-1,-3,6,11,-9,-15,-6,3,10,0,9,0,-10,-8,22,-8],"lows":[0,-6,-53,-1,11,-1,32,-27,-2,13,6,-4,21,-45,-16,0,-89,35,55,-55,86,-86,-1,68,-5,-22,0,26,13,-32,26,-2,6,-15,3,-7,-23,-37,39,5,5,-19,5,7,14,22,13,3,-15,10,2,-9,1,5,-1,-15,0,2,1,-9,16,17,-1,-22,-24,-2,51,-25,2,-38,25,28,-7,-3,-22,2,17,-6,1,-4,-1,5,-3,1,5,4,5,48,-10,-16,5,5,-7,3,-9,-13,-10,-2,9,6,17,12,16,8,-22,-38,-2,4,10,-4,-1,0,25,-44,-2,7,-4,-10,-6,2,-15,12,32,-12,-7,-18,-9,27,-5,-3,-7,-10,25,3,4,4,4,-16,11,-19,20,2,-3,-10,6,18,-14,0,-1,-7,0,-12,12,-12,-14,-14,3,10,-8,-12,-8,14,-13,8,2,0,-4,16,-11,-13,8,4,0,-1,-1,6,-6,-5,12,-6],"closes":[0,-4,-8,0,-13,-1,11,-15,30,-24,4,-2,12,-20,4,-45,-91,85,32,-49,55,-88,115,-43,-6,-24,-1,51,-13,-30,28,-6,17,-26,5,-3,-29,14,-12,14,-4,-17,7,11,23,17,33,-29,9,-14,9,-14,22,-10,-2,-22,5,2,-1,-8,33,6,0,-29,-24,39,10,-22,3,-24,57,-20,9,-25,-22,15,7,-9,14,-16,13,3,-15,19,-9,-1,64,-9,-3,13,-19,-6,-5,2,-5,-20,-9,0,12,14,13,25,16,-12,-19,-45,6,6,3,-3,-5,18,18,-44,-7,1,-4,-10,-5,3,-10,30,8,-10,-5,-23,13,9,0,-2,-12,16,10,-10,2,11,1,11,-21,2,0,10,-9,6,13,0,-13,13,-9,-17,-2,10,-7,-11,-11,-13,11,-8,6,-25,13,9,-25,10,17,-13,19,-6,-5,-19,11,-7,12,0,2,-8,-10,12,6,-6],"volumes":[37.38,42.84,87.16,77.19,65.0,44.5,34.01,79.74,40.18,60.11,47.46,55.62,26.5,27.02,177.67,116.71,145.7,53.55,63.9,99.94,70.66,95.44,71.22,47.73,80.2,52.99,112.9,109.46,81.38,93.9,60.97,100.94,82.48,72.51,72.47,143.28,120.82,96.14,94.5,70.41,95.39,154.93,124.46,66.09,122.02,111.55,126.01,121.87,102.9,88.85,140.05,124.09,95.61,133.55,105.58,105.29,213.16,243.65,237.81,163.37,132.71,165.75,237.7,182.11,268.51,241.68,208.81,415.14,313.25,264.58,163.37,175.3,194.12,209.57,177.01,130.81,77.02,131.16,118.05,171.81,182.12,242.2,276.3,203.54,231.36,264.16,250.13,174.59,321.96,442.14,162.38,146.38,181.78,100.66,179.49,166.9,107.5,130.01,93.16,133.87,166.13,132.71,110.16,100.4,171.13,170.77,155.04,154.74,68.87,140.49,174.91,132.34,144.43,228.27,213.19,222.81,198.34,125.53,209.49,172.21,253.42,106.81,105.73,97.71,128.92,135.13,82.34,82.71,109.94,84.2,74.28,126.06,53.98,216.52,95.46,58.42,118.91,155.64,95.41,191.41,107.65,100.78,151.23,144.5,94.67,69.39,120.37,122.7,122.49,129.95,46.96,83.96,98.92,61.38,76.66,120.89,78.92,49.44,80.44,114.07,122.63,73.69,121.96,128.52,113.69,117.78,89.05,150.58,90.32,71.03,59.76,85.65,126.67,166.75,157.23,133.24,118.49,126.97,110.83,140.05]}