{"timestamp":1375574400000,"multiplier":1.0E-5,"open":1.52918,"high":1.52925,"low":1.52885,"close":1.52915,"shift":60000,"times":[1260,1,1,1,1,1,1,1,1,1,1,1,1,1,1,1,1,1,1,1,1,1,1,1,1,1,1,1,1,1,1,1,1,1,1,1,1,1,1,1,1,1,1,1,1,1,1,1,1,1,1,1,1,1,1,1,1,1,1,1,1,1,1,1,1,1,1,1,1,1,1,1,1,1,1,1,1,1,1,1,1,1,1,1,1,1,1,1,1,1,1,1,1,1,1,1,1,1,1,1,1,1,1,1,1,1,1,1,1,1,1,1,1,1,1,1,1,1,1,1,1,1,1,1,1,1,1,1,1,1,1,1,1,1,1,1,1,1,1,1,1,1,1,1,1,1,1,1,1,1,1,1,1,1,1,1,1,1,1,1,1,1,1,1,1,1,1,1,1,1,1,1,1,1,1,1,1,1,1,1],"opens":[0,-10,12,-26,-29,12,-12,1,51,-9,31,-34,17,43,-52,48,3,-20,2,-30,-12,-6,7,8,35,-15,-33,-8,1,-2,0,-5,17,-10,1,-1,-7,-20,-5,13,-28,-7,2,-1,-9,0,0,22,-1,-5,-7,-25,40,13,-44,19,-7,1,-10,5,-6,0,8,1,-5,-5,-8,19,-3,-5,20,-7,5,-20,17,-5,-9,5,-3,3,8,-15,14,4,7,3,26,-7,22,1,-3,-11,0,-11,-34,-1,-21,32,-16,-17,20,-7,-6,6,-4,18,14,7,-6,6,-2,9,-1,-12,0,2,1,-1,-3,-9,8,-1,-14,-19,0,0,0,10,0,-1,-13,6,10,14,3,-3,1,-13,7,-3,-2,3,18,15,-7,-9,1,-17,-19,-2,-3,2,2,7,1,2,6,-7,6,11,-21,-2,3,-1,0,0,-2,26,-3,-1,-6,12,0,-1,-1,-7,15,-1,1,0],"highs":[0,-6,15,4,-62,1,0,51,-11,5,17,-17,0,44,-2,11,-11,-20,38,-66,-10,-1,29,7,7,-10,-38,-8,1,-2,1,6,5,-9,0,0,-8,-13,6,4,-37,0,-5,1,-11,2,21,-1,-1,-5,-7,18,34,-24,-18,-7,13,2,-13,-2,-8,2,0,-2,-4,-6,12,2,-6,15,0,-4,2,-5,2,-5,5,-6,4,6,-1,-5,5,10,1,36,-10,14,9,-9,-2,-12,0,-11,-33,-2,17,-3,-14,-2,3,-10,1,-1,14,21,0,0,9,-9,8,-1,-1,-10,0,1,0,-1,-3,2,-3,-1,-14,-19,1,0,13,-4,0,-1,-7,19,10,0,-2,3,-5,-1,-5,-3,5,25,0,5,-6,-10,0,-17,-17,-2,-2,0,11,8,1,9,-10,2,6,0,-19,0,2,-4,0,0,23,4,-6,-1,5,7,-6,-1,-1,10,0,-2,0,2],"lows":[0,23,-16,-30,-3,18,-12,1,51,-9,0,-3,4,55,-51,48,2,-19,-28,-12,0,-6,7,8,14,-27,-9,1,1,-2,-22,17,7,0,-5,5,-38,1,1,-12,-6,0,2,-23,12,0,-1,23,-5,-8,-24,0,-7,-3,19,11,0,-10,-3,-3,2,2,-1,-3,-4,2,0,15,-4,0,13,-3,-10,-15,19,-3,0,2,0,3,-5,-2,14,2,8,1,21,1,22,-2,-13,1,-10,-39,4,-27,6,6,-13,5,12,-4,-4,4,2,18,13,0,2,3,1,8,-12,0,0,1,0,0,-8,-3,6,-13,-20,1,0,0,0,10,-1,-15,2,6,10,14,-5,5,-17,-5,-1,13,-6,9,18,-2,-1,0,-15,-20,0,-3,0,1,-21,31,-4,3,2,-2,4,-2,-5,0,2,0,-2,0,0,23,-1,-2,-7,3,10,0,-26,19,8,6,0,-2],"closes":[0,2,-23,-32,13,2,-5,56,-11,5,-14,14,0,44,-2,11,-12,-19,-28,-12,0,1,14,18,-4,-33,-9,1,1,-2,-5,12,-5,1,-6,6,-30,-2,17,-29,-10,6,-5,-11,0,1,18,4,-6,-8,-24,42,11,-45,19,-6,0,-9,5,-3,-5,10,3,-7,-4,-9,18,-3,-4,20,-7,1,-14,13,0,-11,6,-5,0,14,-16,12,2,9,0,33,-12,21,3,-3,-11,-1,-10,-30,-5,-25,36,-15,-21,23,-7,-6,6,-4,18,15,5,-4,8,-5,10,-2,-12,0,2,1,-1,-1,-7,4,-1,-14,-19,0,0,0,10,0,-1,-13,6,10,14,3,-3,2,-14,12,-10,0,3,18,9,1,-12,2,-18,-20,1,-1,0,0,8,1,-2,10,-7,6,11,-18,-5,3,1,-2,0,-2,24,-1,-1,0,5,1,-1,-1,-7,15,-1,1,0,2],"volumes":[20.75,1.51,6.06,30.49,53.18,1.0,7.13,15.63,9.0,12.75,3.88,6.0,5.75,4.75,8.13,3.5,2.0,1.13,38.43,32.28,22.5,7.75,9.25,17.75,32.17,20.17,10.27,2.26,2.51,4.52,9.65,8.02,5.65,3.64,3.14,4.77,25.89,26.52,19.52,43.94,11.03,14.52,1.75,24.55,4.14,19.68,33.63,4.0,9.02,8.88,18.91,26.13,77.91,11.38,27.01,6.0,22.0,49.64,25.0,29.28,48.11,26.25,20.25,24.75,41.44,16.25,20.82,17.38,21.14,23.95,6.89,16.52,24.42,35.12,15.52,11.52,11.76,13.9,5.77,17.23,40.53,11.84,22.34,41.48,29.5,79.91,17.56,64.24,30.26,2.0,36.26,22.79,23.47,69.87,12.0,77.35,37.89,56.39,45.36,38.66,35.1,15.38,25.95,24.51,39.82,31.75,19.0,27.5,28.0,17.44,19.0,9.0,37.13,13.38,13.5,18.0,16.69,2.5,9.38,18.77,11.63,23.01,24.14,6.19,11.25,11.94,17.69,5.0,5.94,29.94,24.88,33.69,27.79,13.0,27.51,8.0,24.57,31.44,30.33,2.5,28.48,43.4,16.81,34.91,21.39,8.75,24.88,27.25,8.25,10.0,6.25,8.19,57.84,60.73,26.91,58.22,29.26,25.7,25.69,30.21,25.07,13.88,9.63,6.78,13.26,14.46,24.83,8.19,7.5,6.0,19.3,37.59,8.63,9.19,42.59,45.82,23.69,13.5,9.5,24.32]}