{"timestamp":1375574400000,"multiplier":0.001,"open":1312.393,"high":1312.423,"low":1311.203,"close":1311.313,"shift":60000,"times":[1320,1,1,1,1,1,1,1,1,1,1,1,1,1,1,1,1,1,1,1,1,1,1,1,1,1,1,1,1,1,1,1,1,1,1,1,1,1,1,1,1,1,1,1,1,1,1,1,1,1,1,1,1,1,1,1,1,1,1,1,1,1,1,1,1,1,1,1,1,1,1,1,1,1,1,1,1,1,1,1,1,1,1,1,1,1,1,1,1,1,1,1,1,1,1,1,1,1,1,1,1,1,1,1,1,1,1,1,1,1,1,1,1,1,1,1,1,1,1,1],"opens":[0,-1050,-10,-76,296,260,-150,230,80,390,-100,-550,-297,7,0,40,70,320,600,170,120,30,0,140,1530,80,-600,24,43,-47,190,50,31,-185,24,-20,-14,18,-34,-159,119,-90,-190,203,47,80,20,0,-103,13,-30,0,-130,-338,108,-70,6,-10,-126,30,310,-150,-140,-510,-550,50,30,350,-90,-170,20,443,-86,-85,111,-238,25,28,80,178,-16,-200,-246,31,-85,9,51,-159,-294,-38,-243,205,119,-36,88,49,109,-87,407,-143,-235,-206,-6,65,-5,10,158,87,70,-95,317,294,90,-261,-20,230,-80,-230,-100,-330],"highs":[0,-1040,-50,190,305,67,28,102,371,147,-280,-550,-70,-20,-70,110,183,607,450,-140,15,37,38,1550,151,-31,-380,-160,30,220,-70,81,-30,6,-164,-23,60,-56,83,10,-146,-111,41,52,307,-108,-132,33,-123,10,-34,-6,-130,-230,20,-90,125,-129,-126,360,-20,-150,-140,-510,-430,-70,470,-50,-130,-90,618,-235,-46,-42,76,-240,89,60,100,165,-8,-357,-83,-132,-85,85,-25,-159,-201,-103,-55,177,11,21,57,102,-50,349,-29,-143,-235,-122,-12,29,-3,201,119,158,-122,430,-8,137,99,-331,-2,155,-80,-230,-90,-300],"lows":[0,-140,-116,276,200,160,80,230,80,290,-550,-460,163,7,0,40,70,290,630,110,180,0,0,170,1130,-140,-10,-20,0,70,190,-140,10,11,-1,-70,28,37,-165,1,29,-220,-10,117,105,148,20,-242,139,-67,1,-81,-390,-90,170,-187,167,-100,-50,80,110,-120,-370,-840,130,100,30,270,-200,20,20,250,-60,70,-150,27,3,-70,208,62,-300,-110,10,20,-40,29,-107,-342,9,-228,-221,380,-32,142,10,131,29,-7,275,-449,-57,48,-86,58,48,-38,178,-74,234,-98,239,412,-193,-50,-70,170,-170,10,-460,-100],"closes":[0,10,-67,267,290,-190,285,65,390,-100,-550,-300,10,0,40,70,294,626,170,120,30,-30,110,1540,149,-619,40,20,-70,220,30,81,-205,-16,10,-14,34,-45,-165,140,-110,-220,214,96,70,0,0,-111,21,-23,-7,-130,-357,127,-70,-14,10,-126,-50,410,-200,-140,-370,-620,70,-60,410,10,-320,40,462,-112,-67,72,-238,33,90,20,180,-30,-190,-194,-1,-65,-26,66,-143,-337,17,-256,201,177,-109,141,-43,152,-80,400,-132,-207,-230,-21,78,-18,-20,188,157,-39,-26,280,272,142,-314,10,75,95,-210,-100,-460,50],"volumes":[0.0168,0.00644,0.00588,0.0034,0.0065,0.0088,0.0024,0.002,0.0081,0.0071,0.0042,0.0094,0.0032,0.0022,0.0033,0.0074,0.003,0.0103,0.0075,0.0042,0.0013,0.0025,0.0026,0.0158,0.0123,0.01,0.0047,0.0041,0.0026,0.0054,0.0051,0.0037,0.0029,0.0021,0.0024,0.0018,0.0016,8.0E-4,0.0024,0.0056,0.0015,0.0046,0.0062,0.0053,0.0191,0.0021,0.0012,0.0037,7.0E-4,0.0026,0.002,0.0016,0.0041,0.0043,0.0028,0.0022,0.0026,9.0E-4,0.0015,0.0057,0.0054,0.003,0.0033,0.0111,0.0063,6.0E-4,0.0057,0.003,0.003,0.0024,0.005,0.0066,0.0045,9.0E-4,0.002,9.0E-4,0.0055,0.0033,9.0E-4,0.0026,0.0043,0.0036,0.0024,6.0E-4,6.0E-4,0.0024,0.0013,0.0048,0.0032,0.0032,0.005,0.0029,0.0027,7.0E-4,0.0019,0.0027,9.0E-4,0.0039,0.001,0.0099,0.0043,0.0036,0.0015,0.0022,0.0011,0.0076,0.001,0.0086,0.0048,0.0108,0.0144,0.0014,0.0037,0.0062,0.0033,0.0018,0.0032,6.0E-4,0.0045,0.0028]}