{"timestamp":1550966400000,"multiplier":1.0E-5,"open":0.71346,"high":0.71352,"low":0.71344,"close":0.71352,"shift":60000,"times":[1320,1,1,1,1,1,1,1,1,1,1,1,1,1,1,1,1,1,1,1,1,1,1,1,1,1,1,1,1,1,1,1,1,1,1,1,1,1,1,1,1,1,1,1,1,1,1,1,1,1,1,1,1,1,1,1,1,1,1,1,1,1,1,1,1,1,1,1,1,1,1,1,1,1,1,1,1,1,1,1,1,1,1,1,1,1,1,1,1,1,1,1,1,1,1,1,1,1,1,1,1,1,1,1,1,1,1,1,1,1,1,1,1,1,1,1,1,1,1,1],"opens":[0,6,-3,5,-37,28,6,-27,16,17,-2,9,56,-70,12,1,31,6,-46,0,4,-6,33,8,8,-13,-27,1,0,-1,2,1,-48,56,4,-1,0,-1,1,0,2,9,-17,-3,-2,-2,30,6,0,-10,3,40,58,40,-4,7,-3,-40,-29,-4,3,23,-16,8,6,-4,-1,-10,1,-2,-4,9,-3,-3,-8,-8,-13,5,8,5,-2,4,3,1,10,11,10,15,3,-11,-12,0,7,-20,1,0,1,-1,-9,0,0,15,3,19,-7,52,-1,-11,-11,11,2,19,8,-20,3,0,9,0,2,9],"highs":[0,6,-4,1,31,-22,-12,-9,14,2,5,50,10,-43,-18,32,8,-3,-46,5,-1,28,15,-8,8,-13,-23,3,-3,0,8,20,-1,-15,-1,1,4,-6,0,2,30,-6,-32,30,-34,30,12,-7,-1,-7,42,63,40,-1,4,-6,-5,-39,-30,4,19,5,-8,1,1,-3,-3,-7,-2,-1,14,-10,-2,-3,-8,-10,-2,3,5,4,3,3,-3,8,11,11,25,-7,5,-16,-11,6,0,-20,0,1,0,-1,-9,3,13,1,26,1,40,13,-15,-12,0,4,18,14,-7,-14,-1,8,-1,3,19,-5],"lows":[0,-15,19,-31,0,7,-16,9,22,17,-2,9,-14,0,12,2,31,-43,0,2,0,-1,33,8,-5,-40,11,1,0,0,-4,3,-54,62,8,0,0,-1,1,0,-1,-6,-4,-1,-4,3,28,2,-4,-2,0,45,57,32,3,6,-40,-42,8,1,-7,17,-1,9,-2,3,-11,-7,5,-6,3,6,-3,-9,-6,-13,-1,5,9,4,-2,5,0,4,8,13,10,15,-8,-12,-2,1,-12,0,0,1,-1,-8,0,0,0,13,-5,21,1,37,0,-9,1,9,4,19,-13,1,1,2,8,0,3,6],"closes":[0,1,-5,-31,28,13,-34,16,17,1,5,46,-60,13,1,29,8,-48,-1,8,-6,33,7,0,-5,-28,3,0,-1,3,0,6,1,5,-2,0,0,0,0,2,19,-27,-4,-1,-5,36,4,0,-11,1,42,58,40,-3,6,-3,-40,-29,-3,3,23,-17,9,4,-2,-1,-12,2,-2,-6,11,-2,-3,-10,-6,-13,3,8,7,-2,3,3,2,8,11,9,16,4,-11,-12,0,8,-21,1,0,1,-2,-8,0,0,15,0,21,-6,53,-4,-11,-9,11,3,18,9,-21,4,-1,10,-1,1,9,2],"volumes":[7.5,16.5,4.86,21.35,19.53,3.41,45.0,36.5,37.25,24.0,56.0,56.0,38.59,48.87,8.74,33.6,34.93,38.77,12.25,26.0,15.0,36.06,23.79,5.67,7.81,22.5,24.0,31.0,26.0,29.0,46.5,98.57,132.38,41.2,15.71,12.33,20.09,48.21,10.63,12.54,116.36,120.48,41.63,75.38,58.54,133.71,61.9,66.68,43.59,31.57,127.8,194.76,263.75,116.34,53.87,140.92,114.77,147.46,36.69,64.71,129.95,89.17,85.25,72.67,91.89,31.76,29.88,87.85,57.13,78.34,163.53,94.01,37.19,55.31,47.02,126.08,47.95,37.25,35.5,34.75,107.62,89.23,48.66,43.25,22.31,100.41,124.79,33.53,59.69,68.13,56.33,19.88,57.43,39.97,26.0,20.94,38.32,32.74,28.32,54.55,53.37,71.07,110.82,53.91,58.91,99.28,75.47,32.57,45.07,84.51,86.64,130.03,67.62,25.69,26.44,33.2,48.64,27.04,81.44,83.11]}