{"timestamp":1549152000000,"multiplier":0.001,"open":24999.47,"high":25010.469,"low":24989.47,"close":25004.47,"shift":60000,"times":[1380,1,1,1,1,1,1,1,1,1,1,1,1,1,1,1,1,1,1,1,1,1,1,1,1,1,1,1,1,1,1,1,1,1,1,1,1,1,1,1,1,1,1,1,1,1,1,1,1,1,1,1,1,1,1,1,1,1,1,1],"opens":[0,3999,13500,-1000,-7999,13500,-9000,0,5500,999,1500,-10000,3500,500,-2500,0,4001,999,1000,0,-2000,-999,0,-1001,-500,500,500,-3500,2001,-1000,-2001,2501,6999,6500,4000,-6000,1501,1999,-1000,1501,5000,-5000,-1,-1000,6500,-3500,-999,4000,-1,1000,5000,-5500,2001,500,-1001,501,-2501,1500,-1000,-1000],"highs":[0,12001,-3500,-1501,7001,-3000,-6500,4999,1,1499,-1000,-2999,-1500,-1001,-2999,6000,-2000,2499,-499,0,-1500,-1001,-499,-501,1,-500,1500,-3501,1500,0,-1000,9500,3001,7499,-1000,-3499,-1000,499,500,5501,999,-5499,-1001,5000,1001,-2500,3499,-1000,-499,7999,-999,-4000,-501,1,-501,1500,-1999,499,-2000,-499],"lows":[0,13000,9499,-5999,999,6501,-1501,501,4500,1500,-8501,0,3500,-2500,0,1000,2001,2999,1,-501,-1000,-2000,0,0,0,-500,-1500,-1499,1500,-1501,0,2501,6499,7000,-2999,499,501,2499,0,1501,-1001,1,-4000,3999,2500,-2000,501,2500,1999,1500,-3000,2001,1999,-2000,-999,499,0,1000,-3500,1000],"closes":[0,10499,1000,-8499,15999,-9999,-500,6000,999,1,-9001,2500,1500,-4000,500,4001,500,2499,-999,-1001,-1000,0,-999,-1001,1000,-499,-2501,500,-499,-1501,2001,6500,6500,4000,-6000,3000,1000,-501,1000,6001,-6500,1499,-3499,7999,-2500,-999,3000,999,1,7499,-8000,3001,-1001,-1500,1500,-2500,2500,-999,-2001,-1000],"volumes":[0.01456,0.01152,0.00852,0.00588,0.00564,0.00516,0.0036,0.00396,0.00252,0.00228,0.006,0.00384,0.00192,0.003,0.00108,0.00336,0.00156,0.00168,0.00108,0.00192,0.00108,0.0012,0.00108,6.0E-4,8.4E-4,0.00132,8.4E-4,0.00156,0.0012,0.00192,0.00144,0.00444,0.00312,0.006,0.00192,0.00468,0.00264,7.2E-4,0.00132,0.00264,0.0036,9.6E-4,0.003,0.00276,0.00432,0.00396,0.00252,0.00204,0.00144,0.00336,0.00432,0.00228,3.6E-4,0.00216,0.003,0.00288,0.00276,0.00132,0.00432,0.00336]}