{"timestamp":1550361600000,"multiplier":1.0E-5,"open":1.32492,"high":1.32497,"low":1.32492,"close":1.32497,"shift":60000,"times":[1320,1,1,1,1,1,1,1,1,1,1,1,1,1,1,1,1,1,1,1,1,1,1,1,1,1,1,1,1,1,1,1,1,1,1,1,1,1,1,1,1,1,1,1,1,1,1,1,1,1,1,1,1,1,1,1,1,1,1,1,1,1,1,1,1,1,1,1,1,1,1,1,1,1,1,1,1,1,1,1,1,1,1,1,1,1,1,1,1,1,1,1,1,1,1,1,1,1,1,1,1,1,1,1,1,1,1,1,1,1,1,1,1,1,1,1,1,1,1,1],"opens":[0,5,0,4,1,36,-39,-1,19,-1,2,5,-5,2,-11,-7,1,11,0,-6,3,-4,-4,1,-6,1,-1,-1,0,1,3,4,-8,-1,3,18,3,-17,1,-1,-4,0,2,1,6,-4,2,1,1,-4,-2,0,1,-2,2,0,-1,1,0,-5,6,-15,-20,-2,-9,7,0,9,-2,-6,4,-3,-2,1,-3,11,-3,-4,1,0,0,0,2,-1,-1,-8,-18,-2,-4,-1,-2,-2,-1,-4,-11,-2,-2,-5,-6,-4,0,-1,-1,0,2,-2,2,-2,1,2,3,-3,10,3,0,0,0,-6,4,-2],"highs":[0,0,4,1,39,-3,-39,20,0,2,4,2,-5,-2,-7,-4,5,5,-5,-4,2,-1,6,-7,3,-12,-2,6,-4,1,3,0,-7,3,15,4,2,-14,0,-2,-5,3,-1,6,-1,-3,5,0,-2,-4,0,2,-2,-2,5,-1,-1,1,4,-5,34,-50,-19,1,-4,0,7,0,-2,0,-1,-4,-1,0,6,4,-3,-5,0,1,0,1,0,0,0,-10,-16,-1,-6,-1,-2,-1,-3,-4,-11,-2,-1,-6,-6,-3,0,-1,0,0,0,2,0,-2,5,0,-1,7,3,1,-1,0,0,-2,0,0],"lows":[0,5,0,-3,7,-5,1,0,19,0,2,0,0,-11,-5,0,0,5,1,0,-4,-5,0,-1,0,0,-1,-1,0,0,1,0,-1,0,3,18,-14,0,-1,-5,0,0,0,5,0,1,-1,3,-2,-1,-1,0,0,-1,0,2,0,-4,0,0,-9,-21,-4,-13,5,7,2,8,-7,-2,1,0,-1,-1,0,9,-5,0,0,-1,1,0,1,-4,-4,-18,-2,-7,-2,-3,3,-2,-5,-11,0,-7,0,-6,-6,2,-2,-1,1,0,0,0,0,-2,3,-2,5,-1,10,2,0,1,-6,0,2,0],"closes":[0,0,4,1,35,-38,-1,21,-2,1,7,-4,-2,-12,-5,2,6,3,-3,0,1,-10,2,-3,-2,0,0,-2,4,2,2,-7,0,4,15,4,-16,0,-2,-3,2,0,1,7,-5,1,2,2,-5,-2,-1,2,-1,-2,3,-1,2,0,-6,4,-12,-19,-6,-7,6,2,7,0,-6,3,-4,-1,0,-1,8,1,-5,-1,1,0,1,-2,1,2,-9,-19,-2,-4,-2,-3,0,-1,-6,-10,-1,-2,-5,-6,-4,0,-1,0,-1,2,-1,2,-3,1,2,3,-2,7,5,0,0,0,-6,4,-1,1],"volumes":[5.98,5.25,3.75,7.5,5.98,16.81,12.89,20.86,6.25,17.5,11.5,13.75,10.5,20.0,8.0,24.0,32.5,38.75,14.5,10.0,30.0,29.12,15.62,42.12,52.25,13.25,15.5,37.85,24.49,23.49,25.25,26.5,23.48,38.95,46.25,39.0,34.0,10.5,29.5,42.62,41.75,54.49,42.25,39.0,41.0,24.0,46.0,34.0,34.0,29.0,28.5,26.0,24.5,20.5,17.75,20.0,20.5,44.75,41.5,29.5,147.72,103.41,55.15,126.16,67.3,13.02,25.23,9.12,18.99,25.97,26.6,24.09,19.11,26.66,23.73,56.37,34.36,28.0,19.62,51.94,90.54,66.9,50.95,81.47,83.48,68.06,109.86,140.49,35.37,59.5,81.44,102.43,51.62,69.87,29.72,45.84,10.0,65.72,54.5,25.5,64.98,120.29,101.5,23.0,64.12,102.46,62.27,36.19,27.62,36.0,3.0,16.5,16.0,18.0,17.0,9.0,15.0,20.0,25.99,25.6]}