{"timestamp":1549756800000,"multiplier":1.0E-5,"open":1.32667,"high":1.32667,"low":1.32667,"close":1.32667,"shift":60000,"times":[1320,1,1,1,1,1,1,1,1,1,1,1,1,1,1,1,1,1,1,1,1,1,1,1,1,1,1,1,1,1,1,1,1,1,1,1,1,1,1,1,1,1,1,1,1,1,1,1,1,1,1,1,1,1,1,1,1,1,1,1,1,1,1,1,1,1,1,1,1,1,1,1,1,1,1,1,1,1,1,1,1,1,1,1,1,1,1,1,1,1,1,1,1,1,1,1,1,1,1,1,1,1,1,1,1,1,1,1,1,1,1,1,1,1,1,1,1,1,1,1],"opens":[0,15,4,-19,7,-1,17,0,-1,1,-3,2,1,0,0,1,-3,6,-2,-5,0,-7,-1,4,2,-3,1,0,-2,1,3,3,0,7,1,6,6,-2,-7,-4,-24,-2,1,-1,7,1,0,-1,1,-1,0,1,-1,1,0,-1,1,0,-1,1,-12,39,27,12,28,4,-7,-2,-2,0,0,1,0,-1,0,-2,0,0,-8,2,7,-1,1,-1,1,4,-8,-3,3,-2,-3,-5,-6,11,-1,-3,5,-3,10,0,-1,7,-4,-6,1,0,0,-4,5,5,-6,-2,-2,-14,0,-4,13,2,0,8],"highs":[0,19,0,0,-12,19,-2,1,0,-1,1,-1,0,0,0,0,5,-2,0,-7,2,-9,5,0,1,-4,3,-1,-1,3,2,0,7,3,6,6,4,-5,-9,-5,-23,-1,3,3,0,0,0,-1,1,0,1,0,-1,0,0,0,0,0,0,0,27,30,8,28,5,1,-5,-5,3,-4,0,0,3,-3,-1,-1,0,1,-2,1,0,1,0,-1,2,3,-9,3,1,-6,1,-1,-2,10,-11,3,0,2,5,1,3,4,-7,-3,-3,0,0,-4,13,-3,-6,-2,-2,-11,-2,10,0,0,5,6],"lows":[0,15,-15,0,7,-5,15,-4,6,1,-1,1,3,-2,2,-5,3,4,-6,0,-6,-1,0,4,-1,0,0,1,-2,0,3,3,1,3,5,6,-3,0,-7,-26,0,1,2,0,7,0,0,0,0,0,-1,1,0,0,0,0,0,0,0,-12,-4,44,27,12,27,-6,-1,0,0,0,0,0,0,0,-2,1,0,-9,-5,8,6,0,0,0,0,-6,0,0,1,-3,-4,-12,5,9,-2,0,1,1,10,-5,3,0,-3,0,1,0,-7,0,9,-2,-2,-8,-6,-1,-8,3,13,0,1,8],"closes":[0,19,-19,19,-12,18,-3,2,-3,0,1,2,-1,1,-1,-1,4,0,-7,0,-4,-3,5,1,-3,0,1,1,-2,3,2,0,8,0,7,8,-4,-6,-6,-23,-5,5,-1,7,-1,0,1,-1,0,0,1,-1,0,1,-1,0,1,0,-1,-11,39,25,13,28,4,-6,-2,-3,2,-1,1,0,-1,0,-2,0,1,-9,2,6,0,0,0,0,0,-3,-2,2,-2,-2,-5,-6,9,-1,-1,3,-3,7,4,-1,6,-1,-8,1,-1,0,-3,-1,9,-5,-1,-2,-13,-1,-8,16,3,-2,7,3],"volumes":[1.12,1.12,2.25,1.87,2.25,29.53,41.0,33.0,33.0,20.0,23.0,18.46,15.0,22.0,9.0,14.46,21.0,22.0,21.46,4.46,27.45,4.92,13.29,11.07,13.53,6.15,12.3,2.46,13.0,11.19,16.76,6.23,17.5,47.56,25.62,30.5,61.87,35.31,21.98,47.58,81.19,59.24,34.0,18.0,5.0,4.0,7.0,1.0,6.0,9.0,12.0,17.0,11.0,8.0,8.0,12.0,7.0,9.0,17.0,28.5,168.34,146.23,70.87,117.15,87.32,44.63,45.19,24.5,63.74,41.69,46.29,38.13,21.57,41.77,75.08,40.92,49.17,63.7,72.49,53.0,20.51,35.57,76.59,43.76,77.1,22.49,21.1,85.29,29.6,21.99,32.13,40.26,44.06,66.37,37.87,70.13,23.0,51.56,11.5,57.5,57.0,66.49,28.72,21.53,18.34,16.86,53.9,40.24,41.43,31.88,34.71,32.42,25.73,12.86,18.12,65.42,14.5,31.72,21.43,16.37]}