{"timestamp":1353196800000,"multiplier":1.0E-5,"open":1.03512,"high":1.03512,"low":1.03512,"close":1.03512,"shift":60000,"times":[1320,1,1,1,1,1,1,1,1,1,1,1,1,1,1,1,1,1,1,1,1,1,1,1,1,1,1,1,1,1,1,1,1,1,1,1,1,1,1,1,1,1,1,1,1,1,1,1,1,1,1,1,1,1,1,1,1,1,1,1,1,1,1,1,1,1,1,1,1,1,1,1,1,1,1,1,1,1,1,1,1,1,1,1,1,1,1,1,1,1,1,1,1,1,1,1,1,1,1,1,1,1,1,1,1,1,1,1,1,1,1,1,1,1,1,1,1,1,1,1],"opens":[0,0,-31,0,11,10,-3,1,-8,-12,13,-14,3,2,3,12,29,-23,-5,2,2,13,-27,15,10,2,0,15,-3,-4,21,-25,-14,-3,8,3,3,-1,1,0,9,-1,-17,14,-7,-2,7,-1,8,11,3,-2,0,-1,1,-1,-3,-7,-7,-2,-11,-10,-6,-6,3,7,4,-1,10,1,17,-8,2,2,30,-7,10,-2,3,2,24,-3,4,20,-12,6,4,-6,1,-12,-2,15,1,-2,0,2,10,0,17,33,-11,5,-7,-2,4,-22,-5,2,4,-8,11,3,-10,-6,-4,-1,1,18,-6,-37],"highs":[0,0,-31,15,5,1,0,-2,-3,3,-4,-7,-5,3,12,33,-4,-16,-10,26,-18,7,-13,5,9,5,13,2,-9,17,0,-25,-11,3,21,-13,-3,-1,1,11,0,-3,-3,6,-13,4,3,6,10,2,1,-2,0,0,0,1,-3,-9,-4,1,-16,-4,-13,3,5,5,-3,7,8,10,0,-5,0,43,-5,-1,-3,1,1,26,0,0,24,-4,-7,4,1,1,-6,-12,12,5,-3,-2,3,8,5,12,38,0,-9,-1,0,-1,-4,-21,-2,7,4,-9,7,0,-11,-1,-9,0,19,6,-13,-28],"lows":[0,-31,-4,4,11,4,-2,3,-17,0,-1,0,2,3,3,12,13,-17,5,2,2,-4,-10,15,10,0,2,5,3,0,-4,-11,-3,-6,5,8,4,-1,1,-9,13,-17,4,8,-2,-1,4,2,8,10,0,1,-1,0,0,-2,-6,-3,-18,1,-23,0,2,-2,3,7,4,-1,9,2,-2,11,1,3,12,11,4,3,3,3,20,0,5,9,-2,6,2,-3,-15,2,0,15,1,-2,-8,8,9,2,16,16,0,6,-8,-1,-18,-2,2,4,-6,1,11,-11,-1,-10,3,2,1,5,-30,-34],"closes":[0,-31,0,15,5,-2,3,-5,-17,8,-9,9,-6,5,12,24,-11,-14,4,1,7,-10,4,5,9,3,12,-11,3,20,-24,-11,-2,5,0,5,0,-1,1,11,-2,-18,14,-6,-1,4,3,5,11,1,0,-1,0,1,-1,-2,-6,-4,-10,-6,-8,-12,-2,1,4,8,0,8,-1,19,-9,4,-2,36,-10,10,-2,3,1,25,-4,5,24,-11,0,0,2,0,-15,-1,13,3,0,-2,1,9,5,12,39,-15,5,-7,-2,4,-22,-5,2,4,-10,10,6,-11,-4,-4,-1,0,19,-7,-37,-22],"volumes":[1.5,10.5,6.0,11.25,21.0,6.0,16.5,11.25,27.69,27.1,23.76,14.25,14.25,8.65,47.33,82.79,46.952898,52.16,6.0,22.98,5.73,70.929406,28.84,6.69,6.23,15.69,58.78,38.97,2.86,13.07,52.1,36.57,7.73,23.42,63.34,15.92,3.46,4.21,3.46,40.34,28.21,24.62,15.0,35.34,7.5,18.0,30.75,16.5,18.75,43.5,35.76,10.5,12.75,14.48,15.0,40.9,36.69,18.0,30.5,65.22,82.73,61.48,17.78,34.14,22.29,25.78,8.42,33.59,28.15,22.78,92.78,7.44,10.66,124.62,59.11,49.24,24.38,24.69,12.0,35.7,28.26,17.81,86.87,48.11,10.15,12.63,16.3,33.74,50.29,15.4,56.06,17.36,6.92,22.49,59.03,30.28,38.64,39.75,95.88,105.04,66.56,56.06,47.7,31.45,44.99,32.45,32.7,31.95,85.83,26.47,25.72,44.39,10.15,57.5,8.94,3.08,71.76,78.37,148.88,141.82]}