{"timestamp":1353196800000,"multiplier":1.0E-5,"open":1.58861,"high":1.58866,"low":1.58858,"close":1.58864,"shift":60000,"times":[1320,1,1,1,1,1,1,1,1,1,1,1,1,1,1,1,1,1,1,1,1,1,1,1,1,1,1,1,1,1,1,1,1,1,1,1,1,1,1,1,1,1,1,1,1,1,1,1,1,1,1,1,1,1,1,1,1,1,1,1,1,1,1,1,1,1,1,1,1,1,1,1,1,1,1,1,1,1,1,1,1,1,1,1,1,1,1,1,1,1,1,1,1,1,1,1,1,1,1,1,1,1,1,1,1,1,1,1,1,1,1,1,1,1,1,1,1,1,1,1],"opens":[0,2,-7,0,0,-31,-2,22,-19,-4,27,-6,-22,10,23,-31,2,19,9,-3,-6,-3,1,6,14,8,3,-1,1,5,1,-20,2,-1,8,1,0,16,1,-6,-8,3,-1,1,-2,7,-3,-5,-2,5,-4,15,-18,2,-1,4,0,14,-4,-4,0,14,-9,-4,-8,2,8,4,1,3,1,-2,1,-2,-1,0,3,-5,-2,-1,-1,1,3,6,10,3,-1,16,16,6,3,-2,3,6,4,18,-2,36,26,7,11,0,1,-2,-1,-15,-7,4,3,3,-1,-4,0,-3,-1,1,-3,7,-6,-42],"highs":[0,-1,-9,7,-7,-13,11,3,-31,24,0,-7,-2,13,1,-6,2,8,-5,5,-15,1,1,22,5,3,1,-3,5,-1,26,-39,3,2,1,1,9,5,0,-6,-3,-1,1,4,0,5,2,-12,-4,3,11,0,-16,0,4,1,10,19,-21,-4,19,-5,12,-25,-1,17,-3,-4,0,3,2,-3,0,0,-2,10,-8,-6,-2,-1,1,3,6,13,0,3,9,18,7,1,2,0,14,-4,19,-1,40,25,23,0,-8,7,6,-14,-3,-15,-3,5,-1,3,2,-2,-6,2,-2,-2,3,1,-4,-45],"lows":[0,-3,0,0,-30,-5,0,4,-4,-3,6,-1,-3,12,-7,-3,1,20,10,-8,-3,0,1,-3,12,16,6,-3,3,-3,-13,-1,4,-1,7,3,0,16,-12,-1,0,3,-1,-2,1,1,-3,-1,-1,2,-1,-2,0,1,-1,5,0,14,-8,-5,5,5,-8,-6,-1,5,4,5,1,3,-1,1,-5,3,0,2,-5,0,-1,-1,-2,4,2,6,11,0,-12,26,15,5,3,0,2,10,2,18,1,29,15,25,11,-3,-3,0,-14,-6,0,4,1,1,0,-2,0,-1,0,-2,0,0,-41,-20],"closes":[0,-9,1,1,-27,-10,34,-28,-6,28,-5,-21,-1,33,-30,-2,25,6,0,-9,-3,4,1,22,2,0,6,-2,5,-8,-14,3,4,5,0,1,11,5,-4,-10,5,-1,0,-4,9,-6,-4,-1,2,-1,15,-18,2,-1,4,0,12,9,-15,0,14,-9,-5,-6,0,9,5,1,1,2,-3,2,-1,-2,1,4,-8,-1,0,-2,1,3,6,12,1,-1,13,15,8,4,1,-1,9,2,20,-3,36,29,1,14,0,0,-2,-4,-8,-12,6,5,-4,4,-4,0,-3,-1,3,-3,5,-6,-42,-19],"volumes":[12.75,27.44,3.07,22.1,8.77,25.03,36.21,32.2,25.45,19.17,20.59,19.29,24.14,16.24,44.6,32.54,40.15,32.2,15.54,29.25,13.5,7.06,7.13,72.56,47.75,25.75,6.75,9.29,5.26,33.5,44.6,24.09,14.27,31.55,17.63,16.24,22.83,13.64,28.76,20.74,13.99,5.46,14.6,11.69,24.75,34.43,24.24,22.41,7.64,6.82,32.62,18.61,5.61,8.61,14.07,9.21,24.91,20.34,9.26,23.25,54.78,18.34,102.11,62.01,70.04,136.2,79.69,85.2,44.42,70.06,81.09,28.52,109.64,70.68,95.38,63.82,53.95,25.94,57.04,37.83,62.78,23.93,50.46,54.7,37.77,50.83,83.8,60.84,72.21,45.1,71.51,41.28,48.36,15.11,71.35,34.11,146.68,155.9,189.78,102.05,37.5,84.55,128.31,71.67,123.88,43.88,64.89,43.64,56.27,42.01,75.51,74.97,19.92,41.76,32.34,36.91,62.53,91.52,189.04,107.03]}