{"timestamp":1352592000000,"multiplier":1.0E-5,"open":0.99975,"high":0.99988,"low":0.99975,"close":0.99988,"shift":60000,"times":[1320,1,1,1,1,1,1,1,1,1,1,1,1,1,1,1,1,1,1,1,1,1,1,1,1,1,1,1,1,1,1,1,1,1,1,1,1,1,1,1,1,1,1,1,1,1,1,1,1,1,1,1,1,1,1,1,1,1,1,1,1,1,1,1,1,1,1,1,1,1,1,1,1,1,1,1,1,1,1,1,1,1,1,1,1,1,1,1,1,1,1,1,1,1,1,1,1,1,1,1,1,1,1,1,1,1,1,1,1,1,1,1,1,1,1,1,1,1,1,1],"opens":[0,13,-15,0,7,4,2,4,-5,6,-2,1,1,2,-1,0,-1,2,0,1,-1,0,-1,2,-1,0,4,-3,-1,-1,14,22,0,1,9,-1,3,-6,1,-4,0,0,-21,9,1,-3,3,-8,2,8,-11,1,-1,-8,1,2,11,2,-5,5,8,0,-7,4,3,-1,1,1,0,11,2,4,-12,2,0,-4,-3,1,3,1,0,0,3,-6,3,-4,-21,-2,-1,-1,0,-1,-1,0,1,-1,0,1,-7,0,0,0,2,5,3,-5,5,8,6,14,3,-1,0,-1,9,0,-5,-24,3,1],"highs":[0,0,-10,5,-1,4,1,3,-3,4,-2,1,1,2,0,2,-3,1,4,-1,-2,3,0,-3,-1,4,0,0,-1,-2,37,-3,1,9,1,1,0,-5,1,-3,-2,0,-12,3,-2,2,0,-4,3,1,-4,-6,-1,-7,5,8,2,1,-1,6,5,-3,-3,2,3,0,0,0,0,13,0,4,-10,1,-2,-4,-1,8,-3,0,0,-1,2,-3,1,-3,-19,-6,0,0,-1,-1,-2,1,0,3,-3,0,-7,0,0,0,6,5,-1,1,14,-4,19,6,-5,0,-1,8,0,0,-5,-19,-2,1],"lows":[0,1,-3,0,4,7,-1,4,-2,1,0,4,-1,4,-2,1,-2,1,2,1,-1,-2,0,1,1,0,0,1,-3,0,15,22,0,-4,12,-1,-1,0,-2,-2,-3,-19,2,9,-2,0,-4,-1,-1,0,-2,2,-3,-5,1,2,11,-3,0,5,4,-1,-3,4,3,0,1,0,0,5,9,-6,-2,-2,0,-3,0,1,3,-1,1,1,-2,-1,0,-21,-5,0,0,0,-1,0,-1,0,0,0,0,-7,1,0,0,0,2,-2,10,-5,2,11,6,14,2,-1,0,0,8,-4,-25,1,3,-11],"closes":[0,-10,-3,8,-1,2,2,1,-1,4,-4,4,0,3,-2,4,-3,-1,6,-1,-2,-3,2,-1,1,0,0,4,-1,-2,37,-3,1,9,-2,0,0,-1,-1,-4,0,-21,10,3,-5,5,-6,2,3,-10,-2,2,-3,-5,3,11,2,-4,4,6,-2,0,1,2,0,3,-1,0,0,14,0,-7,1,-1,-4,-3,2,0,5,-3,0,2,-3,2,-3,-21,-1,-3,0,1,-1,-2,-1,0,1,0,-1,-6,0,0,0,0,5,5,0,1,7,3,19,2,-2,1,-2,7,1,-4,-24,4,-1,-11],"volumes":[2.63,4.5,6.46,4.21,7.96,11.18,12.92,5.03,6.46,8.56,6.98,1.88,6.45,7.73,8.48,5.78,7.43,7.74,5.71,3.3,5.18,5.04,10.44,9.38,2.48,9.15,3.9,3.23,7.81,5.78,16.3,3.45,8.7,41.86,6.0,10.05,8.85,6.0,12.0,16.5,18.0,25.3,7.5,7.5,9.0,7.5,17.48,12.0,11.48,14.1,25.8,2.48,5.04,7.89,4.95,18.91,22.5,19.89,22.93,26.18,33.84,13.38,27.68,11.65,6.0,20.42,10.15,23.83,37.15,54.62,5.65,11.81,7.5,39.33,35.71,19.7,18.75,18.16,11.41,17.34,16.21,21.31,15.85,10.07,15.26,73.87,28.21,23.41,15.0,21.75,11.94,12.4,2.71,12.68,15.73,29.78,41.62,107.83,1.13,1.5,8.12,16.98,18.0,44.63,1.5,7.13,48.54,13.5,36.0,44.65,12.39,12.76,25.13,43.16,13.5,8.25,40.21,9.0,3.0,66.23]}