{"timestamp":1351987200000,"multiplier":1.0E-5,"open":0.94129,"high":0.94136,"low":0.94129,"close":0.94133,"shift":60000,"times":[1320,1,1,1,1,1,1,1,1,1,1,1,1,1,1,1,1,1,1,1,1,1,1,1,1,1,1,1,1,1,1,1,1,1,1,1,1,1,1,1,1,1,1,1,1,1,1,1,1,1,1,1,1,1,1,1,1,1,1,1,1,1,1,1,1,1,1,1,1,1,1,1,1,1,1,1,1,1,1,1,1,1,1,1,1,1,1,1,1,1,1,1,1,1,1,1,1,1,1,1,1,1,1,1,1,1,1,1,1,1,1,1,1,1,1,1,1,1,1,1],"opens":[0,9,5,-6,0,-6,-2,-11,-5,-8,3,-13,3,2,-5,-2,-3,0,10,-2,-8,2,-1,0,-3,-1,-4,4,5,-7,13,-5,-1,0,-2,0,1,0,4,7,0,0,0,1,0,0,0,-2,2,2,-3,4,11,8,0,2,-2,9,6,4,0,-4,-25,1,-1,0,-2,-1,-4,1,0,-1,-18,-4,1,4,-9,-9,-17,4,-15,13,-2,-14,-20,19,-8,-9,4,-14,1,-2,8,20,3,15,-2,1,6,7,-2,-6,0,3,0,1,-6,-3,-4,-6,0,1,75,-18,-1,0,9,0,-9,7],"highs":[0,3,4,-6,3,-7,-4,-11,-3,-7,0,-12,6,-2,-5,4,-7,8,0,-2,-7,1,0,-1,-3,-1,8,-3,0,10,-4,-3,-3,0,-1,0,3,14,-6,0,0,1,3,-3,0,0,0,0,3,3,-3,12,7,2,1,-1,7,6,4,1,-1,-4,-24,0,0,-1,-1,-1,-4,0,0,-1,-18,-3,2,3,-4,-15,-11,0,-5,1,-2,-14,10,-11,-5,-6,-2,-11,-1,7,19,2,15,0,0,10,3,0,-3,-5,6,-4,6,-5,-6,-2,-5,-5,1,70,8,-21,-2,13,-3,-1,-5,39],"lows":[0,6,2,0,-9,-2,-10,-3,-7,-1,-12,0,2,-1,-4,0,0,0,2,-2,0,0,1,0,-7,-11,9,5,-1,-1,7,0,0,0,-2,0,0,1,4,7,0,0,0,0,0,0,-1,0,1,0,0,4,10,8,1,-1,1,9,6,4,-8,-21,0,0,0,-2,-3,-2,0,0,-1,-18,-3,-2,3,-2,-9,-25,2,-10,2,10,-10,-25,1,7,-6,1,-9,0,-3,1,8,21,2,15,-1,-2,9,3,-4,-3,1,2,1,-5,-2,-4,-6,1,0,-6,64,-2,-2,2,8,-9,2,2],"closes":[0,2,2,0,-3,-6,-10,-5,-5,0,-13,0,3,-3,-5,0,1,8,1,-10,1,0,0,0,-3,-15,14,5,-6,12,-6,3,-3,0,-1,0,3,1,7,0,0,0,1,0,-1,1,0,0,-1,0,4,12,7,1,2,-3,9,6,4,1,-5,-25,1,-1,1,-3,-1,-4,1,0,-1,-18,-4,1,2,-4,-9,-23,4,-11,11,-2,-10,-24,29,-17,-11,8,-16,1,-2,10,19,1,13,2,-1,8,6,-3,-3,-2,3,-1,2,-5,-4,-4,-4,-1,1,70,-14,0,-1,10,-3,-8,4,35],"volumes":[7.5,12.0,3.11,1.61,41.3,18.69,43.5,9.0,24.46,16.5,45.46,21.92,23.25,29.25,15.0,21.0,8.25,19.5,17.25,21.0,5.25,4.5,11.25,6.0,12.92,20.04,39.86,6.0,3.23,41.59,10.81,6.84,6.0,3.0,3.46,11.19,11.35,67.27,26.25,18.75,15.0,24.75,21.0,32.25,21.0,17.25,26.25,18.75,19.5,33.75,18.75,25.56,19.93,18.03,4.51,20.68,29.67,32.88,13.5,6.0,85.61,35.42,3.46,4.21,11.13,8.65,34.4,30.06,20.66,12.75,16.13,32.7,50.77,14.4,18.84,20.12,16.63,63.4,76.9,56.72,22.94,30.33,35.49,87.19,47.66,79.52,70.23,42.43,72.67,38.8,37.14,56.63,94.92,9.01,50.3,5.26,9.76,61.18,24.38,30.38,51.81,45.05,37.51,22.88,63.4,33.56,19.88,16.88,41.34,6.68,15.54,139.69,77.88,19.13,29.25,57.75,13.5,31.52,40.5,106.68]}