{"timestamp":1353801600000,"multiplier":1.0E-5,"open":0.92796,"high":0.92828,"low":0.9277,"close":0.92828,"shift":60000,"times":[1320,1,1,1,1,1,1,1,1,1,1,1,1,1,1,1,1,1,1,1,1,1,1,1,1,1,1,1,1,1,1,1,1,1,1,1,1,1,1,1,1,1,1,1,1,1,1,1,1,1,1,1,1,1,1,1,1,1,1,1,1,1,1,1,1,1,1,1,1,1,1,1,1,1,1,1,1,1,1,1,1,1,1,1,1,1,1,1,1,1,1,1,1,1,1,1,1,1,1,1,1,1,1,1,1,1,1,1,1,1,1,1,1,1,1,1,1,1,1,1],"opens":[0,32,-3,-14,-3,-11,8,-5,20,0,-14,0,-17,-1,17,-17,8,-1,-10,14,0,-3,1,0,-1,25,0,0,-12,10,-5,-4,6,0,-6,9,-5,-1,3,-4,-3,-1,3,-1,-9,4,-2,1,-3,1,2,3,-1,1,4,-2,1,-2,0,6,-10,-15,-8,-6,24,-6,-5,6,-2,-1,-2,-2,-1,2,-1,4,-3,2,-3,5,20,1,-1,3,-1,1,0,6,-3,2,-2,-7,1,0,3,1,-3,2,-3,0,1,0,-1,1,0,-1,1,-2,1,0,-1,1,2,18,8,6,-3,-4,16,-9],"highs":[0,4,-6,-11,-5,-5,11,-4,8,0,-10,-4,-16,15,1,2,-2,-11,4,0,0,-2,0,0,17,10,-2,-1,-3,4,-1,7,-12,0,4,11,-13,12,-14,0,14,-13,-1,-5,-5,-1,-1,0,-3,2,2,2,2,2,0,-1,0,2,5,-3,-5,-19,-9,19,9,-8,-6,0,4,-6,0,-4,-2,2,2,0,-3,2,4,17,1,1,3,3,-4,1,3,3,-2,0,-2,-2,-4,2,3,-1,0,-1,-3,1,1,1,0,-2,1,-1,0,-1,4,-3,-2,3,15,15,8,-4,-5,12,0,-9],"lows":[0,58,-16,-3,-10,-2,8,-17,32,-17,3,-17,-5,4,-6,6,7,0,-10,12,2,-12,10,-10,9,5,20,-2,-10,10,-13,1,7,-3,-1,-1,2,1,0,-3,-3,2,-1,-8,2,-3,3,0,0,-1,1,2,3,0,2,-5,4,-4,5,-4,-15,-12,-7,5,7,6,-2,5,-5,1,-1,0,0,0,0,1,-1,0,1,5,18,-3,0,7,-1,1,-2,8,-2,0,-9,1,1,1,2,1,-3,3,-3,0,-1,2,-1,1,-1,0,-1,0,1,0,-1,0,3,17,6,4,-5,3,2,-50],"closes":[0,2,-18,3,-16,6,10,-13,18,-14,3,-20,-2,18,-19,9,0,0,4,-2,2,-2,0,-10,26,8,0,-2,-1,2,-12,10,-4,1,4,-4,-2,2,-3,-3,-3,8,-5,-5,-2,0,2,0,-3,1,3,-1,3,4,-1,0,-3,1,7,-11,-15,-8,-7,26,-7,-5,1,3,-2,-1,-2,-1,1,0,4,-3,-1,0,7,17,1,0,1,3,-2,0,5,1,-2,1,-7,0,0,2,1,0,-2,2,-3,1,1,0,-1,0,1,-2,0,0,1,-1,-1,3,15,12,5,-3,-4,16,-11,-53],"volumes":[76.26,5.25,9.75,3.75,43.07,17.93,18.0,38.15,4.51,12.0,9.0,19.13,30.9,40.13,27.8,13.2,6.0,4.5,39.75,5.67,4.5,12.09,3.42,4.17,7.64,25.75,12.55,3.61,7.82,11.49,33.64,46.98,4.74,11.52,24.61,72.36,38.89,23.09,4.35,34.12,70.51,22.96,27.86,60.28,42.97,24.59,28.26,5.19,18.05,14.03,22.75,21.98,19.51,28.78,18.4,25.96,16.52,39.83,30.59,53.89,124.61,89.08,45.42,98.43,117.04,76.28,82.09,82.07,82.04,71.26,89.91,56.0,66.49,75.5,79.18,41.67,105.96,96.75,59.33,62.23,30.78,42.58,76.31,18.0,22.5,20.25,33.75,4.5,7.76,14.27,89.68,33.16,7.5,10.5,15.0,4.5,17.25,1.5,10.13,6.75,33.38,25.5,15.4,6.39,22.14,24.38,36.01,22.88,45.75,24.0,4.5,14.37,38.65,82.94,55.9,93.24,87.06,66.07,51.54,95.53]}