{"timestamp":1198972800000,"multiplier":1.0E-5,"open":0.88023,"high":0.88026,"low":0.88018,"close":0.88023,"shift":60000,"times":[1320,1,1,1,1,1,1,1,1,1,1,1,1,1,1,1,2,1,1,1,2,1,1,1,1,1,1,1,1,1,1,1,1,1,1,1,1,1,2,2,1,1,1,1,1,1,1,1,1,1,1,1,1,1,3,1,1,2,1,1,1,2,1,1,4,1,3,1,2,1,1,1,1,1,1,1,1,2,1,1,1,1,1,1,1,1,1,3,1,1,1,4,1,1,1,1,1,1,1,1],"opens":[0,4,-4,6,-8,0,3,0,-15,5,0,-5,-3,1,2,3,25,32,4,1,-5,-10,-5,-3,3,6,1,25,8,-8,11,5,-18,14,-7,6,1,-2,2,3,3,-6,10,9,2,-5,29,14,-4,-1,0,-4,-1,1,19,-4,-6,-5,-9,-6,-8,13,15,-4,-5,0,5,-2,9,-2,-1,11,-10,7,-7,-1,-10,10,-3,8,-19,10,-1,-5,-10,11,4,-10,-5,5,-4,-4,-3,11,8,5,2,-2,-8,8],"highs":[0,7,-2,-2,-3,0,5,-7,-3,0,-5,-7,0,17,-10,18,45,-7,12,-10,10,-23,-7,-3,3,19,16,0,10,-5,14,-5,-4,-1,-2,5,0,-5,2,3,3,15,-6,16,-8,35,-2,22,-19,0,0,-9,0,9,15,-9,2,-13,-5,-5,-3,28,-10,-4,4,0,-4,4,8,-7,14,-4,2,-5,-7,-1,5,0,0,0,-13,8,-5,-5,10,-8,3,-10,-5,5,-4,4,0,5,10,-2,2,0,3,-5],"lows":[0,5,0,-4,2,0,3,-15,0,1,-1,-10,4,3,3,0,28,30,-8,15,-9,-16,4,-2,3,6,1,20,0,0,12,-12,2,1,4,8,-5,1,2,7,1,-4,10,6,0,0,26,13,-5,-1,0,-20,11,10,19,-27,12,-9,-1,-15,2,8,15,1,-5,-4,4,3,9,-6,3,6,-5,-4,4,-1,-10,10,-3,4,-15,2,3,-1,-10,6,0,-11,5,0,1,-11,4,6,13,-3,8,-8,0,-10],"closes":[0,3,5,-12,5,2,0,-12,2,0,-5,-10,3,10,2,18,45,-7,12,-10,-9,-14,3,-3,3,6,29,0,-8,13,10,-18,13,-11,0,13,-10,2,5,3,2,6,4,5,0,26,10,4,-1,0,0,-20,10,10,10,-20,10,-10,0,-20,12,21,-8,1,-1,5,-9,9,6,-9,16,-7,4,-4,-5,-1,1,0,-1,1,-9,0,-1,-1,7,-5,0,-7,-5,0,1,-11,10,10,10,-10,10,-5,8,-13],"volumes":[12.11,10.98,3.27,10.06,4.2,2.53,12.13,15.02,7.66,13.74,19.56,5.37,8.5,12.75,10.23,17.92,14.72,7.12,36.14,1.2,36.16,9.15,6.1,1.5,1.6,20.13,12.26,8.0,20.2,7.21,31.67,13.26,7.1,14.87,5.6,6.44,10.94,2.9,2.61,1.2,3.43,20.83,6.62,19.23,16.98,26.53,26.67,42.14,5.78,4.39,4.65,13.77,15.25,3.11,2.5,21.19,25.31,12.7,6.1,22.68,6.6,15.15,4.34,0.79,6.28,3.83,4.73,4.97,4.19,3.78,24.95,7.1,17.34,8.03,0.81,2.9,6.71,2.95,7.16,1.07,3.18,4.97,3.02,1.4,19.61,6.28,8.6,9.12,1.0,2.7,1.9,8.25,10.16,5.2,3.0,2.68,5.5,11.1,5.45,9.71]}