{"timestamp":1198972800000,"multiplier":1.0E-5,"open":1.99456,"high":1.99487,"low":1.99436,"close":1.99487,"shift":60000,"times":[1320,1,1,1,1,1,1,1,1,1,1,1,1,1,1,1,1,1,1,1,1,1,1,1,1,1,1,1,1,1,1,1,1,1,1,1,1,1,1,1,1,1,1,1,1,1,1,1,1,1,1,1,1,1,1,1,1,1,1,1,1,1,1,1,1,1,1,1,1,1,1,1,1,1,1,1,1,1,1,1,1,1,1,1,1,1,1,1,1,1,1,1,1,1,1,1,1,1,1,1,1,1,1,1,1,1,1,1,1,1,1,1,1,1,1,1,1,1,1,1],"opens":[0,9,-27,40,-23,1,5,-5,33,55,-76,42,-32,8,12,-15,-10,10,-5,15,-9,8,13,67,-8,-58,-8,47,-3,0,16,-3,7,-1,9,7,-10,13,0,-15,-7,17,5,0,25,5,10,35,5,-10,-15,55,0,-10,-60,10,20,20,-7,17,0,15,35,5,-15,25,-15,0,0,40,-25,-5,0,5,0,0,-5,5,0,0,5,0,-5,0,0,-25,0,15,-10,-10,0,0,-35,25,10,25,-40,0,10,0,0,25,0,5,10,-10,-10,40,0,-10,0,5,15,-10,10,-40,55,-10,15,0],"highs":[0,-3,-5,15,-24,7,31,-20,45,12,-62,27,1,8,-5,-16,3,-15,23,12,-32,11,75,9,-14,-46,49,-7,-18,11,24,-17,-1,0,11,4,-12,12,0,-9,-9,18,10,-5,35,0,50,-10,0,-10,60,-20,0,-10,-50,20,90,-60,-17,22,-5,50,15,-10,0,10,-10,-5,40,0,-25,-5,10,-5,5,-5,0,0,0,5,0,0,-5,5,-5,-20,20,-10,-10,-10,0,0,25,-25,30,-5,-40,10,5,0,20,20,-5,0,0,10,15,-5,0,30,-30,10,0,10,-10,10,10,0,0,0],"lows":[0,-2,-9,23,-20,17,9,2,3,68,-59,42,-34,6,10,-52,25,1,9,11,-11,-7,37,17,19,-51,8,47,-7,-20,32,5,0,6,1,2,-2,18,0,-15,-7,7,5,10,20,0,10,45,5,-40,15,35,20,-70,0,10,10,10,4,26,0,15,25,15,-15,25,-15,-10,10,10,5,-10,0,5,0,0,0,0,5,0,5,-10,0,0,-25,0,5,0,-10,0,0,-10,-20,25,10,-15,0,0,10,0,0,10,10,10,0,0,-10,20,10,-5,5,-10,10,0,-20,0,45,0,10,-10],"closes":[0,-53,19,-5,-9,6,26,-2,64,12,-63,28,1,-4,-15,-12,21,-21,29,-23,-3,3,34,2,38,-36,16,23,-21,17,24,-20,-8,10,11,-12,-1,17,0,-9,-9,18,0,5,25,0,60,-10,0,-40,90,-20,0,-70,0,30,20,0,-11,26,-5,50,5,0,0,10,-10,-15,50,-25,0,-10,15,-10,5,-5,5,-5,5,5,0,-5,0,-5,-25,5,15,-10,-15,5,0,-5,-5,10,25,-40,0,10,0,0,25,0,5,10,-10,15,20,-5,-10,0,5,15,0,0,-40,45,0,15,-5,-5],"volumes":[36.4,59.2,57.1,109.2,51.9,50.6,32.8,20.4,20.5,15.2,10.9,7.3,24.5,23.6,7.4,25.1,18.9,16.1,4.0,42.1,49.2,78.5,45.2,13.0,32.5,15.2,36.8,34.5,90.1,21.0,24.1,28.8,48.1,1.8,42.5,27.0,81.9,0.6,8.9,1.6,17.6,25.0,39.7,20.8,123.2,140.2,173.3,17.0,4.4,35.2,34.7,24.5,4.3,48.0,82.3,41.6,74.9,83.2,1.1,140.8,29.6,76.8,81.9,4.0,50.6,16.0,28.8,16.9,49.7,30.1,8.0,1.8,35.0,35.0,40.2,16.2,13.8,5.4,3.6,6.6,8.4,61.4,13.2,23.0,92.2,39.4,59.7,42.8,93.4,23.4,21.0,19.8,102.1,9.0,151.4,150.3,59.8,40.8,66.0,50.0,131.8,86.2,53.9,28.2,136.4,29.2,203.9,144.5,155.0,122.4,52.7,93.4,48.9,116.2,31.0,249.6,44.8,84.6,86.8,30.3]}