{"timestamp":1197763200000,"multiplier":1.0E-5,"open":2.01437,"high":2.01446,"low":2.01413,"close":2.01438,"shift":60000,"times":[1320,1,1,1,1,1,1,1,1,1,1,1,1,1,1,1,1,1,1,1,1,1,1,1,1,1,1,1,1,1,1,1,1,1,1,1,1,1,1,1,1,1,1,1,1,1,1,1,1,1,1,1,1,1,1,1,1,1,1,1,1,1,1,1,1,1,1,1,1,1,1,1,1,1,1,1,1,1,1,1,1,1,1,1,1,1,1,1,1,1,1,1,1,1,1,1,1,1,1,1,1,1,1,1,1,1,1,1,1,1,1,1,1,1,1,1,1,1,1,1],"opens":[0,-12,28,87,-30,110,0,20,-20,-13,3,-30,10,-20,-20,0,30,0,-40,0,-15,-15,30,-20,30,10,-60,60,20,20,-10,5,5,0,0,-20,-10,30,10,0,5,15,-5,-5,10,0,-22,22,-25,25,-17,7,0,-50,15,15,5,5,10,5,-5,-5,10,5,-10,10,20,-30,30,-20,-5,0,0,0,15,15,15,5,10,15,-25,0,-25,40,-45,-5,0,-10,-50,-10,-65,10,0,-35,25,-50,-25,20,10,113,-83,5,5,-30,5,10,5,-5,5,5,5,0,20,0,-15,10,5,5,15,-20],"highs":[0,22,68,54,30,30,40,0,-70,5,-15,-10,0,-30,-20,100,-70,25,-45,5,-40,5,10,10,10,0,60,-10,5,-15,-5,5,0,0,0,-20,30,0,0,15,30,-25,0,-10,15,0,-12,7,-25,25,-12,12,-10,-30,10,15,10,-15,10,5,-5,10,0,0,-10,30,0,0,0,0,-15,0,-10,10,50,-15,5,10,20,0,-30,0,15,10,-25,-15,-20,-10,-50,-10,-10,-30,-10,-15,0,-50,0,5,145,-32,-48,-25,0,-25,20,-5,10,-5,15,-10,0,20,0,0,0,20,-10,10,0,135],"lows":[0,7,15,65,0,90,-10,30,-80,77,-62,15,-50,30,10,0,-10,-20,-10,10,-10,0,-10,0,50,-50,0,60,10,20,0,0,0,10,-20,-10,0,20,20,0,0,-40,40,10,10,0,-22,22,-35,35,-23,8,-45,0,15,-5,25,5,10,0,0,-5,10,-5,-5,15,20,-35,15,-10,0,0,0,0,5,30,10,0,5,5,-25,0,-15,15,-10,0,-20,-45,-25,-40,-5,5,-40,-20,-15,-10,0,25,10,10,20,5,-30,0,5,15,-15,0,20,5,5,0,-15,25,-5,10,5,0,0,0],"closes":[0,30,16,16,90,30,20,-20,-10,15,-35,0,-20,-20,0,30,0,-40,0,-20,-5,15,-10,30,10,-20,20,20,0,10,5,5,0,0,-20,0,20,10,0,5,15,-5,-5,0,15,-5,-7,7,-35,35,-23,8,-45,20,10,5,10,-5,10,0,0,5,5,-10,0,30,0,0,0,-30,5,-5,0,5,35,5,0,20,15,-25,-25,0,40,-40,-10,0,-10,-50,-10,-60,5,0,-45,35,-55,-20,20,10,107,-77,5,5,-35,10,10,5,-5,5,10,0,0,20,-35,25,5,5,5,15,-20,105],"volumes":[149.7,258.3,196.6,311.2,181.9,208.0,646.2,230.0,12.5,61.0,102.8,233.1,125.0,20.0,44.1,424.7,467.7,508.9,406.0,391.2,201.7,109.9,280.3,316.9,42.8,142.7,437.3,318.2,336.7,177.0,234.9,83.0,37.3,1.0,40.8,92.6,347.1,127.0,22.4,32.0,256.8,363.4,350.9,141.2,19.1,67.2,28.4,16.0,3.0,9.6,2.9,64.0,51.3,24.8,39.0,54.6,32.0,1.8,6.4,23.0,123.2,76.4,34.6,30.4,84.7,9.9,0.3,30.9,15.0,47.7,66.6,134.8,10.8,108.8,172.3,103.9,114.7,95.1,135.7,76.1,310.5,138.8,339.0,147.2,366.3,102.3,917.6,75.3,259.3,188.7,308.05,326.8,654.2,424.8,216.0,234.2,329.7,153.0,183.0,113.0,181.9,67.6,66.7,38.1,81.5,33.6,135.3,191.6,176.1,198.0,12.7,172.2,15.2,9.5,58.1,37.4,246.2,57.7,88.5,714.9]}