{"timestamp":1197763200000,"multiplier":1.0E-5,"open":1.15586,"high":1.15598,"low":1.1556,"close":1.15573,"shift":60000,"times":[1320,1,1,1,1,1,1,1,1,1,1,1,1,1,1,1,1,1,1,1,1,1,1,1,1,1,1,1,1,1,1,1,1,1,1,1,1,1,1,1,1,1,1,1,1,1,1,1,1,1,1,1,1,1,1,1,1,1,1,1,1,1,1,1,1,1,1,1,1,1,1,1,1,1,1,1,1,1,1,1,1,1,1,1,1,1,1,1,1,1,1,1,1,1,1,1,1,1,1,1,1,1,1,1,1,1,1,1,1,1,1,1,1,1,1,1,1,1,1,1],"opens":[0,-23,13,14,0,0,10,-10,0,-10,10,10,0,20,-30,-12,22,-15,25,-20,20,-10,0,10,-10,0,0,-10,10,10,0,-10,-10,-28,11,12,-10,15,0,-10,10,-10,20,-20,0,-20,20,0,10,10,-25,15,0,-15,15,0,0,-25,35,-20,-15,-5,20,0,-15,0,35,-50,20,0,20,-20,0,0,0,-20,-10,-20,0,-5,-15,25,-10,5,-5,-25,-20,0,-10,10,-15,15,-10,0,-10,-20,0,20,-20,20,30,0,0,10,-20,0,0,10,0,0,0,0,-30,10,0,0,-10,20,0,-35],"highs":[0,5,6,-9,0,0,0,-10,0,10,10,0,10,70,-80,-19,19,-10,10,0,0,0,0,0,-10,10,0,0,0,0,0,-10,-10,-23,17,1,5,0,0,0,0,10,0,-20,0,0,10,0,30,-20,-10,0,0,10,0,0,0,0,0,-20,-15,15,10,-10,0,0,20,-30,0,30,-10,-20,0,0,0,-20,-10,-10,-10,0,5,0,5,-10,0,-30,-10,-10,0,0,10,-10,-10,0,-10,-10,40,-20,-10,30,0,20,10,0,-10,-10,-10,0,0,0,0,0,-20,0,0,0,10,0,0,0],"lows":[0,3,6,21,0,0,-20,20,-10,0,0,20,-10,10,-10,-12,12,-5,5,0,10,0,0,-10,0,10,-10,-10,0,30,-10,-10,0,-36,15,16,-10,0,15,-10,-10,10,-40,30,10,-20,20,-10,10,10,-30,30,0,-15,15,0,-10,-15,15,0,-15,-5,20,-10,-5,0,-5,-10,20,0,-10,10,0,0,-20,-15,-15,0,-10,-20,10,10,5,-5,-20,-25,-5,0,-5,0,0,-5,10,-20,0,-15,0,25,-20,20,10,20,-10,0,0,-10,10,10,0,0,0,-30,-10,20,-10,0,0,20,-10,-25],"closes":[0,2,9,6,0,10,-10,0,0,-10,10,10,20,-20,10,-22,2,10,0,10,-10,0,10,-10,0,0,-10,10,10,0,-10,-10,0,-26,5,16,5,0,0,0,0,10,-20,-10,10,0,10,0,0,0,-15,15,0,10,0,-10,0,10,-20,0,-15,15,0,-10,0,10,-15,5,0,10,-20,10,0,0,-20,-10,-10,-10,-5,-5,15,-5,0,-5,-25,-20,0,-10,10,-15,15,-10,0,-10,-10,-15,25,0,-10,40,0,10,-5,-15,0,10,0,0,0,0,0,-30,10,0,0,0,0,10,-10,10],"volumes":[272.6,287.7,461.7,260.0,444.0,650.9,823.3,477.6,669.4,1181.3,1200.1,308.4,450.4,366.4,165.6,20.0,220.7,96.5,230.5,645.0,229.6,209.4,274.0,447.2,489.2,680.0,441.3,564.4,350.1,180.4,225.4,179.1,204.5,130.4,526.4,2.8,19.0,80.8,14.9,131.1,284.0,131.3,480.4,286.3,32.0,59.5,74.6,36.0,255.4,24.9,136.5,230.4,131.4,41.5,93.0,59.0,638.8,94.5,169.4,32.0,4.0,48.2,99.3,108.5,223.2,23.3,127.5,128.0,93.2,212.9,109.384873,32.5,201.6,61.6,90.3,35.4,368.8,209.6,188.4,313.2,752.7,67.6,245.6,334.8,342.9,129.2,370.6,156.3,87.6,485.9,388.8,361.6,124.3,838.9,126.6,247.2,475.2,29.2,152.0,122.2,797.8,1047.6,733.1,325.8,1228.5,318.5,91.2,122.8,188.5,206.0,229.6,160.0,511.3,116.8,422.0,584.0,449.2,14.4,42.7,18.7]}