{"timestamp":1198972800000,"multiplier":1.0E-5,"open":1.1278,"high":1.12803,"low":1.12769,"close":1.12803,"shift":60000,"times":[1320,1,1,1,1,1,1,1,1,1,1,1,1,1,1,1,1,1,1,1,1,1,1,1,1,1,1,1,1,1,1,1,1,1,1,1,1,1,1,1,1,1,1,1,1,1,1,1,1,1,1,1,1,1,1,1,1,1,1,1,1,1,1,1,1,1,1,1,1,1,1,1,1,1,1,1,1,1,1,1,1,1,1,1,1,1,1,1,1,1,1,1,1,1,1,1,1,1,1,1,1,1,1,1,1,1,1,1,1,1,1,1,1,1,1,1,1,1,1,1],"opens":[0,15,-6,79,-46,18,4,-64,48,14,-20,4,5,-28,0,17,8,4,15,-53,11,-26,-23,27,-6,27,7,-42,18,38,13,-47,49,10,0,-10,0,0,10,-20,20,-10,-10,-20,0,-90,90,-40,0,20,10,10,0,-30,-10,0,-20,-10,-30,20,0,50,-30,5,-10,35,-30,-5,35,0,-55,25,-30,30,-30,-55,65,10,10,10,-10,-85,55,0,0,30,-30,20,-10,10,20,10,-5,-5,0,-40,0,-31,-4,55,-20,-10,0,-50,-10,20,-30,-30,-10,20,-10,-10,0,0,-20,10,-5,-5,5,5],"highs":[0,21,33,11,-22,30,-26,-15,17,10,-15,-21,24,-22,4,8,-8,4,16,-50,5,-8,8,4,10,-1,1,14,-17,17,3,19,-7,30,-30,-10,0,10,10,0,-10,-10,-10,-10,-10,0,10,-50,30,-10,30,0,-10,-20,0,-20,-10,-20,10,10,20,0,-5,-15,-7,27,-5,-20,25,0,-10,-20,0,0,-10,-10,10,10,10,0,-10,-85,55,0,30,0,20,10,-20,0,25,-15,-5,-5,0,-40,0,0,20,0,-20,-5,-5,-45,5,0,-30,-20,-20,20,-10,0,-10,0,0,-10,0,0,0,0],"lows":[0,-6,-3,74,-38,9,-19,-11,8,58,-29,1,1,-22,9,6,-8,14,-19,-62,-8,45,-13,-10,31,27,6,-41,-12,26,-13,21,39,20,-10,0,0,0,10,-20,0,0,-20,0,0,-90,80,-30,0,10,20,10,-10,-20,-80,10,-10,40,-30,0,-30,100,-38,6,-3,35,-38,3,35,-10,-45,-5,-35,35,0,-55,65,10,10,-30,0,-55,55,0,0,0,0,10,-10,10,30,5,-5,-40,0,0,0,-35,0,-15,50,-10,-50,-10,0,-10,-30,-30,20,0,0,0,0,-10,-10,-30,30,0,5,-25],"closes":[0,-19,70,-19,-23,-7,-19,-11,56,19,-18,-7,-7,-6,-7,26,-23,21,-35,4,-48,23,28,-17,37,-1,-4,19,-78,78,-65,56,24,30,-40,0,0,10,10,-10,-20,0,-20,10,-10,-10,0,-30,30,-20,40,0,-20,-10,-30,-10,-40,30,-10,0,50,0,-28,8,-7,27,-28,3,25,-10,-20,-30,30,-30,10,0,10,0,20,-10,-30,-55,55,0,30,-20,20,-20,0,30,10,-5,-5,-10,-30,0,0,-17,37,-20,0,-10,-50,-10,20,-30,-20,-20,0,10,-10,0,0,-10,0,-10,0,5,5,-30],"volumes":[80.4,291.3,229.2,55.2,517.2,201.6,80.0,203.4,118.5,67.8,109.8,76.8,118.0,40.6,104.9,131.8,105.9,83.4,37.7,85.8,105.5,246.4,45.2,174.2,60.2,75.6,69.2,52.8,90.0,134.0,72.4,188.1,517.9,171.2,48.8,24.8,12.4,112.8,62.0,72.0,88.0,101.8,110.4,62.4,83.2,95.6,117.6,4.0,213.2,42.4,222.9,19.2,60.0,99.2,143.9,125.8,473.6,12.0,213.6,343.4,154.0,113.2,164.9,184.8,20.0,1.7,162.4,8.0,0.5,15.0,18.7,233.7,296.2,604.4,295.3,52.6,48.0,174.9,3.7,127.7,207.3,12.0,34.4,20.6,160.7,297.5,200.6,360.4,277.2,208.7,186.4,13.0,1.4,12.0,30.2,4.4,1.2,172.0,20.3,9.2,7.4,56.0,122.9,84.4,84.4,101.4,336.0,176.9,29.6,120.4,25.9,41.2,83.2,98.4,120.2,20.4,36.0,31.7,12.8,74.1]}