{"timestamp":1599955200000,"multiplier":1.0E-5,"open":1.18348,"high":1.18364,"low":1.18347,"close":1.18364,"shift":60000,"times":[1260,1,1,1,1,2,1,1,1,1,1,1,1,1,1,1,2,1,1,1,1,1,1,1,1,2,1,1,1,1,5,2,4,1,2,1,2,3,1,1,3,2,1,1,1,1,1,1,1,1,1,1,1,1,1,1,1,1,1,1,1,1,1,1,1,1,1,1,1,1,1,1,1,1,1,1,1,1,1,1,1,1,1,1,1,1,1,1,1,1,1,1,1,1,1,1,1,1,1,1,1,1,1,1,1,1,1,1,1,1,1,1,1,1,1,1,1,1,1,1,1,1,1,1,1,1,1,1,1,1,1,1,1,1,1,1,1,1,1,1,1,1,1,1,1,1,1,1,1,1,1,1,1,1,1,1,1,1,1,1,1,1],"opens":[0,18,3,1,4,6,1,0,-9,-1,0,-2,2,1,-5,5,-5,3,0,-1,1,-1,6,-6,-5,10,-5,4,-4,2,-2,2,0,-14,4,8,-18,2,7,9,1,-2,23,26,11,-10,-2,-21,13,3,-4,-4,-7,7,7,3,-10,2,3,2,10,6,-5,5,5,-6,-3,-4,3,-5,16,-1,-7,4,5,-2,-3,4,5,-3,-5,3,6,1,1,11,10,-10,11,-6,8,1,2,-1,5,-4,1,-1,0,0,-3,-3,-7,2,-2,-9,12,-5,1,1,-9,6,-1,5,6,-17,-16,0,-4,5,-2,-8,-25,11,-8,5,-12,4,-2,1,-2,2,0,1,-4,2,3,3,2,9,-5,3,-4,-7,-6,1,1,-4,0,8,-3,-2,8,9,-4,2,-4,-6,1,-2,-3,5],"highs":[0,6,0,3,1,8,-1,0,-9,-1,1,-3,2,1,-3,3,-5,7,-4,0,1,8,6,-16,0,5,-5,4,-4,2,-2,2,0,-14,9,17,-32,2,7,21,0,-12,62,1,-1,-10,-2,-11,3,3,-5,-6,1,8,4,-3,-8,4,0,7,10,0,5,-2,4,-7,-4,-2,1,12,-1,-1,-4,7,0,-3,3,5,-1,-4,-4,12,-1,4,10,7,-1,5,-4,7,-5,6,2,0,1,-2,1,-3,4,-4,-5,-3,-2,0,0,0,-1,-3,1,-2,-3,1,8,2,2,-20,-12,-1,0,-2,-2,-7,-12,-3,-3,0,-6,-1,-1,-1,2,0,0,6,-8,1,9,0,5,1,0,0,-6,-4,-7,0,0,-1,7,1,-2,2,10,-1,5,-5,-3,3,-11,1,1,7],"lows":[0,19,-8,11,0,0,11,-11,0,-5,5,0,0,0,-2,2,-5,5,0,0,0,0,2,-2,-5,10,-5,0,0,1,-1,0,0,-12,4,-8,-2,2,7,8,0,0,-2,43,3,2,-18,-1,8,4,-6,-5,-3,10,1,-1,-3,4,1,5,9,-2,4,3,0,-9,2,1,-2,0,12,-5,-1,5,4,-6,3,4,1,-6,2,3,6,1,-1,12,1,-1,5,-4,10,3,3,-3,1,2,-5,5,-1,-4,-4,-6,-10,11,-6,-3,8,-1,2,-8,-1,5,1,5,-14,-13,-1,-4,1,-3,-2,-24,-1,-2,0,-3,0,2,-1,1,0,1,1,-2,-1,2,1,3,2,4,2,-3,-6,-5,-6,5,-5,3,0,3,0,1,7,5,1,-4,-5,-2,0,-4,2,5],"closes":[0,5,1,-1,0,11,0,-11,0,0,0,0,0,0,0,0,-5,6,0,-1,1,6,-5,-2,0,5,-5,3,-3,1,-1,0,0,-12,9,-13,-2,2,7,9,-1,1,49,10,-12,-2,-18,12,2,-2,-4,-8,7,7,4,-10,0,5,0,7,10,-6,6,1,-2,-2,-6,3,-4,15,-1,-7,4,6,0,-4,5,5,-6,-4,0,8,1,2,9,11,-8,11,-5,7,-1,4,-1,3,-4,2,0,-1,2,-7,-1,-8,4,-3,-7,9,-4,0,4,-11,4,1,5,6,-19,-13,-1,-5,6,-3,-7,-24,10,-9,5,-11,4,-3,1,-1,1,2,1,-4,1,0,5,1,9,-4,4,-4,-8,-3,-1,-1,-2,1,8,-5,-1,7,7,-2,3,-5,-5,3,-5,-4,6,8],"volumes":[6.72,1.86,36.85,22.95,11.66,16.12,1.11,35.82,11.67,13.17,23.34,0.77,11.67,11.59,0.49,11.59,0.56,3.84,15.19,9.6,17.59,4.2,6.73,0.3,0.49,0.19,0.3,12.57,0.3,11.59,0.6,11.59,11.59,0.63,0.38,17.37,0.21,0.21,0.19,1.12,5.44,1.58,120.5725,102.03,82.54,19.76,136.84,94.42,154.46,244.68,215.21,92.84,533.42,51.91,57.74,97.71,93.46,16.28,240.86,127.14,28.09,28.71,80.6,59.64,75.45,146.24,30.21,5.41,56.13,152.24,41.74,83.4,94.41,117.08,14.12,60.01,3.58,9.01,81.01,33.63,21.76,64.75,18.74,90.78,110.97,27.64,47.77,24.07,51.11,64.2,43.34,148.01,203.13,281.85,237.92,87.86,183.39,29.68,40.61,108.67,201.85,91.16,485.99,133.79,261.85,377.61,120.37,91.61,127.91,250.33,228.59,152.52,163.06,10.52,293.16,258.99,270.12,162.66,170.47,439.61,203.63,235.94,250.88,297.0,123.89,165.72,69.54,85.13,126.68,129.22,126.67,112.94,66.77,157.33,206.44,109.68,538.53,466.93,165.88,84.75,177.99,181.36,170.08,267.28,371.97,251.6,246.77,295.77,423.65,600.5,144.91,209.46,298.18,89.1,340.25,381.52,626.5,504.77,201.18,191.97,322.19,361.43]}