{"timestamp":1599350400000,"multiplier":1.0E-5,"open":1.32468,"high":1.32529,"low":1.32468,"close":1.32529,"shift":60000,"times":[1261,1,3,1,1,2,1,1,1,1,1,1,1,1,1,1,1,2,1,1,1,1,1,1,1,1,1,1,1,1,1,1,1,1,1,1,1,1,1,1,1,1,1,1,1,1,1,1,1,1,1,1,1,1,1,1,1,1,1,1,1,1,1,1,1,1,1,1,1,1,1,1,1,1,1,1,1,1,1,1,1,1,1,1,1,1,1,1,1,1,1,1,1,1,1,1,1,1,1,1,1,1,1,1,1,1,1,1,1,1,1,1,1,1,1,1,1,1,1,1,1,1,1,1,1,1,1,1,1,1,1,1,1,1,1,1,1,1,1,1,1,1,1,1,1,1,1,1,1,1,1,1,1,1,1,1,1,1,1,1,1,1,1,1,1,1,1,1,1,1,1,1,1,1,1],"opens":[0,31,105,-35,7,-8,-24,72,28,-3,-36,6,-7,-1,7,-38,1,0,-12,-6,15,5,-28,23,17,-2,-15,4,29,0,0,2,0,-1,-46,56,11,-51,-7,2,0,0,-7,6,36,-30,-20,0,0,7,8,-24,11,-74,10,22,58,-18,-7,4,-7,-15,-42,-15,-5,-5,20,17,0,-6,-29,23,-16,-44,31,-9,-11,-19,12,27,3,-25,-3,-43,22,37,34,-5,1,3,3,-7,14,2,7,-27,26,-10,-10,-8,25,2,-1,9,7,-2,5,13,30,-38,-8,-8,9,11,5,-15,11,10,4,8,-16,5,5,3,2,-6,-7,1,12,1,-4,0,2,-22,-24,-5,2,0,-3,-2,-13,-17,-12,7,16,-19,12,21,15,7,4,-10,-19,2,-12,-1,-14,1,0,9,-2,-15,2,7,-1,0,10,2,-20,-7,5,-2,-8,15,-9],"highs":[0,-30,143,-66,0,-8,50,39,-13,-2,-22,-8,-8,10,-1,-40,0,0,-10,12,-1,1,-28,29,11,-1,-12,31,-1,0,1,0,0,-1,-44,67,-2,-30,-21,-5,0,4,-4,40,-5,-30,-7,1,0,6,-5,-9,-4,-64,24,69,5,-23,-15,0,-2,-20,-37,-13,-7,13,18,5,-10,3,-3,-7,-21,-12,0,-10,-4,-14,27,11,-6,-17,-13,-18,27,39,10,-11,2,9,-3,2,10,1,1,0,0,-8,-7,15,2,-4,14,3,7,-5,11,32,-2,-35,-11,9,4,7,-3,-2,12,-2,14,-1,12,-7,-8,0,-1,-4,6,-2,4,9,-13,0,-1,-22,-22,0,-5,1,-2,-1,-15,-18,1,13,-3,-4,21,13,2,12,-3,-11,-15,3,-17,8,-13,0,0,1,-2,-14,9,-2,2,7,9,3,-30,-2,1,-3,8,-1,8],"lows":[0,31,62,8,-44,0,10,8,98,-51,15,5,-19,-1,-19,0,-10,0,-4,-17,-11,15,3,23,16,-16,0,2,31,-21,10,12,1,-1,-46,56,-41,-5,-1,-4,5,0,-6,6,6,-19,-2,1,0,7,-16,-62,2,-4,11,22,41,-9,-12,9,-19,-37,-18,-15,7,-2,19,18,-4,-31,1,8,-46,2,15,-22,-6,5,7,33,-22,-3,-44,1,22,37,27,-8,1,4,3,2,9,1,-20,6,14,-9,-9,2,16,1,9,9,5,0,4,13,-8,-9,-10,4,8,8,-9,3,11,6,7,-7,-2,7,2,-2,1,-10,6,1,10,-8,2,4,-20,-25,-13,10,2,-3,-11,-4,-19,-16,6,4,0,-1,13,18,14,11,-16,-14,4,-5,-14,-6,-1,0,2,6,-14,-1,2,6,-3,1,11,-16,-18,12,-2,-9,-14,22,-5],"closes":[0,-30,63,14,-51,18,75,26,-3,-50,18,2,-20,19,-20,-17,0,-12,2,12,-1,0,-27,29,10,-15,3,29,0,1,1,-1,1,-1,-46,68,-52,-6,0,-5,5,0,1,40,-35,0,-7,-13,0,20,-29,4,-64,7,23,48,-6,-11,6,-9,-12,-44,-14,-5,-4,18,14,2,-4,-29,20,-13,-48,35,-12,-9,-23,13,30,5,-27,-3,-43,17,35,37,0,1,1,2,-7,12,5,7,-26,26,-11,-9,-10,26,3,1,4,9,-1,6,12,29,-38,-7,-9,10,11,6,-19,15,9,2,12,-18,6,1,6,-1,-4,-5,0,11,3,-3,-2,2,-23,-23,-4,0,1,-3,-2,-12,-19,-11,6,16,-18,12,21,16,2,9,-12,-23,8,-9,-6,-12,-2,0,10,-1,-14,0,7,-1,1,9,2,-20,-9,7,-2,-6,14,-5,11],"volumes":[3.75,0.75,3.74,4.5,3.0,3.0,16.75,13.0,6.0,5.5,4.0,5.0,2.0,17.25,16.25,3.31,7.0,4.0,8.0,3.37,3.98,3.11,1.25,2.25,0.56,3.01,5.75,13.5,1.07,4.83,6.56,1.48,1.48,0.37,5.0,3.82,3.19,6.13,4.75,5.5,2.0,9.87,7.25,2.94,3.13,7.75,4.0,4.5,4.25,3.25,4.25,48.88,24.26,13.25,9.67,356.77,97.91,75.91,72.78,23.59,59.24,88.5,38.97,41.95,42.17,66.22,81.94,58.43,23.99,159.61,147.06,67.56,261.97,130.24,57.75,123.45,187.04,155.07,173.01,125.81,136.88,106.77,194.79,156.61,56.87,169.13,160.89,82.45,51.88,104.32,61.38,120.83,88.01,81.07,129.64,99.25,125.0,138.8,97.01,117.19,127.31,92.25,178.52,60.69,66.88,59.0,45.62,67.97,129.13,99.69,87.98,31.12,30.75,28.48,51.26,63.33,47.38,31.19,62.85,138.16,227.69,84.23,104.94,123.23,85.43,104.56,121.76,43.75,15.12,110.29,83.62,21.75,43.64,104.59,143.99,25.37,2.0,18.87,34.26,85.73,141.98,205.85,60.91,41.94,86.82,62.32,56.62,46.47,24.0,23.79,65.62,64.74,21.69,40.19,48.89,59.98,26.12,42.05,80.28,76.64,136.79,36.38,65.6,46.75,80.89,64.67,86.6,112.06,71.45,14.95,33.53,96.02,137.21,125.27,105.5]}