{"timestamp":1380412800000,"multiplier":1.0E-5,"open":1.34923,"high":1.34923,"low":1.34918,"close":1.3492,"shift":60000,"times":[1260,1,1,1,1,1,1,1,1,1,1,1,1,1,1,1,1,1,1,1,1,1,1,1,1,1,1,1,1,1,1,1,1,1,1,1,1,1,1,1,1,1,1,1,1,1,1,1,1,1,1,1,1,1,1,1,1,1,1,1,1,1,1,1,1,1,1,1,1,1,1,1,1,1,1,1,1,1,1,1,1,1,1,1,1,1,1,1,1,1,1,1,1,1,1,1,1,1,1,1,1,1,1,1,1,1,1,1,1,1,1,1,1,1,1,1,1,1,1,1,1,1,1,1,1,1,1,1,1,1,1,1,1,1,1,1,1,1,1,1,1,1,1,1,1,1,1,1,1,1,1,1,1,1,1,1,1,1,1,1,1,1,1,1,1,1,1,1,1,1,1,1,1,1,1,1,1,1,1,1],"opens":[0,-4,14,-19,21,13,9,5,19,-28,0,-17,4,20,-24,16,-11,-20,8,12,-5,-7,8,-11,-15,-1,-1,4,-11,4,0,-13,0,-12,1,8,-4,-11,9,-24,-5,-55,-2,10,-11,13,34,-37,47,0,7,0,20,2,24,-24,-24,-52,-4,1,4,32,24,17,7,15,13,-25,-13,23,9,-5,1,1,3,0,6,0,5,8,1,1,-9,3,-3,-11,15,0,4,22,5,-19,4,0,4,10,-1,-21,11,0,-6,5,1,8,7,-10,1,4,-8,-1,3,-12,-2,-3,-9,-1,2,-8,-3,5,7,-13,-10,-7,0,0,4,15,4,22,-8,-16,3,-3,-1,0,-7,7,-4,1,-2,2,6,0,7,3,-8,-2,4,-1,-1,3,5,2,-2,-2,2,0,-1,1,13,-11,1,1,4,-9,8,0,1,-2,7,9,-7,1,1,0,-2,1,1,1],"highs":[0,-2,12,20,5,9,0,11,3,-27,-1,-4,11,8,-15,6,-18,-1,1,0,-5,-1,14,-17,-6,3,-13,-3,-1,0,-6,0,-8,-8,-2,15,-17,-4,19,-41,0,-45,0,0,11,17,3,10,0,15,-10,18,8,20,0,-18,-30,-44,0,-7,40,16,18,8,15,12,-1,-21,7,11,-3,-5,1,6,-2,6,1,5,20,-2,-8,1,-8,5,-8,1,3,7,20,5,0,-16,3,1,12,-2,-1,-9,1,-2,0,5,9,0,1,-4,-1,0,-8,3,-1,-9,0,-8,-7,2,-3,-8,2,10,-3,-13,-9,-7,-1,4,19,0,22,6,-14,-10,-2,-4,0,0,-1,0,-4,2,1,3,1,8,1,21,-27,3,-1,-2,3,4,4,1,-5,2,-1,1,-2,9,4,-10,14,-6,-3,-2,1,1,0,12,7,-5,-5,0,4,-4,-2,1,3,1],"lows":[0,-12,4,2,20,10,10,5,-13,4,-11,-1,4,-2,-3,4,-24,6,7,-15,8,6,-4,-23,9,-14,13,-11,4,5,-13,0,-15,1,3,2,-12,3,-28,7,-87,31,-8,8,-3,12,-2,2,42,2,7,3,20,2,-1,-20,-64,4,-2,0,-1,41,22,19,6,11,-7,-36,23,18,4,5,0,0,0,3,7,1,5,8,-1,-18,10,5,-25,8,17,-5,5,27,-13,-1,0,3,4,10,-28,7,6,0,-1,5,1,8,-1,-3,1,-7,-1,3,-14,4,-5,-8,1,-1,-9,0,0,5,-3,-15,-6,-4,3,2,1,16,6,11,-14,0,-1,1,0,-10,3,1,2,-1,-3,5,5,0,8,-3,-11,4,5,0,0,3,3,2,-2,0,1,0,0,1,-2,0,5,-5,1,0,7,-1,-3,3,8,0,2,-2,4,-3,1,1,1,-1],"closes":[0,1,-5,21,13,-8,20,16,-27,2,-16,3,20,-22,15,-14,-19,7,12,-4,-8,8,-6,-18,-2,-4,11,-16,4,2,-13,0,-10,-1,5,-3,-8,6,-25,-2,-55,-2,17,-17,10,35,-36,48,-6,10,-1,21,5,23,-25,-20,-63,16,0,-7,30,26,15,9,13,16,-26,-16,26,9,-5,0,0,6,-2,6,1,5,4,5,0,-5,0,0,-13,11,2,8,18,7,-19,3,0,4,9,1,-22,12,-1,-5,3,2,7,6,-5,2,-1,-8,-1,4,-14,0,-4,-6,-2,1,-8,-3,5,8,-11,-14,-6,1,-3,6,16,2,23,-10,-15,3,-1,-2,0,-10,10,-5,1,-1,1,6,0,9,1,-5,-4,6,-4,0,3,4,0,1,-2,4,-1,-2,0,10,-7,0,1,3,-7,7,0,0,-3,6,14,-10,2,2,0,-1,-1,1,2,-2],"volumes":[22.5,27.6,42.1,36.39,30.63,61.76,42.5,34.84,49.66,23.9,20.0,26.89,15.0,37.0,36.0,41.69,58.12,31.54,33.77,42.18,14.75,9.75,31.75,71.82,17.75,77.52,10.5,34.41,14.88,10.25,45.93,40.91,52.36,21.45,8.94,19.0,37.46,11.89,54.04,13.75,98.24,58.72,116.81,55.95,76.65,32.63,41.52,56.31,12.88,21.79,8.52,21.13,10.02,14.89,19.77,28.41,44.87,4.01,17.47,10.54,126.12,40.28,93.29,37.44,78.68,47.89,72.9,104.86,37.38,44.06,26.89,6.88,10.98,23.02,30.89,63.41,16.5,13.52,142.07,39.74,27.29,83.59,10.82,35.65,180.92,41.26,44.28,79.35,116.33,35.53,65.38,15.5,35.63,16.75,22.25,3.13,46.39,37.01,25.01,7.5,16.88,29.73,51.15,19.0,19.75,32.04,10.63,47.52,24.9,21.22,39.63,21.17,26.72,32.03,23.01,28.78,49.36,17.5,14.75,21.13,56.46,39.48,13.26,40.5,4.5,41.38,39.25,22.78,59.61,89.22,42.97,49.77,37.89,17.51,55.15,34.52,25.39,44.26,6.14,35.66,52.66,18.52,9.5,24.64,18.89,136.52,55.86,74.31,53.5,34.9,47.89,63.0,38.38,11.63,6.5,26.89,56.64,41.4,23.13,26.78,50.42,38.9,125.9,61.78,11.5,39.25,8.63,23.63,24.55,55.45,49.09,41.55,9.0,15.96,15.01,19.59,1.25,1.13,15.79,39.42]}