{"timestamp":1365292800000,"multiplier":1.0E-5,"open":1.01784,"high":1.01801,"low":1.01773,"close":1.01801,"shift":60000,"times":[1260,1,1,1,1,1,1,1,1,1,1,1,1,1,1,1,1,1,1,1,1,1,1,1,1,1,1,1,1,1,1,1,1,1,1,1,1,1,1,1,1,1,1,1,1,1,1,1,1,1,1,1,1,1,1,1,1,1,1,1,1,1,1,1,1,1,1,1,1,1,1,1,1,1,1,1,1,1,1,1,1,1,1,1,1,1,1,1,1,1,1,1,1,1,1,1,1,1,1,1,1,1,1,1,1,1,1,1,1,1,1,1,1,1,1,1,1,1,1,1,1,1,1,1,1,1,1,1,1,1,1,1,1,1,1,1,1,1,1,1,1,1,1,1,1,1,1,1,1,1,1,1,1,1,1,1,1,1,1,1,1,1,1,1,1,1,1,1,1,1,1,1,1,1,1,1,1,1,1,1],"opens":[0,17,-22,-3,-22,-18,7,9,-10,-6,6,0,0,-15,-6,1,-10,3,-16,-3,3,-3,-24,-1,22,9,-20,-10,7,0,-2,5,10,-6,10,-2,2,6,19,-30,0,5,-10,5,6,-5,-4,16,10,-5,7,14,-18,-11,-7,8,5,-26,6,2,-19,2,7,-9,2,-5,4,-1,1,1,-1,-5,-3,18,-1,-7,-2,1,3,-13,-4,-5,10,1,12,-3,-5,1,2,14,-19,0,0,-1,-1,-2,3,-1,-5,8,1,0,1,0,5,-4,13,-6,-5,0,0,0,11,0,-2,-18,1,3,33,2,-7,-17,4,1,-11,6,0,0,-1,-23,-1,9,-1,15,11,-1,0,0,0,0,0,0,0,-10,1,-2,-1,-4,-5,-8,-2,4,-7,2,-3,1,-3,-2,2,3,4,0,-1,0,1,0,1,-3,3,38,-1,-5,4,1,1,-1,4,-2,5,-1],"highs":[0,0,-22,-3,-22,-11,23,-12,-7,-11,6,0,11,-18,-14,1,-7,0,-14,23,-25,1,-28,32,9,8,-34,-11,3,0,8,8,-3,3,6,-7,8,41,-9,-43,21,1,-22,8,-2,-5,14,-2,12,1,18,-5,-18,-10,-5,27,-16,-17,-2,2,5,-19,3,-8,0,0,10,-11,2,0,-2,-3,14,0,-1,-7,-3,5,-1,-12,-4,9,2,12,-5,-4,-4,5,11,1,-19,1,-1,2,-1,-3,2,-2,3,4,-2,-1,1,4,0,9,0,-6,3,-5,-2,18,-8,0,-1,-16,2,32,2,0,-7,-11,-1,0,-5,0,0,0,-1,-22,9,-1,24,-1,1,0,0,-1,0,0,0,0,0,-7,-2,0,-2,-5,-5,-8,-1,3,-5,1,-3,0,-3,0,5,2,0,0,-1,1,2,-1,1,-1,38,0,0,0,1,0,3,-1,0,4,5,-7],"lows":[0,9,-3,-28,3,-21,10,-15,1,7,6,0,-16,-12,7,-29,19,-26,14,-3,-4,-29,8,0,22,9,-20,-10,7,-8,6,5,3,1,10,-4,4,4,-6,-3,0,5,-10,5,1,-2,-2,16,8,-8,12,-2,-20,-2,0,10,-22,1,4,-4,-11,2,-2,0,-4,0,0,-1,5,0,-4,-4,1,17,-8,-1,0,1,-9,-6,-2,-2,9,2,7,-5,-1,4,1,-4,-1,1,-1,-3,1,-1,1,-4,0,8,-1,0,2,1,-1,2,1,0,0,1,-3,-1,13,0,-16,-2,1,-2,22,9,-21,4,0,-5,1,6,0,-11,-14,-1,1,5,3,15,10,0,-2,2,0,0,0,0,-10,0,-1,-1,-8,-1,-9,-1,-1,0,-2,-1,0,-2,-3,-1,4,3,0,2,0,0,2,0,-1,-1,3,28,4,-6,10,0,0,0,3,-1,4,1],"closes":[0,-17,-5,-13,-12,-11,18,-23,-1,-1,6,0,-16,-5,0,-9,2,-21,8,0,-5,-20,-5,21,10,1,-17,-10,3,-8,16,8,-10,10,6,-9,10,7,-15,-3,0,22,-22,8,-7,-2,8,6,9,4,16,-17,-22,-1,3,15,-31,11,-6,-4,1,-8,-4,0,-3,3,0,1,2,-2,-5,-4,20,-2,-7,-2,0,4,-12,-6,-2,8,1,12,-4,-4,1,5,11,-19,1,-1,-1,-1,0,0,-1,-4,9,2,-4,2,1,5,-4,12,-5,-6,3,0,-3,12,-1,0,-17,-2,3,34,2,-4,-22,6,1,-11,6,0,0,-6,-19,-1,11,-5,20,8,0,1,-1,0,0,0,0,0,-10,3,-4,-1,-4,-5,-9,0,-1,-1,0,-3,0,-2,-3,3,4,3,0,-1,0,1,1,0,-2,2,38,-1,-5,6,0,-1,0,4,-2,5,1,-2],"volumes":[3.0,5.1,1.13,6.75,1.13,7.58,20.25,13.55,8.11,5.65,10.5,2.25,18.75,60.4,16.88,36.95,6.01,15.47,3.0,18.38,6.38,34.35,3.0,48.0,21.0,18.0,8.25,3.38,1.5,3.75,3.0,17.25,3.0,6.75,6.75,5.25,16.5,48.0,32.25,3.75,28.5,10.5,6.0,5.25,7.5,3.0,14.25,1.5,12.75,17.25,17.25,69.0,16.5,13.5,20.25,35.25,5.25,17.25,13.5,11.25,24.3,6.75,28.14,28.96,45.88,73.92,76.16,27.71,22.0,110.39,138.83,111.01,51.41,75.5,50.26,81.03,16.52,11.25,12.0,56.63,7.9,49.99,71.03,59.8,42.81,54.56,72.26,18.43,19.91,32.34,14.67,17.7,13.77,25.76,28.82,13.92,37.08,23.77,7.9,58.53,24.04,27.43,52.25,72.44,51.06,17.29,32.32,27.09,62.41,14.66,41.7,79.51,31.15,40.81,42.49,9.39,14.67,46.31,86.9,31.94,47.02,22.51,45.76,36.08,74.66,49.13,47.27,79.76,95.39,28.54,70.56,61.5,90.45,22.14,25.88,24.06,38.31,37.93,36.42,31.54,26.66,37.93,36.44,13.15,44.33,37.16,21.05,30.1,9.38,12.03,23.82,24.01,39.06,45.43,61.19,5.63,13.98,56.37,9.78,36.77,58.9,10.9,10.89,19.52,22.91,22.15,14.27,41.68,63.82,52.33,19.55,39.92,31.57,39.03,40.89,30.76,10.35,91.1,39.03,13.52]}