{"timestamp":1488672000000,"multiplier":1.0E-5,"open":1.00802,"high":1.00805,"low":1.00802,"close":1.00804,"shift":60000,"times":[1320,1,1,1,1,1,1,1,1,1,1,1,1,1,1,1,1,1,1,1,1,1,1,1,1,1,1,1,1,1,1,1,1,1,1,1,1,1,1,1,1,1,1,1,1,1,1,1,1,1,1,1,1,1,1,1,1,1,1,1,1,1,1,1,1,1,1,1,1,1,1,1,1,1,1,1,1,1,1,1,1,1,1,1,1,1,1,1,1,1,1,1,1,1,1,1,1,1,1,1,1,1,1,1,1,1,1,1,1,1,1,1,1,1,1,1,1,1,1,1],"opens":[0,2,4,49,5,-2,4,18,-1,20,-10,23,38,-55,-3,-4,-32,9,-4,-48,45,-36,46,-3,0,-1,-40,5,-4,21,-10,-14,1,13,-20,24,-3,-4,11,9,7,-38,26,-7,11,-53,10,10,-5,-5,-1,7,-14,-2,-6,-8,31,46,-63,0,27,0,0,0,-6,-18,-2,9,22,0,-5,0,7,-2,-7,-2,-10,-10,-11,-1,21,3,-5,-6,0,0,-2,7,-3,0,-8,-6,12,1,-4,4,0,-12,24,-4,-3,-1,3,-3,3,9,0,1,2,4,-8,9,-5,-1,-1,-2,-8,-7,-14,-2],"highs":[0,3,0,57,2,-4,39,-19,38,-17,11,43,-6,-32,-22,-1,-30,0,-4,0,-3,17,-5,-5,6,4,-37,10,4,-6,-1,-12,31,-28,13,3,0,2,26,9,-16,-14,-3,-4,0,-27,-6,0,-3,0,21,-8,-25,-3,10,40,30,-17,-26,-14,33,-27,-4,0,-5,0,-20,33,-3,0,-3,7,-2,-2,-7,-2,-10,-9,-11,24,-1,0,-6,-6,0,0,6,1,-5,0,-8,10,-3,0,0,0,0,14,-2,-4,-1,0,0,0,6,11,-4,-1,8,-3,2,3,-10,0,-1,-1,-7,-10,-13,-3],"lows":[0,2,0,42,-35,-27,12,86,-36,55,-15,10,-7,-9,9,-36,-31,37,-50,-4,16,3,28,15,-6,-70,6,-6,8,-12,17,1,20,-31,22,16,-10,1,10,-1,-18,0,16,2,-33,-2,14,-18,20,-19,14,-13,5,-5,-10,-9,3,14,-23,29,27,1,0,-7,-20,2,-2,11,20,-4,-21,19,7,-9,0,-9,-10,-12,0,0,20,-1,-8,0,1,-3,2,4,0,-8,-7,0,7,2,1,0,-5,-3,17,-1,0,-1,0,1,2,10,0,1,-1,-2,0,4,1,-2,-2,-10,-16,-4,-1,-20],"closes":[0,4,-4,58,0,1,21,-1,21,-3,1,49,-54,2,-4,-36,8,-4,-46,46,-34,39,-2,1,4,-45,5,6,11,-11,-3,1,3,-20,22,-4,2,6,10,5,-32,20,0,7,-55,15,7,-4,-4,-5,10,-12,-3,-8,-8,31,46,-61,-2,24,3,0,0,-7,-17,-2,1,29,1,-5,1,6,-2,-8,-1,-10,-10,-11,-1,22,2,-4,-7,0,0,-2,6,-2,0,-8,-7,14,0,-4,4,0,-9,21,-5,-2,0,0,-2,2,6,5,1,1,7,-11,9,-5,1,0,-2,-12,-6,-14,-1,-14],"volumes":[2.97,3.71,8.57,4.5,15.75,56.29,53.98,11.0,29.5,6.0,22.0,50.5,73.0,137.0,16.5,93.0,144.0,9.0,81.0,156.5,49.5,106.5,72.75,2.0,91.25,99.5,144.62,300.5,137.6,123.5,90.87,9.0,37.5,54.0,297.75,658.0,626.25,618.5,640.0,605.75,627.63,674.51,683.0,588.25,27.89,93.69,19.12,41.0,13.0,40.0,46.0,33.0,7.0,22.5,60.11,186.75,456.56,199.79,374.98,78.5,52.32,32.5,11.0,17.5,95.37,75.37,21.37,50.54,10.0,11.0,79.91,38.1,26.96,37.01,19.83,19.09,25.56,121.83,50.94,69.55,27.7,21.11,46.88,31.81,27.99,50.46,49.24,91.46,48.55,45.75,66.29,69.42,72.86,56.0,33.0,40.0,49.37,60.24,39.98,15.87,14.86,19.42,21.09,14.48,56.13,43.05,75.09,36.75,50.01,43.36,53.54,27.35,4.74,27.33,18.73,65.75,76.44,43.72,20.24,62.06]}