{"timestamp":1488672000000,"multiplier":0.001,"open":1232.731,"high":1233.061,"low":1232.681,"close":1232.962,"shift":60000,"times":[1380,1,1,1,1,1,1,1,1,1,1,1,1,1,1,1,1,1,1,1,1,1,1,1,1,1,1,1,1,1,1,1,1,1,1,1,1,1,1,1,1,1,1,1,1,1,1,1,1,1,1,1,1,1,1,1,1,1,1,1],"opens":[0,190,27,-279,199,340,393,-290,-49,-50,-100,-241,11,479,178,-128,80,100,200,-2,-78,400,-80,338,-41,70,-37,-222,119,110,220,-60,191,-101,134,296,233,290,-562,-390,209,273,197,0,0,-120,0,0,-129,-61,40,-160,80,11,-1,-260,620,410,531,-141],"highs":[0,91,-44,-216,236,474,110,-401,-33,-17,-149,-140,537,82,48,-198,110,351,37,49,114,100,177,130,-111,0,-19,-50,89,200,201,-81,181,70,90,229,271,409,-920,-117,140,508,-300,100,-101,70,-130,-59,-120,-30,-1,-50,1,109,0,393,457,421,-81,590],"lows":[0,168,-268,-12,-1,443,360,-460,260,-110,-300,-40,161,460,-4,-76,139,190,110,-10,20,300,-43,341,-1,-100,-119,19,150,40,230,-60,130,14,140,296,183,-463,-107,-73,233,241,136,0,-36,-3,-171,41,-151,20,-167,80,71,-4,-216,-384,991,359,211,209],"closes":[0,-113,-180,202,208,523,-231,-120,-80,-110,-240,-40,601,206,-116,-31,110,260,27,-147,370,10,298,-50,79,-90,-180,130,113,247,-90,210,-140,171,299,230,273,-532,-360,142,267,210,0,0,-136,7,-21,-99,-81,40,-159,120,10,0,-281,671,450,379,-59,619],"volumes":[0.0045,0.00582,0.00991,0.00389,0.00827,0.00348,0.00341,0.0028,0.00197,0.001,0.00247,0.00167,0.00718,0.00327,0.00659,0.00275,0.001,0.00319,0.00988,0.01231,0.00402,0.00502,0.02448,0.01933,0.00709,0.02238,0.02085,0.01695,0.01702,0.02444,0.03756,0.0308,0.0274,0.02086,0.02189,0.0348,0.02146,0.05567,0.03882,0.02348,0.01854,0.02751,0.00852,0.00963,0.0305,0.01575,0.02751,0.01231,0.02119,0.01483,0.03353,0.01843,0.01722,0.02315,0.03282,0.06,0.07665,0.06588,0.0417,0.04456]}