{"timestamp":1442102400000,"multiplier":1.0E-5,"open":0.93808,"high":0.93829,"low":0.93794,"close":0.93803,"shift":60000,"times":[1260,1,1,1,2,1,1,1,1,1,1,1,1,1,1,1,1,1,1,1,1,1,1,1,1,1,1,1,1,1,1,1,1,1,1,1,1,1,1,1,1,1,1,1,1,1,1,1,1,1,1,1,1,1,1,1,1,1,1,1,1,1,1,1,1,1,1,1,1,1,1,1,1,1,1,1,1,1,1,1,1,1,1,1,1,1,1,1,1,1,1,1,1,1,1,1,1,1,1,1,1,1,1,1,1,1,1,1,1,1,1,1,1,1,1,1,1,1,1,1,1,1,1,1,1,1,1,1,1,1,1,1,1,1,1,1,1,1,1,1,1,1,1,1,1,1,1,1,1,1,1,1,1,1,1,1,1,1,1,1,1,1,1,1,1,1,1,1,1,1,1,1,1,1,1,1,1,1,1],"opens":[0,-5,0,0,3,13,32,-25,6,10,8,26,17,2,2,-4,-1,-9,-6,-19,26,-14,-1,-2,0,3,12,1,1,0,17,-8,2,6,1,-12,-13,0,-4,4,11,11,79,12,-37,-11,0,1,-33,-4,19,-17,-11,15,15,9,-37,-3,17,21,-10,10,-7,-2,-1,-6,2,10,6,-3,6,2,3,-5,0,-5,-1,0,1,-3,13,-24,16,-13,-4,-5,4,6,-5,-35,9,-4,-6,-15,-14,10,-5,-30,-6,10,-5,-4,0,1,-12,11,45,0,2,4,4,10,-15,16,0,-37,0,10,-19,7,-12,15,9,36,-11,5,6,-1,0,-15,1,-20,-1,21,-6,26,-5,-1,15,-19,0,5,9,25,-19,20,-10,-1,6,30,-10,4,1,4,4,-10,-7,-10,1,-31,14,0,-10,-21,-20,6,15,30,-4,-11,20,-1,-9,41,-1,0,12,47,16],"highs":[0,-26,0,4,12,36,1,-12,-12,18,46,18,1,-20,17,0,57,-53,-26,11,0,-20,8,-6,2,4,12,0,-17,31,-14,10,4,-12,13,-20,-1,-18,-4,32,-1,103,-29,27,-52,-2,-8,13,-44,36,-23,-17,3,15,25,-4,-38,4,20,1,7,-5,-1,13,-17,-7,4,2,11,3,-5,5,0,-5,0,0,-5,0,0,10,0,7,-15,-6,-9,2,-3,4,-5,-20,5,-15,-5,-15,-5,0,0,-35,4,1,-4,-2,-4,1,0,58,-8,4,-2,11,0,13,-6,-3,5,-22,-7,-4,-12,12,0,0,40,0,-10,39,-24,-10,0,-10,-5,-16,16,0,20,0,0,25,-15,-15,5,10,20,5,-5,0,-5,5,30,-1,-9,5,5,-2,0,-10,-7,-5,-2,-13,4,-7,-13,-21,-15,21,25,5,4,5,-4,-6,41,0,-6,6,50,33,-10],"lows":[0,9,0,0,1,14,0,2,12,-1,10,35,17,1,-2,0,-24,14,-21,-4,12,-4,2,-1,0,4,12,1,1,-4,14,-1,2,6,-11,-9,-4,-5,1,4,11,11,78,-29,-6,0,0,-56,-1,21,-1,-5,-3,13,17,-25,-5,-1,10,10,3,3,-8,3,0,1,1,8,4,1,7,2,-3,0,-5,0,-4,4,-5,0,-4,-5,4,-4,-3,-2,-1,5,-40,5,-4,4,-14,-16,-9,9,-29,-5,-1,9,-3,-2,2,-10,-1,11,44,-4,-1,12,4,-5,0,15,-36,-4,4,-9,0,-15,4,20,10,21,-1,6,9,-10,-15,5,-20,-15,20,15,-20,21,14,5,-5,-19,14,10,10,-4,3,-3,9,6,5,25,-16,20,0,4,-3,-9,-22,12,-30,-2,15,-11,-28,-16,0,6,14,33,-17,5,14,-5,1,40,-1,1,12,47,0],"closes":[0,0,0,4,12,31,-23,17,-12,18,25,39,-20,1,-2,-1,-15,5,-21,24,-16,-3,17,-17,1,15,19,-17,0,19,-8,-1,10,-1,-13,6,-18,-6,1,32,-17,106,-17,-29,-6,0,1,-33,-3,20,-20,-7,11,15,11,-35,7,1,23,-11,11,-11,13,-10,-2,1,3,2,12,-2,0,5,-5,-1,-4,-1,0,1,-1,11,-20,13,-5,-11,-5,2,-3,3,-35,11,-5,-6,-14,-15,9,-4,-30,0,4,-5,-4,-1,1,-7,2,54,-3,6,0,-1,13,-14,15,3,-38,3,7,-18,6,-13,9,15,36,-6,0,6,-1,1,-16,1,-20,-1,21,-6,26,-11,11,9,-19,-1,6,9,26,-20,19,-14,4,6,29,-4,-1,5,-3,7,-8,-9,-8,-1,-28,13,3,-15,-21,-19,4,16,23,4,-12,20,-6,-1,41,-3,-2,11,50,11,-12],"volumes":[5.99,1.5,1.12,2.61,19.87,52.87,104.23,13.25,1.75,9.25,16.25,12.5,15.5,14.5,15.0,27.5,168.7,28.75,37.0,33.75,23.0,18.5,16.25,18.5,11.5,12.0,17.0,8.0,5.25,33.0,26.25,19.75,19.5,3.5,19.0,9.75,6.25,10.5,1.75,11.75,4.5,41.99,7.0,52.99,19.25,4.5,10.5,94.16,82.55,47.23,28.5,12.0,26.5,31.61,8.5,26.25,12.5,14.5,9.82,57.72,40.67,12.28,26.01,104.37,22.75,23.99,17.25,8.25,34.59,9.5,5.25,14.0,11.49,10.0,8.24,14.25,18.48,5.87,9.62,24.1,35.5,20.5,22.0,10.5,6.25,18.0,13.49,15.49,34.48,24.74,58.33,10.74,47.96,27.1,61.1,36.0,62.86,26.99,53.48,14.87,5.62,27.34,1.75,6.62,20.98,54.46,22.0,22.24,28.24,23.12,11.87,67.23,39.36,7.25,80.47,62.35,38.86,42.5,22.5,49.0,70.5,54.0,65.49,62.2,63.0,115.25,42.0,21.0,47.0,44.0,20.75,38.85,32.75,15.0,111.72,53.99,19.0,52.37,17.24,31.37,23.5,39.12,26.5,78.6,53.24,88.83,51.48,54.12,41.6,24.0,39.0,18.0,22.36,10.73,21.35,38.36,60.12,31.98,54.85,51.84,23.36,47.99,54.36,44.24,21.37,68.71,62.21,17.62,78.07,56.86,20.5,10.75,89.99,52.25,13.25,18.5,128.61,133.55,34.97]}