{"timestamp":1442707200000,"multiplier":1.0E-5,"open":0.95,"high":0.95003,"low":0.95,"close":0.95002,"shift":60000,"times":[1260,1,1,8,1,1,1,1,1,1,1,1,1,1,1,1,1,1,1,1,1,1,1,1,1,1,1,1,1,1,1,1,1,1,1,1,1,1,1,1,1,1,1,1,1,1,1,1,1,1,1,1,1,1,1,1,1,1,1,1,1,1,1,1,1,1,1,1,1,1,1,1,1,1,1,1,1,1,1,1,1,1,1,1,1,1,1,1,1,1,1,1,1,1,1,1,1,1,1,1,1,1,1,1,1,1,1,1,1,1,1,1,1,1,1,1,1,1,1,1,1,1,1,1,1,1,1,1,1,1,1,1,1,1,1,1,1,1,1,1,1,1,1,1,1,1,1,1,1,1,1,1,1,1,1,1,1,1,1,1,1,1,1,1,1,1,1,1,1,1,1,1,1],"opens":[0,8,26,4,-5,0,66,20,0,-25,0,0,-5,-1,-50,-14,20,19,-19,0,-1,-10,-9,12,3,-25,-2,-3,24,-24,0,-1,-10,1,-1,0,1,0,0,-4,7,3,19,-15,-1,1,0,0,-6,1,2,-2,6,-16,-46,11,-18,6,29,75,-11,10,-6,4,-1,-2,-3,19,-8,20,-3,20,11,-9,-8,25,-16,1,-3,5,-22,1,-18,-9,-9,-6,-4,1,-5,4,0,0,6,16,-16,1,-4,0,2,18,-12,-12,-3,10,-19,-11,58,-16,1,8,3,-12,-34,-11,-4,20,-24,4,8,33,0,-5,14,-8,8,-11,8,-9,-11,-1,5,-6,2,-16,-35,0,5,-31,16,19,5,26,-5,-16,-21,-6,-3,-10,16,4,10,1,-26,9,4,3,0,18,1,-2,-2,-6,1,3,31,5,-13,14,-5,10,14,-19,5],"highs":[0,30,1,4,-5,95,-10,1,0,-25,10,-10,14,-20,-50,6,19,1,-20,0,0,9,-11,-3,0,-6,17,-17,0,-24,0,-1,-9,0,-1,1,0,0,14,5,0,11,1,2,-21,-2,9,-9,-2,6,-6,3,0,-16,-28,-1,-2,19,71,-1,-1,-1,0,2,12,-12,12,-1,17,4,6,2,9,0,13,-5,-11,-4,5,-3,-15,-4,-9,-19,-10,-5,-2,-1,-1,1,1,8,9,9,-14,-1,-8,6,2,9,-12,-8,3,1,-9,31,13,-12,-1,3,-2,-8,-28,-14,49,-40,-14,9,31,0,15,4,-14,-4,21,-8,-8,-10,-6,-5,1,-3,-2,-14,-29,2,0,-21,16,7,28,10,-15,-11,-20,-12,-3,8,21,10,-15,-1,-18,5,1,7,8,14,-6,-3,-5,-4,4,25,10,0,4,1,3,12,13,-25,-3],"lows":[0,8,26,4,-5,-12,77,21,-51,26,0,-6,0,-50,-54,34,11,14,1,-1,-15,-5,-9,-1,1,-3,-3,-5,5,1,-11,0,0,0,0,-10,11,0,-18,2,19,3,0,-35,28,10,-15,-21,30,-1,0,-1,-6,-46,-9,0,0,8,29,64,-9,6,1,1,4,-2,-2,12,0,19,0,12,7,-5,0,12,-3,-3,-1,-16,-4,-13,-7,-6,-15,2,-5,4,-4,3,-20,21,4,0,-6,6,-2,-6,9,2,-7,-6,-1,-3,-37,23,43,-1,1,8,-27,-30,-7,-44,50,-4,0,-18,30,32,-4,0,-6,11,-3,1,3,-17,0,0,0,-5,-9,-35,-5,3,-24,0,8,27,1,29,-19,-27,1,-5,-15,1,18,6,2,-17,-4,13,3,2,-3,19,2,-1,-7,0,1,1,29,-10,2,10,1,13,-1,-9,10],"closes":[0,31,1,4,-5,70,15,1,-25,0,10,-16,0,-50,-15,16,24,-19,0,-1,-14,-6,19,-3,-25,-2,-3,24,-24,0,-1,-10,1,-1,0,1,0,0,-5,8,3,14,-10,-1,1,0,0,-6,1,3,-4,7,-15,-46,9,-17,6,30,75,-11,10,-9,5,0,7,-10,19,-5,15,6,11,2,6,-14,23,-11,-1,-4,8,-26,-2,-12,-10,0,-21,2,-4,5,-1,-1,-4,6,18,-11,2,-7,2,6,2,-7,-2,-3,4,-16,-14,53,-10,5,2,3,-7,-34,-15,-3,19,-23,3,-9,45,4,-3,14,-9,4,-8,16,-5,-24,0,0,0,2,-16,-35,4,6,-36,8,22,8,28,0,-20,-22,-4,-5,-10,15,6,9,4,-28,7,4,2,3,14,4,-2,-2,-7,3,4,24,11,-18,22,-10,14,11,-15,4,-3],"volumes":[1.87,2.99,0.75,3.0,1.0,68.44,8.5,3.0,38.62,1.0,3.0,8.0,14.0,10.0,30.24,17.75,26.0,17.0,21.0,27.0,31.0,10.0,70.86,38.0,27.12,46.75,52.61,36.37,34.61,46.0,28.24,27.5,26.0,38.0,32.0,43.62,21.0,17.0,72.2,126.48,64.75,90.5,80.25,85.11,44.86,27.0,57.74,64.0,60.0,69.0,106.0,86.0,28.0,104.25,77.25,73.44,119.95,106.87,109.37,63.32,132.23,61.5,64.62,165.83,339.83,115.77,51.48,48.99,43.26,38.32,55.32,28.37,4.25,14.11,11.49,16.34,15.46,4.48,4.99,35.83,29.73,30.45,31.24,19.25,8.87,14.73,15.71,14.85,6.86,17.96,36.49,33.48,11.87,21.87,31.09,18.48,10.62,12.3,10.5,18.25,8.62,12.12,42.34,42.09,82.12,58.45,21.19,17.09,15.84,4.5,37.79,81.56,119.37,95.0,70.87,43.0,71.99,93.65,95.75,9.0,35.0,82.5,53.25,75.04,57.87,40.87,30.75,31.75,31.75,27.25,14.0,31.25,72.25,56.5,47.12,30.1,115.22,52.85,44.5,33.62,58.59,43.11,31.11,42.85,49.49,29.25,50.35,46.45,69.34,124.4,33.75,32.47,39.06,45.85,50.54,40.33,41.21,47.86,19.75,18.75,15.5,5.25,7.25,53.97,11.25,36.36,40.37,29.37,26.62,41.25,77.0,36.12,5.25]}