{"timestamp":1442102400000,"multiplier":1.0E-5,"open":1.13311,"high":1.13311,"low":1.13304,"close":1.13304,"shift":60000,"times":[1260,1,1,1,1,1,1,2,1,1,1,1,1,1,1,1,1,1,1,1,1,1,1,1,1,3,1,1,1,1,1,1,1,1,1,1,1,1,1,1,1,1,1,1,1,1,1,1,1,1,1,1,1,1,1,1,1,1,1,1,1,1,1,1,1,1,1,1,1,1,1,1,1,1,1,1,1,1,1,1,1,1,1,1,1,1,1,1,1,1,1,1,1,1,1,1,1,1,1,1,1,1,1,1,1,1,1,1,1,1,1,1,1,1,1,1,1,1,1,1,1,1,1,1,1,1,1,1,1,1,1,1,1,1,1,1,1,1,1,1,1,1,1,1,1,1,1,1,1,1,1,1,1,1,1,1,1,1,1,1,1,1,1,1,1,1,1,1,1,1,1,1,1,1,1,1,1],"opens":[0,-12,-34,3,2,0,2,13,15,-6,1,0,30,-1,4,2,36,-2,-5,-5,1,2,-2,0,0,-1,1,0,13,6,-2,-2,0,0,-1,1,0,0,0,2,0,-1,0,1,1,-2,0,0,0,1,-1,1,4,1,-2,-1,0,-1,-3,-1,-1,-18,2,6,0,14,0,-1,16,11,13,1,0,8,6,0,-5,4,135,-28,-16,7,9,12,21,-11,5,9,5,-3,16,-3,-1,-12,-7,-12,3,-30,-5,-6,-3,-7,-6,-1,-3,-1,-9,-1,-10,12,9,-2,4,-41,-3,-5,-13,6,-8,0,4,-4,3,-1,-2,-28,14,-2,1,-1,-3,2,0,-9,21,0,14,7,-19,-3,5,-3,-3,2,9,-10,12,0,0,-14,2,9,1,-23,-7,-4,10,0,-6,-6,-2,10,7,10,-9,3,6,1,14,-4,-17,7,10,-10,1,-14,-2],"highs":[0,-6,-40,8,-2,5,6,18,0,-4,-1,30,0,4,0,37,0,-2,-5,-2,0,1,0,0,5,-8,0,15,5,-1,-1,-3,0,0,0,0,0,0,3,2,-3,1,-1,1,0,0,-1,0,0,0,0,6,-1,0,-1,-2,3,-4,-3,-1,-1,-6,-8,6,16,-4,1,16,9,14,0,3,5,6,5,-4,-2,141,12,-44,-9,14,8,22,-4,-4,9,7,-2,18,-3,-3,-5,-9,-10,-1,-7,-30,-4,-7,2,-12,-6,-2,-3,-1,-8,-2,1,17,-7,4,-2,-41,3,-8,-9,-1,-6,4,-2,-3,2,4,-4,-17,8,-8,-1,9,-10,0,-1,10,6,11,7,1,-20,2,-1,-2,-2,12,-2,6,-1,-4,0,-12,9,0,2,-24,-5,6,-1,0,-5,0,1,7,11,-2,-4,6,-1,15,1,-6,-9,9,1,-7,-3,-8,3],"lows":[0,-39,0,3,2,0,2,13,-1,7,2,2,30,-1,4,1,28,3,-5,-1,1,-5,5,0,0,-1,0,0,14,3,-3,1,0,0,0,0,0,0,0,2,0,0,0,1,0,-2,0,1,0,0,0,0,3,1,-1,0,-1,-6,-2,3,-19,0,3,2,4,14,-1,0,15,4,19,3,0,6,6,-3,-2,2,92,-9,5,12,5,18,10,0,-4,17,-7,10,13,-5,-9,-6,-12,-5,-23,-6,-6,-4,-4,-6,-6,-1,0,-7,-6,-5,0,10,5,4,-40,-7,3,-25,10,-1,-17,17,-1,-2,1,-6,-28,-5,25,0,-4,3,-6,3,-8,-1,23,1,12,-13,0,0,-6,-2,7,2,-9,0,18,-4,-8,-1,3,8,-21,-7,-10,6,8,-6,-6,-2,1,7,10,1,-5,9,3,4,6,-15,1,8,0,0,-15,-1,0],"closes":[0,-38,-1,5,0,3,9,18,-7,3,-2,31,0,4,0,36,0,-5,-5,2,0,0,1,0,5,-9,1,15,5,-2,-3,0,0,-1,1,0,0,0,3,-1,-1,0,1,1,0,-1,0,0,0,0,-1,7,-2,0,-2,0,-1,-4,0,-1,-19,3,1,2,17,0,-1,18,9,13,0,2,7,6,1,-6,4,135,-28,-16,7,9,13,20,-11,4,8,7,-3,17,-4,-1,-12,-7,-12,3,-30,-6,-4,-3,-8,-6,-2,-1,-2,-9,-1,-10,10,11,-2,4,-43,0,-5,-12,3,-7,0,5,-4,-1,2,-2,-28,14,-2,1,-2,0,0,0,-8,18,1,16,6,-20,-1,5,-4,-2,1,10,-11,13,0,-2,-13,1,9,0,-21,-7,-3,8,2,-6,-8,0,9,8,8,-9,4,4,3,15,-5,-17,8,9,-10,1,-16,0,10],"volumes":[8.23,9.35,1.5,4.5,4.0,13.0,11.5,10.75,7.75,4.5,9.11,23.87,3.0,4.0,6.0,11.5,6.87,4.0,9.62,23.0,7.14,14.74,2.6,3.64,3.57,16.27,13.84,64.46,45.54,18.0,37.52,36.79,27.5,47.5,56.5,43.25,41.58,35.0,39.16,32.36,36.12,17.64,15.58,15.54,33.5,38.65,29.39,22.35,28.07,21.21,22.0,24.0,27.0,34.5,17.5,4.0,28.58,82.67,32.59,11.25,34.77,37.98,82.99,22.37,26.52,2.16,8.11,57.53,34.37,130.51,20.72,14.21,27.84,60.07,47.95,32.83,12.09,195.59,277.4,115.33,78.94,45.69,81.75,76.88,86.44,51.7,96.26,88.92,90.92,114.14,56.34,102.95,62.27,52.45,91.29,102.65,110.89,65.48,105.16,60.93,81.0,76.73,112.51,47.56,72.82,130.1,36.84,46.12,47.1,70.27,66.32,35.0,119.07,36.82,107.15,125.31,65.37,88.45,247.77,31.4,62.79,35.71,56.25,104.29,100.45,73.3,64.37,75.06,61.48,36.4,47.89,58.84,81.21,56.06,32.84,44.82,43.92,89.7,27.75,34.7,66.29,81.02,38.94,56.0,63.42,99.72,46.88,40.52,57.88,81.98,37.46,13.64,63.72,48.45,110.93,132.8,36.5,83.99,59.54,67.24,46.8,69.24,54.32,40.3,88.42,74.64,74.57,69.2,78.88,90.02,29.83,53.36,41.57,39.43,76.56,102.24,119.51]}