{"timestamp":1442102400000,"multiplier":1.0E-5,"open":0.96893,"high":0.96905,"low":0.96893,"close":0.96905,"shift":60000,"times":[1260,1,2,1,1,1,1,1,1,1,1,1,1,1,1,1,1,1,1,1,1,1,1,1,1,1,2,1,1,1,1,1,2,1,1,1,1,1,1,1,1,1,3,1,3,1,1,1,1,1,3,1,1,1,1,1,1,1,1,1,1,1,1,1,1,1,1,1,1,1,1,1,1,1,1,1,1,1,1,1,1,1,1,1,1,1,1,1,1,1,1,1,1,1,1,1,1,1,1,1,1,1,1,3,1,1,1,1,1,1,1,1,1,1,1,1,1,1,1,1,1,1,1,1,1,1,1,1,1,1,1,1,1,1,1,1,1,1,2,2,1,1,1,1,1,1,1,1,1,1,1,1,2,1,1,1,1,1,1,1,1,1,1,1,1,1],"opens":[0,23,-10,-9,8,-8,18,1,-4,4,1,-1,-30,-6,-1,-1,20,-16,1,-3,1,3,-4,-16,7,-2,0,1,-9,0,-2,2,0,-1,0,0,5,-5,0,-3,-2,1,1,0,0,-1,0,0,-2,0,-1,5,17,-3,1,-5,3,0,0,1,-3,4,-3,1,2,2,0,-1,0,-3,-4,1,-29,3,-3,-10,1,-8,-11,2,-2,-8,2,-2,2,4,8,-4,1,0,-8,5,0,0,1,3,3,0,8,2,3,-3,3,-2,-1,13,0,-4,17,4,9,10,1,-7,13,3,4,22,1,-3,1,-2,3,-3,1,-4,0,2,-1,-2,1,-1,1,-1,0,-1,-1,3,-4,1,-2,0,0,1,1,3,-6,-4,4,-4,1,-2,3,1,-2,-1,0,1,1,0,-1,0,1,2,1,1],"highs":[0,11,-2,-17,16,2,1,1,0,0,0,0,-31,-6,1,24,-7,-15,0,-3,1,3,-4,-16,7,-2,0,1,-2,-7,-1,1,0,-1,0,0,5,-5,1,-4,-1,0,1,0,0,-1,0,0,0,-2,-1,20,2,-2,3,-5,2,5,-1,-1,-7,4,-2,2,3,-1,0,-1,0,-2,0,-4,-17,-9,-3,-9,3,-11,-9,0,0,-6,-1,0,4,6,1,-4,1,0,0,-1,-1,1,0,2,7,0,8,0,3,-2,0,-2,12,3,-3,13,0,13,13,-2,0,3,4,6,25,8,-10,-2,0,0,1,-2,0,-4,0,2,-1,-1,0,0,1,-2,0,-1,2,1,-5,1,-2,0,0,4,3,-2,-6,3,1,-7,2,-2,3,0,-2,-1,0,1,2,-2,-1,2,-1,3,2,0],"lows":[0,10,3,-10,0,1,18,-3,0,-15,20,-31,-11,5,-1,-2,4,0,0,-1,0,-1,-15,0,5,0,0,0,-9,-1,0,2,0,-1,0,0,0,0,-3,-1,-1,1,1,0,-1,0,0,-2,0,-1,0,2,18,-1,-1,-3,3,0,0,-2,-1,2,-1,-1,5,2,-5,-1,2,0,-4,-35,3,2,-11,-2,-3,-15,3,3,-7,-3,1,0,2,4,4,0,1,-8,0,5,0,0,-3,7,2,-1,10,2,0,0,0,0,0,13,0,-4,17,3,10,10,-11,5,13,-6,13,22,-7,4,1,-2,2,-1,0,-3,0,1,-2,-9,10,-1,0,0,0,-1,-1,0,-1,-1,-1,1,0,1,-2,-1,-3,0,1,-2,0,-1,4,0,-1,-1,0,0,2,-1,0,0,0,2,0,1],"closes":[0,2,-1,-10,0,19,1,-3,4,-1,1,-31,-6,0,-1,18,-16,2,-2,-1,0,0,-16,0,5,0,0,1,-9,-2,0,2,0,-1,0,0,0,0,-3,-1,0,0,1,0,-1,0,0,-2,0,-1,0,20,0,0,2,-4,2,5,-6,-3,-1,2,1,2,3,-1,-2,-4,2,1,0,-35,5,-3,-13,4,-8,-11,2,0,-8,1,-2,2,4,6,-3,0,1,-8,5,2,-2,0,-2,6,2,5,7,0,1,1,-3,0,13,0,0,13,0,13,11,0,-9,12,4,6,20,3,-3,0,0,0,0,0,-1,-3,0,1,-2,0,1,0,0,-1,0,-1,0,0,-2,-1,0,0,0,2,2,-6,-3,5,-4,0,-1,1,3,-2,0,-1,0,1,2,-3,0,2,-2,4,2,-3],"volumes":[1.11,5.81,1.49,2.24,9.22,7.12,2.0,12.5,8.5,20.8,6.0,26.25,45.02,8.75,4.5,7.5,9.0,10.0,3.0,2.0,3.0,6.0,6.37,1.0,3.0,2.0,1.0,5.0,14.0,3.0,4.0,2.0,2.0,4.0,2.0,3.0,6.0,5.0,7.0,4.0,5.0,2.0,1.0,6.0,4.0,2.0,2.0,2.0,6.0,7.0,1.75,17.45,1.12,1.49,14.08,3.99,319.03,301.32,6.25,8.36,7.48,9.12,18.87,34.2,7.74,1.37,22.45,11.86,3.24,2.24,2.99,68.68,172.79,27.92,14.45,34.78,39.55,35.33,15.32,5.6,28.04,26.6,32.83,40.53,18.21,4.74,7.99,3.25,1.12,10.86,31.41,6.99,10.59,5.85,8.09,2.62,12.09,22.44,10.71,6.6,11.1,16.69,6.11,6.72,19.44,10.83,1.12,22.74,1.5,11.22,23.05,10.37,20.56,13.7,3.74,44.77,38.2,26.69,31.54,14.71,4.5,11.86,8.36,4.86,2.37,1.87,3.74,3.0,3.37,18.71,1.0,2.12,5.24,3.24,2.37,1.0,5.24,8.74,2.24,9.72,11.58,1.37,7.48,7.98,20.84,28.43,11.71,23.31,27.45,11.19,17.92,16.35,3.49,4.61,6.24,4.99,5.62,4.49,4.86,9.36,1.37,5.73,3.24,18.81,21.44,15.71]}