{"timestamp":1441497600000,"multiplier":1.0E-5,"open":0.97129,"high":0.97131,"low":0.97129,"close":0.97131,"shift":60000,"times":[1260,1,1,1,1,1,2,1,1,1,2,2,3,1,1,1,1,1,1,1,2,1,1,1,1,1,1,1,1,1,1,1,4,2,1,3,1,1,2,1,1,1,1,1,1,1,1,1,1,1,1,1,1,1,1,1,1,1,1,2,1,1,1,1,1,2,1,1,1,1,1,1,1,2,1,1,1,1,1,1,1,1,1,1,1,3,1,1,1,2,1,1,1,1,1,1,1,2,1,1,1,1,1,1,1,1,1,1,1,1,1,1,1,1,1,1,1,1,1,1,1,1,1,1,1,1,1,1,1,1,1,1,1,1,1,1,1,1,1,1,1,1,1,1,1,1,1,1,1,1,1,1,1,1,1,1,1,1,1,1],"opens":[0,2,0,0,-9,1,13,8,2,-3,31,2,0,-9,12,5,7,6,-9,-5,2,2,1,0,7,-19,-23,11,-8,3,1,1,1,-1,10,0,-9,2,4,-5,-1,-2,-1,-3,-1,0,-4,8,-13,-2,2,17,6,33,17,-8,-10,-3,-26,4,-13,-7,3,11,11,-1,-7,0,6,-4,0,7,3,-3,4,3,0,0,2,0,-4,-3,-3,24,2,2,9,-1,5,2,-3,0,-5,-4,0,0,0,0,-23,-2,-2,0,0,0,4,4,1,8,-1,2,-2,-2,3,-3,2,-1,-1,-7,-3,-12,-4,3,4,1,-2,4,6,10,0,-12,1,-1,2,-1,0,0,-11,2,1,6,-6,8,-1,0,1,-1,1,-9,3,-3,0,3,-2,-2,-1,0,6,19,0,-11],"highs":[0,0,0,1,-1,1,17,-3,6,2,23,-1,0,4,11,7,-7,6,-4,-9,1,11,-8,0,7,-19,-21,9,-7,11,-8,1,1,9,0,0,-7,12,-8,5,-11,-2,-1,6,-1,-9,-4,13,-12,-6,21,4,41,12,8,-21,-10,3,-32,4,-13,1,6,3,8,-1,0,-7,6,3,-6,6,3,6,-4,9,0,-6,10,-9,-4,-1,25,2,-5,1,20,-4,-3,2,-3,0,-5,-4,0,1,1,-2,-23,-2,-2,0,0,6,3,0,19,-9,-1,1,0,-2,0,-3,4,-2,-1,-8,-3,-12,1,5,-2,0,3,2,13,0,0,-11,1,-1,1,-1,0,0,-11,2,7,0,2,0,-1,0,1,-1,1,-5,0,-4,3,2,-4,-2,-1,6,19,0,0,-9],"lows":[0,2,0,0,-12,4,13,-4,2,8,23,2,9,-9,10,7,3,1,-3,-2,2,2,0,1,-18,-18,1,2,1,3,0,2,1,-1,1,9,-9,0,2,-2,-1,-2,-2,-1,-1,-3,-8,2,-6,0,6,16,7,17,22,-4,-13,-20,-1,-14,0,0,3,11,11,-8,0,0,0,2,0,0,4,3,4,3,0,0,2,-6,-1,-3,0,24,2,2,8,0,5,-1,0,-8,-5,4,0,0,-4,-17,-4,-4,2,-1,1,0,2,6,1,6,1,0,-3,1,0,0,0,0,-7,-5,-10,-5,1,3,2,-1,1,4,7,8,-11,1,1,-4,2,0,0,-10,1,2,1,-2,2,7,0,-2,2,0,-6,-2,-1,1,0,1,-4,0,0,1,6,18,-7,-13],"closes":[0,0,0,1,-13,8,22,-3,3,5,23,-10,9,4,11,-1,-3,1,5,-9,1,11,-9,1,-18,-18,3,0,2,11,-8,1,1,9,-9,9,-7,3,-3,9,-12,-2,-2,-1,8,-11,-9,4,-2,-1,22,-2,45,9,-11,-4,-13,-20,-1,-14,0,8,4,5,8,-1,0,-7,1,8,-6,0,5,4,2,9,0,-6,10,-14,-2,2,18,2,2,1,8,4,1,-1,0,-8,0,-1,0,1,1,-23,-4,-4,2,0,0,3,5,1,7,0,2,-2,-2,3,-3,0,1,-1,-7,-5,-8,-6,3,5,0,-1,2,4,13,0,-11,0,0,0,-2,1,0,-8,-2,2,7,-8,10,-1,0,-2,2,0,-6,1,-4,1,3,-1,-3,-2,1,6,19,0,-8,-13],"volumes":[1.49,0.37,0.74,0.74,8.84,5.48,8.72,10.08,10.96,9.35,5.36,2.12,1.0,10.08,10.96,12.08,3.36,2.12,5.48,3.36,1.12,3.24,3.36,1.12,8.84,10.96,2.24,3.24,2.24,3.24,3.36,1.12,1.12,3.24,2.12,1.0,3.36,7.6,3.36,4.36,2.24,2.24,2.24,3.24,2.12,4.48,1.48,11.14,14.11,3.33,7.44,22.12,36.01,38.07,14.2,22.24,9.24,14.52,7.12,14.23,3.25,5.25,16.24,8.36,1.0,4.25,2.75,1.75,6.25,4.62,4.62,6.62,4.62,5.49,4.86,4.74,2.87,2.87,5.0,8.61,6.35,6.73,25.94,6.37,2.87,2.24,14.32,8.72,3.36,2.12,1.12,9.73,9.85,1.37,1.37,2.37,5.23,12.08,6.23,6.73,1.37,6.36,1.37,11.6,22.85,14.0,28.93,25.16,17.06,30.9,12.34,10.97,6.61,8.48,32.02,38.09,25.21,7.35,8.36,14.61,19.86,9.37,16.34,28.35,17.86,10.86,17.24,4.5,22.86,8.48,4.24,15.33,16.85,12.97,19.46,17.83,1.87,1.5,9.87,36.74,29.09,5.49,1.75,9.87,2.75,3.5,12.48,12.24,14.0,7.75,15.25,11.72,7.49,5.62,9.37,17.24,33.32,13.23,21.85,19.59]}