{"timestamp":1310256000000,"multiplier":1.0E-5,"open":1.60124,"high":1.60124,"low":1.60112,"close":1.60115,"shift":60000,"times":[1260,1,1,1,1,1,1,1,1,1,1,1,1,1,1,1,1,1,1,1,1,1,1,1,1,1,1,1,1,1,1,1,1,1,1,1,1,1,1,1,1,1,1,1,1,1,1,1,1,1,1,1,1,1,1,1,1,1,1,1,1,1,1,1,1,1,1,1,1,1,1,1,1,1,1,1,1,1,1,1,1,1,1,1,1,1,1,1,1,1,1,1,1,1,1,1,1,1,1,1,1,1,1,1,1,1,1,1,1,1,1,1,1,1,1,1,1,1,1,1,1,1,1,1,1,1,1,1,1,1,1,1,1,1,1,1,1,1,1,1,1,1,1,1,1,1,1,1,1,1,1,1,1,1,1,1,1,1,1,1,1,1,1,1,1,1,1,1,1,1,1,1,1,1,1,1,1,1,1,1],"opens":[0,-9,4,4,18,-9,0,12,4,-3,19,-4,20,-16,46,3,63,5,9,-6,6,13,-9,-12,-78,0,-5,-5,0,8,-8,-10,1,-1,0,71,-66,15,95,-2,4,-1,-9,5,3,-3,0,-6,0,0,2,6,0,-6,0,-10,23,-25,2,-1,39,30,9,9,-35,-8,-9,-15,-1,-6,7,-12,19,2,13,0,-19,-4,3,4,0,36,-19,7,-3,10,-5,3,0,12,15,-10,-16,1,18,2,-24,2,-20,13,0,-2,8,4,2,4,-15,-11,-11,-2,-3,-45,-6,1,-36,-4,20,-9,-1,0,12,-12,8,2,-36,22,21,9,5,13,2,-5,12,-5,7,39,3,3,-20,20,0,4,21,-21,-14,10,5,-28,-5,-18,-1,22,22,1,-33,23,21,2,19,-20,16,-6,6,6,8,-6,6,-3,-33,-11,-13,-12,-7,7,-7,-17,14,6,4,4],"highs":[0,4,-8,25,-4,-7,10,7,38,-38,23,6,0,26,8,67,0,9,0,42,-28,17,-27,-12,-78,7,-11,-6,2,60,23,-80,-10,7,-7,66,-40,85,-1,2,0,-1,0,0,-1,-3,0,-6,0,0,12,-4,0,-6,0,-8,21,-25,2,6,63,19,14,-16,-35,11,-16,-20,-4,0,2,6,4,11,-4,0,-18,1,28,-25,45,0,4,-24,7,1,23,-29,28,10,-11,-10,21,-13,1,-3,-23,0,-9,10,-6,4,4,5,6,-2,4,-33,-7,-1,-8,-45,6,-11,-30,10,25,-23,-3,7,-3,-5,5,-3,-10,26,0,27,-5,2,10,-1,-3,0,38,11,-5,0,5,4,-5,28,-3,-9,-5,-2,4,-40,-3,-7,8,29,0,0,-16,23,5,14,0,-6,11,-10,6,13,-4,9,5,-15,-35,-11,0,-23,3,0,0,-13,4,8,0,14],"lows":[0,3,0,5,5,7,-17,29,4,-3,16,-1,14,-14,50,3,63,5,9,-6,6,5,-6,-119,34,0,-5,-5,-10,0,-10,10,0,0,0,71,-76,25,95,-2,-3,-5,2,5,3,-8,-47,43,-1,4,2,6,-8,2,-5,-25,20,-2,-3,4,4,65,9,-33,-13,-4,-7,-4,-4,-7,0,2,8,8,-7,4,-3,-1,0,6,1,17,2,0,3,0,1,0,4,12,-1,-5,-1,1,16,-32,12,-28,10,13,-4,2,3,6,5,-15,-6,-12,-5,-7,-44,1,-5,-40,0,0,16,-15,14,0,3,-3,6,-32,0,22,17,4,8,18,-6,2,10,-3,9,39,-3,-21,10,20,0,-16,-3,8,-6,4,-13,-20,-4,-1,1,25,16,-32,6,23,17,6,-1,0,10,-4,8,8,2,0,-3,-35,-10,-16,-7,-2,-10,8,-18,3,-1,21,1,-6],"closes":[0,5,0,21,-16,7,12,7,10,-10,10,19,-6,32,8,62,5,9,0,0,14,-9,-6,-94,9,7,-12,-5,-3,3,-10,0,0,0,5,66,-53,98,-1,2,-2,-10,5,6,-1,-3,-6,-3,3,0,12,-4,-8,2,-1,-9,0,-2,0,5,61,13,10,-36,-7,-10,-14,-4,-4,10,-11,13,6,15,-10,-13,-5,4,1,4,35,-19,7,-2,9,-3,-1,-1,13,17,-14,-11,0,18,3,-25,1,-19,11,2,-2,8,4,4,2,-19,-5,-13,-2,-3,-47,-3,0,-37,-4,21,-9,-1,0,14,-11,5,3,-37,20,21,11,4,13,6,-8,12,0,3,38,3,3,-20,20,0,4,21,-21,-14,8,7,-27,-4,-20,-3,24,24,2,-36,23,18,5,19,-20,14,-4,1,10,9,-6,6,-9,-27,-11,-19,-6,-5,5,-8,-19,17,6,8,0,-1],"volumes":[30.47,27.84,22.17,41.0,5.27,9.75,14.03,18.51,32.27,6.98,6.73,12.76,4.71,19.72,9.77,61.72,10.5,26.25,15.0,32.41,13.88,35.21,13.88,25.7,10.66,12.98,9.87,10.05,30.04,26.85,118.58,35.24,9.25,35.98,10.52,1.05,26.51,48.21,8.25,9.02,11.63,20.25,13.13,6.75,3.0,18.0,41.28,10.13,30.01,18.0,13.5,1.5,22.5,1.5,55.16,15.01,3.38,1.88,8.68,16.13,78.38,53.63,104.28,64.73,33.9,83.0,67.54,56.33,51.19,35.55,42.0,58.8,33.75,22.5,68.98,31.8,45.45,62.25,84.66,17.25,79.84,52.9,66.17,29.55,45.6,31.8,16.65,28.65,107.07,40.98,93.86,67.13,81.52,50.23,90.27,93.49,70.09,47.05,36.04,37.5,41.25,52.5,61.65,58.35,51.0,75.08,122.85,39.3,25.66,40.22,81.91,57.8,70.51,108.27,106.84,91.19,80.69,103.02,34.66,43.36,49.4,39.33,34.06,55.61,28.25,82.9,60.1,93.03,64.53,20.52,93.03,67.37,49.07,61.51,77.12,84.15,90.17,89.91,89.7,49.89,28.16,77.78,162.76,113.64,109.11,68.71,161.95,139.63,125.17,138.65,85.03,51.38,34.52,140.02,93.79,50.53,88.33,69.09,75.61,11.28,78.68,29.93,38.78,35.21,57.38,66.94,114.05,87.16,111.49,89.47,94.09,43.97,90.79,46.93,92.72,68.4,111.49,38.68,70.13,156.72]}