{"timestamp":1309651200000,"multiplier":1.0E-5,"open":0.84754,"high":0.84754,"low":0.84754,"close":0.84754,"shift":60000,"times":[1260,1,1,1,1,1,1,1,1,1,1,1,1,1,1,1,1,1,1,1,1,1,1,1,1,1,1,1,1,1,1,1,1,1,1,1,1,1,1,1,1,1,1,1,1,1,1,1,1,1,1,1,1,1,1,1,1,1,1,1,1,1,1,1,1,1,1,1,1,1,1,1,1,1,1,1,1,1,1,1,1,1,1,1,1,1,1,1,1,1,1,1,1,1,1,1,1,1,1,1,1,1,1,1,1,1,1,1,1,1,1,1,1,1,1,1,1,1,1,1,1,1,1,1,1,1,1,1,1,1,1,1,1,1,1,1,1,1,1,1,1,1,1,1,1,1,1,1,1,1,1,1,1,1,1,1,1,1,1,1,1,1,1,1,1,1,1,1,1,1,1,1,1,1,1,1,1,1,1,1],"opens":[0,13,2,-8,0,0,1,0,0,11,-25,0,-1,0,20,0,-19,1,-1,-1,11,-9,-3,2,37,-7,-8,3,-25,-20,91,-57,7,0,2,23,-9,-50,36,-41,-1,5,-9,23,-19,-21,9,0,-5,-11,7,23,-3,3,-12,10,-5,17,7,-6,21,-36,3,22,-10,10,-1,10,-18,0,-1,2,10,-1,-13,-9,-2,1,-18,7,6,8,5,0,-3,11,1,-3,19,10,-4,8,-5,17,5,-5,0,6,8,2,0,14,-11,-12,-3,-4,-5,-1,1,-4,-22,4,3,9,-4,0,3,3,-10,-2,4,-25,22,-9,1,-5,-13,-9,1,3,-4,-4,3,16,1,-6,3,-1,-8,-8,-75,1,-23,11,18,3,0,17,6,-6,-17,5,2,-2,-7,34,19,-14,0,-19,9,-5,-4,-10,0,1,15,2,7,-21,11,-3,0,-3,3,-2,1,8,4,-7],"highs":[0,13,20,61,-87,1,0,65,-54,0,-25,0,-1,21,0,-1,-18,0,0,15,-5,-10,0,36,0,14,-7,6,-23,43,1,-57,7,15,39,-24,-14,-14,0,-20,-9,-8,22,-6,-21,-10,-2,0,-5,-11,49,3,-18,0,-6,10,-1,23,0,7,-4,-34,26,4,-8,0,9,0,-6,-2,-4,5,0,0,-1,-19,-5,1,-9,4,9,4,0,0,8,0,1,17,10,-1,4,0,18,-1,5,-9,5,9,3,-1,18,-1,-15,-12,-3,2,-11,0,0,-4,-16,5,5,0,-4,0,7,-1,-10,9,9,-15,0,2,-6,-13,-13,-9,13,-9,8,-12,15,2,2,-6,0,-1,-8,-8,-60,-13,3,3,3,4,8,19,-7,-8,-11,11,-10,-2,27,19,0,-9,0,-14,-1,-5,-4,-4,-5,32,-5,0,-3,-6,-1,-4,1,-3,0,0,1,11,0,7],"lows":[0,13,2,-18,10,0,1,-11,11,-14,0,-1,0,0,1,-1,1,0,-1,0,0,0,-2,3,0,8,-8,0,-40,20,13,21,6,-32,35,16,-66,14,-5,0,-1,-4,0,10,-34,7,9,-6,-15,2,10,21,-6,-18,14,5,0,17,-8,3,-9,0,-2,17,-2,12,-1,-8,0,-1,0,1,7,-10,-9,0,-5,-23,9,7,4,10,2,0,-2,13,1,-3,19,6,0,3,-1,18,5,-5,-3,8,9,2,-2,-3,-4,-2,-1,-10,1,-6,6,-23,-5,5,4,5,0,0,-1,-1,-2,-3,-20,-3,18,-8,2,-13,-8,-3,3,-2,-3,-5,5,19,-4,-2,3,-8,-16,-86,12,-28,13,11,10,3,8,17,0,-20,-8,16,-4,-4,1,12,26,1,-19,-3,6,-3,-10,-2,-4,5,7,10,-8,-4,7,-3,1,0,1,0,-1,10,-6,0],"closes":[0,13,20,-36,10,1,0,-10,21,-25,0,-1,0,21,-1,-19,1,0,-2,11,-10,-1,2,36,-9,-6,0,-21,-30,99,-49,-7,6,2,24,-7,-53,37,-41,20,-17,-8,22,-12,-28,10,0,-6,-12,2,30,2,-5,-18,14,0,14,10,-7,20,-34,2,24,-11,10,0,9,-18,0,-1,2,10,-1,-13,-7,1,-6,-16,7,6,9,4,-3,0,11,0,1,16,6,0,8,-5,14,8,5,-10,6,9,0,1,14,-11,-12,-2,-1,-9,0,0,0,-23,3,1,9,-4,0,0,7,-9,-2,2,-25,18,-3,-1,-5,-13,-8,-3,12,-10,-3,-3,21,1,-5,2,0,-7,-9,-78,3,-21,8,20,-6,8,13,9,-5,-17,6,2,-3,-7,34,19,-14,0,-19,9,-5,-4,-10,3,-3,16,2,8,-18,8,-2,-2,-2,1,-1,2,1,10,-10,17],"volumes":[1.13,1.0,34.16,30.38,6.75,8.25,9.0,39.54,12.0,24.0,7.5,6.0,5.63,12.4,49.95,78.63,15.82,27.09,24.12,65.32,20.17,18.68,20.69,40.2,74.77,88.72,45.41,60.29,73.46,119.53,36.82,2.26,3.39,50.78,66.61,55.17,28.89,13.85,10.9,12.78,15.49,9.0,12.58,8.31,25.07,11.28,5.65,3.39,5.18,11.35,18.78,30.0,50.28,33.46,14.63,16.5,23.38,33.18,56.73,28.5,52.13,12.0,28.5,30.0,29.01,9.04,5.57,21.76,28.25,30.63,24.37,29.03,31.51,40.67,32.54,10.95,15.08,25.3,10.8,18.0,48.6,9.15,4.5,7.5,14.55,6.3,5.4,45.21,36.33,19.0,20.68,5.1,26.83,27.09,14.85,20.34,23.92,12.61,8.49,10.5,27.54,40.06,16.95,4.28,2.4,14.68,1.05,11.35,3.0,32.94,4.2,41.72,64.44,13.44,18.0,3.0,10.37,36.75,8.1,10.36,42.91,73.1,15.01,56.7,28.2,48.68,52.05,13.58,16.51,12.0,33.61,62.66,40.4,15.76,25.52,12.77,9.38,20.63,39.3,163.81,107.37,115.02,91.49,53.43,57.76,58.13,52.89,65.19,39.6,41.18,33.6,15.95,19.94,104.15,176.81,95.71,81.54,57.9,103.95,97.93,21.62,32.71,17.42,27.9,34.73,100.54,84.92,41.8,13.96,98.38,15.23,45.91,52.03,26.4,22.28,51.8,26.13,30.28,41.35,88.51]}