{"timestamp":1341705600000,"multiplier":1.0E-5,"open":1.01959,"high":1.01959,"low":1.01951,"close":1.01954,"shift":60000,"times":[1260,1,1,1,1,1,1,1,1,1,1,1,1,1,1,1,1,1,1,1,1,1,1,1,1,1,1,1,1,1,1,1,1,1,1,1,1,1,1,1,1,1,1,1,1,1,1,1,1,1,1,1,1,1,1,1,1,1,1,1,1,1,1,1,1,1,1,1,1,1,1,1,1,1,1,1,1,1,1,1,1,1,1,1,1,1,1,1,1,1,1,1,1,1,1,1,1,1,1,1,1,1,1,1,1,1,1,1,1,1,1,1,1,1,1,1,1,1,1,1,1,1,1,1,1,1,1,1,1,1,1,1,1,1,1,1,1,1,1,1,1,1,1,1,1,1,1,1,1,1,1,1,1,1,1,1,1,1,1,1,1,1,1,1,1,1,1,1,1,1,1,1,1,1,1,1,1,1,1,1],"opens":[0,-5,-4,0,13,-8,-6,0,9,8,0,-7,-9,15,-8,8,1,-2,-18,0,0,0,-1,2,1,-3,-23,1,-13,13,-39,9,-5,17,8,7,-3,10,8,-8,-4,-1,4,4,22,-2,0,-18,8,-15,-14,-13,-31,15,-11,-29,-26,-14,1,-14,24,58,26,-5,9,-4,14,14,-4,-1,4,42,2,-1,-14,6,2,19,0,-6,42,-5,5,0,1,-3,-1,-12,6,3,3,0,6,-3,11,-10,1,-7,-5,-7,2,11,22,2,23,-8,-2,8,2,2,2,-2,1,21,-9,1,-2,19,13,-12,13,-14,-2,-13,-8,-9,-8,-5,-12,9,-6,-9,0,-6,1,-4,2,-3,0,-11,-14,-25,1,-10,-32,8,2,-27,-6,-17,-12,-16,7,-2,18,18,-11,-10,21,-11,-8,13,43,-8,16,3,-12,-3,3,0,-5,-15,0,0,25,0,-1,-5,2,0],"highs":[0,10,-18,12,0,-2,-9,6,9,15,-16,-7,-4,16,-6,1,0,-2,-18,0,5,-3,-1,3,0,-5,-21,-1,-13,13,-31,7,5,8,9,-1,1,13,11,-18,0,-2,2,27,1,-5,0,-5,-5,-13,-15,-5,-19,-5,-8,-32,-23,-17,0,12,60,36,-12,11,-1,9,14,5,-10,5,38,0,-1,2,0,-6,38,0,-20,42,-4,-6,2,3,3,-4,0,-12,3,12,-1,7,-1,1,16,-22,-4,-1,-11,2,6,20,0,30,-5,-3,-1,8,3,0,17,-16,20,-4,-7,0,18,12,8,-7,1,-16,-2,-13,-8,-7,-10,-5,-1,0,-7,-9,-1,-4,-1,-2,0,-1,-2,-11,-14,-18,-4,-12,-24,11,6,-38,-10,-13,-14,-12,2,20,22,-9,-9,11,0,-13,12,36,14,-6,14,-9,-11,-4,2,3,-9,-15,2,28,3,-3,0,-5,-2,20],"lows":[0,3,-4,0,7,-7,-1,-12,21,4,-2,-5,-5,1,6,-2,-2,-2,-15,10,0,0,-1,-4,1,-24,2,0,-10,-9,-17,5,-1,17,6,3,3,6,2,-2,-8,7,-4,6,12,9,-22,2,-5,-18,-8,-31,4,6,-43,-18,-18,-4,-10,0,33,57,17,5,3,1,15,11,-9,7,4,33,-3,-1,0,5,-6,26,-4,-1,27,7,6,-12,3,4,-15,5,9,-12,8,7,7,-4,2,-5,-2,-14,-4,6,5,4,23,8,10,1,-4,14,2,1,1,-2,3,11,0,-5,5,19,-16,7,9,-2,-21,0,-15,-2,-16,-1,-10,15,-11,-1,-8,3,-3,-2,2,-2,-11,-13,-28,-7,1,-31,-26,30,-27,-3,-16,-21,-15,3,1,10,16,6,-12,5,8,-17,8,16,34,-1,11,-3,-6,0,6,-4,-15,0,0,0,23,-8,5,-1,1,1],"closes":[0,14,-17,12,-6,4,-10,7,8,1,-7,-5,0,0,10,-5,-4,-2,-9,1,0,2,-1,1,-2,-28,2,0,-10,-9,-9,-3,15,8,9,-7,7,13,-7,-4,-2,4,-6,33,3,-5,-27,17,-14,-18,-10,-31,16,-10,-30,-31,-8,-12,-8,29,55,30,-7,12,-6,14,17,-4,-4,6,40,3,-2,-14,6,4,20,-3,-1,37,-3,2,1,1,-1,0,-15,1,8,2,6,0,-1,11,-13,4,-8,-5,-7,2,5,28,-2,28,-10,-1,6,6,0,5,-4,0,19,-8,2,-1,15,15,-10,10,-12,-2,-21,0,-9,-8,-5,-12,11,-6,-11,-1,-8,5,-5,2,0,-4,-9,-15,-28,6,-12,-31,6,2,-28,-4,-17,-12,-18,8,-4,21,18,-14,-4,20,-13,-8,13,43,-6,14,7,-15,-4,2,1,-5,-14,-1,2,22,0,6,-10,1,0,13],"volumes":[11.25,7.5,3.75,6.0,3.0,15.75,15.75,36.75,12.0,47.25,15.75,11.25,4.13,19.89,7.5,42.0,18.0,7.5,11.63,2.25,11.25,15.75,8.25,13.5,15.01,27.0,6.75,3.0,3.0,30.892041,6.0,12.75,7.5,12.75,21.75,3.76,3.0,15.0,27.75,8.25,13.5,6.75,8.25,68.25,30.75,14.25,18.0,78.75,84.35,66.75,36.03,62.65,41.26,14.25,87.01,99.4,79.16,28.89,19.52,39.39,108.6,86.35,54.46,59.22,182.33,112.79,89.7,88.16,71.63,62.25,106.68,71.63,120.0,77.64,165.39,47.25,159.39,124.13,61.5,218.47,108.0,100.5,53.25,105.47,91.31,106.17,106.56,54.76,44.7,109.38,101.66,118.58,67.99,54.05,121.54,76.95,93.04,174.78,135.5,84.02,94.15,81.02,84.75,74.27,94.15,30.75,49.14,13.13,16.51,36.76,67.17,42.01,40.53,30.05,40.56,73.53,56.3,30.15,152.44,72.82,74.64,47.25,77.66,27.75,76.99,31.13,95.42,60.01,63.12,34.88,34.16,21.77,52.18,12.38,19.95,31.73,24.0,40.88,90.87,74.86,105.43,98.08,76.56,135.61,195.24,52.12,165.26,91.13,53.28,175.55,95.57,99.15,48.07,112.54,106.6,80.15,114.42,74.66,108.06,88.16,146.43,117.8,77.28,65.3,129.43,75.43,41.49,24.75,27.6,114.6,74.22,43.9,7.14,154.67,68.34,94.91,34.16,53.28,89.81,85.94]}