{"timestamp":1341100800000,"multiplier":1.0E-5,"open":1.56952,"high":1.56987,"low":1.56927,"close":1.56927,"shift":60000,"times":[1260,1,1,1,1,1,1,1,1,1,1,1,1,1,1,1,1,1,1,1,1,1,1,1,1,1,1,1,1,1,1,1,1,1,1,1,1,1,1,1,1,1,1,1,1,1,1,1,1,1,1,1,1,1,1,1,1,1,1,1,1,1,1,1,1,1,1,1,1,1,1,1,1,1,1,1,1,1,1,1,1,1,1,1,1,1,1,1,1,1,1,1,1,1,1,1,1,1,1,1,1,1,1,1,1,1,1,1,1,1,1,1,1,1,1,1,1,1,1,1,1,1,1,1,1,1,1,1,1,1,1,1,1,1,1,1,1,1,1,1,1,1,1,1,1,1,1,1,1,1,1,1,1,1,1,1,1,1,1,1,1,1,1,1,1,1,1,1,1,1,1,1,1,1,1,1,1,1,1,1],"opens":[0,1,-13,12,-1,11,-2,3,-3,0,-3,3,-2,4,4,-14,2,2,8,-5,-7,11,-2,-4,4,2,0,-10,7,-5,2,-2,-2,-3,-2,9,1,-6,6,-8,9,-8,-2,-2,1,0,-13,17,-1,5,-12,9,-9,7,-2,0,6,-11,0,2,0,1,3,-3,-14,-21,-23,0,-52,-37,-2,-11,16,-7,5,1,-3,16,6,-9,3,-1,-7,-78,29,5,0,6,0,3,-19,-2,0,-6,2,7,2,0,-6,-12,3,11,12,9,-7,15,47,3,-8,-3,-3,2,4,0,2,-1,-1,-18,-5,1,5,10,-1,1,8,-1,-1,11,0,0,6,8,-10,-2,4,0,-3,3,12,3,19,11,5,-15,21,-10,-3,6,5,-3,10,-10,-15,-3,-22,-17,-1,16,4,-24,-2,-19,-15,15,-23,-11,-1,1,-8,-9,8,3,15,13,15,-16,0,-10,0,-1],"highs":[0,-34,-13,12,12,6,0,-7,4,1,1,-6,6,-2,-1,-4,2,-1,1,-5,7,-3,-2,2,0,0,0,2,-3,1,-1,3,-10,3,-2,1,1,3,-1,0,-1,0,1,-3,-7,12,-6,-2,19,-17,-2,-1,-9,7,6,-4,2,-11,0,2,10,7,-13,5,-22,-21,-19,-2,-39,-46,-8,5,0,-6,7,-1,13,3,2,-6,0,3,-11,-49,9,-3,-1,8,-1,2,-17,-1,1,-2,3,4,8,-10,-7,4,4,12,11,5,8,38,10,-2,-18,-1,1,1,10,-2,-7,1,-3,-8,-9,10,5,11,-16,8,2,-3,13,1,-4,2,12,5,-11,-3,3,0,1,9,5,21,7,5,1,6,-1,-5,13,-5,-1,14,3,-24,-15,-3,-20,4,2,7,-10,-24,-5,-13,-1,-5,-23,-9,4,-2,-7,-3,2,14,22,4,22,-35,1,-11,-1,5],"lows":[0,26,-20,18,-38,49,-9,1,-2,4,1,-4,3,2,-5,-7,8,-1,-13,9,1,7,-2,-3,9,2,-12,-2,4,-5,2,-7,4,-3,2,3,0,-5,0,2,5,-3,1,-2,1,0,-18,14,7,5,-12,9,-9,7,-4,2,1,-6,0,2,0,1,0,-21,-14,-21,-8,-46,-31,-11,-11,3,8,0,4,0,0,5,-8,4,13,-8,-77,-1,31,5,-1,4,-5,-11,1,-1,-4,-2,1,7,1,-6,-14,2,6,8,13,1,3,7,47,-5,2,-8,8,-5,6,-1,2,3,-17,-5,0,1,5,-7,16,1,7,-1,0,9,0,-1,2,6,-4,0,3,0,-2,0,6,9,5,23,-6,2,11,-9,3,9,4,-11,7,-12,-4,-21,-18,-4,-2,19,-18,-1,-25,-14,4,-6,-14,-1,-8,-2,-7,0,10,-10,27,14,-8,6,-11,-1,1,-3],"closes":[0,26,-20,18,13,6,-14,0,2,-2,4,0,0,0,-1,-7,2,1,-4,-1,13,-4,0,4,0,0,-12,1,3,-1,-1,2,-3,-2,-2,1,0,1,-1,2,2,-2,-2,1,0,3,-20,18,3,2,-5,2,-9,7,0,0,1,-8,0,2,4,-2,-1,-12,-23,-21,-6,-48,-31,-9,-11,17,-7,0,6,-3,16,2,-5,3,-1,2,-79,21,4,1,0,4,3,-17,-1,1,-7,1,7,4,0,-8,-12,4,12,9,12,-7,11,45,7,-8,-3,-1,2,-5,2,7,-3,1,-18,-5,6,1,9,-1,1,8,-1,-1,10,1,0,-1,15,-8,-4,1,1,2,0,12,5,15,13,3,-14,22,-10,-3,6,4,0,8,-10,-14,-4,-21,-18,3,14,4,-24,-1,-22,-15,17,-23,-12,0,-1,-10,-8,7,3,15,15,14,-17,2,-11,1,0,-5],"volumes":[115.3,2.25,1.88,3.0,10.88,16.5,34.5,16.5,26.25,28.5,22.5,27.0,27.0,18.0,12.0,18.38,9.0,15.0,15.75,14.25,12.4,6.76,6.9,14.85,24.0,1.5,12.75,12.75,9.0,20.25,15.0,22.5,14.25,15.0,14.25,3.0,8.25,12.0,24.75,32.25,4.5,15.75,10.5,7.5,9.0,37.5,86.95,12.0,6.75,1.5,15.38,1.5,1.88,1.5,18.75,9.0,16.5,1.88,1.88,0.75,26.25,23.25,6.75,45.3,121.2,99.28,63.3,59.59,77.17,60.79,57.75,54.34,19.5,19.5,32.25,47.25,54.0,62.25,89.63,97.5,24.0,37.5,309.4,120.11,53.57,29.93,37.69,69.78,45.73,146.25,63.75,80.25,123.75,39.0,62.25,48.21,60.0,56.27,77.25,69.0,60.75,80.38,68.92,147.21,173.63,166.46,126.22,170.44,68.9,58.85,55.5,49.53,80.64,75.77,39.0,51.15,53.52,65.36,9.15,32.73,51.08,92.09,27.0,25.51,21.0,50.25,44.64,33.03,27.79,19.5,43.39,44.25,45.0,36.0,24.75,36.75,79.5,105.75,75.0,126.39,164.26,90.76,223.37,133.5,49.5,113.36,86.06,58.33,16.5,143.74,180.45,41.63,13.5,75.39,59.34,82.5,67.51,75.69,37.51,27.75,72.5,95.39,51.34,62.04,36.61,61.5,97.89,56.25,44.25,36.02,58.5,80.27,57.35,39.47,107.43,35.25,64.2,32.64,38.25,69.45]}