{"timestamp":1373760000000,"multiplier":1.0E-5,"open":0.90701,"high":0.90714,"low":0.90654,"close":0.90714,"shift":60000,"times":[1260,1,1,1,1,1,1,1,1,1,1,1,1,1,1,1,1,1,1,1,1,1,1,1,1,1,1,1,1,1,1,1,1,1,1,1,1,1,1,1,1,1,1,1,1,1,1,1,1,1,1,1,1,1,1,1,1,1,1,1,1,1,1,1,1,1,1,1,1,1,1,1,1,1,1,1,1,1,1,1,1,1,1,1,1,1,1,1,1,1,1,1,1,1,1,1,1,1,1,1,1,1,1,1,1,1,1,1,1,1,1,1,1,1,1,1,1,1,1,1,1,1,1,1,1,1,1,1,1,1,1,1,1,1,1,1,1,1,1,1,1,1,1,1,1,1,1,1,1,1,1,1,1,1,1,1,1,1,1,1,1,1,1,1,1,1,1,1,1,1,1,1,1,1,1,1,1,1,1,1],"opens":[0,-15,22,14,70,6,-64,23,8,1,3,0,-2,-8,8,-4,-13,-3,3,-3,-1,-18,-8,1,-26,-4,0,-20,-23,15,-4,0,14,-3,36,-4,0,-9,-36,-10,49,20,2,-4,0,2,-2,1,20,-20,-13,13,-1,0,-11,-6,24,12,33,0,9,18,-8,14,-4,7,7,-12,-9,1,16,9,10,-4,0,3,5,-1,2,1,19,-11,-9,4,-1,-12,6,-5,2,-3,-8,-15,-23,-9,6,-29,-16,10,0,-27,14,-23,4,-3,2,-13,0,-20,7,6,1,5,2,1,15,-3,15,5,4,28,5,-14,-11,30,14,1,-53,-14,-4,-2,-24,51,21,4,42,-33,9,49,-18,0,11,-11,-2,-3,-4,0,10,20,-7,-46,8,0,6,-4,1,26,24,7,20,22,-6,-2,1,0,-17,-1,11,5,0,-2,13,34,-3,8,7,-26,1,-1,-9,1],"highs":[0,0,39,63,-16,-2,-26,-6,0,17,-6,-8,-2,0,0,-4,-12,-1,0,-3,-1,-18,-4,3,-32,0,-4,5,-18,66,-85,15,-1,34,-1,-4,5,-14,-34,37,11,12,-1,-4,0,2,0,-1,20,-20,0,0,-1,32,-43,22,12,16,46,6,0,1,-3,2,15,-8,-2,-13,-1,12,10,11,5,-5,-1,1,-1,4,-3,24,-4,-11,-6,1,-1,-6,0,0,-3,-2,-9,-15,-5,-10,-11,-13,-23,9,-8,-12,2,-17,-2,-6,2,-13,2,-12,3,0,4,6,-2,23,-7,12,6,5,29,17,-12,-17,18,15,4,-1,-55,-8,-5,-7,21,54,-23,45,-3,-21,75,-29,-13,9,-3,6,-19,-3,-4,14,16,2,-9,-37,-1,10,2,-10,25,26,7,21,21,1,-2,-7,8,-7,-17,8,6,1,4,8,33,7,2,8,-5,-24,3,-5,-6,-2],"lows":[0,32,16,20,-7,18,1,22,5,3,2,2,-19,10,-6,-3,-3,0,-2,0,-14,-13,0,-33,7,-1,0,-43,-5,8,3,-14,24,6,32,0,-49,0,4,-14,53,20,0,-2,0,2,-2,0,-4,5,-13,7,0,-9,-3,0,24,12,3,29,6,3,3,14,4,5,-7,-5,-11,11,3,23,1,-13,17,4,3,-3,4,3,3,-9,4,3,-10,-1,1,-4,-1,-7,-16,-21,-21,5,-32,0,1,9,-29,2,-6,-1,-5,5,-11,1,-41,17,11,3,4,3,3,2,-5,17,12,8,4,27,-11,-10,-2,32,15,-50,-41,19,-16,-7,0,51,11,13,-24,30,10,33,-1,2,-5,1,-4,-1,0,0,7,3,-40,7,3,0,5,1,2,26,21,10,20,16,-1,-2,1,-17,0,0,11,3,-1,1,13,23,8,8,-20,-1,0,-7,-12,-26],"closes":[0,-23,32,70,7,-56,22,0,0,0,3,-1,-9,8,0,-14,-4,1,-3,-1,-15,-10,-2,-34,7,0,-1,-39,26,-15,-8,19,-10,43,-5,0,-7,-39,1,31,19,11,-2,-2,0,2,0,-2,-4,5,0,-6,5,-11,-6,24,16,-1,6,33,18,-9,15,-4,6,9,-13,-9,-1,18,8,11,-4,0,3,4,0,2,0,20,-16,-4,3,0,-11,5,-5,2,-7,-4,-16,-23,-7,5,-29,-16,6,5,-26,10,-20,2,-2,-1,-10,0,-20,8,5,-3,7,6,-3,17,-3,15,1,9,27,6,-17,-9,28,16,2,-53,-15,-4,-3,-23,45,29,2,42,-33,12,45,-17,-2,12,-10,-2,-5,-2,0,10,18,-5,-49,11,0,8,-6,0,25,26,5,22,21,-4,-1,-3,1,-16,0,8,6,0,-1,14,33,-3,8,7,-27,2,-3,-7,0,-38],"volumes":[3.75,2.25,9.0,9.75,51.0,31.5,16.5,45.75,34.5,25.5,50.25,4.5,27.75,12.0,54.75,45.75,18.0,36.75,39.0,22.5,36.75,20.25,16.5,23.48,7.5,9.0,4.5,20.25,15.0,46.5,8.25,31.5,7.5,3.0,2.25,4.5,24.75,24.0,5.25,27.98,7.5,10.5,3.75,4.5,1.5,2.25,8.25,7.5,6.0,1.5,6.68,3.0,10.5,33.38,9.0,8.25,3.0,20.85,84.54,28.5,82.13,63.38,74.08,37.13,144.83,129.59,120.79,93.21,78.02,118.36,162.39,81.2,52.13,194.23,85.32,25.17,18.42,42.86,24.07,55.62,37.2,50.37,18.02,17.3,21.75,20.25,12.0,45.75,51.0,98.27,137.48,65.34,173.63,245.86,174.51,174.9,127.52,41.32,88.13,57.77,62.64,34.5,38.25,10.5,24.01,15.0,108.02,101.03,27.6,13.33,23.86,15.78,3.38,64.44,85.62,36.99,55.96,16.7,59.88,123.52,75.1,55.17,58.0,80.85,28.73,89.8,134.97,82.39,110.19,51.42,85.98,153.85,90.64,150.33,116.75,34.72,182.68,66.03,33.0,117.08,93.95,66.03,21.2,13.32,12.76,27.59,43.73,75.64,111.07,48.59,10.88,45.57,62.28,12.38,40.88,38.66,54.97,22.7,85.49,54.78,55.96,5.82,51.39,55.35,48.78,50.08,9.0,9.0,32.25,42.0,123.07,114.12,52.33,75.75,73.05,43.69,29.82,41.84,86.09,127.16]}