{"timestamp":1373155200000,"multiplier":1.0E-5,"open":1.28106,"high":1.28143,"low":1.28106,"close":1.28125,"shift":60000,"times":[1260,1,1,1,1,1,1,1,1,1,1,1,1,2,1,1,1,1,1,1,1,1,1,1,1,1,1,1,1,1,1,1,1,1,1,1,1,1,1,2,1,1,1,1,1,1,1,1,1,1,1,1,1,1,1,1,1,1,1,1,1,1,1,1,1,1,1,1,1,1,1,1,1,1,1,1,1,1,1,1,1,1,1,1,1,1,1,1,1,1,1,1,1,1,1,1,1,1,1,1,1,1,1,1,1,1,1,1,1,1,1,1,1,1,1,1,1,1,1,1,1,1,1,1,1,1,1,1,1,1,1,1,1,1,1,1,1,1,1,1,1,1,1,1,1,1,1,1,1,1,1,1,1,1,1,1,1,1,1,1,1,1,1,1,1,1,1,1,1,1,1,1,1,1,1,1,1,1],"opens":[0,19,10,1,-19,17,12,5,13,6,-1,-1,7,-6,1,6,15,-3,-9,14,0,5,-2,11,0,-26,-13,1,7,-4,-4,0,8,-8,-15,0,-2,-1,-5,0,-4,-6,6,-8,9,5,-2,2,1,-3,8,-3,3,6,12,10,20,10,-20,72,-11,34,2,4,-30,20,4,8,3,-14,-6,2,-9,11,12,10,24,-20,0,-8,-2,-2,2,4,-6,2,2,-3,-6,-1,3,-8,-1,-1,-2,-5,11,4,5,-2,-2,-1,14,0,-1,-2,0,-11,2,-1,-8,-2,2,0,-2,1,-3,7,-7,-7,0,-2,-7,-3,1,-9,-11,0,4,7,0,-8,-1,-11,-2,3,-1,-7,-1,-2,1,0,-1,-5,3,3,-13,-4,-3,-9,0,4,8,15,6,5,0,-20,-5,-3,-20,0,-3,-5,7,-1,-8,-8,8,0,-14,6,10,-23,-19,8,-8,0],"highs":[0,2,-9,14,-16,12,3,14,2,6,1,0,3,-5,8,26,-13,-1,3,3,13,0,-2,0,13,-37,0,-5,-2,0,-5,8,-2,-9,-6,-5,-6,-1,-5,0,-3,-1,4,-5,5,3,0,-1,1,6,2,-3,6,14,8,19,21,24,19,27,-8,19,-11,1,-1,2,12,2,-10,-8,-10,1,5,4,13,21,4,-20,2,-7,-5,0,6,0,-7,7,-1,1,-6,-4,-1,-8,-1,-1,0,4,8,1,0,-2,-1,12,1,4,-3,-3,-2,-10,6,-6,-8,5,-5,0,4,-5,6,-2,-4,-7,-2,-3,-3,-4,-2,-9,-11,2,8,1,1,-9,1,-6,-7,2,-2,-7,-1,1,-2,1,0,-2,2,0,-12,-3,-6,-8,1,9,17,7,5,-1,-1,-20,2,-9,-19,-2,-3,1,1,-1,-8,0,0,2,-11,13,-2,-23,-10,-1,-8,9],"lows":[0,10,19,-15,-3,15,0,19,12,7,-25,23,6,-6,0,6,11,3,-9,10,0,9,-2,9,-37,0,0,1,7,-4,-4,0,8,-17,-9,3,-2,-6,0,-7,-8,5,-14,10,11,5,-3,1,0,0,-3,8,1,7,13,10,19,-56,47,55,-3,43,-5,-19,-7,17,7,14,-20,0,-1,-2,0,10,13,10,2,-12,2,-1,1,0,0,0,-5,7,-2,-3,-9,6,-6,0,-10,4,-2,0,11,1,5,-1,0,-1,14,-19,13,-3,-7,-5,5,-5,-10,8,2,-6,4,-1,-1,-6,0,-2,-8,2,-4,-3,-7,-10,0,-4,6,6,-5,-15,4,-8,3,4,-8,0,-8,5,-1,0,-5,2,0,-11,-6,-5,-3,1,1,4,8,14,7,3,-18,-9,0,-19,-3,-6,0,-2,7,-7,-8,0,8,-13,-2,8,-14,-20,1,-1,1,-6],"closes":[0,11,-1,-15,14,12,2,14,1,8,-5,6,3,-7,10,19,-8,1,3,0,10,0,4,-1,-36,-2,9,1,-2,0,-7,8,0,-18,-2,0,-6,-6,0,-4,-9,9,-6,5,5,2,-1,1,0,6,-4,4,6,14,8,19,9,-33,83,-8,32,3,5,-29,24,2,6,3,-16,-4,2,-9,10,9,13,19,-16,2,-9,-3,0,2,4,-4,-1,3,-2,-5,-1,2,-10,0,0,-1,-7,11,3,4,0,-2,1,12,1,-4,2,0,-13,1,1,-9,-1,3,-2,-2,0,1,4,-9,-4,0,-2,-4,-4,-3,-8,-11,0,1,8,1,-7,-1,-10,-2,1,0,-6,-2,-3,3,-2,1,-8,5,4,-14,-4,-3,-10,1,2,8,16,5,8,0,-19,-8,-1,-20,-1,-2,-7,7,-1,-8,-6,7,0,-11,0,14,-24,-20,10,-10,1,-6],"volumes":[20.25,20.7,12.45,17.18,7.13,25.0,35.0,17.25,4.75,2.0,27.75,2.0,3.0,3.5,6.0,17.0,7.0,1.75,4.0,13.0,32.76,10.75,11.0,10.25,81.35,23.64,9.17,5.34,1.0,3.0,9.25,12.25,2.0,4.5,9.0,3.0,1.5,9.0,3.0,14.75,24.67,34.52,53.32,8.9,8.28,6.38,34.55,32.62,22.58,20.37,15.68,8.1,17.02,20.46,30.79,14.37,16.48,77.07,232.32,117.91,39.13,39.43,32.05,119.68,180.85,179.66,202.99,78.18,62.59,79.25,49.72,15.02,56.1,31.16,71.41,78.46,32.44,35.73,50.62,23.74,4.12,8.02,57.31,35.82,31.2,36.3,32.59,54.51,68.51,12.6,18.08,3.44,42.65,29.38,24.48,21.37,42.54,35.04,19.95,4.98,4.48,45.14,5.5,76.59,27.82,35.39,30.54,35.12,25.99,22.73,51.17,24.57,21.27,42.92,36.98,13.33,40.68,55.13,18.88,11.63,50.6,10.1,33.89,24.57,28.83,44.7,1.5,15.96,22.22,11.5,34.76,78.28,27.76,74.33,32.38,10.25,15.32,13.38,46.65,23.47,19.59,34.01,43.86,81.51,105.34,142.91,114.94,93.75,18.77,31.64,44.85,30.37,44.17,24.08,15.89,21.15,51.08,28.76,50.09,40.96,58.37,29.87,27.52,45.32,19.22,42.85,67.37,23.63,4.13,100.61,65.05,32.22,81.02,119.03,13.46,42.54,9.0,76.26]}