{"timestamp":1374364800000,"multiplier":1.0E-5,"open":1.31384,"high":1.31388,"low":1.31384,"close":1.31388,"shift":60000,"times":[1260,1,1,1,1,1,1,1,1,1,1,2,1,2,1,1,1,1,1,1,1,1,1,1,1,1,1,1,1,1,1,1,1,1,1,1,1,1,1,1,1,1,1,1,1,1,1,1,2,1,1,1,1,1,1,1,1,1,1,1,1,1,1,1,1,1,1,1,1,1,1,1,1,1,1,1,1,1,1,1,1,1,1,1,1,1,1,1,1,1,1,1,1,1,1,1,1,1,1,1,1,1,1,1,1,1,1,1,1,1,1,1,1,1,1,1,1,1,1,1,1,1,1,1,1,1,1,1,1,2,1,1,1,1,1,1,1,1,1,1,1,1,1,1,1,1,1,1,1,1,1,1,1,1,1,1,1,1,1,1,1,1,1,1,1,1,1,1,1,1,1,1,1,1,1,1],"opens":[0,5,1,1,0,12,-12,9,-3,1,-3,-15,15,-2,-15,-19,11,3,-2,3,-4,15,-5,-3,-6,-7,7,18,-6,1,13,2,-4,-35,3,5,1,3,-7,-3,-4,13,4,0,-8,7,-7,10,-4,-1,10,3,2,-1,-7,-6,-4,9,-13,17,4,9,16,5,4,7,-16,-12,7,4,5,12,-4,6,-1,-1,1,5,-2,4,-10,-14,-12,0,3,-1,2,-21,2,9,1,0,-2,5,1,18,1,53,-18,2,-10,-6,0,-7,7,4,9,1,-2,0,1,4,1,9,4,3,-10,15,-13,7,-17,7,1,0,-2,2,-8,-1,2,1,-1,0,0,7,2,1,9,-1,-11,1,0,5,-4,0,5,0,-3,-2,0,-1,1,2,6,15,7,20,1,5,76,-1,-32,15,-12,1,6,-8,0,4,14,-8,3,-6,2,1,1,-2],"highs":[0,2,0,24,-23,12,-2,-1,-3,1,-3,-4,4,-2,-15,-10,3,2,0,1,0,13,-7,-3,-5,-1,15,3,-6,13,1,2,-4,-30,5,-2,4,0,-7,-3,10,7,-4,0,-1,0,3,0,-4,9,14,-9,0,-1,-7,1,3,-3,2,5,4,48,-22,5,2,3,-15,-6,16,-9,17,1,2,-3,-2,0,5,2,0,0,-10,-14,-9,0,0,0,5,-19,3,14,-11,5,0,-2,17,6,55,-5,-15,-1,-10,-3,-3,3,0,7,3,1,-1,3,6,-5,9,9,-1,0,1,12,-14,0,-8,-2,4,-2,-2,2,-8,1,-1,1,-1,0,7,2,0,18,-8,4,-15,0,5,0,-4,5,0,1,0,-6,0,-1,2,7,14,9,25,-5,10,75,1,-6,-12,-5,-11,12,-3,-10,3,19,-5,-2,-3,-2,6,-6,0,7],"lows":[0,4,-4,5,1,13,-12,-1,7,-6,4,-15,15,-7,-27,-2,11,3,-3,1,-1,7,-6,-1,-12,6,2,5,12,-3,17,1,-37,-1,-1,9,1,-3,-1,-8,1,3,14,-7,-1,0,0,5,0,0,8,5,-6,-1,-5,-5,-1,-10,5,20,1,9,18,2,8,-9,-9,-14,18,4,5,7,0,4,0,0,2,5,-2,-6,-14,-13,0,-8,9,1,-15,-3,2,9,-5,6,-5,8,0,18,0,37,-2,-6,-23,17,-7,0,0,10,5,4,0,0,1,3,2,9,4,-7,0,-4,6,-10,0,7,1,-2,0,-7,0,0,2,0,-2,2,0,4,5,1,8,-11,0,-1,2,2,-1,0,5,-3,-1,-1,0,-1,1,2,4,17,6,19,2,6,69,-26,-5,5,3,1,-2,0,0,0,10,-1,-5,-3,8,0,0,-2],"closes":[0,2,-6,27,-21,13,-2,-10,6,-6,4,-4,4,-2,-29,-3,10,2,0,-2,3,7,-10,0,-8,8,12,-12,12,10,4,1,-37,2,6,-1,4,-6,-1,-8,15,-2,5,-7,6,-7,10,-5,0,10,-2,7,-1,-8,-5,-5,11,-14,17,1,6,21,5,-1,10,-12,-8,2,0,5,13,3,5,-4,-1,-1,6,1,2,-10,-14,-13,2,0,2,0,-17,0,6,3,-1,2,4,-2,17,3,53,-18,2,-10,-6,0,-7,10,0,7,2,0,1,0,5,-2,10,4,2,-8,11,-10,8,-17,7,0,4,-3,-1,-7,-1,3,-1,0,-1,1,7,1,1,12,-3,-11,1,-1,6,-3,-1,5,0,-3,-1,-1,0,-1,2,6,15,7,21,-1,7,75,0,-32,15,-12,1,7,-9,1,3,14,-8,3,-9,5,1,1,-2,7],"volumes":[1.5,3.75,4.5,8.87,2.0,1.0,1.5,4.75,0.75,3.25,2.25,3.75,4.5,4.88,9.0,5.0,1.75,1.75,3.75,1.5,3.0,13.5,3.0,6.39,6.64,3.51,13.02,4.63,1.5,20.5,2.85,4.45,21.51,15.0,10.75,4.5,6.25,8.25,2.0,4.25,5.75,31.0,3.0,7.0,2.5,4.0,4.75,4.75,2.5,3.5,18.69,4.0,4.25,3.25,28.5,14.14,16.0,45.0,9.0,24.76,34.91,45.16,35.22,37.52,15.75,53.94,29.55,53.14,25.41,10.25,40.38,37.89,23.21,13.0,12.0,5.13,5.0,13.26,5.25,13.51,15.0,27.88,9.01,16.76,9.0,6.5,86.15,21.5,12.25,27.09,16.0,11.38,11.2,1.0,32.25,24.22,86.96,11.76,14.26,4.5,42.08,10.51,13.0,9.88,20.77,18.63,16.2,6.5,9.0,7.96,17.19,5.19,11.82,16.68,7.0,23.15,15.0,61.79,31.01,23.84,25.47,2.44,5.33,32.62,6.77,42.53,13.82,13.98,2.29,4.11,5.76,1.38,52.39,18.42,1.38,62.44,11.99,73.5,20.37,19.6,42.52,21.38,6.0,26.36,19.34,44.64,31.9,1.13,1.0,3.0,11.7,41.63,91.75,31.39,99.82,17.33,35.58,188.53,177.02,146.64,171.95,77.78,30.61,58.01,33.91,24.17,51.93,183.51,39.69,159.56,75.62,111.55,119.23,36.08,25.74,96.64]}