{"timestamp":1124582400000,"multiplier":0.001,"open":435.341,"high":435.967,"low":435.341,"close":435.851,"shift":60000,"times":[1320,2,4,2,3,6,1,1,9,2,5,4,1,2,4,4,1,2,3,1,1,2,1,2,1,2,1,1,2,1,1,3,1,2,1,1,1,1,1,2,1,2,2,3,1,5,1,2,2,1,1,1,1,1,2,1,1,5,1],"opens":[0,360,-72,-38,-317,648,-553,552,-72,-594,373,-311,491,-470,199,295,-163,201,-526,316,-128,-153,721,-159,8,-524,424,-422,544,-271,-92,30,271,208,-308,-130,23,-203,43,295,269,-278,28,-239,234,326,-23,-364,334,-342,349,-414,215,63,-158,199,-523,-66,163],"highs":[0,-60,19,-25,35,17,-53,21,53,-81,30,45,-56,29,1,-12,-1,68,-47,-18,3,189,-24,-101,-47,9,-112,106,71,83,45,-29,62,-70,-3,49,28,2,-25,-26,-31,-17,1,84,-17,15,51,12,-56,19,-72,-95,0,107,-37,-50,-75,37,-13],"lows":[0,-64,9,-254,233,2,39,-20,92,-172,83,-12,70,-9,-110,-77,83,141,-174,152,40,-62,151,-1,-390,109,22,-8,317,-87,39,-25,0,55,-82,-112,208,-28,-69,-9,217,-60,-226,203,-180,103,73,-19,108,-104,-136,-96,178,125,-384,252,-161,-124,206],"closes":[0,-43,118,-300,41,-306,71,-109,651,-310,238,-59,65,-47,-489,444,-381,506,-31,-354,156,412,-144,-30,-10,-106,-453,574,45,-354,282,197,-232,-107,2,-122,112,58,-165,450,-99,9,-660,754,-604,362,31,-204,76,261,-332,-260,531,-246,-300,246,274,-561,208],"volumes":[0.009688,0.013702,0.009105,0.010717,0.010448,0.014326,0.00657,0.007645,0.010768,0.007688,0.00841,0.01167,0.008883,0.009739,0.010554,0.007648,0.010135,0.01226,0.014224,0.01245,0.01144,0.0132,0.01255,0.01317,0.017377,0.013745,0.005021,0.00968,0.01085,0.01168,0.01682,0.01066,0.018767,0.011493,0.01362,0.01472,0.0112,0.01013,0.013533,0.01115,0.0092,0.011751,0.01153,0.019645,0.00936,0.01001,0.010505,0.00862,0.01268,0.01635,0.01755,0.01345,0.01093,0.01806,0.015255,0.008525,0.010515,0.01402,0.01442]}