{"timestamp":1306627200000,"multiplier":1.0E-5,"open":1.07232,"high":1.07256,"low":1.07232,"close":1.07246,"shift":60000,"times":[1260,1,1,1,1,1,1,1,1,1,1,1,1,1,1,1,1,1,1,1,1,1,1,1,1,1,1,1,1,1,1,1,1,1,1,1,1,1,1,1,1,1,1,1,1,1,1,1,1,1,1,1,1,1,1,1,1,1,1,1,1,1,1,1,1,1,1,1,1,1,1,1,1,1,1,1,1,1,1,1,1,1,1,1,1,1,1,1,1,1,1,1,1,1,1,1,1,1,1,1,1,1,1,1,1,1,1,1,1,1,1,1,1,1,1,1,1,1,1,1,1,1,1,1,1,1,1,1,1,1,1,1,1,1,1,1,1,1,1,1,1,1,1,1,1,1,1,1,1,1,1,1,1,1,1,1,1,1,1,1,1,1,1,1,1,1,1,1,1,1,1,1,1,1,1,1,1,1,1,1],"opens":[0,-24,-2,7,-30,3,-1,-13,-4,-10,1,10,-5,3,21,-27,11,25,-20,14,8,0,0,0,-5,16,0,-3,-9,1,7,-8,-9,-9,0,9,2,-17,-34,-5,1,-1,8,-18,1,2,6,-19,0,-1,10,7,5,4,-4,6,0,5,7,0,-14,-5,-3,-5,-7,11,-4,-1,2,-1,-1,-30,-26,1,8,8,3,17,19,-12,-6,-13,-34,-26,-16,7,-2,0,3,40,29,7,3,-19,-6,2,20,23,0,-8,-10,-17,-14,1,-1,-35,41,5,-1,-33,11,13,0,0,-10,-1,26,1,0,10,-60,0,20,0,-4,-2,-12,3,-2,6,-4,-6,-16,5,0,-7,9,0,10,-5,0,-1,10,30,0,-22,12,-4,0,6,1,-19,-12,7,-2,3,8,17,4,-3,9,6,14,-4,-49,-17,7,-18,-17,-11,-19,19,-10,-3,-21,-3,9,-10,7,-1],"highs":[0,-48,10,-5,-20,-7,-1,-11,-6,-10,17,-3,-5,9,13,-18,19,16,-29,24,-2,0,5,-5,4,7,0,-3,-7,-1,9,-10,-4,-7,2,0,2,-17,-34,-5,1,0,7,-18,1,9,-1,-18,-1,0,13,7,6,-1,2,0,0,11,1,0,-4,3,-17,-9,-1,7,-6,4,-3,-1,-1,-30,-26,5,11,4,17,26,-7,-10,-8,-13,-34,-24,-11,2,-4,7,34,30,14,-3,0,-19,-6,21,23,2,15,-24,-10,-16,-14,0,9,-4,10,-5,2,-22,10,0,0,0,-10,24,2,0,12,-2,-56,25,-8,-1,-4,4,-5,-10,12,-7,-5,-6,-12,1,4,-3,9,13,-11,14,-18,8,26,7,2,-20,8,-7,4,8,-5,-19,-5,0,9,-4,28,-7,4,6,16,6,2,-7,-50,-10,16,-32,-19,-4,-3,6,-5,-18,-17,4,-2,4,3,-7],"lows":[0,-32,3,-19,-1,3,-13,-5,-10,-6,7,7,-7,2,18,-18,11,5,-1,15,8,-11,-8,19,-5,16,-2,-10,0,1,-5,-2,-12,0,-1,10,-19,-29,-14,7,-7,8,-3,-7,1,2,-13,0,0,-1,8,6,8,0,0,6,0,5,4,-10,-11,0,-3,-10,0,10,-1,0,2,-1,-32,-27,-34,37,-3,19,3,17,7,-10,-9,-43,-19,-10,-4,4,1,-3,3,40,27,12,-15,-40,33,2,20,8,6,-6,-21,-13,-1,2,-34,-3,38,4,-27,-11,20,13,-1,-10,-1,1,26,1,-2,-56,-3,7,24,0,-5,-11,-4,1,-2,0,-3,-13,-16,21,-5,-4,9,2,-1,6,-8,7,10,25,-17,0,7,1,0,6,-13,-22,5,2,3,3,8,17,-5,6,9,2,13,-49,-22,6,-18,-18,-10,-34,6,21,1,-20,-6,2,-1,0,-1,0],"closes":[0,-39,6,-29,7,-5,-10,-8,-10,-6,17,-3,1,3,9,-8,19,-13,-1,23,0,0,0,0,4,7,-2,-10,2,-1,2,-9,-12,0,9,0,-13,-35,-7,0,-7,9,-4,-7,1,9,-20,1,-1,-1,14,7,5,-4,6,0,0,11,-2,-6,-10,-5,-3,-7,6,1,-1,2,0,-1,-32,-25,-4,9,9,4,19,21,-14,-5,-14,-32,-30,-10,3,-1,-1,-2,43,28,11,2,-18,-14,7,21,22,3,-6,-10,-21,-13,1,0,-34,39,5,-1,-31,9,13,0,-1,-9,-2,26,2,0,10,-60,-5,25,0,0,-5,-10,0,0,4,0,-9,-17,3,2,-5,6,2,8,-7,4,0,8,26,1,-19,7,3,-2,4,3,-14,-18,8,-3,4,4,21,0,1,9,9,13,-6,-48,-18,7,-24,-12,-14,-15,23,-16,-1,-20,-5,1,-1,4,-2,6],"volumes":[44.651107,27.56,35.47,52.67,11.3,2.26,39.88,16.51,17.89,5.72,31.03,17.37,35.52,27.04,23.683021,15.77,33.0,23.45,6.39,12.47,19.5,28.5,33.64,30.0,22.5,69.0,18.75,4.5,10.5,15.0,19.36,6.75,27.75,70.5,39.0,6.75,33.8,49.93,18.43,4.13,6.39,4.13,34.543983,3.38,1.88,6.02,26.05,4.89,4.51,8.04,23.5,7.5,17.25,3.0,8.63,7.91,1.13,4.5,2.63,48.989152,43.24,35.23,42.04,23.08,44.29,12.32,9.39,13.16,1.5,3.0,43.62,42.0,46.07,6.76,39.43,6.75,29.29,48.38,6.0,10.5,30.75,69.4,27.68,47.34,17.57,12.0,4.5,16.45,81.88,84.19,37.13,7.5,31.5,65.94,14.25,36.73,46.13,27.91,61.13,12.0,21.87,10.47,14.25,4.5,57.1,63.42,32.4,12.75,36.43,23.07,19.5,11.25,10.5,18.38,9.0,23.63,6.38,10.92,34.18,109.58,21.4,30.48,5.64,1.13,4.51,47.04,56.37,30.44,44.28,19.17,12.01,16.5,34.18,23.7,47.34,34.69,23.79,28.81,24.4,45.39,8.63,7.13,45.01,16.13,67.52,12.36,21.35,2.25,15.57,9.38,14.25,19.86,9.0,15.0,21.0,11.63,61.11,3.75,34.13,18.29,69.44,37.14,31.89,61.43,74.79,19.02,75.04,52.45,44.19,90.67,69.3,75.31,30.74,37.48,17.99,24.67,16.47,34.98,54.99,15.32]}