{"timestamp":1203206400000,"multiplier":1.0E-5,"open":0.91272,"high":0.91287,"low":0.91267,"close":0.91287,"shift":60000,"times":[1320,1,1,3,1,1,1,1,1,1,4,1,1,1,1,1,6,1,1,1,1,1,1,1,1,2,1,2,1,2,1,1,1,1,1,4,3,2,2,1,1,1,1,1,1,1,1,1,1,2,1,1,1,1,1,1,1,1,1,1,1,1,1,1,1,1,1,1,1,1,1,1,1,1,3,4,2,1,2,2,2,1,1,1,1,1,3,1],"opens":[0,8,7,0,0,15,-32,7,-9,9,10,-9,-5,14,0,-9,9,15,15,-19,-10,-8,-12,2,0,0,7,10,0,10,0,10,10,0,-27,-3,-15,10,15,-15,0,-7,-8,-45,15,10,5,-10,10,0,0,0,-5,12,43,-23,8,-5,0,20,-35,0,10,-4,-6,10,20,-20,15,-9,4,-5,20,15,10,-15,-10,0,15,-8,1,7,-7,0,0,7,10,-12],"highs":[0,0,0,0,20,0,-30,0,0,0,10,-9,-1,10,0,-9,19,40,-20,-19,-10,-8,-3,0,0,0,0,10,0,10,0,10,10,0,-20,-10,-10,10,10,-10,0,-10,0,-40,2,18,-5,5,0,10,-10,-5,5,50,-5,-23,8,-5,25,-5,-33,5,13,-14,1,3,25,-5,-5,-5,0,10,10,10,10,-15,-5,0,10,0,0,0,0,0,-7,7,10,-10],"lows":[0,10,0,0,10,-10,-10,0,0,10,10,-10,-5,5,10,-10,10,15,5,-20,-10,0,-10,0,0,0,0,10,10,0,10,0,10,-8,-25,3,-8,13,5,-10,0,-8,-52,0,10,20,0,-15,10,5,0,-10,0,22,18,2,8,-20,15,-15,0,0,10,-20,10,10,-5,0,15,-10,0,5,20,15,0,-10,-15,5,10,-5,5,0,0,3,-3,10,-8,0],"closes":[0,-10,0,0,30,-30,-10,10,-10,10,10,-10,0,0,10,-10,20,10,0,-10,-10,-10,0,0,0,-10,10,0,10,0,10,10,0,-8,-22,0,0,10,0,0,-10,-8,-44,2,10,20,-10,10,0,-10,10,-20,20,50,-30,2,8,-10,30,-38,0,5,3,-20,17,3,-5,25,-10,-5,-5,20,10,10,0,-10,0,0,0,10,-10,10,0,0,-10,10,0,0],"volumes":[11.03,6.14,14.73,3.55,4.7,13.21,27.75,4.58,6.37,1.0,1.2,1.92,4.9,4.27,1.2,2.8,2.6,27.81,20.1,15.64,5.92,1.41,6.95,3.67,7.1,6.4,5.36,14.65,1.3,3.07,1.6,3.73,7.46,7.1,10.65,7.04,6.93,8.25,4.7,24.02,6.94,15.98,56.22,17.3,22.21,11.79,3.74,20.25,14.21,17.3,5.0,15.06,16.11,24.32,18.72,1.0,0.78,21.88,17.65,31.68,3.1,6.6,5.21,15.89,4.17,0.92,26.34,28.06,2.11,8.71,3.66,2.96,1.42,1.1,7.55,2.16,24.0,9.7,5.3,4.3,16.03,5.0,3.37,0.74,2.86,3.7,10.56,9.99]}