{"timestamp":1396137600000,"multiplier":1.0E-5,"open":0.92368,"high":0.9238,"low":0.92368,"close":0.9238,"shift":60000,"times":[1260,1,1,1,1,1,1,1,1,1,1,1,1,1,1,1,1,1,1,1,1,1,1,1,1,1,1,1,1,1,1,1,1,1,1,1,1,1,1,1,1,1,2,1,1,1,2,1,1,1,1,1,1,1,1,1,1,1,1,1,1,1,1,1,1,1,1,1,1,1,1,1,1,1,1,1,1,1,1,1,1,1,1,1,1,1,1,1,1,1,1,1,1,1,1,1,1,1,1,1,1,1,1,1,1,1,1,1,1,1,1,1,1,1,1,1,1,1,1,1,1,1,1,1,1,1,1,1,1,1,1,1,1,1,1,1,1,1,1,1,1,1,1,1,1,1,1,1,1,1,1,1,1,1,1,1,1,1,1,1,1,1,1,1,1,1,1,1,1,1,1,1,1,1,1,1,1,1],"opens":[0,0,23,2,-4,-1,3,4,8,26,-13,38,18,13,1,0,8,-1,25,-3,5,-5,12,-1,-9,-15,-7,2,-1,2,5,-6,3,-4,0,-2,1,-2,-3,-1,0,-16,6,-2,0,6,1,2,-3,4,0,-8,1,-12,5,0,8,4,0,18,-4,2,-6,-3,6,-12,-2,0,47,-12,-4,-11,-5,0,-4,-1,-8,32,16,8,-9,-13,0,-3,-4,-1,6,-8,2,2,-4,3,3,0,5,1,-18,0,-1,1,7,-5,-3,-1,11,9,5,-1,-1,-14,5,2,0,1,-3,-14,-10,20,1,6,4,-1,3,19,-12,-4,3,-23,4,-2,-3,-1,-3,7,-6,1,-7,-9,-15,1,10,0,6,2,2,4,-4,-5,-4,-9,-2,-4,10,-1,2,16,-4,1,9,3,-4,-14,-1,-6,11,-3,0,13,-6,-7,9,5,10,20,25,6,17,-6],"highs":[0,20,-8,2,-4,0,6,6,29,0,39,-11,31,-4,1,8,-1,24,1,14,-9,3,0,8,-18,-15,-4,-1,0,1,5,-1,-2,-4,0,-1,0,-2,-3,-1,0,-16,6,-2,5,2,3,-1,2,-1,0,-6,5,-13,0,16,-8,5,33,-12,-5,-1,-5,-4,6,-11,-2,47,14,-25,-6,-11,-5,0,1,-6,24,26,-4,2,-9,-10,2,-2,-4,-1,0,-1,3,-6,2,18,-11,0,-1,4,-18,2,2,3,-4,-5,-3,9,5,10,0,-1,-1,-9,1,1,2,-1,-3,-3,-1,6,1,5,-1,6,20,-5,-12,-1,2,-19,-2,-2,1,0,-1,0,-4,3,-11,-8,-16,11,4,2,7,1,2,-1,-5,-4,-4,-10,1,5,2,-1,13,1,-1,9,2,1,1,-17,-1,1,0,-2,12,1,-2,-3,5,10,20,25,9,10,4,-1],"lows":[0,0,5,20,-8,-1,7,4,8,9,4,38,18,13,1,0,1,6,4,16,-3,5,12,-16,-9,-8,0,2,-2,2,2,-1,-2,-1,1,-2,-1,0,-3,0,-16,0,0,4,-3,6,4,-2,1,4,-10,2,-4,-14,12,0,8,0,-2,17,1,-3,-2,-4,-1,-5,2,-3,12,6,-4,-4,7,-3,-1,-8,0,29,18,-5,-16,8,-2,-10,5,-1,-2,0,2,-4,0,2,3,-2,10,-18,-1,2,-1,1,1,-4,1,0,11,7,1,5,-15,0,0,7,0,-2,-14,-7,-10,18,10,2,5,2,2,3,5,-4,-19,-2,3,-5,-2,-8,8,1,0,-8,-11,-10,-1,1,9,-1,8,-2,6,-1,-5,-6,-6,-2,0,-4,9,0,2,12,0,1,9,-3,-15,-2,-2,0,6,2,-2,9,-8,-1,11,5,10,20,19,3,17,-2],"closes":[0,20,-8,2,-6,2,6,4,31,-15,39,2,28,1,1,8,-8,31,1,2,-6,12,0,-6,-19,-8,4,-1,-1,0,3,1,-5,0,0,-1,-2,0,-3,0,-15,-1,0,4,5,-2,6,-4,6,-1,-10,3,-5,-2,0,8,0,0,22,-5,2,-4,-3,-5,-1,-4,1,48,-14,-2,-11,-8,2,-4,-1,-8,32,24,-5,-4,-13,3,-5,-5,6,-1,-8,2,1,-3,3,3,7,-3,2,-18,-2,3,0,6,-5,-3,-1,10,3,12,-6,5,-15,5,1,1,1,-3,-14,-7,17,1,1,10,-4,4,20,-11,-1,-2,-18,2,-4,-3,-1,-6,10,-6,2,-8,-8,-12,-4,10,0,7,7,1,-1,-1,-8,-3,-9,-2,2,5,-2,2,15,-3,1,9,2,-2,-12,-4,-6,11,-3,0,13,-6,-8,10,5,10,20,25,5,14,-1,4],"volumes":[2.25,4.05,1.45,0.5,25.12,21.96,7.9,31.44,26.62,27.98,190.39,21.45,9.11,6.12,3.06,6.4,2.76,22.93,17.14,22.33,21.09,9.45,4.0,36.9,23.95,10.41,7.31,28.1,10.37,4.6,13.47,9.57,26.86,38.92,9.48,11.66,72.04,6.9,5.78,5.75,25.86,1.0,3.0,2.0,11.0,4.0,10.0,2.0,4.0,1.5,6.48,4.69,15.97,24.1,1.15,24.13,1.0,1.75,34.28,7.79,1.6,2.48,4.91,37.12,34.55,13.73,20.4,92.0,94.25,46.54,42.8,24.91,17.9,39.62,14.78,14.4,92.38,88.76,25.72,30.05,47.6,13.53,17.82,41.48,18.55,25.08,38.46,13.5,34.69,43.64,21.45,60.74,34.08,78.42,13.63,80.12,30.12,23.02,25.49,27.11,19.18,10.56,5.84,22.63,37.88,12.98,15.46,9.1,43.74,12.3,26.02,16.63,36.69,9.63,25.36,114.64,34.52,29.38,10.13,9.38,10.5,18.0,27.76,19.38,2.0,7.5,24.26,11.5,10.0,29.0,21.43,51.45,20.88,47.64,4.46,32.12,76.23,57.71,4.4,18.8,37.84,30.68,37.99,9.42,26.01,12.55,13.54,46.67,47.16,14.02,29.57,16.76,37.72,67.4,32.08,17.82,11.17,22.98,14.5,41.99,41.88,40.38,17.11,27.68,17.01,16.57,42.28,31.02,55.09,28.6,13.63,55.61,57.68,50.38,141.09,55.69,105.95,37.14]}