{"timestamp":1639267200000,"multiplier":1.0E-5,"open":0.71584,"high":0.71601,"low":0.71584,"close":0.71601,"shift":60000,"times":[1320,1,1,1,1,1,1,1,1,1,1,1,1,1,1,1,1,1,1,1,1,1,1,1,1,1,1,1,1,1,1,1,1,1,1,1,1,1,1,1,2,1,1,1,1,1,1,1,1,1,1,1,1,1,1,1,1,1,1,1,1,1,1,1,1,1,1,1,1,1,1,1,1,1,1,1,1,1,1,1,1,1,1,2,1,1,1,1,1,1,1,1,1,1,1,1,1,1,1,1,2,1,1,1,1,1,1,1,1,1,1,1,1,1,1,1,1],"opens":[0,17,65,0,-1,2,-25,-3,-7,14,-22,-5,33,-1,0,-32,-2,9,-2,1,18,-15,7,7,6,-7,3,-1,17,-3,1,-22,-9,-5,1,0,-7,3,-2,0,-3,0,-5,0,2,0,-1,5,5,-2,30,-10,-4,0,-10,-1,5,4,-23,-35,59,25,-10,5,-1,3,3,10,4,-2,7,17,-5,0,-2,1,0,-12,-10,2,20,0,-2,-5,0,0,7,-5,3,-2,4,-3,0,-2,1,2,-7,3,1,-1,5,17,9,-6,1,7,-8,-5,-22,-1,0,-2,-17,9,-15,-4,-1],"highs":[0,65,0,1,-1,1,-23,-1,14,-5,-27,-6,33,1,-2,-1,4,-28,6,28,-15,-10,7,9,-1,2,-5,16,-2,0,-3,-18,-5,-13,2,2,-8,1,0,-1,-3,-1,-3,0,0,0,10,1,0,34,-6,-12,-2,-2,-4,-2,14,5,-22,12,27,2,-7,-5,1,3,10,0,7,3,21,-5,-4,-1,-1,1,-1,-12,-10,17,5,0,-2,-5,2,1,4,1,-3,4,-2,-3,0,-1,5,-1,-4,0,-1,4,20,6,3,-8,6,4,-10,-6,-18,-5,1,-3,-3,-5,-13,-6,0],"lows":[0,17,64,1,-1,-49,16,0,0,-10,-6,3,32,-32,32,-37,3,5,-1,3,8,-7,10,7,5,-6,-1,3,11,-3,-34,19,-14,-4,-5,7,-4,1,-1,-4,2,0,-7,0,0,0,2,0,11,-3,20,-19,16,-22,11,-17,20,-14,-37,-1,59,12,1,1,4,1,5,6,7,-3,10,10,1,-2,1,-1,-11,-12,3,2,14,5,-4,-8,5,1,1,1,3,-2,0,-4,3,-6,6,0,-4,2,1,-2,7,14,7,-1,1,-1,-8,-26,1,-4,9,-33,14,-6,-4,0,-1],"closes":[0,65,-1,1,0,-25,0,-9,21,-28,-6,0,32,2,-2,-33,0,5,9,28,-27,2,6,9,0,2,-6,14,-6,-3,-14,0,-14,-5,6,-4,-3,0,-1,-4,3,-1,-6,0,1,-2,7,7,1,28,-13,-3,1,-12,7,-3,6,-21,-33,53,23,-8,7,-3,2,5,9,0,3,8,17,-7,1,-1,0,1,-13,-13,3,16,5,0,-4,-2,0,3,-2,5,-1,3,-5,-1,0,1,0,-1,-1,0,0,5,19,6,-4,0,6,-6,-8,-20,-1,0,0,-21,10,-14,-4,0,0],"volumes":[3.75,7.27,10.12,5.61,2.25,19.29,27.75,27.74,22.87,13.48,11.06,2.16,1.5,4.04,0.94,11.67,10.97,6.0,6.5,6.75,14.5,12.0,12.0,10.87,9.0,14.0,12.69,25.12,7.5,9.0,48.22,12.0,19.0,7.0,31.86,33.44,11.98,5.5,9.74,7.12,3.0,1.0,14.24,44.33,45.97,32.98,50.0,30.5,32.0,55.49,50.5,19.37,5.0,64.91,15.62,43.06,31.62,21.61,90.25,298.94,179.42,133.99,72.09,47.09,31.2,28.35,41.29,39.48,34.58,48.63,42.58,38.22,16.72,11.23,27.55,7.12,38.48,31.55,1.87,60.75,50.89,5.45,10.12,11.57,16.5,4.25,15.36,27.75,1.1,8.07,8.12,8.07,7.49,16.66,27.57,12.67,23.71,15.37,7.8,56.07,36.7,50.81,41.83,22.04,40.11,40.03,38.83,88.34,76.99,31.72,11.03,49.95,52.81,23.43,22.75,3.25,6.92]}