{"timestamp":1638662400000,"multiplier":1.0E-5,"open":1.32136,"high":1.32183,"low":1.32136,"close":1.32183,"shift":60000,"times":[1320,1,2,1,4,4,1,6,1,1,2,1,3,1,2,1,1,1,1,1,1,1,1,1,1,1,1,1,1,1,1,1,1,1,1,1,1,1,1,1,1,1,1,1,1,1,1,1,1,1,1,1,1,1,1,1,1,1,1,1,1,1,1,1,1,1,1,1,1,1,1,1,1,1,1,1,1,1,1,1,1,1,1,1,1,1,1,1,1,1,1,1,1,1,1,1,1,1,1,1,1,1,1,1],"opens":[0,61,108,13,32,1,20,-40,3,-3,7,-2,8,28,25,-29,-3,13,82,-43,-27,45,-12,14,-59,8,0,0,44,-44,0,48,-22,-5,4,-17,0,-8,39,-39,6,4,0,-10,25,15,-47,-8,0,25,-53,23,-2,9,-10,15,-21,4,2,-20,14,14,5,2,2,2,8,5,13,-18,0,11,-11,1,-7,4,3,13,-6,2,-11,8,3,-1,0,-6,6,-1,-8,1,-1,-1,-16,7,-1,-8,-4,-16,-5,-6,5,-3,5,7],"highs":[0,14,116,53,-16,22,-1,-40,12,-12,18,-13,35,1,44,2,29,14,27,-44,-10,1,2,0,-51,0,0,44,1,-45,49,-1,24,-31,1,-34,45,-13,-1,-35,2,4,0,18,20,-7,-41,-15,43,-18,-24,10,0,-9,9,0,-7,-6,-3,-11,15,12,3,-3,8,2,5,12,-1,-12,5,0,1,-11,1,-1,14,6,-9,-2,-1,0,1,3,-2,-1,6,-8,0,0,0,-8,-14,7,-2,-10,-4,-15,-5,5,-7,4,3,4],"lows":[0,61,69,52,32,1,0,-20,0,0,5,0,6,20,-26,27,-2,15,68,-27,-49,9,1,0,0,0,8,0,0,0,0,0,3,2,-5,-37,24,13,0,0,1,9,-10,0,-14,2,0,-34,31,-39,11,8,13,-28,27,-9,3,1,-20,-10,27,15,4,-2,6,1,11,5,-8,-1,2,0,1,-11,3,2,7,10,-5,-7,0,9,-6,7,-7,-2,8,-8,-1,1,-1,-14,-2,-4,1,-10,-9,-2,-6,-3,-4,5,4,-3],"closes":[0,14,69,99,-15,22,-12,-29,0,0,5,0,33,-7,11,22,-15,79,-9,-6,-10,-57,59,-58,0,8,0,41,-41,0,49,-24,22,-21,-18,0,-8,40,-40,4,-2,8,-10,25,16,-52,-1,-6,30,-45,15,-5,9,-10,16,-22,4,3,-17,5,18,6,6,-1,1,11,3,11,-16,-2,12,-4,-5,-7,4,2,15,-4,-2,-11,6,5,-3,7,-12,8,-2,-8,3,-1,-2,-15,2,3,-10,-9,-10,-1,-7,5,-5,7,3,-3],"volumes":[17.1,1.41,25.5,37.5,7.5,15.0,22.5,0.47,16.88,0.47,23.44,0.47,67.5,22.5,108.25,31.4475,71.805,106.7835,172.6237,0.7875,27.8685,1.5375,19.1851,5.4175,2.44,3.47,5.26,4.0,3.935,19.27,6.8875,3.8752,314.165,112.36,60.38,10.24,79.825,0.53,14.7051,9.29,18.0,4.5,3.19,50.72,78.1,68.4,56.93,37.04,86.24,131.99,54.0,82.49,39.75,112.6,48.37,67.65,47.75,21.16,90.13,64.47,24.73,38.24,18.0,15.74,28.27,38.07,15.37,20.63,51.63,141.81,46.47,56.62,37.49,27.37,33.55,32.58,16.5,27.82,12.37,26.6,19.82,4.57,31.93,22.5,8.76,23.18,22.91,26.29,41.59,11.17,37.94,35.83,17.56,24.49,31.84,20.53,16.14,13.7,11.64,58.63,26.35,39.0,17.53,29.2]}