{"timestamp":1420070400000,"multiplier":1.0E-5,"open":0.8181,"high":0.81811,"low":0.81793,"close":0.81794,"shift":60000,"times":[1320,1,1,1,1,1,1,1,1,1,1,1,1,1,1,1,1,1,1,1,1,1,1,1,1,1,1,1,1,1,1,1,1,1,1,1,1,1,1,1,1,1,1,1,1,1,1,1,1,1,1,1,1,1,1,1,1,1,1,1,1,1,1,1,1,1,1,1,1,1,1,1,1,1,1,1,1,1,1,1,1,1,1,1,1,1,1,1,1,1,1,1,1,1,1,1,1,1,1,1,1,1,1,1,1,1,1,1,1,1,1,1,1,1,1,1,1,1,1,1],"opens":[0,-16,-7,-13,12,-7,-3,-1,4,-2,-25,-6,-8,-14,6,9,7,-3,-6,-33,7,-1,-1,-3,-2,-2,4,0,-2,-10,-37,31,0,-1,2,0,3,0,-19,23,9,2,-1,-1,2,1,0,0,-1,-3,0,1,-2,4,0,-12,4,-1,-22,1,34,-8,-4,17,7,31,17,-18,-21,-15,11,20,-3,18,-5,-4,-10,1,-5,8,5,-6,3,-3,-4,0,-37,-5,9,0,14,-7,6,23,-2,-14,41,3,-11,-40,-15,9,23,0,9,15,-2,-17,9,43,-7,-3,-10,-5,-9,18,1,-16,-1,14],"highs":[0,-12,-12,0,-1,-7,-3,3,4,-6,-25,2,-16,-8,6,10,5,-7,-7,-27,1,-1,-1,-3,-2,2,0,0,-2,-6,-9,4,-4,5,-2,0,3,-2,5,7,2,0,-1,2,0,0,0,0,-1,-2,2,-2,2,2,-2,-8,0,0,-1,13,21,-29,22,3,29,15,-1,-9,-29,-6,21,0,18,-3,-5,-4,-4,-5,8,0,0,-2,-1,-3,-4,4,-28,-9,3,17,-6,-1,21,26,-25,26,7,-2,-13,-35,-10,27,-2,9,12,5,-7,-13,50,19,-27,-2,-8,0,2,7,-8,-1,1,15],"lows":[0,-11,5,-13,6,-5,0,0,2,-30,-2,-12,-9,-1,6,7,7,-6,-27,-9,8,-2,-1,-2,-3,-1,4,-2,-8,-58,18,32,1,0,0,-11,-2,-6,-2,30,9,1,-2,0,0,0,2,-2,2,-4,2,-4,3,2,-10,0,2,-19,-2,-6,3,16,10,14,10,29,2,-29,-11,3,11,17,0,16,-7,-2,-8,1,-5,7,-2,1,1,-9,4,-68,10,16,1,9,-5,8,10,20,-15,-7,48,-9,-36,-16,0,9,22,1,7,13,-17,1,10,36,-2,-14,-9,-3,-2,20,-27,3,7,15],"closes":[0,-12,5,-2,-5,-5,0,4,-2,-24,-5,-9,-15,6,6,10,-3,-6,-26,-1,0,0,-4,-2,-2,4,0,-2,-10,-37,31,-2,1,2,0,0,3,-16,22,7,2,-1,-1,2,1,0,0,-1,-1,-1,-1,0,1,1,-11,4,-1,-20,-1,34,-10,-2,20,4,34,14,-14,-26,-10,6,21,-3,18,-2,-7,-2,-7,0,3,5,-6,3,-3,-4,0,-37,-5,9,3,9,-9,10,21,0,-12,39,3,-12,-37,-17,9,24,1,5,15,-2,-15,4,48,-7,-1,-13,-4,-9,18,6,-19,-3,13,13],"volumes":[3.5,1.85,0.25,0.75,4.72,3.45,6.57,13.56,36.52,45.19,15.87,35.77,43.36,34.99,39.99,19.43,20.04,45.49,24.4,21.67,7.75,28.72,20.15,94.27,67.49,61.6,40.57,41.16,47.06,54.85,36.97,24.84,27.12,12.37,19.69,60.16,44.42,73.18,78.22,68.26,45.23,50.52,46.38,64.94,56.22,37.21,48.56,59.1,13.93,9.24,21.17,50.22,10.93,8.74,15.61,34.48,9.26,13.76,27.87,55.19,131.2,38.52,120.47,65.46,97.6,29.46,34.59,69.82,62.16,19.87,31.18,13.4,26.83,6.0,9.06,11.94,14.9,7.3,29.9,9.45,25.0,20.6,10.82,21.63,16.56,161.15,126.5,15.0,22.67,55.53,48.69,19.94,21.21,125.4,35.61,98.2,24.0,25.4,65.55,54.19,21.0,64.73,21.19,12.32,30.16,33.06,40.66,21.5,50.75,106.14,90.37,57.96,78.65,101.29,54.74,15.0,41.1,67.63,73.57,75.57]}