{"timestamp":1421539200000,"multiplier":0.001,"open":5354.0,"high":5355.0,"low":5350.0,"close":5355.0,"shift":60000,"times":[1370,1,1,1,1,1,1,1,1,1,1,1,1,1,1,1,1,1,1,1,1,1,1,1,1,1,1,1,1,1,1,1,1,1,1,1,1,1,1,1,1,1,1,1,1,1,1,1,1,1,1,1,1,1,1,1,1,1,1,1,1,1,1,1,1,1,1,1,1,1],"opens":[0,0,-3500,3500,-500,-5000,2000,-1500,3500,-1500,500,3000,500,3000,-4500,-1250,4250,-3500,2500,500,-2160,-3340,-10000,9000,-650,-4850,-2500,1000,2000,-540,3540,-3500,-6000,500,240,-240,210,3790,-1000,-2500,-3090,-170,2760,3490,-1490,-2500,4500,5000,-4000,-500,-500,1210,790,-4500,-500,1350,4110,780,2760,0,-660,5660,-3500,1000,1240,760,-3000,2500,-500,500],"highs":[0,-1000,1000,0,-1500,-3500,1000,2000,-500,0,1500,1000,4000,-1000,-3500,3500,-500,-1000,2000,-1000,-2000,-5000,-1000,2000,-2000,-5500,0,500,1000,2000,500,-4000,-4000,1500,-1000,0,2000,1000,-2000,-2500,-1000,1000,3500,500,-500,0,4000,1000,-3500,500,0,0,1000,-2500,-1500,4500,1500,1000,0,0,6000,0,0,0,1000,-1000,-1000,-1000,500,-500],"lows":[0,-1000,1500,3000,-4500,-1000,2000,-2000,4000,-3000,2500,1000,2500,-2000,-2500,1470,1030,-1000,3000,-2000,-5000,-6500,-1000,6500,-4000,-2500,310,1690,-1500,2000,-210,-5790,350,-850,500,0,1710,1290,-2040,-1480,-2480,1740,2760,500,0,-1000,4500,1870,-3370,0,950,1410,-1360,-3000,-1000,1000,5000,1000,750,1750,340,2160,0,1000,1240,-390,-1850,1500,-2500,1500],"closes":[0,-5000,4500,-500,-5000,1000,0,3000,-1000,500,500,1500,3000,-4500,-500,5000,-4000,3000,1000,-3000,-3000,-10000,8000,0,-5000,-4000,2000,2000,0,3000,-4710,-4290,0,1000,0,0,3000,-2000,-1000,-3000,0,2000,4000,-2230,1230,1000,4000,-2000,-1000,0,1000,0,-1000,-4500,2500,4000,1000,870,630,500,6000,-1500,1500,-1500,0,0,500,-2000,1500,-2500],"volumes":[0.001224,7.48E-4,4.76E-4,1.7E-4,4.42E-4,2.72E-4,1.36E-4,4.42E-4,6.8E-5,3.74E-4,3.06E-4,3.74E-4,6.8E-4,5.78E-4,0.001272,0.001037,7.97E-4,7.83E-4,4.64E-4,0.001243,0.001207,0.001559,0.001297,4.93E-4,9.35E-4,4.3E-4,4.86E-4,1.36E-4,3.76E-4,3.45E-4,8.6E-4,7.6E-4,0.001176,0.001263,5.51E-4,2.89E-4,7.17E-4,4.9E-4,3.28E-4,1.92E-4,4.95E-4,6.97E-4,2.26E-4,1.6E-4,4.47E-4,2.21E-4,4.96E-4,3.96E-4,5.49E-4,3.23E-4,1.31E-4,2.14E-4,5.05E-4,2.93E-4,3.13E-4,6.22E-4,3.45E-4,3.64E-4,3.5E-4,2.04E-4,8.33E-4,8.04E-4,1.65E-4,5.49E-4,4.52E-4,7.7E-4,6.26E-4,1.02E-4,3.69E-4,2.04E-4]}