{"timestamp":1420329600000,"multiplier":1.0E-5,"open":1.19495,"high":1.19506,"low":1.19358,"close":1.1941,"shift":60000,"times":[1320,1,1,1,1,1,1,1,1,1,1,1,1,1,1,1,1,1,1,1,1,1,1,1,1,1,1,1,1,1,1,1,1,1,1,1,1,1,1,1,1,1,1,1,1,1,1,1,1,1,1,1,1,1,1,1,1,1,1,1,1,1,1,1,1,1,1,1,1,1,1,1,1,1,1,1,1,1,1,1,1,1,1,1,1,1,1,1,1,1,1,1,1,1,1,1,1,1,1,1,1,1,1,1,1,1,1,1,1,1,1,1,1,1,1,1,1,1,1,1],"opens":[0,-87,-290,-309,339,105,13,76,80,-22,-298,165,115,-122,45,54,-31,-70,59,3,30,1,9,31,-5,-11,13,54,-10,-12,-37,-4,27,-49,7,44,-5,-7,7,25,28,12,65,-76,5,-20,-25,-13,-39,10,-7,21,-46,27,-18,2,-5,8,34,106,-46,-2,-26,0,-15,-9,2,-1,30,7,2,-3,14,-3,-40,-2,-59,-21,-9,2,27,-23,13,-19,-4,8,45,5,-24,12,-13,10,9,21,-10,14,23,-35,17,14,4,12,34,-2,-6,4,11,2,24,-5,4,-40,-7,2,1,17,-6,-1,0,-2],"highs":[0,-92,-293,23,120,32,50,78,29,-53,-105,82,20,-51,54,-41,-31,-28,50,1,19,35,-4,2,14,-24,49,0,8,-29,-21,7,2,-40,68,-29,5,-11,22,46,22,45,-4,-58,-3,-30,-9,-27,-20,3,1,-1,-17,2,-12,18,-5,23,132,-33,-1,-39,-20,-7,-22,-8,21,15,9,-7,5,9,-2,-1,-36,-8,-59,-16,-6,28,-5,-12,0,-11,-2,47,22,-13,-12,-7,-5,10,25,-2,1,26,1,-18,10,13,4,33,3,4,4,2,3,20,-2,4,-5,-36,-10,4,22,-7,-4,0,-3,13],"lows":[0,-306,-375,52,321,77,129,86,65,-377,22,214,-7,0,30,38,-75,-23,55,36,-16,24,26,18,7,-18,19,40,-8,-32,-17,16,-25,-5,15,27,-4,-8,19,25,33,12,-11,-6,-15,-19,-17,-37,-1,-10,8,-27,10,-13,8,4,-1,12,38,39,17,-35,1,-6,-13,-9,11,2,32,0,6,-3,4,-30,-5,-56,-24,-5,-5,6,-2,5,-10,-7,8,8,43,-17,0,-22,11,20,9,12,-3,15,-17,6,17,13,4,13,28,-4,2,-2,12,7,19,0,-37,-9,-4,5,5,10,0,-5,-1,0],"closes":[0,-287,-313,333,110,13,76,80,-15,-296,148,110,-109,40,53,-25,-70,40,22,30,1,13,27,-5,-7,10,53,-11,-12,-36,-4,27,-49,5,46,-6,-6,5,19,38,7,66,-74,5,-22,-23,-13,-41,11,-6,22,-47,28,-19,-4,0,8,35,132,-71,2,-31,2,-17,-12,4,9,21,7,0,-1,16,-7,-38,-2,-59,-22,-7,1,26,-23,14,-21,-2,7,46,3,-22,12,-22,18,10,21,-9,11,24,-35,18,13,5,12,31,1,-5,3,9,4,25,-5,3,-40,-10,4,2,21,-11,0,-1,-5,19],"volumes":[109.4,108.12,72.85,113.59,176.61,316.1,201.08,281.01,152.62,243.11,207.65,141.79,128.22,130.27,163.87,137.9,157.92,231.96,122.46,176.03,178.45,164.27,51.61,116.35,40.94,112.56,156.19,69.19,90.7,95.6,89.73,67.98,79.97,42.08,120.87,32.62,58.74,87.78,94.93,65.23,99.66,109.22,168.58,80.65,110.89,63.48,107.6,93.71,56.74,99.89,67.63,151.42,58.87,59.45,83.23,90.98,174.51,160.1,186.89,119.62,210.92,207.66,171.23,115.23,126.99,63.56,141.81,77.45,60.86,42.65,62.46,54.21,110.39,102.8,82.81,160.16,144.32,113.93,103.48,78.69,114.28,97.21,212.73,103.3,36.5,115.3,137.22,94.0,74.29,173.52,152.22,110.16,86.29,57.68,106.86,95.64,163.03,112.08,104.39,116.96,51.16,74.58,77.2,94.02,106.51,100.0,114.13,59.8,92.73,97.88,123.49,121.79,107.74,62.81,156.56,120.84,161.84,77.98,33.61,79.23]}