{"timestamp":1420934400000,"multiplier":1.0E-5,"open":1.18591,"high":1.18603,"low":1.18589,"close":1.18589,"shift":60000,"times":[1320,1,1,1,1,1,1,1,1,1,1,1,1,1,1,1,1,1,1,1,1,1,1,1,1,1,1,1,1,1,2,1,1,1,1,1,1,1,1,1,1,1,1,1,1,1,1,1,1,1,1,1,1,1,1,1,1,1,1,1,1,1,1,1,1,1,1,1,1,1,1,1,1,1,1,1,1,1,1,1,1,1,1,1,1,1,1,1,1,1,1,1,1,1,1,1,1,1,1,1,1,1,1,1,1,1,1,1,1,1,1,1,1,1,1,1,1,1,1],"opens":[0,-2,-2,-39,-1,-8,16,1,30,4,1,1,-2,1,-2,-2,-11,13,-1,1,0,0,0,0,-2,4,2,-30,9,-25,-33,27,-47,25,-16,23,0,-19,-20,4,10,-5,-4,0,-9,6,-28,0,0,0,0,1,9,13,0,1,0,-9,2,3,36,-12,4,2,2,10,1,-1,-8,-9,-2,-3,5,-1,4,2,2,-6,11,9,11,-1,-11,-4,-1,2,1,-4,-23,-7,-5,0,2,5,1,-1,0,0,-11,0,-14,4,-9,3,-2,2,-4,-5,4,-4,0,-1,-6,-1,3,0,3,-2,-2],"highs":[0,-6,-10,-39,-1,9,32,0,3,26,-14,-6,-5,-1,-2,-2,2,0,1,3,-3,1,-2,0,2,0,2,-30,9,-24,12,-16,-34,35,-18,-1,0,-19,-15,10,2,43,-18,-37,0,10,-40,-1,0,0,1,0,36,-4,-10,1,3,-12,2,61,-19,-10,2,1,10,1,0,2,-7,-13,-2,6,-2,6,3,-4,0,3,11,18,-7,-1,-11,4,-4,0,3,-7,-25,2,-12,1,7,4,-4,-2,-1,0,-8,0,-12,-1,-4,-2,2,-1,-5,-2,8,-11,0,-1,2,-6,0,14,-11,-1,-3],"lows":[0,0,-42,0,-8,-6,14,9,30,4,1,0,-2,0,-2,-11,0,1,-30,42,0,0,0,-2,0,1,-21,-5,-15,-45,12,-28,8,2,7,2,1,-18,-16,6,20,-6,-6,-15,2,-12,0,0,-4,4,0,0,10,13,-1,-3,-9,5,2,3,25,-9,12,-1,5,7,3,-4,-13,-7,2,-3,8,-1,1,0,1,0,11,8,10,-13,-3,1,-3,4,-2,-20,-8,-7,0,0,2,4,1,0,0,-11,0,-14,-5,-1,0,1,1,0,-5,-3,0,0,1,-7,-3,2,2,-4,3,-5,-7],"closes":[0,8,-50,0,-8,16,-8,39,4,1,1,-1,0,-2,-2,-11,13,-1,2,0,0,-1,0,-2,2,-1,-21,-4,-16,-45,41,-48,15,4,12,0,-18,-20,4,10,2,-12,0,-7,7,-31,1,-1,-4,4,0,0,15,8,-1,2,-9,0,2,38,-10,3,3,-1,12,1,-1,-3,-14,-4,-1,8,-3,3,-3,6,-5,8,12,11,-2,-7,-9,1,1,2,-4,-20,-8,-7,0,2,0,6,-1,1,-1,-8,-3,-14,5,-9,3,-3,1,-1,-5,1,-4,1,0,-7,-3,5,0,-4,5,-2,-12],"volumes":[26.82,0.85,1.45,0.4,8.2,95.12,40.74,5.0,93.44,114.28,125.08,80.03,63.98,15.96,13.78,45.62,110.09,98.11,34.09,74.13,54.52,41.68,1.0,2.0,6.57,17.26,9.2,3.75,25.55,20.08,76.31,97.06,60.08,113.79,20.01,49.45,50.89,78.07,55.88,51.54,18.84,51.01,119.15,52.5,23.21,30.95,9.14,2.24,10.6,1.87,14.62,5.61,22.85,8.0,3.0,12.98,28.92,1.07,2.14,130.61,91.3,49.08,20.88,58.18,52.74,34.59,12.29,26.57,34.99,53.89,78.81,41.51,11.24,24.29,32.31,62.45,23.86,35.76,49.73,30.74,15.54,71.45,47.76,38.53,45.6,24.41,22.23,67.07,16.02,38.71,20.06,37.41,83.48,45.79,22.42,10.33,9.22,21.96,8.45,38.28,23.43,13.29,24.24,17.69,11.74,7.37,10.6,17.33,24.9,34.42,4.78,21.96,43.1,5.0,5.1,28.28,6.2,19.3,29.76]}