{"timestamp":1421539200000,"multiplier":1.0E-5,"open":0.86093,"high":0.86094,"low":0.85984,"close":0.86032,"shift":60000,"times":[1320,1,1,1,1,1,1,1,1,1,1,1,1,1,1,1,1,1,1,1,1,1,1,1,1,1,1,1,1,1,1,1,1,1,1,1,1,1,2,1,1,1,1,1,1,1,1,1,1,1,1,1,1,1,1,1,1,1,1,1,1,1,1,1,1,1,1,1,1,1,1,1,1,1,1,1,1,1,1,1,1,1,1,1,1,1,1,1,1,1,1,1,1,1,1,1,1,1,1,1,1,1,1,1,1,1,1,1,1,1,1,1,1,1,1,1,1,1,1],"opens":[0,-61,0,0,0,10,-25,13,6,10,0,16,-1,-14,24,0,2,-27,22,2,13,-11,-8,-14,-2,3,-7,0,7,-11,4,-1,-3,13,12,0,3,1,4,0,-3,-1,-1,0,3,4,-6,11,1,-10,3,-2,0,-1,-4,1,-1,0,-1,-1,-25,-1,-17,0,8,3,0,-6,-10,-3,-3,-5,0,0,-37,-19,-11,-12,-5,54,15,8,36,159,3,27,-5,34,4,-13,-21,0,-2,2,-2,5,0,10,13,-15,-6,-45,29,27,-21,-12,0,1,-9,2,3,-5,-40,3,-27,-71,-227,-36,7],"highs":[0,-52,-5,-5,0,10,-15,23,-14,10,12,6,-3,10,0,3,-1,-3,-1,14,0,0,-19,-14,1,0,-7,7,0,32,-38,-2,17,4,1,0,3,2,3,4,-7,0,-2,3,5,0,4,0,1,-6,8,-10,-1,0,-4,0,-1,1,0,-2,-23,-4,-10,1,3,0,0,-6,-10,1,-7,-5,16,-16,-37,-12,-18,-12,50,13,12,37,170,-5,20,37,13,-14,-3,-7,-19,27,-17,-18,27,4,11,-27,16,-20,-5,-16,26,4,-25,-12,14,-13,-7,5,-2,3,-41,-4,-27,-71,-215,-23,5],"lows":[0,48,0,-25,24,11,-25,13,6,10,0,16,-15,0,23,-24,0,0,22,1,0,-24,6,-3,0,-4,0,0,-4,-4,0,4,-2,15,12,-1,4,1,4,-4,1,-2,-1,1,3,-3,1,7,-4,-1,1,0,0,-4,-1,0,0,0,-1,-33,0,-14,0,-1,11,4,-11,-14,5,-13,6,0,0,-39,-17,-8,-14,-11,5,52,16,9,36,156,-24,37,13,21,6,-31,6,-5,7,0,-1,6,0,10,-6,-4,-43,-12,36,1,-2,0,-9,1,-1,3,-2,-39,-1,-44,-51,-228,-35,-7,0],"closes":[0,10,-10,0,0,10,-15,9,0,10,12,6,-17,23,0,4,-28,24,-1,0,2,-8,-12,-3,3,-7,0,7,-11,-4,4,0,13,11,1,0,3,2,3,-3,0,-2,-1,4,4,-7,12,0,-8,2,6,-7,-1,-4,0,0,-1,0,1,-28,-4,-17,3,7,4,0,-4,-16,1,0,-8,0,3,-40,-19,-8,-14,-6,55,13,9,32,164,-2,26,0,35,3,-13,-21,0,-2,2,-2,13,-8,8,4,-3,-8,-44,29,27,-21,-9,-3,1,-9,2,3,-5,-39,6,-31,-71,-227,-36,7,15],"volumes":[15.95,2.25,5.25,7.08,7.75,2.5,3.01,7.2,2.0,2.0,2.0,2.0,2.0,4.48,1.48,5.98,3.29,9.65,3.0,42.21,33.35,26.13,3.37,5.37,4.49,4.12,4.0,5.74,13.59,67.99,33.49,5.36,14.22,3.0,2.0,5.0,1.0,3.0,2.0,7.07,3.0,6.0,2.0,3.42,7.62,7.0,11.54,8.14,4.07,8.14,8.0,3.0,3.0,6.0,5.0,4.0,4.0,6.0,6.0,65.61,24.43,58.17,41.28,54.03,6.37,4.0,46.3,24.45,6.0,16.9,7.48,4.11,20.48,37.5,57.27,43.36,27.89,17.21,36.17,37.31,32.2,69.02,218.79,65.99,81.02,126.19,67.42,39.67,26.15,63.87,14.05,34.43,16.79,10.17,23.04,27.76,27.07,9.19,30.32,50.87,39.25,39.49,41.62,23.44,13.35,1.01,21.91,22.16,12.68,8.28,3.37,27.74,10.06,45.71,42.16,145.21,68.32,71.26,55.18]}