{"timestamp":1420934400000,"multiplier":0.001,"open":1223.029,"high":1223.949,"low":1223.029,"close":1223.73,"shift":60000,"times":[1380,1,1,1,1,1,1,1,1,1,1,1,1,1,1,1,1,1,1,1,1,1,1,1,1,1,1,1,1,1,1,1,1,1,1,1,1,1,1,1,1,1,1,1,1,1,1,1,1,1,1,1,1,1,1,1,1,1,1,1],"opens":[0,700,0,-550,220,510,-49,169,0,1,99,370,-44,148,-47,48,-174,1407,152,-508,-108,97,-141,-100,-159,106,-410,315,249,716,283,-724,120,57,199,50,-426,-166,-109,426,16,-11,49,178,-458,-201,-39,-28,467,26,-145,-62,55,56,-221,256,-84,49,-70,40],"highs":[0,131,-350,-100,400,-10,110,0,0,100,378,122,-53,-25,-35,-13,1234,392,-241,-450,-51,41,-99,-201,1,5,-154,269,730,250,-1,-529,229,23,6,-8,-320,-290,318,-2,75,-22,191,-12,-353,-282,10,367,100,-50,-135,-58,347,-275,70,-35,-34,98,-148,19],"lows":[0,253,-333,-220,670,241,179,40,-100,170,20,236,166,125,-41,-56,50,1318,-488,90,-130,80,-270,-547,559,-412,2,230,469,699,-447,23,67,110,129,-282,-190,-110,0,427,16,-301,339,-281,-199,-158,63,10,422,-45,-48,-31,-39,-66,-9,130,35,21,-41,-60],"closes":[0,0,-550,220,510,-51,270,-99,-1,101,358,-16,193,-98,49,-187,1409,218,-524,-143,81,-140,-101,-194,135,-363,274,248,717,283,-747,127,80,182,79,-421,-189,-111,429,-2,16,37,191,-471,-199,-18,-53,471,45,-153,-48,12,108,-253,273,-135,81,-45,-5,-96],"volumes":[0.01805,0.02119,0.02295,0.02692,0.02277,0.01418,0.01324,0.01862,0.01397,0.02438,0.02034,0.03021,0.02701,0.0185,0.01672,0.01058,0.03086,0.02633,0.02201,0.01136,0.01556,0.01641,0.01796,0.02308,0.00458,0.01352,0.01308,0.00947,0.02864,0.01702,0.02206,0.0128,0.01497,0.00854,0.00675,0.00808,0.01276,0.01032,0.01195,3.7E-4,0.00222,0.00969,0.00952,0.01115,0.01128,0.01025,0.00629,0.00998,0.01073,0.00333,0.00592,0.00259,0.01139,0.00592,0.00951,0.0057,0.00259,0.00429,0.00185,0.00296]}