{"timestamp":1567900800000,"multiplier":0.001,"open":6643.37,"high":6646.37,"low":6638.37,"close":6641.369,"shift":60000,"times":[1430,1,1,1,1,1,1,1,1,1],"opens":[0,-2001,-5999,1999,-900,1900,-2000,501,-401,-99],"highs":[0,-4000,-5000,2300,-300,299,-2299,-500,1000,-1401],"lows":[0,-4701,-300,2500,600,-1500,200,-700,0,-1300],"closes":[0,-6000,2000,-899,1900,-2900,899,100,-1000,-1800],"volumes":[0.00528,0.00336,0.00258,0.0018,0.00138,0.00186,0.0012,9.6E-4,0.00198,0.00138]}