{"timestamp":1568505600000,"multiplier":0.001,"open":6642.67,"high":6650.569,"low":6642.67,"close":6647.57,"shift":60000,"times":[1430,1,1,1,1,1,1,1,1,1],"opens":[0,4900,-2500,1499,-1000,100,-2100,501,1500,-1],"highs":[0,-999,-900,-2100,1000,-1900,1900,-2000,1000,0],"lows":[0,2899,-1500,300,-299,-1501,500,301,699,0],"closes":[0,-2001,2001,-3000,1099,-2099,1000,0,1000,999],"volumes":[0.00414,0.00246,0.00222,0.0012,0.0018,0.00264,0.00318,0.00168,0.00114,0.0027]}