{"timestamp":1751155200000,"multiplier":1.0E-5,"open":0.65319,"high":0.65344,"low":0.65319,"close":0.65344,"shift":60000,"times":[1260,1,1,1,1,1,1,1,1,1,1,1,1,1,1,1,1,1,1,5,1,1,1,1,1,1,1,1,1,1,1,1,1,2,1,1,2,1,1,1,1,1,1,1,2,1,2,1,1,4,1,1,1,1,1,1,1,1,1,1,1,1,1,1,1,1,1,1,1,1,1,1,1,1,1,1,1,1,1,1,1,1,1,1,1,1,1,1,1,1,1,1,1,1,1,1,1,1,1,1,1,1,1,1,1,1,1,1,1,1,1,1,1,1,1,1,1,1,1,1,1,1,1,1,1,1,1,1,1,1,1,1,1,1,1,1,1,1,1,1,1,1,1,1,1,1,1,1,1,1,1,1,1,1,1,1,1,1,1,1,1,1,1,1,1,1,1,1,1],"opens":[0,26,0,1,-1,0,-5,4,-12,11,0,5,0,-1,1,-3,-2,13,-2,-5,8,-4,-1,4,-1,-5,5,-1,2,0,0,0,0,-1,1,0,3,-3,-1,0,0,1,6,-3,8,0,4,2,-17,-2,-1,-11,3,-6,-3,-1,-6,-7,0,-2,1,7,4,-1,10,4,12,-10,-4,-7,-6,4,-1,-9,2,-8,-2,-3,4,2,11,5,4,7,0,-1,-4,6,8,-4,-4,3,1,1,2,-2,-6,-1,0,9,4,2,0,-15,0,1,-10,12,-7,-1,-10,17,2,-2,0,-3,-1,8,4,3,12,5,-6,-1,-6,-1,11,-8,-3,1,-2,-1,-5,-13,4,3,-11,1,-4,0,5,-9,4,14,-14,1,-6,-7,0,2,6,10,-7,4,4,5,2,-6,0,5,-10,-6,14,-4,5,-1,-9,-16,-11],"highs":[0,1,1,0,0,0,-2,3,-4,0,5,0,0,0,0,-1,-1,10,-2,-1,4,-3,-2,4,-1,0,1,0,0,0,0,0,0,-1,1,0,3,0,-4,2,1,5,-1,-3,8,0,8,8,-27,9,10,-25,4,-14,5,-10,-6,-7,0,-1,5,4,2,18,0,10,-1,-10,-3,-10,5,-4,-2,-9,2,-7,3,-2,-1,10,7,5,3,0,1,-2,2,8,0,-2,-1,0,3,3,-4,-2,-5,-1,8,5,1,5,-5,-13,0,-1,7,-5,-5,2,1,12,-8,-1,4,-7,4,7,1,15,3,-1,-4,-3,2,4,-2,-6,0,-3,-2,-2,-5,-7,6,-3,-9,-1,-5,8,-4,-6,15,0,-13,3,-9,-7,8,2,7,3,-5,0,10,2,-1,-3,2,3,-13,10,-2,5,-4,-1,-6,-18,-4],"lows":[0,26,0,1,-1,-4,-1,3,-11,11,0,5,0,-1,1,-3,-2,13,-2,-5,8,-4,-1,4,-5,-1,3,0,0,1,0,1,-3,0,0,4,-3,3,-2,-1,2,-1,7,-4,10,0,0,-11,0,-13,-1,-4,4,-9,-1,-9,-3,-5,2,0,0,11,-2,5,8,5,4,-3,-6,-14,4,4,-10,-1,-3,-3,-6,1,6,2,11,5,0,6,5,-10,4,5,4,-4,-2,5,3,1,2,-8,-1,-2,1,9,2,5,-10,-5,-1,-13,5,2,1,-15,4,18,0,-5,1,1,-5,11,5,4,12,-3,-1,-4,-2,-1,2,1,-1,-1,0,-8,-11,0,3,-6,-3,1,-4,2,-6,-1,7,1,-2,-5,-7,-3,3,2,7,2,0,3,6,0,0,1,0,-6,-8,2,9,2,1,-7,-16,-9,-1],"closes":[0,1,1,0,0,-5,3,-1,0,0,5,0,0,0,0,-1,-1,10,-2,-1,4,-3,-2,4,-5,3,1,-2,1,0,1,0,0,-1,2,0,3,-1,-4,1,1,7,-2,-4,10,0,7,-18,0,-5,-8,1,-1,-9,1,-7,-1,-8,-1,2,6,4,-1,14,1,10,-5,-4,-6,-12,7,0,-10,0,-5,-3,-6,7,1,10,10,2,6,-2,3,-5,4,9,-2,-6,5,0,0,3,-1,-8,1,-3,10,5,1,0,-10,-4,-1,-11,15,-8,1,-11,15,2,-1,0,-2,-2,7,4,2,15,3,-5,0,-6,-2,11,-10,0,-1,-1,0,-6,-13,5,1,-8,1,-4,-3,6,-11,5,15,-13,-1,-4,-8,0,3,7,6,-6,3,2,10,2,-8,3,1,-9,-7,15,-4,6,-1,-8,-16,-11,6],"volumes":[4.5,1.8,3.6,1.8,2.4,4.8,14.4,6.0,4.8,2.4,3.6,1.2,2.4,2.4,3.6,4.2,4.8,1.2,2.4,16.2,1.2,4.2,1.2,3.6,3.0,7.8,13.2,15.6,7.2,45.6,39.0,7.2,4.8,4.2,9.0,1.2,144.6,22.8,11.7,25.5,10.8,19.2,2.4,4.8,1.2,1.2,9.0,16.5,1.2,102.15,130.05,55.35,29.7,78.0,106.34,39.0,33.15,93.45,23.25,25.5,41.55,10.2,55.2,132.6,138.0,134.7,93.9,43.8,48.6,18.6,91.35,31.2,56.1,36.15,33.6,42.6,58.95,64.05,27.6,18.6,13.2,21.9,25.2,12.0,4.8,23.1,55.5,49.8,27.0,49.2,32.7,18.3,9.15,10.2,1.8,12.0,10.8,18.3,23.7,32.43,40.41,15.3,19.62,11.7,21.0,73.2,41.4,97.8,49.65,125.55,70.5,89.7,21.3,58.8,92.1,15.3,46.35,31.05,12.9,24.0,18.3,24.9,23.1,18.3,45.3,50.4,25.95,22.2,17.04,6.36,8.76,13.5,14.7,20.7,37.95,33.6,19.8,15.0,7.2,16.2,42.3,26.52,22.29,20.22,12.33,35.1,42.0,37.8,13.2,23.7,10.2,13.8,10.8,3.6,13.2,15.6,8.4,12.0,11.49,28.2,21.84,43.24,20.73,33.84,23.73,35.4,58.41,30.3,31.8]}