{"timestamp":1751155200000,"multiplier":1.0E-5,"open":0.89366,"high":0.89402,"low":0.89366,"close":0.89392,"shift":60000,"times":[1260,1,1,1,1,1,1,1,1,1,1,1,1,1,1,1,1,1,1,1,2,1,1,1,1,1,1,1,1,1,1,1,1,1,1,1,1,1,1,1,1,1,1,1,1,1,1,1,1,1,1,1,1,1,1,1,1,1,1,1,1,1,1,1,1,1,1,1,1,1,1,1,1,1,1,1,1,1,1,1,1,1,1,1,1,1,1,1,1,1,1,1,1,1,1,1,1,1,1,1,1,1,1,1,1,1,1,1,1,1,1,1,1,1,1,1,1,1,1,1,1,1,1,1,1,1,1,1,1,1,1,1,1,1,1,1,1,1,1,1,1,1,1,1,1,1,1,1,1,1,1,1,1,1,1,1,1,1,1,1,1,1,1,1,1,1,1,1,1,1,1,1,1,1,1,1,1,1,1],"opens":[0,25,1,5,-51,1,-7,3,0,0,-1,8,31,-1,-2,4,-2,-23,22,1,19,3,4,2,1,-5,9,-1,-1,4,0,-4,1,9,-3,1,-12,2,5,-7,5,12,2,3,-6,1,-4,0,-1,-7,38,4,5,-19,7,-17,0,-2,8,-1,1,-15,8,11,-18,-4,8,-8,-7,15,3,9,-4,-5,6,9,16,-12,-8,-8,-3,8,0,-11,-1,-10,-1,-13,19,3,9,1,-1,12,-8,4,-8,11,11,-4,-9,7,0,2,3,-1,-13,1,-1,14,11,3,-3,-8,-7,0,-10,-24,-3,-8,-12,1,22,-4,-5,8,0,-3,-3,1,11,4,-1,-2,-6,3,11,-6,-14,0,3,-3,-6,-10,-1,4,-5,1,-3,8,-6,-11,1,12,-12,4,-1,-7,-7,8,9,9,-9,0,-2,9,2,-8,2,3,-7,1,10,-2,3,0,-5,-19,-16],"highs":[0,-3,-7,6,-52,1,-7,4,-1,0,7,32,0,-2,-1,3,-1,-5,3,23,2,0,2,3,0,4,1,-2,0,3,0,1,6,-1,8,-10,-12,5,3,-5,10,8,2,-1,-4,-1,-3,-1,-1,40,-1,-2,10,-22,13,-13,-14,-1,9,48,-28,-28,25,-15,-18,4,8,-16,12,4,8,0,-8,11,10,8,-3,-12,-6,-3,7,-8,-1,-9,7,-16,2,0,7,3,5,2,6,0,-2,-2,5,13,-4,-1,-1,-2,4,2,-3,0,-9,-3,11,12,3,5,-8,-8,-4,-3,-8,-16,-8,-8,-4,9,1,-3,2,1,0,1,-4,13,1,0,-2,-1,0,11,-5,-6,-7,-1,-1,-5,-5,-10,8,0,-8,-2,7,4,-11,-11,14,1,-11,7,-8,-6,4,6,7,4,-7,-4,6,4,-2,-2,2,0,-8,17,-6,2,-2,0,-4,-21,-8],"lows":[0,25,0,-6,-39,0,-7,4,-32,32,-2,9,29,1,-2,1,-22,0,22,1,19,-17,-1,18,2,3,9,-1,-1,2,2,-4,-3,8,2,-20,9,-5,1,0,9,-13,24,-1,-7,6,-11,9,-9,2,18,24,-27,4,-3,-7,7,-2,8,-9,-2,-2,8,-11,-10,-2,11,-11,-1,16,5,3,-4,-3,13,8,1,-5,-8,-4,-1,9,-13,-4,-3,-2,-11,-1,19,0,9,0,2,2,3,-5,0,12,5,-5,-2,3,2,4,2,-11,-3,-1,2,13,6,8,-11,-7,-2,-13,-32,7,-6,-16,-8,11,17,-9,8,6,-8,-4,5,5,10,-3,2,-5,1,4,2,-12,-1,2,-1,-8,-10,-3,5,0,-8,4,-6,11,-15,-5,6,1,0,0,-10,0,0,6,8,2,-1,-1,-2,6,0,-2,4,-6,-4,6,7,0,0,-3,-20,-13,1],"closes":[0,7,-8,-6,-39,1,-7,4,-2,1,7,32,-3,1,-2,1,-21,18,3,20,3,2,-5,8,-4,10,1,-2,0,1,2,-1,7,-5,2,-14,3,5,-4,2,10,8,2,-6,-2,-1,0,-2,-9,41,-1,6,-15,-10,0,-6,5,-1,7,1,-11,4,10,-15,-7,8,-9,-8,16,1,15,-8,-4,5,9,11,-6,-8,-6,-5,9,0,-14,0,-9,0,-13,18,2,6,7,-1,10,-7,4,-7,11,10,-3,-5,0,3,-4,6,0,-10,2,-3,11,11,4,0,-11,-6,1,-12,-25,0,-10,-13,-2,22,0,-5,7,1,-2,-5,3,10,3,1,-4,-4,0,15,-9,-14,1,4,-5,-7,-10,2,3,-3,1,-6,7,-1,-16,2,15,-12,2,-5,-2,-8,7,10,8,-8,-1,-2,10,4,-10,3,4,-10,1,16,-4,1,0,-8,-17,-17,8],"volumes":[3.54,1.18,2.7,0.84,2.17,10.85,10.85,4.34,6.21,1.87,8.68,3.37,9.75,1.2,4.95,5.1,16.02,8.66,1.57,5.54,17.59,19.99,16.2,20.45,6.0,3.6,4.8,1.2,3.6,7.2,1.2,3.6,31.8,6.0,18.0,14.91,1.2,12.72,9.97,14.73,4.8,46.2,27.6,8.4,7.8,3.6,9.0,2.4,15.0,48.54,24.14,3.6,21.37,6.0,20.91,37.85,10.02,6.88,9.78,96.3,137.36,20.98,13.34,69.9,205.92,101.22,375.0,59.34,89.87,99.3,65.73,84.17,68.49,157.33,294.06,213.83,107.93,93.88,96.95,91.09,112.1,37.63,56.29,101.08,150.04,74.42,149.38,113.47,67.45,93.52,91.06,86.45,80.59,64.73,39.02,36.24,37.9,30.89,28.41,51.39,34.43,33.11,23.32,22.63,25.95,66.54,44.46,36.59,73.46,37.4,64.12,28.03,29.16,38.33,42.55,89.1,173.04,162.52,141.39,230.17,226.1,196.03,44.17,94.91,83.27,55.37,96.65,81.58,69.86,60.1,53.12,44.97,63.59,71.45,37.18,53.24,29.75,51.2,69.34,44.81,16.97,36.27,53.34,47.32,81.66,37.05,20.29,8.4,13.55,38.75,45.24,30.45,38.21,22.08,38.52,51.98,75.33,45.07,48.79,41.63,20.87,43.18,43.63,48.24,38.65,13.57,16.55,29.29,86.73,37.8,44.17,64.49,19.83,26.62,21.9,11.98,61.73,25.18,12.0]}