{"timestamp":1750550400000,"multiplier":1.0E-5,"open":1.34067,"high":1.34067,"low":1.33964,"close":1.33964,"shift":60000,"times":[1260,1,1,1,1,1,1,1,1,1,1,1,1,1,1,1,1,1,1,1,1,1,1,1,1,1,1,2,1,1,1,2,1,1,1,1,4,1,2,2,1,1,1,1,1,1,1,1,1,1,1,1,1,1,1,1,1,1,1,1,1,1,1,1,1,1,1,1,1,1,1,1,1,1,1,1,1,1,1,1,1,1,1,1,1,1,1,1,1,1,1,1,1,1,1,1,1,1,1,1,1,1,1,1,1,1,1,1,1,1,1,1,1,1,1,1,1,1,1,1,1,1,1,1,1,1,1,1,1,1,1,1,1,1,1,1,1,1,1,1,1,1,1,1,1,1,1,1,1,1,1,1,1,1,1,1,1,1,1,1,1,1,1,1,1,1,1,1,1,1,1,1,1],"opens":[0,-58,1,-3,1,15,2,20,-17,-7,5,6,17,-12,7,-1,51,-41,35,10,-4,1,-3,-35,-13,0,-7,7,-7,19,-12,11,-17,-18,-2,3,-2,2,-17,19,-6,5,0,1,-2,1,2,0,1,-1,-1,0,-2,-16,26,70,-32,85,30,-9,19,-11,14,22,10,-15,11,30,-32,-30,10,38,0,10,-14,8,48,1,-20,-39,8,-3,-3,3,1,10,-3,-3,-6,0,11,3,-22,14,15,5,-1,16,33,-26,-13,12,-13,-2,-5,6,4,-12,2,-13,-8,2,16,14,3,-1,-5,-4,29,-5,-54,8,3,-10,28,17,-9,0,-7,30,8,-2,12,12,-17,-1,3,13,-9,12,4,-5,11,-2,13,-11,54,-10,-8,2,-10,19,5,7,-4,13,-26,-16,-2,4,1,-4,-22,2,6,7,-4,3,9,-23,-4,12,-17],"highs":[0,-58,1,-3,1,16,9,14,-19,0,-1,21,45,-44,-5,50,0,2,2,0,-4,2,-4,-35,-13,0,-7,7,-7,22,0,-4,-16,-19,6,-5,-2,2,2,0,-6,5,0,1,0,1,1,0,0,-1,0,1,0,14,76,-14,66,36,9,-28,17,-1,41,0,-12,-4,38,-8,-30,-24,44,4,3,0,-4,58,3,-15,-13,-34,-1,1,-3,1,17,1,-10,-3,5,1,3,-5,-4,13,5,9,16,18,2,-20,-4,-3,-2,-11,1,10,0,-11,-7,-11,3,4,13,11,5,2,-11,15,5,-8,-36,-3,2,12,14,17,-21,0,17,13,-1,9,25,-12,-9,-1,10,1,7,1,4,1,6,3,-1,41,7,-13,-3,7,-1,10,0,2,10,-1,-28,-5,-5,1,-4,-4,-18,12,5,0,-6,11,-3,-15,7,-3,-7],"lows":[0,45,-7,5,1,15,2,3,-7,0,5,6,17,-62,55,0,8,3,35,7,-1,1,-53,1,0,1,-7,7,-7,6,0,1,-15,-9,-3,4,-2,2,-18,19,-5,5,0,1,-3,2,1,1,-1,0,-2,1,-1,-27,16,12,37,91,13,-17,32,-5,19,27,-26,6,22,-5,-40,6,21,1,30,-5,3,12,41,-12,-51,8,0,-1,3,1,3,7,-8,2,-4,-4,20,-23,0,7,25,5,-1,13,11,-15,2,-7,5,-6,-2,7,-4,-9,-10,-12,6,6,8,9,13,-3,0,-12,32,-51,-7,10,-12,7,25,4,-1,-1,1,26,1,8,12,-7,1,1,4,13,-16,17,1,-9,17,0,-1,4,27,-1,9,-7,-3,14,13,-1,2,-11,-19,-1,2,4,-9,-26,-12,14,13,5,-3,7,-13,-16,8,-3,-8],"closes":[0,45,-7,5,1,15,10,-5,-6,6,-2,22,17,-23,1,31,-17,38,3,-3,-1,2,-54,1,0,1,-7,7,-7,7,0,0,-15,-9,6,-5,-2,2,1,1,-6,5,0,1,0,0,2,0,-1,-1,-2,1,3,8,59,-27,90,28,-11,11,-1,14,19,17,-18,11,32,-33,-29,1,44,1,11,-14,5,51,-1,-20,-37,3,-1,1,1,2,10,-6,-1,-1,-4,8,6,-23,13,15,7,-1,16,28,-22,-11,13,-21,4,-5,3,13,-16,-1,-15,-6,7,10,9,6,4,-7,1,22,-1,-53,5,5,-11,26,14,-3,0,-11,25,15,-4,10,16,-12,-4,3,9,2,8,-2,2,5,-1,11,-11,53,-9,-4,0,-10,19,6,3,-6,20,-28,-17,-1,3,3,-4,-26,6,6,6,-4,2,11,-24,-5,12,-16,12],"volumes":[3.14,0.45,2.69,1.12,1.12,8.08,15.69,43.97,24.88,22.23,7.18,7.4,25.54,40.36,13.68,28.7,8.26,11.67,12.56,6.96,2.92,3.14,10.76,4.04,14.6,2.92,0.9,2.92,0.9,25.82,34.36,4.04,9.8,1.57,4.71,1.35,5.84,2.92,9.43,13.92,0.9,2.92,5.62,1.57,14.82,3.64,5.93,3.14,9.29,1.44,9.48,16.39,6.28,186.27,153.19,71.86,72.67,59.4,54.0,112.95,47.25,60.75,81.45,22.95,70.41,89.1,47.7,50.4,106.41,74.7,57.6,75.15,69.52,54.22,71.1,134.55,107.1,94.04,81.88,64.35,43.65,64.09,65.69,94.32,94.95,93.6,90.45,83.7,95.4,72.17,76.05,80.55,88.42,66.6,53.1,45.9,72.9,78.07,56.25,61.19,39.6,44.55,44.77,38.25,39.6,23.85,38.69,44.99,33.97,39.6,28.8,26.55,49.5,93.34,54.37,56.18,11.92,38.01,18.45,53.97,58.81,147.81,54.8,33.3,27.45,46.8,21.6,18.45,27.9,38.7,22.05,30.15,52.58,26.1,27.22,15.3,18.0,9.9,24.75,18.0,27.0,38.87,22.95,25.2,22.5,47.37,83.21,37.53,17.1,33.3,28.12,40.5,17.1,15.3,40.5,46.12,35.1,35.1,37.8,26.1,16.2,36.34,74.44,41.07,25.74,19.8,19.12,42.3,40.95,67.43,57.78,51.16,44.64]}