{"timestamp":1751155200000,"multiplier":1.0E-5,"open":1.36852,"high":1.36852,"low":1.3685,"close":1.3685,"shift":60000,"times":[1260,1,1,1,1,1,1,1,1,1,1,1,1,2,1,1,1,1,1,1,1,1,1,1,1,1,1,1,2,1,1,1,1,1,1,1,1,1,1,1,1,1,1,1,1,1,1,1,1,1,1,1,1,1,1,1,1,1,1,1,1,1,1,1,1,1,1,1,1,1,1,1,1,1,1,1,1,1,1,1,1,1,1,1,1,1,1,1,1,1,1,1,1,1,1,1,1,1,1,1,1,1,1,1,1,1,1,1,1,1,1,1,1,1,1,1,1,1,1,1,1,1,1,1,1,1,1,1,1,1,1,1,1,1,1,1,1,1,1,1,1,1,1,1,1,1,1,1,1,1,1,1,1,1,1,1,1,1,1,1,1,1,1,1,1,1,1,1,1,1,1,1,1,1,1,1,1,1],"opens":[0,-8,0,-1,-17,-41,39,-36,-9,-1,3,3,-56,54,3,3,-15,8,0,10,1,26,-19,9,1,-9,17,-5,1,8,0,-1,-2,-9,2,-18,15,2,4,-10,14,0,3,0,-1,-6,-10,-8,5,59,-4,17,-26,3,13,-1,-1,1,1,-7,0,3,7,-3,0,31,-24,3,29,6,2,-18,0,-8,-5,-5,2,-1,0,17,-1,9,-8,4,-2,1,-8,17,0,-15,-13,-1,-1,-3,0,-2,0,5,1,-1,-3,0,0,1,0,-1,1,2,-3,7,0,0,8,2,-2,8,-68,12,-10,5,-39,27,6,-15,22,4,-20,-13,-3,-14,1,5,0,3,9,-5,8,-21,9,2,-6,1,10,-5,4,5,0,2,19,-14,-2,-4,-12,7,6,8,7,-6,4,-2,-3,0,-6,-9,-5,2,2,0,-1,9,15,-17,5,-10,3,8,5,-1],"highs":[0,-8,0,-1,-17,-4,3,-37,-9,0,2,3,13,-15,5,3,-5,-1,14,-7,30,-1,-18,29,-22,6,2,-4,6,2,0,0,-3,10,-14,-19,13,4,5,-1,2,2,8,-7,-1,-6,-9,0,66,-2,-13,25,-34,15,1,0,-2,2,38,-45,4,11,1,1,22,5,-12,18,5,2,-1,-18,-1,14,-24,-5,0,2,27,-13,-2,8,-2,13,-14,1,6,0,0,-14,-14,2,-4,-3,4,5,-4,-1,8,-2,-9,0,1,-1,1,0,0,1,7,0,-1,6,3,-1,8,-2,-33,-16,5,-3,-22,0,2,8,-1,8,-22,-15,2,-19,8,0,10,-7,17,-5,-2,-12,5,-3,4,7,-5,-1,4,3,-2,19,6,-13,-6,-6,-4,5,9,7,5,-7,0,-1,-3,-1,-7,-9,-4,5,-2,2,6,17,-2,-11,-1,-6,7,8,-1,-3],"lows":[0,-6,-2,-15,-1,-44,41,-36,-8,-52,52,5,-56,54,3,-12,0,7,1,10,1,4,3,-5,3,3,17,-5,1,8,-2,-2,-10,2,2,-18,14,-9,3,3,12,1,4,0,-7,-11,1,-9,6,31,24,-27,14,2,-11,28,-1,1,-24,0,3,13,9,-11,7,7,-1,1,31,8,-27,9,-19,11,-8,-2,5,-3,4,14,2,-4,5,1,-3,-7,1,18,-12,-12,-12,4,-5,3,2,-1,0,4,1,-4,0,-1,1,0,1,0,0,-1,1,1,4,2,8,0,0,-88,23,0,-10,-18,-12,34,-3,-1,20,-15,-11,-4,-13,-2,1,6,1,-4,10,1,-16,3,9,-6,2,1,4,-1,4,6,1,2,0,2,-5,-14,4,7,4,10,1,0,2,-3,0,-7,-7,-15,9,2,-2,4,-5,13,-2,0,-10,5,3,5,5,-1],"closes":[0,-6,-2,-15,-1,-4,2,-37,-8,0,0,5,7,-9,4,-12,6,0,11,0,7,1,2,5,-7,16,2,-4,6,2,-2,-1,-10,3,3,-19,13,-10,3,15,1,3,8,-7,-7,-11,2,-10,65,-2,-2,-12,-1,19,-7,8,-2,2,-18,-7,17,13,-5,0,30,-23,4,27,9,1,-20,0,-16,5,-5,1,-1,1,15,0,0,1,3,0,2,-11,17,1,-12,-14,-6,3,-4,-1,0,1,3,0,1,-5,1,-1,0,1,2,-2,1,1,6,-1,2,6,2,-2,9,-70,16,-13,-3,-31,30,1,-13,23,-1,-15,-14,-2,-13,-4,10,-2,4,1,1,10,-24,10,2,-5,1,9,-3,2,5,0,2,19,-16,0,-5,-9,5,6,9,8,-7,3,0,-2,-2,-7,-7,-7,2,2,0,1,7,14,-12,2,-9,2,7,6,0,-4],"volumes":[1.8,0.45,0.9,1.26,0.45,5.25,2.25,2.7,1.35,2.4,1.95,0.9,10.95,0.9,5.4,23.4,14.4,6.0,9.6,0.9,15.75,17.58,3.6,22.29,3.84,5.25,1.35,1.8,3.45,1.35,2.7,15.6,6.0,22.2,2.4,3.3,4.68,6.69,7.44,4.2,9.0,13.8,7.2,1.8,3.6,9.0,6.0,9.0,62.1,13.2,1.8,27.57,4.68,9.72,22.86,0.96,0.45,2.07,83.79,81.0,46.35,32.85,23.1,393.15,230.55,540.15,64.05,131.4,109.2,164.4,156.9,55.8,177.9,296.25,189.75,63.15,65.4,62.55,94.8,27.15,3.6,79.95,47.55,76.2,30.0,106.8,96.45,48.15,104.4,48.6,33.0,44.4,60.0,26.4,36.0,32.4,10.2,6.0,27.6,32.4,8.4,7.2,16.5,10.8,21.3,17.85,24.0,16.35,12.6,96.6,37.5,23.1,9.6,12.6,25.95,216.75,184.68,142.56,169.23,200.04,146.52,65.04,62.46,46.56,38.85,138.69,54.54,30.15,36.3,16.8,33.6,22.8,18.0,30.0,30.0,18.12,30.9,18.45,18.84,26.34,30.03,66.0,28.65,36.6,25.2,16.8,3.6,24.24,47.58,42.24,35.4,21.15,17.76,34.2,52.8,48.84,23.52,17.04,16.92,21.72,18.0,19.32,14.4,45.75,3.6,5.4,19.8,16.95,38.4,15.75,36.0,14.4,29.25,27.75,44.85,61.35,24.0,12.0]}