{"timestamp":1397347200000,"multiplier":1.0E-5,"open":0.93871,"high":0.93883,"low":0.93861,"close":0.93883,"shift":60000,"times":[1260,1,1,1,1,1,1,1,1,1,1,1,1,1,1,1,1,1,1,1,1,1,1,1,1,1,1,1,1,1,1,1,1,1,1,1,1,1,1,1,1,1,1,1,1,1,1,2,1,1,1,1,1,1,1,1,1,1,1,1,1,1,1,1,1,1,1,1,1,1,1,1,1,1,1,1,1,1,1,1,1,1,1,1,1,1,1,1,1,1,1,1,1,1,1,1,1,1,1,1,1,1,1,1,1,1,1,1,1,1,1,1,1,1,1,1,1,1,1,1,1,1,1,1,1,1,1,1,1,1,1,1,1,1,1,1,1,1,1,1,1,1,1,1,1,1,1,1,1,1,1,1,1,1,1,1,1,1,1,1,1,1,1,1,1,1,1,1,1,1,1,1,1,1,1,1,1,1,1],"opens":[0,20,-24,30,-16,12,-43,11,49,0,-9,1,16,0,0,0,-40,9,-34,-5,9,35,10,-16,1,-4,2,0,0,9,3,-1,11,1,2,-10,16,15,7,10,-4,-2,-6,0,-14,2,6,1,-1,0,3,1,5,0,-17,1,-5,5,0,-3,6,23,-35,0,5,-33,-1,-15,67,18,0,-22,1,-17,9,-2,5,0,-3,0,-5,-4,-6,0,4,-9,-2,-1,8,-8,-12,-15,-2,-41,-13,-9,6,-9,-13,7,5,1,-1,-11,-17,3,-1,4,3,-4,-11,-4,-2,-1,24,11,20,3,7,-5,1,0,-2,11,-8,0,0,-2,0,-3,-8,8,31,-7,9,-7,-3,2,-2,1,8,0,-2,-20,-8,-1,-6,-1,6,1,-1,-16,1,-2,-4,1,0,-1,1,11,-5,-8,-1,-6,4,9,0,7,-20,3,10,27,2,48,-9,-1,-9,-3,0],"highs":[0,8,1,65,-62,-1,-21,40,1,3,-15,0,29,-13,0,14,-27,-18,-34,4,40,6,7,-23,1,-1,10,-11,7,5,-1,9,1,3,0,6,22,-1,12,-1,-4,-2,-6,1,-14,7,0,1,-1,3,1,5,0,0,-15,0,-6,5,0,6,32,-5,-38,0,3,-24,-11,50,23,-3,-1,-19,-2,-5,-1,-1,7,-5,-2,-1,-5,-4,-6,0,4,-7,-3,7,-1,-8,-12,-13,-4,-34,-17,-5,-1,-8,-6,3,3,-1,4,-16,-13,4,-2,3,0,7,-21,3,-2,16,13,19,15,-1,-6,-4,0,0,9,3,-8,1,-4,-2,15,-18,3,26,2,2,0,-7,-1,2,-4,19,-9,-1,-2,-20,-8,-1,-1,1,0,0,6,-21,8,-11,-3,0,0,-1,14,2,-9,-8,-1,-3,11,1,3,2,-17,11,26,2,50,0,-11,-1,0,-6,-4],"lows":[0,22,-16,10,-1,-25,-1,11,26,14,0,-1,18,0,0,-45,-12,-13,-5,-6,20,30,0,-2,-4,-5,0,9,0,9,2,0,11,1,-18,10,8,23,6,7,-2,-7,1,-14,0,2,0,6,0,0,3,1,5,-16,-4,0,-1,5,-1,-6,10,-24,11,0,-25,-9,-12,-1,71,18,-33,6,-16,3,9,0,5,-4,0,-4,0,-10,0,0,-6,-2,1,-7,7,-13,-19,4,-48,-8,-10,1,-9,-25,18,7,4,-2,-10,-15,-5,6,1,4,-2,-9,-14,7,-3,0,23,12,22,3,-1,3,0,-3,2,3,-3,2,-2,0,-2,-27,19,8,24,0,0,-1,-3,2,-1,3,6,-8,-19,-6,-3,1,-1,0,6,0,-20,3,-3,-6,5,0,0,-1,2,7,-10,0,-6,0,4,9,0,-13,0,2,11,27,2,36,-4,-4,-2,0,-28],"closes":[0,0,9,21,-19,-43,22,37,0,-9,1,-2,18,0,0,-40,2,-28,-5,10,35,11,-16,-1,-5,4,1,0,7,5,-2,10,1,3,-10,16,16,5,12,-5,-1,-7,0,-7,-6,7,-6,6,0,3,1,5,0,-16,0,-4,-1,5,-1,7,22,-34,1,0,-30,-5,-13,66,22,-2,-23,1,-17,9,-2,3,2,-4,0,-4,0,-10,0,0,-4,-3,1,7,-8,-13,-15,1,-46,-11,-10,7,-9,-13,8,3,2,-2,-11,-15,2,-2,3,5,-4,-9,-5,-3,8,14,15,15,5,8,-6,1,0,-3,12,-8,0,0,-3,0,-2,-10,10,29,-5,9,-7,-3,2,-3,-1,11,1,-4,-24,-3,-1,-6,-1,7,0,-1,-17,3,-3,-4,1,0,-1,-1,15,-6,-10,0,-6,3,10,2,2,-17,3,10,23,6,47,-8,-3,-8,-2,0,-24],"volumes":[2.3,1.5,5.25,9.0,13.9,34.78,7.33,20.2,23.5,19.25,4.0,12.0,9.0,2.0,2.0,28.26,26.0,33.0,10.5,5.75,21.7,11.88,24.08,4.5,5.25,20.0,15.18,2.5,7.5,4.0,2.5,4.5,2.0,7.0,9.5,7.0,34.26,4.5,9.0,5.5,4.0,13.5,1.0,6.5,2.0,4.0,3.0,3.5,3.0,4.0,2.0,6.0,1.0,14.0,7.0,10.0,2.0,2.0,3.0,29.72,12.78,41.64,12.16,11.79,35.76,45.89,55.2,106.51,13.0,2.0,62.25,17.95,46.0,32.63,8.7,4.62,25.36,9.0,12.5,9.5,2.0,7.8,1.0,1.08,13.25,13.21,7.97,30.44,7.08,39.41,80.52,10.26,104.78,68.88,43.38,42.77,70.89,111.58,55.09,78.37,24.61,27.59,36.9,45.36,90.75,30.12,28.75,8.33,64.05,90.86,71.45,33.68,39.16,28.75,47.79,81.35,57.66,34.0,6.0,7.0,3.5,8.0,13.0,12.5,18.0,11.0,4.0,3.5,50.63,30.76,55.25,65.12,25.73,19.41,19.14,13.93,23.06,15.68,9.78,27.62,5.75,24.92,32.22,32.49,39.4,21.53,36.51,20.62,22.36,11.78,110.6,9.44,65.32,49.23,4.65,12.62,38.55,57.86,34.22,43.36,37.15,37.96,44.2,78.01,28.54,49.55,19.79,32.84,61.92,58.41,100.96,46.91,110.71,60.46,30.75,21.22,35.48,16.84,115.21]}