{"timestamp":1397347200000,"multiplier":1.0E-5,"open":1.03046,"high":1.03046,"low":1.03046,"close":1.03046,"shift":60000,"times":[1260,1,1,1,1,1,1,1,1,1,1,1,1,1,2,1,1,1,1,1,1,1,1,1,1,1,1,1,1,1,1,1,1,1,1,1,1,1,1,1,1,1,1,1,4,2,2,1,1,1,1,1,3,1,1,1,1,1,1,1,1,1,1,1,1,1,1,1,1,1,1,1,1,1,1,1,1,1,1,1,1,1,1,1,1,1,1,1,1,1,1,1,1,1,1,1,1,1,1,1,1,1,1,1,1,1,1,1,1,1,1,1,1,1,1,1,1,1,1,1,1,1,1,1,1,1,1,1,1,1,1,1,1,1,1,1,1,1,1,1,1,1,1,1,1,1,1,1,1,1,1,1,1,1,1,1,1,1,1,1,1,1,1,1,1,1,1,1,1,1,1,1],"opens":[0,5,0,10,8,0,-18,-18,54,-13,0,0,-26,5,5,-21,-6,-30,-23,-7,37,9,-16,-9,14,-15,-11,11,4,1,20,11,30,-13,-2,10,6,-11,30,-11,1,-10,-1,6,-11,-4,20,-19,0,8,-9,-10,15,26,-5,-23,3,0,-16,-12,-11,79,20,3,-15,-9,-10,4,2,16,1,-6,-4,-3,-1,-23,12,2,-17,-8,-6,8,-1,-6,-13,-4,-29,-10,-13,7,-29,-25,7,-2,-1,-9,-27,-14,1,-6,8,2,-3,-10,2,-10,4,24,6,22,-9,14,1,5,-15,10,1,-1,11,0,-18,0,7,-5,11,24,0,11,-11,-5,1,-1,1,10,-11,10,-35,-10,1,3,2,9,1,20,-16,0,-8,-2,6,-5,0,5,5,-2,-3,-7,-4,6,11,0,6,-27,5,24,22,10,47,-4,0,-5,6,-5],"highs":[0,6,5,90,-78,0,-18,40,-4,-13,0,0,8,-29,33,-49,-6,-30,-23,30,9,0,-16,5,0,-14,-6,5,11,18,1,36,0,-10,5,23,-17,19,0,-1,-9,-10,5,0,-9,-6,20,-19,0,13,-14,1,37,1,0,-32,0,23,-35,-8,56,24,0,2,-15,-7,0,-7,14,13,-9,-6,-1,-6,-1,-7,-2,0,-15,-2,-6,5,-3,-9,-13,-4,-20,-19,-5,-1,-29,-20,3,-3,-1,-7,-29,-14,5,-1,0,1,11,-24,3,-6,21,6,21,17,-8,-1,6,0,-5,6,0,5,0,0,-17,22,-12,4,17,6,10,4,-14,-5,15,-15,19,-9,-5,10,-40,-10,0,4,15,-4,20,5,-20,10,-15,0,0,-5,0,10,10,-11,-4,4,-9,11,3,7,-4,-23,20,31,13,45,-4,1,0,5,-6,-9],"lows":[0,5,0,0,18,-36,18,-18,19,22,0,0,-26,5,-52,-12,8,-19,-24,14,40,-12,-14,8,0,-3,-7,11,4,1,20,11,17,-1,-9,18,-4,-1,30,-11,1,-10,-15,-1,6,0,14,-13,-1,9,-9,-10,-11,12,-5,12,8,-25,-6,-9,0,75,25,-28,2,-16,11,3,-7,24,-2,-1,-7,-1,-10,-13,12,-20,-8,2,-7,9,-8,-15,2,-39,-5,-11,2,-29,-45,24,4,4,-10,-26,-14,-10,2,3,8,-2,-9,-14,6,-5,3,16,19,18,-5,3,13,5,-15,10,-4,4,5,-5,-10,3,-18,20,11,14,10,0,-5,-4,-6,10,-4,5,-5,-28,-7,-1,-4,4,6,14,0,-4,-1,1,-5,4,0,1,-5,10,5,-5,-7,0,-4,6,11,0,-27,6,5,24,22,10,39,0,-6,5,4,-44],"closes":[0,5,6,35,-23,-36,18,36,-13,0,0,0,-12,-9,-37,15,-30,-23,-7,37,9,-21,-5,11,-11,-4,-1,5,11,16,3,36,-13,-1,9,23,-27,29,0,-1,-9,-10,5,-9,0,-6,14,-13,-1,14,-14,1,29,-3,-25,5,0,-17,-11,-13,77,24,-1,-15,-2,-14,4,1,14,1,-2,-1,-7,-1,-10,1,0,-22,-5,1,3,5,-12,-16,-1,-32,-6,-16,9,-29,-27,4,6,-4,-10,-26,-14,0,-6,9,1,-2,-10,-5,-3,4,20,8,20,-1,10,-11,17,0,-9,6,-2,11,-6,-5,-10,10,-5,7,23,5,6,-6,-5,1,-6,6,10,-10,5,-35,-1,-4,-5,0,24,-4,14,-9,-11,2,-2,6,0,-5,-5,15,0,-5,-7,1,1,11,2,8,-37,10,20,27,14,48,-9,6,-16,11,-2,-43],"volumes":[0.75,1.65,1.2,8.18,3.66,15.88,6.0,23.25,17.88,1.0,5.0,1.0,4.88,1.52,25.6,38.42,24.0,13.0,43.31,48.59,11.73,20.41,12.65,30.45,18.25,7.94,4.29,1.0,4.85,23.37,9.52,21.21,8.82,10.35,4.42,14.57,2.24,4.38,2.15,3.18,3.06,1.08,5.25,4.81,4.28,3.11,3.38,1.44,7.98,3.0,2.25,2.65,52.14,54.93,68.73,20.26,28.5,55.51,47.94,50.4,64.39,54.34,13.89,50.35,22.71,62.4,24.65,23.55,51.39,33.72,16.31,2.33,22.24,9.16,25.46,43.96,9.16,35.73,36.96,32.38,60.9,18.32,24.05,55.86,9.32,125.5,71.62,48.41,27.86,119.37,138.8,25.47,20.81,6.83,20.81,56.69,22.62,61.59,38.88,24.62,5.03,9.69,73.92,69.86,20.65,25.84,40.33,88.5,63.29,50.36,32.72,20.94,22.0,19.0,59.02,46.88,37.04,38.63,37.4,34.52,22.66,55.66,61.72,33.97,48.88,27.04,12.5,17.36,9.91,8.0,31.43,6.0,16.53,3.78,18.17,42.94,14.56,10.57,7.43,12.26,19.26,4.46,23.33,65.66,7.81,20.76,18.39,5.43,8.23,6.81,9.54,20.77,22.35,11.48,14.59,13.29,8.66,10.75,15.16,9.0,29.11,22.74,46.46,95.35,31.37,86.35,59.32,24.24,18.47,27.47,10.57,77.66]}