{"timestamp":1396742400000,"multiplier":1.0E-5,"open":1.36964,"high":1.36981,"low":1.36943,"close":1.36968,"shift":60000,"times":[1260,1,1,1,1,1,1,1,1,1,1,1,1,1,1,1,1,1,1,1,1,1,1,1,1,1,1,1,1,1,1,1,1,1,1,1,1,1,1,1,1,1,1,1,1,1,1,1,1,1,1,1,1,1,1,1,1,1,1,1,1,1,1,1,1,1,1,1,1,1,1,1,1,1,1,1,1,1,1,1,1,1,1,1,1,1,1,1,1,1,1,1,1,1,1,1,1,1,1,1,1,1,1,1,1,1,1,1,1,1,1,1,1,1,1,1,1,1,1,1,1,1,1,2,1,1,1,1,2,1,1,1,1,1,1,1,1,2,1,1,1,1,1,1,1,1,1,1,2,1,1,1,1,1,1,1,1,1,1,1,1,1,1,1,1,1,1,1,1,1,1,1,1,1,1,1],"opens":[0,20,0,2,1,2,0,-2,-4,19,-17,29,11,-54,9,3,-3,0,10,0,0,20,6,-21,-4,19,11,-25,2,-14,7,0,2,-3,19,-20,-1,-8,11,1,3,0,0,-10,10,2,13,17,-6,-5,-14,-2,17,-47,1,2,25,-1,1,2,9,-14,-7,1,-1,0,1,2,4,1,1,-1,0,-1,1,3,0,-2,-11,11,2,-10,-2,0,-1,-1,1,0,-3,0,0,4,4,-8,5,-2,-6,3,4,1,0,-2,1,-4,4,5,-4,3,-5,-9,-13,8,2,-2,-1,5,4,-2,-3,0,15,1,1,2,-1,1,7,2,0,-1,0,0,0,0,1,8,1,0,-1,-1,1,-4,-5,0,-1,1,-3,3,0,0,1,8,0,-3,5,-1,5,-4,-2,6,4,3,-1,3,5,2,0,0,-11,-5,-4,3,6,3,0,0],"highs":[0,3,0,8,-5,7,-4,-3,12,3,15,-3,17,-50,2,2,-5,15,-2,-3,25,3,-2,-21,15,11,0,-19,-4,-5,-2,1,1,17,-1,-4,-17,3,1,3,0,0,0,3,-2,13,22,-4,-6,-3,-16,28,-10,-49,1,32,-6,0,4,4,6,-17,-5,0,-2,3,-2,8,-1,0,2,-2,2,-1,3,-1,0,-1,-2,2,1,-10,8,-10,1,2,-2,0,-5,0,3,8,-2,-6,2,-2,-6,8,2,0,-2,-1,0,3,1,1,1,0,-7,-9,-4,1,0,-2,3,6,2,-5,-3,18,0,0,0,3,-3,8,3,-1,0,-1,0,0,0,0,9,2,-1,0,-1,0,0,-4,-3,-2,0,0,-1,1,0,0,10,0,-1,2,0,8,-4,-4,4,3,3,1,0,8,0,2,-1,1,-12,-5,0,5,4,0,2,13],"lows":[0,40,0,3,1,-19,11,8,-4,-19,21,28,-42,-1,10,0,0,0,10,0,-5,25,-15,-4,0,4,-2,3,-8,-5,7,-5,7,-2,-3,0,-7,-2,12,0,5,0,-10,0,2,10,13,-14,23,-15,-4,-8,-22,0,1,2,24,0,0,2,-4,-7,0,-4,4,-2,3,2,4,0,2,-1,0,-1,1,0,-1,-10,-1,12,-10,1,-1,1,-1,-1,1,-3,-2,0,1,5,-8,2,5,-8,2,3,3,0,1,-2,-3,1,4,-1,2,0,-11,-14,1,8,0,-1,0,5,-4,-2,3,2,13,3,0,3,-2,1,8,1,0,0,0,0,0,0,1,8,0,-1,0,0,-3,-5,0,-2,1,0,-2,3,0,0,1,8,-3,0,4,0,-1,2,-2,6,4,1,-1,5,5,1,0,-8,-8,-6,1,4,7,0,3,0],"closes":[0,16,0,4,-1,-3,1,2,9,-4,22,-1,-42,9,2,-2,0,15,-5,0,20,8,-23,-4,19,11,-23,3,-11,1,0,1,0,18,-21,1,-10,11,1,3,0,0,-10,13,-2,13,20,-9,-1,-15,-4,18,-48,1,1,27,-2,1,4,4,-11,-7,0,-2,2,1,0,7,0,0,2,-2,0,1,2,0,-2,-12,11,2,-9,-2,-1,1,-1,2,0,-5,0,0,3,6,-11,5,0,-6,0,8,0,0,-1,0,-5,7,2,-2,4,-5,-9,-13,5,3,-2,0,3,4,-3,-2,0,19,-1,-1,2,1,-1,8,1,1,-1,0,0,0,0,0,8,3,-2,-1,0,1,-4,-4,0,-2,1,-1,0,1,0,0,10,-1,-3,5,-1,5,-5,1,4,3,3,0,1,8,0,1,-1,-8,-7,-3,2,6,4,-1,0,11],"volumes":[37.0,3.75,4.5,29.25,3.0,58.63,49.25,1.0,32.68,56.03,30.76,9.5,29.02,16.14,5.5,17.0,1.0,12.75,9.0,4.25,24.5,11.63,10.51,4.0,7.75,26.75,23.0,13.0,15.25,17.0,8.5,6.0,2.5,16.5,48.71,23.75,13.0,23.75,9.5,7.5,3.0,3.0,11.75,24.0,15.25,13.5,22.5,42.0,4.0,12.5,7.5,44.25,24.0,8.0,5.25,27.01,7.5,7.0,11.88,10.5,33.38,10.71,11.64,22.52,5.88,43.55,8.64,11.13,2.5,6.38,4.0,1.5,26.0,14.63,8.0,34.06,48.58,16.65,40.72,5.0,20.64,9.77,36.09,1.0,3.0,17.15,7.38,14.75,3.5,5.75,25.0,19.14,66.64,20.0,9.75,21.13,1.5,8.25,19.0,15.01,6.0,12.75,9.75,14.76,22.77,22.25,17.5,34.5,27.63,33.77,13.26,8.0,6.57,13.47,9.33,13.0,38.97,26.02,8.88,26.6,16.26,6.5,6.76,5.75,4.25,15.76,14.02,4.25,3.0,1.0,6.75,3.0,3.0,1.5,22.76,9.0,4.0,2.5,2.5,3.0,9.01,15.01,5.5,11.51,5.0,2.88,9.26,7.89,7.13,3.0,5.38,20.5,33.5,14.38,5.5,52.05,20.96,2.13,14.27,48.06,30.25,10.13,20.41,33.4,9.51,38.75,7.0,22.73,20.07,34.77,37.3,10.75,9.25,85.64,52.76,61.59]}