{"timestamp":1398556800000,"multiplier":1.0E-5,"open":0.88024,"high":0.88055,"low":0.88024,"close":0.88054,"shift":60000,"times":[1260,1,1,1,1,1,1,1,1,1,1,2,1,1,1,1,1,1,1,1,1,1,1,1,2,1,1,2,1,1,1,1,2,1,1,1,2,1,1,1,1,1,1,1,1,1,1,1,1,1,1,1,1,1,1,1,1,1,1,1,1,1,1,1,1,1,1,1,1,1,1,1,1,1,1,1,1,1,1,1,1,1,1,1,1,1,1,1,1,1,1,1,1,1,1,1,1,1,1,1,1,1,1,1,1,1,2,1,1,1,1,1,1,1,1,1,1,1,1,1,1,1,1,1,1,1,1,1,1,1,1,1,1,1,1,1,1,1,1,1,1,1,1,1,1,1,1,1,2,1,1,1,1,1,1,1,1,1,1,1,1,1,1,1,1,1,1,1,1,1,1,1,1],"opens":[0,31,-10,-3,8,8,2,0,0,-4,11,-11,13,-13,14,0,20,-2,-8,0,0,-9,4,-3,1,-3,0,3,-1,-7,4,4,5,2,0,-13,0,10,-15,3,7,-7,0,0,1,10,0,-11,0,0,16,-16,16,-11,-5,3,12,6,5,-1,-1,-5,-3,-1,4,0,7,4,2,0,2,0,2,-1,0,1,0,0,-10,-12,0,-1,-1,-6,1,-3,2,1,0,0,0,0,15,1,-3,4,-1,0,4,1,0,0,0,0,4,7,-8,0,0,3,0,0,0,-4,4,-4,0,12,-15,0,-1,3,-1,6,-7,-1,-4,14,-7,0,-2,3,0,6,-5,3,-5,4,1,0,0,4,-2,0,0,-2,-2,0,0,7,-3,1,-3,4,3,0,5,-5,0,-1,3,-2,5,-7,-3,-7,-2,4,3,0,2,-8,-11],"highs":[0,0,12,-12,3,2,2,-2,9,-13,11,2,0,0,3,18,7,-7,-10,0,0,-5,0,-2,0,0,0,0,-1,-2,3,3,5,0,-1,-13,7,3,-15,10,0,-7,0,1,0,24,-14,-11,0,0,20,-20,19,-14,0,18,-1,5,-1,-1,-1,-5,-3,3,0,2,8,2,1,1,1,2,0,-1,0,1,5,-5,-10,-12,0,1,-3,0,-5,0,0,0,0,0,0,16,-1,1,-3,4,-1,4,0,1,0,0,1,7,3,0,-8,0,3,0,0,0,0,0,0,-4,4,8,-15,4,3,-5,5,0,-7,-1,10,0,-7,0,-2,3,0,6,-5,3,-1,0,1,0,4,0,-2,0,3,-5,-1,2,4,0,-3,1,2,2,4,1,0,-5,0,5,-3,3,0,-7,-3,-7,2,5,3,-3,0,-4,-12],"lows":[0,15,-13,16,8,8,2,0,0,-4,11,-11,11,-11,12,2,20,-10,0,0,-9,0,-9,10,0,-2,0,0,-5,-6,10,3,6,2,-13,-5,5,-5,-5,7,-1,2,0,0,0,11,-11,0,0,0,16,-16,5,-5,0,-3,16,8,4,-3,-4,-1,-2,0,2,2,7,4,2,0,2,0,2,-1,0,1,-1,-9,-12,0,-16,9,5,-9,2,-1,2,1,0,-1,0,1,14,2,-3,4,-1,0,4,1,0,0,0,0,4,-1,0,-1,0,3,1,-3,-1,0,0,0,0,4,-7,0,-1,3,-1,6,-8,0,-4,7,0,-2,0,3,-1,7,-5,3,-5,4,1,0,0,2,0,0,-2,-2,0,0,0,4,0,-4,2,4,3,0,0,0,0,-3,1,2,-2,-5,-4,-3,0,2,5,0,-6,-11,0],"closes":[0,-15,11,5,0,5,2,-2,9,-13,11,2,-2,2,-1,22,0,-10,0,0,-9,4,-5,3,-1,1,0,-3,-5,4,3,4,5,0,-14,-5,12,-12,-5,15,-7,0,0,1,-1,22,-22,0,0,0,18,-18,5,-5,1,15,5,6,-2,-3,-3,-2,-2,4,-1,3,8,2,1,1,1,2,0,-1,0,1,0,-10,-12,0,-10,8,0,-5,-2,2,0,0,0,0,0,16,-2,2,-3,4,-1,4,0,1,0,0,1,5,5,-8,0,0,3,0,0,0,-4,4,-4,0,4,0,-7,4,3,-5,5,0,-8,0,10,-7,0,-2,0,3,-1,7,-5,3,-1,0,1,0,4,-2,0,0,-2,-2,0,0,7,-3,0,-2,5,2,4,1,-5,0,0,2,-4,7,-7,-3,-6,-3,4,0,3,2,-4,-15,3],"volumes":[3.85,7.5,2.71,2.55,3.75,3.0,2.0,1.0,5.13,1.0,1.0,3.0,2.0,2.15,6.0,21.03,31.18,19.42,6.31,4.34,22.33,13.21,16.88,4.0,2.0,4.25,3.25,6.25,17.33,11.0,11.5,9.5,8.5,14.5,5.5,8.0,4.5,19.5,5.5,12.0,15.85,10.3,10.08,2.8,9.45,7.42,6.65,8.01,4.53,8.12,5.0,3.9,9.5,6.08,3.93,9.63,12.64,9.86,4.61,3.61,10.39,3.38,4.6,18.38,15.85,7.0,5.1,8.6,3.1,4.1,10.0,12.18,6.0,3.0,3.1,2.0,18.21,5.74,11.79,1.0,19.47,9.21,6.9,20.61,6.9,19.18,2.3,2.0,5.0,12.33,14.0,26.91,12.85,2.15,8.13,6.15,4.48,8.68,4.58,6.0,1.0,2.15,2.8,19.11,4.4,4.8,25.45,10.9,30.7,48.5,1.15,12.5,2.0,8.0,15.03,8.55,6.6,10.76,3.0,7.38,5.0,1.0,10.13,4.0,7.68,1.2,18.44,9.28,1.65,19.68,20.21,2.03,4.83,2.0,15.71,3.58,6.9,1.58,3.0,2.0,7.1,5.0,2.0,2.0,8.81,24.38,6.04,4.5,17.53,2.77,17.83,27.9,8.13,24.36,23.39,4.65,11.39,4.43,4.43,12.88,8.59,10.73,31.48,37.02,7.42,5.94,10.5,33.73,8.36,7.18,13.01,28.75,22.53]}