{"timestamp":1266710400000,"multiplier":1.0E-5,"open":0.90031,"high":0.90031,"low":0.90023,"close":0.90029,"shift":60000,"times":[1321,1,1,1,1,1,3,1,1,1,1,1,1,1,1,1,1,1,1,1,1,1,1,1,2,1,1,1,1,1,1,1,1,1,1,1,1,2,1,1,1,1,1,1,1,1,1,1,1,1,1,1,2,1,1,1,1,1,1,1,1,1,1,1,1,1,1,1,1,1,1,1,1,1,1,1,1,1,1,1,1,1,1,1,1,1,1,1,1,1,1,1,1,1,1,1,1,1,1,1,1,1,1,1,1,1,1,1,1,1,1,1,1,1],"opens":[0,81,-30,-69,94,-76,42,34,-10,-21,16,20,-40,-10,-21,-3,0,4,-15,5,5,-15,12,0,3,0,5,10,0,-10,0,-1,-4,-10,4,17,0,-4,-4,13,0,-3,-4,-31,-1,-12,-43,-15,-10,30,-35,25,-10,10,28,4,2,-14,-6,3,-7,6,1,-28,-5,-7,-27,0,7,0,-20,0,5,25,5,-5,-8,11,-1,-10,-1,9,2,-9,-21,-7,5,0,17,15,-9,16,16,0,-25,5,7,11,-5,11,16,-4,-1,-10,-3,43,5,-15,0,5,-5,34,11,8],"highs":[0,81,-10,0,5,-13,27,-9,-15,15,-5,5,-30,-10,-15,-5,-10,10,5,-20,0,-5,5,0,0,10,0,10,-3,-5,-2,11,-9,-15,20,-5,0,-4,6,4,0,-5,-1,-27,-5,-15,-37,-20,7,12,-12,17,-10,21,22,1,-15,-4,3,-14,-8,9,-1,-20,-12,4,-32,5,-5,0,-12,20,22,-16,0,-4,1,5,-6,-10,10,3,1,-13,-21,10,0,10,20,-10,3,18,12,-10,-13,1,14,0,21,9,-10,8,-15,5,40,15,-20,-10,5,-10,50,-15,25,23],"lows":[0,49,10,-69,94,-76,42,13,-10,0,6,5,-30,0,-16,-3,-11,15,-15,0,-17,12,12,0,0,3,5,5,-3,-5,1,1,-7,-7,4,8,6,-1,-7,11,5,-13,-26,0,-7,-43,-39,6,-2,5,-5,15,0,2,27,5,-26,21,-9,2,-2,4,-30,-2,-12,-21,0,-12,17,-15,-35,30,-4,32,-2,-4,-7,20,-5,-15,5,12,-1,-26,-20,13,2,-4,24,10,-4,4,28,-27,-6,5,15,10,-5,12,8,4,-24,8,2,43,-15,0,5,-5,5,30,10,8],"closes":[0,48,15,10,5,-13,18,-10,-23,28,-5,-15,-30,5,-10,0,-25,20,-5,-10,-22,22,5,-3,0,13,0,10,-13,0,-2,0,-8,0,15,0,-4,0,3,6,1,-11,-30,8,-15,-38,-17,-21,18,-15,10,10,1,25,3,0,-4,-6,-5,0,-3,8,-35,-2,-12,-16,-5,5,0,-14,-6,18,11,5,0,-12,13,1,-6,-10,12,0,-1,-25,-1,-5,0,25,6,-1,8,18,4,-29,14,-4,14,0,5,15,-2,5,-10,-5,45,8,-18,0,-5,2,28,5,20,32],"volumes":[4.16,6.5,6.03,2.73,0.6,1.96,7.85,7.38,4.86,8.92,9.74,5.23,5.81,7.24,4.66,2.21,6.78,4.42,6.35,8.6,4.42,1.57,2.17,5.9,3.0,8.89,9.5,6.98,8.06,9.62,11.05,10.38,11.28,4.06,17.59,8.31,4.85,2.3,15.02,5.98,4.3,11.34,12.7,6.21,11.16,11.09,77.3,4.82,5.66,23.71,32.44,6.4,9.19,17.67,34.17,35.83,22.31,19.08,40.02,11.03,2.9,32.08,50.74,26.98,8.67,31.85,12.5,56.05,2.13,26.97,78.18,56.18,42.62,30.42,19.1,35.77,61.02,16.02,2.58,15.93,44.1,6.3,13.09,11.51,57.53,29.85,32.31,25.64,38.41,13.78,13.01,29.3,33.08,28.07,36.84,47.64,22.23,25.38,34.55,29.64,24.51,10.78,13.82,26.51,29.99,20.31,15.88,22.65,14.02,25.14,59.93,24.56,39.54,47.72]}