{"timestamp":1265500800000,"multiplier":1.0E-5,"open":1.36553,"high":1.36574,"low":1.36532,"close":1.3654,"shift":60000,"times":[1320,1,1,1,1,1,1,1,1,1,1,1,1,1,1,1,1,1,1,1,1,1,1,1,1,1,1,1,1,1,1,1,1,1,1,1,1,1,1,1,1,1,1,1,1,1,1,1,1,1,1,1,1,1,1,1,1,1,1,1,1,1,1,1,1,1,1,1,1,1,1,1,1,1,1,1,1,1,1,1,1,1,1,1,1,1,1,1,1,1,1,1,1,1,1,1,1,1,1,1,1,1,1,1,1,1,1,1,1,1,1,1,1,1,1,1,1,1,1,1],"opens":[0,-18,42,17,31,-21,-46,-17,4,-16,20,-4,18,15,-17,12,-20,-28,-16,11,40,-16,-7,-15,28,-51,41,-47,-19,-12,-28,6,-3,-23,6,-9,-39,4,10,-11,10,5,6,9,-12,-15,-6,32,32,-29,36,17,-3,30,20,-7,-17,31,1,-9,60,-45,64,17,11,32,-1,9,-13,-28,-22,4,-3,-22,-26,-11,-51,-13,39,-37,-61,-9,-10,5,13,-45,43,-42,44,-25,0,-42,-13,9,4,23,2,-19,-35,1,14,-44,54,-13,-10,12,-24,94,14,35,2,-15,12,13,-7,5,-2,-45,-21,0],"highs":[0,34,-5,48,-16,-25,-16,-27,-2,3,24,-12,19,-7,-1,-16,-22,-27,11,-7,30,-13,-10,42,-27,-13,5,-19,-28,-9,-20,-14,-8,-15,-11,7,-28,14,-24,29,-12,0,-5,4,-4,4,-1,34,39,-19,-2,15,66,-11,9,-26,5,25,-3,8,22,12,23,55,4,-13,9,0,-10,-5,-5,-10,-10,-30,-32,0,-44,-13,12,-37,-59,-3,-16,24,-2,-13,6,-2,15,-10,-21,-41,6,-2,14,8,4,-22,-39,26,2,-10,1,-6,-6,11,56,16,21,32,0,-1,-6,6,1,-1,-1,-27,-29,22],"lows":[0,3,36,23,10,-25,-49,9,-1,-9,12,2,0,21,-13,-45,-30,12,12,-18,36,-11,-6,17,-8,-20,14,-23,-31,-4,-35,15,-7,-32,-11,18,-37,-15,6,21,-1,7,1,-2,-2,6,-12,1,55,-15,15,12,23,30,-6,1,-14,16,0,14,19,4,43,13,36,12,-5,3,-10,-28,-4,1,-9,-35,-26,-34,-10,-7,-5,-68,-14,-9,4,7,-45,11,4,8,5,11,-42,-16,7,9,-4,11,8,-18,-39,8,-2,-10,28,8,-26,4,-5,81,13,21,-15,27,4,26,2,0,-31,-29,-42,12],"closes":[0,39,23,16,-12,-19,-40,11,1,-8,10,10,24,-8,-14,-31,-10,-40,26,8,12,-31,18,49,-63,-7,0,-18,-9,-3,-6,-27,-3,-19,-11,-5,-24,-16,12,8,-13,10,21,-9,-4,12,-3,36,6,11,-8,4,45,34,-22,-1,1,15,-34,60,4,27,10,59,3,-4,-3,-15,-12,10,-8,3,-19,-56,-15,-7,-27,-3,-25,-75,0,-1,-11,10,-11,14,-27,38,-4,-25,-25,-17,14,-4,-6,5,2,-6,-32,39,1,-26,0,13,-9,-17,78,25,21,19,-3,9,-8,6,3,5,-42,-29,-18,37],"volumes":[43.1,28.0,51.1,54.6,34.6,16.7,40.8,17.8,33.5,28.9,67.8,26.7,17.6,23.3,38.3,28.7,31.8,11.5,18.8,20.2,18.3,29.5,21.7,14.5,35.7,63.6,17.7,25.9,30.0,22.2,21.2,13.5,16.7,74.8,24.6,18.3,19.0,47.5,30.6,41.5,18.0,16.1,46.8,24.7,23.5,24.1,30.8,53.9,20.3,17.3,30.9,47.7,23.7,36.6,89.5,19.1,56.0,64.4,27.3,27.0,43.5,17.9,26.8,73.2,18.9,91.4,104.7,40.1,27.3,73.4,35.3,13.2,25.4,22.9,18.0,70.7,16.3,39.8,43.8,22.4,26.2,42.3,21.7,16.4,41.3,63.2,49.3,22.8,38.0,25.5,39.3,22.4,26.9,18.0,41.9,34.0,23.4,26.6,19.5,30.6,67.7,15.4,17.6,54.4,48.5,43.7,43.5,28.0,23.0,39.9,49.2,47.1,16.2,44.1,23.5,39.1,47.4,23.0,46.6,34.4]}