{"timestamp":1267315200000,"multiplier":1.0E-5,"open":1.05435,"high":1.05435,"low":1.05435,"close":1.05435,"shift":60000,"times":[1320,1,1,1,1,1,1,1,1,1,1,1,1,1,1,1,1,1,1,1,1,1,1,1,1,1,1,1,1,1,1,1,1,1,1,1,1,1,1,1,1,1,1,1,1,1,1,1,1,1,1,1,1,1,1,1,1,1,1,1,1,1,1,1,1,1,1,1,1,1,1,1,1,1,1,1,1,1,1,1,1,1,1,1,1,1,1,1,1,1,1,1,1,1,1,1,1,1,1,1,1,1,1,1,1,1,1,1,1,1,1,1,1,1,1,1,1,1,1,1],"opens":[0,0,10,-25,5,0,0,-28,23,-25,10,-5,-55,-5,-15,0,0,-85,-45,-5,5,100,-115,30,12,13,10,20,0,5,-60,-19,39,15,0,-5,0,-15,25,-5,0,5,-5,-20,-15,5,-10,-5,30,15,-20,0,-10,5,5,-10,-10,0,-15,10,-10,-5,-10,10,-5,5,-5,0,5,-10,-30,-20,-30,-10,-20,0,15,-5,0,0,10,-10,0,0,0,0,5,0,5,0,0,0,0,0,0,0,40,-10,15,0,-5,0,0,20,0,20,-25,-5,0,20,-10,-20,-10,0,0,-10,10,-35,10,35],"highs":[0,10,0,-20,0,0,0,-23,18,-14,-1,-5,-55,0,-15,5,5,-65,-60,10,90,-20,-85,0,12,28,15,0,0,5,-55,-9,29,10,0,-5,0,10,5,0,0,-5,-5,-20,-15,5,0,10,20,0,-20,0,-10,5,5,-10,-10,0,-15,10,-5,5,-5,-10,0,0,0,0,0,0,-40,-15,-25,-10,-20,10,-5,5,0,0,0,-10,0,10,0,5,-10,0,20,-10,5,10,0,-20,15,25,0,10,-5,0,15,-20,30,0,10,0,-10,-15,15,0,-10,-20,-10,0,0,0,0,-25,35,5],"lows":[0,0,-35,20,5,0,-5,-24,9,-14,14,-75,15,-15,-5,0,-35,-95,-10,0,-15,5,-90,125,-12,37,10,20,0,-65,10,-37,57,15,-5,0,-25,10,25,-5,0,0,-35,-10,5,5,-10,0,5,25,-5,-10,0,0,0,-10,0,-5,-21,11,-10,-15,10,-5,5,0,0,5,-5,-40,-20,-15,-15,-20,0,0,15,-5,0,0,-5,-35,30,10,0,0,-15,20,-10,15,0,0,-5,5,-5,5,30,0,-30,10,25,5,-10,5,25,-10,-5,0,5,10,-25,-15,0,0,0,0,-30,5,10,20],"closes":[0,10,-35,15,0,0,-5,-24,9,-3,3,-60,0,-15,0,0,-35,-75,-5,-25,105,-120,35,0,-12,47,20,0,0,-55,5,-28,48,10,-5,0,-15,25,0,0,-5,0,-25,-10,-5,5,-5,20,20,-15,-5,-10,0,0,0,-10,0,-5,-15,10,-10,-20,20,-5,5,-5,5,0,-10,-40,-10,-20,-20,-20,5,10,0,-5,10,0,-10,0,0,0,0,15,-10,0,5,0,10,-10,0,0,0,30,0,15,-10,5,0,0,20,0,20,-20,-10,-5,25,-10,-25,-5,0,0,-10,10,-35,10,35,-5],"volumes":[7.0,12.6,17.6,5.6,4.8,16.8,6.4,44.4,8.2,29.1,9.6,19.3,8.0,20.8,6.8,24.0,28.6,34.3,6.3,18.0,20.3,29.0,43.2,12.8,107.2,11.8,8.3,4.1,6.1,19.9,17.3,167.1,3.1,4.8,10.9,8.8,9.6,7.3,3.0,6.5,15.1,21.0,20.8,16.8,11.6,6.6,13.5,25.7,25.8,9.0,1.0,4.0,1.0,2.0,10.8,18.3,3.3,13.5,58.8,25.4,28.1,41.1,20.9,37.9,15.2,36.8,12.7,7.9,20.9,11.6,17.0,29.5,24.8,78.4,41.1,24.7,13.0,23.6,12.8,15.8,13.8,69.1,24.2,59.7,35.0,18.3,19.6,9.0,15.5,12.3,32.3,11.0,18.9,10.0,21.9,43.2,18.7,28.8,11.3,21.77,32.3,26.9,40.9,56.0,52.4,29.8,60.7,40.5,27.9,23.3,27.9,117.2,73.6,48.2,32.6,34.0,59.6,51.2,26.6,84.8]}