{"timestamp":1267315200000,"multiplier":0.001,"open":1116.161,"high":1116.532,"low":1116.1,"close":1116.532,"shift":60000,"times":[1380,1,1,1,1,1,1,1,1,1,1,1,1,1,1,1,1,1,1,1,1,1,1,1,1,1,1,1,1,1,1,1,1,1,1,1,1,1,1,1,1,1,1,1,1,1,1,1,1,1,1,1,1,1,1,1,1,1,1,1],"opens":[0,634,1374,270,23,156,-216,173,-37,-69,-109,491,-265,681,186,-245,-167,-568,895,-178,-330,-709,1020,-55,-853,-107,279,-676,414,-1198,642,31,-271,184,-4,-74,-188,-298,-350,-117,-77,96,-136,394,433,53,-95,153,-68,84,-36,115,206,27,-212,170,-684,370,-305,-177],"highs":[0,1555,504,155,-138,10,21,26,75,-212,322,144,187,274,-2,-245,-167,160,518,-430,-9,-411,321,-2,-925,584,-412,45,-305,-360,-198,269,-338,202,-175,-77,-203,-279,155,-491,-227,96,287,219,375,-88,-66,221,-114,-16,-36,478,-57,-42,-132,59,-211,-103,-305,41],"lows":[0,695,1055,354,-490,-326,809,165,95,-193,96,-168,289,786,-575,126,-460,115,683,-440,-398,-406,986,-425,-1008,691,-403,6,-863,79,399,-10,-18,208,-100,-158,-653,-265,99,-265,-160,289,72,391,10,236,-162,456,-205,29,84,194,79,-12,-195,-396,25,74,-247,-87],"closes":[0,1555,504,70,-53,-416,447,-154,-28,-193,484,-175,608,223,-10,-277,-550,634,-45,-440,-398,551,152,-548,-682,734,-772,649,-1506,848,-207,-173,173,213,-296,1,-511,-398,-69,77,-211,8,485,219,375,-124,-30,99,-133,120,-59,408,41,-212,38,-656,323,-30,-353,197],"volumes":[0.002887,0.00688,0.004824,0.00343,0.00602,0.01139,0.006194,0.003746,0.00335,0.00433,0.0048,0.00358,0.00305,0.00325,0.00382,0.00291,0.004216,0.00234,0.0026,0.017347,0.00297,0.00367,0.00242,0.003518,0.00268,0.00385,0.00182,0.00236,0.00435,0.00311,0.00292,0.00517,0.00314,0.00292,0.00268,0.00322,0.00304,0.00239,0.003095,0.00771,0.00917,0.00333,0.002269,0.002924,0.00851,0.00778,0.00381,0.005914,0.009682,0.00435,0.002415,0.00385,0.00316,0.005349,0.00298,0.00486,0.00323,0.00492,0.00269,0.0038]}