{"timestamp":1693094400000,"multiplier":1.0E-5,"open":1.07957,"high":1.07958,"low":1.07957,"close":1.07958,"shift":60000,"times":[1260,1,1,1,1,1,1,1,1,1,1,1,1,2,1,1,1,1,1,1,1,1,1,1,1,1,1,2,1,1,1,1,1,1,1,1,1,1,1,1,1,1,1,1,1,1,1,1,1,1,1,1,1,1,1,1,1,1,1,1,1,1,1,1,1,1,1,1,1,1,1,1,1,1,1,1,1,1,1,1,1,1,2,1,1,1,1,1,1,1,1,1,1,1,1,1,1,1,1,1,1,1,1,1,1,1,1,1,1,1,1,1,1,1,1,1,1,1,1,1,1,1,1,1,1,1,1,1,1,1,1,1,1,1,1,1,1,1,1,1,1,1,1,1,1,2,1,1,1,1,1,1,1,1,1,1,1,1,1,1,1,1,1,1,1,1,1,1,1,1,1,1,1,1,1,1],"opens":[0,0,6,3,-4,-11,12,-2,-20,0,0,0,0,5,6,-4,0,16,-16,12,1,-13,14,-14,0,0,15,-15,0,-1,0,0,0,0,0,16,-13,1,0,0,0,0,0,0,0,0,0,0,0,0,0,0,0,0,4,-4,0,1,7,14,10,13,-4,8,-4,-1,-5,10,5,-4,1,1,-3,-9,-27,-5,-8,9,4,4,7,5,1,2,-15,-2,-7,0,15,1,-3,1,-3,-2,0,0,-3,-1,1,-7,-7,4,2,3,-1,2,-2,2,-3,-3,0,-3,2,2,-1,-2,1,-7,12,1,-3,-2,-3,-4,-8,-6,-1,5,8,13,14,11,4,1,2,8,5,-5,5,0,3,-19,0,7,-4,-1,0,-16,-4,4,-16,8,3,2,0,-3,5,-2,2,5,-6,-10,-6,3,1,2,-8,0,0,8,10,-5,3,2,2,-4],"highs":[0,5,0,3,-4,-11,12,-2,-16,-4,0,21,-16,5,1,-1,12,1,-4,1,0,1,0,-14,14,-14,15,-12,-1,0,0,12,11,-1,-4,2,-19,0,1,-1,1,-1,0,0,0,0,0,0,0,0,0,0,0,5,-1,-3,0,0,28,1,18,-1,2,1,-1,-5,4,7,-1,-3,3,-2,-3,-9,-24,-7,0,1,13,2,5,0,0,3,-16,0,-8,16,2,-3,0,-1,-4,0,-1,-1,-3,0,0,-4,-4,-2,5,0,2,3,-4,0,-3,-3,0,-1,2,0,-1,0,-1,7,0,-1,-2,-3,-2,-2,-8,-8,3,9,11,16,13,4,-1,4,7,3,0,6,0,-1,-2,-19,6,1,-3,-2,0,-16,4,-4,-7,3,4,0,-2,1,0,2,3,1,-7,-10,8,-9,1,2,-10,0,9,10,-1,-1,-1,6,-2,-4],"lows":[0,0,5,4,-4,-12,-9,0,0,0,0,0,0,5,2,0,0,0,0,12,0,-12,0,0,0,0,0,0,-1,0,0,0,0,0,0,3,0,1,0,0,0,0,0,0,0,0,0,0,0,0,0,0,0,0,4,-4,0,1,6,13,10,10,-1,6,-1,-8,3,10,1,0,1,-3,-12,-26,-2,-8,0,9,4,4,4,8,0,-21,7,-8,1,0,13,-2,0,0,-2,0,-1,-2,-9,8,-8,-8,3,4,2,2,-1,0,-3,5,-9,3,-3,0,3,1,-4,-1,-7,4,11,-2,-3,-2,-3,-10,-4,0,-1,5,8,11,13,14,-2,6,3,6,1,1,4,0,-15,-4,4,1,-1,-6,-9,-5,2,-12,0,6,4,3,-2,-3,4,1,0,2,-10,-10,3,3,-1,-4,-6,5,0,7,3,2,4,3,-3,-2],"closes":[0,5,-1,4,-4,-12,-9,0,0,0,0,0,5,5,0,-3,15,-9,0,6,0,0,-12,0,0,0,0,0,-1,0,0,0,19,-1,-15,0,0,1,0,0,0,0,0,0,0,0,0,0,0,0,0,0,0,0,4,-4,1,0,21,8,17,-6,7,-2,-2,-6,10,7,-5,0,4,-5,-10,-27,-4,-8,9,0,7,8,5,0,1,-13,-1,-7,0,15,0,-5,4,-4,-2,2,-1,-4,-3,3,-9,-5,4,0,5,-1,1,0,0,0,-5,0,-4,3,2,-1,-2,1,-8,14,0,-2,-4,-3,-3,-9,-5,0,4,7,13,16,9,7,-2,2,9,4,-4,5,-1,5,-20,0,6,-2,-2,0,-15,-5,3,-14,5,6,1,3,-5,4,-3,4,4,-5,-9,-7,2,2,1,-7,-1,0,8,11,-4,1,0,5,-4,-3],"volumes":[1.8,48.8,76.32,5.98,1.2,1.8,8.55,49.5,384.26,87.75,85.05,71.1,41.85,27.84,51.44,26.62,13.76,20.06,9.58,6.3,2.7,5.4,9.9,0.9,4.5,0.9,6.3,25.72,130.32,237.84,48.86,620.24,368.68,89.1,70.2,18.0,12.28,0.9,7.74,1.8,5.31,5.4,7.92,2.7,2.7,2.7,2.7,5.4,4.5,3.6,3.6,3.6,0.9,3.6,0.9,29.7,11.7,5.4,66.6,36.9,69.75,43.2,53.04,49.95,27.9,33.75,24.75,14.85,21.6,52.65,6.3,21.15,44.64,85.8,37.8,34.95,13.05,7.2,58.12,11.31,28.62,2.91,2.79,63.7,17.88,57.66,6.6,78.39,21.45,31.05,36.9,18.45,35.55,17.1,14.4,15.3,30.6,4.5,23.53,101.77,12.6,3.6,9.9,8.1,27.9,41.53,37.03,34.2,55.74,18.0,30.86,21.6,9.9,35.1,44.1,36.0,22.95,104.98,57.15,24.3,45.0,46.8,77.16,163.8,149.72,39.6,71.23,27.0,68.4,40.95,106.33,51.75,88.59,38.83,83.7,135.0,100.02,143.06,153.89,188.45,61.33,41.4,36.45,18.0,15.75,34.78,59.7,110.74,140.84,120.88,48.73,37.35,27.57,18.0,183.59,90.3,46.08,10.35,13.95,62.37,166.72,66.37,172.44,27.66,83.31,136.75,98.8,14.4,97.2,43.65,38.83,33.24,6.3,17.28,28.7,49.76]}