{"timestamp":1692489600000,"multiplier":1.0E-5,"open":1.08672,"high":1.08717,"low":1.08672,"close":1.08717,"shift":60000,"times":[1262,1,1,1,1,1,1,1,1,1,1,1,1,1,1,1,1,1,1,1,1,1,1,1,1,1,1,1,1,1,1,1,1,1,1,1,1,1,1,1,1,1,1,1,1,1,1,1,2,1,1,1,1,1,1,1,1,1,1,1,1,1,1,1,1,1,1,1,1,1,1,1,1,1,1,1,1,1,1,1,1,1,1,1,1,1,1,1,1,1,1,1,1,1,1,1,1,1,1,1,1,1,1,1,1,1,1,1,1,1,1,1,1,1,1,1,1,1,1,1,1,1,1,1,1,1,1,1,2,1,1,1,1,1,1,1,1,1,1,2,1,1,1,1,1,1,1,1,1,1,1,1,1,1,1,1,1,1,1,1,1,1,1,1,1,1,1,1,1,1,1,1,1,1,1],"opens":[0,45,0,-40,0,7,19,0,0,-2,-2,-1,0,11,-7,-1,0,7,2,-7,-1,3,-1,-1,4,-3,11,13,2,-6,4,-2,-2,0,0,0,-4,1,-1,0,1,1,4,-2,7,0,-9,2,1,0,0,0,15,0,0,5,-3,-2,0,14,11,4,-9,-15,8,12,1,-4,1,12,-5,1,5,-12,-3,0,6,7,4,6,-2,-2,-5,-5,5,0,0,0,-5,6,2,-12,2,3,2,-2,1,4,4,-5,-6,2,-4,0,3,0,-15,0,-4,-2,-3,-1,-3,0,-2,-6,4,5,-3,-14,3,12,-10,-5,3,-5,-4,4,6,-2,-2,3,-4,1,-6,2,0,0,8,0,0,-4,4,-6,3,-1,-1,6,-2,-3,-3,-2,0,0,6,8,-5,-2,-11,5,0,-5,0,13,5,-3,1,-1,-3,2,13,-2,5,1,0],"highs":[0,1,-1,-36,8,0,14,31,-31,-2,13,-9,2,5,-1,-2,-1,1,1,-7,5,2,0,0,-1,35,-16,4,-2,-2,0,-2,-2,1,-1,0,-1,-1,0,0,1,4,4,0,0,0,-7,0,1,0,0,15,0,0,5,2,-4,15,-8,14,7,-2,-9,-5,9,2,0,-2,8,3,-4,5,0,-12,0,5,4,2,6,4,-3,-1,-5,-1,2,1,-3,2,-1,3,-1,-12,6,-1,3,-3,4,5,0,-5,-5,4,-3,-4,3,0,-13,-1,-5,-2,-2,-2,-3,0,-1,-3,3,2,-2,-6,8,0,-11,-3,0,-5,-3,10,-1,-2,-2,3,-3,0,-1,-3,0,9,-1,1,-1,0,0,0,-3,-1,5,0,-2,-2,-4,-2,0,8,7,-1,-5,-2,-7,1,0,-5,13,7,-2,-1,-1,-1,0,9,6,0,0,4,-2],"lows":[0,45,-53,13,0,5,21,-5,2,-5,3,0,0,2,0,0,0,-1,11,-7,-3,0,4,-4,0,0,15,9,-1,0,3,-3,0,-2,1,-2,0,0,0,0,0,1,3,-3,5,-2,-4,3,1,0,0,0,16,0,0,0,0,-17,17,13,11,-4,-19,3,9,12,-4,0,2,8,-1,1,-10,-1,0,1,6,7,1,7,-2,-6,-4,0,4,1,-1,-6,2,5,-11,1,3,3,0,0,1,4,0,-7,-3,1,-1,0,2,-12,-3,-6,0,-2,-2,-1,-3,0,-5,-2,2,5,-14,1,2,3,-6,-2,-2,-2,0,5,6,-6,1,0,-2,-3,-2,4,0,0,8,-6,2,-2,0,0,0,0,-1,6,-3,-4,-1,0,-1,1,6,4,-4,-9,-2,6,-4,-1,0,13,2,0,0,-3,0,0,13,0,5,0,-3],"closes":[0,1,-36,-3,10,-5,19,1,-3,-3,0,7,2,0,0,1,-1,2,1,-7,4,0,3,-10,6,11,7,3,-3,4,-2,-2,-1,1,0,-4,1,0,0,0,1,3,6,0,-5,-2,0,0,0,0,0,16,0,0,5,-5,1,0,9,14,4,-7,-16,6,13,2,-5,0,10,0,0,5,-15,-1,4,4,5,2,6,1,-2,-4,-4,3,1,1,-3,-3,4,1,-11,1,5,0,0,0,4,5,-4,-7,1,-2,-2,0,3,-13,0,-6,0,-5,-1,-2,-1,0,-7,4,3,-1,-13,3,11,-8,-7,3,-5,-5,2,10,-1,-6,2,0,0,-6,5,-3,0,9,-1,1,-4,2,-5,5,-4,-1,6,-1,-2,-3,-3,0,-1,9,7,-5,-4,-9,3,1,-4,-1,13,7,-5,1,-1,-3,3,9,1,5,0,4,-2],"volumes":[15.68,1.8,13.57,14.28,19.04,23.8,9.52,37.11,4.95,11.77,15.18,11.32,33.11,63.59,34.2,22.95,41.85,32.4,0.9,0.9,12.15,35.1,3.6,22.95,34.2,38.7,55.16,41.4,9.99,20.16,5.4,16.2,24.3,18.12,26.31,58.5,94.5,23.4,36.9,88.2,41.4,24.12,9.66,14.04,1.92,2.25,12.69,16.2,3.78,3.78,1.89,3.37,1.2,0.8,11.07,37.92,11.61,128.7,52.83,29.92,33.84,28.48,68.04,30.15,27.45,14.4,18.12,20.25,16.74,8.19,15.3,12.6,61.41,18.0,27.45,46.8,27.09,7.2,20.7,5.4,9.45,62.55,122.48,26.55,23.4,23.4,15.3,168.75,55.35,81.74,89.1,8.1,15.75,4.5,19.8,6.3,18.0,13.5,40.76,25.2,49.5,66.41,19.16,15.3,28.8,105.86,59.79,50.91,66.6,60.42,145.55,71.36,171.45,46.16,101.51,214.44,80.69,216.14,134.9,168.95,280.72,113.71,134.17,97.58,71.25,144.64,37.23,10.8,4.5,72.45,2.7,50.98,43.65,44.81,40.31,12.15,5.4,40.31,9.9,81.26,65.96,146.51,136.35,73.8,108.9,22.5,121.5,9.0,13.5,27.0,14.4,136.8,7.2,61.2,15.3,22.38,21.86,17.1,17.1,2.7,12.86,1.8,63.9,26.1,16.98,3.6,6.3,30.6,5.4,52.05,36.26,10.8,4.5,19.16,27.26]}