{"timestamp":1388534400000,"multiplier":1.0E-5,"open":0.94542,"high":0.94562,"low":0.94531,"close":0.94557,"shift":60000,"times":[1320,1,1,1,1,1,1,1,1,1,1,1,1,1,1,1,1,1,2,1,1,1,1,1,1,1,1,1,1,1,1,1,1,1,1,1,1,1,1,1,1,1,1,1,1,1,1,1,1,1,1,1,1,1,1,1,1,1,1,1,1,1,1,1,1,1,1,1,1,1,1,1,1,1,1,1,1,1,1,1,1,1,1,1,1,1,1,1,1,1,1,1,1,1,1,1,1,1,1,1,1,1,1,1,1,1,1,1,1,1,1,1,1,1,1,1,1,1,1],"opens":[0,5,19,-9,19,10,5,21,10,-11,-5,11,10,-15,-58,52,-38,74,-42,16,7,-12,-3,4,5,-2,21,-10,30,10,-14,-15,0,-33,3,10,20,-5,-1,1,5,4,10,1,-6,-5,-14,4,16,-15,-6,-5,11,4,0,0,10,1,-1,-10,-20,16,9,-5,0,1,9,10,-15,36,-6,26,10,0,0,4,-60,66,13,-15,6,1,-16,1,-14,-2,6,-16,-26,0,-7,14,-19,1,4,18,1,-1,-9,-6,6,0,5,-20,-15,18,0,6,-5,6,0,10,-16,6,5,-5,-5,10,4],"highs":[0,30,-25,10,5,4,25,20,-5,-5,0,15,-9,-15,-5,5,30,0,-26,26,-19,-12,6,20,-20,30,-11,20,10,0,-14,-10,-5,-15,5,14,6,-10,0,0,15,-1,16,-10,-6,0,-14,10,0,-5,-5,-10,10,0,5,4,1,0,5,-10,-10,14,0,6,-15,20,10,-11,24,-3,10,19,1,0,0,4,1,20,-2,-3,0,-5,-10,-5,-14,8,1,-21,-26,0,2,5,-15,1,14,4,6,10,-20,-11,6,4,6,-25,-15,30,0,-5,-6,10,0,6,-16,15,-4,10,-6,-4,35],"lows":[0,16,14,-4,19,10,5,21,-15,5,4,10,-25,21,-58,52,-38,73,-41,16,-42,37,-5,1,10,-2,11,0,5,5,-4,-1,6,-40,-1,13,2,1,9,5,5,1,9,-5,5,-20,0,10,0,-14,4,0,5,10,0,0,10,0,-5,-25,0,15,10,-5,-5,5,10,-4,-1,30,-9,34,11,-5,0,4,-55,61,15,-26,1,-1,5,-4,-11,0,-10,-15,-21,4,-3,10,-13,1,4,13,1,-1,-5,-6,7,-10,-8,3,-15,18,-12,18,-5,-20,25,6,-11,6,-5,4,-4,10,4],"closes":[0,10,0,9,6,4,21,24,-25,-4,9,16,-16,1,-10,10,24,5,-25,26,-30,-1,1,25,-20,19,-9,24,10,-5,-19,5,-5,-40,19,25,-10,-5,0,6,9,5,6,-11,0,-20,16,4,-9,-10,0,5,10,0,5,-1,5,1,-6,-24,9,20,-5,0,-5,5,20,-15,26,0,9,21,5,-5,4,0,6,20,-5,-16,11,-21,11,-10,-11,0,-10,-15,-16,-1,8,-1,-9,1,14,-1,11,-10,-1,-11,7,0,-6,-9,-15,25,5,-5,-6,10,0,1,-11,15,-4,-5,4,1,25],"volumes":[11.35,16.5,7.0,12.0,4.75,0.75,7.75,8.0,20.75,7.0,11.5,19.0,18.0,1.0,19.98,3.0,18.96,1.75,3.13,4.28,11.29,3.06,12.79,21.3,2.48,12.48,9.0,14.0,17.9,17.9,11.76,8.0,1.0,16.01,61.28,31.32,46.79,39.24,22.13,13.0,18.0,33.0,23.08,16.0,15.0,18.0,36.15,21.0,18.0,16.0,15.0,5.0,12.0,6.0,14.0,11.0,5.0,5.0,11.0,15.0,16.13,10.0,4.0,14.0,11.0,10.0,10.0,4.5,28.5,13.94,27.05,17.83,1.1,19.32,5.0,5.0,6.11,11.33,4.48,15.8,41.89,24.78,10.33,8.15,4.08,6.5,18.0,14.0,24.79,12.24,6.5,3.0,6.58,10.82,5.66,5.45,27.07,33.05,4.3,3.0,2.0,43.1,25.84,2.33,1.38,5.4,5.71,2.0,1.0,14.94,4.2,3.0,1.13,6.0,9.63,27.61,19.73,9.0,27.15]}