{"timestamp":1390694400000,"multiplier":1.0E-5,"open":0.86921,"high":0.86929,"low":0.86918,"close":0.86918,"shift":60000,"times":[1320,1,1,1,1,1,1,1,1,1,1,1,1,1,1,1,1,1,1,1,1,1,1,1,1,1,1,1,1,1,1,1,1,1,1,1,1,1,1,1,1,3,1,1,1,1,1,1,1,1,1,1,1,1,1,1,1,1,1,1,1,1,1,1,1,1,1,1,1,1,1,1,1,1,1,1,1,1,1,1,1,1,1,1,1,1,1,1,1,1,1,1,1,1,1,1,1,1,1,1,1,1,1,1,1,1,1,1,1,1,1,1,1,1,1,1,1,1],"opens":[0,-6,-3,0,3,0,-2,0,-7,3,-7,7,-8,-2,-3,-7,-8,-11,8,8,-1,1,4,36,-26,41,-35,0,0,-10,-2,11,31,0,84,-45,7,-2,0,33,-35,-33,55,36,-39,-26,-13,1,3,20,-9,-23,33,-30,5,-3,-3,-21,-6,6,-3,-2,-23,27,-2,1,-4,4,34,-3,18,-7,6,-9,-22,-10,6,51,-8,-17,0,-2,12,-19,-20,-16,-7,-2,6,5,29,52,1,8,-3,3,21,-23,11,-25,-42,8,1,4,-15,20,-3,1,-3,0,1,14,-2,-7,-1,-55,9,5],"highs":[0,-14,-3,6,-3,0,-2,0,-3,-1,3,2,-8,-5,-5,0,-7,-11,6,2,6,-3,36,12,23,-4,-50,4,-4,-10,11,24,5,100,-16,-24,-3,-8,28,0,-35,22,38,-2,-29,-36,-7,1,38,-20,-10,10,9,-27,3,-13,-3,-19,3,-5,2,0,7,-3,-1,-6,1,33,-1,19,5,3,-9,-13,-14,-4,43,0,-3,-17,-4,12,21,-43,-16,-17,1,-7,10,28,47,3,19,-11,0,20,0,-7,-5,-25,-29,1,-5,13,-4,7,-9,2,0,0,20,-10,6,-13,-3,-46,10,5],"lows":[0,-6,0,0,3,-14,12,-10,-4,2,1,-4,0,-1,-26,-4,-6,9,-16,16,15,1,4,10,0,2,4,-1,-9,-6,4,11,31,0,22,17,-3,6,-2,-13,-20,2,1,10,12,-23,-2,11,5,6,-18,0,6,0,-12,-4,-6,-6,0,-2,3,-25,0,27,-3,-16,11,9,25,1,14,2,-5,-26,-5,0,7,34,-25,17,-15,3,1,-21,-23,-2,-17,9,16,6,29,39,0,22,-4,2,0,0,-20,-34,-25,29,3,-10,-16,31,1,-1,-5,-3,5,2,8,-4,-54,0,-5,19],"closes":[0,-6,0,0,3,-2,0,-7,3,-8,8,-8,-1,-3,-14,-2,-20,17,1,2,11,-5,38,-25,30,-26,2,4,-14,-6,17,24,5,87,-65,25,-6,5,31,-34,-36,57,38,-41,-25,-18,5,3,10,1,-23,33,-30,5,3,-7,-23,2,-3,-7,5,-25,25,0,5,-8,3,34,-3,23,-11,4,-7,-28,-4,6,51,-7,-18,0,0,5,-14,-18,-18,-7,-1,5,0,35,50,-3,15,-1,-1,21,-23,11,-25,-40,7,0,0,-10,19,-3,1,-2,-1,-1,16,-2,-5,0,-58,9,9,6],"volumes":[3.7,0.5,0.38,2.12,4.0,19.94,34.0,14.42,39.04,17.0,29.5,23.5,14.5,8.0,20.0,38.54,28.1,16.13,59.94,50.26,10.0,7.9,28.75,89.03,80.0,71.02,3.0,9.0,8.0,6.0,8.0,17.0,2.0,92.27,84.07,19.25,22.5,12.5,22.5,44.25,27.0,18.26,63.13,79.68,77.38,24.71,45.89,21.31,50.89,30.11,23.9,27.89,29.7,14.81,25.39,30.98,32.13,13.0,62.0,53.47,31.26,63.29,75.56,43.52,22.0,19.64,26.28,35.5,22.39,45.75,71.91,78.97,52.98,92.0,69.3,84.39,65.46,83.75,81.28,12.61,55.72,59.19,71.36,37.32,55.03,44.49,89.4,31.92,34.02,84.96,151.75,19.77,36.8,3.16,26.46,67.02,102.31,55.08,48.55,88.93,82.43,28.05,2.48,50.14,61.16,39.84,12.39,43.84,84.72,39.95,51.29,37.64,41.15,11.26,39.84,32.35,58.37,25.96]}