{"timestamp":1390694400000,"multiplier":1.0E-5,"open":1.36773,"high":1.3678,"low":1.36773,"close":1.3678,"shift":60000,"times":[1320,1,1,1,1,1,1,1,1,1,1,1,1,1,1,1,1,1,1,1,1,1,1,1,1,1,1,1,1,1,1,1,1,1,1,1,1,1,1,1,1,1,1,1,1,1,1,1,1,1,1,1,1,1,1,1,1,1,1,1,1,1,1,1,1,1,1,1,1,1,1,1,1,1,1,1,1,1,1,1,1,1,1,1,1,1,1,1,1,1,1,1,1,1,1,1,1,1,1,1,1,1,1,1,1,1,1,1,1,1,1,1,1,1,1,1,1,1,1,1],"opens":[0,10,-6,17,-11,-21,-18,17,11,-8,8,-1,-1,19,-13,11,-9,-1,0,-2,-2,-4,23,-17,-4,6,4,4,-5,2,-3,9,19,-11,9,-1,-2,-3,3,0,-1,-1,-4,3,2,4,4,11,13,8,-16,2,-11,-5,20,-7,-12,-11,13,1,2,-5,4,-1,4,-7,2,10,-12,52,-29,8,-7,23,-10,2,-9,5,0,0,0,5,5,2,-2,1,-12,13,10,0,-1,1,-1,6,0,2,8,0,7,-11,6,7,0,0,4,5,-3,0,2,3,-3,-2,-2,-5,7,-2,1,-33,3,3],"highs":[0,3,9,20,-29,-18,55,-42,3,-10,12,-9,16,-1,-1,0,-10,-1,0,-2,-1,20,-1,-18,8,1,9,0,-13,13,2,12,0,-1,0,-2,-2,-3,3,0,-1,1,-3,1,4,7,12,10,7,6,-14,-5,0,14,-10,-3,-11,-3,1,8,-3,-4,4,-2,2,1,2,2,39,2,-23,4,15,-3,-9,3,-10,5,0,4,0,6,1,4,-3,0,1,12,-3,-1,2,-2,7,0,4,4,5,11,-9,-4,6,2,-1,8,-1,1,-2,2,4,-1,-1,-4,-3,5,-1,-3,0,-28,1,1],"lows":[0,10,-6,5,-51,10,0,20,-4,5,10,-2,0,-2,8,3,-3,1,-3,0,-11,3,4,-3,4,3,4,-4,6,-1,0,0,3,13,9,-7,3,-1,3,-4,2,-7,3,3,0,5,5,9,15,-8,0,-21,-6,13,-14,9,-8,3,2,12,-16,9,-8,6,5,0,2,-5,4,24,-1,0,1,13,-1,-6,-1,5,1,-3,3,4,5,1,-9,-3,1,13,9,-2,1,-7,-5,18,0,3,7,-2,-2,0,7,7,-1,0,5,1,1,0,1,1,-1,-3,-5,-1,7,-2,-46,15,3,-1],"closes":[0,3,9,-9,-21,-18,17,17,-14,7,2,-3,19,-14,12,-7,-4,1,-2,-1,-7,25,-18,-7,9,3,6,-7,2,-1,5,23,-13,11,-1,-1,-3,-1,3,0,-2,-7,6,1,4,7,9,13,5,-13,2,-8,-8,23,-12,-14,-7,13,-1,4,-5,4,-4,6,-6,1,9,-9,51,-28,7,-6,23,-11,-1,-6,1,4,0,1,2,7,2,-2,1,-10,11,11,-1,-2,2,-1,5,2,1,7,2,6,-11,7,6,0,0,0,6,0,0,2,3,-3,-1,-3,-4,6,0,-1,-33,3,3,-4],"volumes":[4.3,0.75,7.75,8.11,27.2,52.4,71.0,17.93,26.26,16.84,11.87,11.13,42.0,45.61,31.27,27.92,10.01,10.51,8.5,5.0,47.18,75.16,26.23,13.0,21.9,25.5,47.27,47.51,1.69,20.89,37.63,27.61,117.91,32.26,17.33,25.95,4.8,1.65,12.61,24.38,9.46,16.08,10.48,13.28,13.18,17.03,9.43,26.27,17.65,39.61,19.14,25.81,89.83,30.93,67.32,58.01,41.03,20.83,12.25,13.13,75.44,64.94,77.21,86.19,81.33,118.58,59.83,54.85,95.01,81.62,21.82,42.4,54.27,61.38,28.7,79.78,23.43,59.06,55.06,90.83,20.47,32.17,82.69,118.35,98.51,94.01,48.61,85.99,64.61,171.04,102.61,86.12,198.97,96.77,59.64,71.2,34.82,39.3,55.55,52.1,43.2,38.03,8.85,45.31,19.12,30.13,93.87,40.92,25.52,31.34,60.3,46.73,52.01,95.18,71.38,29.43,152.29,55.28,30.42,43.32]}