{"timestamp":1388880000000,"multiplier":1.0E-5,"open":1.64026,"high":1.64026,"low":1.63994,"close":1.63999,"shift":60000,"times":[1321,1,1,1,1,1,1,1,1,1,1,1,1,1,1,1,1,1,1,1,1,1,1,1,1,1,2,1,1,1,1,1,1,1,1,1,1,1,1,1,1,1,1,1,1,1,1,1,1,1,1,1,1,1,1,1,1,1,1,1,1,1,1,1,1,1,1,1,1,1,1,1,1,1,1,1,1,1,1,1,1,1,1,1,1,1,1,1,1,1,1,1,1,1,1,1,1,1,1,1,1,1,1,1,1,1,1,1,1,1,1,1,1,1,1,1,1,1],"opens":[0,-27,41,-3,6,-6,2,1,-21,-13,-7,50,-24,-24,28,13,4,-34,-8,43,5,0,2,0,-8,24,0,0,-18,12,0,-1,0,6,-89,-11,60,-13,-5,7,6,-10,0,-7,12,10,-5,3,-7,22,19,11,-32,34,-6,0,23,2,54,-25,-68,-3,0,4,-2,1,4,2,5,-2,0,6,4,-7,6,-3,-2,0,-2,5,4,14,11,-4,7,-8,1,4,18,-20,-22,4,2,-3,10,-2,3,4,-2,0,12,38,1,0,16,-11,-14,-7,-2,4,-16,1,1,-4,0,-2,-25,9],"highs":[0,-4,33,3,0,1,-16,-3,-21,-13,36,7,-24,-1,25,-7,4,-34,28,20,-7,1,2,1,13,0,0,0,12,-4,-14,3,1,1,-89,51,-2,-13,-3,17,-1,-15,0,14,2,16,-22,9,-6,34,31,6,-33,10,1,29,3,39,0,-25,-66,-1,-4,4,9,-10,6,0,5,-1,5,4,0,-1,0,-3,-2,0,4,15,-7,23,-3,5,-2,-5,12,12,10,-30,-19,-2,1,16,-9,3,5,0,2,6,45,10,-17,16,0,-4,-21,-7,2,6,-21,0,1,5,-9,3,-18,14],"lows":[0,0,40,-4,11,-21,19,-54,21,-7,0,-14,13,-4,35,-17,0,-14,6,41,5,2,-4,0,-3,18,7,0,-18,12,-1,0,-1,-87,-6,0,43,2,-5,5,0,-11,11,-7,11,5,-3,7,-7,9,17,-12,-6,3,26,11,4,21,-1,-41,0,-3,3,1,1,1,4,1,5,-1,0,6,-3,0,1,0,0,-3,1,2,7,14,4,-2,7,-4,-2,8,-7,-18,0,5,-2,1,8,-1,4,0,0,2,-1,45,1,6,1,-9,-20,9,-4,-9,1,0,-7,6,0,-22,-9,7],"closes":[0,23,16,0,4,-3,4,-28,-5,-11,43,-23,-18,21,25,-7,-28,-10,38,7,3,4,-4,-2,22,-7,7,0,-6,0,-1,0,0,-83,-11,62,-15,-2,-2,8,-6,-7,7,8,7,5,-11,6,-2,34,5,-24,13,13,3,21,1,54,-25,-67,-4,0,0,2,1,0,6,-1,5,-1,6,2,-5,6,-3,-2,0,0,0,9,1,22,-4,7,-5,0,3,20,-23,-22,4,0,-1,10,-1,4,2,-2,0,13,41,-3,0,16,-9,-15,-11,1,4,-16,1,0,-3,1,-1,-22,5,13],"volumes":[5.5,9.05,9.26,14.09,25.66,22.03,6.08,30.88,14.2,16.35,17.03,38.27,12.0,23.0,20.5,19.26,17.63,30.97,23.5,22.26,6.5,2.0,4.13,15.0,20.8,10.7,2.14,5.35,7.88,4.75,3.0,6.0,15.0,35.18,18.0,16.0,15.52,3.26,6.38,14.75,24.0,4.13,3.0,31.88,19.0,14.75,7.25,7.0,6.0,18.25,51.21,46.13,37.74,33.74,16.37,47.2,65.29,73.37,70.01,53.69,21.57,29.19,7.5,9.0,9.75,1.15,2.91,5.1,4.6,13.7,8.74,7.0,20.35,10.44,10.25,8.5,1.0,6.9,4.3,15.86,5.15,17.0,17.0,19.58,10.25,22.3,42.23,88.7,74.65,37.07,13.5,5.5,19.9,29.0,17.19,21.47,6.75,31.39,15.5,11.0,76.13,34.41,17.58,14.0,11.5,22.63,31.14,7.13,22.33,89.26,13.81,8.8,6.5,15.05,1.0,26.1,31.27,84.53]}