{"timestamp":1390089600000,"multiplier":1.0E-5,"open":0.91009,"high":0.91015,"low":0.91008,"close":0.91015,"shift":60000,"times":[1321,1,1,1,1,1,1,1,1,1,1,1,1,1,1,1,1,1,1,1,1,1,1,1,1,1,1,1,1,1,1,1,1,1,1,1,1,1,1,1,1,1,1,1,1,1,1,1,1,1,1,1,1,1,1,1,1,1,1,1,1,1,1,1,1,1,1,1,1,1,1,1,1,1,1,1,1,1,1,1,1,1,1,1,1,1,1,1,1,1,1,1,1,1,1,1,1,1,1,1,1,1,1,1,1,1,1,1,1,1,1,1,1,1,1,1,1,1,1],"opens":[0,2,20,13,-5,0,6,13,-3,-2,2,-10,17,0,-9,4,-14,13,-12,11,-4,15,2,1,20,1,-9,-4,-5,1,8,-2,-2,5,7,-2,8,-10,2,7,-2,-2,2,0,0,-2,1,0,-16,-2,-1,1,-7,4,2,3,0,5,-5,9,6,13,-6,6,-5,-4,-4,13,22,0,3,0,-3,0,-2,-5,2,-6,7,-8,4,7,-6,-5,-7,-7,-1,-2,4,21,4,2,4,-5,-2,2,4,4,11,-1,8,0,3,-20,-2,-2,19,-3,-1,4,4,0,-10,0,-1,-2,1,-1,1],"highs":[0,5,21,14,-11,-2,22,-6,6,-1,-4,2,5,-4,-9,4,-1,0,-2,1,12,-1,3,22,0,0,-9,-5,-5,12,-3,-2,4,5,1,8,-2,-8,8,-1,-2,0,0,0,3,-3,3,-4,-16,-2,-1,1,-2,1,2,2,7,-3,1,13,12,0,-3,9,-2,2,-9,25,0,-3,3,0,-2,7,-10,4,-7,2,-1,-6,9,0,-6,-5,-5,-5,-5,4,23,1,1,4,0,-1,-4,7,0,12,0,7,0,5,1,-8,-17,17,0,-1,1,4,0,0,-10,0,-1,-2,1,1,4],"lows":[0,3,20,5,3,0,6,9,-1,0,-14,1,13,3,-4,-10,1,0,1,-2,8,12,6,0,21,-7,-2,-9,-2,3,6,1,-2,5,-4,9,-6,4,1,5,-3,1,1,0,0,-1,1,-19,3,-1,-4,-2,-1,-29,31,7,0,2,-6,6,3,0,12,3,0,-13,8,13,22,0,3,-3,0,0,-20,9,0,-6,5,0,4,-2,-2,-3,-9,-3,0,-2,4,21,2,0,3,-5,2,3,4,1,13,0,8,0,-18,-6,0,3,17,-1,-1,-4,8,-4,-2,0,-1,-2,0,0,1],"closes":[0,-1,27,-5,3,0,15,1,-2,2,-9,15,-5,0,-4,-10,11,-9,10,-9,19,-2,7,22,-1,-8,-1,-9,-1,11,-3,0,4,5,-2,10,-11,2,8,-4,0,0,1,0,1,-1,-1,-17,0,-1,-1,-5,4,0,3,2,3,-1,3,8,14,-10,10,-5,2,-10,13,22,0,0,3,-3,0,4,-13,1,-3,8,-9,2,9,-1,-10,-3,-9,2,-5,4,23,0,2,4,-5,-3,3,7,0,12,-1,8,0,3,-20,-7,3,19,-1,-1,2,4,-2,-6,-2,0,-1,-2,0,1,5],"volumes":[2.4,1.4,1.78,46.07,17.86,4.06,50.82,17.46,39.04,24.01,43.18,33.36,27.8,16.53,22.42,15.75,31.18,17.96,27.61,19.12,50.62,7.11,4.66,25.21,20.22,21.03,12.42,15.13,9.75,17.32,3.36,3.23,3.76,4.62,21.99,22.14,41.84,11.27,21.33,11.2,19.72,20.24,12.45,7.07,18.8,16.59,38.0,23.35,9.72,3.75,23.26,23.59,12.88,29.01,11.65,5.0,16.15,5.5,18.26,76.94,89.75,103.9,50.6,74.39,53.24,48.28,56.72,70.73,10.24,28.18,7.92,20.5,30.51,41.07,60.1,25.73,7.87,62.73,20.63,12.0,4.4,33.67,24.57,6.51,24.22,39.98,9.2,16.76,32.27,53.15,21.39,42.37,4.55,28.39,13.84,46.35,20.29,30.07,3.06,18.07,6.99,12.03,43.8,30.44,26.16,21.42,8.96,12.16,8.45,20.84,19.95,48.68,2.38,16.01,3.67,1.34,5.1,24.74,22.94]}