{"timestamp":1472947200000,"multiplier":1.0E-5,"open":0.98266,"high":0.98314,"low":0.98248,"close":0.98276,"shift":60000,"times":[1266,1,1,1,1,1,1,1,1,1,1,1,1,1,1,2,1,1,2,2,1,1,1,1,1,1,1,1,1,1,1,1,1,1,1,1,1,1,1,1,1,1,1,1,1,1,1,1,1,1,1,1,1,1,1,1,1,1,1,1,1,1,1,1,1,1,1,1,1,1,1,1,1,1,1,1,1,1,1,1,1,1,1,1,1,1,1,1,1,1,1,1,1,1,1,1,1,1,1,1,1,1,1,1,1,1,1,1,1,1,1,1,1,1,1,1,1,1,1,1,1,1,1,1,1,1,1,1,1,1,1,1,1,1,1,1,1,1,1,1,1,1,1,1,1,1,1,1,1,1,1,1,1,1,1,1,1,1,1,1,1,1,1,1,1,1,1,1,1,1,1],"opens":[0,11,15,-14,9,-17,-4,0,12,-3,-2,0,-1,15,-11,-1,1,0,11,-13,13,-11,3,6,-5,-3,-10,4,11,-11,-1,3,-2,-1,2,-3,-2,-1,1,-4,3,-4,0,1,0,0,0,-12,0,-34,71,25,35,5,-4,-6,5,2,-5,8,24,-4,-9,-24,-17,0,-3,8,-18,-14,2,20,-4,12,8,0,-3,4,-1,3,-1,3,3,4,-9,-1,2,0,-11,-8,-23,-2,0,-4,0,12,-3,2,-2,8,-5,2,-9,0,11,24,2,11,4,3,-5,-5,-31,-21,26,5,-1,-5,1,9,-15,1,-9,0,-14,-4,3,3,-16,10,0,-3,-1,0,0,1,1,3,-10,3,-15,-2,7,-3,2,3,-2,2,-12,2,-1,7,-12,5,6,-9,-1,0,10,4,6,1,3,-2,1,-7,8,10,-3,-4,4],"highs":[0,31,-2,-63,7,-9,0,0,0,7,0,0,2,0,-11,-1,1,0,11,-13,13,-11,5,12,-6,-10,-7,1,11,-9,10,-9,-1,10,0,99,-102,-1,2,-14,9,-9,5,1,-6,0,-4,-11,0,33,24,43,4,2,-8,-1,2,0,14,22,-7,1,-13,-18,-27,1,4,5,-23,-12,20,2,11,9,0,-6,1,4,-1,1,1,3,0,3,-8,-1,5,0,-13,-10,-14,-6,2,-8,9,0,1,1,3,4,-5,5,-12,19,16,2,16,-1,2,8,-10,-2,-35,4,6,-5,-1,-4,10,-1,-14,0,-5,-4,-11,-1,1,-1,-3,-2,0,-3,1,1,0,2,3,-3,-9,1,-9,2,-2,1,0,1,1,-2,-6,-4,9,-1,-11,9,0,-4,-4,11,0,6,2,2,3,3,-5,0,14,-5,-2,-1,1],"lows":[0,26,3,1,-11,0,-1,0,4,2,1,-1,0,15,-11,-1,1,-2,0,0,1,1,3,3,-20,3,2,3,-1,2,-1,1,0,-1,0,-8,0,0,0,0,0,0,0,0,0,0,-49,-11,15,0,61,30,29,0,1,-1,10,-23,13,12,17,-1,-26,-21,0,0,1,-10,-14,0,0,18,0,13,8,-3,0,3,0,2,0,3,3,-3,-5,2,2,-12,-10,-20,-2,0,-12,7,0,6,-1,-2,3,7,-1,-8,2,-7,13,26,2,11,3,-3,0,-31,-21,-9,25,4,0,5,-4,-1,0,-11,1,-14,-6,3,3,-15,2,9,-2,-1,-2,1,1,1,1,-12,1,-11,1,1,0,3,2,1,0,-10,1,-2,1,-6,2,2,-3,3,-5,3,10,2,6,5,-8,9,-6,0,8,2,-4,-1,3],"closes":[0,34,-14,-17,-12,11,0,-11,10,8,-12,0,3,11,-11,-1,1,-1,0,-1,1,1,5,12,-29,1,5,0,11,-10,2,-2,2,0,-3,6,-9,-1,14,-13,9,-13,-1,0,0,1,-11,0,-34,66,24,39,6,-2,-8,6,2,-7,9,24,-3,-9,-26,-20,4,-3,8,-18,-15,3,20,-3,11,7,7,-9,4,-1,4,1,1,2,1,-4,-2,-1,3,-13,-7,-23,-2,0,-5,1,12,-3,0,0,8,-5,2,-9,0,11,25,1,8,7,6,-6,-7,-31,-20,25,5,-6,0,1,9,-14,0,-9,-1,-14,-3,5,1,-16,9,1,-3,-1,-1,1,1,1,3,-10,-1,-7,-6,7,-7,5,3,-1,-1,-9,2,-1,8,-16,3,12,-11,0,0,9,5,6,2,1,-1,1,-4,5,9,-2,-3,3,-4],"volumes":[38.83,94.37,49.17,13.1,21.09,11.48,6.24,6.24,16.72,9.86,6.24,13.36,9.86,1.0,2.62,2.62,2.62,13.1,6.24,2.62,3.62,5.24,15.72,14.1,20.34,8.86,10.48,12.36,15.1,18.34,8.86,14.98,7.12,11.48,8.24,78.63,49.25,67.5,40.5,77.0,95.5,108.5,98.25,60.75,107.87,71.0,80.0,99.25,85.49,209.5,129.0,167.42,297.87,238.38,165.59,199.71,117.74,219.05,195.11,287.77,128.25,164.94,270.75,134.93,54.5,126.69,135.52,155.93,115.3,93.62,95.96,38.37,164.64,105.3,77.43,133.34,32.96,160.25,45.75,6.5,8.75,27.75,10.5,16.5,23.87,10.5,4.5,78.71,138.1,139.86,115.87,154.0,85.96,34.25,53.5,60.75,36.61,35.37,45.87,60.25,115.12,134.73,46.23,130.97,79.61,92.36,117.71,53.62,43.87,70.25,31.25,107.5,133.5,129.86,92.37,57.0,57.0,28.0,56.5,76.5,40.5,111.04,54.94,52.98,155.05,84.36,90.72,162.75,88.87,17.0,29.75,30.49,64.24,102.65,50.62,75.74,53.87,48.24,42.62,80.0,88.35,128.07,117.36,41.25,138.47,29.5,20.25,116.85,153.11,162.15,126.41,113.83,89.61,91.84,93.22,60.87,65.47,121.97,67.48,72.37,88.12,30.5,144.92,105.28,109.21,83.09,137.65,99.61,87.97,94.1,189.85]}