{"timestamp":1474156800000,"multiplier":1.0E-5,"open":1.29959,"high":1.30006,"low":1.29959,"close":1.30006,"shift":60000,"times":[1260,1,2,1,1,1,1,1,1,1,1,1,1,1,1,1,1,1,1,1,1,1,1,1,1,1,1,1,1,1,1,1,1,1,1,1,1,1,1,1,1,1,1,1,1,1,1,1,1,1,1,1,1,1,1,1,1,1,1,1,1,1,1,1,1,1,1,1,1,1,1,1,1,1,1,1,1,1,1,1,1,1,1,1,1,1,1,1,1,1,1,1,1,1,1,1,1,1,1,1,1,1,1,1,1,1,1,1,1,1,1,1,1,1,1,1,1,1,1,1,1,1,1,1,1,1,1,1,1,1,1,1,1,1,1,1,1,1,1,1,1,1,1,1,1,1,1,1,1,1,1,1,1,1,1,1,1,1,1,1,1,1,1,1,1,1,1,1,1,1,1,1,1,1,1,1,1,1,1],"opens":[0,46,14,-23,-17,6,0,-2,0,2,0,0,5,0,7,-7,22,4,-23,-2,4,6,-7,22,-22,-13,3,-3,-1,-1,-1,6,0,0,-6,-1,1,-4,0,2,1,1,5,-1,6,-3,7,-1,7,0,1,3,-4,1,9,0,21,0,0,10,1,-10,15,1,0,2,-2,9,1,2,-1,-2,9,-9,7,2,-1,10,9,-7,6,-5,10,2,2,0,5,-2,-5,-4,13,-5,4,11,8,1,-28,58,12,-19,8,10,-9,-10,7,-1,6,2,20,9,3,-9,1,-5,-1,-4,1,5,3,0,-4,0,-2,3,13,4,-9,-16,3,-7,1,-20,-3,-19,-9,0,5,-7,-6,15,-1,-11,-12,1,10,-20,-5,-6,-4,2,-1,-2,5,3,18,48,3,-4,-9,37,7,-18,8,10,7,-1,0,0,-11,-3,5,-8,-7,-3,-6,-12,7,-2,-26],"highs":[0,0,13,-15,-19,0,6,-8,6,-4,0,5,0,8,0,14,5,2,-26,2,21,0,-3,5,-23,-10,3,-7,-1,-1,5,0,0,1,-7,0,0,-4,2,28,-16,-5,1,4,4,1,-1,10,1,0,0,26,-26,5,1,28,-7,-1,11,5,-5,7,2,-2,16,-15,10,2,-3,2,-1,8,-2,19,-18,1,9,-1,8,-1,2,7,0,5,-5,5,3,-5,-5,16,-6,-1,19,4,-4,0,32,12,1,-13,11,2,-10,3,-6,4,4,18,10,1,0,-8,-1,-5,0,9,-2,1,15,-19,-1,-3,1,22,-4,-1,-9,-6,-1,-5,-6,-20,-4,-7,-17,1,10,-15,15,7,-9,-15,-12,10,7,-28,-3,-2,-7,-2,6,0,6,12,47,5,0,-6,30,7,1,-10,13,4,-3,0,0,0,-9,6,-4,-10,-8,-2,1,-12,0,-3,20],"lows":[0,38,-1,0,-19,8,-3,0,1,2,-2,2,5,0,0,0,15,-12,-2,0,3,0,0,-2,-11,-1,1,-2,0,-1,0,6,0,-6,-1,0,-2,-1,0,1,2,1,4,0,4,-1,5,0,8,0,0,-3,3,0,1,-1,26,4,0,7,-8,1,17,-1,-1,3,-3,10,2,1,-8,7,0,0,4,1,3,10,-6,7,1,1,9,-2,6,-7,9,-5,-8,6,8,0,0,14,7,-33,8,55,-7,3,8,-8,-1,0,5,0,1,4,15,12,-1,0,-7,2,-3,0,1,5,1,-3,0,-12,11,2,14,-3,-18,-5,0,1,-19,-3,-25,-4,-10,11,-4,-9,4,8,-7,-17,7,1,-16,-9,-3,1,2,1,-2,1,4,2,13,47,3,-6,-4,40,-11,0,8,11,0,3,-6,-7,0,0,0,-12,2,-6,-14,0,7,-26,0],"closes":[0,-9,-1,1,-12,0,-2,0,2,0,0,5,0,7,-7,22,4,-23,-2,4,21,-22,19,-19,-13,3,-3,-1,-1,-1,6,0,0,-6,-1,1,-3,-1,2,5,-3,5,-1,6,-2,5,0,7,0,0,3,-3,1,9,0,21,0,0,10,1,-9,14,3,-2,1,-1,10,0,-1,1,-1,9,-9,7,2,-2,11,1,0,7,-5,10,2,2,0,5,-4,-1,-10,17,-5,3,13,8,0,-30,60,12,-19,8,11,-10,-10,8,-2,6,2,20,3,7,-7,1,-5,0,-5,1,5,3,8,-13,4,-5,3,13,5,-8,-18,5,-10,2,-20,-3,-25,-3,0,4,-6,-6,17,-3,-11,-12,1,10,-20,-5,-6,-4,1,0,-2,6,2,19,47,3,-4,-9,37,7,-19,9,10,7,-1,0,0,-10,-4,6,-8,-8,-3,-6,-12,8,-3,-25,5],"volumes":[1.12,4.5,6.0,6.0,12.07,5.0,46.0,9.75,17.67,30.5,33.43,49.97,23.0,48.0,32.87,31.36,13.25,33.87,49.0,33.0,43.75,43.37,24.75,27.0,60.13,51.01,53.2,60.07,63.91,122.14,76.92,33.49,27.58,20.34,41.37,104.41,102.44,1.97,55.7,47.85,49.3,29.04,34.04,27.85,20.28,20.07,11.11,13.6,20.68,28.52,25.52,18.21,38.38,55.57,14.12,88.35,154.9,55.81,30.69,74.93,68.25,137.65,2.6,16.95,90.18,4.8,25.22,35.72,10.86,12.0,23.8,20.8,87.54,137.23,75.55,79.05,38.55,16.5,64.12,54.0,67.45,63.54,15.5,28.95,8.0,35.75,30.0,11.5,26.6,55.52,103.5,102.74,169.36,71.83,85.37,73.41,272.22,135.08,83.15,44.48,155.21,308.75,151.28,151.44,212.77,367.1,168.24,135.92,361.73,112.47,63.06,65.23,140.18,112.95,156.19,71.08,101.93,78.48,94.82,108.81,13.0,27.5,8.0,142.76,52.25,15.0,79.45,83.43,222.39,131.57,137.35,74.36,294.55,267.17,405.57,399.66,505.48,130.59,373.65,662.19,460.05,204.9,40.74,53.14,154.35,181.65,158.94,230.32,251.0,287.52,251.64,156.83,270.36,684.83,442.83,84.42,108.19,46.44,84.28,137.75,177.0,221.14,213.14,50.75,174.76,51.5,162.12,401.93,617.37,488.09,128.49,72.03,45.08,94.95,211.08,116.93,104.05,134.86,474.28]}