{"timestamp":1472947200000,"multiplier":1.0E-5,"open":0.9794,"high":0.97974,"low":0.97933,"close":0.97948,"shift":60000,"times":[1260,1,1,1,1,1,1,1,1,1,1,1,1,1,1,1,1,1,1,1,2,1,1,1,1,1,1,1,1,1,1,1,1,1,1,1,1,1,1,1,1,1,1,1,1,1,1,1,1,1,1,1,1,1,1,1,1,1,1,1,1,1,1,1,1,1,1,1,1,1,1,1,1,1,1,1,1,1,1,1,1,1,1,1,1,1,1,1,1,1,2,1,1,1,1,1,1,1,1,1,1,1,1,1,1,1,1,1,1,1,1,1,1,1,1,1,1,1,1,1,1,1,1,1,1,1,1,1,1,1,1,1,1,1,1,1,1,1,1,1,1,1,1,1,1,1,1,1,1,1,1,1,1,1,1,1,1,1,1,1,1,1,1,1,1,1,1,1,1,1,1,1,1,1,1,1,1,1],"opens":[0,7,-1,36,-49,54,0,0,13,4,0,10,-10,0,0,0,-9,-4,7,-1,0,1,0,6,-22,8,30,-18,-1,1,-8,0,0,22,-7,7,0,-4,4,0,-1,1,0,0,0,0,0,12,-3,0,1,1,-4,-7,0,-3,0,0,22,1,-7,-7,-8,1,-1,22,0,-1,0,-15,19,8,-18,1,-10,0,0,-8,9,-1,0,-8,0,-1,1,0,-4,3,-3,2,1,0,0,9,0,-8,6,4,5,3,3,1,-2,0,1,-1,0,0,1,11,-2,-3,0,0,-12,1,0,-9,1,-18,-5,1,1,1,-1,-1,1,-1,-5,-1,-2,2,0,0,1,-1,2,-1,0,2,3,10,-2,13,-2,-3,3,-1,-2,1,0,3,-3,0,0,0,-3,0,4,-2,-8,1,-1,-1,-1,4,-1,-3,2,-3,11,0,2,-10,-2,-1,7,-1],"highs":[0,-27,40,-5,5,0,20,-7,7,-3,10,1,-11,0,0,0,-9,5,-1,0,-1,0,35,-29,-11,-2,36,1,-26,0,-8,0,22,0,0,0,0,0,0,0,0,0,0,0,0,7,5,0,-3,2,0,0,-4,-7,0,-3,0,23,19,4,-12,-25,-4,-2,22,2,-1,-3,-1,4,10,1,-18,-2,-10,1,0,0,0,0,-1,-8,0,0,0,0,-1,0,0,0,0,1,9,0,-1,-2,4,6,2,3,1,0,-2,0,1,-1,0,2,9,1,-2,0,-3,1,-12,0,0,-8,1,-19,-3,1,1,0,0,-2,0,-1,-5,-1,0,0,0,3,-2,3,-2,0,1,2,11,1,10,0,-2,-1,1,1,-2,-1,3,0,-1,-2,2,0,2,0,-2,-1,-8,-1,-1,0,3,0,-2,-1,0,9,0,1,0,-10,-1,6,0,-2],"lows":[0,14,-1,-2,-11,-57,111,0,13,4,0,0,0,0,0,-22,9,0,-8,-2,16,1,0,-3,-14,9,30,-19,0,-10,3,0,0,22,-7,4,0,-1,4,-4,3,1,0,0,0,0,0,8,1,-1,2,0,-10,0,-3,0,0,0,22,-16,2,-7,-2,-1,3,20,-9,9,-15,1,19,-11,0,-9,-1,0,-3,-3,9,-2,-8,-2,0,1,1,0,-3,1,-1,2,1,-1,1,9,-9,0,7,4,5,3,2,-1,0,0,0,0,-2,-1,5,7,0,-2,1,-15,0,0,-5,0,-18,-12,8,1,1,-3,3,-1,1,-6,-3,1,-1,-5,4,3,-2,2,1,-1,1,0,4,11,-2,10,-2,0,2,-1,-1,-1,2,0,0,-1,0,-7,5,0,2,-8,-3,2,0,-2,1,1,-1,-1,0,0,8,3,-9,-1,-1,0,3,1],"closes":[0,-1,40,-43,43,-4,4,13,4,0,10,-10,0,0,0,-11,-2,7,1,-2,1,0,22,-23,-7,1,35,-25,1,-8,0,0,22,0,0,0,0,0,0,-1,1,0,0,0,0,0,12,-3,0,2,0,0,-11,0,-3,0,0,22,1,-7,-8,-7,0,0,21,3,-3,0,-15,19,9,-19,1,-11,0,2,-1,1,0,0,-9,0,-1,1,-1,0,0,0,0,0,0,0,9,0,-9,7,4,5,3,3,0,-1,0,0,0,0,0,2,9,-3,1,-2,0,-12,1,0,-9,1,-18,-4,0,2,-1,0,0,-1,1,-6,-1,0,0,0,0,1,-1,2,-1,1,0,3,11,0,10,-1,-3,2,0,2,-3,-1,4,-3,0,0,0,-3,0,4,-2,-8,1,-2,0,-1,4,-1,-3,2,-3,12,-3,4,-10,-2,-1,7,-1,0],"volumes":[3.71,1.12,2.62,2.24,5.62,38.5,15.49,9.0,4.75,6.0,10.75,12.5,3.75,1.5,1.5,11.57,5.0,12.0,7.2,13.62,7.0,6.0,27.72,10.49,6.69,6.0,6.0,11.25,6.5,26.5,12.0,6.0,52.59,3.0,5.24,12.36,26.08,9.48,61.0,60.0,51.56,13.0,23.0,60.0,16.0,43.34,46.68,7.49,2.0,20.46,5.0,8.0,14.24,20.25,17.25,21.0,51.0,39.73,34.0,95.87,12.6,1.4,56.14,66.24,156.75,302.48,290.76,96.0,53.75,76.09,292.5,693.75,889.5,374.11,4.5,10.0,5.81,13.28,1.0,28.28,58.77,9.96,19.84,25.92,13.0,13.5,5.11,5.19,2.62,2.0,9.86,18.45,21.35,6.5,64.03,30.96,13.0,23.22,34.08,32.52,12.71,15.71,19.84,15.03,20.46,5.87,37.31,26.1,43.7,29.59,11.98,26.76,11.12,44.07,31.61,34.94,31.82,20.72,41.45,46.7,7.85,12.12,10.23,18.99,23.34,7.0,2.0,7.24,28.2,6.36,2.87,39.71,12.76,13.47,8.73,52.04,13.37,11.47,11.22,21.97,31.71,10.11,46.77,13.51,12.36,44.82,14.86,21.6,36.24,46.39,11.99,12.56,11.51,12.2,29.49,46.39,30.44,33.71,9.88,46.09,36.16,25.74,14.43,42.83,46.0,24.11,17.05,26.5,18.81,64.02,47.76,28.41,68.41,8.45,24.89,43.85,39.81,19.09]}