{"timestamp":1510444800000,"multiplier":1.0E-5,"open":0.99522,"high":0.9957,"low":0.99521,"close":0.9957,"shift":60000,"times":[1320,1,1,1,1,1,1,1,1,1,1,1,1,1,1,1,1,1,1,1,1,1,1,1,1,1,1,1,1,1,1,1,1,1,1,1,1,1,1,1,1,1,1,1,1,1,1,1,1,1,1,1,1,1,1,1,1,1,1,1,1,1,1,1,1,1,1,1,1,1,1,1,1,1,1,1,1,1,1,1,1,1,1,1,1,1,1,1,1,1,1,1,1,1,1,1,1,1,1,1,1,1,1,1,1,1,1,1,1,1,1,1,1,1,1,1,1,1,1,1],"opens":[0,56,-44,50,0,-13,6,-8,-2,0,18,-12,4,-3,-1,1,2,0,-6,-8,5,-1,-2,0,0,-1,5,1,-16,3,4,4,9,20,0,-2,12,-13,1,-15,-11,0,-2,2,13,6,-7,11,-31,6,5,55,5,-60,26,13,7,9,12,-22,19,8,-4,-2,-7,2,0,-2,1,2,1,5,0,-4,9,6,-7,7,-3,-11,1,-1,1,0,0,0,-2,1,1,-1,-1,2,0,-4,3,0,1,1,2,3,-7,5,-3,0,1,6,2,8,1,0,10,1,-10,9,-9,0,6,-1,0,1],"highs":[0,8,6,2,1,-11,1,-8,-2,19,14,-12,12,-19,0,-3,0,-2,1,-6,-4,-1,-1,-1,4,-1,1,2,-6,-7,12,4,19,1,0,-2,15,-15,0,-15,-11,0,0,13,8,-2,5,-1,6,-29,84,-22,1,-34,41,-28,10,34,-16,0,6,10,-12,-3,-2,-1,-1,-3,2,-1,9,-3,2,4,7,-1,-1,0,-3,-8,-2,1,-1,1,-1,1,0,-1,1,-1,0,0,0,-1,4,-1,-2,1,4,1,-4,3,-4,4,3,2,9,0,0,2,13,0,-12,7,-9,6,0,2,-2,0],"lows":[0,47,-34,49,-26,14,1,-3,-2,0,-2,-6,14,-3,1,3,2,-14,4,-4,0,4,-2,-1,1,-4,8,-14,-1,3,-4,12,9,20,-7,1,6,-17,-1,1,-11,-2,0,2,12,-4,4,-20,-4,10,5,44,-49,-1,32,13,3,11,-9,-2,11,12,0,0,-11,5,-6,5,1,0,1,6,-2,-2,9,0,0,3,-10,0,0,0,1,0,0,-1,-1,2,0,0,-5,0,2,-1,4,-4,3,-4,9,-2,-2,0,1,-1,3,6,2,6,1,2,10,-9,0,0,-2,2,5,-3,3,-7],"closes":[0,-2,16,-1,-11,4,-4,-3,-2,19,-21,-6,17,5,-4,0,-1,-10,2,-1,-5,4,-1,-1,1,2,1,-14,2,1,-2,18,19,1,-7,1,6,-2,-13,-2,-11,-2,2,12,9,-10,12,-31,8,-1,60,2,-59,27,13,0,10,18,-20,13,13,-4,-3,0,-11,4,5,-4,2,0,7,-1,-4,8,7,-7,7,-4,-10,-1,2,-2,1,1,0,0,0,-1,1,0,-1,1,-4,2,2,0,-1,1,5,-4,1,-3,1,2,5,3,8,1,-1,1,14,-13,2,-2,-2,8,0,0,0,-2],"volumes":[6.0,2.25,3.75,5.25,10.75,4.0,4.37,12.96,1.37,26.66,28.8,64.3,25.1,11.0,13.0,4.0,3.0,12.05,6.0,17.5,8.3,1.0,1.3,1.2,4.9,12.45,1.05,12.75,11.1,3.35,32.0,12.85,5.9,9.54,8.17,2.0,6.0,8.57,7.38,1.0,18.0,31.0,29.2,7.85,6.0,16.0,13.0,26.4,24.25,4.3,32.19,35.69,64.59,98.55,36.69,4.12,11.86,41.43,18.32,19.28,28.94,65.67,36.96,24.58,40.43,25.5,53.53,25.57,29.58,17.19,47.23,48.81,48.69,107.81,257.08,88.31,32.62,55.15,118.39,125.49,55.0,33.49,30.12,55.01,20.22,48.19,50.08,22.92,59.66,58.22,114.14,62.01,32.57,27.78,32.38,56.14,27.34,37.13,11.5,10.56,4.14,28.92,16.41,57.33,22.5,17.36,124.25,33.05,58.47,23.77,82.84,61.3,88.82,50.27,42.77,40.5,25.25,59.77,29.38,30.37]}