{"timestamp":1510444800000,"multiplier":1.0E-5,"open":1.26866,"high":1.26866,"low":1.26866,"close":1.26866,"shift":60000,"times":[1320,1,1,1,1,1,1,1,1,1,1,1,1,1,1,1,1,1,1,1,1,1,1,1,1,1,1,1,1,1,1,1,1,1,1,1,1,1,1,1,1,1,1,1,1,1,1,1,1,1,1,1,1,1,1,1,1,1,1,1,1,1,1,1,1,1,1,1,1,1,1,1,1,1,1,1,1,1,1,1,1,1,1,1,1,1,1,1,1,1,1,1,1,1,1,1,1,1,1,1,1,1,1,1,1,1,1,1,1,1,1,1,1,1,1,1,1,1,1,1],"opens":[0,-4,0,0,0,-8,-4,-1,-1,-4,-4,14,-21,11,4,0,5,-1,-2,2,1,0,0,-1,0,0,0,1,23,-22,-15,13,-6,-1,-4,13,2,-3,2,-2,1,1,4,1,11,-4,3,1,5,-12,14,0,0,-3,-5,37,6,-1,3,-3,2,-8,-5,1,0,11,-2,4,0,0,-4,3,8,2,-2,4,-7,0,0,-6,-6,2,2,-19,2,4,-1,0,0,0,0,-3,-16,-4,-2,14,0,-2,10,2,-3,2,-2,-3,-1,4,4,7,0,-2,4,0,-8,0,5,3,-2,7,12,0],"highs":[0,-4,0,0,1,-1,-10,5,-9,12,-19,16,-6,-3,0,5,0,0,-3,6,-2,2,-3,-1,0,2,0,26,-4,-14,-10,0,11,-18,9,2,0,-3,2,-1,1,4,0,12,1,0,1,4,3,-2,1,1,-1,-4,35,4,1,1,1,0,-2,-9,0,-3,10,0,6,-2,0,-2,3,8,0,-1,1,3,-6,-4,0,-5,-4,3,-2,-17,4,0,-1,0,5,0,-4,-4,-16,-2,11,0,5,8,-3,-1,-1,0,0,-3,1,6,7,0,0,1,-1,0,-6,3,4,0,4,13,1,4],"lows":[0,-4,0,0,-8,-7,2,-10,0,0,-3,-5,1,12,0,4,3,1,-2,2,1,-1,1,-1,0,0,0,1,-4,-10,0,0,-2,4,0,13,-2,-1,4,-2,0,2,0,2,3,5,0,6,-7,0,10,1,-2,-3,0,37,5,-1,-3,1,-5,-3,-1,0,2,2,7,-1,3,-3,1,3,8,0,0,-4,0,0,-6,-7,0,0,-13,-4,5,4,0,-4,4,0,-3,-19,-6,3,-2,13,1,0,9,-2,1,1,-5,0,-1,6,3,6,-1,0,3,-7,-1,0,6,1,1,7,11,1],"closes":[0,-4,0,0,-8,-7,2,-1,-4,-4,1,-9,15,1,0,5,-1,1,-3,3,1,-2,1,-1,0,2,0,26,-25,-14,11,-6,-1,-4,13,2,-4,0,3,-1,1,4,-2,14,-11,10,3,2,-11,14,-3,3,-3,-5,38,5,-1,3,-3,-1,-5,-5,1,1,10,-2,5,-1,0,-4,5,6,1,1,2,-7,0,-1,-6,-5,3,3,-20,0,5,-1,0,0,0,0,-3,-19,-3,0,13,1,-2,12,-2,-1,0,2,-4,-2,4,3,8,-1,-1,4,0,-8,-1,6,3,-1,6,13,-2,6],"volumes":[2.25,2.25,4.5,3.75,6.0,24.5,42.5,55.0,52.0,23.0,34.0,23.0,20.5,6.0,10.0,23.0,44.5,61.5,1.0,7.0,2.5,8.0,1.0,1.5,16.0,20.0,3.0,4.25,14.0,20.0,15.0,5.0,33.0,6.0,10.75,10.0,13.0,27.5,4.0,5.5,8.5,13.5,23.25,14.0,9.5,12.25,9.0,7.5,9.0,17.37,15.0,9.0,29.74,7.85,58.61,52.84,85.21,52.84,97.12,62.73,112.28,72.33,52.91,39.72,29.53,48.46,89.6,51.22,40.7,24.31,71.3,61.85,88.43,96.66,33.59,47.85,80.44,57.94,112.7,96.91,96.01,43.19,70.67,73.13,50.23,13.0,7.0,7.62,45.17,34.9,41.0,134.15,107.34,50.57,96.09,104.17,55.97,63.24,195.9,206.82,85.47,75.08,71.79,89.68,53.71,92.17,155.17,169.34,83.37,94.22,40.85,88.69,163.24,168.16,105.74,105.69,162.84,156.6,89.2,130.73]}