{"timestamp":1509840000000,"multiplier":1.0E-5,"open":1.27609,"high":1.27609,"low":1.27609,"close":1.27609,"shift":60000,"times":[1320,1,1,1,1,1,1,1,1,1,1,1,1,2,1,1,1,1,1,1,1,2,3,1,1,1,1,1,1,1,1,1,1,1,1,1,1,1,1,1,1,1,1,1,1,1,1,1,1,1,1,1,1,1,1,1,1,1,1,1,1,1,1,1,1,1,1,1,1,1,1,1,1,1,1,2,1,1,1,1,1,1,1,1,1,1,1,1,1,1,1,1,1,1,1,1,1,1,1,1,1,1,1,1,1,1,1,1,1,1,1,1,1,1,1],"opens":[0,0,8,16,-24,42,-28,-2,13,-11,-3,24,-1,-3,-10,1,-4,0,2,-1,-3,3,1,1,-1,1,0,-3,-2,2,-2,1,8,1,-3,6,0,1,1,-8,0,3,2,-1,1,2,-2,-5,0,-3,1,-4,1,1,13,-1,2,-2,10,12,-10,1,-15,-11,-1,7,0,-6,-4,-2,12,0,-5,-10,-1,0,-5,-2,-8,3,3,1,0,0,-1,11,16,23,4,0,-1,-1,2,1,-10,1,1,-4,6,-6,-2,0,-16,-1,-3,1,-9,3,-6,1,7,1,-3,-10,6],"highs":[0,0,9,15,-17,45,-35,9,-1,3,7,0,0,-4,-9,0,-3,1,0,1,-1,1,-1,1,0,0,0,-3,0,0,-1,8,2,6,-3,-1,0,2,0,-6,2,3,-2,2,10,-8,-4,1,-1,-6,0,-3,0,12,1,0,3,-1,20,2,-12,0,-12,-13,5,1,-1,-6,-3,9,2,1,-3,-15,-1,0,-5,-2,-5,4,0,1,0,-1,10,16,25,5,3,-3,-4,1,1,0,-9,1,0,2,0,-6,-2,1,-17,0,-3,0,-7,1,-5,7,1,0,-3,-6,2],"lows":[0,-31,30,19,-19,6,3,4,-3,0,0,26,-1,-16,2,-2,-3,3,1,-7,4,3,1,0,0,0,-8,5,-1,1,-1,0,6,0,1,6,0,0,-6,0,0,2,1,-1,3,0,-7,-4,1,-1,-2,2,1,1,12,0,-2,-1,12,2,0,-13,-16,1,3,5,-5,-5,0,0,11,-4,-11,-6,6,-7,-1,-10,2,4,2,1,0,0,0,11,16,23,4,-3,-1,1,2,-8,-3,2,-1,0,0,-2,-1,-13,-3,-2,-11,0,0,-2,1,0,7,-3,-9,-1,4],"closes":[0,0,-1,19,-12,12,-10,17,-12,-2,24,0,0,-14,1,-4,1,1,-1,-7,8,1,-1,0,0,0,-1,-2,1,-1,0,8,2,-4,6,0,0,2,-8,1,3,-1,2,-2,6,-3,-4,-1,-4,1,-5,2,1,12,0,0,0,3,18,-9,0,-14,-10,-2,6,1,-5,-6,-1,11,1,-5,-11,-1,1,-5,-2,-9,4,3,1,1,-1,0,10,16,23,4,0,0,-2,2,1,-10,1,1,-4,5,-5,-2,0,-13,-4,-2,0,-11,4,-5,0,7,1,-3,-10,4,0],"volumes":[1.5,8.24,1.86,2.61,13.11,13.66,12.25,8.5,22.37,20.04,9.7,1.0,2.0,8.0,3.0,5.0,6.0,3.0,3.0,13.11,10.1,6.45,2.69,3.48,5.0,2.0,10.47,10.62,7.0,13.48,23.54,90.18,22.56,48.07,14.54,8.1,8.37,10.27,17.85,13.02,39.05,45.98,31.8,30.6,52.68,35.03,117.88,171.38,97.05,19.02,34.49,16.44,15.25,52.75,29.88,11.09,88.57,27.98,63.48,81.54,61.3,68.06,122.51,113.45,77.67,103.72,108.3,91.02,55.28,73.09,27.71,59.02,98.91,97.68,2.25,44.84,55.05,62.92,46.17,31.69,42.23,19.85,42.99,17.03,41.43,71.1,87.6,26.35,26.99,120.3,99.51,49.4,20.61,20.68,27.62,26.73,43.47,20.19,54.67,22.85,74.74,54.55,54.46,38.18,93.64,51.61,20.93,85.64,55.44,57.21,11.56,52.26,66.45,50.95,44.55]}