{"timestamp":1680393600000,"multiplier":1.0E-5,"open":0.66829,"high":0.66829,"low":0.66829,"close":0.66829,"shift":60000,"times":[1264,1,1,1,1,1,1,1,1,1,1,1,1,1,1,1,1,1,1,1,1,1,2,1,1,1,1,1,1,1,1,1,1,1,1,1,1,1,1,1,1,1,1,1,1,1,1,1,1,1,2,1,1,1,1,1,1,1,1,1,1,1,1,1,1,1,1,1,1,1,1,1,1,1,1,1,1,1,1,1,1,1,1,1,1,1,1,1,1,1,1,1,1,1,1,1,1,1,1,1,1,1,1,1,1,1,1,1,1,1,1,1,1,1,1,1,1,1,1,1,1,1,1,1,1,1,1,1,1,1,1,1,1,1,1,1,1,1,1,1,1,1,1,1,1,1,1,1,1,1,1,1,1,1,1,1,1,1,1,1,1,1,1,1,1,1,1,1,1,1,1,1,1,1],"opens":[0,2,11,1,-17,-13,0,1,9,33,1,0,-1,-1,0,0,-8,11,-8,8,-12,0,4,-86,30,-1,13,-1,-12,-13,-13,5,0,0,-1,13,-1,1,0,2,3,0,0,24,-17,0,6,1,-4,-1,0,7,-2,0,10,-14,15,-7,-5,2,5,-3,-7,-20,-2,-4,-5,-21,16,4,-24,-18,10,0,-5,17,-6,7,3,-2,6,-5,5,12,1,-8,0,-3,4,-8,72,-12,2,8,0,-23,24,6,4,-16,-17,-2,10,0,-5,-4,10,-8,-15,-8,9,3,4,-6,-2,-1,-18,-6,1,7,8,-6,-7,1,-19,-17,8,6,-23,0,3,2,12,1,2,5,-3,-16,-6,6,7,-10,12,-1,-16,9,-7,-2,-8,-8,-22,6,9,-6,-9,4,-9,19,18,-9,1,-6,8,-2,-18,-20,-27,-5,12,14,-2,-7,-19,-21],"highs":[0,13,0,1,-14,-16,1,21,20,2,0,0,0,-1,4,-5,4,-1,-8,8,-11,2,1,-39,-9,8,-4,1,-14,-13,-8,0,0,0,-1,13,-1,1,5,0,0,0,27,3,-15,-7,6,1,-5,-1,9,-2,-2,12,12,-9,4,-15,-5,13,-4,-4,-8,-19,-3,-4,-4,-4,6,-4,-21,-9,4,-5,10,5,-3,6,-1,4,6,-6,12,3,-2,-4,-3,4,-1,61,5,-15,4,14,-12,0,9,5,-2,-13,-19,10,-3,2,-8,6,3,-11,-15,4,5,2,-3,2,-6,-5,-18,-4,11,5,-2,-1,-10,-1,-14,-9,2,-1,-16,3,-5,13,6,6,6,-5,-2,-21,3,5,-3,2,6,-3,-2,-5,-4,-9,-3,-13,-13,9,-3,-3,-3,-5,16,15,-3,-2,0,-4,3,-5,-18,-18,-26,5,14,5,-2,-13,-19,-21],"lows":[0,-9,9,-8,-1,-7,-5,6,9,28,5,1,-1,-2,-5,0,-5,5,0,-5,2,-3,-78,-6,35,-1,13,-14,-20,1,-8,7,0,0,-1,13,-1,1,-1,3,1,2,-4,9,0,2,6,-4,1,-1,0,7,-3,1,-8,2,7,-6,0,6,-5,-2,-17,-2,-20,5,-17,-1,15,-16,-17,-8,11,-1,-1,13,0,5,-4,0,7,-1,7,8,-12,-6,-2,13,-8,1,61,-1,0,8,-18,0,25,4,-9,-19,-2,1,7,-1,-7,-1,5,-14,-8,-5,13,-4,5,0,-14,-7,-11,5,1,6,1,-4,-4,-15,-19,1,9,-18,0,0,-6,10,12,1,3,-2,-12,-7,2,6,-10,4,14,-15,-5,5,-3,-10,-5,-22,-2,9,-3,-2,-4,-3,-3,18,5,6,-4,-2,10,-23,-25,-23,-9,10,10,11,-3,-20,-28,-54],"closes":[0,13,-9,-5,-8,-7,0,10,32,2,-1,1,0,-1,1,-7,6,-6,-1,3,-5,2,-84,25,4,12,0,-9,-20,-4,-2,1,0,0,-1,13,-1,1,2,3,0,0,27,-21,2,0,6,-5,1,-1,8,-1,-3,4,-9,19,-11,-6,2,6,-3,-3,-21,-2,-3,-7,-21,16,4,-23,-16,6,3,-7,16,-5,7,0,1,5,-4,5,14,2,-14,0,-1,5,-9,73,-13,2,6,1,-21,22,7,5,-15,-18,-1,11,-2,-4,-7,12,-8,-14,-8,8,3,4,-6,2,-7,-16,-7,3,4,11,-9,-4,-1,-18,-17,8,5,-23,0,6,0,13,-2,3,7,-3,-18,-4,7,5,-10,12,-1,-15,9,-7,-3,-11,-4,-22,6,8,-5,-9,2,-8,19,17,-10,2,-6,9,-2,-17,-19,-28,-6,12,13,1,-8,-18,-24,-31],"volumes":[0.22,36.65,21.8,19.6,9.7,3.1,19.05,7.3,6.3,8.55,3.6,2.4,2.4,3.6,18.6,9.6,7.8,13.2,21.6,18.9,2.4,7.6,11.46,12.65,6.2,27.57,1.2,13.65,12.05,7.15,10.5,4.0,1.2,4.8,1.2,1.2,1.2,2.4,14.4,8.4,8.4,2.4,56.7,104.7,55.99,3.6,3.9,31.04,1.3,2.3,7.9,3.6,2.4,9.19,87.94,64.42,33.52,15.02,28.62,51.82,52.8,50.56,53.75,14.54,87.4,49.64,68.54,47.06,41.79,79.19,77.46,97.74,69.0,28.48,51.02,84.39,80.53,54.66,58.93,93.73,85.95,53.22,16.82,12.0,73.23,70.94,98.77,51.28,186.84,134.06,137.47,90.99,68.96,110.51,103.94,84.93,62.22,62.34,79.27,79.86,42.61,40.91,44.18,38.15,45.78,54.72,39.6,39.67,46.2,55.52,44.92,33.74,18.36,20.58,98.92,43.94,50.97,18.04,27.6,17.25,15.07,39.74,42.44,49.79,96.1,82.64,46.8,58.28,54.39,85.97,87.75,38.4,45.6,79.86,100.12,72.6,64.0,97.28,43.2,39.52,56.83,59.34,45.66,59.17,52.26,42.6,45.0,31.9,34.92,54.11,45.52,58.8,29.24,30.0,80.62,37.2,62.04,65.0,88.56,68.67,58.88,33.58,34.73,59.86,126.95,102.74,122.17,75.55,67.12,90.32,40.56,64.67,147.0,276.88]}