{"timestamp":1680393600000,"multiplier":0.001,"open":7201.629,"high":7207.689,"low":7198.569,"close":7198.659,"shift":60000,"times":[1430,1,1,1,1,1,1,1,1,1],"opens":[0,-3030,-1060,-3910,1940,7970,-1540,4570,1970,3148],"highs":[0,-9090,-1060,-1540,8000,2198,1462,3528,1000,1502],"lows":[0,-3030,-2000,30,2000,5000,1430,4570,1060,3000],"closes":[0,-1090,-4000,1970,7120,-1120,5460,2000,2570,-940],"volumes":[0.047603,0.0102,0.01198,0.01072,0.02123,0.01795,0.01089,0.0136,0.00892,0.01164]}