{"timestamp":1681084800000,"multiplier":0.001,"open":7274.277,"high":7287.689,"low":7274.277,"close":7280.697,"shift":60000,"times":[1430,1,1,1,1,1,1,1,1,1],"opens":[0,5460,-2738,-3000,1570,-30,-940,1030,-5060,-1030],"highs":[0,-7142,-3548,-460,-850,2000,0,-1690,-5430,2030],"lows":[0,1890,-2538,30,-1090,2000,-30,-2940,-2600,-340],"closes":[0,-4440,-1258,1540,-1970,1430,600,-4940,-2660,1630],"volumes":[0.025788,0.00607,0.00432,0.00768,0.00384,0.00528,0.00816,0.00624,0.0024,0.00576]}