{"timestamp":1680393600000,"multiplier":1.0E-5,"open":1.08398,"high":1.08403,"low":1.08398,"close":1.08403,"shift":60000,"times":[1260,1,1,1,1,1,1,1,1,1,1,1,1,1,2,1,1,2,1,1,1,1,1,1,1,1,1,1,1,1,1,1,1,1,1,2,1,1,1,1,3,2,2,1,1,3,2,1,1,1,1,1,1,1,1,1,1,1,1,1,1,1,1,1,1,1,1,1,1,1,1,1,1,1,1,1,1,1,1,1,1,1,1,1,1,1,1,1,1,1,1,1,1,1,1,1,1,1,1,1,1,1,1,1,1,1,1,1,1,1,1,1,1,1,1,1,1,1,1,1,1,1,1,1,1,1,1,1,1,1,1,1,1,1,1,1,1,1,1,1,1,1,1,1,1,1,1,1,1,1,1,1,1,1,1,1,1,1,1,1,1,1,1,1,1,1,1,1,1,1],"opens":[0,5,2,6,3,-9,0,11,10,0,10,1,-8,5,2,0,0,0,0,0,-1,3,-1,-2,2,-13,-6,0,-3,0,3,-1,-2,-15,3,-1,0,1,-2,2,0,-2,2,6,0,7,0,-3,-2,5,2,-65,1,2,0,4,24,3,-21,-12,-5,-10,-4,-1,2,-3,-1,-13,6,-15,-11,13,0,5,8,4,11,-16,2,-10,14,-30,-25,-26,-20,-150,72,-16,45,7,17,8,0,5,7,0,-3,7,32,-1,-10,-15,-20,-23,-13,-4,21,-1,3,0,-5,28,-5,-5,5,0,11,2,-33,6,-29,-24,-1,20,-5,-10,-5,17,1,2,12,-27,3,-5,-29,4,21,-12,2,-3,-35,30,2,-8,2,-1,-27,-1,-11,-8,16,0,-5,6,12,-18,-5,-15,6,4,-21,9,-31,0,11,7,12,6,-16,-29],"highs":[0,2,6,1,2,4,-5,14,0,8,3,-1,-2,1,4,-4,0,0,0,0,-1,3,1,-4,3,-14,-5,-1,9,-10,1,0,-3,-10,-2,-1,0,1,-1,3,-2,-2,9,-1,6,1,2,-5,13,-7,-1,-26,-25,-5,-1,30,-3,-1,-18,-14,-6,-10,1,-2,4,2,-10,-5,-3,-14,2,15,-8,5,10,4,1,-5,-9,11,-8,-22,-33,-26,-20,-63,21,-1,5,14,11,-2,6,8,6,-9,2,34,2,-4,-10,-13,-18,-27,-10,14,3,0,0,0,24,0,-7,0,10,1,2,1,-28,0,-25,-19,10,0,-5,0,2,6,2,10,0,-29,11,-12,-26,22,0,-11,0,-3,-3,3,-4,-8,9,-5,-30,1,-12,11,0,-4,4,10,1,-16,-9,-8,6,1,-8,-6,-28,13,1,15,6,-4,-16,-20],"lows":[0,5,2,6,-7,1,0,3,18,0,10,-8,0,6,2,0,0,0,0,0,-1,3,-1,-2,0,-23,6,-4,0,1,3,-5,-11,-2,1,1,0,-2,0,3,-2,0,2,6,0,7,-1,-6,-2,-3,-51,-3,2,3,0,5,16,-10,-13,-5,-10,-18,12,-1,-4,4,-13,-8,-12,0,-9,21,2,4,5,7,-4,0,-9,-3,-26,-28,-30,-5,-148,-26,74,12,43,-6,30,5,4,6,3,-3,4,4,32,-8,-18,-18,-24,-22,8,-2,22,-2,4,-6,0,24,-8,2,5,1,5,-27,-2,-19,-28,-6,9,6,-1,-8,-2,21,-3,7,-15,-10,7,-32,-6,14,7,-7,6,-33,0,24,-6,0,5,-30,-1,-13,-6,5,13,-7,5,3,-3,-5,-23,6,8,-17,-14,-21,-10,21,1,18,12,-18,-26,-6],"closes":[0,2,5,2,-7,6,-6,22,0,8,1,-8,7,1,0,0,0,0,0,0,-1,3,1,-4,2,-20,1,-2,2,-1,1,-4,-12,1,-1,0,0,0,-1,4,-4,0,8,0,6,1,0,-7,6,3,-65,1,2,0,4,30,-3,-21,-11,-6,-11,-3,-3,2,-1,-2,-12,4,-13,-11,13,0,5,8,5,10,-15,2,-12,16,-31,-24,-27,-20,-150,77,-21,46,8,16,6,1,6,7,-2,-2,6,34,-3,-9,-16,-18,-26,-12,-2,20,0,2,1,-7,30,-6,-6,5,0,11,2,-32,6,-28,-26,0,19,-4,-10,-5,16,0,4,10,-25,0,0,-30,4,22,-13,2,-3,-34,28,4,-10,0,1,-28,1,-13,-11,19,2,-5,6,9,-16,-3,-16,6,5,-23,10,-32,0,13,4,12,7,-16,-29,-2],"volumes":[2.7,3.12,5.38,3.6,3.36,14.94,13.05,7.42,1.8,3.6,4.5,7.2,13.5,4.5,8.1,9.0,3.6,5.04,0.9,5.4,1.8,4.14,12.42,0.9,32.58,14.52,45.54,16.78,30.1,4.36,4.14,37.26,38.16,9.67,2.24,2.24,1.12,2.56,1.88,4.26,2.02,2.24,1.78,0.22,2.02,0.9,6.3,1.8,66.96,151.74,223.31,226.2,168.75,119.7,104.4,178.65,220.05,84.15,117.9,72.9,186.2,181.14,150.97,295.6,122.78,228.09,97.24,185.66,143.64,84.81,342.32,681.75,317.35,170.67,229.64,190.12,198.67,180.67,105.28,137.74,220.95,311.66,486.26,459.92,574.49,429.44,273.76,93.86,49.08,117.36,249.48,121.5,148.05,201.6,114.52,59.04,8.1,76.74,87.34,65.7,194.72,77.61,172.62,319.53,161.32,32.4,46.89,20.79,26.93,90.88,299.8,134.46,371.61,174.27,74.09,72.84,51.69,257.97,185.22,76.68,190.63,169.14,98.39,45.9,40.2,113.72,96.97,108.88,115.82,71.86,109.46,81.39,143.71,157.42,83.68,129.78,73.63,119.06,89.55,109.35,131.01,48.15,98.21,94.68,71.55,116.91,45.45,114.57,173.8,112.44,83.79,63.9,134.19,100.47,172.96,75.82,129.36,97.69,47.34,79.2,165.65,217.74,315.7,99.54,120.3,142.42,205.5,213.9,273.48,335.73]}