{"timestamp":1574553600000,"multiplier":1.0E-5,"open":1.1017,"high":1.10175,"low":1.10164,"close":1.10175,"shift":60000,"times":[1320,1,1,2,1,1,1,2,1,1,1,1,1,1,1,1,1,1,1,1,1,1,1,1,1,1,1,1,1,1,1,1,1,1,1,1,1,1,1,1,1,1,1,1,1,1,1,1,1,1,1,1,1,1,1,1,1,1,1,1,1,1,1,1,1,1,1,1,1,1,1,1,1,1,1,1,1,1,1,1,1,1,1,1,1,1,1,1,1,1,1,1,1,1,1,1,1,1,1,1,1,1,1,1,1,1,1,1,1,1,1,1,1,1,1,1,1,1],"opens":[0,5,0,0,0,9,-9,0,4,9,8,-1,4,-2,0,2,-4,8,-1,1,6,-1,1,0,0,1,0,0,0,-5,1,2,-3,0,-1,1,-1,1,0,1,5,-1,0,2,3,-1,2,-2,2,-5,3,7,0,-1,0,0,-1,0,-1,-2,-3,0,5,-3,-1,3,1,-1,0,-1,-3,0,0,1,0,0,0,-2,1,0,-1,-2,2,0,-4,-5,3,7,-1,4,1,-3,-3,1,0,-1,-4,-5,3,11,-1,-1,-3,6,-2,1,-1,1,-1,5,-4,-1,2,2,1,1,-1,3],"highs":[0,0,0,0,13,-4,-6,2,10,6,6,-1,0,2,0,-3,5,-2,12,-4,-2,0,1,-1,1,0,1,0,1,-3,-1,0,-3,1,-1,2,-1,1,-1,8,-2,-2,1,3,2,0,0,4,-3,-2,5,1,0,1,-1,-1,0,-1,0,-1,-2,3,0,-3,2,0,0,-1,1,-1,-1,-1,-1,0,0,0,0,-2,1,0,0,0,-1,1,-5,-1,5,2,2,6,-5,-3,-1,-1,0,-1,-4,0,10,0,-1,0,1,0,0,0,0,0,4,0,-3,-1,4,1,0,0,-1,4],"lows":[0,11,0,-13,13,0,0,0,3,8,7,0,4,-3,2,-3,1,8,-6,6,5,1,1,0,0,0,1,-1,-4,0,1,-5,2,0,0,1,0,0,0,2,5,-2,1,1,3,-1,1,0,-2,-1,3,5,1,-1,-3,3,0,0,-5,-2,0,1,2,-1,-1,4,-1,1,-3,-1,0,0,-1,0,0,0,0,0,-1,0,0,-1,2,-5,-6,2,3,5,0,5,-3,-1,-1,0,-1,-3,-6,1,3,8,-1,-1,0,4,0,0,0,0,0,0,0,-1,2,-1,4,1,0,2],"closes":[0,0,0,0,13,-13,0,3,10,7,0,2,3,-4,1,-1,6,0,0,6,1,0,1,-1,1,0,1,-1,-2,-1,0,-3,0,1,0,0,0,-1,1,9,-3,-2,2,3,0,1,0,0,-3,2,6,0,0,-1,1,0,0,-1,-4,-3,1,5,-3,0,2,0,0,0,-1,-3,1,-1,0,0,0,0,-1,0,0,-1,1,0,0,-5,-3,3,5,1,3,2,-4,-2,1,-1,-1,-4,-5,3,12,-1,-2,-2,5,-1,1,-1,0,-1,5,-5,0,1,5,0,-1,1,0,4],"volumes":[23.74,9.98,27.96,187.1,84.6,206.76,39.71,83.2,50.44,61.13,35.82,23.45,8.05,28.02,49.51,108.58,97.67,10.1,77.58,86.05,8.22,6.37,1.5,6.0,22.65,5.21,7.42,10.77,7.99,6.03,3.77,19.48,9.56,24.0,23.83,10.32,19.32,23.64,15.37,8.45,14.63,4.69,1.88,37.45,9.19,21.19,14.65,12.95,11.07,15.21,71.52,14.08,21.76,43.01,63.08,3.21,5.44,2.25,246.0,76.93,37.75,27.7,24.77,16.89,17.64,9.2,15.01,4.49,17.74,21.94,35.79,23.8,15.37,17.63,19.86,22.32,12.74,0.94,6.38,8.81,9.01,12.37,0.75,42.2,33.98,22.5,19.57,11.07,23.08,53.47,49.34,23.6,12.82,6.94,19.1,27.78,32.26,45.55,58.34,35.72,36.27,23.07,25.2,36.73,14.07,12.38,10.31,12.21,45.11,50.08,20.36,44.06,14.72,46.52,56.17,14.72,12.63,77.57]}