{"timestamp":1574553600000,"multiplier":0.001,"open":1460.218,"high":1460.985,"low":1460.135,"close":1460.695,"shift":60000,"times":[1380,1,1,1,1,1,1,1,1,1,1,1,1,1,1,1,1,1,1,1,1,1,1,1,1,1,1,1,1,1,1,1,1,1,1,1,1,1,1,1,1,1,1,1,1,1,1,1,1,1,1,1,1,1,1,1,1,1,1,1],"opens":[0,300,140,-60,27,-137,50,-70,-300,80,-60,-13,50,150,-100,-60,0,-30,70,-260,0,20,-90,-60,0,-20,-40,-100,120,30,-50,193,27,90,80,-190,70,130,-90,20,-20,-50,-10,100,20,400,0,-10,-40,-80,-100,150,10,-180,20,130,40,-280,20,0],"highs":[0,100,-300,-80,30,-110,30,-150,-230,0,20,-70,180,60,-70,-140,-40,10,60,-280,20,-10,-90,30,-20,-90,153,-153,60,10,90,100,30,90,10,-100,70,0,-70,60,-80,10,20,30,390,430,-350,-80,-30,-90,50,30,-20,-180,220,-20,-10,-190,-70,160],"lows":[0,10,333,-20,10,20,-40,-400,70,40,-3,20,10,50,-30,-10,0,-10,-320,-20,150,-110,-70,-60,43,-213,50,63,127,-20,0,150,50,110,-100,-20,80,30,10,-10,-70,-60,80,20,100,390,-100,50,-60,-210,70,110,-190,-10,120,80,-190,-10,30,0],"closes":[0,-27,-130,-80,147,-47,-110,-270,30,-30,-23,20,190,-90,-70,30,-40,20,-210,0,20,-140,-10,40,-70,-70,-70,120,10,-20,190,10,90,30,-120,0,180,-80,20,-20,-70,0,100,30,390,10,10,-50,-80,-110,150,30,-200,0,130,70,-290,50,-30,160],"volumes":[0.03098,0.02686,0.02539,0.01236,0.00629,0.01156,0.00772,0.01095,0.0108,0.01468,0.01025,0.00388,0.01009,0.0184,0.01221,0.00481,7.4E-4,0.00259,0.01296,0.02146,7.4E-4,0.00814,0.00925,0.02054,0.00686,0.01525,0.01712,0.00674,0.00592,0.00978,0.00452,0.00649,0.01272,0.00999,0.00777,0.0111,0.00744,0.00968,0.00357,0.00481,0.00222,0.00518,0.00259,0.00777,0.01332,0.03552,0.02452,0.00888,0.00713,0.00822,0.01578,0.00736,0.01036,0.00499,0.01258,0.0119,0.00666,0.00889,0.0037,0.00706]}