{"timestamp":1651363200000,"multiplier":1.0E-5,"open":0.70682,"high":0.70682,"low":0.70682,"close":0.70682,"shift":60000,"times":[1262,1,1,1,1,1,1,1,1,1,1,1,1,1,1,1,1,1,1,1,1,1,1,1,1,1,1,2,1,1,1,1,1,1,1,1,1,1,1,1,1,1,1,1,1,1,1,1,1,1,1,1,1,1,1,1,1,1,1,1,1,1,1,1,1,1,1,1,1,1,1,1,1,1,1,1,1,1,1,1,1,1,1,1,1,1,1,1,1,1,1,1,1,1,1,1,1,1,1,1,1,1,1,1,1,1,1,1,1,1,1,1,1,1,1,1,1,1,1,1,1,1,1,1,1,1,1,1,1,1,1,1,1,1,1,1,1,1,1,1,1,1,1,1,1,1,1,1,1,1,1,1,1,1,1,1,1,1,1,1,1,1,1,1,1,1,1,1,1,1,1,1,1,1,1,1,1],"opens":[0,15,-3,-10,-21,-19,15,0,0,0,0,5,-4,1,-1,16,-5,0,5,-6,1,15,-2,2,15,-15,0,0,-10,-5,0,2,12,1,-10,0,0,0,-13,3,7,-8,-2,0,3,1,-5,1,-1,-1,0,3,-1,1,0,3,-1,-3,-2,7,-2,-2,18,16,21,-32,24,-4,23,5,-26,7,13,-11,5,15,-5,14,-22,-16,-13,-15,-24,-7,10,1,26,-17,9,-10,0,-32,-18,-19,22,23,-18,15,-9,12,23,-7,-12,11,4,-13,16,11,5,1,7,7,13,1,9,1,1,-31,3,1,1,-21,7,-3,11,-4,4,3,2,0,-4,-3,30,9,-4,-4,12,0,10,3,4,-12,-7,-10,-3,-8,7,4,1,-10,-16,3,7,8,0,-2,1,10,-9,-11,-17,-9,-10,8,6,-2,-24,6,6,25,4,2,-24,-24,24,-24,-1],"highs":[0,15,-3,-9,-22,-5,1,7,-7,0,12,-7,-4,5,12,-1,-5,5,0,-3,11,3,-1,18,-3,-15,0,0,-10,-5,2,14,-2,1,-10,7,-7,0,-11,1,7,-4,-5,0,5,-2,-4,2,1,-2,1,3,-4,4,-4,5,-3,-3,3,8,0,14,11,24,-4,-5,0,16,8,-3,4,-10,4,-12,23,-5,11,-3,-22,-16,-13,-15,-24,-1,14,25,-8,-6,-2,2,-12,-30,-18,10,13,12,-12,-2,5,20,1,-7,10,-1,0,5,3,11,-4,7,4,14,9,2,5,4,-7,-13,-14,9,1,-13,-9,6,3,-3,10,-6,6,-1,-7,25,18,-4,-2,7,3,8,2,3,-1,-8,-12,-11,1,-6,13,0,-7,-10,-13,7,12,-2,4,-5,10,3,-8,-17,-17,0,-9,9,-5,2,-17,9,22,4,0,-3,-23,1,4,-24,-5],"lows":[0,-3,-8,-12,4,-19,15,0,0,-1,1,2,-1,0,0,16,-6,1,-1,0,1,6,7,2,0,0,0,-14,-2,1,0,2,12,-10,1,0,-1,-14,2,3,-1,-1,-1,0,0,-17,13,4,-2,0,0,1,1,1,0,3,-1,-22,9,10,0,0,19,12,-12,5,15,5,22,-20,-2,3,9,-12,14,8,4,-5,-20,-22,-8,-29,-6,-4,16,6,-6,10,0,0,-35,-35,4,0,23,5,0,-4,8,14,-4,2,1,16,-10,0,14,10,-5,15,7,-4,15,6,0,13,-36,5,-13,13,-18,4,-7,3,9,-2,11,-1,2,-2,-6,6,30,-1,2,0,1,4,17,3,-12,-1,-21,0,-3,0,6,1,-7,-13,-8,11,7,-11,5,3,10,-7,-9,-10,-11,-10,0,1,3,-20,5,6,6,22,5,-20,-28,-4,8,-11,-17],"closes":[0,-3,-8,-12,4,-5,1,7,-7,-1,13,-10,-1,1,16,-1,-5,5,-5,0,13,0,2,15,-15,0,0,-10,-5,0,2,11,1,-10,1,0,-1,-14,4,1,-1,4,-5,0,-1,-6,6,0,-2,3,-2,1,0,5,-4,5,-3,-5,2,1,0,18,17,20,-33,24,-5,24,9,-29,8,12,-10,2,20,-8,17,-22,-19,-13,-12,-25,-10,6,6,25,-14,7,-9,1,-36,-16,-17,19,22,-16,15,-8,11,21,-6,-10,11,2,-13,16,12,7,-6,10,7,14,1,10,3,-1,-31,6,-3,-2,-21,12,-6,12,-1,0,7,-2,1,-5,-1,28,12,-9,0,15,-3,11,3,3,-9,-5,-13,-6,-7,6,4,2,-10,-16,3,5,12,-2,-3,4,9,-16,-5,-16,-10,-10,9,6,-3,-25,6,7,25,4,3,-25,-24,22,-22,-3,-22],"volumes":[0.88,3.12,1.71,10.88,1.2,2.1,7.5,3.9,5.46,4.5,8.4,2.4,1.5,9.88,4.18,2.4,4.2,3.6,5.08,5.24,3.3,15.3,8.4,4.5,8.4,4.8,1.2,11.68,8.54,1.34,7.2,7.5,1.5,7.2,4.8,11.54,2.4,17.84,5.33,1.2,12.53,10.11,6.0,5.7,16.87,27.6,8.93,14.79,14.22,10.2,6.3,8.77,5.54,4.57,5.98,5.03,0.23,24.27,36.02,58.89,89.92,55.41,76.06,141.59,118.03,44.6,60.38,90.62,23.08,54.4,130.98,89.18,108.88,74.39,92.09,38.64,54.28,47.17,106.4,138.09,110.84,158.8,45.56,79.44,62.84,73.2,105.47,90.71,43.88,62.32,105.39,127.28,66.44,58.32,70.85,127.85,60.6,71.77,45.9,41.74,99.34,89.62,110.17,79.22,64.57,56.18,37.87,111.17,131.27,70.5,26.1,62.22,42.12,39.0,72.74,39.6,104.94,108.48,203.11,122.51,142.32,97.46,94.7,105.82,58.92,57.14,84.33,109.12,27.0,43.27,71.52,94.07,62.7,55.39,31.18,41.89,86.32,89.01,120.73,42.37,54.76,33.05,70.51,40.41,30.14,34.34,40.94,145.24,46.66,32.85,58.94,34.6,69.62,85.79,57.42,31.2,46.2,62.98,57.28,84.62,51.18,67.14,116.97,74.56,36.0,88.13,30.48,147.48,222.44,199.12,111.06,106.3,56.82,84.65,82.75,94.98,92.78]}