{"timestamp":1652572800000,"multiplier":1.0E-5,"open":1.22369,"high":1.2242,"low":1.22369,"close":1.2242,"shift":60000,"times":[1261,1,1,1,1,1,1,1,1,1,1,1,1,2,1,1,1,1,1,1,1,1,1,1,1,1,1,1,1,1,1,1,1,1,1,1,1,1,1,1,1,1,1,1,1,1,1,2,1,1,2,1,1,2,1,1,1,1,1,1,1,1,1,1,1,1,1,1,1,1,1,1,1,1,1,1,1,1,1,1,1,1,1,1,1,1,1,1,1,1,1,1,1,1,1,1,1,1,1,1,1,1,1,1,1,1,1,1,1,1,1,1,1,1,1,1,1,1,1,1,1,1,1,1,1,1,1,1,1,1,1,1,1,1,1,1,1,1,1,1,1,1,1,1,1,1,1,1,1,1,1,1,1,1,1,1,1,1,1,1,1,1,1,1,1,1,1,1,1,1,1,1,1,1,1],"opens":[0,51,0,0,0,24,21,29,1,0,1,8,-1,3,-13,-20,0,5,17,-1,3,2,4,0,2,5,0,0,0,0,0,0,0,0,0,0,0,0,-7,0,5,0,0,0,8,0,-30,7,-20,7,4,0,16,-15,-9,-11,39,-9,12,35,13,4,-9,-2,2,0,12,14,-10,-8,2,6,3,17,8,31,-6,25,-2,7,-2,-12,-1,-10,-24,-2,-15,-18,4,4,-12,-23,-4,-15,-10,-11,24,-3,-13,-2,6,20,-7,11,-19,6,-4,-2,5,18,-13,0,-11,15,-12,7,-11,-22,9,1,-2,1,-2,-2,12,-26,-2,-1,-2,-8,3,18,-1,2,17,-18,-20,21,-6,5,31,11,13,-16,-1,-4,-17,30,2,-11,31,23,-1,2,-5,-8,-30,16,41,-6,22,7,-14,-5,-11,0,-9,5,-11,6,31,-14,-5,-6,-12],"highs":[0,0,0,0,35,1,31,11,-3,1,8,0,1,1,-13,1,-21,22,0,2,1,6,0,1,5,0,0,0,0,0,0,0,0,0,5,-1,-4,5,-12,5,0,0,0,0,8,0,-23,1,-14,2,2,1,15,1,-25,36,2,25,20,8,3,-11,-6,-3,6,4,12,4,-8,8,10,-15,25,21,14,-3,21,-5,7,5,-7,-10,-2,-12,-24,-1,-16,-12,4,-3,-11,-23,-5,-14,-10,16,-3,1,-18,2,7,15,5,1,-21,6,-2,1,16,3,-12,1,0,7,-9,5,-18,-13,1,0,0,19,-16,5,-1,-19,0,-10,1,0,9,12,-1,11,-2,-19,0,2,1,29,10,25,-11,-14,-4,0,12,2,-1,13,21,9,9,-8,-5,-10,-1,32,0,12,10,-1,-9,-6,-13,6,-10,-4,-5,30,1,-14,7,-18,-8],"lows":[0,51,0,0,0,24,21,29,1,-13,2,18,1,1,-31,0,-20,25,17,-1,3,2,4,-4,6,5,0,0,0,0,0,0,0,0,0,0,0,-21,14,0,5,-17,17,0,8,-25,-5,-13,0,7,3,0,1,1,-24,0,27,1,14,33,17,-12,-1,1,7,-8,16,6,-8,0,2,9,4,12,11,5,21,22,2,5,-15,2,-17,-18,-3,-15,-19,2,5,-9,-23,-10,-9,-10,-12,2,22,-15,-8,6,1,19,0,-7,-2,-8,8,1,3,6,-9,-2,0,7,-6,-2,-28,6,5,2,-1,4,-6,-1,-11,-6,-1,-8,0,-1,-3,19,7,2,-2,-20,0,14,0,4,28,14,-4,-12,5,-16,5,28,-7,-3,34,12,10,-10,-2,-27,-2,16,30,-2,19,2,-9,-4,-9,-7,5,-18,9,6,19,-7,-6,-13,-5],"closes":[0,0,0,0,0,35,25,16,-1,-4,13,-1,1,0,-31,21,-29,29,1,2,0,2,4,2,5,0,0,0,0,0,0,0,0,0,1,-1,0,-7,0,5,0,0,0,0,8,-25,2,-19,5,2,2,2,0,3,-25,42,-8,12,31,12,7,-10,2,-4,5,7,13,-6,-9,0,12,-1,19,5,38,-11,25,-1,6,-1,-13,1,-13,-23,-3,-15,-16,4,3,-12,-22,-5,-16,-8,-13,28,-2,-18,-1,2,9,11,8,-18,-1,1,0,0,18,-10,1,-10,10,-4,3,-11,-22,9,1,-4,1,3,-4,11,-24,-3,-5,0,-7,-2,22,0,4,16,-20,-18,19,-7,7,30,12,15,-17,0,-8,-17,34,-2,-9,24,22,6,3,-6,-8,-27,15,39,-5,22,6,-11,-7,-8,-3,-9,5,-11,5,30,-11,-9,-3,-12,-9],"volumes":[4.16,5.92,3.33,0.36,5.49,3.51,4.23,10.35,0.9,8.1,4.05,4.05,2.25,6.3,2.52,6.44,2.34,4.12,0.9,13.2,12.48,1.68,0.48,9.22,6.5,3.6,2.64,1.92,4.43,1.43,2.86,2.53,0.11,0.55,5.27,15.18,4.07,10.7,13.31,32.97,0.11,1.78,0.33,1.54,0.33,1.01,3.15,6.52,4.95,4.5,1.8,4.5,2.06,6.5,4.05,186.36,103.96,171.94,169.13,86.79,31.72,69.77,56.38,21.73,54.87,63.42,31.93,14.38,77.96,36.0,35.89,19.8,76.55,107.92,62.1,67.46,31.95,17.1,36.45,14.4,35.1,14.85,45.45,45.45,4.05,29.7,38.24,25.2,41.4,64.8,81.67,36.45,13.05,20.7,16.96,19.35,15.75,30.6,33.75,9.9,7.2,13.5,8.55,10.35,2.7,13.05,6.75,3.6,13.05,23.4,49.95,70.65,57.6,30.15,41.4,63.45,41.85,11.25,22.5,11.7,24.3,25.74,31.95,53.1,91.35,84.6,32.4,82.62,68.71,78.75,58.41,45.45,51.71,50.81,28.26,36.9,46.8,96.36,28.8,45.0,40.81,86.71,179.3,123.39,127.35,130.53,98.95,75.27,88.87,102.44,44.55,31.6,92.7,68.43,68.4,89.25,108.62,72.45,60.52,63.99,63.89,59.53,65.01,58.95,39.06,89.85,46.64,50.87,77.85,25.87,61.58,14.85,50.83,69.48,44.38]}