{"timestamp":1214524800000,"multiplier":1.0E-5,"open":0.95767,"high":0.95797,"low":0.95767,"close":0.95777,"shift":60000,"times":[0,1,1,1,1,1,1,1,1,1,1,1,1,1,1,1,1,1,1,1,1,1,1,1,1,1,1,1,1,1,1,1,1,1,1,1,1,1,1,1,1,1,2,1,1,1,1,1,1,1,1,1,1,1,1,1,1,1,2,1,1,1,1,1,1,1,1,1,1,1,1,1,2,1,1,1,1,1,1,1,1,1,1,1,1,1,1,1,1,1,1,1,1,1,1,1,1,1,1,1,1,1,1,2,1,1,1,1,1,1,1,1,1,2,1,1,1,1,1,1,1,1,1,1,1,1,1,1,1,1,1,1,1,1,1,1,1,1,1,1,1,1,1,1,1,1,1,1,1,1,1,1,1,1,1,1,1,1,1,1,1,1,1,1,1,1,1,1,1,1,1,1,1,1,1,1,1,1,1,1,1,1,1,1,1,1,1,1,1,1,1,1,1,1,1,1,1,1,1,1,1,1,1,1,1,1,1,1,1,1,1,1,1,1,1,1,1,1,1,1,1,1,1,1,1,1,1,1,1,1,1,1,1,1,1,1,1,1,1,1,1,1,1,1,1,1,1,1,1,1,1,1,1,1,1,1,1,1,1,1,1,1,1,1,1,1,1,1,1,1,1,1,1,1,1,1,1,1,1,1,1,1,1,1,1,1,1,1,1,1,1,1,1,1,1,1,1,1,1,1,1,1,1,1,1,1,1,1,1,1,1,1,1,1,1,1,1,1,1,1,1,1,1,1,1,1,1,1,1,1,1,1,1,1,1,1,1,1,2,1,1,1,1,1,1,1,1,1,1,1,1,1,1,1,1,1,1,1,1,1,1,1,1,1,1,1,1,1,1,1,1,1,1,1,1,1,1,1,1,1,1,3,1,1,1,1,1,1,1,1,1,1,1,1,1,1,1,1,1,1,1,1,1,1,1,1,1,1,1,1,1,1,1,1,1,1,1,1,1,1,1,1,1,1,1,1,1,1,1,1,1,1,1,3,1,1,1,1,1,1,1,1,3,1,1,1,1,1,1,1,1,1,1,1,1,1,1,1,1,1,1,1,1,1,1,1,1,1,1,1,1,1,1,1,1,1,2,1,1,1,1,1,1,1,1,1,1,1,1,1,1,1,1,1,1,1,1,1,1,1,1,1,1,1,1,1,1,1,1,1,1,1,1,1,1,1,1,1,1,1,1,1,1,1,1,1,1,1,1,1,1,1,1,1,1,1,1,1,1,1,1,1,1,1,1,1,1,1,1,1,1,1,1,1,1,1,1,1,1,1,1,1,1,1,1,1,1,1,1,1,1,1,1,1,1,1,1,1,1,1,1,1,1,1,1,1,1,1,1,1,1,1,1,1,1,1,1,1,1,1,1,1,1,1,1,1,1,1,1,1,1,1,1,1,1,1,1,1,1,1,1,1,1,1,1,1,1,1,1,1,1,1,1,1,1,1,1,1,1,1,1,1,1,1,1,1,1,1,1,1,1,1,1,1,1,1,1,1,1,1,2,1,1,1,1,1,1,1,1,1,1,1,1,1,1,1,1,1,1,1,1,1,1,1,1,1,1,1,1,1,1,1,2,1,1,1,1,1,1,1,1,1,1,1,1,1,2,1,1,1,1,1,1,1,1,1,1,1,1,1,1,2,1,1,1,1,1,1,1,1,1,1,1,1,1,1,1,1,1,1,1,1,1,1,1,1,1,1,1,1,1,2,1,1,1,1,1,1,1,1,1,1,1,1,1,2,1,1,1,1,1,1,1,1,1,1,2,1,1,1,1,1,1,1,1,1,1,1,1,1,1,1,1,1,1,1,1,1,1,1,1,1,1,1,1,1,1,1,1,1,1,1,3,1,1,1,1,1,1,1,1,1,1,1,1,1,1,1,1,2,1,1,1,1,1,1,1,1,1,1,1,1,1,1,1,1,1,1,1,1,1,1,1,1,1,2,1,1,1,1,1,1,1,1,1,1,1,2,1,1,1,1,1,1,1,1,1,1,1,1,1,2,1,1,1,1,1,1,1,1,1,1,2,1,1,1,1,3,1,2,1,1,1,1,2,1,1,2,1,1,1,1,1,1,1,1,1,1,1,1,1,1,3,1,1,1],"opens":[0,11,-1,-10,13,-2,2,2,0,-7,3,14,30,-5,-5,0,-2,0,-5,2,-2,1,6,-3,28,5,8,-3,-7,30,1,16,35,-30,-12,5,1,-4,0,-10,-10,2,-2,5,-6,11,-9,-1,5,20,3,-3,10,-15,-7,-5,-3,15,-2,-13,-7,7,-17,-3,-2,-13,0,8,-1,-2,10,0,-5,10,0,-5,13,12,0,0,0,-16,0,-7,1,7,5,10,0,5,-16,-9,5,15,8,22,-3,8,5,43,-17,6,-22,0,30,18,33,-36,10,0,-7,-2,4,13,15,-13,-7,-3,0,-8,-12,-6,-39,-19,1,13,10,2,18,14,-12,-26,-16,52,30,12,21,5,-13,-33,-4,-14,19,-9,-22,-32,-19,-31,20,-25,-7,-6,-34,13,17,10,-10,5,6,-10,-66,22,-16,-25,6,-1,4,10,17,10,18,2,12,47,29,-17,6,2,-10,5,3,-10,-16,0,-27,4,17,21,3,14,-17,12,-30,7,-10,-13,-19,8,3,-16,30,-10,3,9,10,18,4,16,-6,26,-13,-2,15,12,-22,5,5,-20,-10,-3,-12,49,41,-27,10,21,26,-5,-38,-30,10,-22,17,-15,35,23,20,-25,5,-9,44,18,-3,-25,0,7,8,-8,-2,-10,1,4,10,0,38,9,53,12,50,0,22,-29,34,31,-45,-11,-7,-2,-30,-15,15,10,5,-3,5,23,4,72,9,-15,20,-10,-20,40,-23,-7,-20,24,-14,12,-2,9,13,-5,-31,4,-88,3,-1,-2,8,-23,25,-10,18,-8,15,43,-14,16,-17,-18,23,-12,-16,10,28,-16,-4,-9,-2,-4,-3,5,3,-8,3,-1,10,-1,-21,7,-4,5,-6,-5,-15,3,-2,13,1,-15,-2,-7,14,-8,-11,12,10,-2,-13,4,-19,2,0,36,20,-9,-11,0,-10,1,0,0,2,7,-6,-2,-2,1,-30,22,-3,0,10,-10,2,-6,4,10,-10,-16,8,-2,-9,9,0,0,0,0,0,10,-8,8,11,-1,-5,-14,0,18,-12,-17,-6,6,-12,-5,17,-15,-5,15,-4,9,23,-13,13,-8,-5,2,18,5,25,-6,-3,-7,3,13,-28,-2,0,0,7,-36,1,11,0,-12,3,0,-2,-10,20,-2,23,2,-9,14,15,-19,-34,1,-5,3,9,-2,-13,-12,18,9,14,8,-10,18,20,-26,9,-2,-10,-8,1,6,-30,1,-14,0,-17,20,1,4,19,-14,-29,20,0,9,-20,5,-5,10,0,-10,-20,-46,-33,4,-4,4,-13,-52,24,-9,31,-32,21,-12,-12,9,20,-30,20,-5,30,9,16,30,-7,17,-10,9,-10,-2,3,-21,5,-25,8,6,-9,-1,-9,-20,-13,-1,1,-1,-40,-20,12,-2,-10,1,-6,5,10,-16,-4,-9,-1,0,-33,14,29,0,10,12,1,4,-2,5,-3,1,-7,12,14,3,20,-8,8,-7,9,35,-5,-22,30,-9,12,2,0,-3,7,6,0,11,8,17,13,-4,-22,25,-13,-13,9,-7,15,2,40,48,10,-9,-10,7,-2,12,8,-16,-8,-4,-7,15,-8,23,-3,-38,-1,-3,12,-7,-1,28,7,5,13,53,37,-3,26,-2,7,-25,-43,18,3,0,-18,33,-19,30,-4,-38,2,26,-2,0,-7,2,2,-30,-20,-75,35,25,-28,9,-9,-2,5,-8,-5,0,30,-5,-25,-1,-1,2,-5,11,-6,0,-3,1,23,39,-42,-23,0,3,-2,-8,-3,-20,-7,-5,-10,-14,29,-18,8,-14,24,10,2,-2,2,-17,0,-1,-12,-3,4,2,10,-5,-10,12,-22,3,13,0,8,11,15,-3,1,-3,-10,5,12,-2,-13,-22,1,9,-6,6,-3,-3,10,-12,11,-1,1,22,-3,-5,-25,20,-16,11,-16,39,11,-1,1,-8,5,-17,4,10,8,-6,5,5,3,0,10,3,-5,10,2,10,-1,6,-6,-34,46,3,-10,4,1,3,31,-3,-3,5,4,-1,-20,-42,-3,37,-8,0,-5,4,-3,5,35,15,5,-1,-9,3,-30,-6,-53,-9,10,-23,-2,-4,3,-9,15,7,19,-20,6,-15,2,6,-13,4,10,4,10,-6,-19,-1,-2,-2,-2,2,3,-5,-72,14,-21,6,0,5,-6,0,1,-26,11,17,-2,5,-10,-4,14,0,-8,1,-7,-11,-5,12,-13,-2,-1,-7,-10,-16,-6,0,-7,10,16,13,1,0,-3,0,0,5,13,-5,0,7,20,5,-6,7,-8,-23,-18,-38,12,9,-3,-19,5,7,-14,44,8,-28,-12,5,2,3,15,15,-3,25,-2,-5,-2,-3,1,9,-8,-3,-7,-18,-2,23,20,22,-72,46,26,2,-19,-3,-5,2,0,-2,13,-15,5,-1,-24,0],"highs":[0,-16,0,-4,3,17,-10,0,-5,-5,10,30,30,-30,0,0,0,-7,-5,22,0,-10,0,10,60,-40,3,-3,20,10,10,63,-28,-25,0,0,-11,1,0,-10,-8,-2,0,0,5,0,5,-10,20,10,-7,-3,10,-15,-7,1,1,5,-2,-13,-7,7,-10,-6,-6,-3,5,0,0,-10,10,5,5,0,-5,5,20,-5,5,0,-5,-14,-1,0,10,10,10,-10,0,0,-10,-10,10,15,25,5,-5,2,48,20,-30,-3,-22,36,29,6,14,-27,7,10,-22,2,0,8,22,-20,-6,-1,7,-15,-8,-13,-36,0,-13,35,-17,17,21,-7,-11,-23,35,57,-12,40,-20,0,-13,-27,-10,10,0,0,-30,-26,-26,-1,-12,2,-37,-6,-14,12,8,10,-10,20,-10,-19,-1,-40,-10,-30,5,5,10,15,25,0,0,20,44,36,-2,-13,0,-4,-1,10,-10,-11,-9,0,-20,60,-26,6,0,5,5,0,-35,5,-13,-12,-13,18,-14,24,-6,-7,13,0,10,25,5,0,20,0,-10,20,32,-30,-12,10,-10,-20,40,-50,30,40,12,-22,30,20,10,-20,-38,-12,-3,-7,20,0,40,0,0,-10,0,30,11,9,-10,-20,0,20,-10,0,-10,-8,10,10,-5,45,8,90,-30,50,32,0,-13,8,36,-8,-43,-5,-7,-10,-20,-10,30,-10,10,0,30,-10,80,10,10,-20,20,-10,-10,10,-23,3,0,10,-10,0,10,10,-8,-5,-27,0,-55,-5,1,9,-18,-7,-3,3,5,20,40,-10,0,20,-25,5,-10,10,-30,17,13,-10,-10,8,-3,-13,-2,12,18,-38,12,-2,8,0,-20,-1,2,0,-6,-3,6,11,-11,-8,0,2,-12,0,20,-29,19,-10,21,-11,-10,0,-10,-10,20,20,10,-9,-1,0,0,-19,4,-3,1,7,-6,0,-4,4,-4,1,-9,0,8,10,-10,-14,4,10,0,-10,10,-20,4,-1,-3,0,0,30,-20,0,0,10,20,-20,-5,-14,19,1,-11,-20,0,0,-12,12,0,-15,5,10,0,32,-9,-3,10,-15,5,-5,28,7,20,-10,0,-7,-3,10,-28,8,0,0,0,-39,31,-12,-7,7,-10,0,-8,15,3,10,10,0,35,-15,2,-25,-17,-10,-6,6,10,-12,2,-4,4,15,10,0,-3,18,10,-9,-8,2,-14,-1,0,0,-26,-3,-11,-3,-7,11,9,15,5,-16,-14,11,-8,7,-10,-5,-5,10,0,0,-30,-40,-30,0,0,0,-10,-20,-10,30,0,-16,-4,-17,7,20,-10,-10,0,20,20,10,30,0,2,18,0,-10,-5,5,-10,-10,0,-20,10,-7,-3,0,-16,-20,-13,20,-18,-3,-40,1,-9,8,15,-25,-10,0,10,0,-20,0,-10,0,-20,30,0,20,1,10,-1,0,0,0,0,0,0,30,0,10,0,1,-1,0,40,-1,11,-15,5,10,0,0,0,2,8,0,10,5,39,16,-26,-4,14,0,-24,4,0,16,0,28,54,12,-10,-4,-8,0,21,7,0,-20,-10,0,0,0,20,6,-12,-32,-9,17,11,-21,17,23,-6,13,53,50,-13,25,-2,30,-25,-25,-20,20,-20,0,20,-7,15,2,-10,-32,27,-4,0,0,1,-2,2,-31,-26,-18,13,-10,-20,1,-1,4,-9,-5,0,10,20,-13,-25,8,-10,2,9,-1,-8,0,6,22,34,-2,-42,-20,0,0,0,-8,-2,-23,-7,-5,-5,7,10,-12,-5,2,18,5,0,0,-3,-12,-2,-4,-8,3,-6,4,8,-1,0,0,-24,25,-9,8,18,10,-2,0,-2,-3,-5,7,5,0,-15,-19,12,-5,2,-2,10,-5,0,2,10,-10,26,-6,-5,-5,-2,-3,-6,4,15,17,-1,0,0,-3,0,-8,10,12,0,-15,13,-3,3,7,3,3,10,0,-3,13,6,4,-13,22,-4,-4,-9,7,0,42,-11,-3,2,10,-5,-2,-20,-42,29,9,-9,-3,4,4,-5,35,18,1,4,-6,-5,-1,-19,-17,-53,3,5,-30,-2,-1,0,8,15,17,-8,-14,0,-10,0,3,0,2,0,8,25,-20,-20,-1,-7,2,0,-1,0,-3,-58,0,-20,3,0,5,-5,0,0,-13,14,1,13,-10,0,-5,5,0,2,-7,-9,-6,4,0,-15,0,-1,-8,-11,-13,-9,0,-3,25,0,10,3,5,-8,0,5,7,4,-3,5,19,9,-3,0,8,-10,-18,-28,-22,15,-10,-3,-19,40,-28,38,5,-5,-28,-12,10,4,11,10,5,22,18,-18,-7,-2,-3,12,-2,-8,-3,-7,-17,19,18,34,-9,-12,10,7,3,-18,-10,-5,7,-5,3,8,-5,-5,0,-25,12],