{"timestamp":1212883200000,"multiplier":1.0E-5,"open":0.96172,"high":0.96177,"low":0.96167,"close":0.96174,"shift":60000,"times":[1260,1,1,1,1,1,1,1,1,1,1,1,1,1,1,1,1,1,1,1,1,1,1,1,1,1,1,1,1,1,1,1,1,1,1,1,2,1,1,1,1,2,1,1,1,1,1,1,1,2,1,1,1,1,1,1,1,1,1,1,1,1,1,1,1,2,1,1,1,1,1,1,1,1,1,1,1,1,1,1,1,1,1,1,1,2,1,1,1,1,1,1,3,1,1,1,1,1,4,1,1,1,2,4,3,12,2,1,1,2,1,1,1,1,1,1,1,1,1,1,1,1,1,1,1,2,1,1,1,1,1,1,1,1,1,2,1,2,1,2,1,2,1,1,1,1],"opens":[0,-2,15,-11,18,0,7,18,10,-28,93,-59,-1,15,10,-10,-14,7,-25,-14,-6,-5,21,1,-3,-12,-10,14,-4,-3,23,-14,0,5,-6,1,-3,7,12,-2,0,-5,15,5,-18,-7,3,0,4,-4,24,-4,27,-23,-14,7,-5,5,-20,-20,-15,15,10,10,-15,-15,-8,-2,2,-32,-1,15,-14,-10,-5,0,5,0,-10,5,-20,4,-24,15,-14,4,-10,0,-20,9,-9,4,1,-5,19,11,0,-10,10,-10,-6,0,16,-10,-1,21,0,9,51,-1,11,-10,-5,-9,-11,-10,-10,-16,-5,1,4,-13,4,14,4,-20,-7,-12,35,-21,-3,21,18,5,-3,-23,2,-4,-8,6,-5,-9,1,-7,2,0],"highs":[0,10,-2,2,15,-5,20,15,-5,80,-15,-45,10,-10,10,-10,-8,1,-13,-18,-14,15,4,-1,1,-17,3,1,-3,2,17,-13,-1,5,-6,2,0,19,21,-26,-1,0,20,-5,-5,-17,0,0,9,18,-3,13,10,-23,-14,7,0,0,-20,-20,0,20,0,0,-15,-11,-4,0,-8,-32,0,19,-19,-5,-1,-9,5,0,0,0,-20,0,-20,10,-14,4,-5,-5,-11,0,-4,1,-1,7,28,-10,0,-10,10,-10,-1,1,10,0,0,10,5,60,-5,10,10,-10,-15,-6,-14,-10,-10,-15,-6,6,0,0,54,-45,-1,-20,-7,23,0,-19,14,15,5,7,-5,-22,11,-14,-6,4,-5,-9,10,-11,-3,59],"lows":[0,2,6,-8,25,0,5,0,5,-3,38,-4,-1,15,1,-12,-3,-17,-10,-25,6,3,17,0,-6,-11,-3,14,-6,-1,10,-1,0,0,-4,4,-4,8,-1,11,0,-5,15,-10,-10,-1,3,0,0,1,19,-2,10,-10,-10,4,-4,-20,-30,0,-4,24,10,-5,-5,-20,0,-5,-35,10,-10,4,0,-14,0,4,1,5,-10,-10,-10,-15,-16,21,-6,-4,-10,-10,0,4,-4,4,0,-4,15,5,10,-10,10,-10,-6,0,11,-5,-1,11,10,9,41,4,16,-25,5,-16,-25,16,-31,-4,0,4,-4,-11,11,14,-14,-10,-19,8,12,-7,0,27,18,1,-21,-1,1,-9,-2,-4,0,-10,-3,-7,10,0],"closes":[0,13,-10,2,18,0,10,10,-15,84,-49,-4,9,5,1,-12,3,-23,-10,-12,-3,19,3,-6,-6,-10,9,1,-6,5,4,0,-1,0,-4,5,0,14,-12,12,-1,0,20,-20,-9,1,0,0,0,28,-8,18,-10,-10,-10,10,-10,-20,-20,0,0,15,5,0,-10,-16,6,-6,-40,6,0,-6,0,-5,0,-5,1,5,0,-20,-6,-18,4,0,-6,0,1,-15,-6,0,1,-1,0,8,28,-20,10,-10,10,-10,-5,5,10,0,0,0,15,60,-11,6,10,-10,-10,-11,-19,5,-31,-4,0,4,-4,-6,21,4,-19,-6,-18,24,-6,1,14,15,5,7,-27,0,0,-9,0,-6,0,-5,-8,3,0,61],"volumes":[22.57,34.73,9.81,31.15,19.8,6.59,22.13,60.26,32.8,97.436,75.5053,30.81,62.23,3.0,11.7,29.01,14.14,31.903,68.8,61.27,36.69,54.11,18.518,8.8,38.84,13.6,15.0,3.9,8.92,13.3,19.33,16.29,1.4,14.12,8.6,6.7,9.84,30.87,72.07,4.6,2.0,6.2,10.0,12.2,39.87,19.52,7.7,5.6,16.48,12.3,4.2,57.31,25.6,37.578,9.2,9.4,25.7,16.07,27.0,18.7,63.09,20.27,8.4,11.37,7.0,23.79,8.4,35.52,65.15,3.0,13.8,28.14,22.7,16.35,45.54,5.2,6.8,2.1,3.0,76.17,18.01,45.94,36.713,7.3,7.3,12.1,52.23,24.5,39.31,6.64,6.4,25.59,33.31,13.87,9.42,8.3,0.47,2.4,2.4,2.5,20.7,20.28,8.3,5.2,5.9,6.1,4.7,41.94,21.7,18.4,9.297,13.36,14.4,27.8,43.8,0.88,17.5,25.2,19.5,23.88,38.64,58.7,67.038,6.2,18.57,8.8,29.8,70.38,16.0,20.71,42.76,28.8,1.9,15.9,34.14,2.42,35.89,12.31,4.0,18.12,11.3,13.9,21.78,43.3,3.9,26.1]}