{"timestamp":1212883200000,"multiplier":1.0E-5,"open":1.01795,"high":1.01804,"low":1.01788,"close":1.01799,"shift":60000,"times":[1260,1,1,1,1,1,1,1,1,1,1,1,1,1,1,1,1,1,1,1,1,1,1,1,1,1,1,1,1,1,1,1,1,1,1,1,1,1,1,1,1,1,1,1,1,1,1,1,1,1,1,1,1,1,1,1,1,1,1,1,1,1,1,1,1,1,1,1,1,1,1,1,1,1,1,1,1,1,1,1,1,1,1,1,1,1,1,1,1,1,1,1,1,1,1,1,1,1,1,1,1,1,1,1,1,1,1,1,1,1,1,1,1,1,1,1,1,1,1,1,1,1,1,1,1,1,1,1,1,1,1,1,1,1,1,1,1,1,1,1,1,1,1,1,1,1,1,1,1,1,1,1,1,1,1,1,1,1,1,1,1,1,1,1,1,1,1,1,1,1,1,1,1,1,1,1,1,1,1,1],"opens":[0,7,4,-16,0,1,-1,0,0,15,-15,10,-10,-10,0,0,0,0,0,10,0,10,-10,0,-6,-8,-11,25,-10,0,0,0,0,-12,12,-10,0,-70,-40,10,30,-30,0,-10,30,0,20,-10,-20,0,-10,0,20,10,-10,0,0,10,0,1,9,20,-30,30,-10,0,-10,0,0,0,-10,-40,10,-10,0,0,0,-10,10,10,-24,24,0,0,0,20,-10,0,-20,10,0,0,10,0,-10,20,-10,-10,10,0,0,0,0,0,-10,0,0,-30,0,0,0,20,-10,10,20,0,0,0,-20,0,0,10,0,10,-10,10,0,-10,0,0,10,-10,0,-10,0,0,0,30,0,0,0,10,-10,0,0,-10,0,-20,10,-10,10,0,10,0,0,10,10,0,20,0,0,0,0,0,0,10,30,0,-10,10,0,0,0,-20,0,0,0,0,-20,0],"highs":[0,-1,9,-22,0,16,-16,0,0,15,-5,0,-10,-10,0,0,0,10,0,0,0,10,-10,0,0,-5,-3,8,-10,0,0,0,0,-3,3,-10,0,-70,-10,10,10,0,-40,20,0,0,20,-10,-20,0,-10,20,10,0,0,-10,0,10,10,-3,33,0,-10,0,-10,0,-10,0,0,0,-10,-30,0,-10,20,-20,0,10,0,0,-3,3,0,30,-10,0,-10,0,-10,0,10,0,0,10,0,0,-10,0,10,0,-10,0,0,10,-20,0,0,-30,0,10,30,-20,0,20,0,0,0,10,0,0,-10,20,-20,0,0,10,10,-30,0,10,0,-10,30,-20,-20,10,20,20,0,-20,10,20,0,-30,0,-10,0,-10,0,-10,10,20,0,0,0,10,10,10,0,0,0,10,-10,0,10,30,0,0,0,0,0,10,0,-30,0,0,0,0,0,-20],"lows":[0,3,-3,2,0,0,0,0,0,15,-15,0,-20,0,10,0,0,0,0,10,0,10,-10,0,-8,-8,-12,18,0,0,0,0,0,-45,35,0,-80,-30,0,10,30,-30,-20,10,30,0,20,-30,0,-10,0,0,20,-10,10,0,0,0,10,-6,6,0,0,20,0,-10,0,0,0,-10,-40,0,0,0,0,0,-10,0,0,20,-24,24,0,0,0,0,0,-10,0,10,0,0,0,0,0,10,-10,0,0,10,0,0,-10,0,0,-10,-20,0,0,0,0,0,0,20,20,0,0,-20,0,0,-10,10,10,0,0,10,-10,-10,0,10,0,0,-10,0,-10,0,10,20,10,0,0,0,-10,10,-10,0,-20,0,0,0,10,0,10,-10,10,10,10,0,20,0,-10,0,10,0,0,10,30,-20,10,10,0,0,-20,0,0,0,0,-30,10,-10],"closes":[0,-3,-8,2,0,16,-16,0,0,15,-5,-10,-10,0,0,0,0,0,10,0,0,10,-10,0,-2,-14,-6,12,0,0,0,0,0,-23,13,0,-40,-60,0,30,10,-40,-10,30,0,0,20,-30,0,-10,0,20,10,-10,0,0,0,10,10,-10,30,-30,30,-10,0,-10,0,0,0,0,-50,10,-10,0,0,0,-10,20,0,0,-7,7,0,0,20,-10,0,-10,0,0,0,10,0,0,10,-10,0,0,-10,10,0,0,-10,0,0,-10,-20,0,0,10,10,-10,10,20,0,0,0,-20,0,0,10,0,10,-10,0,20,-20,0,0,10,-10,0,-10,0,0,0,30,0,0,0,10,-10,0,0,-10,0,-20,10,-10,0,10,10,10,-10,10,10,10,10,0,0,0,0,0,0,10,30,0,-10,10,0,0,0,-20,0,0,0,0,-20,0,0],"volumes":[34.3,16.8,89.3,9.6,20.9,29.4,8.6,17.6,37.4,5.7,21.4,6.4,44.7,24.3,5.7,53.8,17.6,51.3,18.1,9.3,13.8,7.8,26.3,14.0,13.9,25.1,126.6,55.3,48.5,14.4,28.7,1.8,11.7,72.7,9.5,3.0,180.9,356.5,430.6,58.5,0.9,44.7,90.7,59.6,8.0,2.0,2.0,49.2,64.7,61.5,47.6,62.0,18.2,277.9,115.5,17.9,8.8,121.5,40.7,62.2,69.7,85.4,63.5,29.3,50.6,7.8,9.9,18.1,28.4,122.0,65.8,95.2,102.3,8.0,30.0,3.8,6.5,20.4,32.2,2.8,104.2,6.3,17.7,222.8,117.7,111.3,28.3,20.1,138.6,221.9,61.3,192.2,304.1,211.6,243.7,196.0,82.8,130.3,248.5,81.4,100.2,23.3,114.8,94.4,0.9,29.4,115.3,36.1,100.8,91.3,150.8,217.1,334.5,145.7,21.7,11.7,8.3,231.5,251.3,184.0,145.5,130.9,90.0,68.3,99.1,141.7,333.3,155.3,119.9,12.5,305.0,248.1,305.0,288.2,355.0,376.0,142.3,139.1,84.6,36.3,80.2,183.4,184.6,96.3,39.9,41.3,57.4,30.5,143.3,155.8,52.8,168.9,3.9,179.1,95.7,173.9,186.5,40.0,2.4,2.1,56.8,48.3,11.2,55.7,11.6,380.0,86.5,253.4,391.1,479.3,40.6,64.9,98.4,4.8,5.0,8.8,11.5,524.6,297.2,234.6]}