{"timestamp":1214697600000,"multiplier":1.0E-5,"open":1.01851,"high":1.01866,"low":1.01839,"close":1.01861,"shift":60000,"times":[1260,1,1,1,1,1,1,1,1,1,1,1,1,1,1,1,1,1,1,1,1,1,1,1,1,1,1,1,1,1,1,1,1,1,1,1,1,1,1,1,1,1,1,1,1,1,1,1,1,1,1,1,1,1,1,1,1,1,1,1,1,1,1,1,1,1,1,1,1,1,1,1,1,1,1,1,1,1,1,1,1,1,1,1,1,1,1,1,1,1,1,1,1,1,1,1,1,1,1,1,1,1,1,1,1,1,1,1,1,1,1,1,1,1,1,1,1,1,1,1,1,1,1,1,1,1,1,1,1,1,1,1,1,1,1,1,1,1,1,1,1,1,1,1,1,1,1,1,1,1,1,1,1,1,1,1,1,1,1,1,1,1,1,1,1,1,1,1,1,1,1,1,1,1,1,1,1,1,1,1],"opens":[0,-6,8,-13,16,31,-4,22,-35,-120,120,3,-83,64,16,11,-11,-20,26,17,-26,1,13,-8,17,0,10,0,2,-52,29,-19,20,-10,6,2,0,12,10,-10,4,-4,0,0,0,0,10,0,10,0,10,0,0,0,0,0,0,0,-16,-4,0,0,0,0,0,40,0,-10,20,-20,10,0,0,0,-10,0,-20,4,-14,10,0,-10,0,0,-20,0,-10,10,-10,0,-5,35,-20,10,0,-20,-35,-29,64,-4,4,0,-16,1,10,-55,70,0,-40,30,-90,90,-140,140,-10,-25,15,-20,0,30,-50,35,-20,-5,0,0,-10,10,10,20,0,10,-10,20,10,0,20,-20,0,0,0,0,32,-22,0,-20,-5,15,0,0,-10,-10,-10,0,-30,-10,0,0,0,0,0,10,0,10,-10,0,-10,0,0,0,-20,0,-15,-1,16,0,0,10,50,-30],"highs":[0,9,-17,2,36,5,3,6,-5,-115,80,23,-23,4,-4,19,-19,10,3,13,-29,1,13,2,47,0,-30,0,9,-39,17,-9,16,-4,-10,17,-2,-5,10,-10,12,-12,0,0,0,10,10,0,10,-10,10,0,0,0,0,0,0,0,-8,-12,0,0,5,-5,40,0,0,0,20,-30,10,0,0,0,-10,0,-20,4,-4,0,0,0,-10,0,-20,0,0,0,10,0,9,1,-10,0,0,-10,-45,22,23,-14,4,0,-14,-1,10,15,0,0,-10,0,-75,75,0,0,-10,-9,-1,20,-10,0,-35,25,-25,-5,0,0,40,0,-10,0,0,10,10,10,10,10,20,-40,0,0,0,10,22,-12,-10,-20,10,0,0,0,0,-20,-10,0,-30,0,10,-10,-10,0,10,0,10,0,-10,0,0,-10,0,0,-20,0,28,-16,-12,0,10,50,0,-30],"lows":[0,1,-6,-3,10,35,7,-2,-28,-163,180,-3,-77,64,16,3,-3,-20,23,17,-25,-6,0,9,22,0,10,-90,85,-45,10,0,15,-5,-3,8,-10,25,10,-10,-3,3,0,0,0,0,10,0,10,0,10,0,0,0,0,0,0,-20,-2,2,0,0,0,0,0,40,0,-10,0,0,10,0,0,-10,0,-20,0,-16,6,10,-10,0,-10,-10,0,0,-10,10,-10,0,-8,8,10,10,0,-20,-45,-19,64,-71,71,0,-26,4,17,-55,70,-20,-20,30,-90,90,-140,130,-30,-17,17,0,0,-30,0,20,0,0,-10,0,0,10,10,20,0,1,-1,0,30,0,0,0,0,0,0,0,1,9,-20,-10,5,15,0,-10,-10,-10,0,-30,-10,0,0,0,-20,20,0,10,0,10,-10,-10,-10,10,0,-20,0,0,-15,-10,25,0,0,10,20,-10],"closes":[0,2,-21,8,41,-11,24,-16,17,-115,80,23,-23,-5,5,15,-15,10,0,15,-30,-3,6,5,57,-40,10,-20,15,-25,-10,15,6,9,-15,22,-4,-3,10,-10,2,-2,0,0,0,10,10,0,0,0,10,0,0,0,0,0,0,-20,3,-3,0,0,0,0,40,0,0,0,-10,0,10,0,0,-10,0,-20,0,2,-2,0,-10,0,0,-20,0,0,0,0,10,0,-15,5,10,0,0,-10,-55,17,38,-41,31,0,-14,-4,13,15,0,0,-10,0,-75,75,0,-10,-10,1,-21,0,30,-60,25,15,-20,0,-10,0,50,-40,30,0,0,5,15,10,0,20,-20,0,0,0,0,10,-7,7,-20,-10,20,0,0,-10,-10,-10,0,-30,-10,0,0,10,-10,0,10,0,10,0,-10,-10,0,0,0,-20,0,0,18,-30,12,0,10,50,-30,0],"volumes":[60.8,40.2,32.4,60.0,87.9,31.6,64.4,172.7,172.4,14.0,1.0,91.0,3.8,110.3,2.0,110.1,1.0,10.6,98.3,75.5,8.2,13.0,92.8,80.7,5.0,62.0,1.0,5.8,39.7,10.6,116.9,55.1,215.0,6.7,290.9,170.8,204.1,5.7,10.5,5.7,12.0,42.0,15.3,15.3,15.3,34.5,159.3,642.0,48.0,9.6,9.6,19.2,42.2,47.4,46.9,46.9,30.6,74.4,185.1,15.3,17.2,18.6,13.4,15.8,84.0,1.0,1.0,18.9,216.7,94.7,2.0,3.0,2.0,6.1,12.0,7.0,1.0,216.0,4.2,3.4,18.6,10.0,83.7,20.2,10.0,9.0,38.2,2.0,43.7,103.8,11.7,15.8,6.0,2.0,2.0,42.9,3.0,49.8,2.0,32.5,3.0,1.0,77.7,199.0,1.0,12.9,2.0,11.6,10.6,1.0,2.0,1.0,14.0,43.0,51.4,20.0,50.3,27.9,38.6,151.6,238.2,14.2,42.7,32.1,16.2,355.7,129.8,114.6,20.5,40.4,10.0,74.8,36.3,70.8,60.8,191.4,846.5,118.4,79.2,83.2,14.8,53.1,219.1,58.3,97.8,318.8,38.3,30.0,29.6,30.3,272.9,249.5,304.0,287.8,367.5,268.6,505.1,52.9,662.5,103.6,48.0,10.0,12.7,10.0,22.2,20.0,94.9,48.0,67.2,144.7,118.5,69.1,154.9,196.3,34.7,61.5,54.9,666.9,73.0,72.7]}