{"timestamp":1213488000000,"multiplier":1.0E-5,"open":1.02806,"high":1.02819,"low":1.02799,"close":1.02799,"shift":60000,"times":[1260,1,1,1,1,1,1,1,1,1,1,1,1,1,1,1,1,1,1,1,1,1,1,1,1,1,1,1,1,1,1,1,1,1,1,1,1,1,1,1,1,1,1,1,1,1,1,1,1,1,1,1,1,1,1,1,1,1,1,1,1,1,1,1,1,1,1,1,1,1,1,1,1,1,1,1,1,1,1,1,1,1,1,1,1,1,1,1,1,1,1,1,1,1,1,1,1,1,1,1,1,1,1,1,1,1,1,1,1,1,1,1,1,1,1,1,1,1,1,1,1,1,1,1,1,1,1,1,1,1,1,1,1,1,1,1,1,1,1,1,1,1,1,1,1,1,1,1,1,1,1,1,1,1,1,1,1,1,1,1,1,1,1,1,1,1,1,1,1,1,1,1,1,1,1,1,1,1,1,1],"opens":[0,2,2,2,6,-24,-2,-8,6,18,-58,73,-19,14,-5,0,7,0,-13,-7,5,-2,-4,11,3,17,-12,-8,-10,15,-3,-10,-2,40,0,-25,30,-5,0,-39,24,8,21,-25,2,6,-5,1,25,3,-21,0,0,0,-25,-5,10,0,35,40,-15,0,-25,30,5,-15,0,0,0,6,9,-15,0,15,-15,5,-25,13,7,0,15,0,0,-15,0,-25,40,0,0,20,-51,51,-15,15,-15,0,15,-23,8,15,-17,2,-29,29,-11,26,-15,15,-10,10,-10,10,0,0,-10,0,0,0,0,0,0,-10,10,20,0,-10,0,0,0,0,0,-43,43,-10,-30,0,0,-19,14,5,-7,7,0,0,0,-5,2,-7,0,2,-7,10,15,0,-5,-5,10,10,10,-5,5,0,0,10,-10,0,10,-10,0,10,-10,0,10,-10,0,20,-10,0,0,0],"highs":[0,-9,0,2,6,-17,4,-6,2,7,-8,28,-9,6,-3,0,-2,5,2,-27,10,-7,5,2,11,14,-10,-15,-10,20,0,-4,14,10,5,-15,15,-5,0,-28,27,-4,19,-20,4,3,-6,5,18,12,-30,0,0,0,-8,8,-20,60,30,0,-30,0,20,-15,5,-15,15,-15,0,13,2,-15,15,0,-10,0,10,-15,0,15,0,0,0,0,-15,0,35,0,0,0,-18,18,-15,15,-15,25,-10,-23,18,5,9,-9,-15,0,10,5,0,0,-10,10,-10,10,0,0,-10,0,0,0,0,0,30,-30,10,10,0,-10,0,0,0,0,0,-37,37,-10,-30,0,0,-5,0,5,-7,7,0,10,-10,-5,6,-3,3,-6,3,22,-10,0,-5,-5,20,10,0,-5,5,0,10,0,-10,0,10,-10,0,10,-10,0,10,-10,20,0,-10,0,0,0],"lows":[0,-3,-8,4,-9,-1,4,-2,-14,22,-42,61,-7,7,-3,3,1,-5,0,-7,-12,14,-8,16,-13,33,-25,5,-10,15,-14,0,-1,40,0,-25,1,24,0,-39,24,1,-3,1,-1,-1,3,0,13,13,-11,0,0,0,-25,-5,10,0,35,25,0,-25,0,30,5,-15,0,0,0,-8,8,0,0,15,-15,-5,-15,12,8,0,15,0,0,-15,0,-25,40,0,0,20,-51,51,-15,15,-15,0,0,-18,18,15,-31,16,-29,29,-12,27,-15,15,-10,10,-10,10,0,0,-10,0,0,0,0,0,-10,0,0,30,-10,0,0,0,0,0,0,-55,45,-30,0,0,0,-25,5,20,-29,29,0,0,-5,0,-8,-2,-2,2,-5,15,15,-5,0,-5,10,10,5,0,5,0,0,0,0,0,0,0,0,0,0,0,0,0,0,10,0,0,0,0],"closes":[0,10,-2,-3,-21,9,-6,10,1,-5,8,11,8,6,-3,-7,-1,-7,8,-15,5,-3,-4,12,5,20,-30,5,-10,15,2,-16,29,10,0,-15,-9,24,0,-32,27,-4,-8,7,-2,-6,3,12,11,7,-15,0,0,0,-14,14,-20,60,30,-30,0,-25,45,-15,5,-15,0,0,0,-5,5,0,15,0,-10,-10,20,-20,5,15,0,0,0,0,-15,0,35,-20,20,0,-18,18,-15,15,-15,15,-15,-18,28,5,-4,4,-15,0,-3,18,0,0,-10,10,-10,10,0,0,-10,0,0,0,0,0,-10,10,10,10,-10,0,0,0,0,0,0,-37,27,-30,0,0,0,-5,0,5,-28,28,0,10,-15,0,-8,11,-10,7,0,25,-10,0,-5,-5,20,10,-5,0,5,0,10,-10,0,0,0,0,0,0,0,0,0,0,20,-10,0,0,0,0],"volumes":[51.4,15.8,27.3,33.4,5.948,42.2,47.9,16.1,17.148,4.6,5.7,22.9,29.9,52.7,31.6,23.0,22.7,50.8,49.9,5.4,6.096,3.8,5.996,8.5,37.0,56.0,12.0,10.0,4.8,92.5,46.3,19.6,11.5,7.6,51.6,69.0,66.2,3.4,8.2,30.1,40.1,26.3,77.9,44.3,18.4,20.2,11.1,35.7,17.3,57.1,7.9,8.6,19.5,8.7,86.5,13.9,1.0,22.1,32.0,7.0,5.9,25.0,4.0,1.0,2.8,3.0,13.0,1.0,4.0,200.5,5.8,2.0,4.9,1.9,4.0,7.2,15.5,101.9,2.0,3.9,6.6,4.0,1.0,3.0,2.0,3.1,19.5,28.6,16.2,1.9,83.0,2.1,1.0,6.5,1.0,14.6,3.8,30.1,74.1,2.4,53.2,4.0,96.1,1.9,10.8,1.0,12.5,18.6,1.0,7.1,1.0,32.3,3.2,11.7,35.4,41.3,82.0,35.5,3.0,42.4,93.3,60.8,112.6,2.0,4.4,36.3,22.0,26.9,36.9,23.9,7.2,276.9,65.8,146.5,45.0,29.3,24.3,56.0,59.8,8.5,10.8,20.6,21.6,24.1,13.0,16.8,44.0,71.2,106.2,84.8,55.3,36.2,1.2,59.6,1.2,2.4,92.7,95.5,3.4,1.2,59.3,10.6,26.2,16.1,44.4,20.8,17.6,38.1,24.5,18.2,11.8,15.9,7.9,9.9,54.1,24.0,35.2,28.5,16.7,24.7]}