{"timestamp":1212883200000,"multiplier":0.001,"open":901.493,"high":902.409,"low":901.386,"close":902.114,"shift":60000,"times":[1320,1,1,1,1,1,1,1,1,1,1,1,1,1,1,1,1,1,1,2,1,1,1,1,1,1,1,1,1,1,1,1,1,1,1,1,1,1,1,1,1,1,1,1,1,1,1,1,1,1,1,1,1,1,1,1,1,1,1,1,1,1,1,1,2,2,1,1,1,1,1,1,1,1,1,1,2,1,1,1,1,1,1,1,1,1,1,1,1,1,1,1,1,1,1,1,1,1,1,1,1,1,1,1,1,2,1,1,1,1,1,1,1,1],"opens":[0,653,-163,307,289,585,387,318,-917,26,-108,-613,313,274,734,-50,4,139,-296,-95,282,168,36,-104,-196,323,-238,89,75,-297,540,-233,42,-130,-122,-295,-222,-469,637,-293,236,-6,-292,82,178,101,-175,133,51,-110,-191,192,-322,42,-39,365,-333,406,413,-19,-136,74,-40,-28,-23,-489,560,-451,561,345,-154,-42,-157,-104,184,-32,-210,156,-92,492,-245,-394,474,-414,261,91,80,-48,56,109,115,107,-51,139,-222,365,-568,-51,610,-198,-51,11,-416,61,-381,69,52,315,-442,525,-510,491,-240,191],"highs":[0,2,-32,149,426,469,485,-39,-683,108,-424,-432,459,522,159,-29,192,1,-296,-36,320,0,211,-279,289,-162,-137,-12,137,-68,438,-422,303,-391,46,-463,-222,0,168,-293,281,-51,-165,171,-6,253,-290,83,32,-44,58,-123,-214,-54,92,380,-145,126,486,-113,-181,112,-1,8,-103,-325,363,55,317,352,-260,36,-121,-250,161,58,35,-135,106,142,-190,77,-52,140,-119,238,-132,-144,43,190,193,62,65,34,-144,162,-521,548,-36,-148,-43,-47,-298,-33,-27,-147,306,-101,86,52,24,-98,0,-49],"lows":[0,592,-303,615,57,581,524,-458,-298,-12,-392,-316,471,397,390,30,46,-101,141,-171,189,23,188,-345,232,-47,132,-281,226,-110,358,-402,323,-649,72,-504,-41,-14,326,-253,270,-45,-16,47,93,16,-181,227,-72,-156,95,-33,-121,-31,-38,167,-39,245,79,169,-196,146,-49,134,-331,-165,185,50,315,334,-71,71,-194,-261,230,-91,24,-57,-180,491,-320,17,87,-27,194,-106,73,69,-43,155,148,86,-38,27,72,-27,-256,29,265,-66,80,-533,-11,-86,-13,-158,171,-31,12,-39,54,112,-24,-49],"closes":[0,-136,401,41,346,628,514,-914,-149,4,-557,104,412,611,-134,158,5,-239,141,60,320,-20,179,-533,595,-532,233,-225,69,126,122,-127,48,-450,-127,-218,-327,322,280,-337,194,-175,111,-43,76,4,67,43,-144,-156,239,-177,-121,-3,173,-72,114,303,132,22,-48,-13,-52,118,-418,158,-138,434,315,-50,47,2,-231,-44,182,-272,126,1,345,-194,-320,543,-439,83,132,86,32,-63,100,46,162,106,200,-346,275,-230,-256,675,-259,-70,-37,-480,37,-188,23,-15,286,-325,540,-567,559,-274,260,-452],"volumes":[0.00537,0.00335,0.005052,0.00391,0.00508,0.00399,0.0051,0.002176,0.0029,0.00377,0.00592,0.00456,0.0034,0.00286,0.00249,0.003088,0.00435,0.00258,0.00301,0.0039,0.00324,0.00233,0.00313,0.00333,0.00243,0.00258,5.8E-4,0.00271,0.00582,0.00404,0.00266,0.00279,0.00304,0.00349,0.0032,0.00553,0.00264,0.00439,0.00231,0.0019,0.00367,0.00367,9.7E-4,0.00312,0.00496,0.00332,0.00356,0.00281,0.0037,0.00479,0.00272,0.00489,0.00311,0.0045,0.00555,0.00253,0.0032,0.0024,0.00299,0.00359,0.00212,0.002948,0.00313,0.001838,0.003269,0.003173,0.00466,0.00401,0.00483,0.003864,0.00411,0.00439,0.002701,0.00403,0.00322,0.00511,0.006403,0.00367,0.004122,0.00207,0.0047,0.00316,0.00349,0.00428,0.00238,0.00755,0.004574,0.00488,0.00349,0.00222,0.00306,0.00494,0.00242,0.00228,0.00553,0.00434,0.00396,0.00495,0.00341,0.00473,0.00585,0.00188,0.00679,0.00382,0.003779,0.00368,0.0043,0.00251,0.00444,0.00525,0.0019,0.00447,0.00509,0.00547]}