{"timestamp":1214697600000,"multiplier":0.001,"open":927.991,"high":928.175,"low":927.425,"close":928.098,"shift":60000,"times":[1320,1,1,1,1,1,1,1,1,1,1,1,1,1,1,1,1,1,1,1,1,1,1,1,1,1,1,1,1,1,1,1,1,1,1,1,1,1,1,1,1,1,1,1,1,1,1,1,1,1,1,1,1,1,1,1,1,2,1,1,1,1,1,1,1,1,1,1,1,1,1,1,1,1,1,1,1,1,1,1,1,1,1,1,1,1,1,1,1,1,1,1,1,1,1,1,1,1,1,1,1,1,1,1,1,2,1,1,1,1,1,1,1,1,1,1,1,1],"opens":[0,3,888,-125,-80,28,-131,160,-972,-37,-312,-598,245,-509,-48,317,419,173,-72,-384,-20,499,-220,553,-289,111,659,-677,392,-208,-327,-68,-161,928,-56,-343,100,-56,-303,174,-81,-251,1074,14,179,-246,147,164,-429,519,124,-235,-190,310,173,107,-47,-170,143,-634,316,-101,489,212,107,0,-1093,41,230,-102,335,-64,-355,280,-101,140,-339,-540,561,-255,239,125,-61,-205,363,-9,-583,-314,260,563,-667,586,314,-456,790,-349,351,-23,-430,-89,719,-273,107,-64,-631,551,-336,-342,55,97,146,-270,193,-152,13,554,205,-351],"highs":[0,507,307,-187,-3,106,28,-199,-822,-53,-287,-583,71,-231,206,262,95,86,11,-392,358,42,329,-21,-89,579,-46,-265,-20,-112,-423,-15,586,295,-223,-102,-141,-56,-145,62,-11,445,298,36,134,-10,84,-22,61,103,50,-86,83,-110,349,-31,-87,-53,45,-585,294,390,209,65,123,-126,-682,-150,22,185,125,-102,-113,-13,38,1,-339,53,-32,158,-34,-15,92,-69,197,-132,-485,278,131,36,58,141,0,295,91,-207,331,-197,-116,146,244,-80,-160,-64,-68,-12,-215,-390,166,145,-86,-111,105,-223,569,130,73,-40],"lows":[0,569,641,-89,-13,37,-139,-476,-682,198,-424,-305,-227,30,-179,340,244,23,192,-333,-94,368,109,143,-75,307,256,-358,-222,490,-738,241,-59,928,-551,-309,23,-159,2,339,-348,187,958,63,-40,-186,118,27,-37,162,83,-141,114,26,287,-175,-204,-14,64,-394,368,74,25,159,349,-873,120,-117,179,-85,139,-91,-28,-375,642,-517,-337,41,290,90,-85,-6,86,-121,587,-505,-499,98,260,-131,27,305,67,72,473,-165,286,-410,65,-37,29,195,-50,-157,-121,-75,-251,-357,-12,482,-10,-347,408,-292,287,439,-265,328],"closes":[0,584,100,-20,-163,-22,356,-978,-162,-174,-481,-187,-78,-99,261,262,95,-329,121,-113,384,-201,572,-194,73,590,-436,125,-294,138,-696,223,645,212,-332,56,-296,77,-295,184,-388,787,408,11,-77,235,84,-328,367,103,-224,-100,371,-183,74,304,-116,-11,-297,-243,8,676,209,65,85,-1301,371,-234,45,357,174,-304,89,-141,156,-102,-429,256,-241,367,-34,-398,365,41,186,-617,-499,416,503,-692,786,141,-485,780,-97,-136,411,-482,105,247,-357,521,-413,-321,442,-309,-580,272,166,145,-266,69,-222,9,664,130,-222,254],"volumes":[0.00375,0.00474,0.00543,0.00397,0.004,0.0061,0.00262,0.0031,0.00368,0.00673,0.00438,0.00451,0.00309,0.00343,0.00399,0.00489,0.00299,0.00603,0.001581,0.00471,0.00482,0.00333,0.00391,0.00563,0.00262,0.0043,0.00312,0.00396,0.004229,0.00458,0.00432,0.00477,0.00398,0.00565,0.00301,0.00217,0.0048,0.00372,0.00635,0.00494,0.00448,0.003946,0.00345,0.00265,0.00227,0.002538,0.00347,0.00273,0.00292,0.00366,0.00204,0.00404,0.00259,0.00347,0.00839,0.00332,0.00612,0.00456,0.0036,0.00392,0.00479,0.00318,0.002417,0.00428,0.00333,0.00368,0.00434,0.00259,0.004597,0.00612,0.00303,0.00338,0.003684,0.00408,0.00577,0.00468,0.00475,0.00472,0.007963,0.00291,0.00446,0.00542,0.001573,0.00234,0.00286,0.00329,0.00215,0.0032,0.006039,0.007268,0.00442,0.0054,0.00455,0.00529,0.00378,0.00328,0.00298,0.00424,0.006136,0.00378,0.00359,0.00238,0.00651,0.005,0.00268,0.00456,0.00394,0.0056,0.00261,0.00445,0.00336,0.00368,0.00492,0.00351,0.00465,0.00447,0.00354,0.00421]}