{"timestamp":1318118400000,"multiplier":1.0E-5,"open":1.33855,"high":1.33885,"low":1.33855,"close":1.3387,"shift":60000,"times":[1260,1,1,1,1,1,1,1,1,1,1,1,1,1,1,1,1,1,1,1,1,1,1,1,1,1,1,1,1,1,1,1,1,1,1,1,1,1,1,1,1,1,1,1,1,1,1,1,1,1,1,1,1,1,1,1,1,1,1,1,1,1,1,1,1,1,1,1,1,1,1,1,1,1,1,1,1,1,1,1,1,1,1,1,1,1,1,1,1,1,1,1,1,1,1,1,1,1,1,1,1,1,1,1,1,1,1,1,1,1,1,1,1,1,1,1,1,1,1,1,1,1,1,1,1,1,1,1,1,1,1,1,1,1,1,1,1,1,1,1,1,1,1,1,1,1,1,1,1,1,1,1,1,1,1,1,1,1,1,1,1,1,1,1,1,1,1,1,1,1,1,1,1,1,1,1,1,1,1,1],"opens":[0,14,-16,-4,23,0,1,-7,20,19,8,1,-11,-16,-5,26,37,4,17,4,10,0,46,26,2,2,-8,0,-8,7,-5,-31,8,0,-1,1,6,-12,-7,19,-6,0,6,-10,3,-19,-9,-55,22,1,9,-30,-12,11,9,-39,9,-19,-15,-9,0,21,14,22,2,-3,-8,7,0,0,-16,7,0,-1,-4,2,-2,-7,-16,-13,-7,16,7,4,-5,30,-6,0,-3,2,-6,8,-6,-15,2,0,0,2,1,8,0,-14,-5,0,-20,-7,9,-6,-9,-2,8,2,-46,4,5,5,-2,-1,-1,4,11,-12,-4,0,-4,-4,2,-17,-1,-15,6,-4,0,1,18,4,46,35,7,-6,10,-21,1,-13,4,-2,-73,36,-5,-9,5,6,-19,19,20,-23,9,2,3,24,13,-43,-3,4,29,-2,19,-6,9,20,-1,12,21,2,16,-1,21,-7,3,-2],"highs":[0,-9,-23,20,1,-1,0,14,17,10,-1,1,-11,-16,21,34,5,19,0,20,17,28,21,0,2,16,-22,11,-19,7,-5,-23,3,-3,-1,1,6,-7,1,6,-6,0,6,-8,1,-9,-19,-38,5,10,2,-24,7,-8,1,-26,-4,-16,-18,-8,32,1,24,2,3,0,-2,-6,0,0,-9,6,-6,-1,0,0,4,-15,-16,3,-4,5,3,0,24,10,-7,-6,9,-1,-8,-1,-4,-15,0,0,6,-4,14,-5,0,-12,-6,5,-21,4,-2,-8,-9,2,9,-6,-38,1,18,-11,4,-2,1,10,6,-8,-14,-4,-4,0,-2,-13,-5,-6,2,10,-14,14,5,57,22,10,-1,14,-9,-17,-3,-11,26,-27,-38,8,-11,-3,14,-8,-7,41,-17,-10,1,10,16,12,2,-45,4,25,12,6,-1,2,25,-4,17,16,20,-5,2,23,0,-6,1,20],"lows":[0,7,-13,0,18,5,1,-15,28,19,-19,9,-16,0,3,26,37,4,17,-3,8,-3,58,25,-3,1,-1,-8,-2,8,-26,-9,-12,20,-1,1,-19,-7,13,-1,8,6,-14,-13,22,-20,-60,-1,7,16,-18,-11,-10,1,-19,-18,8,-10,-8,1,-9,25,19,22,1,-23,12,4,-6,-9,3,3,3,-4,-3,-5,1,-21,-8,-3,-7,18,8,-5,4,28,-18,11,-7,3,0,1,-14,-3,5,0,0,1,2,7,-12,-6,0,-18,-12,-1,3,-9,-4,4,3,-37,0,-2,5,7,-1,-3,4,4,-1,-4,-7,-6,5,-2,-15,-2,-17,-9,5,7,-7,12,18,4,35,46,0,1,-15,1,-9,0,4,-77,2,30,-15,7,5,-13,0,19,-10,5,10,-19,25,16,-35,-5,11,-4,34,4,14,-2,11,18,1,12,21,2,15,0,4,4,2,-7],"closes":[0,-6,-15,24,-3,2,1,11,20,10,-2,-3,-23,-6,25,37,5,17,2,20,-12,47,30,0,3,-4,-2,-8,-2,8,-26,-4,3,0,-1,1,-7,3,4,2,-5,3,-2,0,-3,-20,-60,8,15,10,-29,-10,8,1,-38,13,-16,-15,-10,1,21,12,24,3,0,-12,7,0,-7,-9,7,0,-1,-4,2,0,-9,-16,-13,-2,11,7,3,-4,26,4,-12,3,1,-5,7,-3,-17,2,0,0,3,-2,9,0,-11,-7,0,-18,-9,11,-10,-3,-6,7,4,-47,4,1,6,1,-2,0,2,14,-13,-4,0,-4,-4,2,-19,-2,-14,11,-8,3,1,15,5,48,32,8,-6,12,-21,-3,-10,2,1,-76,36,-3,-12,7,5,-18,15,24,-26,15,1,-7,32,14,-42,-3,2,29,-5,23,-7,8,21,-1,12,22,2,13,1,18,-3,1,2,21],"volumes":[15.77,7.16,6.0,3.02,4.91,1.14,0.38,29.66,5.66,2.64,131.57,11.25,9.07,7.53,7.52,24.46,1.96,9.49,0.38,14.49,71.14,89.36,29.28,9.77,26.65,33.72,2.25,35.63,2.63,2.26,24.68,42.82,32.85,1.13,4.88,1.5,75.84,96.84,7.52,107.3,6.09,4.51,78.42,74.29,3.39,25.92,56.37,36.02,25.13,32.3,51.04,15.17,91.67,67.63,37.45,48.25,59.55,42.41,5.78,3.75,56.09,45.19,88.8,15.06,20.16,83.04,50.88,53.68,32.23,38.42,33.75,67.08,22.95,20.02,22.28,43.76,18.08,74.11,53.18,66.59,58.77,28.5,27.7,41.48,71.6,42.75,68.89,27.31,57.55,54.61,34.41,21.34,49.04,23.03,18.0,27.45,46.14,10.75,37.15,13.62,20.4,38.79,45.9,33.64,72.42,102.72,31.19,34.59,55.17,23.29,49.04,58.05,25.42,34.19,84.76,26.25,27.19,29.25,24.04,36.0,55.26,43.89,42.34,41.96,6.38,42.39,47.75,20.38,55.57,51.19,156.55,75.26,85.73,52.37,44.03,114.4,94.3,42.62,57.3,127.34,48.32,50.75,94.32,18.15,93.75,168.15,65.08,49.81,107.56,49.83,38.07,64.89,47.62,119.25,94.81,52.54,22.5,129.0,180.69,65.56,200.57,91.06,52.73,67.04,66.44,57.86,45.91,31.58,53.94,47.57,130.8,58.01,99.31,44.12,16.5,76.41,128.12,115.48,64.1,162.95]}