{"timestamp":1319328000000,"multiplier":1.0E-5,"open":0.88456,"high":0.88456,"low":0.88423,"close":0.88423,"shift":60000,"times":[1260,1,1,1,1,1,1,1,1,1,1,1,1,1,1,1,1,1,1,1,1,1,1,1,1,1,1,1,1,1,1,1,1,1,1,1,1,1,1,1,1,1,1,1,1,1,1,1,1,1,1,1,1,1,1,1,1,1,1,1,1,1,1,1,1,1,1,1,1,1,1,1,1,1,1,1,1,1,1,1,1,1,1,1,1,1,1,1,1,1,1,1,1,1,1,1,1,1,1,1,1,1,1,1,1,1,1,1,1,1,1,1,1,1,1,1,1,1,1,1,1,1,1,1,1,1,1,1,1,1,1,1,1,1,1,1,1,1,1,1,1,1,1,1,1,1,1,1,1,1,1,1,1,1,1,1,1,1,1,1,1,1,1,1,1,1,1,1,1,1,1,1,1,1,1,1,1,1,1,1],"opens":[0,-57,-61,6,-59,27,-40,-65,97,9,-61,-1,0,0,0,-12,12,33,-20,8,-2,4,-10,1,9,0,-7,5,6,-3,21,2,0,-6,0,0,0,0,11,-6,-3,22,-12,-8,11,-3,-18,0,19,-2,1,13,0,0,0,0,-13,40,0,0,0,-3,0,4,-29,3,0,1,1,1,-4,-2,0,-2,2,-1,4,-25,-5,-3,-12,-8,-5,1,-8,19,-18,-1,26,-16,29,-21,9,-11,27,0,9,6,11,8,-4,-13,-2,-1,3,6,0,7,-10,14,-12,6,8,-4,6,-1,1,34,-51,46,14,-31,4,21,-18,44,-38,-16,12,-6,5,23,-29,-7,13,-18,12,29,38,-15,-4,6,1,15,19,-22,48,-32,15,10,-44,-8,-8,17,24,-39,-14,-8,3,-25,-3,-22,28,57,-45,10,56,-56,36,3,7,-6,-82,-22,30,0,24,-7,18,-3],"highs":[0,-55,-26,-16,-9,-33,-39,13,33,-11,-19,-43,6,-2,-4,35,-2,14,-5,-14,-9,10,-1,16,-6,-15,-7,5,13,5,8,0,0,-6,0,0,0,14,0,-4,5,14,-17,-8,11,-3,-10,8,4,-3,23,-9,7,0,-6,0,26,0,0,0,4,-7,4,0,-24,0,0,1,3,-3,-3,-2,0,-1,3,1,1,-18,-10,-1,-18,-8,0,-2,14,-5,-18,26,4,13,-3,0,-1,7,-4,44,-5,-18,30,-7,-9,1,-20,13,29,-12,-15,-1,5,1,-2,18,-5,-5,-3,-1,40,-5,-5,56,-43,-22,14,5,18,8,-41,-4,0,1,21,40,-53,10,-9,-6,18,45,4,-7,-15,8,6,23,22,23,-21,-14,5,52,-81,-3,-16,50,2,-60,-16,36,-33,-32,61,-57,56,30,-60,49,9,14,-34,10,8,-19,-50,-12,0,26,-14,16,14,-14],"lows":[0,-93,-23,-48,19,34,-65,-47,103,10,-62,-22,18,0,4,-16,16,0,-4,21,-41,27,-2,13,2,7,-16,-27,37,7,21,2,-6,0,0,0,0,0,4,-1,-32,41,0,-13,16,-3,-25,7,18,-1,1,13,0,0,0,-13,0,40,0,0,-17,13,1,-27,-1,3,3,-1,3,-4,-1,0,-2,-1,1,0,-19,-8,-13,-3,-17,7,-1,-8,-1,0,3,-1,8,3,7,1,-3,1,13,10,4,14,3,-12,12,-3,0,0,3,0,5,-4,2,0,2,6,8,-6,3,4,0,-11,-6,44,-27,13,2,-20,-4,26,-7,0,-1,7,-1,-4,-5,-3,-11,4,17,29,-9,20,6,8,-23,39,-1,0,13,3,8,-36,2,-22,-1,23,-7,-16,-14,0,-14,-4,-23,1,17,24,-20,16,-2,6,42,-2,2,-71,-43,10,35,3,7,7,3,15],"closes":[0,-62,-31,-35,55,-38,-65,5,72,-11,-29,-46,13,0,0,33,0,-33,23,-6,-41,34,-9,22,0,0,-16,7,18,7,8,0,-6,0,0,0,0,14,-6,-2,9,9,-12,-12,15,-3,-11,5,6,-1,14,0,2,-1,0,-14,40,0,0,0,-4,1,4,-29,5,-3,3,1,0,-4,-2,0,-2,2,-1,4,-20,-11,-2,-12,-15,5,-3,-9,0,3,-1,9,0,15,-6,18,-20,28,-1,8,9,4,12,-3,-13,-3,1,2,9,-3,7,-12,17,-12,-1,14,2,-2,1,1,31,-36,33,15,-32,6,18,-14,37,-33,-16,12,-11,9,24,-29,-7,6,-12,12,30,38,-15,-4,8,-4,18,19,-22,47,-33,17,10,-44,-7,-9,12,29,-39,-12,-13,6,-25,-1,-23,27,58,-39,3,54,-53,34,4,0,0,-78,-28,37,-5,24,-6,18,-1,-2],"volumes":[3.75,66.03,39.31,37.08,61.17,4.5,18.75,52.86,1.58,0.45,6.9,95.7,6.96,9.59,1.61,78.46,2.82,4.18,18.68,11.45,79.95,33.16,36.83,52.8,56.3,6.95,58.43,46.63,58.85,12.75,5.25,4.5,9.95,7.5,9.0,15.0,4.5,19.84,12.38,17.59,57.24,62.14,2.25,103.78,2.25,2.25,146.85,81.45,6.38,4.5,9.55,1.46,18.21,21.53,5.84,23.95,5.4,0.84,0.56,0.28,32.09,114.24,95.56,42.17,43.57,32.21,10.97,38.09,50.28,33.09,34.63,73.89,89.0,45.34,40.93,51.15,28.14,46.32,65.01,60.54,45.89,36.98,37.33,15.68,37.97,61.66,28.25,64.43,54.26,66.78,38.24,54.61,59.74,87.54,113.78,177.14,165.24,39.51,76.33,54.48,22.21,32.27,14.44,81.68,106.04,84.62,51.05,43.49,16.51,37.58,56.56,56.6,32.71,45.95,31.91,22.92,152.07,62.77,58.89,107.17,100.55,30.71,69.43,82.1,79.15,148.76,8.76,28.57,13.26,22.73,53.88,137.74,71.13,114.64,93.0,119.76,58.48,76.36,85.34,74.52,35.38,30.53,65.87,85.61,114.43,136.17,106.08,48.21,31.65,146.23,109.62,105.14,56.99,191.48,68.9,57.97,57.39,133.87,93.12,27.89,162.83,81.62,109.92,211.18,160.46,148.02,146.46,256.8,176.23,185.55,152.4,133.56,202.55,146.07,107.13,205.69,83.33,183.37,122.31,34.12]}