{"timestamp":1625961600000,"multiplier":1.0E-5,"open":1.38911,"high":1.38917,"low":1.38911,"close":1.38917,"shift":60000,"times":[1262,1,1,1,1,1,1,1,1,1,1,1,3,2,1,1,1,2,1,6,2,2,1,1,1,1,1,1,1,1,1,5,2,3,1,1,1,1,1,1,1,1,1,1,1,1,1,1,1,1,1,1,1,1,1,1,1,1,1,1,1,1,1,1,1,1,1,1,1,1,1,1,1,1,1,1,1,1,1,1,1,1,1,1,1,1,1,1,1,1,1,1,1,2,1,1,1,1,1,1,1,1,1,1,1,1,1,1,1,1,1,1,1,1,1,1,1,1,1,1,1,1,1,1,1,1,1,1,1,1,1,1,1,1,1,1,1,1,1,1,1,1,1,1,1,1,1,1,1,1,1,1,1,1,1,1,1,1,1],"opens":[0,6,0,0,0,4,-4,0,0,4,2,-6,0,0,-13,1,-1,1,0,3,-3,31,1,-21,1,21,-33,21,-25,2,1,2,-6,27,5,-77,19,-19,0,1,78,-1,30,25,-3,3,-10,-9,-32,-6,-2,10,1,-10,-3,6,20,-2,19,13,1,12,-4,-9,8,-20,4,-7,6,-7,13,-39,13,-7,0,19,11,3,2,-2,4,-9,-3,-8,-4,14,16,-16,10,-1,-11,7,1,1,2,5,-1,2,0,-6,11,7,-11,-4,-4,5,14,-6,-2,3,0,-17,11,-5,6,-11,-30,20,0,-1,3,-1,-1,-9,14,-2,1,8,2,4,1,-4,0,7,-1,-6,-3,-1,-12,16,-3,-3,2,0,-5,-10,10,-6,-10,9,2,3,0,4,4,11,11,-7,-14],"highs":[0,0,0,15,-15,4,-4,0,2,2,2,-6,0,0,-13,1,0,0,0,31,-31,31,1,6,-26,21,-8,-4,-4,-19,1,2,-6,37,0,-67,8,-1,-21,10,93,3,30,-2,-1,-1,-9,-10,-30,4,-4,1,0,-10,-3,26,8,10,12,11,7,3,-12,2,1,-10,-10,7,-7,-8,15,-29,20,8,-8,11,6,8,-12,0,-2,1,-13,-8,16,16,-6,-1,-3,-3,3,-7,3,4,-2,4,4,-3,0,7,5,0,-11,1,-7,24,-7,-2,-2,2,-3,-7,7,-5,3,-13,-1,-3,-5,0,1,-2,0,3,7,-6,12,-3,0,8,-1,-6,10,-3,-1,-5,-4,-1,10,-6,5,2,-6,-3,-7,0,4,-9,7,-5,6,-1,1,11,4,11,3,-10,-15],"lows":[0,6,0,0,0,0,0,0,0,0,0,0,0,-17,4,0,-4,5,0,0,0,31,-27,6,2,10,-22,21,-25,2,-2,0,-1,27,-83,11,19,-19,-1,0,1,77,26,19,-4,3,-9,-29,-10,2,-1,10,-12,-13,11,5,20,1,19,11,3,7,-9,1,-13,0,-2,0,-18,9,-21,-6,6,2,7,16,14,2,1,-1,-7,2,-11,-4,-11,26,-3,3,8,-11,1,2,6,1,0,2,4,1,-7,1,12,-5,-3,-5,1,3,7,1,0,1,-21,4,3,1,-6,-32,5,18,-10,12,2,-5,-6,2,13,-2,1,9,1,-3,3,1,1,5,-6,-2,-4,-12,3,12,1,-9,0,-1,-8,1,3,-10,2,1,7,4,-2,8,3,11,1,-12,-7],"closes":[0,0,0,0,0,0,0,0,2,-2,0,0,0,-13,0,0,1,0,0,31,-31,31,-15,-5,1,10,3,-4,-4,-19,-2,0,-1,37,-61,-6,8,-1,-23,1,78,27,28,-1,1,-10,-9,-29,-11,1,8,2,-10,-3,-2,27,-1,20,10,1,14,-5,-7,6,-19,1,1,1,-7,-1,-27,14,-6,0,18,13,5,-2,-1,5,-13,3,-11,-3,12,18,-17,12,-4,-11,10,-6,6,4,-4,2,7,-2,-4,10,7,-10,-5,-5,3,18,-9,1,1,-1,-17,11,-6,8,-11,-28,21,-2,-1,-1,3,-2,-10,14,1,1,7,1,1,7,-8,2,4,2,-7,-2,-1,-15,19,-3,1,-3,1,-7,-9,11,-6,-11,11,1,1,1,4,6,9,12,-6,-15,-1],"volumes":[1.11,2.16,0.72,2.54,1.8,3.77,3.24,2.88,1.27,2.41,1.31,0.16,0.24,1.49,0.93,1.5,2.47,1.48,1.67,11.6775,0.37,0.0345,2.5125,7.32,0.75,0.9125,0.4075,0.0375,1.1575,0.36,1.86,5.83,0.99,0.075,45.3551,1.23,0.1125,0.7875,12.41,29.49,111.4937,273.81,124.83,89.72,64.67,44.99,30.0,65.8,38.26,42.84,78.0,2.25,54.93,101.05,26.25,17.63,33.87,12.05,14.24,38.64,36.12,19.89,25.89,12.75,51.95,84.53,25.12,38.82,91.4,12.75,140.36,21.75,66.56,72.94,56.15,19.88,12.19,63.02,8.62,5.61,44.15,14.76,22.87,31.1,44.9,53.24,43.12,13.87,10.5,15.0,9.18,11.25,6.75,5.25,14.25,1.12,16.68,14.07,33.17,69.33,3.37,35.97,13.5,34.1,6.37,45.44,25.49,34.15,13.11,12.35,45.07,44.83,38.39,25.48,34.02,78.65,53.38,51.87,59.04,21.18,11.81,19.85,30.37,18.93,12.36,9.0,20.42,5.81,4.5,16.49,17.81,3.0,13.7,5.99,11.99,6.94,13.28,21.71,19.13,13.51,38.07,44.25,27.0,38.43,39.16,14.43,30.92,65.88,28.88,16.88,23.42,32.7,20.03,20.54,19.18,25.03,24.0,18.57,26.58]}