{"timestamp":1541289600000,"multiplier":0.001,"open":5815.47,"high":5820.97,"low":5811.969,"close":5820.469,"shift":60000,"times":[1370,1,1,1,1,1,1,1,1,1,1,1,1,1,1,1,1,1,1,1,1,1,1,1,1,1,1,1,1,1,1,1,1,1,1,1,1,1,1,1,1,1,1,1,2,1,1,1,1,1,1,1,1,1,1,1,1,1,1,1,1,1,1,1,1,1,1,1,1],"opens":[0,4999,0,-7000,3000,1001,-1000,-2000,999,3000,-499,4600,4199,1700,-2999,3100,-1100,999,1,1000,2999,-3999,-2000,-1500,10500,1500,-500,2000,-2000,-2000,-1000,-4000,-1001,1001,3100,-4801,-4300,5001,-1001,-2899,1900,3299,1700,-4000,1501,1299,-1499,1700,-1901,901,299,-300,-2000,-700,-1299,-2001,0,900,-1800,-1000,1201,-1501,200,301,1999,-1300,101,-1000,200],"highs":[0,4499,-2999,-4001,-999,1000,-2000,-1000,5000,-1000,3000,4299,3700,-999,-500,999,-999,500,1000,2499,-199,-4300,999,5301,3700,0,-501,3501,-3001,-3999,-1000,-3901,1201,1700,1000,-5700,699,1001,-1700,-1300,3300,700,1500,-1500,300,-501,-299,599,-1100,100,201,0,-801,-1499,-2000,-1000,499,-200,-1800,501,0,-2001,101,1999,200,-1199,899,-1899,2900],"lows":[0,7400,-4900,-1500,2001,1499,-4999,1000,2999,0,2000,4101,5199,-800,-499,-101,1100,0,1500,1500,-2099,-2901,0,501,10499,0,-1000,2500,-1599,-4900,-1,-3400,900,1501,-2001,-4500,500,4501,-3700,-1000,3200,2100,-100,-1400,1900,-1700,1499,-200,0,-300,1000,-3000,101,-901,-2200,-1000,700,-1399,-101,100,-1000,-499,1399,101,200,-1000,1200,-701,0],"closes":[0,-1000,-4999,1999,1000,-999,-2000,500,3499,1001,3000,4299,1700,-1999,1999,-1000,501,0,1500,2999,-4999,-1000,-1001,9000,4000,-2000,1500,500,-3000,-3000,-2000,-3000,2000,3000,-4899,-4101,5000,1,-3900,1900,2999,1001,-2000,2000,300,-2300,1100,-1000,899,100,1,-2601,-399,-1100,-2001,0,1500,-2699,-801,1000,-700,-300,101,1999,-1100,101,-600,-401,201],"volumes":[0.00378,0.00234,0.00174,0.00276,0.00144,7.2E-4,0.00108,0.00138,0.00186,0.00114,0.00246,0.0021,0.0018,0.00222,0.00162,0.00252,0.00102,0.00168,0.00186,0.0015,0.00312,0.00174,0.00192,0.00228,0.00186,0.00324,0.00132,0.00192,0.00138,0.00156,8.4E-4,0.00102,7.8E-4,0.00138,0.00204,0.00264,0.00114,3.0E-4,9.6E-4,0.0012,0.00138,0.00132,0.0012,0.00222,0.00162,0.00126,8.4E-4,4.8E-4,2.4E-4,0.00174,9.0E-4,0.00138,0.00144,7.8E-4,0.00168,0.00114,0.00138,0.00102,0.00108,0.00144,0.00102,0.00162,1.2E-4,7.2E-4,8.4E-4,0.0012,5.4E-4,2.4E-4,0.00204]}