{"timestamp":1132444800000,"multiplier":1.0E-5,"open":1.71723,"high":1.71725,"low":1.71723,"close":1.71725,"shift":60000,"times":[1320,1,1,1,1,1,1,1,1,1,1,1,1,1,1,1,1,1,1,1,1,1,1,1,1,1,1,1,1,1,1,1,1,1,1,1,1,1,1,1,1,1,1,1,1,1,1,1,1,1,1,1,1,1,1,1,1,1,1,1,1,1,1,1,1,1,1,1,1,1,1,1,1,1,1,1,1,1,1,1,1,1,1,1,1,1,1,1,1,1,1,1,1,1,1,1,1,1,1,1,1,1,1,1,1,1,1,1,1,1,1,1,1,1,1,1,1,1,1,1],"opens":[0,-37,-63,-13,-5,10,3,0,29,2,6,0,8,-8,-2,-3,2,-3,14,8,-23,9,-4,-16,-1,-16,8,-6,5,-19,27,0,-1,11,-7,-16,-4,14,-5,8,0,-3,-2,5,-3,-2,-2,2,0,1,7,-13,-2,-8,25,0,0,8,-9,16,-7,4,0,3,24,11,-17,32,-16,9,-33,27,-7,13,-3,-5,0,-10,-12,-22,7,4,-15,12,6,-1,10,6,-2,30,-11,-18,-34,15,-28,-7,5,0,12,30,-17,3,-12,9,-3,8,-4,10,-11,-8,3,-5,0,-2,3,18,-9,0,0,18],"highs":[0,-39,-63,-8,-5,5,7,18,7,10,-2,0,17,-8,-7,-7,12,-7,12,4,-19,18,-17,-16,19,-21,-6,6,-8,3,5,0,6,4,-7,-16,12,3,-10,8,0,0,0,0,0,0,2,-2,-3,9,-3,-13,-2,12,10,0,-5,8,1,8,-2,6,1,-7,31,4,17,2,5,-16,-18,12,0,6,-3,6,-11,-9,-13,-15,9,4,-16,11,4,-6,24,-7,13,14,-11,-18,-14,-5,-28,-7,5,0,49,-7,-15,1,-5,7,-5,5,3,3,-11,-8,3,-5,5,9,-5,15,-14,0,16,2],"lows":[0,-59,-47,-12,0,10,3,0,20,11,6,-5,13,-9,-3,-1,-7,-13,33,-9,-6,2,-9,-11,3,-13,1,1,-16,2,22,5,-1,11,-16,-9,-2,10,-3,5,5,-5,-8,8,-3,1,-3,2,-2,6,-4,-2,-8,-2,25,0,0,0,-1,3,6,3,-2,-4,17,-28,36,6,13,-47,23,16,1,16,-3,-8,-12,-6,-21,-4,1,-1,-2,12,6,-14,22,-4,8,20,-25,-19,-9,-11,-19,11,0,-2,19,22,-15,-8,2,12,-3,3,1,3,-14,-15,10,0,2,1,-2,12,-3,2,-10,23],"closes":[0,-61,-47,-2,-5,5,7,16,0,14,3,-5,22,-18,-2,-2,-4,-4,25,-13,-2,-2,-9,-6,-2,-13,8,-3,-13,18,0,5,6,4,-16,-9,14,1,-10,5,5,0,-5,0,0,5,-3,0,0,9,-14,-2,-8,16,12,-3,-2,0,7,3,5,-4,-2,6,7,7,13,-2,29,-55,26,10,-2,10,-3,2,-19,-6,-18,-1,9,-6,-6,11,1,-6,27,-7,8,8,-25,-18,11,-25,-11,-4,5,-2,43,-6,-8,-11,7,7,-5,0,8,-4,-6,-11,-2,5,0,8,1,1,0,0,16,-4],"volumes":[23.9,17.6,32.7,100.7,31.2,9.2,36.4,27.8,9.4,45.3,8.0,3.4,31.4,36.6,68.2,9.2,78.0,103.1,28.6,35.3,19.9,22.4,56.3,84.0,60.4,45.8,37.9,57.7,78.7,181.4,19.6,3.2,15.8,4.5,3.3,21.1,71.0,41.6,2.1,73.2,6.0,28.5,64.6,22.2,36.6,17.7,80.9,100.9,33.8,76.0,5.9,16.3,8.5,39.8,32.9,33.6,19.6,44.5,78.4,125.4,13.3,78.5,46.4,105.4,82.2,51.1,58.9,101.1,80.4,28.5,17.8,55.5,44.7,3.9,77.0,34.3,42.4,87.6,30.2,63.1,35.9,149.9,23.5,7.9,67.5,42.0,22.4,86.1,51.6,92.6,60.5,63.5,76.3,75.1,45.2,27.1,25.8,44.6,75.6,46.6,63.8,78.9,87.7,38.3,11.2,32.3,56.6,5.6,29.4,36.9,45.0,82.7,128.0,109.3,17.9,55.2,23.6,62.6,36.1,43.7]}