{"timestamp":1132444800000,"multiplier":1.0E-5,"open":1.18845,"high":1.18845,"low":1.1884,"close":1.1884,"shift":60000,"times":[1320,1,1,1,1,1,1,1,1,1,1,1,1,1,1,1,1,1,1,1,1,1,1,1,1,1,1,1,1,1,1,1,1,1,1,1,1,1,1,1,1,1,1,1,1,1,1,1,1,1,1,1,1,1,1,1,1,1,1,1,1,1,1,1,1,1,1,1,1,1,1,1,1,1,1,1,1,1,1,1,1,1,1,1,1,1,1,1,1,1,1,1,1,1,1,1,1,1,1,1,1,1,1,1,1,1,1,1,1,1,1,1,1,1,1,1,1,1,1,1],"opens":[0,-9,-4,-7,10,-10,-15,0,2,-2,0,0,-5,5,-2,-1,-20,5,3,-5,0,0,5,0,2,0,3,0,0,-3,-2,1,-3,5,7,-3,-10,6,-3,0,2,3,5,-10,0,5,5,-5,0,6,8,-8,-6,-3,17,-14,-3,3,-5,5,0,4,6,5,-28,-12,-12,12,12,-6,31,-5,-7,4,31,5,-2,2,5,2,3,-2,2,0,0,-8,3,5,1,-6,-13,8,-2,2,0,5,0,-13,2,14,-8,15,-5,0,-3,3,-5,8,2,0,-8,5,-2,0,0,-10,10,5,-5,-5],"highs":[0,-7,-3,0,2,-9,-16,-2,2,3,0,-5,5,0,0,5,-33,5,3,0,0,0,0,0,6,4,-5,0,0,5,-5,-4,1,3,7,-5,3,0,-5,-5,7,3,0,0,-2,2,0,0,0,6,10,-4,-17,8,6,-9,-5,5,-5,5,3,-1,8,0,-21,2,-9,3,2,33,-13,-5,-7,30,5,5,0,0,5,8,0,-3,0,2,-2,1,-4,3,1,-6,-10,5,4,-4,0,5,0,-5,9,6,-2,2,-5,8,-8,0,5,-2,2,0,0,-3,3,-5,0,5,-5,5,-5,0],"lows":[0,-6,-9,0,0,-11,-7,-2,0,0,5,-5,0,2,-2,-12,-11,10,-4,-3,-3,3,-3,3,7,1,2,0,0,0,-3,-8,9,5,-6,8,-8,6,-6,0,5,3,0,-5,0,-3,13,-13,3,9,-1,-6,-2,2,3,-5,-3,0,3,5,0,-9,14,-2,-30,-27,9,8,7,11,31,-12,0,4,31,0,-3,3,10,2,3,-5,5,0,-8,-13,7,7,-1,-10,0,3,-4,7,-3,5,-5,-3,2,14,-8,12,-2,0,-5,5,-5,8,-5,2,-3,-2,0,5,-5,-5,10,-7,0,2],"closes":[0,-6,1,0,-5,-10,-13,-2,7,3,0,-5,0,5,-5,-17,-8,7,-2,5,-5,5,-8,3,9,1,-5,5,0,-5,0,-11,13,3,7,-7,-8,13,-8,-5,8,5,-5,5,-5,0,5,-5,5,-1,-1,-6,3,8,-4,-9,2,5,-2,0,8,-1,3,5,-28,-10,-7,-1,19,17,7,-12,0,30,5,0,0,5,5,8,0,-8,5,2,-10,9,-4,-2,-3,-2,-5,5,4,-6,-3,5,0,0,8,7,-2,-1,-2,8,-8,0,0,3,-3,0,5,-10,10,-5,0,5,-5,-5,-2,7],"volumes":[39.5,52.5,80.9,6.1,47.5,63.3,22.9,35.9,62.9,126.9,32.7,42.6,87.9,35.7,109.6,121.4,65.1,15.2,91.7,73.1,104.9,113.8,93.4,196.5,82.3,139.9,40.7,92.9,117.8,42.4,68.2,52.7,46.2,40.6,61.2,58.9,74.6,35.7,40.6,65.0,84.1,6.5,1.6,94.6,113.3,82.1,0.8,98.8,59.7,78.2,197.0,54.2,114.7,61.9,153.8,118.3,91.8,169.8,22.3,83.4,163.2,74.7,93.4,87.7,86.5,64.5,168.4,138.8,129.1,80.0,2.4,41.7,5.8,58.5,9.0,45.4,39.4,86.6,1.6,35.8,98.0,92.2,11.7,37.7,3.0,98.1,104.7,46.3,41.1,95.5,32.9,2.5,104.9,82.8,53.0,27.9,34.4,37.7,163.2,23.1,27.2,29.5,0.8,32.7,37.9,22.4,28.0,3.2,56.6,55.5,29.5,8.8,36.7,10.4,105.0,29.4,10.4,110.4,6.8,25.7]}