{"timestamp":1157241600000,"multiplier":1.0E-5,"open":0.76598,"high":0.7666,"low":0.76594,"close":0.76606,"shift":60000,"times":[1260,1,1,1,1,1,1,1,1,1,1,1,1,1,1,1,1,1,1,1,1,1,1,1,1,1,1,1,1,1,1,1,1,1,1,1,1,1,1,1,1,1,1,1,1,1,1,1,1,1,1,1,1,1,1,1,1,1,1,1,1,1,1,1,1,1,1,1,1,1,1,1,1,1,1,1,1,1,1,1,1,1,1,1,1,1,1,1,1,1,1,1,1,1,1,1,1,1,1,1,1,1,1,1,1,1,1,1,1,1,1,1,1,1,1,1,1,1,1,1,1,1,1,1,1,1,1,1,1,1,1,1,1,1,1,1,1,1,1,1,1,1,1,1,1,1,1,1,1,1,1,1,1,1,1,1,1,1,1,1,1,1,1,1,1,1,1,1,1,1,1,1,1,1,1,1,1,1,1,1],"opens":[0,7,16,-4,-8,29,2,-6,6,9,-4,8,-3,-10,12,6,-22,19,-8,13,-26,2,9,-1,21,-20,1,16,-27,-11,41,5,-22,17,-23,-6,-25,33,-10,5,11,-11,-9,7,15,-10,28,-3,-26,-8,-3,1,40,-43,-12,29,5,-30,-5,14,17,6,5,13,-5,-2,-18,26,17,-5,17,-19,11,10,6,12,-39,8,13,13,-31,6,-3,-4,-6,32,-7,6,-26,38,-25,-2,-3,16,-5,2,7,10,10,-20,40,-35,1,-11,19,21,-10,14,-14,8,-18,48,-16,-22,25,-14,19,20,-34,54,-62,-11,29,9,9,31,-51,19,4,-31,25,-58,11,-21,-20,37,-18,59,-29,3,6,-15,9,7,-18,-3,9,20,-32,11,20,18,-8,31,-2,8,-12,11,-21,-18,32,2,-33,4,49,-23,2,-13,-13,12,-15,7,17,-19,21,-16,-31,30,2,-22],"highs":[0,-5,15,-15,13,-6,4,4,0,18,-8,-5,5,-7,2,5,-2,2,0,5,0,-7,7,-3,4,1,-2,5,0,-12,-3,-5,3,12,-10,20,-10,-5,-11,11,0,-7,8,1,-11,4,5,0,-15,18,-16,8,-4,9,-6,16,-20,-5,5,20,-7,12,0,5,13,4,17,-9,0,10,10,5,-10,5,0,-10,-14,9,15,-20,-10,2,1,-3,35,-25,5,0,-5,0,1,-1,12,-12,6,12,4,13,-10,30,-10,-9,-24,28,16,4,-5,5,0,-10,0,20,0,-10,-5,15,10,7,3,0,6,-19,18,-15,-4,19,-10,10,-3,-12,0,-20,-15,5,2,-3,-12,28,-5,-10,0,13,-28,8,-13,5,25,5,10,-5,13,25,-16,10,23,-15,-10,15,-25,0,-1,38,-18,11,5,15,-22,2,-60,46,-16,5,-4,-1,10,-7,2,-8,18,-40],"lows":[0,2,9,3,1,6,1,1,1,3,10,8,4,-12,-9,-2,-6,12,15,-33,8,5,2,10,10,-10,-8,1,-1,-10,17,3,-15,0,11,-21,-11,23,-5,4,12,0,-20,0,20,-3,9,-17,-16,10,6,-5,-11,17,-10,9,-1,-10,-1,-4,20,9,1,16,-2,1,-6,12,-4,13,8,7,-4,7,11,-15,-6,-1,9,-4,-14,10,-4,-9,11,4,1,6,-5,-9,8,0,5,-10,17,6,-1,3,-2,10,15,-9,-28,-11,33,5,-5,21,-19,-11,8,8,1,2,11,4,16,-12,-4,20,-9,-27,41,-8,2,1,9,-16,21,-38,11,-36,15,-16,-17,17,2,18,-17,-1,26,-11,-8,2,0,15,-19,22,-36,32,20,15,-15,23,8,-34,28,-8,-7,-13,23,-8,-21,16,22,5,-22,-11,-31,53,-32,1,3,-23,30,5,-12,-16,10,-7],"closes":[0,34,-3,-6,8,-18,29,-14,-5,6,21,-17,27,-33,22,-19,13,-6,1,-38,30,-1,11,9,-10,28,-15,-26,12,7,0,-3,-30,13,17,-14,4,11,-18,5,7,6,-24,28,0,10,-10,-22,-27,31,3,35,-59,34,-21,16,-22,-6,21,-21,15,43,5,-18,-4,0,38,-31,9,41,9,7,-5,-26,-2,8,9,-30,3,5,1,-16,-1,-6,59,-36,0,16,-9,-12,9,3,-14,20,8,-6,11,-8,2,12,10,9,-50,23,12,-13,10,4,-10,-11,36,10,-8,17,-39,7,24,31,5,-13,3,-13,16,4,-10,-12,8,-33,42,-22,-18,2,-6,14,-51,38,13,-5,-16,2,1,13,-18,-21,29,20,-38,21,12,5,-4,4,15,-7,8,-18,32,-16,3,-17,5,4,5,21,-7,42,-20,-5,-82,53,-7,-22,26,-47,69,-43,43,-20,-23,15],"volumes":[4052.768748,2045.172567,1871.322038,1319.030499,767.793901,1220.851845,2059.440691,1103.828118,3334.674319,2894.434931,1175.976798,1104.781289,1164.770306,876.100117,812.380609,1513.580416,703.928579,3176.707608,849.640269,1017.577217,1989.970264,1029.595649,1661.467823,1431.584316,2059.068057,1212.970508,933.739888,1799.158991,1577.082062,998.477795,847.911169,680.64853,1850.469434,1759.890826,870.278371,1925.535264,2307.943981,1716.210858,1915.047256,1014.91004,934.888167,1877.990233,3697.776016,2025.808223,2040.051264,1879.590643,792.069124,838.973004,1116.068586,784.081137,980.645283,1542.632201,1349.8799,1377.877465,1486.137354,706.483434,1122.932592,3265.908957,3106.890541,2016.733418,1150.907972,1404.126399,1466.587163,1376.501906,3282.010718,1681.361544,929.128516,1596.570642,3270.955143,1891.364921,1814.049689,1707.490098,920.934922,977.609917,1690.068489,2159.798921,2806.640191,1861.54717,4730.052224,1719.651507,1467.940739,2358.833463,1898.255031,1038.388049,1281.089584,912.919229,775.508931,1052.761568,2139.225957,1173.63745,1007.110396,980.195915,2639.680849,1779.55655,1505.877257,1083.934243,4931.805177,3896.261921,2294.628325,2028.066745,4634.044478,917.072334,1167.238101,958.336444,2973.95484,2650.137221,1628.236193,1555.517719,1469.282373,2328.94561,1987.990279,1726.783953,2718.677023,2216.695461,1499.188935,1424.576192,1754.635982,1601.551762,2750.910124,1332.180282,971.352383,1980.546414,644.711395,1253.159146,1081.736809,2857.87579,2297.903844,867.212595,4052.813931,2183.476463,835.738413,1175.396951,1105.999755,2602.045356,1863.499245,2070.561199,1765.969953,2987.394655,2022.400841,2440.673489,742.823391,884.961044,2444.184721,1124.400423,753.685872,1261.82128,1589.757371,1428.907329,1697.921556,973.808685,1844.061019,3173.044963,1472.772542,1714.20367,2024.328341,2941.734828,2443.971176,1781.256412,1377.171839,2032.612403,2389.177177,5045.44122,3300.8637,5988.248046,3550.196309,1414.946303,1125.311788,5836.390786,4259.001147,2795.871915,3632.547188,3783.142803,3312.691767,2350.925623,3268.512261,4780.468682,2764.386894,2262.207278,2992.112853,1214.189501]}