{"timestamp":1159056000000,"multiplier":1.0E-5,"open":1.27723,"high":1.27854,"low":1.27698,"close":1.27836,"shift":60000,"times":[1260,1,1,1,1,1,1,1,1,1,1,1,1,1,1,1,1,1,1,1,1,1,1,1,1,1,1,1,1,1,1,1,1,1,1,1,1,1,1,1,1,1,1,1,1,1,1,1,1,1,1,1,1,1,1,1,1,1,1,1,1,1,1,1,1,1,1,1,1,1,1,1,1,1,1,1,1,1,1,1,1,1,1,1,1,1,1,1,1,1,1,1,1,1,1,1,1,1,1,1,1,1,1,1,1,1,1,1,1,1,1,1,1,1,1,1,1,1,1,1,1,1,1,1,1,1,1,1,1,1,1,1,1,1,1,1,1,1,1,1,1,1,1,1,1,1,1,1,1,1,1,1,1,1,1,1,1,1,1,1,1,1,1,1,1,1,1,1,1,1,1,1,1,1,1,1,1,1,1,1],"opens":[0,126,-14,-15,24,4,0,-6,2,3,13,-18,22,-7,-4,-10,2,5,-10,3,10,4,-13,21,-11,5,8,-12,-6,26,-1,-10,23,-39,38,-20,1,28,-27,12,-23,16,1,-3,-24,10,6,12,5,-7,-13,15,-4,-3,15,-17,13,-14,32,-15,-8,10,3,-5,-25,22,-36,38,-20,24,-18,29,5,-3,-2,-10,-16,20,-11,-8,13,-11,-30,17,-13,26,-6,3,-18,14,-20,21,-23,28,0,-5,7,-15,-2,-3,-26,21,8,21,-12,0,-3,-17,14,-6,-7,26,-26,17,-29,40,0,5,-22,22,-13,13,-2,38,-19,-8,9,9,0,-16,9,-11,-1,9,-15,-5,1,-8,-25,0,39,-28,4,0,6,2,-5,-5,-15,-2,29,-5,0,-12,0,14,-7,5,-27,30,29,-36,24,-23,5,-15,-4,1,9,-24,30,-16,-11,-1,-5,36,-9,19,4,2],"highs":[0,7,-10,11,0,0,-4,3,0,5,-1,4,0,-6,1,-9,8,-2,-4,-2,10,1,5,1,1,4,-1,-1,3,4,-2,6,15,-11,6,-3,5,-3,2,-7,2,2,-3,-8,-16,17,0,3,-5,10,-4,1,-3,-3,16,-17,11,-7,13,-8,1,-3,6,2,8,-8,-5,6,-1,-4,8,13,6,-5,-9,-9,7,-3,2,-18,-1,-6,-2,-1,0,12,-12,3,1,-6,4,-4,0,7,-3,9,3,-7,-6,6,-3,-8,16,2,-17,5,1,-7,-6,15,-8,8,-1,0,6,-8,14,9,-3,-3,7,0,16,-1,-5,-3,-3,7,29,-41,31,-24,-4,7,-11,-8,0,-7,-26,7,19,-14,6,-2,-1,-1,-9,4,-8,10,3,-5,9,-10,8,0,-1,4,1,8,11,-20,19,-21,3,-7,-6,-2,5,-2,3,0,-3,2,11,8,-6,10,-1,9],"lows":[0,133,3,-18,19,5,-3,2,-6,-10,21,-10,1,5,-5,-22,25,-8,9,-3,8,-49,40,18,-15,18,-34,28,-10,26,-5,1,13,-37,22,3,-1,2,-1,5,-14,9,4,-9,-25,14,16,-5,3,1,-12,12,-8,14,6,-15,4,2,-3,-3,7,1,8,-4,-14,13,-27,4,10,7,-10,35,4,2,-18,-4,-6,-1,7,-5,-6,-20,-2,15,-16,23,-3,1,-9,-3,-7,5,-10,16,7,3,4,-9,-8,5,-26,12,12,3,-2,-5,-13,-1,21,-3,-5,12,-12,6,-19,17,12,8,-16,3,9,8,3,9,7,-21,-8,24,-3,-15,18,-13,10,3,-15,-21,-3,-4,-19,18,1,-11,13,-3,13,-16,2,0,-17,14,4,0,-2,-9,9,-23,20,11,-18,35,-14,-12,7,1,-13,3,-4,-3,16,-27,0,21,-16,7,-3,20,2,20,-3,-19],"closes":[0,-4,15,-10,10,-3,-7,4,11,-18,16,5,-20,12,-5,5,7,-24,14,3,6,-6,16,6,-5,11,-45,20,-8,30,-8,14,4,-11,-11,9,19,-24,11,-2,9,-6,-1,1,-15,11,0,-11,12,-1,-8,9,-16,26,-4,-6,5,4,-20,5,4,11,8,-7,15,-21,0,5,13,-20,16,17,-4,3,-23,-6,19,-4,-20,5,-14,-14,17,5,3,-1,-4,5,-6,4,4,-20,1,11,3,1,0,9,-23,7,-2,-7,11,14,-20,-3,-24,12,13,-3,7,-1,10,-6,15,-31,30,3,-6,-20,40,-18,32,-20,9,-13,-17,25,-4,0,12,-22,4,9,-3,-33,-4,22,-50,27,8,-22,25,9,-9,-23,8,16,-34,30,-9,6,-9,-3,12,-38,44,-6,8,17,-30,14,1,1,-19,-11,-3,15,3,11,-38,27,1,2,17,-14,-3,24,7,-33],"volumes":[713.0,999.0,599.8,984.7,641.4,795.1,678.8,929.3,1081.0,941.1,969.6,722.2,802.1,802.6,823.4,637.6,730.4,453.5,500.4,1186.4,711.2,1042.4,674.5,548.5,1004.9,574.4,748.1,641.5,452.2,514.0,906.9,705.3,1329.6,816.9,735.4,779.9,763.6,747.9,814.0,774.8,749.9,901.1,556.7,865.6,734.2,899.1,748.0,890.5,882.5,1053.4,692.8,443.9,894.4,649.5,673.6,890.2,1186.3,613.6,782.1,591.3,611.6,536.3,956.1,784.7,792.4,1009.9,547.4,830.7,828.8,535.3,795.7,541.0,628.6,885.0,778.6,646.8,723.5,759.3,933.9,1285.8,750.1,621.9,570.5,806.3,689.3,1299.2,682.3,1002.0,830.6,1100.1,783.6,860.8,741.5,932.4,760.6,1095.2,561.5,588.1,913.4,480.7,1045.2,818.3,1106.8,1018.3,890.7,981.5,682.3,1009.6,582.2,654.1,649.4,1097.3,792.8,1072.7,806.0,867.2,685.1,718.7,804.9,542.5,656.4,675.8,702.1,670.5,895.7,537.2,900.2,1142.3,687.5,1107.8,986.4,1107.8,521.8,440.2,1027.7,704.4,766.9,966.2,1006.2,379.7,1297.1,806.9,857.6,997.5,866.1,711.3,502.8,637.2,755.5,686.6,849.1,994.9,1172.5,1153.4,1119.9,937.3,1296.2,715.1,1138.3,738.8,623.1,1015.0,643.2,969.9,884.1,618.5,1182.6,931.6,517.5,785.2,829.2,1089.5,912.8,934.5,807.8,773.6,861.0,578.4,1125.8,858.3]}