{"timestamp":1157241600000,"multiplier":1.0E-5,"open":1.90499,"high":1.90545,"low":1.90499,"close":1.90531,"shift":60000,"times":[1260,1,1,1,1,1,1,1,1,1,1,1,1,1,1,1,1,1,1,1,1,1,1,1,1,1,1,1,1,1,1,1,1,1,1,1,1,1,1,1,1,1,1,1,1,1,1,1,1,1,1,1,1,1,1,1,1,1,1,1,1,1,1,1,1,1,1,1,1,1,1,1,1,1,1,1,1,1,1,1,1,1,1,1,1,1,1,1,1,1,1,1,1,1,1,1,1,1,1,1,1,1,1,1,1,1,1,1,1,1,1,1,1,1,1,1,1,1,1,1,1,1,1,1,1,1,1,1,1,1,1,1,1,1,1,1,1,1,1,1,1,1,1,1,1,1,1,1,1,1,1,1,1,1,1,1,1,1,1,1,1,1,1,1,1,1,1,1,1,1,1,1,1,1,1,1,1,1,1,1],"opens":[0,21,-15,10,16,-32,-11,0,17,-4,-1,25,1,22,-10,21,-9,25,8,-10,11,-23,14,-15,18,12,-32,-39,33,1,22,-3,-34,33,12,4,11,6,-11,-24,51,-26,-8,14,-4,-13,17,5,-4,-4,-9,22,0,0,0,-2,0,-10,6,31,-25,10,11,1,-5,9,1,-17,23,-11,-12,1,17,-12,13,-8,-21,5,10,-18,-17,10,-6,9,-33,-3,23,0,-2,-13,14,16,7,-27,25,0,-6,26,-3,4,-4,-13,23,4,-13,0,0,-10,14,3,10,5,-8,-2,-21,-3,6,23,-16,11,12,23,13,13,6,6,-6,-2,-25,8,5,-5,-17,-14,6,-14,8,-9,5,-8,3,-3,1,3,2,-1,-12,-13,13,8,1,39,-33,-2,-1,-35,-1,-8,-3,19,9,-9,2,-4,3,14,-2,-16,-17,13,4,-12,6,-17,-1,0,7,8,-2,13],"highs":[0,33,-61,26,-12,-29,8,3,-1,14,-7,20,21,-11,28,-5,4,14,8,-4,-9,4,-7,0,5,3,-5,-25,3,17,5,-4,23,-24,11,10,1,2,1,16,-1,-21,0,8,-11,-4,16,-3,4,8,-16,9,0,5,2,-6,-3,-5,28,4,-6,-9,16,5,-1,3,-4,0,4,8,-14,-9,10,-1,11,-17,-9,3,0,-2,-18,2,-5,1,-24,7,9,5,-12,-3,12,8,7,-17,31,4,-3,11,-3,-4,20,-6,-8,4,-13,7,13,-10,0,-1,20,-7,-6,0,-17,9,-6,15,-12,23,22,14,3,17,7,-1,-7,-6,-14,2,0,-5,-17,-10,2,-1,-4,-7,8,-3,0,16,-18,-2,1,-2,-5,-11,3,12,20,18,-35,13,-16,-19,-17,-2,6,14,-1,-9,19,-15,3,22,-9,-17,-3,-7,7,-14,5,-6,3,-8,7,6,10,3],"lows":[0,15,-25,17,-13,-14,7,2,0,13,-2,3,24,-5,17,14,-8,16,16,-15,-1,0,-5,3,7,-8,-12,-26,26,2,25,-5,-29,30,15,4,11,-13,8,-24,16,-6,2,16,-21,0,13,-6,18,-4,-13,6,20,0,-5,1,0,-21,19,31,-28,-6,25,2,-1,2,-7,-2,2,-5,3,-15,20,-21,34,-19,-16,12,10,-24,-11,10,-9,-8,-20,-5,29,-7,-17,12,14,16,-6,-22,33,0,-8,26,-3,-15,17,-13,-2,14,-8,7,0,-7,-2,10,9,5,-6,-26,11,-9,-2,22,-3,13,12,23,10,12,0,4,3,-24,-9,12,-4,-3,-23,-5,6,-17,15,-13,6,-8,0,8,-11,13,0,-14,1,-30,23,13,4,9,-12,7,-25,-13,-10,1,2,16,5,-18,17,-3,3,14,-18,-3,-14,3,4,-12,1,-5,2,0,3,9,-12,26],"closes":[0,-5,-27,44,-40,-7,4,8,-15,13,2,-6,47,-14,24,1,-5,32,-2,-12,-10,14,-12,17,3,-24,9,-10,3,16,-7,5,-2,5,7,4,7,3,4,16,-29,3,-12,22,-28,8,23,-21,20,3,-17,-3,20,0,0,0,-2,-5,25,7,-22,0,16,8,-6,12,-21,17,-17,0,7,-1,-3,-21,44,-29,3,3,0,-20,-3,-2,2,-7,-32,0,27,10,-25,10,12,8,-4,-13,36,-11,14,8,0,-25,38,-4,-32,14,1,8,13,-13,-3,4,-1,5,4,-36,13,4,-2,7,0,18,30,11,-4,16,6,4,0,-28,8,2,-14,0,-20,-4,1,6,-10,-11,15,-6,-3,-2,-3,5,5,-19,7,-32,19,23,20,-17,-3,7,-34,-12,-4,5,2,18,-5,-10,6,2,4,18,-28,-3,6,-9,0,-5,-8,6,-9,2,10,1,10,8],"volumes":[62.8,132.4,110.3,121.9,50.6,69.2,75.3,44.3,59.1,48.3,86.7,77.9,39.35,132.1,112.9,92.9,27.1,84.4,66.1,36.7,43.7,92.9,105.4,116.0,49.2,80.2,56.3,61.8,20.8,67.0,78.4,127.6,80.8,56.8,81.4,23.9,11.3,53.1,54.1,27.6,25.2,86.7,129.4,142.6,45.1,80.6,22.8,35.1,33.8,90.9,42.8,30.0,0.9,33.7,81.2,91.2,20.8,32.9,66.1,27.7,124.2,49.0,67.8,62.4,52.0,29.7,80.4,70.7,38.0,75.0,28.1,104.8,11.5,98.4,82.7,7.6,39.4,20.6,17.7,57.0,41.8,43.2,66.6,67.4,63.3,116.1,104.5,62.0,64.4,142.8,40.7,13.5,79.9,99.1,14.4,39.6,105.5,54.4,43.0,56.5,63.9,100.9,60.6,68.2,103.6,45.9,83.3,97.9,147.9,36.0,67.9,25.5,114.4,84.3,19.9,121.9,48.7,87.8,112.7,65.0,30.7,101.3,59.6,77.0,123.1,94.7,40.6,54.4,61.7,148.8,48.0,64.2,81.2,71.4,52.2,64.2,68.1,52.9,86.4,86.6,110.4,63.4,49.2,21.7,53.4,74.6,72.1,38.0,75.0,43.3,168.2,63.2,23.9,109.7,75.0,55.1,44.5,118.2,73.9,58.7,48.4,171.6,71.5,6.5,18.9,74.8,169.5,57.6,91.1,108.1,11.0,95.2,105.7,119.6,75.3,47.4,76.9,47.2,48.1,47.2]}