{"timestamp":1157846400000,"multiplier":1.0E-5,"open":1.24708,"high":1.24751,"low":1.24708,"close":1.24751,"shift":60000,"times":[1260,1,1,1,1,1,1,1,1,1,1,1,1,1,1,1,1,1,1,1,1,1,1,1,1,1,1,1,1,1,1,1,1,1,1,1,1,1,1,1,1,1,1,1,1,1,1,1,1,1,1,1,1,1,1,1,1,1,1,1,1,1,1,1,1,1,1,1,1,1,1,1,1,1,1,1,1,1,1,1,1,1,1,1,1,1,1,1,1,1,1,1,1,1,1,1,1,1,1,1,1,1,1,1,1,1,1,1,1,1,1,1,1,1,1,1,1,1,1,1,1,1,1,1,1,1,1,1,1,1,1,1,1,1,1,1,1,1,1,1,1,1,1,1,1,1,1,1,1,1,1,1,1,1,1,1,1,1,1,1,1,1,1,1,1,1,1,1,1,1,1,1,1,1,1,1,1,1,1,1],"opens":[0,44,-46,19,15,25,1,-19,9,-18,-16,23,8,-43,24,-4,-2,-6,22,-80,77,-4,-63,-13,57,-63,68,-13,-7,17,25,16,-46,27,-35,43,55,-78,20,36,-30,31,-6,17,-38,19,-9,17,-24,12,-12,13,2,-20,24,-21,19,0,-12,9,-16,12,2,-22,22,-5,1,5,45,-36,7,-26,22,-14,0,27,12,13,22,2,-27,7,-7,-13,5,-15,21,-20,27,-25,12,8,10,-7,9,10,-25,6,-6,4,-8,11,6,27,15,-47,-3,-4,-3,13,-8,-7,-6,-9,-25,28,-18,34,-40,6,-8,-1,2,4,-10,-1,-1,4,8,-13,28,-21,-13,12,19,1,-5,7,2,-10,3,-11,-4,-7,9,-6,5,13,1,5,10,-6,33,-18,1,2,-21,2,2,-21,17,-4,-12,-5,13,-1,-9,-6,3,-16,30,20,-31,-29,43,-8,9,1,-13,-11],"highs":[0,1,-4,-17,21,17,-3,-6,-4,-18,1,6,14,-15,-6,-4,6,-8,26,-8,-6,-7,5,-31,40,-41,28,-28,7,24,14,6,-21,24,13,-22,50,-51,-2,40,-21,29,2,-7,-23,8,8,2,-25,11,10,-10,4,-5,6,-8,7,-3,-2,7,14,-12,-12,-12,21,2,15,4,16,-11,-1,-10,11,-8,0,17,9,14,10,5,-34,7,-1,1,-6,1,-4,16,-9,-3,10,-7,32,-6,-16,9,-23,19,-21,4,7,12,1,14,19,-51,6,-13,12,-2,-8,27,-40,0,1,-7,3,13,-3,-31,-2,1,-1,4,-5,3,-8,15,-10,-4,23,-15,8,-6,8,-1,-5,11,-2,4,-11,-2,-13,6,-4,-1,26,-11,1,16,11,3,10,-13,0,-2,-13,19,-12,-10,0,-1,-20,11,-3,1,2,-14,-2,13,13,8,-24,3,12,-16,9,2,0,-20],"lows":[0,0,-2,15,16,22,-45,26,8,-52,11,26,-24,1,13,0,-17,-27,64,-79,58,-60,12,-19,60,-60,56,-1,-7,17,25,-8,-42,10,2,25,53,-81,-13,38,11,38,-5,-16,0,3,7,-4,-13,-1,11,9,-6,-8,12,-9,2,8,-3,-1,-6,12,-13,-25,22,13,-1,5,6,-7,12,-19,14,-11,5,22,12,18,17,-20,-15,3,-2,-3,1,-7,-7,8,-5,7,7,13,10,-7,-3,-2,-4,-7,-8,14,0,3,8,3,15,-37,-4,0,8,-2,-5,-1,-14,-4,-17,12,0,4,-5,-12,10,-1,-9,13,-24,13,-22,27,-14,-4,17,-6,-15,14,9,8,-14,0,-20,32,-23,23,-29,9,3,-4,18,-21,19,-9,40,-8,-6,11,-17,-6,9,-8,3,-4,8,-1,-18,5,4,-15,13,-28,4,-8,39,-8,-2,-23,19,-7,24,-19,3,-20],"closes":[0,-43,14,-1,25,23,-35,25,-9,-38,14,16,-33,28,-11,-2,-17,18,23,-13,9,-11,3,-25,40,-41,1,-1,5,26,14,-13,-6,-31,61,-11,46,-97,48,-23,32,18,23,-28,-4,-10,24,6,-25,-16,37,-10,-13,9,-5,5,8,-12,7,7,8,-16,-17,0,-3,27,13,-7,-6,23,-18,-2,22,-40,16,21,14,22,3,-11,-12,-11,2,13,-19,5,-19,40,-37,21,15,-9,30,-2,-17,8,-19,-13,12,-6,14,-5,21,-9,32,-57,6,0,15,-16,-7,23,-29,4,-15,7,-16,1,18,-30,5,5,-9,9,-7,9,-7,5,-6,-16,34,-19,15,-12,15,-9,4,-5,-34,35,-26,32,-38,22,-10,14,22,-15,-7,11,32,-4,5,-7,-9,-17,10,26,-24,2,-14,7,-24,3,5,-8,5,1,-6,18,-6,-8,-2,-4,17,-16,16,-4,-9,-14],"volumes":[249.0,111.8,198.1,172.7,198.3,17.6,130.8,227.3,202.0,155.8,183.1,334.3,91.6,108.6,125.6,104.7,152.6,270.7,103.9,128.0,164.6,56.3,121.7,140.3,175.2,52.9,49.9,57.8,68.4,189.6,57.5,123.1,131.8,154.7,143.7,137.1,264.7,192.0,156.3,183.9,131.3,187.8,108.3,145.3,79.5,140.6,99.5,79.5,113.8,98.2,172.5,122.6,161.3,167.2,39.3,109.1,135.8,43.2,158.8,146.1,119.7,218.9,164.4,156.2,59.2,122.4,212.3,108.6,195.3,99.2,219.2,202.9,46.1,296.4,88.3,242.6,171.7,163.0,74.4,186.9,69.9,118.3,127.4,242.8,80.3,188.8,253.1,115.7,81.0,124.9,152.2,148.6,146.0,122.0,177.8,81.0,162.3,260.4,225.3,142.1,241.1,85.6,74.3,196.9,123.6,124.2,88.3,110.0,122.3,65.2,125.4,189.6,117.9,257.5,123.5,228.1,126.4,98.9,135.6,92.8,184.0,173.3,107.0,169.3,157.1,216.3,227.7,348.9,182.4,191.4,95.0,156.1,211.7,99.4,109.2,149.9,172.4,79.1,118.1,246.9,93.3,22.3,100.6,253.4,161.2,109.6,122.8,131.1,154.2,184.3,83.0,209.0,210.3,167.2,234.5,260.0,126.7,180.5,151.6,32.4,201.1,97.5,194.3,204.0,56.5,62.7,178.8,262.5,110.9,227.1,65.1,104.9,80.5,199.1,191.7,193.9,138.5,104.9,301.4,128.7]}