{"timestamp":1519516800000,"multiplier":0.001,"open":6039.97,"high":6039.97,"low":6033.109,"close":6037.969,"shift":60000,"times":[1385,1,1,1,1,1,1,1,1,1,1,1,1,1,1,1,1,2,1,1,1,1,1,1,1,1,1,1,1,1,1,1,1,1,1,1,1,1,1,1,1,1,1,1,1,1,1,1,1,1,1,1,1,1],"opens":[0,-3098,98,-1123,-975,-2000,-2025,1000,1123,877,-1878,0,-1000,-1000,-347,348,1802,-1802,2000,-1000,-1,878,1123,-1661,-1339,2139,300,-1100,-999,-341,1001,-1,2000,2001,999,340,2660,-2360,2361,-2001,-1660,2660,0,-559,-440,-1,1,0,-3660,1000,-1341,2001,-1001,0],"highs":[0,-2000,-1,-1999,-1000,-1000,-1000,2000,0,-1000,-2000,0,0,0,-2000,1999,1,-1000,1000,0,1000,327,-327,-1661,1660,0,1001,-2661,661,0,0,999,2001,1000,999,2001,-1,1,0,-2000,999,1001,-1000,1000,-1000,-1000,0,0,-2000,0,0,0,-1001,0],"lows":[0,2860,-2860,-999,737,-1878,-1000,1878,900,-1040,-860,-1000,0,-250,-675,-75,1875,-875,850,150,122,-1860,1500,-1640,953,1687,360,-1660,-340,-1000,2000,-359,1699,1300,1701,299,1360,-360,360,-2559,899,1660,-359,800,-1800,0,1360,-4001,-360,361,-1360,2359,0,-1359],"closes":[0,-2000,-1860,861,-2000,-1001,0,1,3000,-2001,-999,-2000,1000,0,-2000,2999,-999,-1,1001,0,1000,0,-1000,-3001,4000,0,-1000,-999,-1001,1001,-1,2000,2001,999,1000,2000,-2000,2000,-2000,-999,1999,0,1,-1,-1000,1,0,-3000,1000,-2000,2000,-1001,0,0],"volumes":[0.0642,0.0054,0.02622,0.0186,0.0057,0.0078,0.0096,0.0048,0.0168,0.006,0.0057,0.0072,0.0042,0.0084,0.0024,0.0033,0.0021,0.0027,0.0042,0.0018,0.0012,0.04254,0.00966,0.00474,0.00762,0.00834,0.01188,0.00492,0.00798,0.01494,0.0066,0.00432,0.01146,0.01698,0.00306,0.0117,0.00666,0.00618,0.00504,0.0108,0.00762,0.01038,0.00432,0.00372,0.01008,0.00702,0.0069,0.00942,0.00648,0.00894,0.00864,0.006,0.0012,0.00612]}