{"timestamp":1519516800000,"multiplier":1.0E-5,"open":1.22928,"high":1.22935,"low":1.22915,"close":1.22934,"shift":60000,"times":[1320,1,1,1,1,1,1,1,1,1,1,1,1,1,1,1,1,1,1,1,1,1,1,1,1,1,1,1,1,1,1,1,1,1,1,1,1,1,1,1,1,1,1,1,1,1,1,1,1,1,1,1,1,1,1,1,1,1,1,1,1,1,1,1,1,1,1,1,1,1,1,1,1,1,1,1,1,1,1,1,1,1,1,1,1,1,1,1,1,1,1,1,1,1,1,1,1,1,1,1,1,1,1,1,1,1,1,1,1,1,1,1,1,1,1,1,1,1,1,1],"opens":[0,6,4,-8,7,-4,-6,0,0,0,0,0,1,0,0,1,0,1,2,0,-5,-2,1,-2,-20,2,-15,-9,5,-6,6,2,0,0,-2,-6,6,8,2,-4,-17,-16,-2,2,5,1,0,0,0,14,0,-5,-3,-3,0,-1,4,-8,12,-8,13,-4,-1,-3,9,19,37,-9,11,5,-2,0,-19,-3,19,1,2,-2,-32,5,-1,1,-6,3,-3,-10,1,-6,15,8,-4,13,-6,-36,2,-19,-7,1,1,-1,-13,12,6,7,6,-42,36,-5,-19,10,-16,8,1,-42,21,5,15,3,12,-7],"highs":[0,5,1,-4,7,-3,-6,-8,2,-2,3,-1,1,-1,-1,3,-1,2,1,1,-7,-1,6,-8,-15,2,-20,-1,-2,-3,5,0,0,1,-1,-6,15,-3,5,-2,-23,-5,-9,5,-2,5,-2,-1,11,2,0,-5,-2,-4,0,3,0,0,4,4,16,-19,3,5,20,34,2,2,4,-2,1,-2,-18,15,2,0,1,-2,-15,-13,2,-2,-2,-1,-1,-12,3,7,7,1,9,0,-6,-35,2,-11,-13,0,7,-8,2,3,6,8,-2,-7,1,-5,-7,5,-13,2,-3,-19,4,15,4,11,6,11],"lows":[0,4,8,-10,4,-9,14,1,-6,5,-2,3,0,1,-1,0,2,1,0,-10,-1,6,-3,-24,3,-23,-4,8,-3,2,6,1,0,-3,-4,-2,8,7,-1,-17,-18,0,-6,8,4,2,0,0,0,11,-2,-4,-3,-1,0,-5,-1,3,4,0,8,-8,3,-1,12,18,27,-2,4,11,1,-17,-6,1,20,1,1,-35,3,3,0,-4,0,0,-10,-4,-4,3,14,2,3,7,-40,1,-26,4,-4,2,2,-13,0,14,2,10,-46,11,31,-18,-1,-5,-1,8,-41,0,18,8,15,3,5,0],"closes":[0,-4,-2,-10,9,-1,1,0,0,0,-1,2,1,-1,-1,4,-1,2,-2,-3,-2,0,5,-27,4,-16,-9,6,-8,5,4,0,0,-4,-4,3,10,2,-3,-16,-17,0,2,3,0,3,-2,1,9,4,-5,-4,-2,0,0,2,-9,8,-2,12,-3,-1,-3,8,22,36,-11,12,5,-2,0,-18,-3,18,1,0,0,-32,4,1,1,-7,2,-2,-10,0,-5,13,9,-4,14,-6,-37,1,-17,-8,4,-1,-1,-13,13,6,5,7,-44,36,-3,-16,8,-16,6,2,-41,20,5,15,3,13,-8,25],"volumes":[15.71,18.0,12.75,11.25,28.84,43.8,74.89,26.58,44.07,20.81,16.46,15.01,18.71,7.75,7.37,24.94,7.6,5.68,7.0,39.18,29.37,27.58,22.23,31.68,22.79,68.04,57.54,24.74,23.84,18.33,36.21,17.4,50.41,44.52,47.99,34.71,47.8,25.55,30.4,52.55,49.98,62.88,55.22,22.97,11.93,13.12,5.4,11.54,85.38,5.55,36.41,22.91,16.59,35.74,8.46,35.98,23.13,8.11,28.9,121.73,254.75,121.94,84.89,98.57,212.63,232.5,175.87,147.92,110.05,67.58,71.15,95.31,80.44,80.4,69.08,42.82,23.44,78.68,56.71,13.33,20.45,28.28,59.66,35.92,59.56,52.64,53.06,54.23,52.26,31.38,39.25,27.0,70.99,38.7,152.11,83.63,64.69,38.11,30.81,47.97,90.35,49.89,69.57,82.6,104.26,105.28,56.51,85.77,70.08,97.37,77.16,36.49,128.89,88.58,94.91,55.67,75.29,88.65,95.83,125.32]}