{"timestamp":1659225600000,"multiplier":1.0E-5,"open":1.27974,"high":1.27974,"low":1.27966,"close":1.27966,"shift":60000,"times":[1265,1,6,2,1,13,2,1,2,1,1,1,1,2,1,1,1,1,1,1,1,1,1,1,1,1,1,1,1,1,1,1,1,1,1,1,1,1,1,1,1,1,1,1,1,1,1,1,1,1,1,1,1,1,1,1,1,1,1,1,1,1,1,1,1,1,1,1,1,1,1,1,1,1,1,1,1,1,1,1,1,1,1,1,1,1,1,1,1,1,1,1,1,1,1,1,1,1,1,1,1,1,1,1,1,1,1,1,1,1,1,1,1,1,1,1,1,1,1,1,1,1,1,1,1,1,1,1,1,1,1,1,1,1,1,1,1,1,1,1,1,1,1,1,1,1,1,1,1,1,1,1,1,1],"opens":[0,-8,25,-14,34,-34,1,19,0,-19,18,-18,0,-4,3,-3,3,-3,-1,5,6,-2,2,-1,11,-17,16,-3,-13,24,-2,0,-11,9,0,19,-5,27,25,-17,5,23,-1,1,1,-2,10,11,-4,17,7,27,4,20,28,-26,7,7,-14,-2,-1,3,0,8,-7,15,19,-8,-14,-34,9,-2,-7,6,0,-2,-2,3,-3,1,-3,8,7,11,-2,2,-1,-7,-25,-19,9,-5,-1,-7,-2,-8,8,5,-12,-5,11,-14,1,-3,-17,5,9,9,-5,0,-1,-4,4,23,-5,1,-5,8,0,2,0,3,-8,-3,-2,-11,1,10,16,2,-9,-5,10,-3,6,-15,2,9,2,19,14,-10,-5,-11,-6,22,1,-12,-5,4,14,-9,2,6],"highs":[0,-8,25,-14,34,-14,1,0,0,-2,0,0,-1,-17,0,-4,4,-4,15,-5,0,0,22,-10,-1,-2,0,-3,0,13,-4,0,-11,23,39,-29,17,25,0,-10,21,2,1,-3,2,8,10,3,5,10,30,8,16,28,0,-19,10,-2,-16,-1,3,-2,9,1,7,19,-1,-7,-14,-15,-9,-4,-2,2,0,-2,3,-3,-2,0,7,1,22,-7,-1,3,-2,-8,-25,-4,-4,2,-10,2,-7,6,0,-2,-14,11,-4,-9,-6,-2,-10,6,22,-11,-6,-1,-1,3,19,6,0,-9,5,4,2,6,0,-9,-8,-1,-4,-6,5,18,5,-4,-9,4,2,18,-16,-12,10,3,17,17,-4,-10,-5,-10,16,6,-6,-11,-2,14,0,-7,14,-8],"lows":[0,0,25,-14,5,-11,6,-3,21,-18,0,0,1,-4,3,-3,1,-1,-1,5,-1,5,0,1,11,-48,44,0,-13,21,1,-8,-3,9,-6,3,16,28,1,4,8,16,3,2,1,0,9,6,2,11,13,23,7,20,3,-9,14,-5,-3,-2,2,-2,5,-5,0,21,3,-10,-35,5,4,-7,2,-4,5,1,0,4,-6,0,-4,13,6,8,2,1,-4,-28,-20,1,-1,-4,-1,-8,2,-2,6,-5,-8,3,-3,0,-2,-20,2,6,9,4,-1,-5,1,-4,6,21,-5,-4,1,6,4,-4,6,-5,-2,-7,-7,-6,6,12,15,-7,-4,0,5,2,-8,-6,7,7,4,17,2,-1,-15,-5,1,24,-12,-7,2,5,6,-13,14,-7],"closes":[0,0,25,-14,20,-26,6,20,-2,0,1,-1,0,-18,1,-4,1,-1,4,6,-7,7,1,11,-1,-2,-3,0,0,8,1,-8,-3,9,19,-5,27,23,-16,8,21,-5,5,-1,0,10,10,-4,12,10,31,4,18,30,-27,8,7,-15,-2,-1,2,-2,11,-8,17,17,-12,-9,-36,10,-4,-5,4,3,1,-6,5,-1,-3,-2,9,2,13,1,0,1,-5,-28,-20,6,-1,2,-10,-3,-5,7,5,-12,-5,10,-14,2,-4,-18,6,8,10,-4,-2,0,-4,7,19,-2,0,-8,12,-5,9,-4,2,-8,-2,-3,-11,4,7,18,4,-10,-7,6,1,8,-15,-1,10,2,20,16,-10,-6,-16,0,19,2,-11,-10,5,16,-5,-3,7,-12],"volumes":[1.8,2.4,0.9,4.56,1.84,3.44,13.0,5.36,4.84,12.88,4.0,4.48,2.24,7.2,7.5,1.8,8.4,1.8,9.14,4.2,5.24,4.5,6.56,8.4,3.0,10.8,3.6,1.8,2.1,12.0,1.2,4.5,1.5,2.66,78.55,77.29,24.64,18.82,27.03,36.42,43.9,37.8,28.9,9.14,46.84,38.05,36.4,38.96,33.1,112.56,162.33,223.11,79.09,119.68,86.82,69.28,43.8,50.4,32.4,61.2,18.0,25.2,88.12,31.18,77.32,50.64,116.77,61.66,127.64,85.56,68.27,26.73,20.98,33.9,105.05,66.13,69.66,3.14,71.52,55.86,138.37,13.32,87.56,14.52,12.84,27.65,7.2,112.18,59.04,66.54,98.52,136.0,41.59,40.34,56.58,71.73,123.64,76.64,55.44,65.87,146.78,42.05,37.2,175.87,30.02,31.41,42.49,23.65,60.13,36.33,34.2,46.87,118.91,42.79,68.06,87.36,61.01,56.71,38.04,75.23,109.14,50.4,39.47,56.75,58.61,52.86,40.47,24.69,14.79,55.59,14.41,24.46,26.44,44.82,28.32,33.91,57.92,24.5,20.51,43.5,62.27,31.83,27.73,34.21,52.93,28.8,37.14,29.82,10.85,38.53,29.18,45.77,57.0,98.9]}