{"timestamp":1659225600000,"multiplier":0.001,"open":1764.809,"high":1766.11,"low":1764.714,"close":1764.714,"shift":60000,"times":[1320,1,1,1,1,1,1,1,1,1,1,1,1,1,1,1,1,1,1,1,1,1,1,1,1,1,1,1,1,1,1,1,1,1,1,1,1,1,1,1,1,1,1,1,1,1,1,1,1,1,1,1,1,1,1,1,1,1,1,1,1,1,1,1,1,1,1,1,1,1,1,1,1,1,1,1,1,1,1,1,1,1,1,1,1,1,1,1,1,1,1,1,1,1,1,1,1,1,1,1,1,1,1,1,1,1,1,1,1,1,1,1,1,1,1,1,1,1,1,1],"opens":[0,65,-760,384,256,264,-240,-170,140,-150,416,-16,-160,-130,40,20,-170,-550,266,-116,16,0,-100,-240,274,16,174,-210,-50,-170,-10,-190,-190,-130,76,-46,-134,-90,320,124,-140,236,-106,40,-44,-100,-280,-20,-290,151,19,-50,300,-110,-240,270,-80,-10,-236,76,100,70,-120,0,120,-16,0,-90,-20,16,0,124,76,-50,80,-80,0,-30,-76,-164,-140,-100,64,-154,-216,-314,-50,210,44,36,-16,156,-476,140,-24,-140,-206,126,-206,-84,64,-64,-496,-30,-90,160,90,-50,190,210,340,10,-250,120,260,-40,-90,-170,20,190],"highs":[0,-1212,-130,30,260,156,-436,10,-20,346,-100,14,-130,-140,40,56,-256,-284,100,0,-200,0,0,-10,-30,210,64,-304,-66,-40,-140,-190,-130,-34,70,-150,-160,230,154,30,80,-50,-60,-20,-44,-80,-250,-70,-100,-10,60,240,-60,-90,40,0,10,-110,-106,36,70,-10,-120,140,120,-136,-20,70,-134,-10,130,30,20,50,-20,-30,-40,-20,-96,-164,-60,-100,-16,-154,-216,-184,-20,170,-30,54,106,-30,-310,-26,-24,-80,-140,0,-140,-76,-10,6,-456,-90,10,286,-166,120,250,360,20,-70,-70,210,-10,90,-200,40,-40,260],"lows":[0,-710,-206,460,190,250,-310,100,-100,210,-70,410,-380,80,80,-240,-490,-90,200,100,16,-116,-280,56,84,206,-36,-54,-196,20,-200,-280,-30,-220,116,-50,-80,-36,396,-16,0,-40,156,-90,-30,-250,-40,-200,-70,60,20,-40,80,-40,-10,154,26,-276,-10,60,56,-16,-114,130,164,-100,-80,26,14,-54,30,54,16,91,-37,20,16,-56,-244,-40,-190,34,-124,-136,-364,-30,-70,270,-106,146,-50,-226,20,-120,6,-190,-60,-20,-60,41,-207,-290,-380,110,-10,310,-120,130,130,180,260,-200,180,100,180,-80,-130,10,-250,460],"closes":[0,-600,394,10,540,-310,-170,190,-210,456,-36,-40,-130,-60,40,-210,-530,266,-200,100,0,-100,-296,340,-24,204,-210,-50,-170,20,-230,-180,-130,126,20,-290,-50,320,114,-130,230,-100,40,-64,-60,-300,-40,-150,40,-10,-70,320,-70,-250,280,-110,40,-296,106,100,40,-70,-40,150,64,-100,-100,-10,26,-30,150,40,-40,70,20,-20,-60,-96,-124,-150,-100,40,-240,-110,-350,-20,110,170,-36,56,100,-486,160,-84,-60,-210,60,-156,-93,73,-64,-496,-70,-120,220,40,0,200,200,340,0,-240,190,200,-40,-80,-180,80,110,110],"volumes":[0.03367,0.01838,0.03422,0.00866,0.0078,0.00902,0.0066,0.00312,0.003,0.00672,0.00872,0.00318,0.00956,0.00366,0.00488,0.0067,0.0098,0.00704,0.00552,0.00312,0.00228,0.00432,0.00787,0.00464,0.00822,0.0038,0.00312,0.0033,0.00546,0.00786,0.01138,0.00606,0.00666,0.01188,0.0081,0.0072,0.00792,0.00954,0.00476,0.00774,0.01128,0.00852,0.00312,0.0045,0.00222,0.00588,0.00288,0.00402,0.0074,0.00446,0.0096,0.00936,0.00966,0.00414,0.00474,0.00438,0.00372,0.00928,0.00928,0.00616,0.01164,0.00514,0.00672,0.0063,0.0051,0.00388,0.00524,0.00772,0.00749,0.00812,0.00986,0.00886,0.00646,0.0061,0.0077,0.00692,0.0063,0.00621,0.01049,0.0063,0.01162,0.01083,0.01128,0.00586,0.01459,0.00856,0.00964,0.00594,0.0063,0.00522,0.00911,0.01104,0.0045,0.00833,0.0063,0.0123,0.01026,0.006,0.01126,0.00484,0.0107,0.01685,0.0165,0.00702,0.01373,0.01518,0.01026,0.0114,0.00612,0.01169,0.01074,0.01112,0.00796,0.01034,0.0072,0.01048,0.00658,0.00424,0.01156,0.00934]}