{"timestamp":1668297600000,"multiplier":1.0E-5,"open":0.94144,"high":0.94144,"low":0.94144,"close":0.94144,"shift":60000,"times":[1322,1,1,1,1,1,1,1,1,1,1,1,1,1,1,1,1,1,1,1,1,1,3,1,1,1,2,1,1,1,1,1,1,1,1,1,1,2,1,1,1,1,1,1,1,3,2,1,1,1,1,1,1,1,1,1,1,1,1,1,1,1,1,1,1,1,1,1,1,1,1,1,1,1,1,1,1,1,1,1,1,1,1,1,1,1,1,1,1,1,1,1,1,1,1,1,1,1,1,1,1,1,1,1,1,1,1,1,1,1,1],"opens":[0,0,-13,17,19,-18,-31,-61,13,-4,34,18,24,15,-39,38,-11,100,-25,0,0,-48,146,23,-14,-3,21,0,-1,-1,1,34,-2,1,7,0,-10,0,0,0,-10,8,0,-3,0,-4,-1,1,11,10,-2,-10,-4,11,1,47,-65,15,-5,4,26,-37,23,-31,-1,-32,40,-14,-1,-29,-40,50,0,-58,-1,0,0,31,-11,7,-17,15,19,-13,22,-4,-15,17,-1,27,-2,-7,2,-11,8,0,-5,-9,2,38,-2,-1,18,-11,-1,7,-1,5,18,-4,3],"highs":[0,0,18,0,5,-18,-31,-61,61,-18,31,11,20,75,-119,39,85,3,-25,0,0,-48,146,23,-12,48,-32,0,11,-13,49,-14,-1,7,0,0,-10,0,0,0,-2,0,0,-3,15,-19,0,10,11,0,-2,13,17,-2,17,18,-68,0,-2,47,-6,-25,-2,-10,-11,12,-13,6,-24,-29,10,16,-16,-57,0,12,26,0,-9,-4,13,18,-5,9,-4,-9,10,-4,22,5,6,-13,9,-9,-8,3,-5,-4,63,-31,-1,17,0,-9,14,-8,8,15,-1,-1,2],"lows":[0,-1,-12,17,1,-6,-25,-70,22,-4,33,19,0,39,-39,38,-11,75,0,0,0,-48,146,6,-1,-15,37,0,-1,-1,1,16,16,1,7,-10,0,0,0,0,-11,8,-27,25,-4,0,-1,1,11,1,7,-33,-64,57,38,-18,-6,11,0,7,-19,-6,-6,9,-28,0,2,16,-25,-39,-2,52,-58,-4,0,1,-1,27,-14,-1,1,17,18,-12,0,5,-2,4,12,21,-4,-7,-2,1,7,-8,-12,1,3,31,0,8,4,0,3,-4,7,8,5,4,-6],"closes":[0,0,18,-1,-12,-6,-25,-70,70,-18,-1,43,20,-5,-39,39,85,-22,0,0,0,-48,146,9,-3,2,19,0,11,-13,34,0,0,7,0,-10,0,0,0,0,-2,-1,-2,0,-4,0,0,10,11,-2,0,-15,21,-17,56,-65,15,-10,8,27,-47,33,-30,-1,-33,52,-26,0,-30,-40,49,1,-58,0,-2,-3,40,-9,-18,1,26,22,-14,9,-14,4,8,-1,27,-2,-8,3,-11,8,0,-6,-11,5,38,-1,-2,19,-13,1,6,-4,8,18,2,-3,5],"volumes":[0.9,3.6,2.1,2.7,4.8,3.33,0.31,1.64,2.72,3.6,11.84,4.38,4.34,1.9,1.32,2.7,5.7,2.1,1.8,12.0,0.9,0.9,0.44,4.6,4.44,7.68,4.5,3.0,1.94,1.5,13.32,8.98,0.88,2.64,0.44,1.32,0.44,0.44,0.44,0.88,1.76,0.88,3.7,0.44,3.08,0.44,0.88,1.32,4.4,2.2,1.76,34.62,74.14,35.96,8.8,52.98,11.4,13.8,11.4,57.3,80.08,48.3,203.46,68.65,62.36,162.36,687.84,652.64,686.26,603.05,754.53,524.86,339.86,66.56,68.88,160.06,112.14,41.68,187.98,156.34,81.7,37.44,18.96,26.28,55.2,31.04,39.84,37.68,156.24,126.36,210.56,379.98,343.7,241.34,136.8,152.88,207.68,173.9,133.49,104.48,59.8,175.88,92.58,90.08,64.2,61.18,88.48,75.86,93.22,67.4,84.9]}