{"timestamp":1668902400000,"multiplier":0.001,"open":1749.817,"high":1751.828,"low":1749.618,"close":1751.598,"shift":60000,"times":[1380,1,1,1,1,1,1,1,1,1,1,1,1,1,1,1,1,1,1,1,1,1,1,1,1,1,1,1,1,1,1,1,1,1,1,1,1,1,1,1,1,1,1,1,1,1,1,1,1,1,1,1,1,1,1,1,1,1,1,1],"opens":[0,1750,-530,-289,250,-180,319,170,91,-161,161,-11,11,379,-40,-260,121,-291,170,-179,39,-239,100,-141,60,-10,110,170,-150,-239,-211,150,71,-1,91,-111,140,40,-40,-40,160,90,150,21,160,-91,100,191,79,31,150,-80,49,20,-10,-130,210,-169,239,0],"highs":[0,440,-730,69,-140,-120,130,120,-60,-39,0,-111,540,-90,-80,-130,71,-200,149,-240,-70,61,-161,-39,69,-69,110,90,-141,-259,-91,191,9,-9,129,-120,120,-10,80,-10,140,90,90,1,60,20,189,111,49,120,171,-81,-50,321,-411,30,50,90,0,0],"lows":[0,1180,-100,-100,100,120,280,0,-100,200,139,-339,400,239,-200,-139,0,-100,100,-100,-171,-129,0,100,100,-21,121,-41,-259,-100,-100,100,169,-22,-87,-20,199,-10,-70,100,151,69,210,21,60,-70,120,230,69,-19,140,-41,1,69,-219,80,50,40,19,-60],"closes":[0,-700,-90,390,-400,359,130,111,-261,70,190,-199,549,-30,-240,121,-241,141,-200,39,-300,161,-261,261,-100,69,141,-51,-320,-139,100,100,0,69,-130,130,100,-20,-60,160,40,210,31,70,-30,49,251,89,10,160,-69,20,30,-1,-149,97,-37,189,50,-100],"volumes":[0.06895,0.05172,0.02735,0.02265,0.02562,0.02031,0.02803,0.02616,0.014,0.0058,0.00998,0.02558,0.02073,0.02188,0.01707,0.01929,0.01834,0.00774,0.01328,0.01112,0.01758,0.01413,0.0066,0.00699,0.00782,0.01755,0.00856,0.01588,0.01785,0.01756,0.01347,0.01611,0.00425,0.01797,0.01861,0.04105,0.02988,0.02919,0.03478,0.02568,0.02994,0.02745,0.01774,0.00728,0.00395,0.02528,0.01071,0.01941,0.0113,0.03012,0.02995,0.03832,0.0236,0.01646,0.01526,0.01755,0.01045,0.02061,0.03267,0.02322]}