{"timestamp":1667692800000,"multiplier":0.001,"open":1674.327,"high":1678.037,"low":1673.247,"close":1675.938,"shift":60000,"times":[1380,1,1,1,1,1,1,1,1,1,1,1,1,1,1,1,1,1,1,1,1,1,1,1,1,1,1,1,1,1,1,1,1,1,1,1,1,1,1,1,1,1,1,1,1,1,1,1,1,1,1,1,1,1,1,1,1,1,1,1],"opens":[0,1510,-2269,-11,830,761,79,-79,1900,-211,-599,2709,-420,-29,-80,-120,-600,-700,-1310,-290,739,61,-780,399,481,440,-880,-71,-309,639,-219,-380,-890,179,30,-709,970,-11,550,-39,-881,-120,-179,-50,-140,-350,-10,120,169,250,490,-1019,120,-320,-400,-350,-330,-150,150,100],"highs":[0,-1870,-2209,649,1300,-190,-269,2000,-311,-300,2130,1170,-1100,-319,-220,400,-1000,-700,-1510,529,481,-400,-300,500,500,-260,-831,-120,511,200,-600,-300,-700,49,-110,361,239,390,1,-230,-800,439,-489,-280,-190,-200,199,-79,379,360,30,-739,-190,-350,-330,-383,-237,-290,650,-281],"lows":[0,381,-621,-49,1219,571,20,109,1771,-900,490,2160,-30,-70,-600,0,-700,-1400,-1461,671,1329,-719,-791,1171,500,-630,-351,161,-71,560,-469,-900,-100,77,-437,-10,800,20,589,-829,-210,60,-741,311,-250,-350,-40,399,200,121,-411,30,-270,-309,-320,-360,-211,-250,410,0],"closes":[0,-2201,-550,1280,820,-60,40,1950,-330,-649,2699,-400,-19,-80,-140,-600,-700,-1390,-310,829,171,-871,371,529,471,-870,-131,-310,611,-100,-390,-1010,200,0,-561,800,61,639,-119,-910,-121,-29,-261,-169,-250,50,-21,260,241,529,-1140,230,-339,-420,-330,-230,-270,-40,329,-200],"volumes":[0.15065,0.10736,0.08147,0.07182,0.08414,0.0722,0.04254,0.0569,0.03142,0.02872,0.05285,0.08124,0.06544,0.04486,0.04618,0.02736,0.01685,0.06588,0.08218,0.05356,0.03271,0.02373,0.05327,0.03059,0.05083,0.03813,0.04685,0.02346,0.02482,0.01917,0.02074,0.01736,0.02012,0.02261,0.02782,0.02406,0.02158,0.03711,0.01528,0.00965,0.01853,0.02628,0.05379,0.02694,0.02097,0.03145,0.06647,0.0338,0.03879,0.02532,0.04306,0.01799,0.03221,0.01068,0.01005,0.01043,0.01709,0.02646,0.0246,0.01752]}