{"timestamp":1254614400000,"multiplier":1.0E-5,"open":0.93474,"high":0.93501,"low":0.93463,"close":0.93501,"shift":60000,"times":[1260,1,1,1,1,1,2,1,2,1,1,1,1,1,1,1,1,1,1,1,1,1,1,2,3,1,1,1,1,1,1,1,1,1,1,1,1,1,1,1,1,1,1,1,2,1,1,1,1,2,2,1,1,1,1,1,1,2,1,1,1,1,1,1,1,1,1,1,1,1,1,1,1,1,1,1,1,1,1,1,1,1,1,1,1,1,1,2,1,1,1,1,1,1,1,1,1,1,1,1,1,1,1,1,1,1,1,1,1,1,1,1,1,1,1,1,1,1,1,1,1,1,1,1,1,1,1,1,1,1,1,1,1,1,1,1,1,1,1,1,1,1,1,1,1,1,1,1,1,1,1,1,1,1,1,1,1,1,1,1,1,1,1,1,1,1,1,1,1,1],"opens":[0,34,0,-16,9,-43,9,58,-24,50,-9,-17,-10,-2,-23,-5,12,-4,-10,15,14,16,-5,-11,30,-11,-5,-34,26,-1,3,-19,21,1,40,3,-9,-4,7,-10,-11,6,8,-7,-1,-16,-22,12,-4,7,-8,-10,-4,-1,17,-5,-28,5,11,55,-36,-37,-66,22,-12,15,-16,0,22,32,22,-17,25,-11,-18,-28,19,16,26,16,-20,-37,-3,76,31,3,13,-13,-19,16,66,44,-32,6,4,1,10,21,10,4,8,-5,2,-32,-3,0,11,5,-8,15,2,16,-23,1,3,36,20,-38,-41,22,-33,7,18,-22,5,-2,2,7,-2,-10,-15,-16,12,6,8,14,14,4,1,-22,-37,-27,12,4,-5,-9,6,-23,22,-11,-1,34,15,-20,-30,11,17,8,-32,15,50,28,-9,0,-8,-7,-13,-22,4,-14],"highs":[0,20,-4,-16,0,-29,37,16,16,13,-12,-17,-6,-6,-23,11,2,-10,-5,32,3,16,-16,15,4,-11,-5,-10,3,2,8,24,-27,29,8,15,-21,18,-15,-10,0,6,2,-5,-6,-18,-16,9,-7,7,-8,-10,-3,18,0,-8,-19,-4,74,-8,-36,-37,-40,16,-18,1,-16,10,25,46,4,-21,33,-22,-20,-23,23,20,26,12,-29,-37,70,26,27,-6,5,-4,-11,46,44,24,-39,15,0,12,15,13,7,1,1,-2,-1,-32,2,4,29,-14,-16,25,10,-2,-21,13,13,33,8,-45,-26,8,-22,19,-5,-13,2,6,-6,1,-5,-6,-12,-12,17,-10,18,17,6,-1,12,-33,-31,-15,-6,9,-10,4,-2,-12,6,-11,30,19,-1,-20,-30,18,14,4,-23,40,36,8,-6,11,-13,-11,-18,-19,1,-6],"lows":[0,39,-9,-1,-34,0,9,5,29,33,-18,9,-39,17,-25,4,15,-4,-10,15,14,16,-49,33,16,-10,-26,0,26,-8,-16,7,8,14,36,7,-9,-4,-5,-10,-3,10,2,-1,-18,-14,-10,11,0,-9,-16,5,-4,7,6,-13,-16,5,19,26,-35,-76,-4,27,-13,16,-34,12,28,32,14,-17,32,-30,-15,-11,19,12,29,14,-60,6,-3,76,31,-3,14,-13,-14,16,66,42,-59,35,-10,14,7,25,10,-1,12,-15,-3,-40,15,-9,26,4,-7,12,1,2,-18,14,3,36,-11,-21,-31,17,-24,7,9,-18,8,0,-1,8,-4,-12,-27,-2,16,-6,20,12,6,-8,18,-42,-35,-4,-7,19,-22,12,-21,-18,35,-32,29,28,3,-29,-3,2,20,-16,-2,15,50,12,-2,9,-10,-22,-26,1,-6,-12],"closes":[0,1,4,-8,-35,7,39,-29,61,-7,-18,9,-6,-16,-25,5,20,-10,-5,26,9,7,-37,45,-5,-7,-34,23,4,-3,-22,44,-17,34,4,11,-13,8,-13,-10,1,8,5,-3,-11,-28,-10,11,0,4,-26,2,0,24,-6,-22,1,-12,82,-37,-35,-76,27,-3,-14,16,-28,18,29,31,2,-4,19,-10,-35,-6,23,19,25,2,-60,6,62,34,9,7,4,-14,-2,53,44,15,-41,21,1,10,21,4,10,-3,10,-15,-3,-22,8,4,11,0,-12,24,11,-20,-5,15,13,33,-32,-21,-16,2,-10,19,-17,-1,-3,-5,-2,8,-2,-14,-27,9,15,-16,24,8,17,-6,6,-43,-35,14,-16,14,-22,21,-34,20,-3,-25,53,19,-16,-32,-3,15,17,-21,2,40,36,2,-1,0,-1,-23,-29,-5,5,-1],"volumes":[7.327482,9.026977,12.562184,7.104453,10.309885,4.027398,8.357665,19.852595,12.019314,19.070337,8.063689,1.143298,9.797147,2.068344,3.398247,10.104074,1.800038,1.816022,2.431184,16.598577,9.159032,8.599368,9.553569,9.579853,8.827221,9.408236,13.81716,18.811139,5.824831,17.584292,13.622407,14.050245,11.030869,14.085279,1.771895,17.661361,4.65318,16.785245,6.236541,5.443539,11.663192,9.086704,13.522228,4.153698,12.900756,4.286671,7.329139,7.390447,1.511631,9.911498,14.901985,2.604673,7.037086,15.844123,22.122122,7.102729,9.453955,12.615025,16.118169,10.137625,8.174069,13.944978,6.597977,9.652134,13.868067,4.041395,10.021498,11.760191,9.457716,14.579546,12.737524,18.517239,18.041682,13.988096,3.674609,4.052916,2.437103,9.955132,17.104128,13.748622,7.126773,1.380404,15.647513,8.065038,16.901643,11.764883,11.16499,7.604586,7.356901,12.954164,8.144643,6.63345,9.270964,6.739332,17.529117,14.124275,19.157454,10.436284,10.283844,20.159172,3.515881,5.329416,2.809165,14.389821,7.22795,5.970989,17.84569,10.362036,1.919382,6.922227,20.669495,6.428104,12.776644,11.197492,12.604266,8.852551,16.382321,14.880247,11.118476,9.70706,3.238625,8.054448,12.214416,5.719544,8.619943,12.858453,16.794414,9.94561,8.242581,16.597084,11.474942,15.230938,9.706426,18.142633,5.56287,15.123573,13.950944,7.303052,10.174412,9.439105,16.841527,7.876971,10.613477,6.535193,12.846378,8.557202,16.023932,11.032761,15.946245,19.89552,12.798788,10.521456,15.680075,10.031786,3.34174,8.475831,6.403683,8.426582,9.940814,13.980536,9.290052,10.689977,15.553784,7.549696,8.08476,11.092891,10.886224,11.246957,9.583144,12.178642]}