{"timestamp":1508025600000,"multiplier":1.0E-5,"open":1.18107,"high":1.18107,"low":1.18106,"close":1.18107,"shift":60000,"times":[1260,1,1,1,1,1,1,1,1,1,1,1,1,1,1,1,1,1,1,1,1,1,1,1,1,1,1,1,1,1,1,1,1,1,1,1,1,1,1,1,1,1,1,1,1,1,1,1,1,1,1,1,1,1,1,1,1,1,1,1,1,1,1,1,1,1,1,1,1,1,1,1,1,1,1,1,1,1,1,1,1,1,1,1,1,1,1,1,1,1,1,1,1,1,1,1,1,1,1,1,1,1,1,1,1,1,1,1,1,1,1,1,1,1,1,1,1,1,1,1,1,1,1,1,1,1,1,1,1,1,1,1,1,1,1,1,1,1,1,1,1,1,1,1,1,1,1,1,1,1,1,1,1,1,1,1,1,1,1,1,1,1,1,1,1,1,1,1,1,1,1,1,1,1,1,1,1,1,1,1],"opens":[0,1,16,-2,-12,0,12,5,1,0,-14,9,9,0,0,2,5,1,-1,1,0,1,1,4,-2,1,2,-1,2,2,-5,15,-7,-6,3,9,0,4,-16,-3,-1,2,-9,-7,-1,5,-13,0,0,-1,1,0,-1,8,-1,13,-17,-3,0,0,-4,-4,5,1,7,8,9,-23,-4,-3,-10,2,-11,1,-8,-9,4,1,-2,9,0,-5,16,5,3,5,0,2,-1,-1,-1,1,-5,1,0,-7,-6,-1,3,0,-5,5,-4,4,-2,3,-4,5,5,-2,3,0,-2,-4,-2,0,0,-7,-11,-3,-10,0,2,16,-1,-13,-1,0,1,-4,7,1,2,-4,5,-7,-2,4,30,3,-3,-33,9,-1,11,2,6,4,-13,-13,-7,-7,6,7,3,5,-1,6,14,-6,-9,0,-2,1,1,5,10,4,14,3,4,5,2,7,1,0,0,-4,1,0],"highs":[0,17,3,-5,-11,12,5,0,0,0,0,5,0,0,1,5,1,0,0,0,0,1,8,-1,-3,2,9,-8,1,4,11,-4,-7,-3,9,0,9,-5,-15,-4,2,0,-9,-8,4,0,-13,0,0,-1,1,0,0,7,-1,13,-12,-3,2,4,48,-56,6,-1,2,16,-4,-19,-8,-3,-7,0,-6,-3,-10,-2,1,-3,10,-1,-2,15,1,3,4,7,-3,2,-4,-1,1,-1,-1,-2,0,-6,-4,-1,-1,1,1,-2,2,-2,1,2,-2,8,-2,2,0,-1,-2,-4,-2,1,-1,-6,-10,-5,-7,1,14,1,-2,-2,-9,-1,0,5,0,-1,1,5,-4,-7,-1,33,3,0,-3,-23,-1,10,4,4,6,4,-19,-13,-6,-2,14,-3,4,2,2,15,0,-6,-8,-1,0,0,3,16,-1,13,5,10,-2,3,8,1,0,0,-1,0,-3,8],"lows":[0,2,15,-13,0,0,9,8,0,-8,-5,9,7,1,1,2,5,0,-1,2,0,1,-3,-1,6,2,-4,5,1,1,-15,20,-6,-1,0,12,1,-19,6,-3,0,-16,3,-2,0,-8,-1,0,1,-1,0,0,0,8,-1,-6,-3,0,0,-16,-17,24,8,-6,11,11,-17,-1,-14,-5,6,-10,0,-8,-8,1,4,-6,1,12,-5,-1,17,4,5,3,2,0,-2,-2,3,-8,0,5,-8,-4,-6,3,4,-6,1,2,-2,0,1,-1,1,6,2,1,3,-2,-4,-3,1,0,-7,-11,-3,-9,-2,1,2,15,-15,-8,-4,10,0,0,6,2,-5,-1,-1,0,1,4,29,-1,-31,0,6,0,10,5,6,-7,-16,-9,-7,3,4,7,4,6,-2,5,6,-10,4,-1,0,1,0,6,6,8,14,3,4,4,3,7,1,-3,-1,-1,2,-2],"closes":[0,17,-1,-13,1,12,4,0,0,-7,4,8,1,-2,3,5,1,-1,1,0,0,1,6,-5,3,2,0,1,0,0,13,-7,-7,-1,13,-1,7,-17,-2,-3,1,-12,-2,-2,5,-13,-1,0,1,-1,0,0,1,7,-1,-5,-2,0,1,-17,6,7,2,6,5,12,-23,-4,-3,-10,1,-11,2,-8,-9,4,1,-2,9,-1,-5,17,5,3,4,-1,5,1,-4,-1,1,-8,4,0,-8,-4,0,1,0,-5,6,-4,3,-3,4,-4,3,7,-2,4,-1,-2,-4,-2,0,0,-6,-11,-4,-9,-1,2,15,1,-14,-3,4,-4,-1,6,2,1,-2,3,-6,-2,0,33,4,-3,-33,9,-1,11,2,6,5,-12,-15,-6,-8,5,8,4,4,0,4,15,-6,-9,0,-2,2,0,3,13,2,13,5,3,5,3,7,2,-1,0,-4,1,0,8],"volumes":[3.0,6.75,3.75,3.75,6.0,35.27,32.54,7.63,5.42,10.65,23.15,18.09,10.83,8.0,9.5,7.0,2.0,12.43,6.95,18.46,5.07,1.38,9.39,13.38,10.07,4.0,22.24,10.9,7.34,34.96,40.07,18.21,83.54,12.9,38.99,5.52,29.49,43.32,18.5,4.2,30.02,32.06,22.69,7.29,6.32,14.27,15.9,18.32,6.18,5.29,4.54,12.41,5.54,4.89,7.93,25.44,38.18,42.28,30.21,85.77,179.64,101.3,95.73,73.31,75.97,60.78,69.82,61.45,42.19,33.56,30.44,59.66,37.75,69.74,76.21,158.71,129.63,92.53,117.91,56.69,89.78,137.52,16.31,33.42,15.42,36.27,18.12,58.03,48.24,89.17,27.68,36.79,34.53,25.99,30.49,39.52,56.71,33.08,15.61,79.27,20.68,10.01,22.67,39.21,133.75,70.45,95.9,77.4,23.81,20.84,17.55,19.43,17.11,14.62,2.0,13.0,29.75,73.86,183.46,57.06,25.2,46.29,41.87,20.37,28.49,59.98,37.66,54.82,25.96,30.87,14.86,6.12,19.62,43.73,60.86,30.29,15.23,61.28,27.23,26.42,83.51,67.56,30.93,33.98,77.14,40.11,17.36,67.17,78.63,54.21,52.33,31.23,43.16,34.57,51.85,8.94,33.93,84.22,62.78,75.81,20.47,52.64,47.15,30.3,49.47,37.11,54.54,45.98,22.86,89.18,75.62,31.45,33.9,18.0,10.86,12.24,32.58,40.23,18.71,44.51]}