{"timestamp":1507420800000,"multiplier":1.0E-5,"open":0.97785,"high":0.97809,"low":0.97785,"close":0.97809,"shift":60000,"times":[1260,1,1,1,1,1,1,1,1,1,1,1,1,2,3,1,1,1,1,3,1,1,1,1,2,2,1,1,1,1,1,3,1,2,2,1,1,2,1,1,1,1,1,1,1,1,2,1,1,1,1,1,1,1,1,1,1,1,1,1,1,1,1,1,1,1,1,1,1,1,1,1,1,1,1,1,1,1,1,1,1,1,1,1,1,1,1,1,1,1,1,1,1,2,1,1,1,1,1,1,1,1,1,1,1,1,1,1,1,1,1,1,1,1,1,1,1,1,1,1,1,1,1,1,1,1,1,1,1,1,1,1,1,1,1,1,1,1,1,1,1,1,1,1,1,1,1,1,1,1,1,1,1,1,1,1,1,1,1,1,1,1,1,1,1,1],"opens":[0,23,-6,-36,64,-32,-13,-9,-8,-19,2,14,-9,0,0,-5,1,0,0,-1,0,0,0,0,16,0,1,4,-4,0,0,4,-6,15,-4,4,-3,-5,0,0,0,0,-1,-5,11,-5,1,5,21,18,11,5,4,-14,-8,-1,1,-5,4,-20,-1,-1,-2,-20,-18,12,-13,13,-9,-8,2,0,-3,0,9,-8,0,5,-5,9,28,11,2,-12,-1,-1,9,2,-7,6,0,3,-7,1,-12,10,6,2,-5,3,4,-3,3,1,-5,0,-1,-8,0,1,-1,-8,-1,9,-7,7,-1,-3,-5,1,-12,2,1,1,5,3,-3,1,1,3,5,-10,0,0,0,-2,-1,1,-1,-2,-1,1,2,5,0,7,-4,0,-1,-6,1,0,-2,1,-1,2,13,-5,-2,-6,7,-1,-1,1,8,-6],"highs":[0,-1,1,28,-7,-32,-11,-11,-8,-14,11,0,-9,0,0,-3,-1,0,0,-1,0,0,0,21,0,-5,1,4,-4,0,0,9,-1,5,-4,19,-18,-5,0,0,0,0,0,-6,11,-5,4,18,23,7,19,0,-3,-16,-9,0,0,8,-9,-20,0,0,-4,-20,7,-12,-5,5,0,-15,-1,2,-4,9,-1,-8,9,-4,4,28,11,2,6,-18,-1,9,-1,5,-9,6,-1,3,-2,-4,-2,8,3,-2,-3,0,4,-2,4,1,-7,0,0,-9,3,-2,-1,-8,10,-2,0,0,1,-5,-3,0,-11,2,0,6,2,0,1,0,-2,8,0,-10,2,-2,0,-2,0,0,0,1,2,-1,6,0,3,0,-1,-3,0,-5,3,-4,-1,0,2,13,2,-8,-2,1,0,2,-2,9,0,-2],"lows":[0,23,-6,-36,39,-20,-8,-2,-26,0,2,4,1,-4,4,-5,1,0,0,-1,0,0,0,0,16,0,1,0,0,0,0,4,-6,15,-4,4,-4,-4,0,-2,2,0,-1,-5,6,-1,2,4,13,24,0,9,0,-9,-3,3,-1,-8,-11,-9,2,-3,-17,-17,-4,4,-5,3,-1,0,0,-1,0,-3,3,1,0,0,-1,10,28,11,-8,-9,5,-4,9,0,-1,2,4,-3,-6,-5,-1,10,6,-4,1,3,3,-3,3,-3,-1,0,-8,0,0,1,-10,-3,3,-1,0,10,-5,-5,1,-11,-1,3,1,0,5,2,-1,1,0,2,-5,1,-1,2,-3,-2,1,-1,-1,-3,3,1,2,5,0,4,-8,6,-8,-2,2,1,0,-2,0,4,7,-3,-1,-4,7,-2,1,0,0,3],"closes":[0,-1,-6,28,-25,-20,-2,-8,-26,1,15,-9,0,-4,4,-4,0,0,0,-1,0,0,0,17,0,-1,1,4,-4,0,0,8,-4,9,-4,6,-5,-5,0,-2,2,0,0,-6,6,-1,5,17,24,7,7,5,-12,-10,0,1,-1,0,-20,0,0,0,-23,-21,15,-15,9,-4,-5,-2,-1,-1,0,10,-10,1,9,-9,9,28,9,4,-9,-5,0,9,-4,0,0,1,4,-3,4,-15,9,6,5,-9,3,1,3,-1,1,-3,-1,0,-8,0,3,-2,-9,-1,9,-8,8,0,-5,-2,0,-12,-1,4,0,6,2,-2,3,-2,0,8,-12,2,0,0,-2,-1,1,-3,0,-3,4,2,3,2,6,-3,0,-1,-7,2,-3,0,0,1,0,14,-6,-1,-3,4,-1,-2,2,9,-10,5],"volumes":[3.0,0.75,3.75,6.0,4.63,7.29,22.43,11.9,13.44,4.85,11.96,7.14,1.19,4.76,3.38,5.88,7.8,2.1,4.96,5.67,6.3,3.72,4.16,9.29,3.46,4.2,1.23,8.14,6.11,4.8,1.23,3.44,6.04,2.01,2.64,21.46,5.95,4.58,2.02,3.02,5.0,2.0,3.0,10.1,2.19,5.51,0.57,16.48,82.7,58.15,112.99,92.05,52.62,48.0,19.57,17.51,8.88,48.2,70.41,36.02,33.2,34.94,46.95,20.88,44.14,36.76,34.5,69.17,31.06,10.19,2.5,23.61,13.81,23.2,15.97,7.85,5.8,5.18,11.99,25.43,10.32,8.64,29.99,11.49,3.49,17.86,20.65,28.17,2.56,17.69,2.19,14.2,16.36,9.69,4.06,8.56,7.32,19.13,8.95,2.56,8.12,7.0,32.34,11.93,15.79,45.97,33.61,5.12,13.87,1.19,12.71,13.05,37.06,14.0,14.13,39.77,11.27,8.88,12.37,29.05,11.94,40.88,10.36,9.88,7.62,3.87,5.87,6.88,5.95,14.02,14.24,7.63,12.83,1.69,5.69,10.5,6.62,5.0,18.19,37.36,22.32,33.87,29.87,22.87,13.75,6.75,25.87,13.5,19.94,36.19,41.18,8.5,15.35,10.25,28.06,35.08,26.07,18.65,12.33,14.31,9.44,14.06,61.31,29.62,50.45,37.8]}