{"timestamp":1507420800000,"multiplier":0.001,"open":1276.051,"high":1276.261,"low":1275.401,"close":1275.401,"shift":60000,"times":[1320,1,1,1,1,1,1,1,1,1,1,1,1,1,1,1,1,1,1,1,1,1,1,1,1,1,1,1,1,1,1,1,1,1,1,1,1,1,1,1,1,1,1,1,1,1,1,1,1,1,1,1,1,1,1,1,1,1,1,1,1,1,1,1,1,1,1,1,1,1,1,1,1,1,1,1,1,1,1,1,1,1,1,1,1,1,1,1,1,1,1,1,1,1,1,1,1,1,1,1,1,1,1,1,1,1,1,1,1,1,1,1,1,1,1,1,1,1,1,1],"opens":[0,-580,570,-279,-71,110,740,280,-39,-211,-80,41,-30,250,-81,0,407,214,-200,-31,130,1,200,-301,121,-30,-21,30,200,187,-250,-36,-100,-301,191,-190,-1,1,-100,-164,63,201,-201,1,-10,-40,87,72,81,-101,-20,1,-81,-253,50,-50,-46,60,40,40,-51,228,-48,-129,120,80,276,-217,67,-96,29,101,100,10,206,-56,9,0,-110,10,-199,50,-90,86,-76,76,103,100,110,87,-147,10,130,21,-14,13,-199,6,-110,-197,11,-20,56,153,-63,-27,180,47,-30,-167,-160,7,-6,-1,0,1,100,-93,-201,-6],"highs":[0,-219,-1,-179,69,551,489,71,-81,-339,-81,31,180,140,-70,430,50,-10,-200,200,0,199,-80,-119,-80,-20,200,90,240,-144,-227,-59,-90,-121,1,-91,1,-100,-100,-100,200,0,-114,-86,-10,100,9,170,17,-196,0,-4,-96,-190,-10,-4,-36,40,99,-39,157,13,-60,-10,140,216,0,-56,-21,-79,60,80,20,197,-1,-36,-10,46,-136,-10,-150,0,-4,0,1,203,0,129,67,0,-86,0,99,88,-87,10,-200,-4,-66,-40,-160,67,203,-104,-59,239,-37,38,-81,-109,-168,-33,-10,-6,0,266,-159,-100,-201,-6],"lows":[0,-69,359,-63,-17,58,680,452,-450,20,0,-53,183,180,-90,80,407,-149,62,70,67,63,-190,90,-90,-10,121,-21,300,-100,-13,-106,-281,0,-12,-301,300,-100,-156,-31,100,0,-62,-1,-26,-1,128,-51,103,-90,-9,-1,-250,-40,-10,-3,-47,111,39,-2,-8,60,30,-50,80,130,-70,30,-33,-100,200,133,30,70,18,99,53,-190,37,-200,53,-30,-10,-12,2,90,108,102,110,-100,-10,20,78,99,-99,-178,-10,-10,-190,0,-90,80,20,27,3,57,144,49,-202,-97,-21,10,0,0,0,0,7,-200,-7,-100],"closes":[0,641,-281,-70,111,609,441,-51,-260,-49,39,-39,259,-70,0,397,213,-200,-29,130,-1,200,-299,100,-11,-80,91,200,200,-264,-26,-111,-299,100,-101,1,-1,-100,-163,64,199,-200,0,-10,-2,50,62,88,-97,-21,0,-79,-250,46,-86,-11,60,41,39,10,168,-147,9,80,80,277,-216,66,-97,-30,161,99,10,207,-57,11,0,-110,10,-201,50,-79,76,-77,77,104,99,111,86,-137,1,39,110,-13,14,-261,67,-117,-190,20,-30,60,151,-64,-47,201,46,-30,-190,-119,-18,0,0,1,-1,107,-99,-201,-7,0],"volumes":[0.114165,0.051715,0.04425,0.03363,0.04003,0.04787,0.02291,0.0165,0.02226,0.01891,0.03158,0.03512,0.0392,0.04713,0.03132,0.05602,0.03449,0.04236,0.03124,0.03563,0.04261,0.06426,0.03863,0.04717,0.04086,0.05248,0.05272,0.02993,0.03157,0.02178,0.03344,0.03579,0.04568,0.03412,0.03936,0.03816,0.01695,0.01184,0.02406,0.01765,0.02325,0.01946,0.01725,0.01399,0.01478,0.02563,0.01598,0.02055,0.0226,0.01127,0.02082,0.03095,0.04113,0.01815,0.03015,0.02148,0.01126,0.01423,0.01548,0.00558,0.01938,0.01251,0.006,0.00875,0.01985,0.02236,0.01832,0.01496,0.0184,0.01379,0.01003,0.01437,0.02188,0.016,0.00906,0.00544,0.0031,0.00941,0.00327,0.0102,0.00336,0.00663,0.01159,0.01408,0.01848,0.00669,0.00998,0.00882,0.01256,0.0108,0.00654,0.00546,0.02505,0.02182,0.01464,0.01466,0.0115,0.01697,0.01435,0.01258,0.03206,0.02314,0.01899,0.0246,0.01228,0.01816,0.01995,0.01761,0.01274,0.03473,0.02265,0.00869,0.0075,0.01404,0.00785,0.01468,0.01398,0.01332,0.02405,0.0246]}