{"timestamp":1491696000000,"multiplier":1.0E-5,"open":1.23802,"high":1.23803,"low":1.23802,"close":1.23803,"shift":60000,"times":[1260,1,1,1,1,1,1,1,1,1,1,1,1,1,1,1,1,1,1,1,1,1,1,1,1,1,1,1,1,1,1,1,1,1,1,1,1,1,1,1,1,1,1,1,1,1,1,1,1,1,1,1,1,1,1,1,1,1,1,1,1,1,1,1,1,1,1,1,1,1,1,1,1,1,1,1,1,1,1,1,1,1,1,1,1,1,1,1,1,1,1,1,1,1,1,1,1,1,1,1,1,1,1,1,1,1,1,1,1,1,1,1,1,1,1,1,1,1,1,1,1,1,1,1,1,1,1,1,1,1,1,1,1,1,1,1,1,1,1,1,1,1,1,1,1,1,1,1,1,1,1,1,1,1,1,1,1,1,1,1,1,1,1,1,1,1,1,1,1,1,1,1,1,1,1,1,1,1,1,1],"opens":[0,3,1,1,3,-2,21,5,-12,6,0,-4,-2,-8,-1,-3,-1,-1,-13,5,-1,1,0,10,-7,0,1,6,8,-3,0,-15,3,-8,-5,0,-2,1,6,-7,-2,-22,1,1,-3,-6,-19,15,5,-8,-1,-7,1,-1,0,22,-7,-9,-7,7,-1,2,-7,6,7,1,-1,-5,-3,-5,11,-8,-8,-14,-3,14,5,-4,2,5,6,-6,17,9,-12,2,-1,-3,-1,-7,-2,9,-13,-6,9,-16,-9,-8,7,6,0,7,-3,7,5,-7,-7,1,-3,10,-11,11,-2,6,-2,-2,4,-5,4,-4,-12,-32,1,1,0,-29,7,4,19,-3,4,-1,1,0,23,5,6,4,0,5,10,-3,-10,-4,1,-8,1,0,0,0,-29,-5,19,-3,10,16,-7,-5,8,5,1,-12,-7,8,7,-4,-2,-2,9,-7,5,0,2,3,8,-2,2,0,-12,21],"highs":[0,15,-8,-3,3,22,8,0,-12,0,0,-4,-1,-9,-1,-2,-2,-1,0,-7,10,-11,9,4,-10,1,0,16,-2,-2,-1,-15,3,-1,-12,7,-8,7,-1,-6,15,-39,1,1,-4,-6,-4,0,6,-4,4,-17,1,11,-12,22,-7,-9,0,15,-12,0,2,2,1,9,2,-9,-11,7,0,-1,-13,-6,5,4,-3,-1,4,8,-3,13,10,-2,-1,-9,-1,-1,0,-8,5,-1,-1,-7,-2,-15,-10,6,7,-7,7,2,5,2,0,-8,-3,-3,8,0,4,-1,4,-2,1,-2,2,-2,0,-6,-12,-25,-4,5,-3,-23,8,14,5,0,4,-2,-2,24,2,6,4,3,11,0,-2,-3,-10,0,-3,-7,0,0,1,-1,-29,19,-2,4,13,8,-12,3,9,1,-3,-12,-1,10,-2,-4,1,5,4,-7,2,0,4,10,-3,1,-1,1,15,5],"lows":[0,-24,27,2,1,-18,39,-7,-5,11,-5,-17,3,4,-3,-24,23,-1,-13,3,1,0,1,0,3,0,-3,9,7,-1,-19,1,4,-12,0,-1,0,0,0,-3,-27,6,1,-7,-4,-16,0,14,6,-16,0,0,0,0,0,5,-4,-2,0,6,-19,14,-1,6,7,-2,-3,-7,-9,4,2,1,-18,-3,0,12,1,3,-1,4,1,3,17,-4,1,-7,-3,-1,1,-4,2,-5,-7,1,-8,-14,-7,1,11,-8,8,10,1,-1,-1,-5,-2,1,-2,1,4,1,4,8,-8,3,2,-3,-3,-7,-33,1,1,1,-32,2,3,5,12,8,3,-2,3,1,16,5,8,1,4,8,1,-3,-9,-1,-1,0,-5,3,0,-22,-9,0,8,5,13,6,-7,5,7,6,-16,-4,-2,12,-1,-6,6,0,2,-7,11,1,1,4,3,2,-1,-11,3,11],"closes":[0,3,0,1,1,9,23,-17,5,0,-4,-2,-13,4,-3,1,-2,-1,-10,1,12,-12,10,-7,1,1,-3,19,-4,0,-20,1,5,-5,-8,-1,1,-1,0,-3,-18,-2,1,-1,-8,-19,15,-1,7,-10,-7,0,0,0,0,12,-11,3,2,-1,4,-9,7,6,1,-1,-5,-1,-5,10,-11,-3,-18,-3,15,6,-4,1,5,6,-7,18,9,-12,2,-1,-3,-8,1,-3,9,-14,-4,10,-19,-7,-8,7,6,-1,6,-3,9,3,-4,-9,2,-6,12,-12,12,-2,5,0,-4,5,-5,4,-3,-12,-32,-1,3,-2,-28,4,6,20,-2,4,-2,1,0,23,6,5,3,2,4,10,-4,-9,-4,1,-8,1,0,0,0,-25,-9,19,-5,12,13,-4,-5,7,6,1,-12,-7,7,10,-9,1,-2,10,-8,4,1,2,3,8,-3,3,-1,-12,24,-10],"volumes":[1.5,3.75,5.25,1.5,3.0,51.75,8.75,18.25,13.0,2.0,10.5,6.5,10.75,1.5,4.5,21.86,2.0,3.0,12.87,6.0,5.0,3.5,4.0,10.0,1.0,3.12,13.24,11.0,7.0,2.0,10.11,5.49,4.0,6.37,2.62,8.67,4.48,5.48,3.74,18.48,22.25,4.0,4.0,8.5,11.0,10.62,3.0,5.0,5.0,17.99,7.25,3.87,2.0,8.5,3.0,8.37,16.0,10.0,8.0,12.0,57.76,18.57,24.68,27.37,12.75,47.74,103.42,96.55,118.09,63.51,78.7,107.85,73.86,78.98,75.08,109.92,73.62,71.16,85.14,64.88,30.93,43.25,35.84,68.67,94.49,96.15,103.57,64.05,49.81,51.81,45.72,85.8,131.21,48.49,69.24,101.31,58.46,149.73,69.31,71.97,150.66,31.51,72.25,173.81,82.88,39.85,62.6,55.04,51.97,51.34,69.21,72.45,75.94,64.45,95.53,103.87,144.94,56.17,50.21,60.75,165.82,81.42,46.41,46.71,147.93,206.24,179.91,149.14,126.68,127.59,69.17,82.07,95.03,113.21,130.75,146.43,136.17,109.3,105.24,52.58,66.77,20.0,86.06,47.23,40.72,27.11,47.79,33.72,28.48,65.78,119.01,231.34,72.08,23.65,32.09,31.79,49.03,95.83,83.87,40.41,101.51,169.46,43.56,28.98,159.54,55.77,48.73,82.88,99.94,53.58,27.18,96.76,71.02,115.79,91.62,67.75,52.93,79.61,126.98,71.62]}