{"timestamp":1491091200000,"multiplier":1.0E-5,"open":1.00145,"high":1.00174,"low":1.00145,"close":1.00149,"shift":60000,"times":[1260,1,1,1,1,1,1,1,1,1,1,1,1,1,1,1,1,1,1,1,1,1,1,1,1,1,1,1,1,1,1,1,1,1,1,1,1,1,1,1,1,1,1,1,1,1,1,1,2,1,1,1,1,1,1,1,1,1,1,1,1,1,1,1,1,1,1,1,1,1,1,1,1,1,1,1,1,1,1,1,1,1,1,1,1,1,1,1,1,1,1,1,1,1,1,1,1,1,1,1,1,1,1,1,1,1,1,1,1,3,1,1,1,2,1,1,1,1,1,1,1,1,1,1,1,1,1,1,1,1,1,1,1,1,1,1,1,1,1,1,1,1,1,1,1,1,1,1,1,1,1,1,1,1,1,1,1,1,1,1,1,1,1,1,1,1,1,1,1,1,1,1,1,1,1,1],"opens":[0,28,63,-28,2,8,-16,13,0,-7,-2,0,0,12,-3,0,0,18,0,-26,8,7,-2,-1,9,-2,0,-8,6,-1,1,-12,-4,4,-5,0,12,-6,2,-8,0,-3,1,5,3,1,0,-1,-2,3,-1,-5,4,-7,0,16,-13,6,17,29,-14,1,-2,-11,-9,-8,2,18,12,-16,-2,-8,12,-15,12,-10,-2,1,-7,-7,12,0,0,-10,0,-5,-5,0,3,-12,-7,11,-5,1,4,1,-6,2,5,-5,-6,-4,0,-1,2,13,-4,-10,-1,0,-1,2,9,-1,0,-2,1,-8,0,-1,0,1,-5,-4,11,-9,0,6,0,-3,8,7,-5,0,8,-6,6,-7,-1,9,-2,1,-6,0,5,0,0,4,4,10,-7,-1,1,-5,0,5,1,-1,2,28,-12,1,2,-20,5,-6,3,1,4,4,15,10,-6,-6,0,-8],"highs":[0,40,25,-29,3,6,-1,-3,0,-6,-3,0,16,-2,-5,0,19,0,-1,-25,16,-1,-2,-1,8,8,-8,-2,7,-9,0,-10,0,-2,-5,13,-1,-3,-1,-8,0,-2,4,10,-6,1,3,-4,-2,3,-1,-1,0,-7,16,0,-6,-1,34,12,-6,-7,-1,-12,-9,-7,22,0,13,-19,-3,11,-4,-7,1,-8,0,6,-16,4,3,-2,0,-8,-2,-4,-6,0,3,-10,5,-1,-6,1,7,2,-4,5,-1,-9,-6,-3,-1,0,17,-1,-6,-8,-1,-2,1,9,0,-1,1,-2,0,-8,0,0,0,1,-5,21,-15,-4,2,0,-1,4,10,-2,-4,6,1,0,0,-6,7,1,-1,-1,-5,5,-1,1,4,4,11,-2,-6,-1,0,-2,4,1,-2,0,29,0,-12,4,0,-14,2,-1,-2,-2,11,8,12,4,-8,-4,-2,-7],"lows":[0,28,31,4,-1,11,-16,12,-5,-1,-2,-4,0,12,1,0,0,17,-24,-1,8,0,2,-5,-1,15,-8,-7,12,0,1,-24,7,0,0,-5,13,-5,-3,0,0,-8,6,5,3,1,0,-3,0,2,-2,-3,-11,8,-1,3,0,7,16,-4,20,-11,-1,-1,-15,-4,4,15,-2,-13,2,3,-5,-5,10,-3,-1,-4,-13,0,16,1,-10,-3,-1,-5,-1,-1,-8,-18,9,7,1,-2,5,-3,0,2,-4,0,-6,0,-1,0,2,8,-8,-7,5,0,-1,1,10,-1,0,-2,-8,1,-3,1,1,-4,-10,6,-4,0,6,1,2,-1,9,2,-3,3,1,-2,2,-3,2,7,-1,-5,1,0,5,0,0,1,6,4,-1,-9,5,-12,12,5,-1,1,2,17,-2,-3,-14,0,-1,0,3,2,1,-13,31,6,-3,-7,-1,-10],"closes":[0,65,-6,2,3,5,-3,0,-6,-1,-2,-4,20,-7,0,0,19,0,-26,0,7,8,-6,3,6,10,-18,6,-1,1,0,-12,-5,0,0,13,-4,0,-9,0,0,-2,4,10,-6,1,3,-6,0,2,-2,1,-7,0,16,-13,7,-1,32,1,0,-2,-11,0,-15,-1,19,3,-7,-3,-7,11,-13,10,-8,-2,3,-9,-6,9,1,0,-10,2,-6,-5,-1,0,-9,-7,11,-6,2,1,2,-3,2,4,-5,-4,-6,1,-2,0,16,-5,-9,-5,5,-2,1,9,0,-1,0,-1,-8,0,-2,0,2,-5,-5,11,-8,1,6,-2,-1,6,8,-5,1,6,-4,5,-7,-3,10,0,-1,-5,1,5,-1,1,4,4,8,-5,-2,0,-4,1,4,3,-2,0,29,-10,-3,5,-21,5,-6,8,-3,0,8,10,11,-4,-4,2,-10,-1],"volumes":[3.37,9.0,15.75,3.75,3.0,2.75,5.0,11.0,9.0,5.0,1.0,7.0,9.5,6.0,1.0,5.0,7.75,4.0,18.37,6.0,2.75,11.0,5.0,4.12,12.0,10.5,9.0,12.0,6.25,6.0,4.0,26.51,8.88,7.19,4.69,5.63,5.0,6.74,26.71,3.69,6.7,15.28,7.25,8.0,1.75,5.25,6.25,13.0,4.0,8.75,5.25,9.25,13.0,6.0,54.47,330.62,435.0,1.75,40.5,59.22,22.49,25.86,113.26,7.0,21.39,13.12,30.11,23.75,43.92,36.46,10.43,32.94,46.75,41.65,30.9,16.24,30.98,27.91,19.24,36.41,17.23,1.0,18.93,15.74,12.6,11.81,7.31,15.48,22.98,45.17,41.98,13.81,2.62,16.75,32.73,34.7,45.77,25.81,40.35,11.12,18.47,7.74,20.58,7.37,46.05,33.49,16.93,38.77,6.25,5.25,4.5,13.87,3.75,3.5,4.0,8.31,25.62,2.25,10.49,4.11,7.11,40.46,51.74,99.26,76.43,77.91,32.99,43.36,39.23,32.47,28.12,30.66,25.34,24.85,44.71,33.33,26.12,39.85,44.46,16.1,17.11,32.6,30.5,27.95,20.1,16.07,26.44,35.76,43.7,23.04,38.34,78.44,26.97,99.02,59.45,30.87,16.25,8.23,68.94,26.08,9.72,42.37,94.9,54.57,111.28,82.81,35.72,16.96,36.48,101.47,74.48,53.49,23.36,22.37,28.85,49.1]}