{"timestamp":1491696000000,"multiplier":1.0E-5,"open":1.33985,"high":1.33985,"low":1.33985,"close":1.33985,"shift":60000,"times":[1263,1,1,1,1,1,1,1,1,1,1,1,1,1,1,1,1,1,1,1,1,1,1,1,1,1,1,1,1,1,1,1,1,1,1,1,1,1,1,1,1,1,1,1,1,1,1,1,1,1,1,1,1,1,1,1,1,1,1,1,1,1,1,1,1,1,1,1,1,1,1,1,1,1,1,1,1,1,1,1,1,1,1,1,1,1,1,1,1,1,1,1,1,1,1,1,1,1,1,1,1,1,1,1,1,1,1,1,1,1,1,1,1,1,1,1,1,1,1,1,1,1,1,1,1,1,1,1,1,1,1,1,1,1,1,1,1,1,1,1,1,1,1,1,1,1,1,1,1,1,1,1,1,1,1,1,1,1,1,1,1,1,1,1,1,1,1,1,1,1,1,1,1,1,1,1,1],"opens":[0,-15,0,18,-2,-38,-4,4,0,7,2,-1,0,0,30,-1,0,3,-20,-2,3,-1,21,-16,4,1,1,-2,-1,3,-1,1,1,0,-2,1,-1,24,0,-3,-1,1,18,-16,3,-29,45,6,-4,1,0,0,1,0,1,7,2,-2,24,9,3,-3,-9,-2,-16,1,-10,6,-5,19,-4,-8,21,7,-4,-35,-7,-1,-4,1,-5,1,-5,6,-7,-6,-5,16,23,2,0,-9,-2,8,-6,-8,30,6,-12,-1,6,-5,-3,-1,1,1,-5,16,0,-1,4,3,4,11,-3,-3,8,-6,-6,0,-2,-1,5,-2,-1,-6,5,1,9,2,-3,15,18,-13,-7,-5,4,0,15,-14,7,1,3,23,-12,7,-2,3,7,-5,6,0,-14,0,1,-4,-3,-1,7,-6,-5,-2,0,7,3,8,-5,-2,-7,1,-7,-7,0,0,0,-4,-8],"highs":[0,-15,1,24,-9,-38,-4,4,0,9,29,-30,0,30,1,0,-1,2,-19,1,0,19,0,1,-13,1,1,0,0,0,-1,1,9,-8,-1,1,39,-17,19,-22,-1,1,20,4,-10,20,10,-11,-9,1,0,10,-10,13,-5,3,-1,43,-12,3,1,-4,0,-11,9,-17,-11,0,15,0,-4,16,8,-5,6,-45,-7,9,-13,9,-10,-2,4,-4,-1,-11,15,18,2,0,0,-1,-1,0,-7,25,18,-15,-7,-2,2,-3,-5,0,1,0,15,-3,1,6,1,2,21,-6,-6,4,3,-9,0,-6,1,7,-6,-3,0,0,0,8,2,4,19,11,-2,-14,-6,-1,-1,18,-4,-8,2,4,23,-1,-1,-1,-1,7,-1,1,2,-2,-13,0,0,-4,-2,6,-1,-5,-6,-1,7,2,16,-8,-5,-2,-5,-1,-7,-7,0,1,2,-7,-3],"lows":[0,-15,-23,41,-2,-38,-5,5,0,1,0,2,3,-1,27,1,1,5,-21,0,1,1,7,-2,4,-1,0,-9,9,3,-1,0,2,-3,0,2,-1,23,0,-2,-1,1,18,-16,-26,-19,61,7,-2,1,0,0,1,0,0,8,0,0,24,8,1,-10,-5,-13,0,-9,1,5,-4,12,-6,1,16,4,-56,5,-3,-2,-9,19,-7,7,-8,2,-6,-5,0,13,19,6,-7,-2,-2,5,-7,-1,30,-9,1,-3,7,-6,-1,-2,3,-3,0,16,-10,9,4,-5,8,8,-2,-1,3,-4,-3,-3,0,0,4,2,-7,-3,9,1,4,1,3,15,4,-7,-4,0,3,0,-1,3,6,2,-13,26,1,5,0,3,1,1,5,-16,2,1,-3,-5,0,1,-1,-3,-1,-1,0,6,4,1,-1,-6,-1,-15,-1,4,-1,1,-3,-8,-3],"closes":[0,-15,1,24,-9,-38,-5,5,0,9,29,-30,-1,25,1,2,-1,5,-18,1,0,19,-14,12,-10,1,1,0,-1,1,-1,1,9,-8,-1,1,37,-15,17,-20,-1,1,20,4,-48,43,10,1,-6,1,0,10,-10,12,-5,4,-3,24,9,2,-2,-9,-2,-17,3,-12,6,0,13,-1,-9,17,11,-4,-23,-20,-5,-6,7,-3,0,1,1,-8,-5,-6,15,23,2,1,-10,-2,9,-5,-4,28,4,-14,0,4,0,-7,1,-2,2,-4,17,-1,0,4,1,6,10,-2,-5,9,-5,-3,-3,-3,0,4,-3,1,-6,5,0,8,1,0,15,17,-14,-6,-5,6,-3,16,-15,7,2,4,19,-10,8,-2,3,7,-6,7,1,-12,-3,0,-3,-4,0,8,-7,-5,-1,-1,7,3,8,-4,-3,-7,1,-6,-8,0,0,0,-3,-8,2],"volumes":[0.75,0.75,8.62,1.75,0.75,5.11,5.24,1.37,1.12,5.0,6.75,5.0,9.0,312.32,191.25,150.75,58.5,1.5,6.0,8.0,4.0,7.0,4.0,6.0,3.0,4.0,4.0,7.0,8.0,1.0,1.0,5.0,2.0,6.0,7.0,2.0,17.75,3.0,11.0,2.49,3.0,1.5,2.0,5.0,6.87,258.37,51.72,6.0,2.0,2.0,3.0,2.0,1.0,4.0,4.0,2.0,1.5,55.5,21.0,8.23,6.72,33.21,47.62,21.62,77.87,32.0,10.5,3.0,13.25,33.75,9.0,72.75,86.07,21.25,112.95,36.36,32.23,42.9,49.37,41.75,23.15,3.0,30.65,13.5,9.15,20.92,65.5,30.5,10.25,9.0,13.0,31.0,27.25,15.0,19.5,36.98,61.41,43.73,43.95,36.49,8.0,18.34,8.74,13.5,5.0,14.21,65.81,7.0,67.9,35.17,21.0,28.25,44.5,50.3,32.9,27.5,33.0,77.27,83.37,44.45,86.11,95.29,43.45,33.0,58.0,104.51,12.0,18.75,95.1,63.24,82.85,46.97,28.47,39.47,30.47,29.46,35.85,44.32,25.34,19.75,18.12,17.62,84.85,35.07,66.66,52.75,37.22,27.83,59.43,37.8,55.03,67.36,15.44,18.43,44.67,40.68,42.43,22.19,80.02,32.79,24.72,20.23,33.43,22.99,62.61,29.97,36.49,25.47,26.73,59.31,73.45,50.18,32.22,75.0,31.21,38.51,33.68]}