{"timestamp":1493510400000,"multiplier":1.0E-5,"open":1.36553,"high":1.36553,"low":1.36553,"close":1.36553,"shift":60000,"times":[1262,1,1,1,1,1,1,1,1,1,1,1,1,1,1,1,1,1,1,1,1,2,1,1,1,1,1,1,1,1,1,1,1,1,1,1,1,1,1,1,1,1,1,1,1,1,1,1,1,1,1,1,1,1,1,1,1,1,1,1,1,1,1,1,1,1,1,1,1,1,1,1,1,1,1,1,1,1,1,1,1,1,1,1,1,1,1,1,1,1,1,1,1,1,1,1,1,1,1,1,1,1,1,1,1,1,1,1,1,1,1,1,1,1,1,1,1,1,1,1,1,1,1,1,1,1,1,1,1,1,1,1,1,1,1,1,1,1,1,1,1,1,1,1,1,1,1,1,1,1,1,1,1,1,1,1,1,1,1,1,1,1,1,1,1,1,1,1,1,1,1,1,1,1,1,1,1],"opens":[0,0,-2,31,-3,22,4,0,-11,-20,0,-27,87,-7,3,-49,38,2,0,1,0,1,-63,-18,-92,51,3,1,0,-1,0,1,0,-1,1,-1,1,-1,0,1,-1,0,-6,-26,37,-6,-1,8,-17,-27,16,14,-16,-13,13,16,-21,27,15,-10,20,1,0,-5,4,19,1,-11,0,10,-6,-19,5,2,14,37,32,-37,-2,-1,5,-7,-3,3,-2,0,-4,-6,-6,-17,15,-8,1,-2,1,3,0,-31,15,15,-6,-9,-15,-4,5,2,0,5,-6,-8,-8,-7,-5,1,-10,-8,-13,-1,-6,-5,6,-16,-16,-2,3,0,3,-5,-9,8,0,-20,0,4,-4,1,-13,-8,-4,-1,-1,-4,5,18,-1,-3,-16,1,1,-1,-1,12,-1,-3,1,1,-3,1,1,5,2,-6,-1,23,2,2,3,8,-18,2,5,-1,3,0,0,-1,6],"highs":[0,1,-3,32,18,0,4,0,-10,-21,0,60,0,-3,-1,-10,1,0,2,-1,0,2,-64,-18,-7,-31,1,0,0,1,-1,0,0,0,27,-27,0,-1,1,23,-23,0,-6,10,0,-6,5,2,-17,2,0,4,-3,2,0,2,-3,44,-24,17,0,0,-6,1,18,8,-8,-8,8,2,11,-17,-1,-5,44,38,-8,-32,-6,4,0,-4,-3,0,-2,0,-4,3,-16,-1,-1,-5,7,-7,-1,1,0,-16,23,-8,-3,-6,-5,-6,-3,-2,21,-11,-9,-12,-8,-7,5,-9,-10,-8,-13,0,-6,3,0,-19,-7,-6,0,2,-1,-3,-1,4,-5,-19,3,-1,4,-7,-9,-9,-5,-2,-2,1,18,0,1,-5,-14,0,0,0,13,-2,-2,-2,2,-1,-2,0,6,2,0,-6,23,1,2,5,6,0,-10,0,1,0,2,1,0,7,-5],"lows":[0,-2,0,31,-23,-1,43,-7,-20,0,-30,3,86,-7,-47,2,38,2,0,1,-2,-179,99,-91,1,51,3,1,-1,0,0,1,-1,0,0,0,0,0,0,0,-2,-7,-29,5,38,-6,-4,-8,2,-27,7,20,-13,-13,-1,29,-20,27,-4,9,18,3,-2,-10,10,18,-6,-3,1,-8,-7,-5,1,9,9,29,-8,11,4,-3,0,-2,-3,3,0,-3,-6,-5,-21,3,6,-8,7,1,1,3,-28,-6,4,16,-10,-11,0,0,0,7,0,0,-10,-9,1,-11,0,-17,-1,-22,2,-5,0,0,-18,-9,-2,2,3,-3,-1,-18,9,8,-19,0,1,0,-2,-8,-11,-5,-2,1,-4,1,4,16,0,-18,1,-1,0,0,1,9,-1,0,0,-1,0,0,1,5,-3,-2,1,21,1,5,3,-10,0,1,3,2,1,-1,-1,3,3],"closes":[0,-2,0,32,18,0,4,-10,-21,0,-23,83,-1,-4,-48,34,6,0,2,-1,-2,-60,-18,-93,86,-31,1,0,-1,0,0,1,-1,1,27,-27,-1,0,1,-1,0,-7,-25,37,0,-6,5,-11,-4,2,0,4,-3,2,0,0,-1,19,-9,20,1,1,-3,1,19,1,-9,-2,10,-7,-15,1,2,0,53,30,-37,0,-2,6,-9,-1,3,-4,2,-4,-6,-3,-20,14,-8,0,0,0,2,1,-28,12,14,-5,-8,-17,-3,4,3,0,5,-4,-10,-8,-1,-11,2,-11,-7,-15,1,-7,-6,7,-16,-17,0,2,0,3,-5,-9,8,0,-19,0,3,-4,0,-10,-11,-4,0,-2,-2,3,19,0,-2,-18,1,1,-1,-1,10,0,-2,0,1,-2,0,1,6,0,-4,-1,23,2,2,3,8,-17,1,5,-1,3,0,0,-1,8,-3],"volumes":[0.75,3.75,2.0,0.4,3.27,26.6,3.5,4.0,8.0,1.0,7.0,7.0,5.0,20.48,56.19,28.98,5.21,70.5,43.32,3.64,22.72,66.65,20.25,22.31,2.6,16.08,12.21,19.0,25.0,26.87,18.5,19.21,32.69,34.93,17.34,11.0,21.0,18.0,12.0,15.6,7.35,11.5,11.75,31.15,2.0,3.0,21.5,12.75,1.0,3.4,8.55,3.0,4.0,4.65,7.05,6.32,1.5,54.01,29.46,29.46,13.86,14.48,2.0,118.68,103.02,51.6,37.5,12.5,30.07,68.51,122.9,122.14,117.75,23.87,133.13,101.05,111.56,38.27,41.0,19.07,48.5,45.0,46.1,39.0,53.0,55.0,37.62,58.37,60.77,53.99,65.84,105.46,38.44,17.3,15.0,9.05,52.15,64.31,78.6,43.08,53.32,175.7,95.41,108.03,75.45,15.4,48.02,56.25,36.86,19.37,8.75,41.66,43.92,35.65,25.84,67.49,30.5,86.23,63.52,46.0,140.33,95.9,103.47,56.93,42.32,75.44,62.94,113.32,63.14,86.53,98.17,64.66,85.28,82.38,84.36,26.54,39.6,31.83,57.15,84.3,75.07,34.2,63.7,56.7,66.51,44.31,38.35,78.56,48.26,66.09,108.93,99.26,111.88,39.65,44.55,43.55,48.98,111.37,107.66,51.47,61.96,73.21,93.31,87.91,97.79,25.41,57.64,101.47,99.95,189.3,185.37,144.47,90.59,126.53,216.93,146.56,140.15]}