{"timestamp":1446336000000,"multiplier":1.0E-5,"open":1.30741,"high":1.30747,"low":1.30739,"close":1.30747,"shift":60000,"times":[1320,1,1,1,1,1,3,1,1,1,1,1,1,1,1,1,1,1,1,1,1,1,1,1,1,1,1,1,1,1,1,1,1,1,1,1,1,1,1,1,1,1,1,1,1,1,1,1,1,1,1,1,1,1,1,1,1,1,1,1,1,1,1,1,1,1,1,1,1,1,1,1,1,1,1,1,1,1,1,1,1,1,1,1,1,1,1,1,1,1,1,1,1,1,1,1,1,1,1,1,1,1,1,1,1,1,1,1,1,1,1,1,1,1,1,1,1,1],"opens":[0,4,-11,22,-2,-8,-12,0,-1,-28,0,0,-40,-9,11,3,-31,0,-8,0,5,1,0,100,-2,-3,8,2,-7,5,0,3,0,-1,10,-8,-23,-5,6,-13,30,-21,-5,-2,-1,-46,-19,-3,-2,24,-22,-3,2,-11,26,-13,-1,10,9,7,1,24,21,12,-5,-5,18,15,0,0,-12,6,1,1,13,6,-4,-8,-1,6,-2,-16,-11,-6,-1,0,8,2,1,1,4,-1,-1,-1,0,-2,2,1,-1,-1,2,-1,1,-2,1,-1,-16,2,-1,-3,-5,0,0,-9,1,31,-4,17],"highs":[0,-2,11,0,-2,-8,-11,3,-5,-28,0,4,-44,4,10,-9,-31,0,-8,6,0,0,100,15,-14,1,3,0,0,1,-1,2,-1,10,1,-10,-18,-4,0,20,-3,-7,-12,0,-7,-43,-23,18,-1,0,-22,22,-22,14,0,-7,-7,41,-11,-1,24,19,12,2,-7,25,8,-1,3,-7,-4,5,6,2,6,1,1,-12,4,1,-2,-18,-8,-9,1,5,4,2,-1,4,0,-1,-1,2,-1,-1,0,0,0,-1,1,0,0,0,-1,-1,-12,-1,-2,-2,-6,1,-1,-6,28,1,12,10],"lows":[0,5,-10,22,-2,-17,-18,15,-31,2,0,-48,8,-9,3,-21,0,-7,0,0,5,-3,-1,102,0,-2,6,4,-7,5,-2,3,1,0,1,-22,-6,0,-7,0,6,-6,0,3,-44,-22,-2,-4,0,2,-2,-1,-7,-1,13,-1,-5,14,8,-1,6,29,21,7,-5,0,18,11,3,-12,1,5,-5,4,17,1,-5,-4,1,5,-5,-23,-7,-1,-1,0,8,4,1,0,3,0,-1,0,-2,0,2,0,-1,0,1,0,0,-1,0,-17,0,2,-4,-4,0,-2,-8,1,1,25,0,19],"closes":[0,-3,12,0,-2,-17,-2,0,-30,0,0,-48,8,2,3,-32,1,-8,0,5,1,-1,101,-3,4,1,3,0,0,-2,2,0,1,9,-9,-22,-3,4,-14,31,-25,-6,3,1,-45,-21,-3,-2,23,-23,-1,-2,-7,25,-13,-1,-5,14,16,2,25,20,12,-5,-5,17,16,0,0,-13,9,-1,1,13,4,-2,-6,-4,7,-1,-5,-23,-7,0,-1,8,4,0,1,4,-1,-1,-1,3,-5,3,-1,0,0,-1,2,0,-1,-1,1,-18,4,-2,-4,-4,0,0,-8,0,30,1,9,13],"volumes":[3.75,1.5,1.8,0.1,1.45,21.9,9.52,6.5,86.06,1.0,3.42,99.95,1.45,121.94,133.54,107.89,48.15,139.93,204.52,150.36,89.56,135.13,115.42,23.56,3.14,2.07,8.0,5.0,7.07,13.0,8.0,10.0,4.0,15.14,23.5,20.11,39.37,14.37,14.11,17.35,12.12,25.05,10.48,12.6,23.95,47.47,10.18,29.86,43.84,20.97,7.2,37.07,48.78,30.21,71.12,42.53,18.15,43.29,73.73,34.77,48.77,42.27,10.44,16.0,14.36,29.53,57.5,25.86,52.92,39.22,17.57,17.86,96.64,126.42,32.07,40.47,87.44,17.99,24.11,47.1,30.1,29.72,72.2,86.44,106.2,62.43,12.2,13.73,6.12,14.11,11.1,12.35,19.23,30.35,36.21,34.57,13.85,10.32,15.95,8.76,4.1,3.4,4.4,8.04,5.15,27.61,41.92,17.37,13.55,10.02,24.07,27.74,27.02,9.44,15.14,22.5,25.84,32.5]}