{"timestamp":1448150400000,"multiplier":0.001,"open":1077.031,"high":1077.071,"low":1076.741,"close":1076.742,"shift":60000,"times":[1380,1,1,1,1,1,1,1,1,1,1,1,1,1,1,1,1,1,1,1,1,1,1,1,1,1,1,1,1,1,1,1,1,1,1,1,1,1,1,1,1,1,1,1,1,1,1,1,1,1,1,1,1,1,1,1,1,1,1,1],"opens":[0,-290,150,91,-232,-511,-1627,289,-370,-120,28,571,132,319,-20,141,-33,73,-81,40,-20,41,18,181,-141,22,130,-110,78,-1,-148,110,11,237,121,-149,240,91,-32,-41,-69,8,114,80,6,64,9,-100,-621,-1,32,1,0,-2,-61,-50,-109,249,82,1],"highs":[0,0,1,-90,-232,-511,-1207,-131,-299,-71,621,139,170,30,91,58,-12,1,-47,9,140,-111,181,50,-141,102,0,-12,-10,31,-40,0,269,189,-100,143,50,-2,-70,-41,-10,63,80,37,63,37,-58,-100,-621,132,-100,0,0,-2,-10,-60,200,81,-100,1],"lows":[0,0,150,-202,-678,-2599,930,119,-50,0,-92,691,101,241,69,68,-8,-40,-29,-1,51,49,70,-22,20,90,-57,47,-100,72,-139,219,41,209,0,0,141,157,-68,-130,81,9,120,81,0,29,-50,-622,0,0,32,1,-1,-80,-52,-90,-110,360,52,-40],"closes":[0,149,91,-233,-510,-1627,289,-370,-120,29,569,133,319,-20,141,-32,72,-180,139,10,11,17,182,-141,50,102,-110,98,-130,-39,110,11,238,119,-148,240,91,-33,-38,-72,2,121,80,0,70,9,-100,-622,1,31,1,0,-1,-52,-59,-111,251,181,-130,-40],"volumes":[0.02048,0.01219,0.00307,0.01971,0.02592,0.04164,0.01665,0.00673,0.01039,0.0182,0.03037,0.01699,0.01624,0.00697,0.00682,0.02207,0.01606,0.00952,0.01025,0.00798,0.00964,0.00973,0.01293,0.0216,0.02085,0.00923,0.00904,0.01686,0.0162,0.00681,0.00876,0.00517,0.01458,0.02498,0.01347,0.01012,0.01412,0.02287,0.01067,0.01843,0.01476,0.00771,0.00472,0.00773,0.00992,0.00815,0.00375,0.02701,0.01665,0.0082,3.0E-4,1.5E-4,4.5E-4,0.01368,0.01611,0.01258,0.02526,0.00842,0.0017,0.0012]}