{"timestamp":1154217600000,"multiplier":1.0E-5,"open":0.86728,"high":0.86757,"low":0.86672,"close":0.86672,"shift":60000,"times":[1310,1,1,6,1,1,1,1,1,1,3,1,3,3,6,1,1,1,1,1,1,1,3,1,1,1,2,3,1,2,1,2,2,1,1,1,1,1,1,1,1,1,2,1,1,1,3,1,6,2,1,3,1,1,2,1,1,1,1,1,1,1,2,1,1,1,4,1,1,1,1,1,1,1,1,1,3,1,1,1,2,1,2,1,2],"opens":[0,-35,-45,-55,-12,-7,20,7,20,8,-9,-7,-19,32,-67,-16,45,-40,-21,24,20,-32,-2,2,22,-59,-16,18,-2,16,4,-57,52,-46,34,-8,-2,6,-32,-18,49,11,-64,63,21,-60,23,-14,44,-44,17,-31,42,17,-34,55,-45,-11,-9,13,29,-52,30,-26,-6,24,-48,26,-11,-15,-5,39,-45,30,25,-19,-17,-18,22,-9,20,32,2,-7,12],"highs":[0,-58,-17,-89,20,9,1,4,3,-1,-9,-2,5,3,-23,-14,-1,-14,0,0,0,-7,-4,6,-8,-15,-12,-5,-2,0,-3,-10,17,-9,-15,-10,3,4,-1,-7,19,-1,-6,18,7,-17,7,2,-1,-2,-2,-7,8,14,5,6,-17,-21,8,7,0,-7,-15,-1,3,-9,-2,7,-13,-16,7,13,-4,3,4,5,-4,-12,0,9,6,13,-8,14,-9],"lows":[0,-17,-61,-60,16,22,3,8,0,1,-14,-1,10,2,-39,1,-9,-9,2,-7,7,-10,-6,2,-5,-6,-17,-4,-5,1,2,-17,22,-15,-9,-16,5,11,-11,2,13,-3,-14,25,10,-15,-1,14,-2,-6,-3,-3,8,15,1,8,-37,-5,19,0,2,-6,-23,4,9,-18,2,4,-15,-19,10,12,-3,14,-1,-1,-2,-14,4,8,0,18,-12,8,5],"closes":[0,2,-67,-32,9,-9,48,0,7,-7,-38,6,-11,34,-31,6,-55,-3,20,-31,7,12,-7,37,-38,6,-49,-7,13,-14,32,-22,13,1,-44,6,7,25,-47,20,-2,10,29,-7,1,13,-23,8,-3,-6,-18,35,13,-10,29,-30,-49,47,7,-37,34,-5,-38,27,0,-19,-8,-19,-16,-19,16,31,-22,8,22,28,-35,-8,24,7,11,-37,-12,68,-21],"volumes":[0.237669,0.25912,1.371209,1.274185,0.394038,0.845052,1.814824,0.39409,1.050443,0.675906,0.188488,1.558951,3.631051,1.416449,2.107271,1.253187,1.969793,0.223109,0.432678,1.08328,1.55389,1.55036,2.774889,0.821448,0.383744,0.479772,1.759519,0.27345,2.166818,1.653017,0.26891,0.291179,2.115614,0.399708,0.404342,0.537825,0.719994,4.172834,2.192576,0.265495,0.400178,4.318512,2.362658,1.682006,0.567038,0.37512,0.233544,1.69012,0.439939,0.189336,1.861064,0.082004,0.179151,0.53625,0.322165,0.44658,0.346492,0.378311,0.663434,0.428625,0.287542,0.317032,0.883851,2.277184,0.570143,1.910914,0.254355,0.328789,0.273043,0.287606,0.569392,0.739459,0.884447,0.31902,1.026527,0.235552,1.924639,0.228183,2.048574,0.335018,0.577198,2.393452,2.046478,3.017776,0.26029]}