{"timestamp":1153008000000,"multiplier":1.0E-5,"open":1.26433,"high":1.26523,"low":1.26433,"close":1.26486,"shift":60000,"times":[1260,1,1,1,1,1,1,1,1,1,1,1,1,1,1,1,1,1,1,1,1,1,1,1,1,1,1,1,1,1,1,1,1,1,1,1,1,1,1,1,1,1,1,1,1,1,1,1,1,1,1,1,1,1,1,1,1,1,1,1,1,1,1,1,1,1,1,1,1,1,1,1,1,1,1,1,1,1,1,1,1,1,1,1,1,1,1,1,1,1,1,1,1,1,1,1,1,1,1,1,1,1,1,1,1,1,1,1,1,1,1,1,1,1,1,1,1,1,1,1,1,1,1,1,1,1,1,1,1,1,1,1,1,1,1,1,1,1,1,1,1,1,1,1,1,1,1,1,1,1,1,1,1,1,1,1,1,1,1,1,1,1,1,1,1,1,1,1,1,1,1,1,1,1,1,1,1,1,1,1],"opens":[0,72,28,-6,6,2,-20,1,-4,-20,-23,16,13,-21,9,-16,20,-4,-41,-8,26,-24,15,-5,-2,-30,-19,2,-29,37,-21,-17,27,-31,-9,-25,-22,-9,-14,17,12,11,-12,5,-14,1,-21,-1,-9,-2,-13,8,7,3,-1,-4,20,-19,10,-12,37,24,-12,9,-2,14,2,-7,-6,2,10,-15,3,13,-7,4,4,9,-7,-7,14,16,-11,6,11,16,3,16,-16,37,-9,-9,-3,-8,-8,5,4,-6,-1,-4,-2,3,-6,6,-12,21,8,-23,-6,-11,-11,7,-7,1,-6,19,3,-6,-2,-20,-7,-5,10,6,-8,-1,3,3,4,-2,-3,2,-3,8,-11,7,3,-3,-8,7,4,-12,4,-19,14,-19,-24,-13,0,17,3,0,8,6,-7,11,3,1,-2,-1,5,5,-5,14,-14,10,-11,16,-8,-4,9,-3,-28,25,0,5,-11,1,-15,-17],"highs":[0,38,-22,-1,0,4,-2,-13,-2,-13,-10,-4,11,-4,-15,13,6,-3,-31,12,-13,-10,17,-24,17,-33,-14,-21,0,11,-15,-1,7,-22,2,-31,-40,-4,1,4,8,8,4,-8,-9,-8,-13,-7,-4,-15,-2,5,7,6,1,2,40,-46,1,6,50,-6,-3,8,2,-2,5,-3,9,-9,-1,-1,0,2,0,0,8,2,6,-8,16,8,-4,2,11,13,12,2,21,5,-10,-13,1,1,1,-9,3,-2,-3,2,-2,-5,-5,-3,14,-4,12,-13,-11,-13,-2,0,-1,-2,0,0,3,0,-1,-14,-4,-4,0,3,0,-3,6,4,6,-13,0,6,-4,-1,4,0,1,0,-9,3,1,-4,-7,-5,0,-13,-20,-10,4,9,2,2,2,6,0,0,12,-2,2,6,0,0,-1,6,-3,-4,4,7,-1,5,-8,0,-3,0,3,0,0,-8,-18,-1],"lows":[0,72,18,-9,4,-12,7,-7,-10,-36,9,2,6,-2,-24,7,27,-27,-18,-4,14,-37,38,-16,-31,-4,-15,-15,0,22,-26,-6,-15,4,-13,-19,-21,-9,0,5,9,2,12,-7,-20,3,-5,-12,-5,-20,1,9,6,10,1,-2,17,-27,4,5,37,10,-3,11,-7,-7,21,-6,-8,-4,11,1,-10,1,3,4,4,3,9,-13,22,0,4,-2,12,20,-2,15,-3,25,-20,-1,4,-7,-1,-19,11,2,-11,6,-3,-4,1,-1,5,3,15,-25,4,-17,-2,-3,-7,8,-3,2,1,-1,2,-10,-19,6,-4,8,-3,0,8,0,-8,3,-3,2,1,0,-1,4,-7,0,-4,7,-2,-6,-9,-4,3,-26,-13,-4,4,15,-2,-3,8,8,-3,-9,15,8,1,2,-3,5,5,-3,1,-9,5,7,1,-7,-1,7,-19,8,13,-7,-2,-12,-9,-3],"closes":[0,55,-9,-8,-3,-11,9,-2,-12,-35,25,-7,-1,1,-32,31,16,-44,-5,16,-7,-1,-3,-17,-33,14,-30,-19,24,11,-43,-6,5,1,-4,-42,-15,-10,14,9,-4,2,12,1,-26,1,-13,-10,-8,-20,10,9,2,4,5,3,5,-15,-8,9,64,-5,-3,10,2,-16,11,0,-2,-1,-5,7,4,-13,5,-1,12,4,-2,5,8,-1,13,-9,8,22,4,9,11,9,-23,-4,10,2,-4,-7,-4,5,-12,5,-6,-3,-2,2,23,-13,10,-28,9,-11,-1,-11,13,-8,3,-14,8,-3,7,-13,-16,-1,-4,17,0,-8,7,8,-6,-3,-1,-7,17,-18,14,4,-14,11,-9,4,-2,2,-29,6,-4,-18,-12,-4,11,4,9,-7,1,10,-5,-4,2,23,0,-6,5,-2,3,-6,10,-17,20,-4,2,3,-12,4,10,-7,1,-9,15,-31,-2,-2],"volumes":[566.9,852.1,540.3,1053.3,869.5,981.9,829.5,850.6,893.6,1128.7,897.7,755.3,881.5,712.7,662.9,803.8,863.5,704.9,727.3,1320.2,1056.3,760.9,932.6,743.1,892.4,740.3,781.4,865.5,854.5,661.0,615.1,704.4,943.3,791.2,707.4,1022.4,868.0,533.4,934.4,627.7,1167.0,757.8,708.4,662.1,630.2,1148.3,762.3,762.1,900.8,606.2,775.9,683.5,810.4,603.7,727.6,924.2,1146.3,757.1,702.8,709.5,622.6,792.1,814.4,178.4,1007.4,1149.0,726.9,612.3,965.2,708.8,894.0,624.5,752.7,865.8,544.5,921.5,488.0,728.5,901.1,1089.8,920.5,671.1,703.3,633.7,877.3,616.7,665.0,747.1,629.8,1398.2,578.1,878.7,947.7,988.5,1045.2,619.4,734.4,370.2,476.5,757.3,741.4,1184.3,1014.7,532.4,391.2,1029.5,580.0,1085.3,323.8,780.4,593.3,963.4,364.1,562.6,386.1,866.8,561.5,645.8,661.2,340.9,889.7,756.6,726.1,521.3,1025.4,525.2,533.8,1164.1,798.5,765.5,1105.7,476.8,490.0,762.2,906.5,685.2,667.4,1045.6,1123.5,531.5,1022.8,918.9,283.9,987.3,784.5,739.9,624.9,701.3,594.1,766.6,732.9,873.4,1019.3,1019.3,1064.9,515.6,445.2,738.0,646.7,762.8,731.3,759.8,308.6,1014.2,544.2,487.6,1218.4,863.8,856.4,1106.9,908.2,843.3,836.1,550.5,841.0,849.7,780.3,375.1,794.2,591.4]}