{"timestamp":1151798400000,"multiplier":1.0E-5,"open":1.2236,"high":1.22451,"low":1.2236,"close":1.22451,"shift":60000,"times":[1260,1,1,1,1,1,1,1,1,1,1,1,1,1,1,1,1,1,1,1,1,1,1,1,1,1,1,1,1,1,1,1,1,1,1,1,1,1,1,1,1,1,1,1,1,1,1,1,1,1,1,1,1,1,1,1,1,1,1,1,1,1,1,1,1,1,1,1,1,1,1,1,1,1,1,1,1,1,1,1,1,1,1,1,1,1,1,1,1,1,1,1,1,1,1,1,1,1,1,1,1,1,1,1,1,1,1,1,1,1,1,1,1,1,1,1,1,1,1,1,1,1,1,1,1,1,1,1,1,1,1,1,1,1,1,1,1,1,1,1,1,1,1,1,1,1,1,1,1,1,1,1,1,1,1,1,1,1,1,1,1,1,1,1,1,1,1,1,1,1,1,1,1,1,1,1,1,1,1,1],"opens":[0,102,-11,17,-13,-2,0,12,-20,-77,35,21,-17,-2,-16,-11,8,11,0,-7,-2,2,17,11,-13,-12,19,-5,-10,-11,9,3,-28,-3,-34,15,-53,-3,8,-10,-40,7,-7,-4,-1,-3,-2,7,8,0,9,-2,-4,0,-4,1,4,9,-15,19,-2,17,-14,-3,29,-6,-9,19,-10,4,-7,-5,5,0,-2,3,1,9,24,-14,-6,7,-6,-1,-2,-3,3,0,4,1,-1,3,-2,-1,1,-8,7,-3,0,-12,8,-3,11,-8,0,6,14,-1,1,0,4,12,-6,5,0,-4,-34,-4,27,-1,-14,7,-2,-2,-3,5,-2,-18,15,-5,0,0,-4,16,-3,4,0,3,17,-8,16,-3,3,-3,4,6,-1,11,-5,-3,5,-3,-3,14,7,3,-7,4,-5,2,-1,-11,-3,-6,-4,6,4,-5,-15,40,-5,-44,44,-6,11,-24,-6,-7,-5,3],"highs":[0,11,0,14,-13,-4,18,-6,-17,-13,0,-5,-7,-19,-9,6,-11,7,0,-3,-3,8,10,5,-7,-5,11,-12,-8,-6,9,4,-18,-15,-28,3,-53,5,2,-12,-25,-4,-6,-2,-3,-5,0,13,2,10,-3,1,-3,-6,-2,7,5,-1,-3,14,6,2,-14,19,15,-14,8,2,-10,4,1,0,-5,4,-2,5,9,17,4,-18,-1,12,-8,3,-15,2,-2,4,6,0,2,0,-7,0,0,-5,8,0,8,-23,9,7,0,-7,0,15,0,6,-1,0,9,2,2,-3,0,-4,-32,21,5,-5,-5,0,0,0,0,0,-7,-6,3,0,-5,5,3,8,-4,1,7,9,4,0,9,-1,5,-1,4,5,2,2,-5,4,3,-8,6,11,6,-2,1,-4,3,-2,-5,-6,3,-12,-6,11,-4,-5,13,23,-12,-12,14,-6,5,-22,-8,-7,5,-5],"lows":[0,79,4,4,2,-2,-5,10,-71,-13,35,5,-20,-11,-1,2,3,0,3,-5,4,-2,10,-11,20,-11,2,-4,-16,10,-4,7,-26,-62,30,-29,-2,-3,1,-30,-13,2,-2,-4,-5,-1,0,0,5,10,3,2,-2,-12,-4,8,-8,7,4,6,-6,-10,19,6,27,-19,8,5,-4,5,-2,-5,2,2,1,0,4,7,6,-12,9,10,-9,-9,1,2,0,6,4,-11,6,8,-8,-1,3,-9,8,-8,6,-12,9,-1,3,0,0,6,0,13,-1,-1,7,0,4,2,-2,-30,-6,1,25,-6,-7,5,-5,3,-3,2,-12,-5,5,3,2,-2,-3,14,-8,1,7,6,9,1,16,-3,2,-3,5,2,3,-10,2,5,11,-8,2,14,7,-11,5,-4,-3,9,-15,4,-3,-11,-1,1,5,-18,4,33,-37,-18,52,-1,-7,-12,-11,-6,1,-9],"closes":[0,3,3,-10,9,0,16,-20,-71,55,-17,-11,-6,-15,-9,18,-4,-8,19,-20,11,11,-4,-5,7,0,1,-6,-6,0,4,4,-30,-44,17,-46,-2,2,3,-37,-6,-1,-1,-8,-6,-1,2,16,2,10,-3,-7,0,-9,6,7,5,-9,5,12,8,-20,-3,30,3,-16,21,-10,0,3,5,-10,5,0,2,3,2,26,-17,-8,1,21,-8,-15,0,0,-2,9,6,-17,19,-5,-2,-5,5,-5,6,-14,6,-6,3,-1,3,5,0,12,2,3,3,-5,14,-1,0,2,0,-35,-8,28,-2,-6,1,-3,-2,7,-5,0,-7,-4,1,5,-5,5,0,5,2,-7,10,14,-5,4,14,-1,-1,0,5,-1,12,-6,-11,14,7,-13,11,11,6,-10,1,1,-5,9,-20,4,3,-17,-1,1,10,-23,32,5,-37,31,3,3,-8,-15,-11,4,-9,9],"volumes":[119.0,136.7,137.8,165.3,129.4,159.0,112.4,146.6,146.0,222.3,256.1,247.0,294.0,198.1,188.2,85.0,116.1,303.7,195.3,160.1,132.2,258.7,146.9,115.8,210.1,129.7,180.2,117.0,249.4,164.1,149.1,154.1,155.0,186.7,119.5,153.0,21.6,154.8,108.6,99.8,188.7,178.9,279.8,190.0,125.9,164.9,109.3,147.8,150.8,52.4,218.8,98.5,134.2,151.2,206.4,191.7,155.6,101.2,108.4,68.9,103.0,143.7,171.3,270.0,97.9,67.9,167.2,136.7,149.6,179.6,122.4,212.6,263.1,223.9,179.3,140.2,72.1,313.8,131.8,224.0,99.8,68.6,132.5,165.9,228.6,162.5,217.0,9.6,78.3,133.7,31.2,20.4,111.9,135.4,90.5,196.0,94.5,286.8,231.7,201.6,153.4,114.8,154.9,47.1,184.4,141.9,182.5,123.7,129.7,64.2,17.2,120.9,83.7,72.7,209.4,214.5,62.7,119.6,142.9,155.9,178.5,225.2,243.3,109.8,203.5,126.8,168.3,301.3,133.0,62.3,40.1,90.9,82.5,124.4,154.4,131.0,191.9,135.8,212.1,222.8,80.6,65.6,188.4,163.3,101.9,52.4,189.1,100.9,166.7,224.0,71.3,99.0,21.6,175.3,197.6,138.1,109.0,191.5,188.4,128.9,111.4,168.9,38.8,214.9,57.7,73.8,59.8,228.2,20.0,185.6,67.3,157.4,149.0,236.3,174.8,228.2,70.5,145.5,84.1,124.9]}