{"timestamp":1153612800000,"multiplier":0.001,"open":619.787,"high":620.27,"low":619.511,"close":619.937,"shift":60000,"times":[1320,1,2,1,1,1,2,1,1,1,1,1,1,1,1,1,1,2,1,1,2,1,1,1,1,1,1,1,2,1,2,2,3,1,1,2,5,2,2,1,2,1,1,1,1,2,1,1,1,1,4,1,2,1,1,1,1,1,1,2,1,1,1,1,1,1,1,1,1,1,1,1,1,1,1,1,1,1,1,1,1,1,1,2,1,1,1,2,1,1,1,1,2],"opens":[0,1,258,92,-505,-505,168,623,-346,51,192,-478,40,-216,-36,-370,43,-273,379,-46,-44,436,-312,129,-527,307,-179,565,-359,140,544,207,-367,164,-493,127,-337,133,-63,-369,-711,-309,341,258,-218,-320,-14,282,-198,-517,332,-532,379,-235,321,-349,125,-575,84,-530,-379,20,426,-9,-196,-743,177,52,38,466,36,-122,-242,-139,327,124,-311,305,134,217,49,584,-449,247,-547,-89,-373,242,386,527,-457,135,-470],"highs":[0,-23,-73,-36,-3,-241,153,-39,-160,87,-94,112,-244,-90,-40,-493,-80,-1,37,178,127,217,-77,-138,-76,-1,70,-49,312,34,42,85,-72,-131,-262,-1,-196,-111,-63,-369,-251,-171,151,-83,90,-128,-277,-22,-198,-59,240,-190,-93,147,-16,-299,-206,-13,-128,-524,-201,213,-97,-213,-173,-365,-166,37,690,-119,87,300,-341,-112,39,-55,61,124,295,51,235,244,13,43,-881,-89,-5,290,474,23,38,-360,-194],"lows":[0,101,-48,-36,-263,-137,147,39,-27,-67,-43,41,-283,47,-15,-667,-157,138,182,95,137,267,-160,-104,-243,75,93,-80,256,34,268,-24,35,-332,-100,40,-367,5,-203,-277,-218,-242,188,41,-49,-24,-587,-148,139,-100,272,-225,-44,178,-42,-194,-346,21,-462,-153,-280,44,160,-159,-301,-222,-51,-267,387,387,-14,67,-226,13,-32,15,-176,349,80,306,7,536,-291,-257,-210,-289,37,278,494,-148,221,-398,-310],"closes":[0,131,-282,-215,-51,352,-268,192,-276,212,33,46,-615,335,-344,-456,-588,391,200,486,66,99,-33,-289,37,-488,452,96,-70,37,203,286,-198,-76,-469,265,-785,5,305,-770,186,-45,-339,437,91,-135,-418,-534,154,-168,28,-5,61,505,-433,-75,-155,-125,-758,185,-20,11,-529,310,-212,-425,-361,-63,781,-208,510,69,-399,230,-655,341,-310,640,475,-151,-107,354,447,-1013,66,-580,595,-206,366,88,289,-209,-624],"volumes":[0.011211,0.02335,0.0165,0.00998,0.026051,0.01866,0.01582,0.016097,0.01308,0.0153,0.01655,0.02561,0.01738,0.01324,0.0207,0.024692,0.013504,0.0172,0.010423,0.022202,0.01266,0.01622,0.01168,0.01399,0.01593,0.01325,0.01589,0.01895,0.01467,0.01731,0.016155,0.021698,0.015524,0.01402,0.01378,0.013994,0.01045,0.01251,0.019578,0.013093,0.013365,0.01808,0.013163,0.016579,0.01101,0.01474,0.016263,0.01264,0.02402,0.017532,0.013601,0.021385,0.02376,0.021323,0.022573,0.01198,0.02027,0.013236,0.023643,0.015271,0.016981,0.01906,0.01286,0.01048,0.012247,0.013734,0.013089,0.014977,0.02102,0.011758,0.02356,0.01512,0.011594,0.01534,0.012984,0.02077,0.01248,0.012748,0.016196,0.01295,0.01506,0.014359,0.01846,0.01845,0.01535,0.02353,0.01357,0.013549,0.0119,0.011178,0.01546,0.01703,0.0162]}