{"timestamp":1497139200000,"multiplier":1.0E-5,"open":1.12061,"high":1.12075,"low":1.12058,"close":1.12059,"shift":60000,"times":[1260,1,1,1,1,1,1,1,1,1,1,1,1,1,1,1,1,1,1,1,1,1,1,1,1,1,1,1,1,1,1,1,1,1,1,1,1,1,1,1,1,1,1,1,1,1,1,1,1,1,1,1,1,1,1,1,2,1,1,1,1,1,1,1,1,1,1,1,1,1,1,1,1,1,1,1,1,1,1,1,1,1,1,1,1,1,1,1,1,1,1,1,1,1,1,1,1,1,1,1,1,1,1,1,1,1,1,1,1,1,1,1,1,1,1,1,1,1,1,1,1,1,1,1,1,1,1,1,1,1,1,1,1,1,1,1,1,1,1,1,1,1,1,1,1,1,1,1,1,1,1,1,1,1,1,1,1,1,1,1,1,1,1,1,1,1,1,1,1,1,1,1,1,1,1,1,1,1,1],"opens":[0,-2,-4,10,0,-4,14,-5,-8,-4,8,-8,-1,1,-1,0,1,0,-11,11,-1,-1,3,-1,1,-10,-2,0,0,-1,8,6,0,0,-1,-3,-2,-2,2,1,2,-1,-1,1,-2,2,-2,1,3,1,-3,-9,5,-2,5,0,1,-3,-2,-4,-4,-3,-1,3,-5,4,47,2,1,1,-1,3,-2,-4,-3,-5,-3,-6,0,-18,19,0,-1,-4,-11,0,-2,1,0,1,-6,-18,-1,3,1,-4,9,-6,-3,0,0,0,1,-1,-2,1,1,-1,-2,7,4,-1,-2,1,-1,-1,-1,2,5,-4,-2,0,-4,0,2,-8,7,2,1,-10,0,0,-1,-2,-1,-5,9,2,-11,7,-6,22,0,-13,5,-2,0,8,6,9,-5,2,-1,-2,-4,-1,-9,-1,-5,-7,-3,-11,-15,1,0,-15,4,-4,10,9,-1,-13,-8,3,0,3,16,0,17],"highs":[0,-7,-4,1,0,10,0,0,-9,2,-2,-7,0,-1,-1,1,0,0,0,1,0,0,0,4,-4,-10,0,-1,-1,1,14,-2,0,0,0,-1,-5,3,-3,3,0,-1,10,-10,0,0,-1,7,0,-2,-3,-5,0,4,-1,0,1,-3,-2,3,0,-13,5,-4,-2,47,8,-2,3,0,-1,0,-3,-3,-4,-2,-6,-6,6,-5,5,2,-8,-4,-11,3,-4,2,0,0,-7,-15,4,-5,1,5,1,-7,-3,1,-1,5,-4,-1,-1,1,0,-1,6,4,-1,-1,-1,0,-1,-1,-1,9,-2,1,-6,-1,-4,4,1,-4,0,4,0,-11,0,0,-1,-2,4,1,1,-1,-6,6,13,2,-3,-5,-2,-3,8,7,5,11,-8,-2,0,-4,-3,-1,-10,0,-5,-8,-3,-9,-10,-6,1,-11,-1,5,9,1,0,-7,-11,6,4,8,0,19,2],"lows":[0,-10,6,11,-1,-3,9,-9,-8,-2,3,3,0,0,0,0,0,-10,0,10,0,-1,1,-5,-4,-1,0,0,-1,0,8,5,0,0,-3,-2,-3,0,0,2,2,0,0,-2,-1,2,0,0,4,-3,-8,0,2,1,4,0,-3,-1,-3,-5,-2,-3,1,-1,0,3,43,-4,8,2,2,1,-4,-6,-4,0,-11,4,-20,-1,17,4,-5,-15,3,0,-1,1,1,-5,-19,-1,0,3,-4,1,4,-7,0,3,-1,0,0,1,-1,0,-2,3,-2,-1,9,-1,1,1,-1,-2,-1,3,0,-1,-3,-1,-1,1,-6,0,5,3,-7,-1,0,-5,2,-4,-1,-1,9,-8,-1,-4,5,19,-10,0,3,0,-2,10,6,5,-4,0,2,-9,5,-10,-5,-1,-8,-4,-9,-14,-3,2,-14,-1,0,-2,12,0,-11,-1,-2,5,0,3,2,14,17],"closes":[0,4,1,1,-1,10,-4,-9,-4,10,-9,-1,1,-1,0,0,0,-10,11,0,0,0,-1,1,-10,-1,0,0,-1,2,12,0,0,-1,-2,-3,-2,2,-1,4,0,-1,-1,0,0,0,0,3,1,-3,-8,4,-2,5,0,0,-3,-2,-2,2,-6,-6,3,-3,2,47,5,0,-1,1,0,0,-4,-3,-6,-1,-6,-1,-20,21,0,-1,-5,-10,-1,0,0,2,-2,-5,-19,-1,4,-1,-2,9,-6,-4,1,1,-2,2,-2,0,0,1,0,-1,6,4,-2,-2,1,0,-1,-2,-1,9,-6,0,-1,-4,-1,3,-8,6,0,5,-10,-1,0,-3,0,-4,-1,8,2,-10,4,-5,22,-1,-11,6,-3,0,8,5,6,0,1,-1,-2,-4,1,-11,-1,-5,-6,-5,-10,-14,1,-2,-14,5,-4,8,9,-3,-9,-7,2,-1,3,16,0,16,5],"volumes":[14.6,7.46,2.61,0.75,7.0,33.61,50.0,76.0,52.26,36.3,46.26,33.25,30.86,49.87,27.75,63.25,44.25,50.25,44.25,18.75,25.75,18.5,33.0,50.25,37.5,19.25,60.25,30.75,5.63,14.75,29.98,7.1,11.34,24.19,20.08,21.5,38.97,39.97,18.73,34.19,39.43,24.12,34.84,29.11,40.5,33.37,41.0,28.74,27.55,38.68,110.12,56.22,54.09,40.53,47.82,79.78,32.34,43.95,23.8,164.32,80.81,41.53,17.06,30.35,43.46,115.74,103.75,46.46,36.39,66.84,35.09,7.51,25.15,55.19,31.78,53.04,55.11,2.81,52.73,48.38,56.28,40.16,24.75,45.22,101.59,54.35,47.82,25.81,14.6,60.85,66.83,68.52,42.86,57.75,54.22,46.9,51.81,61.62,23.88,25.15,92.11,12.2,17.94,12.49,102.3,26.92,39.11,28.7,31.22,44.06,28.58,20.56,12.75,2.25,11.25,7.0,14.31,60.24,69.62,64.19,48.33,49.11,10.12,26.96,42.05,20.12,10.0,21.36,30.03,1.87,14.25,14.85,7.11,26.39,48.3,37.36,27.97,28.2,27.48,52.15,62.34,16.66,29.78,29.85,14.1,12.73,21.1,27.68,11.37,45.35,34.59,45.82,23.24,51.66,14.68,42.34,84.17,37.86,19.72,27.37,57.88,78.5,62.42,104.87,80.05,36.81,59.92,74.17,71.68,201.58,157.35,89.21,45.1,41.11,100.33,139.96,97.27,156.12,45.78]}