{"timestamp":1324771200000,"multiplier":1.0E-5,"open":0.93697,"high":0.93697,"low":0.93683,"close":0.93683,"shift":60000,"times":[1320,1,3,1,1,1,1,1,1,1,1,1,1,1,2,1,2,1,1,1,2,1,1,1,1,1,1,1,1,1,1,1,1,1,1,1,1,2,1,1,1,1,1,1,2,1,1,1,1,1,1,1,1,1,1,1,1,1,1,1,1,1,1,1,1,1,1,1,1,1,1,1,1,1,1,1,1,1,1,1,1,1,1,1,1,1,1,1,1,1,1,1,1,1,1,1,1,1,1,1,1,1,1,1,1,1,1,1,1,1,1,1,1],"opens":[0,-18,-106,-22,0,24,65,24,71,-76,-26,17,4,80,-14,12,-100,0,60,-43,0,174,-98,-79,0,28,-28,0,-1,1,-1,4,25,2,-27,0,24,-1,1,0,-1,33,-56,-10,58,-5,14,-27,-2,-2,-33,22,4,-28,4,-6,21,2,-1,-10,0,-5,28,-28,1,-1,1,-1,0,0,0,0,-2,1,-1,5,0,2,-9,6,0,-2,2,0,32,4,-18,-6,-20,42,-43,49,-49,0,23,-23,0,40,-40,29,-29,0,0,-1,1,0,0,0,-1,0,1,-1,0],"highs":[0,-17,-107,-9,7,5,64,24,71,-76,-23,19,49,31,-13,10,-100,0,80,-63,195,4,-89,-113,0,28,10,-38,-1,28,4,-28,27,15,-16,12,-14,-1,1,0,-1,33,-22,-44,58,11,-2,-26,-2,-2,10,9,0,-40,-10,43,-9,-18,11,-22,0,-5,28,-27,0,0,0,-1,32,-32,1,-1,-2,1,3,1,2,0,25,9,-37,30,-30,27,29,-20,15,-38,20,1,-6,12,-49,38,-14,-24,35,5,-40,29,-29,0,0,0,0,0,0,0,23,-24,39,-39,1],"lows":[0,-4,-107,-34,13,24,65,-12,20,11,-29,16,-1,84,-10,11,-99,0,18,0,0,22,-32,7,0,28,-28,0,-1,1,-1,4,25,-35,10,-3,27,-1,0,0,0,0,-23,-10,58,-9,-10,1,-2,-28,-7,22,-38,6,-72,75,15,11,-11,0,-4,-1,28,-28,1,-1,0,0,0,0,0,0,-2,0,0,4,0,3,-9,6,-1,-1,0,1,17,12,-19,3,-20,13,-14,23,-23,0,23,-24,0,22,-22,30,-30,0,0,0,0,0,0,0,0,0,1,-1,0],"closes":[0,-4,-107,-8,7,5,64,22,-14,11,-29,23,51,28,-10,10,-101,0,18,0,184,-108,-86,7,0,28,10,-38,-1,28,4,-28,27,-37,36,12,-14,-1,0,0,0,0,11,-44,58,11,-29,1,-2,-6,-8,0,-24,4,-10,16,11,0,-11,0,-4,-1,28,-27,0,0,0,-1,32,-32,1,-1,-2,0,4,1,2,0,25,-28,0,-1,0,1,40,-12,-19,4,20,-28,23,-14,-23,38,-14,-25,36,-14,-22,30,-29,0,0,-1,0,1,0,0,23,-24,38,-38,1],"volumes":[95.25,35.25,39.77,46.14,72.04,3.38,0.75,8.25,68.36,0.75,79.17,48.05,123.81,79.54,62.51,108.01,4.5,7.5,5.37,2.25,18.93,19.8,8.61,3.76,1.56,0.81,4.57,3.38,1.13,2.0,3.76,4.62,4.05,4.68,5.43,5.38,2.25,2.25,4.5,4.5,4.5,2.37,5.31,2.25,0.75,10.61,15.3,9.42,3.93,7.05,8.73,7.23,18.73,27.47,56.35,24.59,6.87,1.13,8.71,2.31,3.38,2.26,0.75,8.65,4.89,3.01,7.15,7.52,8.27,4.5,4.13,6.0,3.39,3.39,2.38,3.51,10.58,15.18,18.3,33.63,5.63,11.44,6.12,7.0,7.86,1.62,19.27,2.43,4.14,3.62,7.63,2.43,7.95,1.88,1.62,8.36,6.83,1.56,6.14,0.75,22.83,28.46,33.03,10.26,19.74,14.05,49.69,81.91,11.41,2.26,6.77,1.13,11.3]}