{"timestamp":1323561600000,"multiplier":1.0E-5,"open":0.92505,"high":0.92524,"low":0.92505,"close":0.92524,"shift":60000,"times":[1320,1,1,1,1,1,1,1,1,1,1,1,1,1,1,1,1,1,1,1,1,1,1,1,1,1,1,1,1,1,1,1,1,1,1,1,1,1,1,1,1,1,1,1,1,1,1,1,1,1,1,1,1,1,1,1,1,1,1,1,1,1,1,1,1,1,1,1,1,1,1,1,1,1,1,1,1,1,1,1,1,1,1,1,1,1,1,1,1,1,1,1,1,1,1,1,1,1,1,1,1,1,1,1,1,1,1,1,1,1,1,1,1,1,1,1,1,1,1,1],"opens":[0,21,12,-2,-5,-3,6,1,-4,-1,-6,27,-2,-4,-4,-3,2,30,31,-48,-2,43,-68,50,-24,31,-12,3,-13,5,2,1,1,7,-6,2,-2,5,7,-2,-1,-8,2,1,-2,-1,6,-1,-3,1,14,-32,-9,15,-2,1,10,-2,-1,7,13,-14,3,-5,1,10,-13,4,-4,8,13,52,-37,-3,4,2,2,-23,-12,10,3,-3,-1,-1,-7,-22,0,0,16,-5,-2,-4,0,-2,17,-2,-1,-8,22,1,15,-2,-1,0,4,-8,-5,-13,3,-6,3,-1,6,-2,15,7,-2,-11,-9,-11],"highs":[0,12,9,-5,-6,12,-10,0,-4,-2,4,21,-6,0,1,5,10,36,5,-23,30,-19,-6,26,-33,17,-12,3,-26,7,-1,2,13,-3,-10,3,31,5,-1,-6,-23,0,-5,1,-3,7,-2,-1,-2,23,-9,-32,10,-4,13,25,-29,4,-2,27,-10,12,-25,16,-12,2,-9,0,9,-2,50,12,-32,-2,2,0,0,-23,1,0,1,-3,0,3,-12,-21,1,16,-3,-4,2,-3,-2,12,-1,0,-3,17,4,11,-1,-3,0,7,-4,-8,-4,6,-17,2,-2,5,-3,16,4,3,-3,-13,0,-20],"lows":[0,20,9,-9,1,0,7,-12,10,-7,-4,13,2,4,-4,-1,5,31,-31,14,-2,-20,-57,72,-10,38,-11,-19,11,11,1,2,-11,6,7,0,0,1,2,2,-6,2,-5,5,0,0,6,-1,-3,1,-33,15,-9,12,-1,3,8,0,-1,1,0,-1,2,2,1,-3,0,1,-1,8,13,-13,26,-1,4,2,-17,-10,-6,10,3,-9,5,-22,-7,-6,-1,-2,16,-10,8,-12,2,7,15,-1,-8,-2,10,11,13,3,0,0,-2,-12,-15,4,3,-8,5,2,2,2,7,10,-8,-7,-12,-4],"closes":[0,12,2,-13,3,6,2,-4,0,-7,9,1,10,-5,-4,-2,26,41,-62,25,34,-67,45,-19,20,1,4,-20,1,5,1,0,0,2,0,0,1,11,-2,-5,-4,1,2,-3,0,8,-2,-1,-2,14,-32,0,4,-1,4,11,-5,6,-2,15,-15,5,-6,7,2,-8,1,-2,7,0,52,-25,-1,1,3,2,-19,-10,4,3,0,-4,2,-10,-20,0,-4,18,-5,-5,0,-3,-7,21,3,-3,-8,22,1,15,-2,-1,1,3,-6,-7,-13,5,-5,0,-1,6,-2,17,5,-2,-11,-7,-12,-4],"volumes":[15.38,12.0,21.0,15.0,16.5,38.25,6.0,26.63,1.5,9.01,6.0,18.0,18.0,5.25,20.25,6.0,12.0,10.5,26.68,12.79,24.09,161.11,190.36,122.0,102.98,119.71,96.95,119.77,26.61,58.01,57.86,35.9,122.76,48.94,11.33,21.5,56.8,81.92,113.5,44.15,33.87,9.08,7.5,9.04,7.5,33.69,2.25,1.5,5.25,5.29,50.42,2.25,47.25,13.5,27.87,86.57,6.75,9.08,13.25,16.93,39.8,37.02,55.92,57.99,13.19,48.46,17.2,7.77,15.07,18.79,80.7,102.25,86.48,34.5,12.0,20.25,40.93,25.76,33.6,16.21,9.0,23.48,11.25,53.29,93.34,39.6,42.75,84.45,65.25,88.2,42.75,62.78,50.25,69.69,27.0,27.0,40.95,121.96,166.39,97.5,44.63,74.63,26.27,31.88,52.5,57.75,140.28,113.36,12.01,76.5,36.0,54.67,54.75,57.41,81.04,58.57,96.1,36.69,87.04,40.5]}