{"timestamp":1323561600000,"multiplier":0.001,"open":1709.751,"high":1710.652,"low":1709.671,"close":1710.642,"shift":60000,"times":[1380,1,1,1,1,1,1,1,1,1,1,1,1,1,1,1,1,1,1,1,1,1,1,1,1,1,1,1,1,1,1,1,1,1,1,1,1,1,1,1,1,1,1,1,1,1,1,1,1,1,1,1,1,1,1,1,1,1,1,1],"opens":[0,916,900,229,505,981,-246,-549,9,-186,-165,-46,-311,-520,-515,230,-47,443,839,-168,-22,32,335,90,-309,-419,180,-384,-341,-109,-387,53,-81,5,264,133,304,62,81,657,189,-213,-205,-257,80,-7,-18,-19,14,-59,46,-30,12,42,51,85,-83,-56,-26,169],"highs":[0,895,375,460,910,205,-461,-536,56,-246,-143,-21,-358,-520,-190,-86,338,646,336,78,-276,281,146,190,-330,-253,-211,-384,-306,-144,-334,552,-470,77,169,396,107,-86,836,104,-20,-206,-263,-68,-42,-68,-17,-26,14,-54,41,15,-9,18,204,-68,-83,-43,100,93],"lows":[0,996,900,99,615,405,-395,192,-161,-618,413,-307,-575,-484,-131,110,206,443,550,117,-18,32,334,-263,-384,-180,-14,-466,-192,-556,370,-161,140,-7,206,167,340,62,81,431,114,15,-390,-24,93,-40,8,-11,-4,-33,8,-47,70,42,21,43,-79,-28,-16,199],"closes":[0,905,375,354,1016,-299,-535,42,-178,-192,-13,-307,-536,-523,257,-16,328,586,406,-189,-29,301,135,-399,-384,192,-386,-353,-99,-401,35,-164,145,212,156,316,43,16,773,-147,16,-4,-390,48,54,-23,-42,-11,-3,-26,0,56,-9,18,201,-111,-53,-51,124,93],"volumes":[0.0158,0.013092,0.00564,0.01017,0.01555,0.020273,0.018795,0.00251,0.00792,0.00657,0.003281,0.0082,0.01228,0.015398,0.018464,0.026656,0.011379,0.017506,0.00479,0.006304,0.00329,0.00416,0.002897,0.00571,0.01234,0.020557,0.0101,0.00927,0.013683,0.019219,0.00165,0.01951,0.00531,0.00564,0.0059,0.01005,0.0129,0.00203,0.01545,0.01391,0.01252,0.00239,0.00809,0.00871,0.00586,0.00269,0.00223,0.00171,0.00514,0.00113,0.00249,0.00449,5.4E-4,3.9E-4,0.00413,0.00134,0.00234,0.00246,0.00292,0.00138]}