{"timestamp":1273968000000,"multiplier":1.0E-5,"open":0.88492,"high":0.88492,"low":0.88492,"close":0.88492,"shift":60000,"times":[1320,1,1,1,1,1,1,1,2,1,1,1,1,1,1,1,3,1,1,1,1,1,1,1,1,1,2,1,1,1,1,1,1,1,1,1,1,2,1,1,1,1,1,1,1,1,1,1,1,1,1,1,1,1,1,1,1,1,1,1,1,1,1,1,1,1,1,1,1,1,1,1,1,1,1,1,1,1,1,1,1,2,1,1,1,1,1,1,1,1,1,1,1,1,1,1,1,1,1,1,1,1,1,1,1,1,1,1,1,1,1,1,1,1],"opens":[0,8,-26,3,-11,-14,22,0,-3,10,3,10,15,20,-3,9,44,35,-49,20,-16,1,1,4,-4,9,-15,9,-35,25,-12,3,-6,5,-20,1,-17,-3,27,17,-4,-10,3,0,-1,-10,8,3,8,-1,2,-1,-9,8,7,20,-16,-7,-29,-41,-30,16,6,-12,-11,-8,-6,-4,36,-1,-22,-9,0,-13,-1,-4,-5,8,13,18,-2,-3,4,-4,-4,-19,3,1,2,7,0,-5,-27,2,30,-28,4,1,-1,3,7,-3,18,10,12,-7,-13,-2,35,-23,-2,-7,-5,8],"highs":[0,10,0,-20,-5,2,0,0,25,-10,0,10,25,15,-13,43,40,0,-34,20,-24,0,19,0,-15,5,-16,5,-5,0,0,-14,-6,5,-15,-4,-17,24,20,-2,-1,-11,2,-1,0,5,0,-4,11,-6,6,-5,-2,22,15,0,-25,-7,-23,-47,-18,10,0,-12,-11,-3,-10,31,9,-10,-20,-10,5,-1,-17,-6,4,15,15,5,-6,-1,2,5,-14,-19,13,-5,10,0,-5,0,-20,15,5,-19,0,0,-4,14,-5,25,5,10,5,-15,-13,28,5,-10,-15,-7,7,15],"lows":[0,-15,-3,3,-14,-11,22,-6,3,10,-7,15,20,15,2,9,44,-8,-6,15,-16,6,0,1,0,-2,-4,-9,-17,20,-10,6,-6,-15,-5,6,-19,-1,27,17,-9,-5,1,-1,-6,-2,8,2,9,-1,0,-9,1,8,7,-6,0,-42,-33,-30,-4,19,5,-25,0,-6,-5,5,36,-13,-23,-1,-4,-5,-14,-11,4,16,17,8,5,0,2,-2,-20,-3,-2,5,3,7,-10,-24,1,3,6,-4,-6,7,1,0,7,2,16,12,7,-12,-3,-2,15,-3,-10,-2,-10,16],"closes":[0,-15,15,-15,0,2,0,-11,11,10,0,15,20,0,7,43,31,-34,9,0,-11,7,-6,6,-1,-6,-4,-6,10,0,-10,-4,-6,-10,0,-4,-17,14,25,2,-5,-8,3,0,-7,12,0,-4,11,-6,6,-15,8,17,10,-20,0,-35,-35,-30,10,5,-5,-19,-1,-6,-10,40,1,-13,-23,0,-5,-1,-4,-10,7,13,18,2,-1,-4,5,-5,-20,-3,-2,5,15,0,-15,-20,5,20,-19,5,0,0,-7,17,-5,20,10,10,-8,-12,-3,28,-15,0,-13,-2,5,20],"volumes":[1.4,3.15,6.89,4.67,5.94,5.75,8.33,5.15,17.41,8.41,7.99,3.83,7.49,9.33,1.93,12.78,28.78,20.91,6.57,10.05,5.55,2.12,29.33,18.3,10.74,18.46,3.0,7.0,5.04,6.03,7.99,0.9,1.0,7.11,5.21,0.7,2.49,16.15,16.36,3.92,7.08,6.13,9.86,9.45,9.5,2.83,1.5,4.3,3.0,1.1,2.34,2.94,3.91,9.16,16.08,30.61,15.43,36.22,71.29,23.5,25.33,13.05,18.93,26.71,27.39,26.05,17.76,24.18,15.77,8.07,9.69,11.21,12.49,24.79,14.94,44.15,37.63,31.34,29.74,23.79,9.37,5.57,5.11,8.22,7.25,3.5,8.26,8.07,12.86,4.76,6.84,33.27,11.22,17.72,23.04,13.23,47.69,8.25,5.2,17.56,6.48,45.97,7.02,27.22,17.24,12.81,2.0,15.52,13.81,15.72,5.8,3.24,16.83,6.1]}