{"timestamp":1274572800000,"multiplier":1.0E-5,"open":0.83109,"high":0.83136,"low":0.83109,"close":0.83136,"shift":60000,"times":[1320,1,1,1,1,1,1,1,1,1,1,1,1,1,1,1,1,1,1,1,1,1,1,1,1,1,1,1,1,1,1,1,1,1,1,1,1,1,1,1,1,1,1,1,1,1,1,2,1,1,1,1,1,1,1,1,1,1,1,1,1,1,1,1,1,1,1,1,1,1,1,1,1,1,1,1,1,1,1,1,1,1,1,1,1,1,1,1,1,1,1,1,1,1,1,1,1,1,1,1,1,1,1,1,1,1,1,1,1,1,1,1,1,1,1,1,1,1,1],"opens":[0,13,-6,-90,-14,-158,108,27,31,65,-94,-3,-94,30,-22,10,5,-129,3,-84,25,-5,-10,10,-10,55,24,-39,-15,36,-5,1,-22,-5,38,55,-21,73,-48,13,-5,-10,-25,-16,27,9,15,15,-1,-2,-2,-30,5,4,2,19,-20,-5,0,0,-54,-31,0,-3,38,20,55,10,6,-1,59,54,-18,-5,50,2,38,66,-25,-89,33,-1,2,6,-39,-2,-33,-12,-12,-2,6,41,-10,-29,-5,-20,-24,4,1,-10,-81,-42,-12,52,-10,31,4,24,9,7,-6,-52,16,-35,-58,-49,-11,13,2],"highs":[0,-9,-10,-91,-14,-73,75,13,70,-7,-56,-43,-30,-4,-35,-10,5,-70,-56,-49,-5,-5,-10,10,45,37,-4,-53,27,1,9,-20,-17,28,55,20,22,15,-25,-5,-5,-10,-32,4,18,35,-14,4,-1,-1,-3,-15,-5,-1,22,-1,-20,0,0,-5,-20,-55,0,30,25,40,30,-5,15,44,44,6,-19,40,40,-5,100,-17,-32,-30,-1,4,4,-26,-22,-13,-39,-12,-12,8,55,-8,-20,-26,-2,-11,-15,-20,6,-12,-83,-30,26,1,25,5,29,3,15,-11,-7,-24,-5,-42,-57,-32,-15,9,-2],"lows":[0,8,-84,-30,-159,10,100,18,38,-31,3,-98,-2,18,2,-10,-113,9,-76,-5,5,0,0,10,-5,55,-10,-58,34,17,-10,2,-3,3,38,26,3,11,9,23,-30,-7,-30,11,27,-16,40,9,0,-9,-15,-5,5,1,-5,-6,0,0,10,-59,-31,-13,17,-3,34,25,51,-1,17,3,58,27,-5,-3,53,10,40,45,-94,1,23,3,4,-30,-7,-25,-19,-15,4,2,6,20,-22,-5,-1,-40,1,-4,3,-89,-40,-11,0,38,5,25,10,16,17,4,-59,-4,-16,-74,-26,-12,-1,9,1],"closes":[0,-15,-65,-53,-159,93,70,3,80,-100,-4,-102,35,-12,10,-15,-104,3,-89,15,-15,10,0,0,45,24,-24,-15,11,5,14,-35,10,23,55,-11,58,-43,23,0,-35,-7,-9,13,18,2,18,-1,0,-3,-21,5,0,-3,13,-5,-15,6,4,-60,-35,4,2,29,20,55,20,5,-8,67,44,-18,-5,50,5,30,80,-25,-91,28,6,-1,4,-36,-10,-25,-10,-24,4,5,43,-5,-37,-5,0,-36,11,-14,-1,-88,-42,-6,47,-14,35,10,14,13,7,-2,-49,12,-36,-60,-45,-11,11,-4,6],"volumes":[18.14,7.23,20.42,5.26,60.89,23.16,33.56,23.24,45.63,51.87,43.93,43.91,57.08,36.71,9.84,4.08,45.78,23.29,14.55,13.75,14.61,14.86,7.39,5.05,8.97,42.64,31.31,17.97,28.3,11.55,18.11,4.08,4.35,8.5,30.22,39.89,51.22,54.8,18.2,8.08,15.44,15.53,20.69,6.7,4.73,32.73,4.76,3.2,5.8,9.51,11.11,12.01,2.2,3.07,24.95,48.38,27.3,21.88,1.59,59.54,61.09,32.86,21.83,66.98,33.54,46.13,40.76,21.55,33.96,44.15,36.71,42.87,36.31,22.5,101.4,38.8,125.81,31.27,45.26,75.25,30.36,32.2,31.22,31.11,28.53,23.96,30.41,18.3,5.03,13.44,49.49,26.02,19.79,11.63,23.02,23.91,21.46,8.6,8.85,69.77,28.31,24.92,20.6,15.19,34.27,8.18,41.52,33.57,33.19,3.8,57.71,23.04,133.19,81.39,58.58,28.43,2.86,28.96,17.42]}