{"timestamp":1272758400000,"multiplier":1.0E-5,"open":1.32974,"high":1.33586,"low":1.32974,"close":1.33528,"shift":60000,"times":[1260,1,1,1,1,1,1,1,1,1,1,1,1,1,1,1,1,1,1,1,1,1,1,1,1,1,1,1,1,1,1,1,1,1,1,1,1,1,1,1,1,1,1,1,1,1,1,1,1,1,1,1,1,1,1,1,1,1,1,1,1,1,1,1,1,1,1,1,1,1,1,1,1,1,1,1,1,1,1,1,1,1,1,1,1,1,1,1,1,1,1,1,1,1,1,1,1,1,1,1,1,1,1,1,1,1,1,1,1,1,1,1,1,1,1,1,1,1,1,1,1,1,1,1,1,1,1,1,1,1,1,1,1,1,1,1,1,1,1,1,1,1,1,1,1,1,1,1,1,1,1,1,1,1,1,1,1,1,1,1,1,1,1,1,1,1,1,1,1,1,1,1,1,1,1,1,1,1,1,1],"opens":[0,569,-53,15,-38,8,4,-6,-3,-39,-38,21,-27,-61,-4,-3,0,12,19,-19,-41,1,38,-50,12,6,38,-31,-26,12,5,-7,-12,6,-8,-14,-12,22,12,6,5,11,-1,56,-20,7,122,-53,-13,-1,-12,8,-63,11,13,0,-4,-4,4,-61,12,-36,-93,-39,-27,27,-2,20,-20,39,-28,1,6,-5,7,36,8,83,-36,-13,-13,12,27,-28,-25,-17,-11,0,14,7,-5,5,-17,3,-11,12,-39,-5,-10,18,1,4,1,-6,-19,15,-12,-7,-26,4,-4,26,-10,23,-3,-7,57,3,-20,27,-15,-11,40,12,-5,8,-2,7,-18,7,-24,0,22,-19,-14,-8,22,11,-28,10,-6,28,-7,-3,22,-18,-1,-13,7,6,-13,-5,1,2,3,7,18,-1,1,1,-4,10,3,-11,0,19,-24,-28,7,42,-19,-9,-8,12,-19,-6,18,-25,-13,-40],"highs":[0,-5,-46,7,-51,-3,-8,5,-3,-24,-35,19,-42,-47,-17,8,-14,8,12,-15,-19,2,11,-22,17,-5,24,-30,-16,19,-8,-5,6,-8,-21,9,-4,0,11,6,29,3,28,4,-1,97,6,-4,-31,-15,-24,4,-23,2,-8,-2,-2,1,-12,-41,-8,-26,-72,-53,4,-10,-3,22,10,3,6,-10,-22,7,45,23,66,-3,-37,-1,-2,6,4,-26,10,-27,-28,13,-2,-2,6,-7,-3,-4,3,-1,-43,7,-3,9,1,5,-8,0,-7,-1,-12,-4,-6,5,-5,22,-10,12,19,27,-7,10,-6,0,11,18,9,-3,6,18,-2,-2,-25,0,-24,-9,22,-19,-12,9,8,10,-2,-13,3,17,2,-2,13,-10,-4,-2,-2,-5,0,-13,9,9,6,-5,8,4,-4,13,-1,3,-4,3,12,-4,-8,-2,1,3,-4,-13,3,2,-8,-12,3,-27,-7,-47],"lows":[0,541,-60,8,-23,10,-8,5,-17,-54,-5,-6,-89,12,17,-7,-10,25,-18,-22,13,-1,-14,6,3,1,5,-11,-11,11,4,-2,-7,-3,-16,-16,13,-3,26,9,13,0,7,25,1,15,36,26,-7,-33,-5,-24,-3,8,9,-7,1,-4,-64,19,-3,-66,-68,-52,3,13,-11,20,6,-2,9,-6,-12,10,3,46,16,40,-27,8,-12,-1,-2,-7,-14,-36,14,7,-12,20,5,-1,-8,-9,7,-36,1,-13,-3,15,1,7,2,-4,-14,-8,-11,-2,-5,0,0,10,4,18,2,-6,2,41,-3,1,2,-1,28,-18,31,2,-2,-4,-7,-30,-6,1,-1,16,-25,3,24,-4,-2,-2,5,9,0,5,-4,11,-25,7,1,-9,-1,-8,12,4,-1,3,18,1,-9,8,-6,-4,18,-17,13,-29,13,-4,4,-5,7,6,-3,-3,-5,-32,-9,-11,-42,-9],"closes":[0,1,-49,-14,0,-1,1,4,-34,-42,23,-21,-79,-25,42,-9,-2,13,-32,-18,17,7,-19,-3,22,-8,6,-18,2,15,-18,0,15,-26,-6,-4,6,-7,10,23,20,-8,28,-3,16,46,16,6,4,-52,11,-41,13,21,-23,-1,11,-13,-51,8,-5,-79,-66,-39,27,-25,13,15,28,-21,8,-10,-13,8,43,22,56,-22,-20,17,-7,14,-34,-11,14,-26,-13,22,-13,6,-4,-12,7,-15,14,-44,-7,8,11,6,-14,6,-6,15,-18,-14,-14,5,-8,9,10,22,-13,-8,2,67,-19,-1,-2,0,30,14,0,5,6,16,-27,-16,8,-14,-12,-2,4,-9,-12,18,7,-14,3,9,7,10,-19,9,12,-7,-3,2,-1,-9,-4,-2,2,0,17,-24,24,7,-1,11,-6,-27,27,4,10,-42,-1,28,17,-33,-7,20,3,0,-17,-21,-27,-18,-14,-9],"volumes":[64.1,62.3,77.4,44.6,29.2,24.3,14.3,50.3,82.7,104.2,91.7,53.1,66.2,48.7,39.1,35.6,37.0,24.3,21.6,19.4,16.6,23.7,23.3,24.3,32.1,65.3,41.1,37.1,43.6,44.8,12.3,21.3,66.6,26.1,56.1,72.7,17.2,29.1,30.5,52.0,14.4,27.0,24.7,23.0,40.8,38.3,64.8,37.0,39.1,40.8,17.8,23.8,36.4,25.1,48.8,33.3,14.9,13.7,39.3,98.7,44.8,35.4,60.2,53.3,44.9,15.5,41.1,49.3,42.9,31.1,59.1,26.2,18.9,15.3,48.9,26.5,30.1,16.6,55.9,62.9,35.4,35.6,28.3,51.2,32.9,33.9,20.6,29.0,24.8,27.6,21.7,11.4,20.6,95.0,18.6,22.2,14.9,40.2,21.5,16.1,21.1,26.2,21.5,27.5,17.9,31.1,26.6,39.2,21.1,20.9,25.0,26.1,21.9,43.9,117.1,30.7,49.0,43.2,31.1,20.8,29.5,15.8,28.4,45.0,36.7,149.5,83.2,61.6,23.7,68.9,33.0,18.5,26.0,28.6,27.5,49.1,32.6,22.8,45.2,17.8,18.2,18.5,36.0,17.3,30.1,64.5,41.7,19.5,50.6,57.3,42.2,30.3,40.4,20.8,52.6,21.7,14.2,43.3,16.5,40.6,56.4,25.7,14.0,61.5,69.5,42.2,49.6,34.5,19.4,48.7,42.6,41.2,16.5,48.7,25.0,37.7,40.3,32.8,57.3,27.4]}