{"timestamp":1275177600000,"multiplier":1.0E-5,"open":1.4415,"high":1.44195,"low":1.4405,"close":1.44087,"shift":60000,"times":[1260,1,1,1,1,1,1,1,1,1,1,1,1,1,1,1,1,1,1,1,1,1,1,1,1,1,1,1,1,1,1,1,1,1,1,1,1,1,1,1,1,1,1,1,1,1,1,1,1,1,1,1,1,1,1,1,1,1,1,1,1,1,1,1,1,1,1,1,1,1,1,1,1,1,1,1,1,1,1,1,1,1,1,1,1,1,1,1,1,1,1,1,1,1,1,1,1,1,1,1,1,1,1,1,1,1,1,1,1,1,1,1,1,1,1,1,1,1,1,1,1,1,1,1,1,1,1,1,1,1,1,1,1,1,1,1,1,1,1,1,1,1,1,1,1,1,1,1,1,1,1,1,1,1,1,1,1,1,1,1,1,1,1,1,1,1,1,1,1,1,1,1,1,1,1,1,1,1,1,1],"opens":[0,-77,-3,38,17,-25,20,40,-61,-18,16,-10,78,120,-85,0,0,-10,35,5,-10,26,-54,83,0,-40,40,10,-46,51,-67,-3,45,-52,47,6,4,5,20,-20,0,10,10,-25,20,0,0,20,0,-10,0,0,0,0,-10,0,20,-17,-2,34,-20,25,100,5,0,-30,-10,0,15,0,0,-5,10,20,0,10,40,-20,0,0,0,-20,0,0,0,55,-25,-5,20,5,0,-15,0,-5,35,-20,-10,25,30,0,0,0,5,-15,0,0,-5,-5,40,-30,-10,0,0,-20,0,0,-30,-70,20,0,50,10,30,10,30,0,0,10,10,0,-20,0,5,5,30,0,25,55,5,0,0,-25,-55,25,5,5,0,0,-20,20,-10,-5,-5,0,10,0,10,-5,-5,5,-5,-20,-10,0,0,-15,5,-26,46,-20,20,20,20,50,-50,0,-5,-5,0,5],"highs":[0,-83,10,8,-5,-25,60,0,-12,-1,3,-8,195,-42,-90,-5,0,-10,35,5,-10,30,4,21,0,0,0,10,6,9,-49,-26,40,-41,41,15,-10,5,67,-24,-33,5,5,-5,0,0,20,0,0,-10,0,0,0,0,-10,10,10,6,2,47,-15,60,25,0,0,-25,-15,0,15,0,5,-5,25,0,0,60,-10,0,-10,10,-20,0,-20,0,60,10,-40,15,5,10,-10,-10,5,30,10,-40,45,0,0,0,0,10,5,-20,5,-5,5,20,0,-30,-5,5,0,-10,-15,-5,-30,-40,-10,80,-15,30,5,40,-10,0,10,10,0,0,-10,0,10,25,-5,30,50,10,5,-10,0,-25,-40,20,25,-25,15,-15,0,0,-10,0,-10,10,0,10,10,-15,-5,5,-5,-10,-20,0,0,-5,10,-30,35,0,30,20,40,10,-30,-30,0,-5,0,0],"lows":[0,-50,35,50,15,0,20,5,-29,-15,8,-2,28,40,45,0,0,-10,35,5,-10,-30,2,58,25,-40,40,-26,-15,1,-25,7,48,-55,50,-38,48,5,-5,-15,20,10,0,-15,20,0,0,20,-10,0,0,0,0,-10,0,0,20,-21,2,34,-25,5,90,40,-60,15,5,0,15,0,-5,0,10,20,0,-10,40,-5,0,-5,-10,0,0,0,0,25,-5,5,5,5,0,-5,5,-10,10,-10,10,25,25,0,0,0,0,-15,0,0,0,0,-15,15,0,-5,0,-25,5,-35,-60,-10,30,0,50,5,25,20,15,15,0,10,10,-40,10,5,0,5,30,10,25,55,-25,30,-25,-55,0,5,-25,25,10,0,0,5,0,-5,0,-10,15,5,0,0,0,0,-35,10,-5,0,-30,15,0,-49,64,-30,40,20,15,5,0,-5,-5,-5,0,5],"closes":[0,-50,85,3,-25,0,50,-25,23,-1,3,-10,145,-85,0,0,0,-10,35,5,-10,30,4,-4,25,-34,34,-26,-15,31,-55,7,48,-46,46,-43,48,5,53,-53,0,15,-5,5,0,0,20,0,-10,0,0,0,0,-10,0,10,10,6,2,32,-20,80,15,10,-40,-5,5,0,15,0,-5,5,25,0,0,50,-20,0,0,5,-25,0,0,0,40,-10,-5,20,5,0,-15,0,0,25,-20,-5,25,25,0,0,0,5,-5,-5,0,-5,-5,40,-30,-10,0,-5,0,-15,0,-30,-70,20,0,50,5,35,10,30,0,0,0,20,0,-20,-5,0,15,30,0,25,55,5,0,0,-25,-55,5,25,5,-10,10,-20,15,-10,5,-10,0,10,0,0,5,-5,0,0,-20,-5,-5,0,-15,10,5,-32,32,10,25,15,45,-45,0,-5,-5,0,5,-5],"volumes":[13.4,23.5,8.0,5.0,2.0,4.0,5.1,19.9,21.5,82.7,73.4,36.3,33.2,23.4,6.0,6.0,1.0,1.0,1.0,1.0,1.0,11.5,59.2,5.0,1.0,13.4,1.0,96.4,100.8,14.4,72.8,68.0,1.0,121.4,2.0,86.9,1.0,1.0,38.9,13.8,3.0,3.0,7.0,7.0,3.3,2.0,9.7,1.0,8.0,1.0,2.0,2.0,1.0,4.0,4.4,4.6,1.0,30.4,20.0,10.0,110.9,57.0,10.8,1.0,18.4,5.2,12.0,1.2,10.4,16.5,39.9,26.3,48.7,213.3,268.7,48.4,22.2,24.0,22.0,49.7,51.3,53.6,8.4,5.0,22.4,90.1,42.0,34.1,48.6,58.2,43.9,68.8,78.9,53.1,42.3,58.3,91.9,26.0,47.0,56.0,50.0,42.0,21.0,54.8,32.2,44.2,57.3,15.3,13.5,33.5,35.3,19.0,60.0,34.0,43.0,48.6,76.8,64.2,22.0,56.6,33.8,35.0,40.0,49.7,13.0,8.0,23.0,9.0,10.0,14.7,15.2,26.0,34.5,22.2,8.0,42.5,102.4,18.0,44.7,7.0,18.0,42.6,27.4,80.1,52.2,23.8,36.3,28.0,83.0,12.5,8.0,17.0,3.8,18.6,19.6,21.0,29.8,8.4,1.0,2.0,33.4,23.6,6.2,7.4,49.4,10.0,30.8,99.6,2.0,31.2,22.2,56.8,29.8,45.2,32.9,45.8,77.4,38.9,33.6,49.0]}