{"timestamp":1274572800000,"multiplier":1.0E-5,"open":1.06026,"high":1.06033,"low":1.06009,"close":1.06033,"shift":60000,"times":[1260,1,1,1,1,1,1,1,1,1,1,1,1,1,1,1,1,1,1,1,1,1,1,1,1,1,1,1,1,1,1,1,1,1,1,1,1,1,1,1,1,1,1,1,1,1,1,1,1,1,1,1,1,1,1,1,1,1,1,1,1,1,1,1,1,1,1,1,1,1,1,1,1,1,1,1,1,1,1,1,1,1,1,1,1,1,1,1,1,1,1,1,1,1,1,1,1,1,1,1,1,1,1,1,1,1,1,1,1,1,1,1,1,1,1,1,1,1,1,1,1,1,1,1,1,1,1,1,1,1,1,1,1,1,1,1,1,1,1,1,1,1,1,1,1,1,1,1,1,1,1,1,1,1,1,1,1,1,1,1,1,1,1,1,1,1,1,1,1,1,1,1,1,1,1,1,1,1,1,1],"opens":[0,4,10,1,-16,95,-2,9,-6,0,9,-5,-5,5,-12,17,-15,45,40,-30,-5,0,0,-3,45,-2,50,-23,58,10,-10,-45,45,-50,70,-3,3,10,10,-18,16,22,10,0,0,0,-90,0,20,-20,-20,0,-40,0,0,-16,17,-3,6,-6,17,-10,5,0,0,0,0,-10,0,-10,0,10,0,10,0,0,10,130,-75,20,15,20,-10,10,0,30,5,-25,5,30,-5,5,0,-20,5,-10,-20,-30,-10,20,-5,0,35,-5,0,0,-10,-10,0,15,-10,15,-15,0,0,0,15,-30,0,-45,15,10,10,-10,-15,0,0,0,-10,-15,-20,-15,-15,5,-15,-5,-40,15,-35,-15,-10,-5,0,0,10,10,25,5,0,-5,-25,0,0,-15,-5,15,10,40,-5,0,5,20,25,15,-20,0,0,-15,-15,-10,0,15,10,-35,25,20,25,-15,5,45],"highs":[0,-3,15,33,27,25,11,-9,-1,2,-3,-5,10,0,0,0,45,10,30,-25,-30,0,0,7,35,88,-10,-5,18,2,-10,0,20,-35,45,-10,10,15,15,-14,16,18,-5,0,-5,0,-90,20,0,-20,-20,0,-40,0,10,0,-1,-7,8,6,-1,-5,0,0,20,-15,-5,-5,10,-20,10,0,5,10,-10,10,160,-30,-45,20,5,0,0,0,35,-5,5,-20,30,20,-20,0,0,-15,0,-10,-20,-30,15,0,-5,30,0,5,5,-10,-10,-15,25,0,-5,0,-15,0,0,15,0,-25,-5,-30,10,15,0,-10,5,-20,0,15,-25,-20,-5,-15,-20,5,-15,-15,-30,5,-25,-10,-15,-10,-5,10,10,20,20,0,-10,-5,-20,-5,0,-10,0,15,40,0,15,0,10,20,5,10,-15,-5,0,-15,-10,-15,15,25,-15,0,15,20,0,-15,60,0],"lows":[0,21,10,1,-16,95,-2,9,-6,0,9,-25,-20,-5,33,-33,25,40,-5,15,10,0,0,-5,-10,55,10,17,-7,20,-10,-5,5,5,-10,77,-77,90,10,-23,21,22,10,0,0,-90,0,0,0,-40,20,-45,5,0,0,-16,16,-5,5,-2,2,5,5,0,-5,5,-10,0,-15,0,5,10,-10,20,0,0,5,25,30,20,15,-10,20,0,15,15,-10,5,5,5,15,-25,10,0,0,-30,-10,-25,5,10,5,0,30,-5,-5,-5,-5,0,-10,10,-5,-15,10,15,-10,10,-20,0,-45,5,10,15,-15,-10,0,10,0,-15,-25,-30,10,-15,-5,-5,-5,-65,0,0,-15,-15,-10,5,10,0,10,-10,25,25,-5,-25,-5,0,-25,5,5,15,0,25,15,0,10,20,20,0,0,0,-15,-20,-5,0,0,10,-20,-5,30,20,10,0,5,45],"closes":[0,-3,15,33,27,25,11,-9,-4,5,-3,-25,20,-10,20,-25,70,10,-43,18,0,0,0,-5,-10,105,30,-15,15,5,-50,35,-25,25,35,0,10,10,20,-14,16,18,-5,-5,0,-90,0,20,-20,-35,15,-40,0,0,10,0,-1,-11,2,1,9,-5,5,0,5,-5,-10,0,0,-15,15,0,10,0,0,10,130,-80,20,20,20,-10,10,0,20,5,-15,5,30,-5,5,0,-20,5,-10,-20,-20,-10,10,-5,0,35,-5,0,0,-5,-15,0,15,-10,15,-25,10,0,0,15,-30,0,-45,5,15,10,-5,-25,10,0,0,-15,-10,-20,-15,-15,5,-15,-5,-45,15,-30,-20,-15,5,-5,5,10,10,15,10,5,-5,-25,5,-5,-15,-5,10,15,40,-20,25,-10,20,30,5,-10,0,0,-15,-15,-10,0,15,10,-35,35,15,20,-15,0,55,5],"volumes":[48.4,8.5,4.4,49.7,8.0,4.9,29.7,6.9,13.8,17.4,3.5,2.0,31.1,49.1,18.3,25.0,47.6,53.9,44.0,24.0,2.4,2.4,2.4,18.0,2.0,42.7,29.5,11.5,25.7,28.5,30.5,31.0,24.0,4.9,27.8,21.3,28.2,17.0,13.8,13.4,47.0,25.6,25.2,33.0,1.6,17.3,6.4,25.7,20.4,33.0,6.4,56.6,27.3,9.8,8.1,77.0,51.1,43.3,28.1,92.8,97.6,36.8,14.5,6.5,30.5,17.3,51.7,54.9,114.3,32.9,23.1,13.9,60.7,60.1,17.3,60.4,111.7,93.9,59.4,83.3,39.4,52.8,35.3,39.4,34.2,50.0,105.3,56.6,37.6,21.8,46.1,11.6,55.2,36.2,81.6,65.0,72.0,46.6,128.5,81.1,126.9,97.5,83.9,56.6,103.5,46.4,98.3,30.4,30.3,35.4,49.9,185.3,92.2,71.5,74.8,20.0,38.3,34.6,70.5,78.9,75.8,65.3,77.8,146.7,145.6,21.6,32.1,74.2,110.8,121.4,36.2,171.4,138.4,112.4,119.4,226.7,132.0,148.0,106.1,57.6,127.9,33.2,6.4,10.7,3.2,151.5,56.4,38.0,20.0,21.6,40.8,103.6,189.2,57.3,33.9,20.8,41.4,62.0,92.1,85.9,55.2,128.6,56.6,90.6,84.0,48.0,278.4,165.3,208.0,71.4,137.2,256.5,160.4,95.0,138.8,74.0,121.4,78.4,131.1,105.5]}