{"timestamp":1143936000000,"multiplier":1.0E-5,"open":0.83569,"high":0.83598,"low":0.83526,"close":0.83551,"shift":60000,"times":[1310,1,1,2,1,2,1,1,1,1,1,1,1,1,2,2,3,2,2,1,1,2,4,2,1,5,3,1,2,1,1,1,1,1,1,2,1,1,1,1,1,1,4,1,6,2,1,1,1,2,1,1,1,1,2,1,2,1,1,2,1,1,1,1,1,1,3,2,1,2,2,1,1,1,1,2,1,2,2,1,1,1,1,1,1,1,1,1],"opens":[0,-30,-28,-8,7,-38,15,9,-29,20,12,44,-2,-18,10,-4,-42,49,0,7,6,-54,7,-25,37,40,-41,-14,-5,6,13,26,5,-26,-13,-16,-5,4,-2,32,8,-59,57,-27,31,1,-48,0,-2,-27,-18,-26,-3,-40,38,-52,-12,0,-3,17,-47,4,37,15,-19,-6,41,3,13,15,-68,37,0,-32,25,22,-19,15,16,-27,-7,15,-29,57,-15,48,-13,32],"highs":[0,-59,0,-13,-16,-8,-8,7,-7,47,5,5,-4,0,-14,-1,0,5,3,11,-2,-8,-12,5,21,-1,-17,-5,0,7,1,5,-1,-18,4,10,0,-1,-5,-8,0,-6,4,3,4,0,-7,-8,-36,-28,-18,-25,-4,0,-2,-19,-3,-16,-1,-11,-15,4,15,28,1,-8,1,12,14,4,-18,-13,21,-5,7,-8,21,-1,-8,-3,-1,-15,28,2,27,12,14,-3],"lows":[0,-33,-7,-8,-14,-17,-4,17,-15,33,21,-7,9,-3,-12,-6,7,11,-1,1,-4,1,-18,0,17,12,-12,-13,0,10,-5,10,1,-22,3,11,-5,0,0,-15,7,-10,15,-4,9,-2,-3,-28,-17,-37,-19,-22,-8,11,-8,-9,-8,-21,-7,-3,-22,10,15,18,6,-3,5,5,17,-3,-16,-11,22,-5,12,-3,-3,18,-15,-2,-7,-5,19,14,16,18,8,11],"closes":[0,-36,-11,-25,19,-12,-36,45,-1,47,1,-28,8,-24,-10,-6,50,-23,6,-17,-2,41,-58,26,2,36,-49,4,-13,28,-1,-11,27,-53,7,34,16,-16,9,-30,-15,40,2,-40,4,13,20,-66,10,-64,12,-53,16,7,-28,26,-25,3,-43,-9,5,-10,9,76,-15,-39,3,32,14,-4,3,-51,23,13,-7,32,25,-30,-25,-5,33,-49,76,-42,71,12,-39,46],"volumes":[0.791703,0.342274,0.248352,1.096134,1.251238,0.383148,0.31466,0.496171,0.236411,0.827866,0.3889,1.296036,0.382349,0.391592,1.033862,1.26051,0.164175,0.350242,0.197548,0.643005,0.642837,0.894976,0.28079,0.43961,1.066201,0.351349,0.238905,0.557558,2.061763,0.309835,1.045312,0.480987,0.985081,1.06959,1.267851,0.315658,0.411222,1.270744,1.742435,0.289106,1.847669,0.567979,0.842241,3.032134,0.377805,0.743864,0.411396,0.269014,0.523764,0.231705,0.383589,0.379665,0.719338,0.330084,1.132454,1.833071,0.81771,1.518152,0.40662,0.382518,1.240212,0.870706,0.957633,0.421941,0.370845,0.313231,0.819743,0.365046,1.66442,0.456257,0.461765,0.332316,0.818857,0.923909,0.274092,0.233745,0.286724,0.276108,1.132195,0.323887,0.563863,0.852789,1.670722,0.948963,1.87359,0.574523,1.774111,0.253167]}