{"timestamp":1145750400000,"multiplier":1.0E-5,"open":0.74527,"high":0.74587,"low":0.74513,"close":0.74552,"shift":60000,"times":[1260,1,1,1,1,1,1,1,1,1,1,1,1,1,1,1,1,1,1,1,1,1,1,1,1,1,1,1,1,1,1,1,1,1,1,1,1,1,1,1,1,1,1,1,1,1,1,1,1,1,1,1,1,1,1,1,1,1,1,1,1,1,1,1,1,1,1,1,1,1,1,1,1,1,1,1,1,1,1,1,1,1,1,1,1,1,1,1,1,1,1,1,1,1,1,1,1,1,1,1,1,1,1,1,1,1,1,1,1,1,1,1,1,1,1,1,1,1,1,1,1,1,1,1,1,1,1,1,1,1,1,1,1,1,1,1,1,1,1,1,1,1,1,1,1,1,1,1,1,1,1,1,1,1,1,1,1,1,1,1,1,1,1,1,1,1,1,1,1,1,1,1,1,1,1,1,1,1,1,1],"opens":[0,54,-4,-32,-23,49,3,-34,24,2,4,23,-20,-12,4,-5,-26,9,29,10,-37,36,4,-29,29,12,-54,47,-4,-43,1,-9,20,-29,20,-1,20,-5,-23,23,25,-25,16,14,15,16,14,-7,4,-8,16,2,-4,-17,-20,31,8,-13,-23,16,-13,23,-3,-24,25,-7,-7,58,-12,-35,35,-46,43,-5,-16,18,-27,36,17,-21,12,27,0,-27,-2,51,-20,-6,10,26,-5,5,-31,13,8,-5,-69,24,5,-59,26,-30,-36,-1,-36,-30,-5,25,23,-20,46,-23,-65,43,-46,23,0,-30,-4,9,7,33,11,-1,-50,-6,-11,20,-19,13,10,-10,-7,-34,-6,4,51,-42,17,17,-15,9,62,-8,-34,2,37,-3,-4,-2,-20,15,27,9,0,38,-57,10,-13,-34,21,-20,-6,-22,6,20,-10,-26,29,-45,5,-18,16,39,6,-39,-24,92,-44,24],"highs":[0,33,0,-10,-33,28,-12,12,-5,5,-1,4,9,-7,-25,15,0,-5,5,-5,15,27,-27,5,10,-15,5,10,-12,-21,8,-5,5,-15,10,-10,0,3,2,15,10,-5,3,31,11,0,7,5,15,-7,4,6,-10,-10,-10,12,8,-2,-8,10,-15,15,-10,-10,-5,24,6,1,-14,13,-4,6,13,-10,9,-1,1,11,30,10,4,6,-11,6,-25,5,20,-10,10,10,5,-15,0,-9,-1,0,-10,-12,-18,-20,9,-21,-38,-28,-17,-25,15,5,20,-23,8,0,-25,-15,5,-25,10,20,-13,-2,45,-3,-2,-40,0,15,-20,-15,0,34,-22,-17,-25,30,-20,-2,2,-2,0,22,35,-18,13,18,-5,0,12,8,11,-9,-5,15,10,0,10,3,-18,-3,-25,8,-40,2,-7,-7,7,-20,13,-8,-10,-2,-10,7,20,-15,0,-8,28,10,-15,-15],"lows":[0,40,-23,-6,-19,46,-18,6,-2,-2,19,0,1,-10,-7,-6,2,9,8,-24,18,24,-8,-14,13,4,-28,17,-21,-4,-10,17,-22,3,30,-16,-10,23,-18,11,18,-4,-1,16,21,20,6,-5,9,-19,36,-13,-5,-32,2,13,13,-5,-13,-12,20,8,-15,-1,7,8,6,20,-19,2,5,-8,11,-3,2,-1,4,-6,24,14,12,18,-22,3,-11,5,11,9,-1,18,1,-2,-6,-20,6,-8,-26,1,-23,-16,2,-46,-12,-20,-20,-27,4,18,5,-14,8,-21,3,-18,4,2,-26,-4,16,6,24,15,-10,-4,-41,10,6,-8,-12,21,-21,2,-9,-16,8,-13,24,-17,5,4,23,12,19,1,-4,6,-3,18,-17,20,-8,-4,24,29,-10,-5,-44,27,-36,15,-31,-12,1,0,15,-8,-11,-16,7,4,-11,-3,5,11,-1,-17,1,15,11,6],"closes":[0,17,-8,-31,27,15,-39,28,17,-21,38,-36,-4,7,-17,12,8,-5,-3,-15,31,27,-20,25,-3,-27,-2,0,-3,-35,-10,23,-35,15,47,2,-53,36,-20,11,14,17,-27,48,8,24,2,-16,22,10,-18,8,12,-19,-30,12,-4,-3,0,-11,13,22,-38,21,-8,38,2,-16,-9,35,2,-28,43,-32,8,-20,52,-56,33,44,14,-15,-23,2,23,-27,13,6,31,-2,-9,-18,9,-7,17,-34,-10,-29,-7,-1,-8,-16,-57,-26,-2,-32,22,-3,41,-18,-5,-29,12,-8,-2,0,-43,4,41,7,10,-6,-18,37,-81,27,15,-29,28,5,-32,3,-16,-19,4,5,30,-15,-29,21,19,2,40,-10,24,-24,25,32,-16,-4,-24,37,-18,65,-12,-47,-7,-5,3,-29,-26,-1,-24,41,-2,-21,25,-29,-8,1,-9,-17,50,7,-46,-16,61,11,-5,-23],"volumes":[3268.240492,2776.349268,2349.733249,1748.326602,1081.159095,718.66691,2161.797832,1179.388302,3635.385524,3158.147225,1060.229246,788.092513,1037.046156,1041.774386,868.592169,1600.239817,3104.832593,3103.527266,612.013609,1092.68145,1802.90011,1029.549453,1570.110079,929.22842,570.950418,1480.603668,1095.878369,3051.455685,1425.015457,910.756204,776.456684,770.852519,1383.648464,1691.795087,542.597678,1867.288617,2603.00996,2118.21951,1944.737348,2036.921561,1458.159795,2065.50517,3212.850518,1219.651616,1225.171106,1633.82675,741.681855,778.030658,1236.069583,806.87991,856.331891,2411.516337,1712.574384,1444.610012,1820.477924,1293.366751,810.944938,3607.261522,2838.761912,1532.823661,968.30499,1260.079261,1380.783031,843.325954,1478.618913,1408.18985,797.290443,1611.971981,3259.327923,3415.194019,1170.920024,1579.356461,903.636064,3234.611202,1368.901637,1176.716456,2647.306063,2706.874073,4505.803997,701.822802,884.431865,791.948644,1106.678615,1730.880309,740.479348,870.637996,982.975068,1170.437528,1168.212359,1132.835061,956.208648,1083.058565,4747.402809,1111.654909,884.255213,2877.237422,1251.771512,1384.60036,1324.896371,1747.947989,3749.587405,3517.143452,1489.466355,3394.181533,2160.353055,800.539682,1815.435033,2121.363641,1991.586513,2167.637063,1619.806907,4674.134431,3090.724945,1797.539169,1721.001342,1654.702028,5124.600889,1118.493211,2351.572801,869.341355,1540.306445,3532.095619,563.669828,1299.36829,858.203444,926.058216,1012.388184,2039.939394,4278.20562,1485.800628,750.781639,1192.856822,954.654126,2768.664844,1126.256375,2074.791048,1621.586348,3369.739431,2000.204396,2746.013314,837.746424,1467.917756,2022.692134,947.535554,1403.764335,1527.022902,1049.894907,1361.935205,4132.480984,746.790081,1231.429489,3551.386993,1370.391025,3348.828909,2244.513747,2992.753503,2796.263531,1206.419274,2144.447874,2148.821598,2081.249765,5284.606476,6235.19148,5354.944122,3133.971383,1435.987894,1537.469853,5572.01948,6035.502787,2869.460526,4480.92623,3325.564429,3127.968437,2973.096995,2220.080751,4755.2106,2835.256745,3770.048864,4217.378868,1292.85318]}