{"timestamp":1145145600000,"multiplier":1.0E-5,"open":1.29759,"high":1.29759,"low":1.29696,"close":1.29724,"shift":60000,"times":[1260,1,1,1,1,1,1,1,1,1,1,1,1,1,1,1,1,1,1,1,1,1,1,1,1,1,1,1,1,1,1,1,1,1,1,1,1,1,1,1,1,1,1,1,1,1,1,1,1,1,1,1,1,1,1,1,1,1,1,1,1,1,1,1,1,1,1,1,1,1,1,1,1,1,1,1,1,1,1,1,1,1,1,1,1,1,1,1,1,1,1,1,1,1,1,1,1,1,1,1,1,1,1,1,1,1,1,1,1,1,1,1,1,1,1,1,1,1,1,1,1,1,1,1,1,1,1,1,1,1,1,1,1,1,1,1,1,1,1,1,1,1,1,1,1,1,1,1,1,1,1,1,1,1,1,1,1,1,1,1,1,1,1,1,1,1,1,1,1,1,1,1,1,1,1,1,1,1,1,1],"opens":[0,-30,-12,11,-10,-5,18,-13,3,-16,-8,1,1,0,19,5,6,-4,6,6,-10,16,-3,-9,-26,-11,8,-10,18,3,26,-19,54,-33,-26,7,-12,9,8,-11,-3,14,0,-6,-8,3,9,-1,13,-74,43,2,15,-83,5,-5,0,5,-13,13,-5,7,20,-4,-5,-61,-7,11,69,-23,2,-4,5,1,7,1,-22,-19,-21,-17,20,7,-12,2,-5,2,8,8,-3,1,7,-5,0,-3,8,-1,18,-24,2,0,0,-3,5,-2,0,2,-2,8,2,2,8,8,-8,5,0,-1,-14,0,-5,-5,-2,27,-5,-2,-6,-7,-4,-5,5,-8,-9,10,-6,11,-4,2,0,-2,5,-5,8,-11,1,10,-11,2,1,6,-6,-5,7,-6,-4,1,2,5,-4,-1,0,7,-3,-3,-1,3,2,0,0,-2,-7,3,0,6,-11,-1,-6,-10,-16,-5,-3,7],"highs":[0,-27,1,-5,-4,5,2,1,-11,-16,5,0,-4,6,43,-19,-5,9,-7,4,2,4,-3,-9,-21,-5,2,-3,6,5,34,50,-25,-33,-7,-2,-16,10,7,-2,6,-6,-4,5,-7,7,-7,6,10,-23,9,-19,64,-127,0,0,0,0,0,0,0,12,13,-5,-7,-33,-30,67,10,-25,13,3,-11,11,2,-5,-23,-15,-7,-16,10,-2,-2,-8,5,4,1,3,3,2,3,-3,-5,0,5,12,5,-15,-2,-5,5,0,-3,3,0,0,0,7,3,8,5,0,0,-3,0,-1,-9,0,-10,0,21,-1,0,0,-10,-6,-3,3,-8,-8,-7,19,-6,0,-1,-1,0,3,0,0,3,-7,6,6,-1,-6,-3,6,-9,5,-2,-1,-7,5,0,0,5,-5,0,7,-7,3,2,0,-3,1,-3,-2,-2,4,3,-3,-7,1,-12,-10,-16,-1,0,18],"lows":[0,25,-4,-4,3,-3,-4,5,-8,-20,8,2,-1,-6,29,1,1,4,-1,-1,2,1,1,-21,-13,2,4,-6,-1,15,10,0,21,-49,24,-5,3,-1,10,-3,-7,-2,-8,22,-19,14,3,-8,-42,-6,33,-2,-33,-29,8,-10,5,0,-3,3,2,7,16,-5,-63,5,-9,13,64,-25,8,-3,0,6,5,-6,-47,2,-8,-42,44,5,-9,-10,6,3,-2,18,-3,-2,0,5,-2,-5,5,6,-1,-8,0,0,3,-3,2,3,0,-2,-2,12,0,3,9,0,-2,2,-2,-16,8,-2,-10,0,0,22,-5,3,-10,-8,-3,-1,-4,-4,-4,10,-10,11,-5,-2,-4,8,3,0,5,-17,10,3,-4,-2,-2,-3,-3,6,4,-1,-4,1,2,-5,6,-6,-3,11,-8,6,-1,0,0,-5,2,-6,1,4,2,-3,-5,-5,-9,-15,-14,0,3,6],"closes":[0,-1,-4,-1,-1,12,-10,13,-21,-25,8,3,8,7,19,-7,2,-1,8,-6,10,5,-10,-20,-15,4,-2,-5,14,3,14,60,-38,-25,-3,-12,9,4,-1,12,0,0,-8,0,-4,10,-7,9,-56,43,9,-29,-37,-23,4,-2,5,-2,2,0,-5,17,3,5,-73,7,-7,70,8,-27,16,-11,4,8,5,-15,-34,-11,-3,-12,11,3,1,-20,9,6,6,4,3,-8,10,-5,-2,2,5,12,-14,-8,10,-7,0,-3,2,8,0,-5,5,5,5,4,9,-3,-2,2,0,-15,0,5,-17,2,26,-6,-2,7,-17,-7,5,-9,-2,-7,-2,14,-3,-2,3,-5,0,4,-2,0,5,-10,12,-5,0,-6,4,0,-13,8,7,-6,-1,0,5,-5,2,0,-5,9,-11,10,0,0,-5,-5,10,-13,9,-2,1,0,-7,-8,-1,-23,-13,12,-10,28],"volumes":[155.0,147.7,218.7,201.3,125.2,145.6,129.7,203.0,160.2,144.9,154.1,105.7,95.8,266.6,212.3,140.8,169.2,225.0,236.6,238.9,137.4,234.5,123.6,195.0,96.5,52.3,38.5,57.6,252.9,163.2,155.2,154.1,104.8,225.4,179.0,155.8,72.9,124.4,175.5,45.0,249.4,218.8,103.7,190.4,241.5,109.4,131.8,240.4,108.3,198.2,120.2,174.8,142.4,190.7,97.0,193.2,141.3,166.2,186.3,146.6,138.2,206.5,104.0,88.9,178.3,150.4,146.2,125.6,195.9,186.6,96.7,210.2,80.1,179.6,126.7,328.7,195.0,161.9,145.2,239.0,151.0,67.7,222.9,112.6,173.1,113.6,135.0,27.0,218.2,106.5,100.8,96.8,11.2,93.7,116.0,192.5,118.7,228.7,178.6,34.6,163.6,150.4,140.3,113.6,140.9,87.9,105.3,48.8,162.5,79.0,22.4,122.7,131.2,118.2,169.7,211.7,105.8,119.6,224.2,68.4,251.8,157.9,92.1,53.8,94.8,188.0,118.2,162.8,69.1,76.1,105.7,117.0,118.3,141.5,154.6,110.8,239.8,85.5,109.7,51.1,65.4,132.7,246.1,42.0,207.5,143.3,159.1,250.1,57.3,219.1,154.1,135.3,83.5,93.8,258.2,65.6,215.4,138.2,216.9,227.6,169.8,112.0,115.1,168.7,111.8,120.4,152.3,242.3,74.3,192.3,142.2,82.8,88.6,164.8,113.8,102.0,202.8,169.0,71.2,143.8]}