{"timestamp":1143936000000,"multiplier":1.0E-5,"open":1.30417,"high":1.30437,"low":1.3041,"close":1.30437,"shift":60000,"times":[1260,1,1,1,1,1,1,1,1,1,1,1,1,1,1,1,1,1,1,1,1,1,1,1,1,1,1,1,1,1,1,1,1,1,1,1,1,1,1,1,1,1,1,1,1,1,1,1,1,1,1,1,1,1,1,1,1,1,1,1,1,1,1,1,1,1,1,1,1,1,1,1,1,1,1,1,1,1,1,1,1,1,1,1,1,1,1,1,1,1,1,1,1,1,1,1,1,1,1,1,1,1,1,1,1,1,1,1,1,1,1,1,1,1,1,1,1,1,1,1,1,1,1,1,1,1,1,1,1,1,1,1,1,1,1,1,1,1,1,1,1,1,1,1,1,1,1,1,1,1,1,1,1,1,1,1,1,1,1,1,1,1,1,1,1,1,1,1,1,1,1,1,1,1,1,1,1,1,1,1],"opens":[0,43,-18,-27,0,-7,27,-3,21,-11,-4,-3,-22,-28,10,-5,-12,28,-16,3,-5,5,12,-2,4,5,1,22,-2,-5,0,5,-1,-27,9,-1,-5,-17,24,-25,5,-16,-12,10,13,-14,41,-7,-24,15,-16,-259,62,2,5,-5,0,13,46,44,-12,14,-3,-7,17,-12,8,11,-4,19,-10,1,5,2,-4,18,37,7,-5,4,-21,2,-33,23,0,-4,-21,8,-3,-1,16,-5,4,1,0,-6,-1,0,-2,-8,34,11,-8,11,-18,0,-8,-12,2,0,8,22,10,5,4,2,-2,-19,9,-9,-7,-14,-9,5,-10,15,7,16,34,-2,2,5,-8,-4,5,2,10,-4,-6,-12,8,-6,0,-4,4,25,16,-10,-10,-6,-1,1,-2,-2,2,5,-6,9,14,-7,2,-2,-11,11,15,0,-8,0,-21,21,4,10,-1,-12,-15,-2,14,6,-10,2],"highs":[0,30,-25,-14,-8,-1,21,5,13,-14,12,6,-41,-12,9,-22,7,12,6,-28,10,4,16,-14,8,-4,20,7,3,4,-3,2,-11,-3,-7,-6,-8,-9,23,-5,-3,-4,-37,13,17,-2,13,-5,-13,4,-18,-203,13,0,0,0,0,52,47,-1,-1,3,-3,10,0,-3,2,15,1,7,1,2,-5,20,-9,44,8,3,-5,-4,-21,2,-9,4,-2,-5,-23,8,5,7,3,-3,-1,1,0,-6,0,6,2,1,28,1,-1,0,-13,-5,-8,-7,2,0,15,23,5,-3,16,-8,-3,-8,1,-8,-12,-12,-5,2,-3,10,24,18,10,3,-2,8,-2,-8,2,-1,14,-5,-9,-7,3,-6,4,-1,19,9,13,-13,-6,-2,-3,3,-8,3,0,0,0,16,25,-31,5,0,-6,17,1,1,-3,-3,-7,2,16,2,5,-15,-15,-7,35,-17,-2,10],"lows":[0,19,-28,5,-12,9,14,-13,-4,22,12,-14,-27,-12,7,-12,-1,5,10,-15,10,1,13,-1,2,-1,6,16,12,-7,1,0,-30,8,-5,-10,-10,-1,2,9,-12,-14,-4,17,-8,7,27,-19,-6,5,-210,-47,62,-5,7,-10,5,18,46,30,2,4,-7,5,2,5,1,12,2,8,-9,8,3,7,-4,18,37,7,-5,-16,-1,-25,-6,18,0,-12,-35,24,8,-1,6,5,4,-5,-2,-5,0,-2,6,-10,36,-6,8,5,-13,-12,-5,-1,0,-1,11,17,12,3,7,-4,-10,-4,1,-2,-20,-6,-5,8,-10,12,10,16,25,5,4,-10,-5,8,0,-1,13,-6,-11,0,5,-3,-2,-2,4,24,8,-35,13,1,2,2,-2,-2,2,-5,-3,15,12,-7,-2,2,-8,10,11,-5,2,-20,-1,11,11,3,-1,-24,6,-10,23,-30,20,1],"closes":[0,13,-25,-5,-26,25,7,12,-13,-1,21,-23,-25,8,-15,-14,27,-23,33,-32,14,9,12,-9,-2,8,15,8,3,-1,-6,4,-39,10,14,-13,-15,4,-13,19,-25,-14,12,4,-9,33,8,-17,4,-16,-210,9,8,-2,4,-2,5,52,47,-7,1,2,-12,24,-17,12,3,3,14,-2,10,-7,4,2,5,48,3,3,-3,-17,-5,-24,17,-6,5,-17,-10,4,8,0,11,-6,4,-2,3,-9,3,-9,7,11,27,-19,19,-5,-7,-15,-9,1,5,-5,20,23,0,2,5,-1,-16,9,-12,0,-16,-12,0,6,-3,5,29,18,8,5,-2,2,-8,3,3,-2,9,-6,-14,0,5,-3,-2,0,24,3,11,-25,-1,3,0,10,-8,-2,5,-5,-1,21,-1,-4,-5,2,0,16,-3,-5,7,-25,18,-3,6,5,-1,-26,10,-8,32,-17,-8,24],"volumes":[178.2,159.4,130.6,78.1,138.2,176.5,139.5,128.6,252.7,223.4,104.2,234.8,119.2,162.2,249.6,115.2,263.7,185.1,92.6,161.5,148.6,134.7,188.1,132.3,151.5,113.8,215.1,106.3,200.4,80.6,180.6,123.0,170.4,159.9,127.0,206.5,147.3,169.4,112.6,236.1,193.2,185.2,149.5,176.0,132.9,170.1,214.1,205.3,188.5,139.7,131.2,152.4,137.9,199.2,54.3,154.3,148.6,73.0,109.4,112.0,210.9,219.5,172.2,158.8,136.5,23.2,136.8,209.4,135.9,47.9,237.3,148.8,152.5,72.8,246.9,233.5,142.2,149.7,233.4,191.4,15.2,87.5,141.3,41.5,170.2,134.7,239.0,163.0,83.6,200.2,135.2,126.0,71.1,228.8,138.3,131.4,95.6,123.9,138.7,20.7,136.4,129.0,127.1,20.9,100.9,49.4,46.4,71.5,137.8,89.2,31.1,104.4,218.7,24.9,150.5,224.4,170.7,42.2,105.2,160.2,104.0,166.5,116.1,101.3,126.5,164.5,129.0,122.9,163.7,195.3,35.7,43.6,329.7,218.0,185.6,83.2,305.8,79.9,88.3,93.3,24.9,4.7,153.6,68.0,111.1,129.4,168.8,166.4,80.9,321.9,161.7,124.6,4.1,73.3,156.7,276.9,179.5,175.7,139.3,8.5,163.8,94.8,31.8,249.1,74.7,184.0,101.8,163.9,55.4,167.4,100.8,194.5,66.3,126.0,178.1,150.5,96.6,137.7,176.0,101.4]}