{"timestamp":1251590400000,"multiplier":1.0E-5,"open":1.0591,"high":1.05921,"low":1.05878,"close":1.05921,"shift":60000,"times":[1260,1,1,1,1,1,1,1,1,1,1,1,1,1,1,1,1,1,1,1,1,1,1,1,1,1,1,1,1,1,1,1,1,1,1,1,1,1,1,1,1,1,1,1,1,1,1,1,1,1,1,1,1,1,1,1,1,1,1,1,1,1,1,1,1,1,1,1,1,1,1,1,1,1,1,1,1,1,1,1,1,1,1,1,1,1,1,1,1,1,1,1,1,1,1,1,1,1,1,1,1,1,1,1,1,1,1,1,1,1,1,1,1,1,1,1,1,1,1,1,1,1,1,1,1,1,1,1,1,1,1,1,1,1,1,1,1,1,1,1,1,1,1,1,1,1,1,1,1,1,1,1,1,1,1,1,1,1,1,1,1,1,1,1,1,1,1,1,1,1,1,1,1,1,1,1,1,1,1,1],"opens":[0,-12,-43,25,-2,-28,25,-8,8,-10,-15,5,-18,-1,1,13,10,5,25,18,7,-25,10,-13,-2,17,3,-6,16,-33,38,-3,13,10,-12,12,-5,-23,28,-23,33,0,-25,25,5,-3,-9,12,-5,5,-25,30,-5,0,15,-21,16,10,25,0,-5,-11,6,20,-10,5,0,-20,-5,-10,-5,5,5,-5,0,0,-5,-20,15,-5,5,20,25,10,15,0,-10,-5,-10,-5,-45,0,30,15,-15,25,-10,25,-25,20,-31,26,5,0,-5,10,10,-5,5,5,10,0,0,10,-5,0,10,5,-5,0,0,0,-20,-20,-10,25,-30,20,15,5,5,-5,5,5,0,-10,-5,5,5,-5,0,0,0,0,0,-5,-35,-10,0,-5,5,0,-5,0,-5,0,20,0,-30,-40,0,0,-5,-20,10,5,-10,5,5,5,5,5,0,-10,0,20,-10,5,5,-10],"highs":[0,-2,-49,10,26,1,-32,40,-40,-10,-15,5,55,0,1,-41,-5,20,25,23,-18,13,-3,-3,2,5,-24,10,20,-18,13,-3,13,7,-14,17,-10,-10,20,-12,12,5,0,-5,10,-3,-8,6,5,0,-10,15,0,5,0,-7,12,20,10,-5,10,-18,13,5,-5,0,0,-20,0,-10,0,0,0,-5,20,-15,-10,-5,10,-5,15,35,20,-10,5,0,-10,-5,0,10,-50,0,40,0,5,-5,15,-5,-10,5,-10,5,5,0,20,-5,0,0,5,5,20,-10,5,0,-5,20,0,-5,-5,0,10,-10,-20,-5,-15,15,5,5,5,5,-5,5,0,5,-5,-5,-5,0,25,-25,5,-5,10,-5,-5,-5,-35,-10,0,-5,5,0,-5,0,-5,20,0,0,-30,-40,0,0,-5,-10,5,5,-5,5,0,5,10,-5,0,-5,25,-10,-5,5,10,-20],"lows":[0,-10,-13,25,-27,-3,20,-28,13,-10,5,5,-18,-1,1,13,10,5,25,-14,39,-28,-4,4,-2,5,15,-35,40,-41,51,-8,18,-16,-20,36,5,-23,28,-34,44,-25,-13,-9,52,-62,7,55,-5,5,-50,55,-5,-55,65,-43,43,10,25,-10,0,-24,24,10,0,0,-15,-5,-15,5,-10,5,10,-10,-10,5,-10,-5,5,0,10,15,30,10,10,-5,-10,-5,0,-50,0,0,20,-5,15,10,5,0,-5,20,-36,36,5,-5,0,10,10,-5,5,0,0,-5,20,0,0,5,0,5,5,0,0,-20,-20,-10,0,-20,15,20,15,0,5,0,5,5,-10,-5,-5,10,0,0,0,-5,5,0,-5,-45,-5,0,0,-5,10,-5,0,-5,0,-5,15,-25,-30,-10,5,-5,-20,0,5,0,0,0,5,5,10,5,-20,0,10,10,0,5,-10,0],"closes":[0,-40,-11,10,-10,6,-6,2,-12,-15,5,5,-1,0,57,-46,0,20,25,-13,18,-28,38,-23,-17,5,15,-22,37,-30,40,-13,23,-1,-45,41,5,-28,38,-20,20,5,-10,-2,17,-12,-4,11,0,5,-55,55,5,5,0,-48,53,20,10,-10,0,-19,29,-5,5,0,-20,-5,-10,5,-5,5,0,-5,0,0,-20,10,-5,5,15,35,10,5,0,-5,-10,0,0,-55,0,20,25,-20,20,-5,30,0,-15,5,-11,11,5,-5,10,10,0,0,5,0,10,0,10,-5,0,0,15,-10,5,0,0,-20,-20,-10,0,-5,20,20,-5,15,-5,5,0,0,-10,-5,0,5,0,0,0,0,0,0,-5,-35,-10,0,-5,0,5,0,-5,-5,0,20,0,-30,-35,-5,0,-5,-20,10,5,-10,5,10,0,0,10,0,-10,0,15,0,0,5,-10,-5],"volumes":[86.1,114.1,3.6,7.2,269.1,225.4,4.8,95.2,21.6,7.2,2.4,2.4,140.8,65.5,53.7,11.6,5.2,25.0,17.0,113.2,2.4,154.2,127.3,140.2,134.3,101.2,1.6,161.4,6.0,162.5,3.0,137.9,4.0,134.4,130.8,10.0,2.0,408.4,4.0,115.5,2.0,14.2,31.2,80.3,2.0,67.1,64.7,1.0,5.0,5.0,71.9,5.0,4.4,16.5,11.5,22.0,10.4,20.4,9.8,6.0,18.5,147.1,11.6,21.6,37.8,32.4,55.2,30.0,61.2,30.4,42.3,11.2,8.8,20.0,147.9,35.4,25.4,22.5,58.1,39.2,110.4,65.1,24.0,15.0,2.0,7.0,12.0,11.0,6.0,46.9,64.1,61.3,41.3,18.4,62.5,21.3,15.7,28.4,22.0,3.1,57.7,1.1,2.0,10.7,72.2,31.2,7.0,41.6,28.4,50.4,50.9,95.7,8.0,7.8,18.3,45.3,19.0,7.4,4.3,3.3,4.1,65.5,90.5,44.8,27.8,64.5,116.7,48.5,171.7,74.6,79.2,140.8,40.8,72.8,95.2,180.1,32.2,6.3,28.5,41.1,95.6,68.0,72.0,25.8,106.2,156.0,113.8,74.9,87.4,39.0,1.6,27.1,48.8,64.0,50.4,71.9,170.4,160.5,103.7,83.4,49.6,50.2,30.4,90.7,49.8,64.4,33.4,57.9,29.5,117.5,42.8,10.0,145.1,176.5,302.4,129.4,50.8,15.0,97.8,88.6]}