{"timestamp":1382832000000,"multiplier":1.0E-5,"open":1.00122,"high":1.00122,"low":1.00122,"close":1.00122,"shift":60000,"times":[1260,1,1,1,1,1,1,1,1,1,1,1,1,1,2,1,1,1,1,1,1,1,1,1,1,1,1,1,1,1,1,1,1,1,1,1,2,1,1,1,1,1,1,1,1,1,1,1,1,1,1,1,1,1,1,1,1,1,1,1,1,1,1,1,1,1,1,1,1,1,1,1,1,1,1,1,1,1,1,1,1,1,1,1,1,1,1,1,1,1,1,1,1,1,1,1,1,1,1,1,1,1,1,1,1,1,1,1,1,1,1,1,1,1,1,1,1,1,1,1,1,1,1,1,1,1,1,1,1,1,1,1,1,1,1,1,1,1,1,1,1,1,1,1,1,1,1,1,1,1,1,1,1,1,1,1,1,1,1,1,1,1,1,1,1,1,1,1,1,1,1,1,1,1,1,1,1,1],"opens":[0,-37,-8,35,2,-14,13,1,10,-4,-51,39,32,-52,19,37,-6,6,-56,56,3,9,-2,4,-19,3,9,7,-11,0,2,-8,13,-68,-3,67,-11,12,-1,-2,-12,10,-28,7,-9,-59,-7,1,66,14,4,-74,0,0,75,8,21,10,-7,14,-16,-1,16,-10,3,-9,-11,-5,4,4,-1,2,0,-5,15,-10,3,0,0,-8,5,-3,-2,-1,6,-19,12,-3,2,3,3,-5,-17,3,12,2,-1,5,-9,-2,0,0,8,-3,0,-7,-5,-4,19,-3,2,-7,1,-4,-2,0,6,2,4,11,-17,-11,5,13,-4,-2,-1,-2,1,7,-3,-7,-4,-17,7,4,-3,3,-2,2,-3,0,2,4,-2,-6,-5,15,-4,0,-4,-1,-6,6,3,1,0,8,6,23,1,1,0,-3,1,-2,-2,11,9,1,3,-6,1,21,10,15,-6,0],"highs":[0,-37,-4,41,-8,3,-2,7,2,-4,-51,63,8,-52,19,37,-1,1,-13,15,15,-5,-1,4,-5,-3,11,-4,-5,-3,-1,12,-7,3,-7,2,-13,12,-1,-2,0,-2,-22,6,2,-75,85,-91,66,17,3,-15,-61,75,12,25,1,1,15,-8,-11,9,1,-1,-6,-6,-14,-4,9,-1,1,1,-2,10,0,-6,3,-3,-1,6,-9,0,-5,2,3,-5,-2,1,1,3,0,-5,-2,-3,7,1,0,1,-9,2,-4,8,2,-4,0,-8,2,8,1,-2,0,-3,-3,-3,1,4,0,9,2,10,-23,-6,19,1,-11,-2,0,0,12,-7,-3,-7,-2,-10,2,1,-3,6,1,-5,1,-1,2,2,-3,-6,10,1,-1,-4,-2,-3,4,-2,5,-2,9,4,23,8,-6,0,1,-3,0,-2,8,13,0,0,5,-8,25,10,9,4,-5,0],"lows":[0,-37,-8,35,2,-14,13,1,10,-4,-51,39,32,-52,19,-10,41,6,-56,56,3,8,-1,-15,0,2,10,-4,-1,1,2,-15,20,-68,-3,67,-11,10,1,-2,-12,-19,1,7,-71,3,-7,1,66,14,4,-74,-2,2,70,13,21,-11,7,0,1,-1,-4,11,-6,-13,1,-2,2,5,-2,4,-4,0,6,-2,4,0,-8,0,-5,-3,4,0,-13,3,8,0,-6,0,6,0,-13,2,13,0,-1,-3,-1,-9,6,3,0,-4,6,-14,1,0,16,0,-3,-2,-4,-3,2,-7,13,2,0,-5,-8,0,1,7,0,3,0,-2,0,5,-9,2,-27,6,5,5,-2,2,-1,-6,3,2,1,3,-6,-13,8,11,-3,-3,2,-1,-6,0,9,1,0,8,4,14,10,0,0,0,-4,-1,2,11,6,-1,1,1,1,18,12,7,2,-3],"closes":[0,-37,-4,41,-8,3,-2,7,2,-4,-51,63,8,-52,19,19,17,1,-13,15,15,-6,-1,-15,5,6,7,-10,0,2,0,7,-2,0,-4,2,-13,10,1,-2,-2,-29,5,8,2,-75,74,-80,66,17,3,-15,-63,77,6,22,10,-18,28,-23,1,8,-6,4,-6,-12,0,0,7,-2,4,1,-6,13,-8,0,6,-4,-7,4,-10,5,-4,6,-14,10,0,-1,3,3,-5,-2,-12,9,5,1,2,-9,-1,3,-5,7,0,-2,-1,-11,-1,18,-3,1,-4,-1,-3,-5,3,7,0,9,2,-16,-4,1,12,-7,3,-1,-1,0,6,0,-10,0,-27,13,4,-1,-1,1,1,-3,0,0,5,-1,-6,-10,20,1,-5,-5,3,-3,-1,-1,6,1,9,4,23,1,1,0,-2,-1,-1,-3,9,12,1,2,-3,-1,23,11,11,0,-6,-3],"volumes":[2.0,0.38,0.89,2.25,1.5,6.82,5.25,4.5,2.25,2.25,1.31,5.93,1.5,1.27,1.28,4.01,6.0,3.0,6.23,3.0,4.5,4.5,7.5,16.5,27.0,18.0,7.5,7.5,7.5,6.0,1.5,22.5,3.0,10.06,4.03,4.5,1.43,4.5,3.0,1.5,4.43,13.5,6.75,3.75,6.45,1.26,10.85,1.25,1.43,4.5,4.5,4.47,2.65,5.25,25.5,27.68,6.0,11.25,32.25,30.75,12.75,22.5,34.51,11.25,12.0,37.51,13.5,74.25,54.75,9.0,25.5,7.5,18.75,31.98,34.65,18.91,3.76,17.26,28.05,31.96,25.14,21.25,14.25,16.5,57.76,22.14,27.76,19.5,13.14,24.38,14.87,6.0,19.88,10.5,7.5,12.75,26.25,17.63,6.0,10.51,7.5,7.5,17.25,11.86,12.0,27.0,22.5,15.0,15.75,4.5,3.0,9.0,7.89,9.77,9.0,16.91,6.01,14.29,38.73,49.28,14.67,6.76,29.7,75.14,15.03,37.52,13.14,16.14,12.75,10.5,21.01,4.5,27.02,40.13,20.63,10.5,7.5,7.5,14.25,19.5,7.5,13.5,10.5,7.5,4.5,26.26,35.25,17.25,18.53,6.0,4.5,3.0,13.14,21.79,18.03,6.0,19.14,25.51,47.27,48.76,15.39,26.25,28.13,6.75,15.0,8.63,24.78,59.26,30.41,24.76,49.14,9.75,31.29,39.77,29.65,67.91,39.76,28.53]}