{"timestamp":1237680000000,"multiplier":1.0E-5,"open":1.44644,"high":1.44671,"low":1.44643,"close":1.44665,"shift":60000,"times":[1260,1,1,1,1,1,1,1,1,1,1,1,1,1,1,1,1,1,1,1,1,1,1,1,1,1,1,1,1,1,1,1,1,1,1,1,1,1,1,1,1,1,1,1,1,1,1,1,1,1,1,1,1,1,1,1,1,1,1,1,1,1,1,1,1,1,1,1,1,1,1,1,1,1,1,1,1,1,1,1,1,1,1,1,1,1,1,1,1,1,1,1,1,1,1,1,1,1,1,1,1,1,1,1,1,1,1,1,1,1,1,1,1,1,1,1,1,1,1,1,1,1,1,1,1,1,1,1,1,1,1,1,1,1,1,1,1,1,1,1,1,1,1,1,1,1,1,1,1,1,1,1,1,1,1,1,1,1,1,1,1,1,1,1,1,1,1,1,1,1,1,1,1,1,1,1,1,1,1,1],"opens":[0,17,-66,8,-31,95,-29,-56,6,57,-25,-20,100,0,15,35,-10,-35,10,20,-15,15,-60,37,21,-22,-35,-24,33,0,30,-15,-40,20,15,0,-30,25,0,0,0,0,30,40,-33,-82,94,-54,10,43,-93,0,0,95,-95,75,0,-10,15,30,5,-15,60,-89,79,-15,-5,0,10,0,-5,35,10,-5,-25,-70,-10,-5,42,63,5,5,-25,30,-10,5,20,30,75,15,-20,0,0,0,-5,-5,-10,-5,0,-5,-55,0,40,0,0,0,-10,0,0,20,10,15,-20,25,0,15,-10,-5,10,-15,-15,-20,0,-20,-25,0,-5,0,-25,-100,75,20,-40,-30,0,-5,-25,10,5,-10,-50,0,-10,-5,0,0,20,0,0,-5,5,-15,-4,-2,6,10,10,-10,50,-10,10,35,25,50,5,-35,-5,-55,5,0,0,-5,5,5,10,20,-30,-13,13,0],"highs":[0,-4,-72,8,-31,101,-6,-32,10,0,-25,60,20,10,45,-5,-10,-15,-10,20,0,0,-55,36,17,-22,-26,13,-13,20,10,-10,-45,20,15,0,10,-15,0,0,0,5,29,51,-48,-77,90,-30,-15,43,-93,0,0,105,-45,15,0,15,25,60,-10,-40,45,-25,10,5,-15,-10,15,-10,20,20,0,-5,5,-100,-10,10,115,0,0,5,-10,-5,-5,25,35,60,45,-20,20,-45,0,10,-15,-5,-10,-5,0,-5,-55,40,0,0,0,0,-10,0,20,20,0,5,25,-20,5,10,40,-45,0,25,-50,-25,0,-20,-25,0,0,0,-30,-25,10,10,-40,-30,0,-5,-25,30,-15,-10,-40,-5,0,-20,15,10,5,-10,5,-5,20,-35,-4,-2,21,30,-25,50,-10,-10,60,5,100,-30,-10,-35,-5,-50,5,-5,0,0,5,10,25,10,-25,-25,5,0],"lows":[0,13,-121,68,-31,88,-26,-64,18,57,-40,-10,105,0,-135,0,130,10,-50,70,-5,-60,15,-10,17,-16,-10,-4,23,0,40,-25,-30,20,15,-15,-40,50,0,0,0,0,-14,19,32,-82,72,-32,5,48,-93,0,0,47,-47,70,0,-5,15,10,0,-85,85,-19,54,0,-50,-20,85,-5,-5,0,0,30,-95,5,-15,5,-20,115,20,-30,10,0,10,15,10,40,30,40,-25,-5,30,-5,-5,-5,-50,40,0,-85,25,0,40,0,0,0,-10,0,0,20,5,-5,-20,40,10,5,-15,10,0,-45,5,0,-10,-45,10,-5,-5,-35,-100,15,75,-45,-5,0,-30,-15,0,20,10,-80,20,-30,15,0,0,0,10,5,0,0,0,-10,-31,4,27,10,-5,5,40,0,5,35,30,50,-45,15,-60,-10,-20,30,0,-5,10,5,10,-15,0,-19,24,0],"closes":[0,-9,-121,68,-31,101,-20,-18,10,0,-40,75,20,10,40,-30,-25,30,-10,10,10,-75,15,29,-12,-14,-4,-3,4,30,10,-10,-45,20,15,-15,25,-15,0,0,0,5,17,-17,32,-77,73,-23,-10,48,-93,0,0,61,-1,15,-5,15,30,5,-20,25,25,-9,-1,-10,-10,-5,30,-10,25,20,0,-20,-90,10,-10,10,85,20,0,-40,30,-10,15,20,30,70,10,-10,0,0,0,-5,-5,-5,-10,0,0,-60,0,40,0,0,0,0,-10,0,20,5,5,-10,25,5,5,10,-15,5,-5,-45,15,-10,-10,-40,5,-5,5,-35,-85,65,10,-30,-30,0,-20,-25,15,10,5,-70,10,-30,15,0,0,25,0,-10,0,0,0,-10,-23,14,19,20,-20,45,-5,0,45,15,55,15,-40,0,-50,-5,-5,0,0,5,5,5,25,-30,0,-5,5,0],"volumes":[49.9,47.0,7.2,4.0,4.0,26.4,25.6,20.0,8.8,1.6,3.2,8.0,2.4,7.2,20.0,9.6,4.8,9.6,23.2,7.2,7.2,11.2,14.4,45.6,244.8,52.0,201.4,227.8,7.2,29.6,1.6,6.2,4.0,4.0,1.6,3.2,16.0,4.0,4.3,0.6,1.6,2.8,31.2,3.6,4.0,2.8,115.6,8.0,3.2,1.0,6.0,6.0,6.0,32.0,6.8,22.4,4.8,16.0,18.4,77.0,132.8,83.2,70.4,23.2,55.2,57.6,128.8,37.8,21.6,40.8,84.8,77.0,25.8,40.8,56.0,59.6,99.6,9.8,224.8,74.2,28.8,49.6,33.6,35.2,62.3,127.2,148.0,187.2,153.2,212.8,228.1,88.2,72.0,81.6,57.6,62.4,51.4,62.4,43.2,132.2,72.0,60.6,33.6,4.8,57.6,9.6,17.6,43.2,32.8,82.6,19.2,32.0,125.4,88.8,40.0,27.2,96.2,75.2,16.8,62.0,128.2,16.8,53.6,44.8,14.4,19.2,19.2,57.5,103.4,109.0,19.2,75.6,69.4,14.4,74.6,22.8,9.6,45.6,2.4,131.8,8.8,56.0,37.6,9.6,22.4,38.8,76.8,9.6,36.0,33.6,42.4,14.4,189.4,91.6,21.6,50.6,75.2,73.0,17.0,18.4,207.0,45.2,175.2,31.4,138.2,139.2,139.2,34.4,127.4,19.2,19.2,195.2,24.0,54.0,52.8,211.6,133.2,42.4,9.6,6.4]}