{"timestamp":1236470400000,"multiplier":1.0E-5,"open":1.40821,"high":1.40845,"low":1.40781,"close":1.4083,"shift":60000,"times":[1260,1,1,1,1,1,1,1,1,1,1,1,1,1,1,1,1,1,1,1,1,1,1,1,1,1,1,1,1,1,1,1,1,1,1,1,1,1,1,1,1,1,1,1,1,1,1,1,1,1,1,1,1,1,1,1,1,1,1,1,1,1,1,1,1,1,1,1,1,1,1,1,1,1,1,1,1,1,1,1,1,1,1,1,1,1,1,1,1,1,1,1,1,1,1,1,1,1,1,1,1,1,1,1,1,1,1,1,1,1,1,1,1,1,1,1,1,1,1,1,1,1,1,1,1,1,1,1,1,1,1,1,1,1,1,1,1,1,1,1,1,1,1,1,1,1,1,1,1,1,1,1,1,1,1,1,1,1,1,1,1,1,1,1,1,1,1,1,1,1,1,1,1,1,1,1,1,1,1,1],"opens":[0,-18,35,-38,33,44,28,-34,45,0,4,-2,11,-26,29,-27,12,24,-38,45,-7,-31,88,56,20,39,11,35,3,63,-9,23,-47,12,10,-3,-3,64,-4,-83,-10,27,6,-24,-7,5,-34,-3,29,-16,54,-34,12,39,5,12,25,7,27,3,22,-50,20,-20,50,5,-30,-45,0,0,10,5,30,-45,15,5,-10,5,15,20,15,5,-5,-25,0,-5,25,-9,-30,54,-15,0,-5,5,-5,-15,-22,37,-5,5,-5,10,-20,10,0,5,-20,0,-30,20,-5,0,10,-15,0,-40,30,-5,-42,16,26,20,0,25,-5,-10,20,-20,-10,5,10,0,25,-60,0,65,-20,55,5,15,-45,0,-5,-5,-25,-35,-5,20,0,0,-5,10,5,-15,-20,30,5,5,-25,25,10,-25,0,25,15,50,25,45,-60,50,40,-15,15,55,0,20,55,-35,-10,10],"highs":[0,-10,17,-12,55,35,-1,-8,8,100,-104,-6,18,-11,6,-3,6,9,8,-4,52,-17,44,57,55,5,35,6,36,41,-14,0,-6,-13,-5,27,-23,56,-7,-72,0,11,-8,-17,4,-13,-9,3,22,-8,22,-17,19,27,44,1,10,26,0,-7,15,-50,60,0,-10,5,-30,-20,0,-10,20,15,0,-25,-10,5,0,25,5,20,-5,10,-10,-25,25,-5,0,-1,-10,26,-15,15,-5,-10,-5,-15,-22,37,0,0,0,5,0,-10,5,0,-20,0,-10,5,0,0,0,10,-25,-40,40,-10,-1,-10,21,5,30,-5,0,5,0,-20,0,20,-15,30,10,-60,55,-5,40,-5,20,0,-40,0,-5,-5,-25,-20,-15,10,0,5,25,-20,5,-15,5,20,-10,0,5,15,-10,-25,35,-5,65,55,10,0,-20,40,10,-2,72,-15,30,50,15,-45,-5,35],"lows":[0,9,19,-21,-15,102,15,-19,11,18,0,-9,3,-17,19,-2,9,30,-30,19,5,-23,8,123,9,35,35,27,17,38,18,-3,-28,21,10,-21,1,59,-67,-14,3,7,-8,-24,10,-22,-6,9,4,13,-1,-12,28,24,32,-1,31,-3,30,-26,30,-10,10,-25,50,-15,-40,0,0,-20,30,5,30,-65,35,0,-5,0,10,-10,10,-5,50,-25,0,-15,35,-20,-19,54,-15,-55,0,20,25,-10,-48,63,-15,15,-5,0,-10,10,0,-5,-10,-30,0,15,-5,5,-30,15,10,-40,30,-10,-41,3,43,15,5,5,5,0,5,-40,20,5,0,15,-35,0,0,40,-10,70,5,-35,0,0,-15,-50,-5,5,-10,0,0,5,10,5,-5,-25,5,20,15,5,-20,25,-15,0,-25,25,25,30,40,5,0,50,40,-20,10,45,10,30,15,-10,0,5],"closes":[0,-19,9,20,20,15,33,13,-19,-2,11,-4,-4,-9,13,22,-9,14,-18,8,31,7,52,26,75,20,44,-38,73,16,18,-34,18,-14,-2,34,-22,36,-49,-17,-6,-7,-10,-13,11,-35,20,12,-7,12,-14,9,32,30,41,-9,16,42,-22,-35,25,-10,20,30,0,-30,-25,10,0,-10,5,30,-5,-20,-10,5,0,25,5,-30,40,0,5,-25,10,10,0,-13,-16,44,-15,-5,10,-15,0,-10,-48,63,0,0,0,0,0,-5,0,0,-15,-20,5,0,0,10,-10,0,-5,-40,30,-5,-30,-12,57,0,30,-15,0,15,-10,-5,-10,15,-10,40,-65,0,70,-20,55,-5,15,-40,0,-5,-5,-30,-35,20,-25,0,25,0,-10,15,-5,-20,20,10,0,0,10,15,-35,0,25,0,65,25,-20,5,40,40,10,-15,65,5,30,45,-40,-5,10,40],"volumes":[57.0,23.0,200.2,113.0,57.2,100.6,97.2,49.2,68.8,276.6,168.6,69.6,69.8,38.4,21.6,33.4,35.6,59.6,21.6,88.4,132.0,54.0,70.6,93.4,85.2,57.8,39.4,65.0,55.2,146.6,103.9,81.6,76.4,12.4,12.2,23.2,17.2,18.9,60.0,134.0,70.4,48.0,49.0,20.2,17.8,20.4,35.0,13.4,36.8,68.2,26.8,80.8,27.4,62.6,32.2,101.2,53.6,31.2,53.6,15.0,7.8,4.8,30.6,56.2,4.2,6.2,24.6,16.0,35.2,23.4,23.2,27.2,6.4,9.6,1.6,4.8,14.0,12.8,20.8,32.2,12.2,14.4,12.8,4.8,25.6,11.6,4.8,67.2,82.0,3.2,4.8,29.4,46.6,32.2,2.8,4.8,16.2,4.8,14.4,3.2,3.2,6.4,9.4,1.6,4.6,4.8,6.0,19.0,11.2,4.4,28.0,6.4,28.8,24.0,4.4,3.2,8.0,16.0,168.8,65.2,9.2,3.0,12.6,10.6,17.4,11.2,6.4,18.0,16.6,23.6,6.0,25.8,41.6,13.0,51.0,85.0,72.0,1.4,22.2,36.8,27.8,26.4,20.4,37.6,34.484598,19.0,10.0,5.8,12.4,32.4,79.4,11.2,67.0,48.6,56.8,25.6,22.6,13.6,19.2,21.7,27.4,8.0,46.884598,28.0,112.6,260.3,76.2,52.1,15.8,19.8,9.8,50.8,61.54,21.0,45.6,27.4,30.0,12.0,17.2,16.2]}