{"timestamp":1237075200000,"multiplier":1.0E-5,"open":1.39622,"high":1.39622,"low":1.39512,"close":1.39512,"shift":60000,"times":[1260,1,1,1,1,1,1,1,1,1,1,1,1,1,1,1,1,1,1,1,1,1,1,1,1,1,1,1,1,1,1,1,1,1,1,1,1,1,1,1,1,1,1,1,1,1,1,1,1,1,1,1,1,1,1,1,1,1,1,1,1,1,1,1,1,1,1,1,1,1,1,1,1,1,1,1,1,1,1,1,1,1,1,1,1,1,1,1,1,1,1,1,1,1,1,1,1,1,1,1,1,1,1,1,1,1,1,1,1,1,1,1,1,1,1,1,1,1,1,1,1,1,1,1,1,1,1,1,1,1,1,1,1,1,1,1,1,1,1,1,1,1,1,1,1,1,1,1,1,1,1,1,1,1,1,1,1,1,1,1,1,1,1,1,1,1,1,1,1,1,1,1,1,1,1,1,1,1,1,1],"opens":[0,-82,-15,104,-62,158,-162,-58,-20,40,-65,25,20,-20,20,-55,5,5,35,15,-60,-12,52,0,35,-45,15,-10,-30,-5,20,-5,15,-10,-11,4,22,25,-55,20,-35,70,0,0,-25,13,7,-15,40,-5,15,20,10,50,0,-33,8,25,0,0,-65,45,15,0,-10,10,0,-10,-45,-5,0,0,0,-20,-25,-150,5,0,-40,5,-10,-20,-130,-35,45,105,-85,-5,20,5,5,15,-5,15,-10,-30,25,-55,5,25,-175,-30,0,10,55,-75,105,-45,-5,0,0,25,10,-45,80,-20,0,5,-90,90,-5,0,20,10,-10,15,45,-10,-10,-10,0,10,0,0,0,0,0,15,50,0,35,45,-5,25,-30,25,-45,25,10,-10,-5,0,20,5,5,-20,-5,20,85,5,10,0,-75,-50,25,-21,21,-15,0,110,30,-5,30,-5,-5,25,30,30,15,-5],"highs":[0,-37,-60,104,-55,156,-167,-58,0,25,-25,-20,20,0,0,-55,13,11,21,15,-60,-1,71,5,0,-10,-20,-10,25,-60,20,8,2,-10,7,-14,47,0,-55,55,-40,40,10,-10,43,-48,0,-15,40,12,18,10,50,0,0,-15,15,0,0,0,-5,0,0,0,-5,5,0,30,-85,0,-5,35,-35,-5,-40,-125,-20,0,-25,-10,20,0,-180,0,100,30,-95,-10,20,10,35,15,-5,-20,-10,0,-5,-50,25,25,-195,10,-25,10,35,35,5,20,-75,0,0,45,-5,55,-30,0,45,-20,-60,20,0,5,10,10,60,-10,0,5,-25,0,0,0,0,0,0,0,60,0,40,45,-10,55,-20,15,-50,35,-30,0,10,-10,0,15,10,10,-10,-20,10,35,95,-28,3,0,-75,-20,-5,15,-15,-5,100,35,30,-10,35,-40,0,45,45,5,30,-25],"lows":[0,28,-15,50,-10,155,-235,20,-20,10,-35,25,0,0,5,-40,0,10,35,-30,-15,-23,63,0,35,-45,-25,0,0,-5,20,-8,18,-10,-11,-3,29,25,-55,20,-35,45,-40,65,-25,10,0,-5,-35,68,17,20,10,50,-25,-8,-27,60,0,-65,-10,55,15,-5,-5,10,-55,-40,25,5,0,-10,-40,-5,-140,0,-5,-35,-5,5,-15,-130,-40,5,45,0,10,-10,35,5,5,0,10,-5,-20,0,-40,10,5,-165,-170,135,20,10,-20,0,0,15,40,0,0,25,-90,30,0,85,0,-105,20,85,0,-15,35,10,-25,30,30,0,-15,0,0,10,0,0,0,0,0,15,40,10,35,25,-20,25,5,-10,-10,10,20,-20,10,0,20,-15,5,-10,5,20,80,2,18,-120,-10,-20,25,4,21,-15,-15,105,20,25,15,0,0,10,50,-20,20,10],"closes":[0,73,-60,50,-10,155,-230,15,0,0,0,-20,20,0,0,-55,0,18,27,5,-50,-23,93,-30,35,-10,-60,30,25,-60,20,8,2,-10,-5,-9,29,25,-55,55,-40,40,-50,50,43,-51,3,-15,15,24,31,10,50,0,-25,10,15,0,0,-50,-10,55,0,-5,0,5,-10,-60,0,5,5,-5,-40,0,-155,10,-15,-25,-10,5,-20,-130,-35,35,100,-70,-5,-5,25,5,30,20,-15,-10,-35,30,-70,15,15,-180,-30,15,10,20,-40,105,-85,15,20,5,0,45,-80,100,-20,0,0,-100,85,15,0,10,10,10,-5,40,0,0,-15,10,0,0,0,0,0,0,15,45,-5,35,45,5,25,-30,0,25,-35,10,10,-5,0,15,10,0,-20,-10,20,35,70,-18,18,-85,-40,5,5,30,-15,-5,100,30,-10,25,-5,0,10,45,45,0,5,5],"volumes":[43.8,6.6,4.0,19.2,18.2,53.6,14.6,1.6,6.4,9.6,9.0,1.6,11.2,9.6,6.4,4.8,17.6,47.4,1.4,6.2,4.8,47.6,10.4,4.8,1.6,11.2,14.4,17.6,16.0,8.8,4.0,13.6,4.0,8.0,21.6,7.6,9.4,1.6,5.0,3.2,2.6,9.6,6.4,3.2,4.8,13.6,52.6,4.0,19.6,24.6,39.0,28.0,16.0,8.0,6.4,6.0,20.8,8.0,4.0,32.8,40.0,28.8,33.6,23.2,30.0,14.4,85.6,78.2,55.2,144.0,72.0,68.0,59.4,20.8,112.0,176.8,67.2,155.4,152.4,111.3,122.4,148.4,34.4,20.0,76.8,39.6,86.4,36.0,2.4,21.6,56.6,45.2,39.8,12.6,97.6,256.6,32.0,9.6,28.8,100.0,260.8,146.0,66.8,16.8,94.8,111.0,110.0,101.8,19.2,41.6,8.0,14.0,46.6,122.2,61.2,35.6,75.0,59.8,22.4,40.0,12.8,28.2,4.8,1.0,42.0,54.8,32.8,64.4,40.8,57.6,38.0,43.2,48.0,76.8,43.2,28.8,187.8,46.8,80.4,168.0,49.0,85.6,29.0,72.4,24.0,37.6,35.8,18.4,4.8,20.0,4.8,13.0,38.4,190.4,12.8,19.2,52.8,29.1,46.8,26.2,4.8,120.0,83.2,151.6,28.2,123.2,4.8,19.2,151.2,137.6,108.8,47.2,104.0,36.8,91.2,48.8,41.2,109.8,47.6,69.2]}