{"timestamp":1237075200000,"multiplier":0.001,"open":928.337,"high":928.337,"low":927.033,"close":927.033,"shift":60000,"times":[1320,1,1,1,1,1,1,1,1,1,1,1,1,1,1,1,1,1,1,1,1,1,1,1,1,1,1,1,1,1,1,1,1,1,1,1,1,1,1,1,1,1,1,1,1,1,1,1,1,1,1,1,1,1,1,1,2,1,1,1,1,1,1,1,1,1,1,1,1,1,1,1,1,1,1,1,1,1,1,1,1,1,1,1,1,1,1,1,1,1,1,1,1,1,1,1,1,1,2,1,1,1,1,1,1,1,1,1,1,1,1,1,1,1,1,1,1,1],"opens":[0,-1477,-2317,22,959,-1133,339,-335,-76,154,-486,211,291,-22,-125,96,-17,-53,-163,534,-190,188,404,611,563,-342,-155,-465,-374,69,66,43,-320,26,-1,75,-4,26,-1,135,60,142,18,-135,198,135,-79,368,71,134,-25,-310,-195,-235,108,-611,158,-10,-278,220,81,109,213,49,260,-72,-206,-63,47,-50,-167,-1,203,215,6,-21,4,-31,-136,-377,622,98,-169,363,-134,96,-80,39,202,-669,514,-184,44,25,-504,443,229,3,-418,359,-347,-535,196,225,-343,-328,-455,88,270,-89,30,-410,323,187,-180,299,216,41],"highs":[0,-1477,-2025,686,3,-555,-239,-335,107,138,-348,333,-124,-34,60,-24,-82,-53,279,129,54,323,453,447,535,-585,-103,-513,15,-130,-10,-105,-255,42,41,-33,-19,84,105,61,245,-49,97,-74,123,-14,156,189,209,46,-131,-204,-170,-261,3,-520,203,-146,-278,410,92,99,85,75,179,86,-273,-144,131,-4,-227,164,-50,265,80,-93,11,-90,-126,247,-12,332,34,-74,-48,90,-160,232,9,-436,552,-413,122,-95,-223,494,-79,79,-190,31,-347,-232,104,83,-412,-131,-652,330,28,276,-326,0,184,-93,20,657,98,-94],"lows":[0,-2443,-102,77,-331,157,-78,-137,74,-208,-55,162,60,-35,58,-253,184,-77,89,330,-24,226,434,419,565,-556,-40,-464,-86,69,66,-384,-3,9,91,-107,-14,129,45,91,164,119,-17,-59,126,-98,59,314,292,-101,-140,-42,-406,-150,-3,-440,214,-272,-220,244,266,-41,251,4,99,329,-246,-331,226,-70,-309,210,34,241,32,-245,45,-82,41,-119,174,289,88,-220,168,328,-336,-92,-27,-35,295,-182,82,-198,-126,498,181,-282,-260,200,-456,-92,-4,-54,-259,-162,-480,-22,2,543,-267,-113,323,-169,12,463,97,-14],"closes":[0,-2443,-102,1033,-1168,570,-427,-171,177,-460,175,408,-208,-19,129,-24,-157,-134,435,-142,59,589,453,447,72,-407,-189,-458,152,-171,210,-295,-99,-91,62,102,-199,182,105,7,208,23,44,-14,201,-225,394,189,135,64,-410,-57,-171,-72,-316,-219,180,-459,65,217,88,307,59,101,-82,237,-178,-129,-46,-124,-193,322,-29,186,-42,192,11,-117,-224,372,-183,12,521,-233,93,53,-296,427,-656,229,31,-21,-39,-238,210,494,-151,-282,243,-100,-659,209,-187,-135,-97,-361,-326,430,-383,566,-391,164,206,-400,265,608,-32,147],"volumes":[0.00528,0.00281,0.00242,0.00441,0.00313,0.0035,0.00391,0.0037,0.00388,0.00592,0.00332,0.00281,0.00329,0.00194,0.0028,0.00432,0.00686,0.0053,0.003479,0.00429,0.00292,0.00305,0.00304,0.00421,0.00576,0.0028,0.00435,0.00486,0.00367,0.00276,0.00331,0.00344,0.00259,0.00221,0.00445,0.00338,0.00382,0.00231,0.00262,0.00298,0.00587,0.00258,0.00406,0.00345,0.00334,0.00373,0.00589,0.00278,0.00347,0.00268,0.00292,0.0033,0.00478,0.00368,0.004109,0.0049,0.00429,0.00455,0.00216,0.003319,0.00209,0.002997,0.00298,0.00373,0.001829,0.00316,0.00257,0.00364,0.00393,0.00465,0.00334,0.00226,0.002479,0.00285,0.0028,0.00347,0.00483,0.00359,0.00407,0.00353,0.0044,0.00432,0.00246,0.00504,0.00318,0.00448,0.00332,0.00343,0.00323,0.00457,0.003709,0.003485,0.0038,0.00479,0.00385,0.00498,0.002006,0.00402,0.00426,0.00296,0.0026,0.00371,0.002887,0.00506,0.00345,0.0026,0.00341,0.00475,0.00279,0.00562,0.00379,0.00526,0.00265,0.0053,0.002953,0.0052,0.0038,0.003703]}