{"timestamp":1512259200000,"multiplier":0.001,"open":6005.969,"high":6007.97,"low":6005.969,"close":6005.97,"shift":60000,"times":[1385,1,1,1,1,1,1,1,1,1,1,1,1,1,1,1,1,1,1,1,1,1,1,1,1,1,1,1,1,1,1,1,1,1,1,1,1,1,1,1,1,1,1,1,1,1,1,1,1,1,1,1,1,1,1],"opens":[0,1,-1001,-2000,-1999,-3000,-1001,3000,2000,1001,-1,-1999,-1001,0,-2999,0,-1000,2999,1001,0,1000,-1000,999,-999,-1000,-1001,1000,-1000,-2000,2000,-999,-1001,-999,1999,1001,-1,1000,0,0,3001,-2001,-3999,-2001,1001,2999,-1000,-1999,999,0,-1999,-1001,1000,1,-1000,-1],"highs":[0,-1001,-2000,-999,-3000,-2000,1999,3000,1,999,1,-4000,0,-1000,0,-2000,2000,0,1000,999,-999,0,999,-1999,-1,-999,0,0,0,0,-2000,0,-1,2000,1,1000,-1,1001,1000,1000,-3000,-4000,-1,3000,1,-2001,-999,2000,-2000,-2000,1000,0,0,-1000,-1001],"lows":[0,-1000,-2000,-2000,-4000,-2000,-999,4999,2000,1001,-1001,-3000,1000,-2000,1,-1000,-1,3000,0,1000,0,-999,999,-1000,0,-1000,0,-1000,-1000,2000,-1999,-1,-1000,2000,0,1000,0,1000,0,2000,-4000,-2999,-1,1001,1999,-2000,-1000,2000,-2000,-1000,0,1000,0,-1000,-2000],"closes":[0,0,-2001,-2000,-4999,-1,3001,1999,2001,0,-2001,-1000,-1000,-2000,1,-1001,2001,0,1000,1000,-1000,1000,-1001,-1000,1,-1001,1001,-2001,1001,-1,-1999,-1,1000,1,999,2001,-1,0,1001,0,-4001,-2999,999,4000,-1000,-3000,1001,999,-2000,-2000,2000,1,-1000,0,-1001],"volumes":[0.00132,9.0E-4,6.6E-4,0.00108,0.0015,0.00312,0.00318,0.0027,0.00204,0.00222,0.00306,0.00234,0.0018,0.00186,0.00174,9.6E-4,0.00222,7.2E-4,0.00132,0.00162,0.00126,5.4E-4,0.00108,9.0E-4,3.6E-4,4.8E-4,3.0E-4,0.00144,0.00168,7.2E-4,4.8E-4,3.6E-4,4.8E-4,9.0E-4,4.8E-4,6.6E-4,9.6E-4,6.0E-4,0.0012,0.00102,9.0E-4,4.2E-4,9.6E-4,0.00132,6.0E-4,5.4E-4,7.2E-4,0.00114,6.0E-4,2.4E-4,9.6E-4,3.6E-4,7.2E-4,3.6E-4,6.6E-4]}