{"timestamp":1514246400000,"multiplier":0.001,"open":6076.969,"high":6077.97,"low":6076.969,"close":6076.97,"shift":60000,"times":[1385,1,1,1,1,1,1,1,1,1,1,1,1,1,1,1,1,1,1,1,2,1,1,1,1,1,1,1,1,1,1,1,1,1,1,1,1,1,2,1,1,2,1,2,1,3,1,1],"opens":[0,-1000,-2000,0,1,0,-2000,0,999,1000,1000,1,-1500,500,-1,2001,1000,1999,1001,-1,-999,-5000,-2001,1000,2001,1000,1999,4000,-2000,2000,1000,1001,1000,5000,999,2001,1999,1000,-5000,0,-1400,1401,-1,1001,-1,-1999,1000,-1001],"highs":[0,-2001,-999,1000,0,-1001,-1999,0,2999,1,0,-1000,-1,-999,2000,1000,2000,999,1001,-1000,-1000,-5000,-1000,1000,1999,3001,4000,-1001,-999,1999,2001,-1,5001,1000,2999,1001,2000,0,-5001,-1000,1,0,1000,1000,-1001,1,-1000,-1001],"lows":[0,-3000,0,0,0,-1999,-1,-1700,2700,1000,1000,0,-1499,499,0,2000,1000,1000,2000,0,-5000,-3000,0,1000,2001,1000,599,4400,-1000,1000,2000,1000,1001,4999,1000,2000,2000,-4000,0,0,-1400,1400,0,1001,-1,-1999,999,-1999],"closes":[0,-3001,1001,-1,1,-3000,0,1000,1000,2000,0,-1000,-1,-1000,2001,1000,999,1001,1000,0,-5001,-2000,0,1001,1999,2001,5000,-2001,1,1999,2001,-1,5001,-1,4000,1001,1000,-5001,0,0,1,-1,1001,1000,-1001,1,-1001,-1999],"volumes":[3.6E-4,4.8E-4,4.2E-4,6.6E-4,0.0012,0.00174,0.00126,0.00126,0.0015,4.8E-4,0.00126,3.0E-4,1.2E-4,1.2E-4,1.8E-4,9.0E-4,6.0E-4,7.2E-4,5.4E-4,1.2E-4,6.0E-4,0.00186,0.00108,4.2E-4,1.8E-4,0.0012,9.6E-4,3.0E-4,6.6E-4,3.0E-4,9.0E-4,4.2E-4,0.00102,6.6E-4,6.0E-4,4.8E-4,6.0E-4,0.00222,2.4E-4,1.2E-4,1.2E-4,1.2E-4,2.4E-4,1.2E-4,1.2E-4,1.2E-4,1.2E-4,2.4E-4]}