{"timestamp":1180224000000,"multiplier":1.0E-5,"open":0.88296,"high":0.88296,"low":0.8828,"close":0.8828,"shift":60000,"times":[1260,2,1,1,2,1,1,1,3,1,1,1,3,1,2,1,2,1,2,1,2,1,1,1,2,1,2,1,1,1,1,1,1,1,1,2,2,1,1,1,1,2,1,1,1,1,1,1,1,1,1,1,1,2,1,1,1,1,1,1,1,2,2,1,1,1,1,1,1,1,2,1,1,1,1,1,1,1,1,1,1,1,2,1,2,1,1,1,1,1,1,1,1,1,1,1,1,2,1,1,1,1,1,1,1,3,1,2,1,2,1,1,1,1,1,1,1,1,1,1,2,2,1,1,1,1,1,1,1,1,1,1,1,1,1,1,1,1,1,1,1,1,1,1,1,1,1,1,1,1,1,1],"opens":[0,-14,-5,15,10,8,91,-92,-13,-7,11,6,-3,8,8,-4,-30,4,-2,21,-3,-7,15,-35,13,2,20,9,17,37,-41,-2,12,-5,5,0,13,-18,21,-11,-24,-7,-17,28,10,6,-12,-26,23,40,32,-55,-13,-46,33,19,-6,-9,-10,0,-1,-8,-1,-14,0,29,-4,-10,9,3,2,-6,-9,-16,-16,25,15,1,-18,-2,24,14,-2,-19,-3,4,-4,-8,22,-12,2,1,-2,-54,47,-11,4,-4,-4,-9,-9,4,22,0,0,7,7,-7,-12,-7,-3,0,4,-4,14,-21,10,4,13,45,-21,-25,4,11,9,-17,14,16,-12,-14,3,-27,33,4,7,-22,-8,27,2,-12,13,3,1,0,-17,72,-22,-24,-16,-27,24,70],"highs":[0,10,-29,15,17,47,68,-115,-13,0,9,2,2,8,5,-1,-36,5,22,-4,0,7,-2,-31,9,2,32,9,40,2,-40,9,0,-1,1,10,3,0,8,-16,-24,-1,-14,32,15,-12,-12,1,14,22,58,-81,-13,-34,43,-3,-6,-9,-8,0,-3,-8,2,-17,23,14,-6,-8,3,8,3,-14,-6,-19,-16,41,2,1,-21,15,12,15,-8,-18,-4,13,-13,12,2,-8,-2,1,-2,-20,19,-17,5,-5,-4,-9,-5,15,17,5,-8,6,1,-7,-5,-14,-3,5,1,5,7,-25,13,9,31,37,-39,-22,9,8,17,-30,30,0,-12,6,-17,5,6,8,-2,-22,14,13,2,-13,12,1,-2,4,15,65,-52,-23,-17,-20,55,58],"lows":[0,2,-5,15,8,10,62,-85,-12,14,11,2,-1,10,8,-14,-23,-1,6,15,-40,36,-6,-14,13,2,20,9,17,6,-15,3,5,2,0,5,-5,0,20,-26,-46,22,-8,14,24,-3,-30,1,2,61,20,-95,18,-29,37,15,-10,-10,-1,-1,-12,-10,9,-39,29,-4,27,-8,9,3,-2,-6,-17,-4,-37,46,14,-4,-20,6,24,13,-13,-7,-35,36,-14,2,13,-6,2,-1,-38,-13,36,0,-2,-1,-13,0,-17,15,22,0,0,-25,30,-8,-4,-48,40,0,-22,22,1,-8,10,4,13,45,-49,3,4,11,1,-9,14,4,-28,14,-9,-15,25,12,-3,-20,0,27,2,-17,18,3,1,-39,22,72,-38,-13,-26,-12,24,70],"closes":[0,8,-11,15,17,47,16,-70,-27,21,9,-3,7,8,5,-17,-23,3,27,-10,-27,40,-23,-10,9,2,32,9,40,-29,-9,9,-6,5,-4,15,-15,18,2,-26,-28,4,1,27,10,-4,-37,28,14,22,20,-49,-28,-13,39,-3,-10,-10,0,1,-10,-13,7,-31,44,-1,1,0,3,2,-3,-6,-17,-4,-20,43,4,-8,-13,7,21,8,-13,-6,-4,4,-12,20,-7,1,-2,1,-43,21,2,0,1,-4,-13,0,-2,15,13,1,-2,6,-6,-8,-4,-14,6,5,-6,12,-10,-8,13,9,31,23,-53,6,9,8,-4,-9,30,-4,-36,24,-19,17,-7,21,-12,-20,22,6,4,-8,12,1,-2,-14,33,41,-44,-13,-26,-5,55,53],"volumes":[0.200304,0.128493,0.02164,0.019721,0.117829,0.098352,0.057011,0.098646,0.08944,0.059616,0.053614,0.180007,0.064368,0.128754,0.081004,0.100892,0.039461,0.137855,0.134918,0.097081,0.140485,0.101949,0.02624,0.03096,0.012357,0.026625,0.043389,0.116841,0.127952,0.100557,0.254454,0.16011,0.23348,0.016663,0.09548,0.027082,0.112269,0.117472,0.121303,0.087823,0.058958,0.206949,0.024725,0.177065,0.135563,0.153881,0.131718,0.152505,0.132505,0.006965,0.130251,0.127336,0.058791,0.058484,0.180008,0.094224,0.114893,0.10069,0.094832,0.115221,0.134419,0.054106,0.161281,0.12831,0.073372,0.261812,0.198293,0.132957,0.073437,0.102698,0.124593,0.036004,0.171352,0.017671,0.054594,0.176225,0.081053,0.125499,0.089814,0.134375,0.026932,0.118032,0.099107,0.058048,0.107545,1.27902,0.157535,0.101481,0.060522,0.154327,0.113801,0.140868,1.117087,0.100759,0.117994,0.029846,0.207192,0.016311,0.096923,0.050445,0.126803,0.109356,0.220469,0.185491,0.094017,0.170733,0.208084,0.122393,0.156725,1.219154,0.010652,0.041616,0.187206,0.221209,0.15341,0.011135,0.041035,0.042065,0.08135,0.118177,0.09076,0.076252,0.162146,0.034315,0.127686,0.022767,0.098435,0.102443,0.039193,0.083545,0.04637,0.162044,0.179284,0.08517,0.03009,0.060303,0.084477,0.119475,0.08278,0.814639,0.046714,0.084367,0.068443,0.118487,0.083222,0.097144,0.088409,0.160008,0.046806,0.030774,0.167512,0.164764]}