{"timestamp":1179014400000,"multiplier":1.0E-5,"open":1.35343,"high":1.3535,"low":1.35337,"close":1.35342,"shift":60000,"times":[1260,1,1,1,1,1,1,1,1,1,1,1,1,1,1,1,1,1,1,1,1,1,1,1,1,1,1,1,1,1,1,1,1,1,1,1,1,1,1,1,1,1,1,1,1,1,1,1,1,1,1,1,1,1,1,1,1,1,1,1,1,1,1,1,1,1,1,1,1,1,1,1,1,1,1,1,1,1,1,1,1,1,1,1,1,1,1,1,1,1,1,1,1,1,1,1,1,1,1,1,1,1,1,1,1,1,1,1,1,1,1,1,1,1,1,1,1,1,1,1,1,1,1,1,1,1,1,1,1,1,1,1,1,1,1,1,1,1,1,1,1,1,1,1,1,1,1,1,1,1,1,1,1,1,1,1,1,1,1,1,1,1,1,1,1,1,1,1,1,1,1,1,1,1,1,1,1,1,1,1],"opens":[0,2,-7,4,2,-2,-15,20,-5,15,11,-16,-2,-3,-7,0,-18,18,-20,0,-6,26,3,2,-5,7,-11,2,0,-16,18,-15,17,19,-16,-10,0,-2,2,-5,-5,0,0,8,-8,-5,3,2,0,-5,3,-10,-23,25,-3,-3,-6,-3,4,-14,-8,1,10,-1,8,1,-4,3,6,6,-22,17,-6,-11,-8,8,3,2,0,-5,-3,0,7,-13,4,0,1,-2,-7,6,-4,6,0,0,-2,-5,7,-5,3,-1,5,-10,14,-6,20,-20,10,5,9,16,-13,0,5,16,5,-5,12,-2,-39,1,5,11,11,-2,5,0,3,14,-7,8,-12,5,4,-15,-7,12,4,43,14,6,-14,-8,7,15,-12,-10,10,0,25,-3,-19,2,5,-6,13,-10,-4,14,3,-5,1,-1,-5,10,2,3,2,2,9,0,0,-6,-7,0,-9,-15,4,-3,9,-9],"highs":[0,-5,0,-3,2,1,-2,11,4,-1,14,-10,-6,-8,-4,5,-12,9,-16,-2,-13,31,-2,5,0,3,-8,5,-6,-6,8,-8,9,16,-16,-10,0,3,-3,0,-7,-3,11,-3,-8,2,-2,0,3,-3,-2,-10,-16,18,0,-6,-4,-5,4,-10,-9,8,0,2,9,-1,0,2,8,-1,-9,4,-6,-7,-4,5,0,0,0,-1,-2,4,-2,-11,2,0,1,-2,-1,3,4,-2,0,-3,-1,-1,2,0,-1,1,5,1,8,0,9,-20,15,14,8,0,-2,-2,5,7,5,10,6,-11,-37,7,14,2,6,-3,3,0,20,1,-4,1,-8,8,-3,-7,-15,19,33,20,10,0,-15,-4,10,8,-14,-2,2,24,1,-1,-14,0,3,3,1,2,-3,4,0,0,1,-4,9,0,1,3,6,-3,5,0,0,-1,-7,-3,-11,0,0,-7,2,-2],"lows":[0,8,-7,-11,11,2,-13,19,-4,-2,18,-6,-2,-12,-3,5,-18,15,-21,-5,-10,39,-10,8,2,5,-13,6,-4,-12,12,-18,26,-6,-6,-3,3,0,-2,2,-5,-3,3,-8,1,2,-3,6,-3,-2,-8,-10,-10,20,-3,-12,5,-5,2,-9,-6,-10,13,5,9,-2,-4,7,5,-13,-6,9,-1,-7,-10,13,-2,7,-3,-5,-2,-1,3,-11,4,0,-9,0,5,0,3,1,0,2,-5,-5,8,0,-6,6,6,-9,8,0,17,-23,2,19,8,8,-4,-2,1,15,10,-10,12,-30,-15,12,4,6,15,-6,3,3,8,5,2,-2,-5,3,-3,-3,-22,25,6,43,12,-5,-19,10,7,8,-12,-3,0,10,6,-4,1,2,5,-12,8,1,-5,13,-2,2,-3,-3,1,1,5,6,3,-5,12,-7,7,-6,-1,-6,-22,-6,13,-4,0,2],"closes":[0,3,-5,-7,10,2,-2,11,3,-8,9,-1,-2,-11,-1,2,-11,6,-11,-2,-20,33,0,5,-2,4,-9,9,-10,-3,3,-15,20,-6,-4,-2,5,-5,5,0,-7,-3,11,-19,8,-5,5,0,-5,5,-15,-3,-10,13,5,-20,5,0,-3,-9,-3,8,0,2,9,-7,6,-3,11,-19,11,-6,-3,-6,2,5,0,0,-2,1,-7,7,-7,-5,3,0,-2,-6,5,4,-4,-2,5,-3,-5,6,2,-2,-1,-2,7,1,9,-2,13,-23,1,24,15,-8,6,-3,6,6,5,2,-1,-30,-2,7,7,5,7,-2,5,0,20,1,-5,-4,-2,8,-13,3,-30,34,33,15,11,-11,-12,8,4,5,-7,0,2,24,-6,-9,-3,4,0,6,-10,4,6,4,-3,3,-2,-9,17,-11,10,5,-5,8,0,2,-3,0,-2,-10,-19,-10,16,2,-9,2],"volumes":[318.5,368.5,245.1,325.5,352.0,462.2,458.2,380.1,266.0,283.9,424.1,218.3,244.6,196.2,167.8,310.4,200.5,360.1,287.9,407.5,263.2,216.4,423.5,371.0,302.4,242.0,259.0,327.3,356.9,370.2,368.1,313.3,188.6,314.1,370.2,241.1,285.7,352.0,391.8,362.0,107.4,391.1,299.2,243.2,341.9,230.0,359.2,292.9,550.5,469.6,436.4,297.1,217.1,325.9,255.9,416.9,242.7,344.0,211.7,348.6,257.6,260.2,303.4,413.7,227.1,285.4,379.9,230.2,265.8,268.0,198.8,531.9,242.5,242.3,220.5,205.2,395.3,419.6,345.1,229.6,362.2,481.6,358.9,475.9,352.6,181.6,358.8,253.6,226.8,305.3,285.3,292.7,371.1,294.8,217.0,414.7,459.9,152.5,372.5,103.0,135.0,224.0,405.6,285.9,147.8,170.0,341.1,409.2,446.2,204.5,339.7,301.2,283.7,231.2,249.0,189.2,429.1,340.6,497.6,292.0,365.9,469.5,269.6,320.6,382.8,275.7,442.0,195.8,600.5,434.2,274.3,243.7,210.8,447.9,283.6,325.7,279.7,211.9,454.1,214.2,249.1,276.6,305.3,356.9,372.2,235.0,312.6,410.0,350.1,179.5,192.7,245.9,401.6,321.7,335.4,486.2,229.6,293.1,350.4,161.8,291.5,323.7,351.7,393.3,349.9,155.8,358.5,263.1,364.1,538.6,239.8,283.7,290.2,493.0,266.9,433.9,398.8,425.3,417.1,163.2]}