{"timestamp":1179014400000,"multiplier":0.001,"open":670.365,"high":670.453,"low":670.343,"close":670.343,"shift":60000,"times":[1320,1,3,1,2,1,3,2,4,1,1,2,2,3,3,1,1,1,1,1,2,1,1,3,2,1,1,1,1,1,5,1,1,2,1,1,1,1,2,1,1,1,1,3,1,1,1,1,1,1,1,1,1,1,1,1,1,1,1,1,1,1,1,1,1,1,1,1,1,1,1,1,2,1,1,2,1,1,1,1,1,1,1,1,1,1,1,1,1,1,1],"opens":[0,28,-50,42,10,22,-32,62,-50,-17,-24,66,-5,-63,56,-83,191,-84,84,-156,292,22,-199,-146,129,124,144,33,-95,30,54,8,-247,147,113,126,209,12,7,-117,-95,31,191,-55,-54,-119,99,-28,95,2,170,159,-367,-33,179,-38,186,73,21,109,-35,-159,124,104,-200,1,-11,-131,36,155,75,35,4,317,-266,51,-20,-66,66,-164,82,-98,1,-81,77,29,108,104,-28,-138,-106],"highs":[0,-17,-16,44,-54,73,-45,14,-55,49,15,73,-117,35,-42,71,68,-19,-12,123,103,-68,-148,-96,135,199,41,39,-118,62,57,-78,-85,92,210,167,16,8,8,-142,-67,182,42,-17,-115,-81,29,100,-24,156,62,94,-305,50,105,42,195,11,40,19,1,-137,130,13,-165,-34,-11,-106,150,164,-5,-18,318,-12,-157,-42,-36,100,-100,-164,82,-35,21,-11,93,-24,41,66,-39,-135,8],"lows":[0,34,-58,27,-82,111,-15,21,-133,97,11,3,-41,36,17,-44,13,26,-106,46,319,-104,-186,-18,110,152,95,-7,-22,45,18,-205,8,122,127,39,277,9,-32,-177,37,31,104,-19,-40,-116,91,12,17,68,160,-143,-65,-9,41,100,181,45,54,102,-275,30,182,-115,-27,-27,-67,-53,58,185,-11,57,25,115,-21,-78,-16,59,-86,-132,85,-14,-64,-2,96,29,96,-6,-98,-13,-106],"closes":[0,34,43,12,-168,137,25,-5,-173,179,-4,7,-94,83,-48,110,-46,95,-208,319,51,-130,-216,70,151,199,-17,-82,30,52,98,-344,148,125,77,260,56,-65,-4,-224,100,182,-62,-67,27,-69,2,66,-62,255,62,-165,-98,81,-14,182,179,-100,149,3,-275,154,149,-206,54,-60,-69,-74,202,61,-18,28,265,-130,69,-172,102,51,-151,-118,26,-14,29,-36,101,66,3,119,-231,37,-98],"volumes":[0.00399,0.00297,0.00529,0.00473,0.00278,0.00242,0.00208,0.002857,0.00391,0.00249,0.00265,0.00354,0.00701,0.00255,0.00173,0.00367,0.00286,0.00424,0.00328,0.00489,0.00601,0.00301,0.00342,0.00138,0.00274,0.00406,0.00615,0.0026,0.00508,0.00381,0.0033,0.00286,0.00361,0.00321,0.00394,0.00844,0.00435,0.00273,0.00204,0.00387,0.00258,0.003215,0.00329,0.003577,0.00387,0.0041,0.00249,0.00271,0.002795,0.0057,0.00285,0.00475,0.00206,0.00388,0.006495,0.00373,0.00281,0.00296,0.00434,0.001175,0.00629,0.00226,0.005573,0.00323,0.003286,6.5E-4,0.00278,0.002983,0.004283,0.00342,0.00541,0.00185,0.0059,0.00477,0.00204,0.00222,0.00236,0.00286,0.00259,0.00331,0.00394,0.00268,0.00504,0.00289,0.00523,0.00268,0.00286,0.00231,0.0052,0.00414,0.006197]}