{"timestamp":1532822400000,"multiplier":0.001,"open":7663.75,"high":7663.75,"low":7661.73,"close":7661.73,"shift":60000,"times":[1321,1,1,1,1,1,1,1,1,1,1,1,1,1,1,1,1,1,1,3,1,1,1,1,2,1,3,4,1,1,4,1,1,1,1,3,1,9,1,1,1,4,1,1,1,3,1,1,1,1,1,1,1,1,1,1,9,1,1,1,1,1,1,1,1,1,1,1,1,1,1,1,1,1,1,1,1,1,1,1,1,1,1,1,1],"opens":[0,-2021,2902,-1,-861,1900,-2699,5660,-461,2400,1500,-1499,-2301,701,-400,1200,-801,1800,800,-1600,1,-700,-2540,5139,-1200,326,1275,699,1,-701,701,1599,1,0,-1141,-329,329,-2360,1020,-340,-1279,1000,-700,699,0,400,401,799,801,920,670,-891,0,0,890,-89,-580,-220,0,-1500,710,-710,0,-800,-800,1300,-500,0,-801,0,0,291,-1020,680,-651,0,-1369,670,-901,1240,361,1319,0,-619,1970],"highs":[0,2019,301,-1440,2470,-1031,2680,681,3039,-1099,700,-1500,-1601,1,0,800,1800,-801,800,-914,115,-800,2300,0,-801,-139,940,700,0,-701,1501,799,1,0,-1141,-329,329,-670,1,-670,-620,0,-700,1320,-621,961,1009,-370,801,920,670,-891,221,-221,890,-89,-580,-220,0,-1500,710,-710,0,-800,-800,1300,-500,500,-1301,620,-620,291,-1020,680,-651,0,-1369,670,-901,2251,669,681,-340,1009,1],"lows":[0,-2020,4859,-2300,1500,-1499,-1,4700,800,2800,800,-2400,-700,0,0,700,0,1800,0,-800,0,-1499,-1740,4739,-800,326,1275,-1,1,-1,701,800,-1,-1009,0,340,329,-2360,1020,-340,-1279,940,-640,699,0,400,401,799,801,920,-681,1,459,0,890,-89,-580,-220,-1130,-370,370,-370,-300,-681,-619,1300,-500,-181,-620,0,0,-1399,670,680,-651,-700,-669,670,-1700,2039,340,1340,0,-619,799],"closes":[0,3639,0,-2400,2401,-3100,6479,680,1941,-1,0,-2400,-700,0,700,401,2200,-801,0,-400,-400,-139,1639,0,-800,661,940,299,400,-700,1501,0,-1,-1009,0,340,329,-670,-670,1,-620,-60,-640,1320,-621,961,1009,-370,801,920,-1,-679,680,-221,890,-89,-580,-220,-1130,-370,370,-370,-300,-681,-619,1300,-500,-180,-621,620,-620,-1399,670,680,-651,-700,-669,670,-901,2250,1,1350,-681,1020,-840],"volumes":[7.8E-4,0.0048,0.006578,0.004692,0.005554,0.00392,0.006254,0.002996,0.004866,0.00555,0.00333,0.00111,0.00111,7.4E-4,0.00407,0.00296,0.00222,3.7E-4,8.6E-4,0.00123,0.00222,0.00592,0.00323,0.00185,0.00382,7.4E-4,4.9E-4,0.00259,0.00185,3.7E-4,7.4E-4,0.00259,7.4E-4,0.0015,2.6E-4,1.3E-4,1.3E-4,0.001074,3.76E-4,1.88E-4,9.8E-4,4.64E-4,4.9E-4,5.84E-4,4.9E-4,5.84E-4,5.84E-4,4.9E-4,4.9E-4,9.4E-5,0.001116,4.64E-4,4.64E-4,4.9E-4,9.4E-5,4.9E-4,1.3E-4,4.9E-4,5.58E-4,4.9E-4,1.88E-4,4.9E-4,4.64E-4,4.64E-4,4.9E-4,9.4E-5,4.9E-4,0.00168,4.9E-4,4.64E-4,4.9E-4,7.46E-4,9.4E-5,9.4E-5,4.9E-4,7.46E-4,9.4E-5,9.4E-5,0.00147,9.34E-4,0.001768,1.88E-4,2.82E-4,7.72E-4,0.001298]}