{"timestamp":1531008000000,"multiplier":0.001,"open":7627.23,"high":7628.599,"low":7627.23,"close":7628.599,"shift":60000,"times":[1320,1,1,1,1,1,1,1,1,1,1,1,1,1,1,1,1,1,1,1,1,4,1,16,1,1,1,1,1,1,1,1,1,2,1,1,1,3,1,1,1,1,1,1,3,1,1,1,1,1,1,1,1,1,1,1,1,1,1,2,1,1,1,1,1,1,1,1,1,1,1,1,1,1,1,1,1,1,1,1,1,1,1,1,1,1,1,1,1,1,1,1,1,1,1,1],"opens":[0,2049,2681,1509,-239,-1370,810,0,1240,-441,-579,-921,0,0,700,0,1601,0,-201,-1299,-701,-799,800,-470,-330,400,-709,-7362,-809,-3721,4060,-1840,-1519,1019,-1719,1369,-2170,650,680,-340,-1790,771,679,-2950,901,-1700,1389,680,1231,-211,1031,-2220,899,340,1030,340,-309,0,-801,401,1199,0,1500,400,-799,1199,-1199,399,1600,1,0,-1,-799,0,-800,-1500,-400,-1,400,300,-299,-1,1,-1,700,0,-1500,-340,341,800,-1511,2371,1340,160,-2361,1200],"highs":[0,2681,4680,-2051,-679,680,-680,-560,1240,0,-681,-1260,0,0,700,2400,-799,800,-1001,-1299,-701,211,-210,-470,-330,669,-670,-7139,-1001,340,1,-1500,-2200,1019,-349,350,-2521,651,680,-341,-1790,1450,0,-2950,1581,-1681,690,1360,691,680,0,-2001,1371,-1,710,801,-800,0,-801,1600,0,1500,1601,-800,-1,0,-800,1600,1,0,699,-699,-800,0,-800,-800,-700,-1,0,300,401,0,-400,399,400,-400,-700,-799,400,400,520,1340,679,501,-2180,339],"lows":[0,1370,3360,239,-339,0,690,120,899,-340,-679,-581,0,0,700,0,1601,-1,-1989,0,-211,-799,800,-470,-330,329,-8000,-819,10,-3721,3720,-1500,-1519,1019,-1719,529,-1330,650,1,-1,-1450,771,-691,-1580,900,-1699,1389,680,680,1,1030,-1880,219,681,999,401,0,-801,0,0,1,1599,700,1,-1,0,1,799,800,801,-1,-799,0,-801,-799,-1501,-800,800,800,1,-1,0,-800,800,700,-1500,-800,460,341,-801,90,2371,809,691,-2361,1],"closes":[0,2681,2630,-1361,-350,1030,0,-559,1239,-680,-679,-581,0,0,700,2400,-799,799,-2109,-680,-211,211,-210,-470,-330,329,-8000,-809,0,679,-680,-1319,-1700,1019,-689,-501,-1330,651,680,-681,-1450,1110,-1030,-1580,900,-1000,690,1360,340,350,681,-2001,681,689,710,1,0,-801,0,1600,0,1500,1,-800,1599,-1600,800,1600,1,0,-1,-799,0,-800,-800,-1501,801,-1,0,1,-1,1,-1,700,0,-1500,-800,801,400,-1200,1769,1691,-191,691,-1500,-860],"volumes":[3.9E-4,0.00234,0.040804,0.024098,0.008346,0.008252,0.023252,0.01,2.82E-4,0.038722,2.82E-4,0.01,0.015,0.0175,0.01,0.09,0.015,0.15,0.00797,0.007594,0.01,0.017782,0.01,1.3E-4,0.01,0.010188,0.015376,7.52E-4,3.76E-4,0.010188,9.4E-4,3.76E-4,0.01,9.4E-5,0.010188,4.7E-4,0.01,1.88E-4,4.7E-4,1.88E-4,0.01,3.76E-4,1.88E-4,0.01,4.7E-4,0.010094,9.4E-5,1.88E-4,0.00844,0.002914,4.7E-4,0.010094,0.069286,2.82E-4,0.037876,0.022782,0.025,0.015,0.01,0.0625,0.0675,0.1325,0.2025,0.1725,0.075,0.12,0.06,0.105,0.03,0.01,0.03,0.0525,0.01,0.06,0.015,0.1275,0.2925,0.075,0.01,0.0175,0.03,0.03,0.1125,0.015,0.03,0.16,0.045,0.007594,0.025,0.1275,9.4E-4,1.88E-4,5.64E-4,9.4E-4,0.010094,0.010282]}