{"timestamp":1531612800000,"multiplier":1.0E-5,"open":1.00114,"high":1.00116,"low":1.001,"close":1.00111,"shift":60000,"times":[1260,1,1,2,1,1,1,1,1,1,1,1,1,1,1,1,1,1,1,1,1,1,1,1,1,1,1,1,1,1,1,1,1,1,1,1,1,1,2,1,1,1,3,1,1,1,1,3,1,1,1,2,1,1,1,1,1,1,1,1,1,1,1,1,1,1,1,1,1,1,1,1,1,1,1,1,1,1,1,3,1,1,1,1,1,1,1,1,1,2,4,1,1,1,1,2,1,1,1,1,1,1,1,1,1,2,1,1,1,1,1,1,1,1,1,1,1,1,1,1,1,1,1,1,1,1,1,1,1,1,1,1,1,1,1,1,2,1,1,1,1,1,1,2,1,1,1,1,1,1,1,1,1,1,1,1,1,1,1,1,1,1,1],"opens":[0,-3,4,5,3,28,7,-9,-3,-20,-1,0,2,15,-3,-5,-5,-21,-1,13,1,0,3,-12,13,1,-19,-4,2,22,-6,-4,-20,2,18,-5,-1,0,18,-21,13,25,0,-34,-3,-12,0,-1,0,1,1,-1,10,-1,73,-1,20,-11,0,9,1,1,0,1,0,1,-1,-1,0,0,0,0,1,2,-2,0,1,-1,0,10,0,0,3,7,1,0,0,-1,0,2,-4,-4,2,-4,2,2,-4,-11,1,5,0,-1,3,0,-3,2,4,0,1,-2,1,1,-1,1,-1,6,21,-3,-4,-8,-3,1,4,0,0,0,3,1,0,0,-3,0,0,0,0,0,0,0,-5,-1,-9,1,-11,11,-1,0,9,0,-1,0,7,5,0,0,0,1,0,1,-12,-1,0,0,0],"highs":[0,1,10,-3,28,7,0,-10,-3,-17,-4,3,27,-13,-3,-5,-5,-21,20,-7,5,-3,12,-10,0,1,-19,1,19,21,-25,-6,2,-20,46,-33,1,-2,18,2,12,5,-1,-35,-2,-13,0,-1,2,0,0,0,9,79,-5,16,1,-11,11,0,1,0,0,0,0,1,5,-6,0,0,-1,0,1,2,-1,-1,5,-4,9,0,0,4,7,0,0,0,0,0,0,1,-4,-2,0,-4,4,0,-4,-11,9,-3,0,2,0,0,-3,6,1,0,0,0,0,0,1,-1,6,14,7,-4,-4,-5,-5,6,-2,0,0,0,4,0,1,-1,-3,0,0,0,0,0,0,0,-5,0,-9,2,-4,2,1,9,-2,3,-3,1,9,2,-1,0,0,1,1,0,-12,-1,1,-1,1],"lows":[0,11,4,5,3,28,-1,-3,-18,-4,0,-1,2,13,-4,-5,-1,-22,0,7,7,-6,-12,9,13,1,-22,-1,2,15,-3,0,-20,1,15,-1,-1,-1,-1,-3,15,25,-35,-3,-4,-7,0,-1,0,1,0,0,8,1,70,1,10,-1,1,9,0,0,2,0,1,0,-2,1,-2,0,2,0,1,0,0,0,0,0,0,10,0,0,3,7,0,0,1,-1,0,1,-10,3,-2,0,2,-2,-12,1,1,5,-1,-6,9,-1,-2,-1,7,0,0,-1,1,0,0,1,-1,6,21,-8,-5,-5,-1,2,4,0,0,0,3,1,0,-3,0,0,0,0,-1,1,0,-5,-1,-8,-2,-11,2,9,1,0,9,-1,0,0,7,4,1,0,-1,1,0,-10,0,-1,0,0,0],"closes":[0,2,12,-1,28,7,-9,-3,-18,0,-4,2,17,-5,-4,-5,-1,-22,14,-1,6,-3,-16,17,1,1,-22,4,18,-4,-4,-1,-19,0,15,-1,1,-2,-2,-3,37,3,-35,-2,-1,-11,0,-1,2,0,-1,1,8,71,0,20,-8,-2,11,-1,1,0,1,0,0,0,-2,1,-2,2,0,0,1,1,0,-1,0,1,9,0,0,4,6,1,-1,1,0,0,0,1,-10,4,-4,0,4,-4,-12,1,6,0,-1,3,0,-1,-2,6,1,-1,1,-1,0,1,1,-1,5,15,7,-8,-6,-5,0,7,-2,0,0,0,4,0,0,-2,-1,0,0,0,0,0,0,-5,0,-9,-1,-10,9,1,0,10,-1,1,-2,1,10,1,0,0,-1,2,1,-12,0,-1,0,0,1],"volumes":[20.25,10.86,6.29,6.62,44.25,27.5,9.5,2.5,20.0,9.5,2.0,14.86,10.37,2.5,4.5,4.0,1.0,4.12,9.87,17.86,5.0,3.5,13.75,17.0,1.0,1.0,2.49,8.47,14.1,22.12,8.75,1.0,8.99,2.0,30.32,1.0,4.0,3.0,14.25,8.0,3.0,4.74,16.01,15.25,8.75,6.36,1.12,1.5,3.62,5.87,3.37,6.74,1.48,54.72,15.76,14.56,25.78,6.02,60.27,77.81,69.86,78.4,4.78,3.5,2.0,2.57,21.85,10.9,39.71,37.94,2.5,1.0,1.0,9.63,3.5,3.5,18.63,4.0,31.71,2.5,2.5,11.63,24.32,14.06,7.75,10.56,2.0,8.63,8.19,5.5,11.63,52.64,13.07,3.19,2.0,4.75,37.25,1.19,57.58,15.73,10.55,44.91,5.07,4.88,3.38,33.7,6.69,9.38,5.69,3.94,7.5,5.94,2.25,1.0,19.82,50.0,14.83,82.34,93.77,31.2,19.38,20.5,5.0,3.19,10.5,3.56,40.6,91.08,8.31,27.06,6.0,1.5,3.0,1.5,9.62,1.5,4.88,7.17,21.93,80.54,47.39,79.74,13.99,16.99,16.31,33.26,7.88,16.7,24.27,25.57,17.55,18.3,8.56,1.69,17.12,6.56,7.49,12.6,1.12,12.8,20.81,11.45,5.82]}