{"timestamp":1463875200000,"multiplier":1.0E-5,"open":0.94693,"high":0.94693,"low":0.94693,"close":0.94693,"shift":60000,"times":[1261,3,2,1,1,1,1,1,1,1,1,1,1,1,1,1,1,1,1,1,1,1,1,1,1,1,1,1,1,1,1,1,1,1,1,1,1,1,1,1,1,1,1,1,1,1,1,1,1,1,1,1,1,1,1,1,1,1,1,1,1,1,1,1,1,1,1,1,1,1,1,1,1,1,1,1,1,1,1,1,1,1,1,1,1,1,1,1,1,1,1,1,1,1,1,1,1,1,1,1,1,1,1,1,1,1,1,1,1,1,1,1,1,1,1,1,1,1,1,1,1,1,1,1,1,1,1,1,1,1,1,1,1,1,1,1,1,1,1,1,1,1,1,1,1,1,1,1,1,1,1,1,1,1,1,1,1,1,1,1,1,1,1,1,1,1,1,1,1,1,1,1,1,1,1,1],"opens":[0,-101,36,31,-1,1,0,5,3,0,-8,12,17,-1,1,-1,1,21,-1,32,-6,24,-2,6,22,10,-12,-22,2,0,-14,-3,35,-11,5,40,-49,6,1,-13,10,0,-9,7,-5,-7,38,0,-9,0,0,0,0,-11,-21,27,-1,10,10,4,5,12,11,5,-4,0,-11,-1,20,-12,-5,4,-6,-3,-9,3,3,8,-22,-4,-1,15,-16,-3,3,0,-2,-1,-10,-2,2,0,15,-1,0,2,0,-15,-13,13,-3,16,35,4,-11,-27,3,5,-9,1,-2,-8,-12,4,5,-11,12,20,-10,15,9,16,-1,-5,12,-6,0,-19,0,-12,5,1,-5,4,16,-5,4,11,-10,0,-6,5,-4,-1,-4,4,-2,-3,5,1,12,-14,-3,-10,5,-8,14,-7,19,-2,-2,10,12,10,3,-5,-30,6,18,7,-9,-22,-4,-6,1,15],"highs":[0,-74,45,-5,0,0,14,-5,0,3,0,17,0,0,0,0,29,-7,31,14,13,0,-12,29,9,0,-12,-8,-3,-9,1,33,-3,-10,52,-21,-44,11,-9,-6,3,0,22,-24,-5,16,30,-15,-4,0,-5,4,1,-15,4,1,22,11,-2,-3,12,14,2,0,-2,-2,0,14,-6,-12,1,0,-8,3,-10,10,20,-20,-18,-2,5,2,-16,0,0,0,-2,-1,-5,-6,1,14,5,8,-6,-3,-2,-15,2,-2,15,38,3,0,-14,-16,-2,-2,-8,2,-4,-8,-5,2,0,-8,39,-10,10,5,15,5,-5,6,2,-8,0,-18,-1,-1,5,-10,-5,20,0,5,-1,12,-16,0,-5,4,-4,-1,6,-5,6,-6,12,0,0,-14,0,-1,-6,5,0,10,2,-2,8,18,6,4,-2,-6,-24,24,6,-4,-2,-19,-11,-5,10,6],"lows":[0,-116,51,30,0,1,-1,3,6,-8,0,-1,29,0,0,0,0,-1,21,26,1,24,-2,6,22,-2,-21,-1,-8,-12,-7,1,29,6,-35,-8,28,17,-4,-8,-1,-3,5,-1,-9,1,42,-6,-3,-1,0,1,-11,-23,-2,31,-21,30,10,2,4,5,21,1,-4,-6,-8,6,2,-1,2,-2,-2,-17,7,1,-16,11,-11,-5,4,-2,-1,2,1,0,-2,-10,-1,0,1,0,12,3,0,-1,-13,-12,-1,10,1,16,28,-1,-23,-3,-6,5,0,-8,-3,-10,0,4,-7,1,6,15,1,14,10,11,-1,0,6,0,-30,9,-13,-2,10,-15,-3,18,6,5,-4,-2,2,-3,6,1,-5,-10,4,6,0,-4,3,5,-2,-2,-11,0,-4,1,4,1,18,0,-2,8,12,14,-6,-26,-2,8,14,2,-27,-4,-21,10,10,-9],"closes":[0,-114,80,-1,1,0,4,4,0,-8,11,18,-1,1,-1,1,21,-1,32,-7,35,0,-12,26,2,-2,-10,-10,-10,-10,-6,44,-5,-5,51,-55,4,11,-14,-4,1,-9,12,-8,-4,23,30,-20,0,0,-4,4,-14,-21,25,1,9,13,2,2,14,11,4,-2,-1,-6,-5,19,-13,-3,5,-8,-2,-14,7,6,3,-12,-13,-1,13,-17,2,1,1,-2,-1,-11,-1,0,2,14,0,4,1,-4,-13,-14,13,-3,13,38,7,-14,-24,0,-1,-2,0,1,-13,-9,6,2,-11,2,35,-10,10,9,16,0,-6,12,-6,0,-20,1,-11,4,0,-4,-1,21,-5,4,5,-5,1,-6,1,0,-1,-4,10,-5,-5,4,1,5,-8,1,-12,4,-7,13,-6,16,-1,-1,10,14,10,3,-6,-31,4,20,6,-4,-25,-5,-6,1,9,-15],"volumes":[0.75,3.25,14.0,13.0,10.0,10.0,30.25,16.0,34.63,16.37,14.0,20.37,11.0,18.75,22.75,17.0,35.5,17.0,30.0,5.5,8.0,2.75,3.5,47.74,8.0,2.75,10.37,14.25,36.5,83.62,162.07,152.5,98.11,55.19,56.22,37.02,18.67,6.25,4.62,12.5,24.5,8.5,32.75,12.5,24.5,26.22,20.37,27.62,4.0,6.0,3.0,5.0,16.25,25.85,11.49,0.75,90.34,65.25,66.0,22.5,35.0,68.09,26.5,15.74,33.11,8.98,25.97,29.48,37.5,18.25,11.0,13.86,5.62,44.22,17.24,20.61,63.67,25.37,28.73,40.44,32.22,26.6,22.5,14.5,25.6,9.48,6.37,16.11,9.87,14.74,21.32,30.55,43.13,50.76,6.6,24.55,46.38,50.99,42.19,31.33,68.97,76.87,42.51,34.32,23.61,24.84,27.08,14.33,18.71,36.33,27.86,8.23,11.45,6.11,29.42,18.7,43.87,27.0,46.86,31.5,56.0,26.5,25.5,20.0,19.0,12.0,31.5,24.0,38.23,36.98,22.74,32.86,20.5,29.62,22.62,28.46,20.61,42.85,12.0,30.85,9.0,9.0,7.75,20.25,18.5,12.75,25.73,17.5,45.23,61.99,28.99,12.0,24.75,65.83,36.46,12.87,21.99,32.96,17.47,13.1,23.47,24.49,43.09,17.62,21.12,26.23,21.24,75.09,45.74,19.0,45.98,39.35,45.12,29.5,40.0,33.0]}