{"timestamp":1462665600000,"multiplier":1.0E-5,"open":0.73545,"high":0.73548,"low":0.73534,"close":0.73534,"shift":60000,"times":[1260,1,1,1,1,1,1,1,1,1,1,1,1,1,1,1,1,1,1,1,1,1,1,1,1,1,1,1,1,1,1,1,1,1,1,1,1,1,1,1,1,1,1,1,1,1,1,1,1,1,1,1,1,1,1,1,1,1,1,1,1,1,1,1,1,1,1,1,1,1,1,1,1,1,1,1,1,1,1,1,1,1,1,1,1,1,1,1,1,1,1,1,1,1,1,1,1,1,1,1,1,1,1,1,1,1,1,1,1,1,1,1,1,1,1,1,1,1,1,1,1,1,1,1,1,1,1,1,1,1,1,1,1,1,1,1,1,1,1,1,1,1,1,1,1,1,1,1,1,1,1,1,1,1,1,1,1,1,1,1,1,1,1,1,1,1,1,1,1,1,1,1,1,1,1,1,1,1,1,1],"opens":[0,-11,0,38,10,9,0,3,-2,0,-1,-38,11,-8,-6,-15,4,1,0,-4,1,-1,0,0,0,4,51,6,-10,-31,0,2,19,1,-40,-22,28,-1,-10,-1,5,9,-4,-6,3,-3,1,-1,0,0,11,0,25,1,-1,1,29,0,1,19,21,0,0,1,-1,0,17,13,2,13,25,-23,-9,0,-9,1,16,13,0,7,-6,8,2,17,12,-8,7,-19,6,5,-4,1,20,-18,2,5,8,2,-13,31,1,1,-5,18,5,-7,16,-7,3,0,-3,-1,0,10,-15,-20,-45,19,13,-32,6,14,1,2,29,1,11,-1,-35,-4,29,-3,-9,0,9,10,-16,-8,16,-6,5,9,-12,3,1,0,-1,30,1,0,-1,-43,0,-1,-18,-9,15,-17,-11,-8,-1,1,-7,-2,-18,-3,12,20,9,15,-1,-11,-2,2,-2,-5,9,-4,12,-2],"highs":[0,-13,33,14,0,9,18,-15,-2,0,-1,-36,11,-7,-9,-11,1,3,-3,-3,0,-1,0,0,4,67,-12,2,-6,-34,0,21,-1,1,-39,3,2,0,-11,28,16,-30,-4,-5,1,-1,0,-1,0,10,0,26,1,0,0,29,0,11,8,21,6,1,-6,0,-1,26,10,0,12,26,-4,-22,1,-9,-10,24,3,10,2,-3,7,0,14,9,12,-9,-1,-6,1,-3,9,8,0,-10,0,17,-8,2,17,-1,2,0,17,19,-18,23,-12,-9,4,4,-8,-1,10,0,-11,-24,-25,12,0,-30,19,1,3,27,2,11,-1,-1,-35,27,-1,-4,-8,9,14,-5,-16,8,0,5,4,-1,-9,10,-4,-5,30,1,-1,0,-1,-42,-1,-1,-7,-2,-2,-13,-16,-7,12,-11,-9,2,-20,10,17,11,17,-4,-1,-11,1,1,-4,3,1,9,3,-1],"lows":[0,0,0,38,9,10,-8,-1,10,-1,-51,7,12,-10,-15,1,4,-2,1,-2,0,0,0,0,0,4,32,16,-33,1,0,2,19,-43,-29,11,26,-10,0,-2,2,1,3,0,-1,0,1,0,0,0,10,0,26,0,0,1,20,7,3,19,10,10,-1,2,-1,1,17,9,1,15,2,-7,-5,-4,-9,10,17,8,5,-1,2,8,-1,19,5,-8,-7,3,0,4,-4,8,-11,13,2,5,1,-5,1,28,3,-3,0,18,-5,3,8,0,0,-1,0,1,0,-6,-19,-68,23,19,-19,-1,4,17,1,1,10,21,2,-28,-5,2,19,-2,0,-1,10,-9,-11,3,9,0,6,-16,11,8,-1,-8,9,28,-5,7,-42,-9,-2,-9,-10,-2,-2,-9,-9,1,0,-9,-2,-18,-2,2,11,17,13,14,-11,-7,5,-4,-1,-14,19,-2,12,-6],"closes":[0,1,33,14,-1,10,3,-2,0,-1,-46,2,12,-5,-19,4,1,3,-5,-1,-1,0,0,0,4,51,3,-3,-35,1,0,21,-1,-43,-19,27,2,-11,-1,10,7,-9,-4,2,-1,1,0,-1,0,10,-1,26,1,-1,0,30,1,11,8,21,0,-1,2,-1,0,20,14,-4,15,25,-24,-8,0,-8,0,18,8,2,8,-6,8,2,16,10,-5,8,-22,8,5,-3,-1,21,-20,3,6,6,3,-11,31,-2,2,-4,18,5,-7,17,-9,1,-1,-1,1,0,10,-15,-20,-45,20,12,-32,1,20,1,1,29,2,9,-1,-32,-7,32,-5,-8,-1,9,10,-16,-10,18,-4,3,10,-10,0,1,0,0,30,-1,0,1,-43,-1,-4,-15,-10,16,-17,-11,-8,-1,3,-10,-2,-18,-2,12,20,11,13,-1,-11,-3,4,-2,-6,7,-2,13,-3,-2],"volumes":[4.46,0.74,4.11,5.25,4.25,4.0,15.69,8.0,6.75,5.0,28.45,13.9,10.0,20.07,23.08,12.13,7.61,13.54,4.37,13.14,8.76,7.76,7.76,8.26,14.59,29.86,12.03,8.49,15.0,10.0,7.0,11.38,4.82,38.26,31.5,25.47,6.0,8.75,7.5,48.3,36.75,13.25,4.12,3.0,6.0,6.0,4.0,2.0,2.0,6.5,9.5,11.25,13.01,3.19,15.05,20.33,20.44,17.51,18.25,11.01,70.69,40.65,19.71,13.24,32.4,68.68,48.34,71.31,51.15,62.89,96.51,77.98,51.07,37.27,40.9,62.74,36.77,51.24,19.05,42.85,42.45,43.16,54.11,21.94,63.29,34.6,30.41,30.0,26.28,29.27,46.58,30.04,30.5,36.94,34.06,60.03,52.76,39.08,40.26,26.63,14.64,46.52,92.97,91.4,48.21,38.07,28.94,11.31,18.32,31.67,15.49,17.1,50.01,48.02,55.29,77.99,22.22,77.81,72.4,30.6,32.85,4.13,25.32,48.1,36.23,12.0,24.29,48.73,9.95,36.42,46.47,24.04,13.94,39.57,30.95,29.15,39.74,32.55,27.13,51.64,50.22,57.63,33.46,33.43,23.95,22.76,67.16,23.43,28.13,10.89,44.04,84.25,51.08,50.91,59.91,49.52,54.44,62.96,41.72,37.47,48.13,52.18,33.11,62.61,47.69,34.27,34.04,29.2,32.28,18.5,19.84,68.3,6.25,34.14,23.18,61.62,3.69,47.01,32.6,31.81]}