{"timestamp":1462060800000,"multiplier":1.0E-5,"open":0.95732,"high":0.95744,"low":0.95732,"close":0.95743,"shift":60000,"times":[1260,1,1,1,1,1,1,1,5,1,3,1,5,4,4,1,1,1,1,1,1,1,1,1,1,1,1,1,1,1,1,5,1,1,1,1,1,1,1,1,1,1,1,1,1,1,1,1,1,1,1,1,1,1,1,1,1,1,1,1,1,1,1,1,1,1,1,1,1,1,1,1,1,1,1,1,1,1,1,1,1,1,1,1,1,1,1,1,1,1,1,1,1,1,1,1,1,1,1,1,1,1,1,1,1,1,1,1,1,1,1,1,1,1,1,1,1,1,1,1,1,1,1,1,1,1,1,1,1,1,1,1,1,1,1,1,1,1,1,1,1,1,1,1,1,1,1,1,1,1,1,1,1,1,1,1,1,1,1,1],"opens":[0,0,-1,-1,-8,7,0,-3,50,-11,7,-7,-7,2,0,32,-19,41,-39,7,-13,8,-6,48,16,-27,9,37,-20,-21,-4,-2,6,1,-2,2,-1,4,8,-4,-8,21,-9,-9,9,2,13,4,-7,0,0,8,14,12,13,-9,15,9,30,-33,7,-13,-2,-3,11,12,-1,-5,-2,7,-15,-2,-7,-6,-3,7,24,22,1,0,-7,8,-1,0,5,0,1,0,-12,-22,0,0,1,9,-1,1,0,0,8,24,-5,-6,-22,1,1,-3,2,-1,-1,-15,-7,6,0,11,-13,7,-2,-11,-9,-1,-8,3,0,-4,2,1,0,-3,2,-2,2,8,-6,0,25,0,-2,0,3,-11,3,-1,-6,5,0,-3,-1,1,-2,1,1,-2,-7,-1,1,4,5,-9,2,-1],"highs":[0,-2,-11,4,-5,0,-1,41,6,-11,7,-7,-5,0,21,51,-18,15,-41,42,-53,0,42,26,-10,-13,18,14,0,-41,3,-9,13,3,-10,1,10,-4,5,-4,13,5,-10,-1,6,15,-1,-1,-9,4,10,15,18,13,1,-8,15,24,-1,-26,7,-19,-1,0,18,1,7,-12,4,-1,-12,-5,-6,-4,8,18,20,5,0,-2,16,-11,-6,7,-1,0,3,-2,-12,-22,0,1,8,0,0,0,0,14,20,0,-7,-6,-20,0,0,3,-4,1,-3,-14,-1,1,17,-8,-5,0,-3,-11,-9,0,-4,-2,3,-6,2,0,0,-2,4,-3,8,0,-6,33,0,-1,-8,2,0,-2,0,-7,4,-5,0,0,-3,0,0,0,3,-5,-6,0,2,6,0,-7,0,4],"lows":[0,-2,-5,-5,2,1,3,0,49,-11,8,-7,-7,-2,-4,28,-23,17,1,-6,0,2,0,38,1,-2,9,10,-16,1,-3,-2,6,1,-4,4,-1,4,2,-7,-3,16,-18,2,13,3,14,-2,-5,1,2,7,13,13,1,5,7,9,7,-8,3,-5,-1,-1,11,9,-2,-5,2,-10,1,-7,-7,-8,3,9,24,22,-5,-2,-1,9,0,0,1,0,1,-11,-19,0,-9,8,1,9,0,0,-1,2,8,17,-6,-20,-7,5,3,-3,2,-2,-17,-9,0,11,0,-2,-2,5,-9,-11,1,-17,1,4,3,0,1,0,0,-1,0,0,2,0,-1,3,24,-2,0,0,-6,-9,6,-2,0,4,-5,-1,1,-2,3,1,-6,-9,4,1,1,0,1,0,0,-2],"closes":[0,-11,-1,-10,9,-2,-1,42,6,-11,8,-7,-5,-4,25,-1,34,-39,7,-13,3,-1,48,22,-31,1,20,6,-26,1,-3,-2,13,-4,-3,1,10,-4,1,-9,22,-9,-9,9,3,14,2,-7,0,4,3,15,11,15,-10,15,9,30,-32,6,-11,-4,-2,2,20,-1,-2,-6,8,-15,1,-9,-6,-5,8,25,19,4,-1,-7,8,-1,0,5,0,1,-1,-11,-21,0,0,0,9,-1,1,0,-2,11,24,-8,-3,-23,2,0,-1,1,-2,-1,-18,-9,12,-1,12,-14,8,-2,-12,-9,-1,-9,5,-5,0,1,1,0,-1,0,0,0,9,0,-6,21,5,-3,0,3,-10,-6,11,-10,4,0,-4,1,0,-1,2,0,-2,-8,0,0,3,7,-9,2,0,0],"volumes":[7.5,9.0,3.75,9.0,6.0,10.0,5.0,10.98,3.0,3.74,1.0,1.75,8.11,3.62,26.86,21.06,22.75,35.45,13.86,30.22,15.1,4.0,14.0,31.99,21.71,8.24,27.86,18.93,9.17,5.49,4.5,1.87,4.5,9.49,9.37,2.25,3.25,3.5,4.5,9.0,79.91,30.9,50.93,97.39,155.09,166.6,120.16,114.1,108.44,63.53,104.87,187.46,197.73,122.8,99.96,49.46,68.65,78.75,44.81,40.94,49.48,17.23,24.36,18.49,31.35,32.23,36.34,11.1,24.12,33.06,66.78,66.33,89.31,50.06,89.65,87.54,101.27,78.24,80.16,25.67,132.2,44.57,8.49,28.6,46.94,31.49,44.71,77.52,57.81,24.83,84.04,72.54,49.08,92.3,28.5,33.43,30.76,39.04,31.53,45.3,14.0,16.82,24.11,4.5,2.0,14.6,3.0,17.23,24.82,13.94,21.12,11.0,43.12,64.56,43.0,46.24,34.5,32.87,4.24,41.94,64.2,37.23,39.44,18.71,15.86,8.74,19.1,19.72,35.45,37.33,13.36,32.47,27.97,80.06,38.74,51.18,18.59,55.79,19.73,68.18,18.98,22.81,30.21,4.36,37.19,46.04,35.19,42.18,6.87,6.0,40.21,32.68,51.12,42.14,20.23,34.91,17.71,29.07,20.59,42.84]}