{"timestamp":1464480000000,"multiplier":1.0E-5,"open":1.30262,"high":1.30262,"low":1.30261,"close":1.30261,"shift":60000,"times":[1260,2,1,1,1,1,1,1,1,3,3,2,1,1,1,1,1,1,1,1,1,1,1,1,1,1,1,1,1,1,1,1,1,1,1,1,1,1,1,1,1,1,1,1,1,1,1,1,1,1,1,1,1,1,1,1,1,1,1,1,1,1,1,1,1,1,1,1,1,1,1,1,1,1,1,1,1,1,1,1,1,1,1,1,1,1,1,1,1,1,1,1,1,1,1,1,1,1,1,1,1,1,1,1,1,1,1,1,1,1,1,1,1,1,1,1,1,1,1,1,1,1,1,1,1,1,1,1,1,1,1,1,1,1,1,1,1,1,1,1,1,1,1,1,1,1,1,1,1,1,1,1,1,1,1,1,1,1,1,1,1,1,1,1,1,1,1,1,1,1,1,1,1,1],"opens":[0,0,-22,-5,-3,14,-10,0,10,20,3,-10,3,0,0,0,0,0,1,0,1,0,83,-50,10,-4,-2,-4,-16,-1,-3,-40,17,-11,1,-1,3,13,-1,0,1,82,-1,0,0,0,-1,-8,-75,-8,5,3,61,-52,-1,51,2,10,1,2,-3,-13,-1,11,3,25,18,4,15,-2,-1,13,20,-3,20,4,-17,-2,0,24,6,-8,20,20,14,-42,0,16,-1,-5,4,1,2,1,-3,-14,-1,32,3,-17,-5,3,-10,1,-1,7,-9,15,48,-2,-27,9,-9,3,-1,-13,-1,3,2,13,-4,0,13,-6,5,3,-18,-31,-12,9,-24,6,-1,4,26,10,7,10,0,1,-2,1,16,22,-2,-4,-4,11,2,14,2,-6,-2,-1,-28,30,0,0,-3,-2,-18,-5,3,9,2,-9,-2,-22,-1,-22,-1,5,-14,13],"highs":[0,0,-22,-5,11,0,0,1,24,13,-15,6,-13,0,0,0,0,1,0,2,-1,89,-6,-34,-6,-4,-2,29,-48,-2,-3,-2,-21,-10,5,-1,11,2,-3,0,90,-7,-1,0,0,0,-1,-8,-75,28,-27,56,36,-84,50,14,-3,2,2,1,-4,-12,7,3,27,43,-19,13,0,14,-2,35,-15,15,11,-2,-21,-3,24,8,-1,19,-3,34,-5,-42,24,-8,3,-4,1,1,5,-3,-3,1,15,3,1,-13,-8,2,-7,7,-2,-2,12,56,-12,-3,-16,-3,3,-5,-5,-11,4,-2,23,-8,4,3,0,1,1,1,-17,-29,-6,-1,-10,-6,3,36,-10,19,9,-1,3,5,-10,16,26,-3,1,-8,10,3,14,-1,-1,2,-8,-1,0,5,-4,-1,-2,-3,-14,-3,5,3,0,-9,-2,-16,-3,-25,2,3,-1,5],"lows":[0,0,-21,-9,1,-1,4,1,6,24,0,-21,17,0,0,0,0,0,1,0,1,0,33,0,6,-2,-3,-15,-7,2,-42,-1,7,1,0,0,-2,17,0,0,1,81,0,0,0,0,-11,-57,-27,3,5,3,-3,9,0,53,1,10,-4,1,-15,4,1,10,4,25,11,9,16,-30,27,8,18,2,12,-1,-5,-2,4,9,13,-3,21,19,-26,0,-2,17,-6,1,0,-9,17,-2,-14,-6,5,31,-20,-1,0,-4,-3,3,-2,-1,1,15,21,-6,3,1,-1,0,-12,-1,2,3,-1,9,1,2,7,0,2,-12,-36,-8,-25,10,1,4,1,4,22,11,10,10,-3,0,2,1,16,20,-7,-7,6,6,6,14,-6,-1,-1,-28,2,28,1,-2,0,-22,-1,-2,3,9,-7,-5,-19,-1,-24,1,-5,-5,-25,38],"closes":[0,0,-21,-8,14,-15,4,11,22,7,-9,-4,0,0,0,0,0,1,0,1,0,86,-53,9,-3,-1,-3,-16,-2,-2,-42,26,-21,1,0,5,11,-1,0,0,82,0,0,0,0,0,-10,-58,-27,8,3,57,-48,-2,52,2,9,2,2,-5,-10,-3,9,4,27,18,3,15,0,-6,17,20,-3,20,7,-19,-2,-1,24,8,-6,16,5,29,-42,-1,22,-5,-7,4,3,1,2,-4,-14,-3,34,0,-16,-3,0,-7,0,0,0,-2,17,45,-1,-27,8,-8,3,-2,-9,-2,1,2,16,-7,0,12,-4,4,3,-18,-32,-11,9,-23,7,-3,4,27,-1,11,16,0,0,-1,0,17,22,-1,-5,-3,8,3,15,1,-6,0,-2,-30,32,0,-1,-1,0,-21,-3,1,8,3,-7,-4,-22,-1,-24,3,2,-14,13,6],"volumes":[0.74,1.12,0.37,8.47,15.84,29.68,22.69,37.34,23.43,3.0,2.0,41.91,37.5,39.0,40.5,27.0,36.25,24.0,27.0,23.0,14.0,53.33,28.75,10.0,5.0,4.0,6.0,30.72,5.0,5.0,34.11,30.17,6.24,4.48,5.36,3.24,17.33,4.43,1.12,3.36,34.14,5.12,3.37,5.62,6.37,6.0,10.62,26.19,18.1,36.39,7.35,20.17,62.33,10.7,47.58,24.29,16.5,6.75,18.0,12.0,27.5,6.5,25.58,5.36,68.37,71.67,46.23,72.14,24.42,120.48,49.73,76.03,57.03,46.48,30.64,21.5,14.0,13.0,32.95,37.15,11.68,74.24,60.0,33.05,82.69,8.97,90.26,7.1,44.74,26.15,44.82,50.97,16.12,8.72,41.71,98.5,79.51,72.31,65.75,66.58,44.97,84.33,74.07,103.01,148.52,113.36,92.41,126.62,99.7,88.1,99.08,63.8,100.2,52.15,111.26,38.7,22.2,11.97,31.32,64.11,93.8,43.91,24.71,28.81,56.48,30.0,34.93,40.12,46.79,42.98,35.37,18.38,20.91,25.51,16.89,31.45,36.59,38.7,45.12,21.27,9.82,14.27,76.99,17.12,33.48,39.01,55.01,76.77,81.99,44.37,31.36,55.52,57.11,50.14,38.43,50.16,22.95,39.03,52.75,44.75,39.58,44.16,33.72,21.89,31.46,57.73,63.14,98.79,70.25,4.92,38.03,31.96,73.16,32.68]}