{"timestamp":1621123200000,"multiplier":1.0E-5,"open":0.77687,"high":0.77688,"low":0.77687,"close":0.77688,"shift":60000,"times":[1260,2,1,1,1,1,1,1,1,1,1,1,1,1,1,1,1,1,1,1,1,1,1,1,1,1,1,1,1,1,1,3,2,1,1,1,1,1,1,1,2,2,1,1,1,1,2,1,1,1,2,1,1,1,1,1,1,1,1,1,1,1,1,1,1,1,1,1,1,1,1,1,1,1,1,2,1,1,1,1,1,1,1,1,1,1,1,2,1,1,1,1,1,1,1,1,1,1,1,1,1,1,1,1,1,1,1,1,1,1,1,1,1,1,1,1,1,1,1,1,1,1,1,1,1,1,1,1,1,1,1,1,1,1,1,2,1,1,1,1,1,1,1,1,1,1,1,1,1,1,1,1,1,1,1,1,1,1,1,1,1,1,1,1,1,1,1,1,1],"opens":[0,0,2,-6,41,-1,0,24,-10,-4,3,-9,-1,1,22,0,-21,22,2,1,-2,1,1,1,-31,17,-4,3,1,-4,-4,5,-3,-3,8,-12,-19,23,0,-5,1,0,3,-1,1,0,0,0,-1,3,0,-3,1,46,7,0,3,0,14,-4,12,0,14,-17,1,2,0,6,4,1,12,2,-3,-4,-9,-2,-4,4,-5,-11,15,-8,-7,-16,0,5,5,-4,-6,-3,-1,0,1,12,-4,-2,-1,0,-1,0,0,0,-2,2,3,18,2,-8,-18,-6,-2,-2,13,6,19,4,2,3,0,1,0,-5,5,-1,-1,5,2,-12,-3,5,-3,5,-8,3,0,-6,-4,3,13,-6,-7,-6,15,0,-4,-1,-2,8,-8,-3,10,8,-2,3,-5,-6,-4,5,-14,9,-10,3,2,-5,0,-1,-5,-21,-2],"highs":[0,0,9,26,5,-5,31,-7,-10,-4,3,-9,-1,23,1,0,12,-4,-3,-2,1,0,-1,1,-13,3,-4,-1,1,-3,0,0,-3,-1,6,-10,4,27,-6,-28,1,1,2,0,0,0,2,-2,0,2,0,-3,49,24,-14,-1,4,16,-4,8,0,13,-1,-17,1,1,6,5,2,10,2,0,-3,-4,-1,-10,-1,1,-5,0,5,6,-22,-11,0,5,0,-4,-5,-4,3,0,10,-1,-4,-2,0,0,-2,0,0,0,0,3,14,5,1,-8,-17,-5,0,10,3,19,5,2,3,-1,1,0,0,1,-1,-1,2,3,1,-6,-6,4,1,-1,-6,5,-1,-8,-2,13,0,-6,-5,10,-1,-2,-4,0,6,-1,-6,8,5,0,5,-4,-5,-6,-1,5,-7,3,-6,4,-6,-3,-1,-3,-4,-19,11],"lows":[0,-9,9,-4,31,8,0,25,-17,2,-6,-4,4,0,14,-12,0,19,4,-2,2,1,1,-31,1,8,5,3,1,-7,-2,6,-13,-1,1,-52,33,18,3,0,1,0,3,-3,3,-1,0,1,-1,1,-1,0,-1,45,5,5,3,0,8,2,11,0,-3,-2,4,2,0,6,4,1,10,0,-1,-16,4,-6,1,-1,-11,0,5,-1,-20,-1,1,4,6,-9,-8,4,-1,0,1,8,-6,1,1,-1,1,0,0,-1,-4,0,8,18,-7,-14,-11,-7,1,4,13,6,19,4,2,3,-1,0,-8,5,1,0,2,5,-13,3,-6,4,0,1,-5,3,-2,-4,-2,3,4,-1,-18,9,12,-1,0,-4,1,0,-2,-1,10,5,1,3,-13,-3,-3,-6,1,-2,-2,6,-7,1,3,-8,-18,-3,0],"closes":[0,0,9,26,1,-1,14,10,-17,2,-6,1,-1,23,1,-22,19,4,2,-4,4,1,-1,-30,18,-9,8,-1,1,-6,1,2,-13,-1,7,-25,25,-2,-1,-1,1,1,2,-1,1,0,0,0,0,0,-1,0,46,8,-2,4,3,14,-6,12,1,15,-19,-2,3,2,6,5,0,12,1,-2,-1,-15,5,-9,4,-4,-10,10,-6,-1,-20,-1,5,5,1,-9,-6,2,3,-4,14,-4,-5,-1,3,-2,0,0,0,-1,1,3,14,5,-5,-17,-11,0,-1,13,5,19,5,1,4,-1,1,-2,-3,6,-5,1,4,3,-13,4,-2,-2,7,-6,-1,-1,-2,-4,1,13,-9,-1,-12,21,-1,-6,0,-4,9,-8,0,8,7,-1,3,-1,-11,-3,2,-12,7,-8,4,2,-7,-1,4,-9,-19,-3,12],"volumes":[2.5,4.08,4.1,2.44,9.56,4.5,21.57,0.75,3.0,5.75,15.0,7.0,2.0,5.0,11.18,12.62,25.28,11.24,8.24,5.0,3.0,5.62,1.0,24.49,13.0,14.19,2.0,1.0,3.0,4.0,6.25,1.0,3.0,11.25,12.75,118.79,28.87,15.43,13.5,1.12,1.0,3.0,1.0,10.0,4.0,8.0,17.4,5.0,16.0,5.0,2.0,0.75,101.82,82.31,22.43,37.7,3.58,38.81,31.28,12.43,6.92,14.44,40.1,10.83,7.16,1.0,9.12,8.6,6.19,28.43,26.43,6.0,10.5,18.62,22.74,13.12,5.75,6.0,8.75,12.25,13.93,27.31,14.87,11.61,6.0,8.25,3.0,15.87,25.62,1.0,16.5,12.81,13.12,6.25,15.75,7.25,4.0,9.25,1.0,1.0,1.0,4.0,10.0,10.5,22.25,2.0,11.0,9.24,10.75,20.67,45.37,40.62,15.07,42.89,30.11,42.94,20.5,1.25,9.75,2.94,9.31,7.94,15.31,10.26,5.43,2.25,19.0,15.5,15.0,12.12,12.0,9.0,17.25,8.0,12.0,11.75,7.0,11.0,10.25,6.25,26.0,19.7,13.01,7.07,2.5,14.75,10.0,5.25,21.63,13.85,16.25,9.25,11.25,1.0,10.94,13.0,22.33,25.75,11.0,18.88,32.53,17.65,43.69,27.33,3.76,17.38,42.07,51.69,31.45]}