{"timestamp":1621728000000,"multiplier":1.0E-5,"open":1.41468,"high":1.41505,"low":1.41451,"close":1.41479,"shift":60000,"times":[1270,1,1,1,1,1,1,1,1,1,1,1,1,1,1,1,1,1,1,1,1,1,2,1,3,1,1,4,1,1,1,1,1,1,1,1,1,1,1,1,1,1,1,1,1,1,1,1,1,1,1,1,1,1,1,1,1,1,1,1,1,1,1,1,1,1,1,1,1,1,1,1,1,1,1,1,1,1,1,1,1,1,1,1,1,1,1,1,1,1,1,1,1,1,1,1,1,1,2,1,1,1,1,1,1,1,1,1,1,1,1,1,1,1,1,1,1,1,1,1,1,1,1,1,1,1,1,1,1,1,1,1,1,1,1,1,1,1,1,1,1,1,1,1,1,1,1,1,1,1,1,1,1,1,1,1,1,1,1,1,1,1,1],"opens":[0,8,-17,0,0,97,6,2,-1,-44,20,1,1,0,-22,-6,31,-29,-9,1,-1,-13,-5,-8,9,-4,0,2,-7,3,48,-32,69,-71,23,-24,-49,42,2,3,-2,6,1,-4,5,-15,-42,0,17,8,-20,1,-3,4,-2,-4,3,1,1,-12,-3,-18,-15,-7,3,-1,8,-7,11,0,-1,2,7,12,-4,-4,-17,0,10,-10,1,19,-23,1,8,10,13,1,-1,0,18,-1,1,-9,-5,1,-11,-6,0,-1,-1,-1,-2,2,14,1,2,-11,-6,9,14,7,1,8,10,-9,-6,-3,-7,-6,3,0,1,10,-8,-1,5,-4,-2,0,-2,-5,9,-8,-7,-6,-5,1,-6,2,7,8,3,9,0,1,3,-4,-8,-6,0,-15,-3,-7,6,15,-8,4,-5,-8,5,8,-13],"highs":[0,-26,-5,17,74,0,-1,0,-1,-12,-2,1,14,-21,0,7,-3,-27,-7,-3,-2,-13,-7,-2,9,10,-7,-11,-4,23,25,-28,67,-13,-37,-23,21,-13,-2,-1,0,-3,4,11,41,-70,-38,18,6,0,-17,-5,4,1,-2,-1,5,-8,1,-11,-2,-18,-16,-4,-1,6,1,3,1,0,-1,11,11,1,1,-11,-16,8,2,-10,19,1,-22,7,10,14,2,-2,0,18,0,-1,0,-9,-1,-2,-12,-5,-1,-1,5,-7,-2,16,1,5,-3,-2,-3,9,16,-6,11,5,5,-12,-6,-3,1,-11,1,0,9,8,-15,4,0,-4,-2,0,-2,9,-2,-3,-15,-3,-8,1,-3,4,18,-3,6,1,2,6,-1,2,-17,-1,-5,-14,-4,0,17,-3,-3,-1,-5,-5,13,-3,-13],"lows":[0,8,0,0,0,62,5,-32,45,-20,20,1,1,-29,1,-5,-9,-1,8,-2,-23,7,0,-8,5,0,0,-6,1,0,-14,21,-15,-23,-2,-16,14,40,0,6,0,-1,-1,6,-9,-48,4,1,13,-13,2,-12,4,9,-3,0,3,-11,0,-8,-22,-4,-15,6,4,0,-1,2,10,1,-3,4,7,4,0,-18,-1,-1,2,0,-2,1,-2,1,9,10,11,1,0,1,16,0,-6,-8,2,-7,-9,-2,0,0,-1,-9,6,1,13,1,-11,-2,1,9,14,7,0,9,2,-1,-10,-8,-4,0,2,1,1,7,-6,0,0,-1,0,-2,-13,6,-2,-4,-6,-5,2,-6,0,1,9,8,3,7,2,1,-1,-6,-15,7,-18,1,-10,1,5,7,-2,3,-11,2,5,-1,-9],"closes":[0,-11,-9,13,86,4,-4,1,-14,3,1,1,-1,-6,0,3,-30,-3,-6,-3,-10,-6,0,-3,0,13,0,-16,0,23,-5,-2,-6,36,-32,-5,10,-5,-4,6,-6,3,1,3,-10,-51,6,13,9,-21,3,-2,2,-1,-3,2,6,-7,-10,0,-20,-14,-4,0,-1,0,1,9,2,0,-3,12,10,-7,0,-18,1,9,-10,2,19,-22,-1,9,10,13,1,0,-2,20,-2,0,-7,-8,5,-10,-9,-2,0,0,-1,-2,0,15,2,3,-17,0,-1,20,11,-1,11,5,-5,-1,-9,-9,-4,3,-1,1,10,-2,-6,5,-5,-1,0,-1,-9,11,-3,-11,-5,-6,0,-2,-1,5,13,0,7,2,2,4,-5,-7,-13,5,-15,-1,-8,4,17,-4,0,-1,-7,-3,13,-12,-10],"volumes":[73.08,63.24,41.28,39.72,39.12,18.94,3.94,9.84,3.0,3.75,1.5,6.0,3.37,2.44,22.97,13.0,38.02,44.98,58.14,54.72,63.1,17.52,0.38,8.43,20.25,11.23,0.55,34.2,17.1,17.1,88.92,99.18,166.72,98.25,111.5,83.17,137.87,136.8,95.76,78.66,88.92,64.98,37.62,61.56,172.225,137.26,41.19,118.99,145.92,393.31,108.23,192.15,131.76,159.06,159.39,106.32,65.55,173.12,69.78,84.4,127.52,247.78,73.36,127.35,4.85,14.4,15.04,9.93,3.0,1.5,3.0,10.12,17.26,116.09,30.37,78.04,43.5,54.75,6.75,6.0,16.5,13.5,10.5,9.75,5.25,9.75,10.12,3.0,4.5,8.25,6.0,6.0,6.75,3.75,3.75,9.75,8.25,3.0,2.62,1.5,3.75,42.14,3.19,20.63,8.25,16.92,13.5,56.63,39.93,6.0,29.99,9.75,26.44,5.25,21.0,1.5,4.12,9.75,14.86,1.5,3.75,3.75,4.5,9.75,2.25,2.25,4.5,3.0,0.75,2.25,15.37,14.24,21.37,27.07,12.0,12.0,1.5,11.62,13.08,7.12,12.1,3.75,4.5,3.75,3.75,4.5,12.0,36.0,21.49,4.5,15.75,6.75,5.44,16.88,18.94,12.0,14.67,9.0,29.62,4.5,12.75,9.19,24.04]}