{"timestamp":1619913600000,"multiplier":1.0E-5,"open":1.22875,"high":1.22875,"low":1.22869,"close":1.22869,"shift":60000,"times":[1265,1,2,1,1,1,1,1,1,1,1,1,1,1,1,1,1,1,1,1,1,1,1,1,1,1,1,1,1,1,1,1,1,1,1,1,2,1,1,1,1,1,1,1,2,1,1,1,1,1,1,1,1,1,1,1,1,1,1,1,1,1,1,1,1,1,1,1,1,1,1,1,1,1,1,4,1,1,1,1,1,2,3,1,1,1,1,1,1,1,1,1,2,1,1,2,1,1,1,1,1,2,1,1,1,1,1,1,1,1,1,1,1,1,1,1,1,1,1,1,1,2,1,1,1,1,1,2,1,2,1,1,1,1,1,1,1,2,1,1,1,1,1,1,1,1,1,3,1,1,2,1,1,1,1,1],"opens":[0,-10,-12,14,6,-26,19,0,3,-1,0,4,18,-3,0,0,0,-7,1,-1,24,-13,8,-25,0,-1,0,-1,-7,-1,1,1,0,0,0,-1,0,-2,0,1,1,-1,-1,2,-3,0,0,-2,3,-6,-3,-4,11,-6,-3,-12,-19,16,10,13,2,-10,-6,-6,-2,4,1,26,0,2,-14,-1,-4,-2,-5,-15,-5,-6,1,12,1,-3,-9,-3,16,-1,-1,1,0,-1,-6,-1,-9,-3,0,-1,10,-3,-1,5,17,-5,1,4,-10,4,-6,-11,-5,13,4,-3,-5,-10,-6,15,0,6,-5,-2,-3,-5,-4,-2,3,-4,-3,-3,11,2,-1,-5,-1,0,-5,-7,4,6,14,-19,1,0,-1,0,-4,-1,-3,1,-2,2,3,-3,-1,6,2,7],"highs":[0,-10,-12,19,1,-26,19,1,2,0,4,-1,20,-5,0,1,0,-8,1,24,-1,-11,13,-32,0,-1,0,-1,-7,-1,1,3,-1,0,-1,-1,0,-1,34,-33,0,-1,-1,2,-2,-1,0,0,1,-3,1,-11,27,-21,-4,-12,-4,12,11,4,3,-12,-8,-6,6,-2,26,2,-2,1,-14,0,-5,-2,-5,-12,-8,2,4,4,-2,-3,-8,13,-1,0,0,-1,2,-3,-5,-2,-9,-3,0,8,5,-7,8,14,-1,-4,9,-4,-8,1,-6,-11,9,3,4,-7,-5,-8,8,0,6,-1,-5,-2,-3,-3,-6,-2,7,-8,-3,3,6,1,-1,-4,-1,-1,-5,-1,-2,21,-1,-16,-2,0,0,-1,-3,-2,-3,5,-5,5,0,-4,9,-1,8,-2],"lows":[0,-4,-12,14,5,-25,19,0,2,-1,-16,18,19,-1,0,0,0,-7,1,-1,21,-17,13,-23,-1,0,-1,-1,-9,2,1,1,0,0,0,-1,0,-2,0,1,1,-1,-1,2,-3,0,0,-2,-10,7,-9,0,7,-5,-10,-18,-1,16,10,13,-8,-9,-1,-11,7,4,1,26,-3,-12,1,-3,-5,2,-16,-8,-4,-2,1,10,3,-7,-6,-2,16,-1,-1,-2,0,-3,-3,-7,-1,-5,2,-1,7,0,-1,5,11,-8,10,-7,1,-2,-13,-4,1,11,1,1,-14,-9,0,16,2,-2,0,1,-11,2,-6,1,-1,0,-5,-2,11,0,-3,-1,-2,0,-11,1,4,6,-2,-4,1,0,-1,-5,2,-4,-1,2,-3,2,2,-1,-1,6,1,1],"closes":[0,-4,-12,19,0,-25,19,1,2,0,4,-4,19,-1,0,0,0,-7,1,20,0,-15,11,-23,-1,0,-1,-1,-8,1,1,3,-2,1,-1,-1,0,-1,0,1,0,-1,-1,2,-2,-1,0,0,-12,10,1,-12,6,-4,-11,-18,13,11,13,4,-11,-9,-1,-4,8,-3,27,1,-1,-14,0,-4,-5,2,-16,-6,-6,0,9,5,-2,-6,-7,12,2,-1,1,-3,4,-8,-2,-8,-1,-5,2,8,-2,0,5,17,-7,2,6,-10,-2,-2,-11,-6,13,4,-4,1,-14,-5,14,-2,6,-1,-3,-1,-9,0,-6,1,-1,0,-4,4,6,0,-4,0,-4,0,-11,7,-2,21,-17,0,-3,0,1,-7,3,-5,-1,4,-4,1,2,-1,6,-1,9,-5],"volumes":[3.0,1.6,0.5,2.64,3.0,1.05,0.8,1.5,2.5,6.75,7.7,8.04,3.54,1.5,0.75,4.35,3.05,1.5,0.75,8.55,2.1,5.0,3.95,1.05,1.5,0.8,2.25,2.65,4.2,1.05,2.0,2.75,7.7,1.85,0.8,1.0,1.0,2.0,4.3,2.0,1.0,4.0,1.05,2.0,4.15,1.0,1.0,4.27,3.85,2.1,5.37,7.0,15.83,7.4,5.2,13.51,30.58,14.19,13.44,9.36,24.34,8.25,5.0,11.24,19.5,5.5,17.24,5.5,4.62,15.87,3.5,4.0,4.5,3.0,7.62,13.87,4.0,9.0,10.0,7.0,1.5,4.12,7.62,17.5,1.5,4.0,2.5,11.5,14.0,9.5,8.0,7.44,1.0,4.07,1.0,8.25,11.37,1.0,4.5,18.0,5.5,9.64,7.25,31.06,9.2,12.48,30.94,20.31,57.23,23.5,21.99,4.18,7.63,38.33,34.47,9.5,11.37,19.51,6.31,2.0,16.5,8.25,4.25,1.0,7.22,1.0,3.0,7.5,3.0,5.0,5.87,4.0,3.76,3.32,13.69,6.75,1.0,10.5,12.92,6.76,2.0,7.5,5.0,4.57,2.0,5.0,2.5,13.12,13.27,24.04,7.12,1.76,31.27,7.44,21.62,8.69]}