{"timestamp":1619913600000,"multiplier":0.001,"open":1768.87,"high":1769.108,"low":1767.548,"close":1767.608,"shift":60000,"times":[1320,1,1,1,1,1,1,1,1,1,1,1,1,1,1,1,1,1,1,1,1,1,1,1,1,1,1,1,1,1,1,1,1,1,1,1,1,1,1,1,1,1,1,1,1,1,1,1,1,1,1,1,1,1,1,1,1,1,1,1,1,1,1,1,1,1,1,1,1,1,1,1,1,1,1,1,1,1,1,1,1,1,1,1,1,1,1,1,1,1,1,1,1,1,1,1,1,1,1,1,1,1,1,1,1,1,1,1,1,1,1,1,1,1,1,1,1,1,1,1],"opens":[0,-1242,-793,-647,610,-20,107,-150,-17,-303,40,493,-200,190,50,-480,210,160,160,160,30,0,-183,123,-30,-100,0,30,127,63,120,37,10,263,270,60,-360,-23,-77,-20,370,207,-77,-130,220,10,-130,-30,180,90,-20,-270,-90,-10,0,220,-290,90,-50,80,-100,-410,400,290,190,100,-100,-200,0,200,-100,200,-160,440,0,-110,-510,-210,97,278,55,30,87,-97,37,-67,-50,-100,-30,305,-55,-50,0,-180,-90,137,110,103,17,-70,73,90,140,-73,-117,-20,180,90,-100,60,-20,-20,-193,-7,200,-100,130,-33,-70,90],"highs":[0,-1383,-790,103,-80,127,-190,83,-90,-310,380,-10,-30,100,-10,-370,290,110,170,20,90,-40,-120,10,-30,-60,20,260,-10,40,100,130,130,380,0,-110,-280,-90,-10,200,330,0,-120,200,-90,10,-110,130,200,-130,-30,-260,-100,10,110,110,-220,0,30,0,0,-110,290,290,0,0,-100,-100,100,0,100,150,180,50,0,-120,-600,150,10,77,90,-7,137,-120,-60,-60,43,-130,195,195,-190,0,-90,-100,77,123,0,0,-10,0,110,100,70,-90,-110,20,300,-110,0,-10,-10,-40,-213,203,100,10,60,-123,-50,430],"lows":[0,-910,-350,-100,500,7,-190,220,-290,-490,450,180,163,77,-370,-20,283,107,223,47,30,-27,-53,103,-233,30,10,10,200,-30,170,120,10,263,210,-303,43,-280,180,-20,350,120,-100,20,210,-180,-20,40,200,0,-273,-17,-90,80,0,-83,-77,97,13,0,-410,0,400,290,90,0,-100,0,0,0,100,77,-37,330,-150,-260,-310,-10,90,290,60,30,7,-17,-93,10,-127,30,-30,200,0,-100,-280,-23,50,190,123,60,-10,-100,157,123,-100,50,-140,120,110,7,43,30,-13,-177,-110,100,97,3,77,-90,-160,290],"closes":[0,-860,-460,510,10,87,-180,63,-343,40,463,-180,80,160,-470,110,240,160,150,40,-10,-120,60,-20,-180,80,60,200,-50,37,130,10,263,260,0,-110,-200,-100,0,290,320,-110,-130,220,10,-110,-50,180,100,-70,-263,-57,-10,0,130,-200,90,-50,80,-100,-410,400,290,190,100,-100,-200,0,200,-100,200,-110,390,-100,-10,-410,-310,80,290,37,53,70,-60,50,-100,-53,-127,100,195,-95,0,0,-120,-150,137,90,123,20,-70,60,90,110,-33,-117,-30,90,190,-100,70,-40,10,-210,-20,200,-90,120,-43,-50,80,400],"volumes":[0.0673,0.066235,0.042655,0.035395,0.02997,0.05316,0.03901,0.02488,0.02931,0.03665,0.02347,0.02627,0.02109,0.02516,0.02183,0.0148,0.0185,0.01702,0.01184,0.01073,0.01628,0.01332,0.00703,0.00185,0.00814,0.00703,0.01739,0.01532,0.00629,0.01036,0.00703,0.01443,0.0296,0.01369,0.01184,0.01887,0.00555,0.01813,0.0111,0.00888,0.02257,0.01406,0.03737,0.01776,0.00703,0.01663,0.01443,0.02886,0.0148,0.01221,0.02035,0.00888,0.00888,0.00629,0.01369,0.01443,0.02146,0.00666,0.00678,0.00361,0.01121,0.00763,0.00399,0.00947,0.00494,0.00665,0.00247,0.00285,0.00285,0.00361,0.0106,0.0087,0.00625,0.00696,0.00999,0.00619,0.00506,0.00714,0.00525,0.00537,0.0056,0.00129,0.00541,0.00338,0.00488,0.0015,0.00322,3.8E-4,0.00533,0.00543,0.00208,0.0058,0.01674,0.02677,0.03963,0.02109,0.00777,0.00703,0.00925,0.0111,0.00851,0.00814,0.00796,0.00444,0.0111,0.0037,0.01665,0.0074,0.0185,0.00888,0.01332,0.01073,0.01036,0.00888,0.01554,0.01554,0.01961,0.01591,0.01184,0.01369]}