{"timestamp":1453593600000,"multiplier":0.001,"open":4972.3,"high":4980.0,"low":4971.3,"close":4974.0,"shift":60000,"times":[1370,1,1,1,1,1,1,1,1,1,1,1,1,1,1,1,1,1,1,1,1,1,1,1,1,1,1,1,1,1,1,1,1,1,1,1,1,1,1,1,1,1,1,1,1,1,1,1,1,1,1,1,1,1,1,1,1,1,1,1,1,1,1,1,1,1,1,1,1,1],"opens":[0,1700,1000,11300,0,-6000,-2300,300,700,-1700,-300,8300,500,5200,-5000,1000,-2700,-2300,-3000,2000,3000,3000,-5700,-4000,1700,300,-300,-5000,-5700,1700,-4000,0,-5000,3300,700,0,-1700,0,-300,2000,-1000,0,-1200,4000,5500,700,1300,-3300,-700,1000,1700,0,2000,300,700,2000,4000,2000,1000,300,-3000,-1300,-2000,-700,-300,-3000,3300,700,1000,1000],"highs":[0,-4000,9000,2000,-700,-6000,-1000,-300,1000,-1000,11300,-3000,3700,1000,-4700,2000,-4300,-2000,0,2000,3000,-700,-5300,-1000,0,0,-2000,-4700,-3300,0,-3000,-2000,-1000,0,1300,-1000,-1000,1000,700,-700,-1000,2000,3000,2000,1000,700,1300,-3300,0,1300,1000,1700,300,1000,2000,4700,2300,0,2000,-1000,-4000,-300,-2000,-700,-1300,300,1000,0,1000,2000],"lows":[0,2500,200,7800,-3000,-1800,-2200,0,2200,-2200,1000,7000,3000,-2000,0,-1000,-2000,-2000,-83800,82800,5000,-2500,-3500,-1000,1000,0,-4000,-4500,-500,-4000,1000,-5000,0,4200,-200,-3000,0,1000,1000,0,1000,-1000,0,4000,2000,1000,1000,-800,0,1000,2000,0,2000,0,-200,2000,3000,2000,2000,-1500,-2000,-2000,0,-1000,-3300,1000,3300,0,1000,-1000],"closes":[0,1000,9000,2000,-5000,-3000,1000,0,-2000,-2200,10200,2000,4000,-7200,3200,-3000,-2000,-3000,-200,5200,2000,-5000,-3000,1000,0,0,-5000,-5000,1000,-4000,0,-5000,4000,0,0,-2000,0,0,2000,-1000,0,-1200,5200,2000,2000,0,-1000,-1000,1000,1000,1000,2000,0,0,3000,4000,2000,1000,1300,-3000,-3000,-2000,0,-1000,-3000,4000,0,1000,1000,-1000],"volumes":[0.024341,0.01478,0.01607,0.00789,0.01363,0.00645,0.00248,0.00699,0.00547,0.00491,0.02922,0.02607,0.01733,0.01493,0.00513,0.014,0.0171,0.01566,0.0087,0.00976,0.01422,0.01511,0.01771,0.01812,0.01616,0.01253,0.01508,0.02179,0.01616,0.0126,0.01093,0.01332,0.00816,0.00575,0.00806,0.01286,0.00764,0.00571,0.01235,0.00797,0.00433,0.0091,0.01688,0.01383,0.01693,0.01269,0.00995,0.00659,0.00463,0.0029,0.00608,0.00313,0.00262,0.00402,0.01124,0.01184,0.01524,0.01295,0.00866,0.00701,0.00257,0.00968,0.00725,0.00477,0.01207,0.00487,0.00421,0.0015,0.00267,0.00763]}