{"timestamp":1452988800000,"multiplier":1.0E-5,"open":1.42504,"high":1.42508,"low":1.42504,"close":1.42508,"shift":60000,"times":[1321,1,1,1,1,1,1,1,1,1,1,1,1,1,1,1,1,1,1,1,1,1,1,1,1,1,1,1,1,1,1,1,1,1,1,1,1,1,1,1,1,1,1,1,1,1,1,1,1,1,1,1,1,1,1,1,1,1,1,1,1,1,1,1,1,1,1,1,1,1,1,1,1,1,1,1,1,1,1,1,1,1,1,1,1,1,1,1,1,1,1,1,1,1,1,1,1,1,1,1,1,1,1,1,1,1,1,1,1,1,1,1,1,1,1,1,1,1,1],"opens":[0,34,2,-32,1,0,-3,14,0,7,12,1,-2,-31,0,8,7,-10,1,-1,7,-2,16,1,-1,0,9,-5,-2,20,8,-24,26,-27,2,-11,1,3,-2,3,2,0,-2,3,7,21,-8,16,0,-14,5,-5,3,1,0,-2,-8,-1,18,4,-8,5,6,-12,0,-2,-8,-12,7,14,0,-7,10,7,-1,-10,0,6,0,-10,6,9,2,-3,-6,-3,3,56,-20,27,17,34,18,0,-11,1,-18,4,4,5,-8,-6,6,-10,-19,-4,-1,6,7,0,46,-36,7,26,6,2,-1,2,8],"highs":[0,31,1,-27,-4,1,10,0,9,10,1,3,-5,-27,4,7,0,-7,1,2,1,14,1,0,0,10,1,1,9,10,1,5,-6,-12,6,-26,2,2,1,-3,1,0,1,12,10,17,-3,4,-4,-6,1,-6,0,1,4,-2,-11,16,6,16,-16,1,1,-10,0,-5,-6,-7,14,2,-2,6,12,-3,-6,9,-12,2,1,-5,5,21,-18,-3,-2,17,39,5,5,98,-45,11,-1,0,-2,-9,-11,1,8,6,-12,-6,31,-39,-20,-2,3,10,2,43,-2,-26,24,5,3,-1,2,9,2],"lows":[0,34,1,-33,3,-3,0,13,0,2,17,-2,-30,0,0,7,-1,0,0,0,5,0,12,4,-2,-1,6,-1,0,20,-18,-16,7,2,-2,1,1,0,1,3,1,-2,0,3,8,12,-5,21,-13,-3,0,-3,4,2,-4,2,-7,2,18,-7,1,-1,0,-1,1,-13,-7,-4,4,16,-2,-1,9,8,-18,5,1,3,-6,-2,6,12,-3,-6,-4,3,0,33,6,25,8,42,21,-16,1,-26,11,4,6,-9,-6,6,-14,-9,-8,3,0,3,10,0,8,2,7,13,12,-2,10,2,6],"closes":[0,31,0,-28,-2,-3,14,-1,7,11,2,-1,-30,-1,8,7,-9,2,-3,6,-1,16,1,-1,-1,11,-7,-1,20,10,-26,24,-26,3,-12,2,2,-1,7,-3,1,-3,4,8,14,-3,17,0,-14,4,-2,1,-3,1,2,-4,-6,18,4,-8,5,6,-11,-1,-2,-8,-12,7,14,-4,-3,13,3,0,-16,8,4,1,-12,4,10,4,-4,-3,-4,5,57,-24,27,20,31,18,0,-16,6,-18,4,4,4,-6,-7,2,-2,-21,-5,-2,3,11,0,47,-40,10,25,6,3,-2,2,8,0],"volumes":[1.48,0.4,2.3,33.78,7.56,58.56,47.81,16.0,17.0,31.5,26.0,39.0,78.18,60.47,54.34,18.78,7.78,3.0,14.0,6.0,37.0,41.0,28.0,33.0,20.0,25.0,12.62,48.5,48.98,14.0,39.48,23.48,28.98,16.99,16.49,8.5,17.0,8.0,8.72,7.73,6.37,20.58,38.92,67.69,13.92,118.12,91.93,67.3,102.84,64.42,15.27,125.4,107.0,10.7,24.31,24.84,17.07,146.54,54.69,172.9,229.29,179.39,204.3,51.28,53.19,47.12,39.91,20.36,46.08,56.25,31.54,59.62,138.91,88.91,37.96,42.34,72.45,59.81,65.1,29.12,54.33,46.67,11.7,29.89,44.4,68.55,202.02,217.33,118.75,198.99,109.15,59.13,34.48,57.25,49.8,84.63,53.98,36.28,56.83,84.39,52.3,23.29,103.82,53.43,61.85,12.3,16.5,20.42,17.68,67.55,42.16,33.7,51.59,69.23,35.26,56.27,40.72,16.51,42.48]}