{"timestamp":1453593600000,"multiplier":1.0E-5,"open":1.01504,"high":1.01504,"low":1.01496,"close":1.01504,"shift":60000,"times":[1320,1,1,1,1,1,1,1,1,1,1,1,1,1,1,1,1,1,1,1,1,1,1,1,1,1,1,1,1,2,1,1,1,1,1,1,1,1,1,2,2,1,1,1,1,1,1,1,1,5,1,2,1,1,1,1,1,1,1,1,1,1,1,1,1,1,1,1,1,1,1,1,1,1,1,1,1,1,1,1,1,1,1,1,1,1,1,1,1,1,1,1,1,1,1,1,1,1,1,1,1,1,1,1,1,1,1,1,1,1,1,1],"opens":[0,0,26,33,-1,5,54,-3,-18,27,5,9,1,-2,15,3,1,5,0,-2,-2,-15,-18,-5,-5,-8,-11,0,21,0,4,7,-7,17,-5,12,-3,0,5,-7,6,2,-5,0,5,-2,-5,-1,10,-5,0,7,5,2,6,-4,-5,1,-1,1,-17,-46,-20,35,12,5,23,-17,-4,14,8,3,-4,0,-5,-12,-1,-1,0,-2,-2,-4,4,-8,0,-2,0,-1,-3,9,9,-3,-10,-4,10,11,5,0,1,-2,0,-1,1,-4,1,-4,4,-21,-1,7,-7,14],"highs":[0,0,62,2,1,55,-3,-1,9,3,8,1,1,10,8,-1,2,3,0,-1,-3,-15,-18,-5,-5,-8,-11,23,-1,2,4,7,3,4,6,3,-5,4,3,-1,-2,2,-5,7,1,-5,-5,7,4,-7,6,9,11,-6,1,-5,-4,1,-1,0,-15,-35,13,1,7,20,19,-33,-4,22,6,-4,-5,0,-4,-13,-1,-1,0,0,-4,11,-11,-7,0,0,0,-2,4,11,-1,-4,-10,7,10,4,1,2,-1,-2,0,0,0,-3,0,0,0,-1,-14,1,13,-2],"lows":[0,1,33,33,-1,5,6,-3,7,33,22,8,-2,2,15,1,-5,12,-1,-4,-12,-18,-5,-4,-3,-22,3,-2,24,-2,5,-2,-1,14,2,10,-1,0,5,-7,6,-3,-2,2,3,-8,1,1,10,-5,0,7,-13,20,-2,-5,4,0,0,-18,-50,-18,-16,41,25,0,12,-9,0,19,8,0,-1,-5,-10,-2,-1,-1,0,-4,-3,-1,-4,-2,-6,4,-3,-14,15,9,8,-29,17,-4,9,12,5,-1,-1,0,0,-3,-1,-2,0,-3,-20,4,1,1,-1,10],"closes":[0,-7,69,-3,6,52,-3,-18,27,5,8,0,-1,13,6,1,2,2,-1,-2,-14,-18,-5,-4,-2,-20,0,24,-1,2,4,-4,14,-2,12,-1,-1,4,2,-1,-1,-2,-2,8,-4,-6,1,7,4,-7,6,6,2,5,-4,-4,1,-1,1,-19,-44,-20,36,10,8,19,-12,-1,-4,19,9,-4,-5,-5,-9,-3,-1,-1,0,-4,-3,3,-7,-1,-8,7,1,-7,10,9,0,-14,1,6,11,4,1,1,-3,0,0,0,-4,2,-4,4,-22,3,4,-6,13,-4],"volumes":[4.87,1.87,1.87,3.75,13.22,32.96,45.44,42.65,53.47,14.87,6.0,2.0,8.0,4.0,7.0,7.0,10.0,6.0,3.0,17.0,18.0,9.5,3.0,3.0,3.0,13.0,2.0,17.0,2.0,6.0,6.0,21.0,39.0,10.0,11.0,7.0,1.0,5.0,3.0,5.75,1.0,7.0,6.0,9.0,16.0,23.0,5.0,8.0,3.0,1.12,3.24,8.37,35.11,26.0,23.0,23.0,2.0,7.0,4.0,33.5,36.74,54.1,103.67,68.36,18.24,34.13,21.73,15.75,16.87,23.0,7.25,8.0,7.61,5.48,27.54,2.74,2.74,1.37,1.37,14.2,7.09,9.13,29.76,83.54,70.97,28.25,33.65,33.23,17.0,25.0,20.2,16.25,1.0,8.75,9.25,7.0,1.0,8.36,19.33,23.0,15.0,31.25,23.25,15.6,11.49,23.23,33.0,62.01,33.37,24.0,48.25,30.25]}