{"timestamp":1452988800000,"multiplier":0.001,"open":1089.402,"high":1089.622,"low":1089.352,"close":1089.381,"shift":60000,"times":[1380,1,1,1,1,1,1,1,1,1,1,1,1,1,1,1,1,1,1,1,1,1,1,1,1,1,1,1,1,1,1,1,1,1,1,1,1,1,1,1,1,1,1,1,1,1,1,1,1,1,1,1,1,1,1,1,1,1,1,1],"opens":[0,-42,1192,-40,-80,-190,-411,-70,-129,-131,-40,121,-260,-33,400,350,-180,372,19,-118,-51,-70,11,-31,60,-20,171,-41,-13,41,-131,-226,-110,249,140,200,28,-148,-32,190,42,31,-21,31,-150,17,-58,20,-50,-179,-3,-18,-69,160,130,128,-71,-48,-30,70],"highs":[0,930,230,-270,-80,-190,-411,-70,-129,-130,130,-50,-260,386,322,191,10,158,-37,-200,-71,50,-109,29,21,99,31,140,-120,-33,-57,-300,139,90,151,160,-32,-121,173,-1,109,-78,10,0,-71,-31,-69,0,-50,-103,-50,30,14,49,269,-50,-60,-41,12,121],"lows":[0,-111,1170,-150,-70,-360,-132,-67,-131,-150,80,-110,-132,70,430,2,78,422,-100,-30,-50,0,-70,50,60,-20,171,-41,-23,-97,-209,-180,70,249,-149,369,-151,-19,138,142,58,-48,90,-170,1,9,0,-179,-30,-3,-100,13,-161,250,98,130,-48,0,0,31],"closes":[0,1171,-40,-80,-190,-411,-70,-129,-131,-49,180,-251,-92,419,322,-178,379,18,-117,-51,-70,11,-31,60,21,99,31,-41,20,-140,-209,-110,199,51,240,120,-153,-19,221,10,31,-110,120,-201,50,-40,20,-50,-179,-3,-18,-69,160,47,210,-69,-49,-30,70,51],"volumes":[0.00675,0.02206,0.02467,0.01551,0.01864,0.01932,0.01244,0.00907,0.012,0.0132,0.01095,0.00967,0.05563,0.07041,0.03201,0.01738,0.0242,0.016,0.01363,0.00892,0.01728,0.02164,0.01515,0.00495,0.0015,0.00255,3.0E-4,0.00277,0.00914,0.02749,0.01799,0.01447,0.01207,0.00165,0.01056,0.0142,0.01722,0.0175,0.00843,0.00667,0.01752,0.00883,0.00112,0.00389,0.00637,0.00253,0.01215,0.01267,0.01968,0.03208,0.03545,0.02307,0.01432,0.01295,0.0247,0.03146,0.02787,0.02234,0.00435,0.00853]}