{"timestamp":1242518400000,"multiplier":1.0E-5,"open":0.74603,"high":0.74628,"low":0.74597,"close":0.74601,"shift":60000,"times":[1320,1,1,1,1,1,1,1,1,1,1,1,1,1,1,1,1,1,1,1,1,1,1,1,1,1,1,1,1,1,1,1,1,1,1,1,1,1,1,1,1,1,2,1,1,1,1,2,1,1,3,1,1,1,1,1,1,2,1,1,1,1,1,1,1,2,1,1,1,1,1,1,2,1,1,1,1,1,1,1,1,1,2,1,1,1,1,1,1,1,1,1,1,1,1,1,1,1,1,1,1,1,1,1,2,1,1,1,1,1,1],"opens":[0,-7,28,-21,-7,22,-9,4,5,22,19,-10,-36,4,-4,10,-9,15,2,-12,10,0,-3,-7,50,-1,31,5,-5,15,4,-9,9,20,-17,-8,-5,50,15,-5,5,5,-11,-13,4,5,-6,-28,-11,-2,-15,5,-7,-21,-5,35,5,5,-2,-12,-2,-3,-18,15,-18,-10,-5,5,-21,-21,2,11,-18,-2,14,34,0,14,30,-39,-4,2,-1,8,-4,16,11,39,-25,-8,34,-2,-15,-4,-11,11,-1,5,-5,-11,16,6,-13,4,8,8,-2,-16,5,-40,15],"highs":[0,-7,12,-30,10,5,0,0,30,25,5,-25,-30,14,-14,0,11,0,5,-10,0,5,-8,53,9,31,-10,0,0,20,-6,-10,20,5,-17,-8,44,27,-6,5,0,-5,-10,-1,0,0,-9,-27,-5,-8,-10,0,0,-25,26,14,-10,6,-3,0,-10,-5,-2,-1,-14,-11,-10,5,-20,-15,5,10,-27,27,20,3,16,31,-7,-39,1,0,10,-6,11,21,33,-3,-13,3,20,-11,-9,-10,-5,5,9,-5,-5,0,35,-24,-11,16,3,-1,7,-15,-5,-30,20],"lows":[0,-4,5,-5,3,12,-2,-3,15,21,14,-45,0,0,-10,6,9,16,-10,0,0,5,-16,8,53,-1,-14,45,0,7,2,-5,15,10,-20,-25,23,47,10,5,-5,3,-24,3,13,0,-20,-27,-3,0,-7,-20,0,-8,-4,39,0,3,-10,0,-1,-18,-1,-18,-2,2,-5,-10,-10,-12,2,0,-10,1,4,44,-1,12,-7,0,-3,0,1,2,2,16,11,1,2,0,18,2,0,-9,-8,13,-1,0,-10,-21,31,1,-11,11,2,15,-18,0,-60,20,8],"closes":[0,17,-10,-15,20,0,5,-2,23,19,-5,-45,10,0,0,-9,25,-5,-5,0,2,3,-17,55,10,29,-7,5,5,4,0,0,20,-5,-20,-5,50,15,-5,5,15,-15,-17,10,-3,0,-20,-22,2,-10,-7,-4,-16,-3,31,9,-5,6,-18,0,-1,-18,16,-27,-10,7,-5,-15,-10,-5,5,-10,-10,20,24,9,9,38,-47,0,-3,0,6,-3,15,15,39,-28,-9,26,12,-13,-4,-10,0,5,9,-5,-15,10,10,-4,-13,23,3,-1,-8,0,-50,15,-2],"volumes":[26.91,23.25,48.9,9.16,6.92,9.07,10.18,19.77,52.61,60.42,30.43,37.6,14.85,33.56,26.67,8.47,20.87,6.6,16.6,19.47,6.81,6.7,12.09,56.28,20.04,85.56,35.01,9.93,2.15,41.86,12.68,5.15,11.9,3.81,5.42,20.83,37.41,25.85,8.65,18.05,11.45,15.7,15.06,13.28,5.91,5.55,10.83,14.29,31.68,12.88,3.7,20.63,18.34,9.32,22.63,6.68,4.0,10.7,17.17,17.73,5.35,35.51,26.61,28.6,21.48,9.27,3.57,8.77,6.42,7.3,5.56,8.67,3.7,29.6,36.2,18.41,36.44,47.29,7.77,2.84,15.67,8.33,46.72,19.47,10.39,12.84,40.8,44.6,16.49,14.75,73.96,53.85,16.61,3.37,5.34,2.1,3.74,3.33,22.39,67.43,50.45,13.46,7.18,18.13,11.93,1.4,8.53,2.51,20.49,8.03,46.37]}