{"timestamp":1241136000000,"multiplier":1.0E-5,"open":0.72651,"high":0.72651,"low":0.72651,"close":0.72651,"shift":60000,"times":[0,1,1,1,1,1,1,1,1,1,1,1,1,1,1,1,1,1,1,2,1,1,1,1,1,1,1,1,1,1,1,1,1,1,1,1,1,1,1,1,1,3,2,1,1,1,1,1,1,1,1,1,1,1,1,1,1,1,1,1,1,1,1,1,1,1,1,1,1,1,1,1,1,2,1,1,1,1,1,1,1,1,1,1,1,1,2,1,1,1,1,1,1,1,1,1,1,1,1,1,1,1,1,1,1,1,1,1,1,1,1,1,1,1,1,1,1,1,1,1,1,1,1,1,1,1,1,1,1,1,1,1,1,1,1,1,1,1,1,1,1,1,1,2,1,1,1,1,1,1,1,1,1,1,1,1,1,1,1,1,1,1,1,1,1,1,1,1,1,1,1,1,1,1,1,1,1,1,1,1,1,1,1,1,1,1,1,1,1,1,1,1,1,1,1,1,1,1,1,1,1,1,1,1,1,1,1,1,1,1,1,1,1,1,1,1,1,1,1,1,1,1,1,1,1,1,1,1,1,1,1,1,1,1,1,1,1,1,1,1,1,1,1,1,1,1,1,1,1,1,1,1,1,1,1,1,1,1,1,1,1,1,1,1,1,1,1,1,1,1,1,1,1,1,1,1,1,1,1,1,1,1,1,1,1,1,1,1,1,1,1,1,1,1,1,1,1,1,1,1,1,1,1,1,1,1,1,1,1,1,1,1,1,1,1,1,1,1,1,1,1,1,1,1,1,1,1,1,1,1,1,1,1,1,1,2,1,1,1,1,1,1,1,1,1,1,1,1,1,1,1,1,1,1,1,1,1,1,1,1,1,1,1,1,1,1,1,1,1,1,1,1,1,1,1,1,1,1,1,1,1,1,1,1,1,1,1,1,1,1,1,1,1,1,1,1,1,1,1,1,1,1,1,1,1,1,1,1,1,1,1,1,1,1,1,1,1,1,1,1,1,1,1,1,1,1,1,1,1,1,1,1,1,1,1,1,1,1,1,1,1,1,1,1,1,1,1,1,2,1,1,1,1,1,1,1,1,1,1,1,1,1,1,1,1,1,2,2,1,1,1,1,1,1,1,1,1,1,1,1,1,1,1,1,1,1,1,1,1,1,1,1,1,1,1,1,1,1,1,1,1,1,1,1,1,1,1,1,1,1,1,1,1,1,1,1,1,1,1,1,1,1,1,1,1,1,1,1,1,1,1,1,1,1,1,1,1,1,1,1,1,1,1,1,1,1,1,1,1,1,1,1,1,1,1,1,1,1,1,1,1,1,1,1,1,1,1,1,1,1,1,1,1,1,1,1,1,1,1,1,1,1,1,1,1,1,1,1,1,1,1,1,1,1,1,1,1,1,1,1,1,1,1,1,1,1,1,1,1,1,1,1,1,1,1,1,1,1,1,1,1,1,1,1,1,1,1,1,1,1,1,1,1,1,1,1,1,1,1,1,1,1,1,1,1,1,1,1,1,1,1,1,1,1,1,1,1,1,1,1,1,1,1,1,1,1,1,1,1,1,1,1,1,1,1,1,1,1,1,1,1,1,1,1,1,1,1,1,1,1,1,1,1,1,1,1,1,1,1,1,1,1,1,1,1,1,1,1,1,1,1,1,1,1,1,1,1,1,1,1,1,1,1,1,1,1,1,1,1,1,1,1,1,1,2,1,1,1,1,1,1,1,1,1,1,1,1,1,1,1,1,1,1,1,3,1,1,1,1,1,1,1,1,1,1,1,1,1,1,1,1,1,1,1,1,1,1,3,1,1,2,1,1,1,1,1,1,1,1,1,1,1,1,1,1,1,1,1,1,1,1,1,1,1,1,1,1,1,1,1,1,1,1,1,1,1,1,1,1,1,1,1,1,1,2,1,2,1,1,1,1,1,1,1,1,1,1,1,1,1,1,1,1,1,1,1,1,1,1,1,1,1,1,1,1,1,1,1,1,1,1,1,1,1,1,1,1,1,1,1,1,1,1,1,1,1,1,1,1,1,1,1,1,1,1,1,1,1,1,1,1,1,1,1,1,1,1,1,1,1,1,1,1,1,1,1,1,1,1,1,2,1,1,2,1,1,1,1,1,1,1,1,1,1,1,1,1,1,1,1,1,1,1,1,1,1,1,1,1,1],"opens":[0,-3,5,18,10,0,-25,6,-18,-7,-23,12,-27,-2,-9,9,-14,13,7,-14,-3,-9,2,1,14,37,0,-1,-18,-10,4,7,-12,4,3,28,-16,3,-6,-14,11,16,21,3,-16,7,-5,0,-37,5,6,9,4,2,6,2,4,2,8,5,9,6,17,8,-17,18,-9,-8,-9,7,12,7,-8,-2,4,0,1,3,2,6,-13,-11,0,-27,14,2,5,0,-2,32,1,3,-1,-4,7,9,0,-6,29,24,-9,-8,3,3,-10,10,0,-16,18,-3,3,-9,-5,5,-58,64,-1,3,10,31,45,3,0,11,12,-14,11,22,-9,-3,-3,3,22,6,13,2,-3,-2,-5,-2,-31,-19,6,1,1,36,2,28,-12,-27,36,51,15,24,-10,-9,35,3,4,7,-2,-3,-20,6,-13,12,-15,-8,-18,12,9,23,-27,10,34,45,11,-20,-33,47,-30,3,4,-4,-1,1,-18,-12,22,9,-20,13,3,34,4,-18,8,1,18,-30,-27,-70,-65,75,8,29,-3,-12,-16,1,-3,-2,39,9,7,13,0,-3,1,-22,-31,-1,-56,2,0,14,-1,-1,15,-3,6,-5,2,-13,19,63,-18,-40,3,14,0,-24,-7,22,-2,6,0,-41,0,28,20,-61,26,-20,-15,-20,-3,3,0,37,12,34,15,-21,-37,49,34,-8,-26,-60,26,-11,43,3,10,29,37,23,1,-3,3,-1,19,33,2,-79,19,50,-17,10,5,-10,6,13,0,18,-1,56,-23,0,-35,-9,-7,5,4,-1,3,13,-7,-2,-7,-3,-25,-18,13,-9,-6,-14,8,22,-3,-3,18,0,27,19,-13,-6,7,29,-10,21,7,-16,8,-22,-27,-25,25,-7,4,7,27,-15,-53,-16,3,-3,11,2,-1,7,-18,29,-7,-4,56,-2,20,-3,9,4,-10,-35,42,16,17,-14,-4,5,1,0,11,13,7,-2,2,-6,7,17,-16,-4,-8,26,-1,23,57,-7,-5,-30,-9,-3,32,-6,17,-33,31,29,28,14,10,2,14,-27,6,-7,-2,-12,9,-23,9,-47,-43,25,-18,-42,21,-62,-1,-4,43,-23,44,4,-62,-8,-36,-37,-10,30,18,6,19,47,0,-23,22,-15,44,1,-66,20,20,3,-1,-3,-45,18,22,17,11,-18,10,5,12,-25,11,-5,21,-15,6,-85,-46,26,-2,2,8,5,-6,-2,-13,0,-4,-6,9,-3,-3,32,8,0,12,0,30,48,-4,-45,-40,-2,-44,-10,17,-20,34,-9,17,1,-30,-5,0,-62,7,-3,-2,-65,21,-53,-35,15,-76,6,-7,43,-22,-17,27,-15,-27,-20,-11,52,7,11,41,-47,-2,-4,-29,21,-46,-40,-22,4,8,23,6,-59,-26,30,-15,10,22,-26,18,-9,-2,-38,6,-20,19,22,17,34,5,-2,7,10,-36,-41,6,6,-9,17,-22,-21,-10,39,1,-42,19,6,11,-18,26,-45,35,-15,15,-32,-9,-18,18,13,48,2,0,48,76,-20,-5,-90,-57,74,66,5,5,-46,13,-20,-14,-102,-37,39,17,14,9,-40,10,17,-79,-58,-88,13,-9,28,23,9,-33,-1,24,28,-63,64,7,25,20,13,-20,8,-13,-31,-24,19,19,-18,-2,42,-10,34,19,36,-34,14,29,-9,1,20,-2,6,-21,-51,4,47,46,-13,-35,37,35,-44,13,-26,59,39,48,-12,38,5,-22,-2,-6,-2,27,15,-2,39,37,7,-23,42,-1,27,-6,34,-51,-21,6,-25,-14,1,9,13,-16,1,0,-19,6,-5,-26,-18,11,-2,-34,-13,-3,6,-3,-21,-3,32,-42,5,-8,0,-18,3,2,8,19,1,7,33,-11,-6,15,10,25,27,33,-22,3,-5,4,7,-4,-8,-12,-18,-9,-15,2,25,9,13,8,-3,-8,-46,9,43,-15,13,-31,12,9,-17,-6,-14,18,-36,18,-60,41,-1,-6,-8,-33,25,-70,62,20,12,-22,25,-26,-3,0,3,10,8,5,-1,28,3,0,42,-10,-4,-3,-10,40,26,-4,-3,-10,10,-4,4,0,15,-13,-20,1,2,21,40,15,34,-12,1,22,-2,-4,25,11,-1,-48,-4,-39,-6,12,-26,15,1,-5,0,18,22,15,2,28,-4,6,-3,11,17,-26,3,-31,4,0,-1,-45,-6,22,5,-2,16,23,-6,40,0,4,-5,-4,-8,-21,-6,-15,14,-7,-45,0,13,-17,-36,-18,-5,11,1,-2,-22,-28,-12,8,-5,4,31,6,6,-23,-10,18,58,-15,-1,-12,-7,-2,-13,-27,-42,26,-11,-10,-6,16,16,-9,-28,29,20,40,-15,-25,-3,18,22,-48,-1,-2,0,-4,-9,-3,-2,6,14,22,-2,-19,-15,20,14,23,-19,-4,-35,-4,25,-29,12,-15,10,-1,-11,-2,2,0,43,17,21],"highs":[0,6,10,20,-6,1,-5,-15,-18,-7,-16,6,-21,-8,7,-8,4,20,-14,-15,-5,-7,-1,19,28,5,7,-7,-10,-6,6,-8,-6,0,30,14,-18,-10,-4,0,9,16,14,-1,-14,3,1,-5,-32,-2,14,1,4,2,12,2,-1,8,3,8,23,-3,10,5,5,-4,-3,-5,-11,13,9,-3,6,-11,0,3,-3,9,0,6,-15,-8,-5,-18,6,4,6,0,24,11,6,-11,0,0,12,3,-1,14,28,19,-25,0,0,-1,2,11,-15,0,3,0,0,-5,-4,-1,1,14,-8,18,21,54,0,5,5,18,-8,2,18,12,-16,-6,15,5,5,19,0,6,-10,-4,8,-9,-35,-10,5,0,25,33,3,18,-30,14,51,8,32,0,-12,33,5,-6,24,-24,-2,-3,8,-14,-16,8,-11,-7,-12,24,6,8,-4,35,20,85,-67,-16,15,-7,-28,18,-5,-9,-2,-1,-11,4,16,-8,-9,15,40,0,-12,12,-19,19,0,-26,-34,-59,4,11,26,10,-18,11,-34,7,-14,41,13,1,11,7,-7,-3,2,-22,-32,5,-59,3,16,1,-7,21,-8,-3,16,-10,21,-16,74,-9,-16,-24,0,0,0,-29,51,-17,-13,7,-7,-25,12,23,-2,-30,-8,-20,-8,-17,3,-8,40,0,55,2,5,-30,13,57,-23,-6,-23,-37,5,23,7,13,46,21,30,-5,0,5,-10,20,40,-10,9,-63,64,-8,-19,16,-11,-3,10,8,15,17,45,0,-16,-16,-33,-4,-10,7,-1,8,5,1,19,-28,-7,-2,-27,-6,12,-20,-2,10,18,-16,-3,14,1,22,45,-21,-9,-1,19,26,10,-8,3,-8,-5,-22,-21,1,3,-12,11,28,-5,-14,-42,-29,18,5,12,-20,10,0,10,0,-10,46,32,7,5,-7,-4,1,-7,6,11,21,2,-9,-1,-8,5,12,28,-9,4,9,24,-19,-7,15,-17,-11,21,0,13,64,3,0,-20,-30,-9,25,24,12,-21,-3,32,35,5,15,-2,20,-6,-17,-5,-2,-3,-4,-1,-15,-1,-11,-55,16,-33,-5,-11,-62,18,36,-16,20,4,1,-61,-7,-43,-31,19,17,5,23,51,-4,-7,1,-2,24,13,-7,-45,19,0,4,-1,-4,-24,17,16,11,12,-27,30,0,-3,-25,11,21,11,-25,5,-80,-11,-19,0,14,-6,6,-7,-2,-13,3,-4,-1,7,-3,25,21,-10,20,-3,13,49,15,-13,-44,-34,-2,-51,10,1,9,15,3,-8,0,-30,-3,0,-47,1,-1,-15,-44,2,-38,-12,-19,-69,40,2,-13,-19,17,10,-28,-30,-7,28,17,-3,51,-10,-15,-1,-29,-17,1,-44,-30,-11,-9,35,3,-4,-54,-6,-2,5,12,0,0,0,-9,-10,-11,-21,2,27,23,29,-9,19,14,-8,0,-41,-26,-6,17,-4,2,-26,-18,42,12,-18,-23,9,-2,14,10,-15,-4,-5,-1,5,-7,-30,14,8,44,4,-4,56,70,18,-42,-14,-46,-26,74,7,29,-34,-18,-8,-15,-28,-92,16,-2,29,0,-9,-32,40,-23,-68,-47,-89,-3,20,20,21,-12,-8,-9,49,-9,-2,28,6,18,9,39,-39,-3,2,-50,0,10,0,-9,32,10,20,20,31,-4,9,35,-4,-29,18,30,-9,-20,-20,-49,45,45,0,-15,6,39,-8,-21,-10,39,46,39,-2,27,4,-2,-18,4,-10,22,20,3,27,60,23,-23,6,17,11,23,5,-3,-48,-7,-14,-24,10,-7,15,7,-32,1,18,-28,14,-23,-16,-8,-4,-5,-28,-11,14,-16,-8,-15,38,-13,-27,5,-20,-2,-10,3,1,28,0,0,26,15,-17,5,24,25,14,35,-1,-22,8,-8,16,-6,12,-24,-16,-12,-15,-5,19,13,3,24,-12,0,1,-50,39,35,-21,-3,-29,10,2,-16,-7,-3,6,-12,-6,-21,12,-6,-9,-10,-11,18,-18,21,7,-1,8,-5,-9,-10,-4,14,-5,15,-4,31,0,0,45,-4,-10,-4,-2,38,20,3,-10,-3,4,-1,-5,5,12,0,-13,-14,2,10,46,24,33,12,-25,40,-18,-2,32,1,17,-20,-53,-1,-39,0,4,-14,2,2,-4,36,7,0,18,12,10,7,-1,7,27,-13,-10,-12,-28,12,1,-14,-31,8,3,-1,8,27,3,37,4,-4,-3,-5,-4,-5,-13,-17,17,-18,-7,-45,12,10,-26,-36,-10,0,-2,42,-38,-27,-28,13,-17,0,36,0,20,41,-78,18,43,5,-12,-2,-7,-12,4,-11,-37,-2,-13,-12,-1,3,9,18,-22,23,-5,42,3,-17,-18,5,28,0,-50,-2,0,3,-9,-9,5,-6,17,29,-8,-2,-15,27,-3,17,5,-27,-1,-38,30,-9,-16,9,-18,7,-3,-13,-2,2,64,-2,21,5],