{"timestamp":1241308800000,"multiplier":1.0E-5,"open":1.32678,"high":1.32685,"low":1.32646,"close":1.32685,"shift":60000,"times":[1260,1,1,1,1,1,1,1,1,1,1,1,1,1,1,1,1,1,1,1,1,1,1,1,1,1,1,1,1,1,1,1,1,1,1,1,1,1,1,1,1,1,1,1,1,1,1,1,1,1,1,1,1,1,1,1,1,1,1,1,1,1,1,1,1,1,1,1,1,1,1,1,1,1,1,1,1,1,1,1,1,1,1,1,1,1,1,1,1,1,1,1,1,1,1,1,1,1,1,1,1,1,1,1,1,1,1,1,1,1,1,1,1,1,1,1,1,1,1,1,1,1,1,1,1,1,1,1,1,1,1,1,1,1,1,1,1,1,1,1,1,1,1,1,1,1,1,1,1,1,1,1,1,1,1,1,1,1,1,1,1,1,1,1,1,1,1,1,1,1,1,1,1,1,1,1,1,1,1],"opens":[0,2,-13,45,34,15,15,6,-9,-13,7,-20,14,4,10,-1,1,-2,-10,1,-27,30,0,6,-5,4,-17,14,-10,16,-2,-5,7,2,-2,-3,-14,3,-3,0,-4,13,2,11,-1,20,11,39,-6,-3,-16,15,-9,14,-7,-8,-25,-14,3,6,-9,20,-6,68,-7,-32,35,-3,-12,12,8,15,-5,3,-6,-26,-14,-6,-1,5,-7,9,-8,-2,-5,-2,-10,-8,25,-3,-24,47,-16,-9,-52,-5,-30,66,4,-1,8,0,2,-2,-10,-8,-29,9,-4,-48,-11,0,11,-1,14,9,-27,23,3,11,24,-21,6,0,24,0,-3,23,0,2,3,-17,0,-11,9,-9,14,12,-13,5,5,0,9,14,-6,10,-7,1,-25,16,-2,5,8,-7,2,14,-6,-33,-3,12,11,-9,-10,-19,4,14,-6,0,-13,-37,11,0,-43,21,17,-1,9,51,25],"highs":[0,-5,36,30,12,12,16,-2,-11,1,-7,-4,-2,18,-1,-2,2,0,-4,-5,-5,8,5,1,-6,5,-2,-3,5,0,-4,-3,8,6,-9,-1,-11,0,2,11,-8,6,3,17,9,12,28,14,-10,-6,5,2,-1,0,-6,-11,-26,4,9,-15,15,-7,68,21,-34,11,-8,10,-11,10,13,1,6,1,-18,-25,-4,-11,-2,2,0,4,-7,1,3,-8,-20,24,10,-18,24,4,-17,-15,-32,4,12,13,-6,11,-1,-5,-4,1,-10,-11,-24,15,-12,-38,-24,34,-17,20,9,-3,-8,-6,22,14,15,-3,-6,8,9,15,-18,16,1,2,-3,-16,1,-6,7,11,-2,3,-1,4,19,-17,19,1,2,11,-9,-11,23,-20,-3,4,-1,3,1,18,-18,-29,20,4,-6,-13,-2,-3,3,2,1,-18,-1,-22,3,-19,-19,10,4,33,23,19,63],"lows":[0,-10,30,43,11,26,15,5,-34,21,-12,3,-11,16,21,-5,5,-3,-7,-15,-19,27,9,3,-11,-5,6,-5,9,11,-9,3,11,2,-19,-10,2,4,4,-2,-6,15,-5,20,-1,20,11,31,-25,-2,10,14,-8,-5,-5,-39,7,2,-6,-31,17,18,16,49,-29,9,-17,35,-7,8,21,-5,7,-8,-14,-9,-16,-16,15,-13,14,-2,2,-35,1,21,-23,8,30,-26,-28,55,-8,-57,-10,-20,2,63,-13,-9,0,13,-6,8,-11,-8,-11,-1,-26,-29,-26,29,-1,14,14,-18,-13,19,14,10,14,-9,7,4,-2,18,-11,8,13,-3,8,-35,18,-6,7,1,9,-13,5,-5,24,-5,11,-2,15,4,-1,-27,9,-2,1,8,-11,4,5,5,-20,-10,5,21,-31,-22,11,5,14,-11,4,-19,-24,8,-29,-18,15,1,5,28,12,43,29],"closes":[0,-20,50,31,7,16,7,-8,-9,5,-13,12,-4,9,5,-6,8,-2,-7,-21,19,-11,14,3,-3,-14,22,-20,20,0,-2,-9,14,-1,-9,-3,-2,-3,-1,4,5,5,4,6,14,18,25,5,-12,-11,16,2,-5,-5,1,-14,-27,8,-3,2,4,1,64,1,-41,39,-9,3,4,9,10,8,7,-15,-26,-5,-8,-5,-9,2,0,3,-1,-19,27,-26,-22,34,12,-33,47,-12,-6,-48,-19,-32,73,-8,-4,20,-2,2,-3,-5,-10,-24,-5,6,-39,-19,-17,32,-16,25,2,-14,19,-14,16,28,-5,-8,3,21,-2,17,-6,4,13,-6,-10,-8,3,-5,-8,16,9,-4,3,-6,23,-16,18,13,2,1,-1,-43,23,5,-12,22,-9,7,5,-1,-20,-27,20,17,-13,-9,-17,-1,22,-5,0,-20,-39,20,-4,-48,21,3,8,14,47,18,49],"volumes":[192.5,304.8,154.6,295.0,142.1,175.6,163.2,83.2,297.0,66.6,103.6,166.8,143.5,293.2,186.6,193.4,422.4,323.2,449.8,361.5,68.8,290.5,269.3,358.7,193.8,177.8,102.6,269.8,427.8,116.6,128.0,22.4,205.4,244.8,293.6,109.4,312.6,295.0,72.2,65.0,85.7,231.8,41.8,103.4,119.0,85.2,111.6,314.2,266.6,113.4,151.2,117.8,281.6,115.6,126.0,297.0,83.2,297.2,203.6,231.2,231.9,64.8,357.5,232.8,128.4,368.8,130.2,138.0,95.0,74.8,94.2,27.8,184.1,188.8,121.2,59.8,186.2,142.2,287.2,117.4,68.0,94.4,78.6,175.2,139.6,41.4,161.0,165.0,24.8,306.6,149.2,198.6,59.0,329.9,366.6,236.8,220.2,295.5,319.0,167.2,281.8,302.2,77.2,384.8,92.4,74.6,37.6,147.2,254.5,169.6,195.6,280.4,349.6,482.8,63.6,471.9,419.8,336.0,409.2,481.9,305.6,299.2,211.9,341.2,498.2,752.0,290.8,397.7,162.2,179.8,49.6,121.6,192.0,170.4,257.0,184.8,95.6,162.2,218.2,416.6,267.8,219.0,251.0,307.8,308.2,589.0,107.6,123.0,313.8,52.6,134.0,305.4,537.5,364.6,169.8,342.2,542.7,149.6,190.0,211.1,623.8,611.3,476.6,298.6,383.4,273.6,99.2,400.2,427.0,330.1,297.6,250.4,281.4,229.0,236.1,401.6,349.5,142.0,293.6]}