{"timestamp":1243123200000,"multiplier":1.0E-5,"open":1.5908,"high":1.59094,"low":1.5908,"close":1.59093,"shift":60000,"times":[1260,1,1,1,1,1,1,1,1,1,1,1,1,1,1,1,1,1,1,1,1,1,1,1,1,1,1,1,1,1,1,1,1,1,1,1,1,1,1,1,1,1,1,1,1,1,1,1,1,1,1,1,1,1,1,1,1,1,1,1,1,1,1,1,1,1,1,1,1,1,1,1,1,1,1,1,1,1,1,1,1,1,1,1,1,1,1,1,1,1,1,1,1,1,1,1,1,1,1,1,1,1,1,1,1,1,1,1,1,1,1,1,1,1,1,1,1,1,1,1,1,1,1,1,1,1,1,1,1,1,1,1,1,1,1,1,1,1,1,1,1,1,1,1,1,1,1,1,1,1,1,1,1,1,1,1,1,1,1,1,1,1,1,1,1,1,1,1,1,1,1,1,1,1,1,1,1,1,1,1],"opens":[0,1,9,-15,32,-2,5,20,25,25,10,30,-15,10,60,-10,-25,50,-20,-10,15,10,25,-5,-5,-5,-25,-5,10,-25,0,30,-10,25,-25,10,0,5,10,5,0,-20,0,15,-18,1,0,8,-7,8,0,23,-30,-19,19,0,5,-5,0,-25,15,-5,0,35,10,0,-10,5,15,40,5,5,-50,-10,10,-10,-10,-10,-10,0,-10,0,0,-5,-45,0,-45,25,20,5,-5,10,5,15,-25,5,0,15,-15,5,-25,5,15,-15,-15,50,30,15,15,5,-9,4,0,5,-45,0,-20,0,10,0,0,-55,0,-5,-45,0,0,-30,40,5,-15,15,5,15,5,0,0,5,-5,-15,15,-5,0,-5,-15,20,-5,-35,60,65,-30,20,-5,0,-10,-5,5,-5,0,-20,-10,0,-20,-20,-15,5,0,10,0,0,-25,0,0,-25,0,-15,-15,10,0,0],"highs":[0,-4,0,25,7,-7,20,-5,25,30,15,30,-15,60,0,-10,10,15,-15,-5,5,35,0,-5,-5,-5,0,-30,30,-45,20,10,-10,28,-28,10,0,20,-5,15,-10,-20,25,-5,-9,-4,1,-1,0,3,7,13,-10,-18,8,-7,2,-5,0,-25,45,0,0,15,-5,0,10,10,35,5,0,0,-45,-5,15,-15,10,-40,-10,0,-10,0,0,-5,-45,0,-10,5,10,5,0,0,5,20,-25,0,0,15,-15,5,-20,0,15,-15,-5,60,25,5,35,-15,-10,0,0,5,-45,0,-10,25,-25,0,0,-55,0,-5,-25,-20,0,40,-25,0,-10,10,25,0,0,5,0,0,-5,0,0,-5,0,0,0,0,-5,-11,111,20,-30,-10,0,-5,-10,5,0,-10,0,-20,-5,-5,-20,-20,-10,0,35,-25,0,0,-25,0,0,-25,0,0,-20,0,0,0],"lows":[0,-18,13,0,22,8,-30,55,25,10,25,5,-45,65,55,-25,-15,60,-30,0,15,10,25,-15,5,-55,25,-5,-30,15,0,20,0,20,-20,0,10,5,10,0,0,-15,0,15,-21,1,-3,0,-5,20,-11,14,-10,-19,16,-13,-6,7,15,-30,0,-10,25,35,10,-40,30,0,10,25,30,-80,20,-5,0,0,0,-10,-10,-15,5,0,-10,-70,30,-70,25,25,20,0,0,10,0,-30,25,5,0,0,0,-25,5,0,0,0,-10,50,-15,55,20,5,-17,12,0,0,-50,-10,0,0,10,0,-55,0,0,-50,0,0,-30,0,40,0,-23,28,5,15,5,0,0,0,-15,-5,15,0,-10,5,-31,36,-5,-43,63,25,5,25,0,-20,5,0,0,0,-70,40,-5,-75,40,-15,-55,55,0,15,0,-50,0,25,-10,-15,0,-30,0,10,0,0],"closes":[0,-10,-8,35,12,-12,25,-5,25,30,10,10,-20,90,-5,-25,30,15,-30,10,5,35,0,-15,5,-20,5,-20,-15,0,20,0,0,20,-20,10,0,20,-5,10,-10,-15,25,-5,-23,5,6,-1,-8,8,-11,14,10,-20,10,-15,1,4,0,-30,0,20,30,15,-5,-10,10,0,50,0,10,-50,-10,5,-15,0,0,-10,-10,-10,0,0,-10,-40,0,-70,60,0,10,0,10,0,0,-5,5,0,0,0,0,-15,0,-5,0,0,0,60,10,10,20,5,-5,0,0,0,-50,-10,0,10,0,0,-55,0,0,-50,0,0,-30,70,-25,0,-28,28,20,5,0,5,0,-5,-15,15,-5,0,-5,5,-25,25,-5,-20,90,-25,35,0,0,-15,-5,5,-5,0,-15,-15,0,-35,-5,-15,0,0,10,5,0,-50,25,0,-10,-15,0,-30,10,0,0,0],"volumes":[93.8,136.5,18.8,29.4,33.6,10.8,23.8,1.6,1.0,12.4,19.2,28.8,20.0,20.8,6.4,5.8,12.2,9.6,14.6,39.4,14.4,9.6,1.6,4.8,1.6,57.6,33.6,1.6,8.8,3.0,9.2,19.2,5.6,39.2,5.6,13.6,4.8,24.0,9.6,44.8,19.2,9.6,16.0,9.6,41.0,41.8,105.4,41.6,37.8,14.4,29.2,19.2,9.6,67.8,33.0,55.6,76.0,25.0,9.6,19.2,67.2,224.0,91.2,52.8,9.6,44.8,52.8,132.8,135.2,95.8,9.0,80.4,69.2,40.2,51.6,38.6,16.6,38.4,1.2,33.4,28.8,33.6,33.6,49.8,37.6,89.2,96.0,50.8,3.0,16.0,30.8,4.8,8.0,81.6,3.4,9.6,20.0,35.6,10.4,30.0,9.0,6.6,5.8,6.8,5.8,2.0,21.6,4.0,8.8,3.0,105.6,48.0,48.0,4.0,16.4,47.2,57.6,288.0,110.4,76.8,100.2,19.2,48.0,44.4,72.0,16.0,56.4,74.6,38.4,62.4,131.8,9.6,127.6,9.6,24.0,72.0,110.4,67.2,80.0,75.9,81.6,4.8,33.6,14.4,104.0,4.8,4.8,98.4,122.8,172.0,95.0,52.8,33.6,74.4,9.6,33.0,14.2,9.6,107.0,58.6,189.4,165.2,82.8,97.2,156.6,16.8,113.7,9.6,4.8,70.0,55.8,9.6,30.0,28.8,30.4,195.8,52.8,4.8,72.0,48.0]}