{"timestamp":1243123200000,"multiplier":1.0E-5,"open":1.12105,"high":1.12105,"low":1.121,"close":1.121,"shift":60000,"times":[1260,1,1,1,1,1,1,1,1,1,1,1,1,1,1,1,1,1,1,1,1,1,1,1,1,1,1,1,1,1,1,1,1,1,1,1,1,1,1,1,1,1,1,1,1,1,1,1,1,1,1,1,1,1,1,1,1,1,1,1,1,1,1,1,1,1,1,1,1,1,1,1,1,1,1,1,1,1,1,1,1,1,1,1,1,1,1,1,1,1,1,1,1,1,1,1,1,1,1,1,1,1,1,1,1,1,1,1,1,1,1,1,1,1,1,1,1,1,1,1,1,1,1,1,1,1,1,1,1,1,1,1,1,1,1,1,1,1,1,1,1,1,1,1,1,1,1,1,1,1,1,1,1,1,1,1,1,1,1,1,1,1,1,1,1,1,1,1,1,1,1,1,1,1,1,1,1,1,1,1],"opens":[0,13,-78,3,12,-170,-30,145,65,-200,45,10,127,-147,145,-125,95,10,15,3,32,-15,0,-38,31,-18,0,25,-35,20,-20,31,-1,10,-7,-8,20,0,0,-65,41,-1,15,-35,28,5,-33,33,-33,0,5,35,5,-45,10,-5,5,10,5,8,-8,60,-65,-10,15,8,-8,-25,-45,0,0,-40,25,-15,20,-22,12,0,20,10,-20,5,8,12,0,-25,4,21,-18,-20,43,-27,32,0,10,0,-15,10,25,-14,14,5,15,5,-5,0,5,-10,-24,34,5,0,10,5,-10,30,-5,-10,20,15,0,0,0,-38,23,0,20,13,-23,10,-15,-10,0,20,5,-40,30,-30,3,4,28,-15,0,0,-5,-14,9,10,-10,5,20,-5,-20,-55,-40,15,-25,30,0,0,0,-18,18,0,-15,27,13,-5,5,5,-5,0,-18,28,50,0,0,10,0,0],"highs":[0,35,-100,12,3,-50,-150,145,65,-200,45,105,43,-158,162,-32,-5,0,22,28,13,-18,0,-16,19,-38,0,25,-35,37,-37,33,2,5,-7,20,-8,0,0,-40,23,-8,27,-47,37,13,-50,33,-33,10,10,95,0,-105,0,0,0,15,0,21,14,30,-70,5,0,8,-8,-25,-45,0,0,-30,60,-60,30,-27,7,20,15,-5,0,10,-9,4,0,-15,13,2,4,-10,11,-7,22,0,0,0,-15,30,10,-4,-1,10,10,5,-5,10,0,-15,-7,17,5,10,0,5,20,45,-50,20,10,10,15,-30,0,-19,4,10,25,-2,-15,7,-20,-10,0,25,0,15,-25,-10,-14,1,38,-25,35,-35,-5,-6,4,7,-5,20,0,-5,5,-80,-35,15,-10,10,40,-35,-5,13,-13,0,3,30,52,-60,0,5,-5,5,-5,70,-10,0,10,0,0,0],"lows":[0,-59,-6,8,7,-165,-30,145,40,-175,45,10,127,-147,140,-120,95,10,15,3,19,-7,-3,-35,36,-18,0,8,-18,15,-15,11,16,13,-42,24,18,0,0,-60,23,7,23,-33,10,23,-33,33,-33,0,5,-10,0,5,5,0,-5,0,0,27,-2,-25,20,-20,25,-10,-15,-80,35,0,-50,0,15,5,10,-23,23,-20,40,-35,-5,35,-6,26,-35,10,-15,40,-22,-18,45,-27,27,5,10,-20,5,10,25,-25,20,10,15,0,0,0,5,-10,-24,34,5,0,0,-10,15,15,-15,15,20,5,0,5,-20,-21,31,-10,30,-8,-20,3,0,0,0,-5,-10,-15,15,0,-5,-5,25,5,-15,5,0,-35,15,20,0,5,20,-40,-45,-35,0,0,-10,30,-20,20,0,-35,35,0,-15,8,22,5,5,0,0,0,-42,47,55,0,0,10,0,-50],"closes":[0,-57,-8,17,-2,-45,-150,145,40,-175,45,105,43,-158,162,-32,-5,0,22,23,-5,2,-12,-4,9,-25,0,8,-18,37,-37,33,-6,13,-23,23,5,-5,5,-40,23,-18,32,-42,37,5,-42,33,-33,5,15,-10,-15,15,-5,5,0,15,-5,18,22,-40,0,5,0,5,-30,-45,0,0,-40,10,5,-5,10,-10,10,20,15,-30,-10,45,-15,10,-35,20,-20,35,-14,8,11,-17,17,15,0,-15,0,30,10,-17,7,15,10,0,0,10,-5,-10,-19,29,5,10,0,-10,35,-5,-5,15,20,-5,0,0,-10,-19,14,5,20,-5,-28,3,0,0,0,20,-35,25,-10,5,-17,-13,25,5,0,-5,-5,-1,4,-3,5,20,0,-25,-60,-20,-10,5,0,10,-20,25,-5,-13,13,0,-15,26,19,-5,0,5,-5,0,0,50,10,0,10,0,0,-40],"volumes":[6.2,16.6,2.0,2.0,2.6,4.2,1.6,8.0,33.8,1.0,1.0,9.0,16.8,1.0,13.2,3.0,3.0,1.0,12.0,39.2,14.8,34.4,37.8,58.2,46.6,8.0,16.0,13.4,1.0,13.2,1.0,19.0,16.4,2.8,61.4,37.6,20.2,4.0,17.6,9.8,23.4,24.0,19.6,1.0,19.8,7.4,1.0,3.2,3.0,33.0,26.6,42.6,33.6,17.0,24.0,16.0,17.0,7.6,6.6,39.3,66.4,47.8,8.2,13.0,3.0,9.0,34.4,74.0,6.0,10.0,22.0,37.8,87.0,16.0,21.2,10.0,1.0,32.0,53.6,28.6,85.6,7.4,26.4,9.6,49.6,9.0,50.6,1.0,70.0,73.0,8.0,19.8,30.2,25.6,16.0,41.6,9.0,17.8,17.0,19.6,4.2,9.0,3.2,11.2,41.6,28.2,6.8,1.0,14.4,1.0,8.0,14.4,22.4,36.4,46.8,83.0,23.2,29.0,46.4,56.8,58.4,5.0,38.0,48.2,3.2,50.8,6.8,19.0,9.8,42.2,29.8,9.0,3.0,10.8,9.4,105.8,35.2,17.6,9.6,8.0,14.4,22.4,197.0,110.4,14.4,10.4,18.6,86.4,10.6,8.6,5.0,70.4,66.2,62.0,9.6,39.8,77.6,14.0,28.4,9.6,7.0,27.2,4.0,20.6,19.4,34.8,20.0,27.4,9.6,11.6,19.2,25.0,41.8,54.6,64.0,89.6,43.2,24.0,14.4,42.6]}