{"timestamp":1243728000000,"multiplier":0.001,"open":977.976,"high":978.276,"low":977.797,"close":977.849,"shift":60000,"times":[1320,1,1,1,1,1,1,1,1,1,1,1,1,1,1,1,1,1,1,1,1,1,1,1,1,1,1,1,1,1,1,1,1,1,1,3,1,1,1,2,1,1,1,1,1,1,1,1,1,1,1,1,1,1,1,1,1,1,1,1,1,1,1,1,1,1,1,1,1,1,1,1,1,1,1,1,1,1,1,1,1,1,1,1,1,1,1,1,1,1,1,1,1,1,1,1,1,1,1,1,1,1,1,1,1,1,1,1,1,1,1,1,1,1,1,1,1],"opens":[0,154,222,-198,494,51,-946,200,531,146,-602,215,-57,-10,183,-427,430,-169,109,-113,822,-6,-40,231,-74,-186,181,-36,124,-151,457,-455,0,13,164,19,-384,89,-270,202,-6,-388,168,-526,-947,-745,20,-324,200,-378,-98,21,-154,-193,-217,-64,237,182,156,-297,51,273,379,121,-46,132,514,97,157,-87,347,69,-522,40,-655,-246,192,-226,-213,-213,98,122,37,284,-117,25,-69,-144,220,332,144,83,140,-246,-67,-75,7,42,-140,155,-404,-109,-95,55,86,-30,1,129,-87,-111,-199,50,-94,-166,178,103,168],"highs":[0,70,105,60,287,-99,-807,510,329,-101,-229,285,-402,-46,121,-69,212,-19,-181,604,223,-81,122,30,-47,-48,156,-180,124,236,70,-346,188,-90,36,-47,-138,51,-213,-37,-32,-264,44,-526,-947,-745,102,-128,-45,-190,-319,48,-181,-193,-166,88,262,154,138,-268,94,410,115,294,64,135,186,318,164,-218,389,-155,-148,-334,-649,-252,485,-467,-72,-66,-8,-112,282,39,-117,308,-344,-105,625,84,49,117,112,-209,23,70,-97,-158,34,-102,-252,-252,-4,196,-112,155,153,-251,83,-138,-52,-23,-215,-186,489,-62,131],"lows":[0,192,-380,297,377,-529,-336,474,332,-258,-7,284,-353,215,-118,-55,133,77,-188,235,712,-301,187,134,73,-137,-114,-10,278,-254,196,13,-124,30,187,-186,-128,-80,22,30,-217,-62,-21,-919,-1008,-246,-205,36,38,-215,-414,154,-260,-64,-355,127,270,277,63,-183,60,275,389,117,-65,14,501,-31,357,-209,553,-428,-132,-600,-307,-149,416,-466,6,-274,56,135,186,-20,-168,420,-243,-49,246,347,-146,267,70,-307,118,-295,205,-70,-15,-262,36,-576,367,136,-55,111,-187,-14,193,-206,-136,-60,-338,208,241,103,168],"closes":[0,497,-139,236,355,-1044,-53,701,329,-765,307,190,-412,187,-208,53,269,-77,-96,600,271,-2,122,-149,21,-45,-24,64,27,377,-468,-7,52,152,-90,-207,18,-226,220,-149,-236,119,-134,-987,-977,-202,-80,-51,36,-326,-126,-134,-176,-55,-294,348,70,102,63,11,62,482,76,133,-23,422,180,-65,282,53,336,-599,302,-655,-469,-149,199,-466,6,-145,144,85,304,-36,-272,448,-364,5,412,180,73,210,-217,-244,55,-11,59,-62,195,-618,185,-355,100,149,-171,339,-247,-47,167,-274,112,-349,-204,130,245,262,91],"volumes":[0.00239,0.00627,0.00382,0.00663,0.00404,0.004526,0.002998,0.005191,0.00328,0.00737,0.00908,0.00268,0.00333,0.00535,0.004005,0.005147,0.00204,0.00361,0.00337,0.00542,0.00384,0.00321,0.00377,0.00327,0.00284,0.00261,0.00315,0.00431,0.00366,0.00487,0.00304,0.00252,0.00952,0.00386,0.001869,0.0036,0.00589,0.00489,0.00321,0.00218,0.00271,0.00449,0.00339,0.00662,0.0036,0.00179,0.00365,0.00249,0.00389,0.00457,0.00327,0.00294,0.003011,0.00633,0.0036,0.00369,0.00827,0.00521,0.00381,0.00298,0.003,0.00565,0.00316,0.002463,0.003299,0.00461,0.00623,0.00204,0.00319,0.00522,0.00383,0.00454,0.00422,0.003404,0.00431,0.00372,0.00369,0.00298,0.00245,0.00659,0.00391,0.0041,0.003622,0.00399,0.00237,0.00335,0.0063,0.004625,0.00298,0.006591,0.00322,0.004806,0.00478,0.00262,0.00318,0.00616,0.0057,0.002879,0.006091,0.00278,0.00331,0.00508,0.00361,0.0029,0.00297,0.00484,0.011082,0.00489,0.00549,0.00488,0.00419,0.00424,0.00211,0.00263,0.00354,0.00218,0.00293]}