{"timestamp":1686441600000,"multiplier":1.0E-5,"open":0.67254,"high":0.67254,"low":0.67254,"close":0.67254,"shift":60000,"times":[1264,1,1,1,1,1,1,2,1,1,1,1,1,1,1,1,1,1,1,1,1,1,3,1,1,1,1,1,1,1,1,1,1,1,1,1,1,1,1,1,1,1,1,1,1,1,1,1,1,1,1,1,1,1,1,1,1,1,1,1,1,1,1,1,1,1,1,1,1,1,1,1,1,1,1,1,1,1,1,1,1,1,1,1,1,1,1,1,1,1,1,1,1,1,1,1,2,1,1,1,1,1,1,1,1,1,1,1,1,1,1,1,1,1,1,1,1,1,1,1,1,1,1,1,1,1,1,1,1,1,1,1,1,1,1,1,1,1,1,1,1,1,1,1,1,1,1,1,1,1,1,1,1,1,1,1,1,1,1,1,1,1,1,2,1,1,1,1,1,1,1],"opens":[0,35,68,14,0,16,-119,65,60,14,-80,19,8,10,1,2,0,-33,34,0,0,0,-33,-3,9,1,0,0,0,18,6,0,-1,1,-34,1,33,0,0,-30,-10,40,0,1,-18,19,-17,12,4,-13,19,-13,14,31,-4,9,6,-11,-10,-5,3,-9,2,-2,-2,0,0,-2,8,3,1,-3,5,6,4,5,8,-2,-4,2,-6,0,-9,-5,2,-7,5,-2,0,0,4,-3,1,0,-2,7,-2,-1,1,7,0,1,0,-6,3,3,-5,1,4,-2,-4,3,-3,2,0,1,3,6,0,1,-2,0,4,-1,3,-4,1,21,-5,-5,6,-3,4,-12,2,4,-2,5,8,6,3,-3,-3,7,4,0,-3,2,-2,-2,1,-1,0,0,1,0,-12,9,2,-1,1,2,-3,-4,3,2,-3,3,-3,4,-6],"highs":[0,103,15,0,15,0,0,-3,23,0,-19,-34,8,2,1,2,0,-33,34,0,0,0,-33,72,-65,4,-4,0,0,24,0,0,0,0,-33,32,1,0,0,-30,30,0,0,1,-18,19,1,2,5,9,-1,-3,0,43,-13,5,4,-15,-10,3,-4,-6,0,1,-3,-1,0,2,4,2,0,2,12,-2,6,8,-2,-1,-5,2,-4,0,-10,-3,1,-5,1,-1,1,3,-1,-2,1,-1,0,7,-2,-1,3,5,-1,0,0,-6,9,-3,-5,1,4,-1,-1,-1,-1,0,1,3,10,-4,0,1,2,0,2,2,-2,2,17,0,-6,-1,2,1,1,-10,3,0,5,6,10,-2,1,0,7,-1,1,-2,-1,0,-2,2,-1,-3,0,3,-1,-1,-4,2,4,-4,4,-1,-3,-3,8,-4,-1,1,2,11,-15],"lows":[0,35,68,14,0,16,-119,65,60,14,-80,18,1,18,1,2,0,-33,34,-1,1,-49,16,-3,9,1,0,-1,0,19,6,-1,0,0,-33,-3,36,0,0,-42,1,41,0,-22,6,19,-17,12,4,-13,19,-18,19,23,-1,14,1,-13,-9,0,-4,-3,1,-2,0,0,-1,0,8,1,-1,1,3,6,4,2,7,0,-2,-2,-1,-6,-5,-2,-6,-2,7,-4,3,0,1,-1,1,-2,1,4,1,-1,1,5,2,1,-2,-4,3,-1,-1,1,2,-2,-2,0,0,2,-3,4,3,5,-1,0,-2,3,1,-1,1,0,2,16,-2,-7,6,0,-5,-2,-2,2,4,4,7,7,0,-1,-1,7,1,1,-4,0,1,-2,1,-1,2,0,0,-12,1,9,2,-4,1,2,-5,1,3,0,-4,0,3,-2,-3],"closes":[0,98,20,0,15,0,0,-4,24,0,-65,5,15,2,1,2,0,-33,34,0,0,-49,16,6,1,3,-3,-1,1,24,0,-1,1,0,-33,32,1,-1,1,-33,33,0,0,-16,-1,19,0,3,5,-4,11,-9,7,19,11,5,-5,-12,-10,2,-6,3,-2,-5,3,-1,0,4,3,2,-4,6,9,2,3,11,-4,-3,-2,-3,1,-8,-5,-2,-5,4,0,-3,3,1,0,-1,2,-3,2,4,-1,1,2,2,2,1,-2,-4,9,-6,-2,1,2,0,0,-4,2,0,1,2,6,1,-1,1,1,2,-3,3,-2,1,20,-3,-3,1,-2,5,-10,-1,5,-1,5,7,5,3,-3,0,6,3,0,-2,1,-1,-3,4,-5,-1,2,3,-1,-13,8,2,2,-2,2,-2,-4,1,5,-3,1,-1,3,-6,3],"volumes":[1.2,3.6,2.24,1.33,3.6,0.45,1.65,3.75,4.95,1.35,12.99,4.5,65.02,1.35,3.6,2.75,0.55,1.8,0.9,4.5,0.9,2.1,3.6,20.12,0.9,1.8,0.9,0.9,1.8,2.97,0.27,2.07,1.35,1.62,2.4,6.27,1.8,1.35,1.35,9.3,10.62,4.05,8.55,18.45,1.2,0.45,3.75,2.25,6.3,23.3,10.35,49.6,2.7,42.3,8.4,1.8,7.2,23.06,13.16,31.57,17.62,38.3,28.65,33.92,28.8,27.35,33.6,25.05,28.8,26.4,9.6,14.4,26.4,13.2,24.0,30.0,18.0,26.4,9.6,9.6,10.8,13.8,13.8,6.0,25.65,28.05,3.6,9.6,6.0,7.95,7.2,10.05,4.8,6.0,4.8,12.0,7.65,7.82,18.3,9.0,4.2,1.2,4.8,3.0,8.1,13.2,2.4,1.2,3.6,6.0,7.71,6.4,34.4,4.4,18.65,18.15,43.93,16.1,6.75,23.82,40.97,24.55,22.05,29.4,27.9,45.75,55.5,15.6,4.44,26.89,14.4,10.8,16.59,12.6,19.5,12.75,13.95,29.6,25.8,4.8,6.24,16.8,25.2,13.2,13.44,3.72,17.04,23.4,4.95,7.2,9.6,7.2,1.2,7.65,6.6,18.75,16.8,2.4,6.0,11.4,12.0,9.6,12.0,2.4,14.4,5.4,9.15,10.35,16.2,49.33,22.35]}