{"timestamp":1686528000000,"multiplier":0.001,"open":7125.659,"high":7142.569,"low":7119.999,"close":7137.999,"shift":60000,"times":[1430,1,1,1,1,1,1,1,1,1],"opens":[0,11598,-7620,-3440,-1000,-500,-3530,60,-530,-2970],"highs":[0,-5312,-5258,-5340,-1000,340,-2400,-940,-462,-4470],"lows":[0,9600,-3030,-2282,-1690,-598,-1862,460,-2968,-3342],"closes":[0,-8400,-3030,-880,-1492,-2198,-460,-910,-3000,-1970],"volumes":[0.023841,0.009833,0.00588,0.00429,0.00318,0.00404,0.00678,0.00349,0.0027,0.00455]}