{"timestamp":1687651200000,"multiplier":1.0E-5,"open":1.31772,"high":1.31772,"low":1.31772,"close":1.31772,"shift":60000,"times":[1260,1,1,1,2,1,1,3,1,1,2,1,1,1,1,1,1,1,2,1,1,1,1,1,1,14,1,2,3,1,2,8,1,1,1,1,1,1,1,1,1,1,1,1,1,1,1,1,1,1,1,1,1,1,1,1,3,1,1,1,1,1,1,1,1,1,1,1,1,1,1,1,1,1,1,1,1,1,1,1,1,1,1,1,1,1,1,1,1,1,1,1,1,1,1,1,1,1,1,1,1,1,1,1,1,1,1,1,1,1,1,1,1,1,1,1,1,1,1,1,3,1,1,1,1,1,1,1,1,1,1,1,1,1,1,1,1,1,1,1,1,1,1,1,1,1,1],"opens":[0,3,0,0,0,16,-5,5,-16,5,2,3,5,-5,-2,-3,2,1,0,5,-2,0,-3,-1,1,1,2,8,-2,1,-1,-5,-11,-3,16,-5,1,-14,6,-7,4,3,1,-17,-11,20,-16,-11,0,1,-9,-2,0,1,2,-2,-1,1,7,-1,-7,0,10,-10,0,1,-9,8,0,-6,5,0,0,0,-7,0,4,-4,0,0,1,-1,-6,-1,-10,-27,-26,-1,-23,-12,16,-6,-2,1,1,15,1,7,-13,8,-7,-16,5,-5,3,-6,0,1,-1,-4,-1,11,10,-2,-3,-4,6,-3,1,0,6,4,-2,2,4,-3,-1,3,0,-7,-2,-8,8,5,9,1,-3,-6,6,5,-8,9,4,-8,-1,-2,0],"highs":[0,7,-4,0,0,16,-5,5,-16,5,6,4,0,1,-8,1,-2,6,0,0,-2,0,-3,-1,1,3,6,2,-2,1,-1,-2,-10,10,0,-4,0,-8,0,-3,-1,7,-3,-17,10,0,-10,-17,0,0,-8,0,0,0,0,-1,-1,6,2,-2,2,1,0,-9,-1,1,-1,0,0,0,0,0,0,-1,0,4,-7,-3,-1,1,0,-1,-3,-3,-10,-28,-25,-2,-23,6,0,-2,-7,0,17,2,6,-1,-11,6,-7,-7,-4,-2,7,-8,-3,1,-3,-4,8,12,0,-2,-3,0,2,0,0,0,8,0,1,7,-4,-3,1,2,-1,-6,-3,-2,15,9,-7,2,-5,0,8,0,-3,6,-1,-8,-1,-1,1],"lows":[0,3,0,0,0,16,-15,15,-16,5,2,3,5,-5,-2,-3,2,0,1,3,-4,4,-3,-1,1,1,2,8,-2,1,-1,-13,-7,1,8,3,-7,-6,-3,2,3,4,-16,-11,0,2,-9,0,0,-8,0,-2,0,0,0,0,0,0,6,-6,0,0,0,0,0,-8,0,7,-7,0,7,0,0,-7,0,0,0,0,0,0,0,-7,0,-10,-27,-27,-6,-19,-17,-2,19,-4,2,0,0,17,1,-2,-5,6,-22,1,-1,1,-1,-2,1,0,-8,2,1,11,8,-1,-8,2,3,0,0,1,2,8,-2,2,1,-8,0,8,-3,-5,-7,-19,24,8,9,-1,-7,-2,8,-3,-2,11,-5,1,-3,-2,2],"closes":[0,7,-4,0,0,16,-15,15,-16,5,6,4,0,1,-8,1,-2,6,0,-2,-4,4,-3,-1,1,3,6,2,-2,1,-1,-13,-5,15,0,-3,-9,0,-8,4,1,3,-16,-10,19,-17,-10,0,0,-8,1,-1,-2,2,-2,0,0,7,-1,-5,-1,9,-9,0,0,-7,6,0,-7,7,1,-1,1,-7,-1,8,-7,-1,0,1,0,-1,-5,-11,-28,-26,-1,-21,-14,11,0,-2,0,0,12,5,7,-9,-4,5,-19,5,-8,4,-1,-1,-2,-1,-3,-2,9,12,-2,-1,-7,5,0,2,0,0,8,0,0,8,-7,0,1,-1,-3,-5,-5,4,7,11,-1,0,-8,5,8,-9,6,6,-9,0,-3,0,1],"volumes":[0.9,1.35,1.2,0.9,7.25,1.2,2.4,1.2,1.2,1.2,2.4,9.99,1.2,3.6,1.2,3.6,1.2,4.8,3.6,24.0,3.0,1.2,1.2,1.2,1.2,2.79,2.4,1.2,1.2,1.2,1.2,21.6,58.5,13.94,11.47,4.0,6.28,32.4,15.0,25.65,8.4,38.0,38.53,13.16,23.4,35.85,83.55,37.35,44.55,16.95,14.4,77.4,45.65,43.12,17.1,33.45,12.9,25.3,22.65,31.9,12.3,24.6,28.62,11.61,3.51,39.76,26.13,10.8,17.4,11.97,8.4,14.4,8.4,16.5,31.72,23.73,27.45,7.2,9.0,9.6,20.7,39.08,33.37,56.45,61.67,109.5,112.66,50.96,139.77,124.48,54.59,90.73,12.0,8.55,76.09,68.86,45.89,41.77,18.45,7.2,31.2,32.4,16.8,16.8,38.4,21.6,34.8,15.6,14.4,3.6,21.6,16.8,7.2,2.4,8.4,8.4,4.8,3.6,4.8,4.8,7.2,7.2,6.0,12.0,10.8,27.6,21.6,18.0,18.0,21.6,28.8,34.8,40.85,23.29,4.2,9.6,7.21,24.77,8.14,64.07,16.8,13.2,8.4,2.4,4.8,6.6,8.52]}