{"timestamp":1527984000000,"multiplier":0.001,"open":12735.38,"high":12737.28,"low":12735.38,"close":12737.28,"shift":60000,"times":[1323,1,1,1,1,1,1,1,1,1,1,1,1,1,1,2,1,1,1,1,2,2,2,1,1,1,1,1,1,1,1,1,1,1,2,5,1,1,1,1,1,1,2,1,3,1,5,1,4,4,5,2,2,8,1,1,1,1,1,1,1,1,1,1,2,1,1,1,1,3,1,1,1,1,1,1,1,1,1],"opens":[0,2500,3699,1901,-2500,-2501,-600,0,601,0,600,-601,601,-600,-1,-1200,-699,-1801,0,0,600,-599,-700,-1800,-1301,1301,1200,-600,1899,-1299,-2501,-1200,1200,1,-600,1199,-1199,0,-600,-1300,600,-601,1301,-1300,-1201,0,-2500,1200,1300,1201,-1201,1201,-1201,-699,1700,-1000,2499,1200,1301,1200,-600,599,1300,1201,600,-600,1299,-700,1,1900,-1201,1,2500,1800,1300,1899,2501,-1300,1899],"highs":[0,5000,0,1200,-1201,-2500,-1299,1300,-1,0,1,0,0,1200,-2501,-1200,-699,-601,1,-1201,1201,-1200,-700,-600,-2501,1301,1200,0,1299,-1299,-1200,-1300,-1,2501,-2500,1300,-1900,599,-1199,-1300,1299,-1300,1301,-1300,-1201,1,-1301,0,2500,1,-1201,1201,-1201,0,1001,199,1300,1200,1301,1200,-600,599,1301,1200,1299,-1299,1300,0,-1,1201,0,0,2499,1300,3701,-1,2501,-1,1],"lows":[0,2500,3699,700,-3199,-601,-1200,0,1201,-1,0,0,601,-601,0,-1200,-1299,-1201,0,0,600,-599,-2501,-2499,-1,2501,-1,601,1899,-5000,1200,-1200,0,0,601,600,-1201,601,-1900,0,600,-601,1301,-1300,-3701,1200,-1200,601,1899,1201,-2500,2500,-1201,-699,-600,1300,2499,1200,1,1299,0,1200,601,1900,600,-600,-1,600,-599,1299,0,0,1800,2500,700,2500,2501,-1301,1300],"closes":[0,5000,0,0,-2500,-1301,1,1300,-1,0,-699,-601,1301,0,-1301,-1200,-1299,-1,1,-1201,1201,-1200,-1901,-3099,1199,1301,0,1200,1299,-5000,1201,-1200,-1,0,1201,0,-1201,1200,-1199,-1300,1299,-1300,1301,-1300,-2500,-1,-1199,1199,1300,1201,-2500,2500,-1201,0,-1299,2499,1300,1200,1301,-1,1,1199,1301,1200,1299,-1299,0,1300,-1,1200,1,0,2499,1300,3100,600,1301,0,600],"volumes":[0.00291,0.00776,0.00582,0.0097,0.01261,0.00388,0.02134,0.01261,0.00194,0.00388,0.00873,0.01067,0.00194,0.0097,9.7E-4,9.7E-4,0.00194,0.00194,0.00194,9.7E-4,0.00194,9.7E-4,0.01067,0.01067,0.00485,9.7E-4,0.00776,0.00194,9.7E-4,0.00291,0.00485,0.00291,0.00485,0.00582,0.00194,0.00291,0.00194,0.00194,0.00388,9.7E-4,0.00194,9.7E-4,9.7E-4,9.7E-4,0.00388,0.01455,0.00291,0.00291,0.00291,9.7E-4,0.00194,9.7E-4,9.7E-4,0.00194,0.00291,0.00194,9.7E-4,9.7E-4,0.00388,0.01164,0.00582,9.7E-4,0.00291,9.7E-4,0.00194,9.7E-4,0.01067,0.00388,0.00388,0.01067,0.00776,0.00873,0.00388,0.00582,0.02619,0.00776,0.00485,0.00776,0.0097]}