{"timestamp":1528588800000,"multiplier":1.0E-5,"open":1.34058,"high":1.34058,"low":1.34058,"close":1.34058,"shift":60000,"times":[1260,1,1,1,1,1,1,1,1,1,1,1,1,1,1,1,1,1,1,1,1,1,1,1,1,1,1,1,1,1,1,1,1,1,1,1,1,1,1,1,1,1,1,1,1,1,1,1,1,1,1,1,1,1,1,1,1,1,1,1,1,1,1,1,1,1,1,1,1,1,1,1,1,1,1,1,1,1,1,1,1,1,1,1,1,1,1,1,1,1,1,1,1,1,1,1,1,1,1,1,1,1,1,1,1,1,1,1,1,1,1,1,1,1,1,1,1,1,1,1,1,1,1,1,1,1,1,1,1,1,1,1,1,1,1,1,2,1,1,1,1,1,1,1,1,1,1,1,1,1,1,1,1,1,1,1,1,1,1,1,1,1,1,1,1,1,1,1,1,1,1,1,1,1,1,1,1,1,1],"opens":[0,0,53,-2,-25,25,-1,4,-36,0,4,-13,-1,0,0,-3,-3,7,0,1,0,-1,0,1,-1,0,-9,5,0,1,-1,1,-1,0,1,-1,-7,0,0,6,4,1,-1,19,-14,-6,-1,6,2,-7,0,19,-18,19,-18,0,-1,0,3,17,-3,2,6,-6,3,-6,-6,18,-2,-1,-1,-12,-4,4,1,-3,1,1,6,-4,7,3,9,-3,-2,-3,-1,0,0,4,4,-9,0,-2,-2,1,6,6,-6,-4,-6,-5,-1,-10,1,0,-1,-1,2,0,-2,1,-8,5,4,-10,-3,1,1,-8,6,16,7,1,15,-4,12,5,-1,-1,-2,6,-1,5,-2,0,-2,4,-1,0,-9,-2,-9,8,1,-2,0,1,-1,0,0,1,0,0,0,2,-4,4,6,7,17,5,0,-2,-3,-12,-1,3,5,4,1,0,0,-1,1,-1,1,-3,2],"highs":[0,4,50,-1,-26,27,0,0,-35,0,3,-13,0,0,-1,4,-2,-1,1,0,0,-1,1,0,-1,0,17,-21,0,1,-1,1,0,0,0,22,-30,6,-1,5,1,0,0,18,-13,-7,5,0,2,-5,18,-1,-9,10,-18,2,0,1,-1,17,-1,7,11,-12,-3,-3,10,-1,1,-2,-3,-12,-3,4,0,-3,6,1,1,3,2,14,-3,-3,-3,-3,0,0,0,7,0,-9,1,-3,1,12,-2,1,-2,-8,-3,-7,-2,-5,0,-5,1,-1,2,-1,-3,2,-6,6,0,-10,-2,2,-1,-4,19,6,2,10,4,9,5,0,1,1,2,-2,3,0,-2,0,0,3,-2,0,-9,-2,0,0,0,0,0,-1,-1,2,0,-1,1,1,0,0,-1,9,9,14,8,-2,-2,0,-5,-11,1,8,5,-2,0,1,0,1,-3,3,-3,-1,6],"lows":[0,0,52,-1,-25,-4,12,-25,9,0,-10,1,-1,0,-5,-1,0,7,0,0,1,-1,0,0,0,0,-9,5,0,0,0,0,0,0,0,-7,0,0,0,5,5,0,0,0,3,-5,0,6,-5,-8,8,3,-3,0,1,1,-1,-1,2,17,-10,11,1,-1,-3,-7,-1,18,-1,-3,-13,0,-6,5,-4,1,6,1,1,1,6,4,6,-2,-4,0,0,0,0,4,-5,0,-2,-2,-2,2,6,1,-3,-7,-3,-3,-10,-18,19,-3,1,-1,2,0,-1,-7,0,5,-8,-1,0,1,-6,-2,7,16,7,0,-2,14,12,1,1,-3,2,4,1,3,-2,1,-1,0,2,-15,4,-17,6,11,-1,0,0,1,-2,0,1,1,0,0,-1,-1,-11,15,6,7,16,5,-1,-3,-16,3,0,3,5,0,3,1,1,-2,1,0,-2,-11,13],"closes":[0,4,50,-3,-25,-4,32,-36,1,-1,-10,1,0,0,-4,-3,7,0,0,1,0,-1,0,0,0,0,-9,5,0,0,0,0,1,0,-1,-7,0,6,-1,5,1,-1,0,6,-3,-4,4,1,-5,2,18,-17,-2,0,0,3,0,1,-2,17,0,7,-6,2,-6,-4,16,-2,-1,-3,-12,0,-2,3,-2,0,7,1,-3,7,2,10,-3,-2,-4,1,-1,1,0,7,-9,0,-2,-2,1,13,-1,-6,-3,-7,-3,-3,-8,-1,3,-3,-2,2,0,-1,-1,-7,3,6,-10,-2,0,2,-8,2,19,7,1,11,-1,13,5,-2,-1,1,4,-1,5,-2,0,0,-1,1,0,-10,0,-9,9,0,-2,1,0,0,-2,3,0,-1,1,1,0,-1,0,9,5,16,6,0,-2,-3,-13,0,3,4,8,-1,-1,2,-2,1,-2,2,-4,0,2],"volumes":[1.5,2.62,0.5,0.4,3.75,4.22,3.41,12.63,8.54,4.76,11.45,2.45,7.14,4.9,11.34,16.88,18.14,7.56,7.56,6.3,5.04,5.04,8.4,3.57,2.52,1.19,4.3,2.52,3.78,5.04,6.3,11.34,10.08,2.77,4.0,5.23,7.04,4.78,6.54,7.56,3.78,4.76,6.09,5.24,8.07,11.13,8.28,1.01,5.22,6.57,6.8,7.38,14.56,8.03,3.64,2.83,3.53,10.23,8.69,1.2,4.13,1.96,16.8,14.09,31.67,65.41,63.57,51.25,92.19,32.0,26.92,40.77,34.92,27.32,30.35,11.71,8.39,14.14,18.53,8.45,18.2,32.54,40.87,15.47,18.38,6.0,4.0,2.0,14.0,34.63,8.26,4.76,7.32,21.18,41.84,19.18,11.31,16.38,28.17,40.67,41.11,37.73,78.95,115.7,18.87,26.24,16.32,16.99,24.84,12.18,5.25,21.92,18.75,4.87,28.96,28.95,58.49,9.5,17.82,21.49,21.58,16.1,15.5,20.1,46.26,10.74,31.7,15.05,17.94,29.98,44.23,15.96,11.99,11.5,14.62,6.24,14.23,21.97,9.24,27.72,9.12,26.84,15.1,7.24,8.37,20.6,7.49,2.24,2.75,8.86,14.98,3.37,3.24,9.24,14.35,13.24,40.08,8.12,16.8,29.92,25.87,11.0,2.0,14.0,36.91,15.59,10.37,19.25,32.58,14.61,47.42,15.5,3.5,30.59,6.62,11.61,14.97,38.03,12.99]}