{"timestamp":1528588800000,"multiplier":1.0E-5,"open":1.30004,"high":1.30024,"low":1.29974,"close":1.30024,"shift":60000,"times":[1260,1,1,1,1,1,1,1,1,1,1,1,1,1,1,1,1,1,1,1,1,1,1,1,1,1,1,1,1,1,1,1,1,1,1,1,1,1,2,1,1,1,1,1,1,1,1,1,1,1,1,1,1,1,1,1,1,1,1,1,1,1,1,1,1,1,1,1,1,1,1,1,1,1,1,1,1,1,1,1,1,1,1,1,1,1,1,1,1,1,1,1,1,1,1,1,1,1,1,1,1,1,1,1,1,1,1,1,1,1,1,1,1,1,1,1,1,1,1,1,1,1,1,1,1,1,1,1,1,1,1,1,1,1,1,1,1,1,1,1,1,1,1,1,1,1,1,1,1,1,1,1,1,1,1,1,1,1,1,1,1,1,1,1,1,1,1,1,1,1,1,1,1,1,1,1,1,1,1],"opens":[0,-30,-20,10,1,4,-6,-43,-15,-1,0,-1,-1,-14,-6,1,-4,-4,-1,0,0,-82,24,-26,-2,39,-4,2,-1,1,-1,-7,-1,0,-3,-11,2,0,-5,3,-1,-1,1,0,-1,-6,1,5,-24,10,3,-5,-4,-2,-2,3,-4,4,7,-1,0,4,16,-69,10,-60,11,51,-3,9,24,27,-18,-22,-2,-9,23,-1,6,0,-7,1,-1,-1,0,1,0,0,-2,0,-24,-2,-28,-34,-15,-11,1,12,37,17,-1,1,-1,1,1,-14,14,-3,1,-1,-1,13,0,-2,1,0,-1,2,-2,-11,-7,-8,-2,-6,-2,0,-11,6,1,-7,9,-9,-2,3,-3,4,1,1,-1,3,18,26,0,-9,-1,4,-1,23,9,8,0,1,-1,0,-8,-3,3,-11,-3,-8,-14,-11,0,-1,-3,-1,4,-4,-3,-18,-1,2,0,1,-3,3,0,0,-7],"highs":[0,-29,-22,9,-13,0,-6,-33,-25,-1,0,-1,0,-11,-9,2,-6,-4,-1,0,0,-51,0,-33,40,0,-4,-1,-1,1,2,-10,-1,0,-1,-11,0,0,-4,2,-1,0,0,19,-20,-6,5,1,-14,4,3,-8,-5,2,3,1,-2,5,-3,4,9,6,0,-52,-7,-49,51,2,9,22,32,-5,-19,-23,-3,15,6,1,-1,0,-9,1,0,-2,2,0,0,-1,-1,-1,-22,-4,-28,-34,-13,-11,13,38,14,1,-1,0,0,1,0,2,2,-6,0,0,12,-1,0,-1,0,0,1,0,-2,-10,-8,-8,-2,-6,-2,0,-4,2,-1,0,1,-9,-1,2,3,-1,1,2,2,18,24,2,-1,-10,4,-1,22,11,6,10,-10,1,0,-1,-8,0,0,-9,-5,-8,-11,-13,-1,-1,-3,4,-1,-3,-4,-17,1,0,1,1,0,1,-3,0,-7],"lows":[0,-33,3,20,1,-4,-36,-24,4,-1,-1,-1,-10,-10,0,-15,-7,0,14,0,-104,22,-9,4,1,33,1,2,0,1,-8,0,-1,-5,-8,-1,2,-5,0,3,-1,-1,0,-1,-7,2,1,-28,9,8,1,-5,-2,-2,-1,0,0,3,6,0,-6,-17,-27,2,-33,-54,48,44,4,9,24,10,-21,-4,-14,-14,39,1,6,-5,-1,0,0,-1,0,1,0,-1,-1,-32,6,-29,-34,-14,-13,1,2,11,38,15,1,0,0,0,-20,8,3,8,0,-1,0,13,-2,0,0,0,0,-1,-11,-9,-5,-1,-8,-1,-1,-10,-3,9,-6,-1,0,0,-2,2,-1,4,1,0,-4,7,18,24,-5,-2,-1,-1,2,24,8,8,2,0,-8,1,-3,-2,-7,-3,-8,-14,-8,-4,0,0,-8,3,3,-2,-19,-3,0,2,0,0,-2,3,0,-7,-9],"closes":[0,-70,8,7,0,-7,-33,-25,1,-1,-1,-1,-10,-10,1,-4,-4,-1,0,0,-82,31,-33,-3,41,-6,3,-1,0,1,-8,0,-1,-4,-9,1,0,-5,1,2,-1,0,0,-1,-5,-1,5,-22,9,4,-1,-9,-2,-2,3,-4,4,3,3,1,4,15,-69,10,-43,-6,51,-3,9,25,25,-16,-21,-4,-10,25,-2,6,2,-8,-1,0,1,-2,1,1,-1,-1,0,-25,-2,-28,-35,-14,-12,3,11,37,17,-1,1,-1,0,2,-19,19,-3,1,-1,1,12,-1,-2,1,-1,0,2,-3,-10,-6,-9,-1,-8,-1,0,-11,7,1,-7,7,-8,0,-1,0,3,1,1,0,2,19,25,0,-7,-2,3,-2,24,11,6,3,-3,1,-8,0,-3,2,-11,-3,-8,-14,-8,-3,-1,0,-6,6,-1,-3,-19,-3,2,0,2,-2,1,1,-1,-7,-2],"volumes":[3.75,24.75,12.0,5.25,2.0,23.99,12.75,6.75,1.0,1.0,16.0,6.0,18.0,9.0,5.0,30.87,22.16,10.0,9.0,8.0,31.63,11.74,23.36,5.79,15.23,15.36,11.72,5.86,2.49,2.37,13.6,1.47,3.87,3.93,8.11,2.0,2.0,3.0,3.0,1.0,2.0,7.0,12.0,20.24,7.0,2.0,15.0,32.98,18.29,14.24,31.7,6.12,15.78,32.01,49.28,21.12,16.6,19.14,1.86,14.44,50.82,13.61,59.54,58.15,64.32,92.71,58.0,83.0,36.0,41.0,76.5,47.0,55.3,28.43,83.3,87.02,68.22,33.74,19.17,35.75,9.7,9.82,4.88,15.08,10.89,4.38,4.44,2.0,4.37,60.66,37.81,67.77,54.66,49.65,65.87,33.21,29.38,44.03,30.43,26.65,4.07,17.0,8.5,19.5,29.48,19.71,22.08,6.0,4.0,3.57,23.14,3.0,5.0,5.38,9.0,7.0,14.46,11.5,9.47,34.54,16.75,9.23,16.55,6.17,11.87,26.47,28.05,31.77,8.74,21.83,58.55,7.8,7.19,11.99,36.32,13.81,16.0,12.75,20.5,21.0,20.5,16.5,19.5,1.0,4.0,13.05,45.24,21.12,19.74,46.57,2.62,10.99,14.74,22.96,4.12,8.5,13.86,14.11,8.75,11.47,18.37,12.74,4.86,5.49,11.62,19.37,7.0,4.12,52.32,11.56,9.61,12.99,9.81,15.99,16.21,11.8,1.0,21.68,31.61]}