{"timestamp":1191715200000,"multiplier":1.0E-5,"open":0.90127,"high":0.90127,"low":0.90119,"close":0.90127,"shift":60000,"times":[1320,3,1,1,1,1,1,1,1,2,2,1,2,1,1,4,2,2,1,4,1,1,4,2,1,1,2,4,1,1,1,8,1,1,1,1,1,1,1,2,1,1,1,1,1,1,1,1,3,1,1,1,1,2,1,1,1,1,1,1,1,1,1,1,1,2,1,1,1,1,1,1,1,1,1,1,2,1,1,1,1,1,1,1,1,1],"opens":[0,-6,6,3,-23,-10,0,10,0,2,-10,-2,0,10,20,-16,-10,6,4,4,2,0,-6,-14,1,11,-2,-10,20,0,-15,-3,-7,-15,-15,5,20,-1,4,17,-19,9,10,-15,-5,20,-8,9,14,6,29,-18,-10,9,12,34,-12,8,-1,18,-7,1,-9,3,-18,10,12,-6,-11,-1,-12,-7,-11,5,0,3,-9,1,10,1,-1,5,-15,-4,-14,-2],"highs":[0,0,20,-10,-30,0,-10,10,0,2,-10,8,0,0,20,-16,-10,16,0,-2,2,0,0,-10,0,10,-10,0,10,0,-10,-8,-7,-15,-15,5,25,-5,20,0,-18,18,0,-10,0,10,10,0,20,10,10,-18,-2,23,39,-15,3,-5,11,6,-8,0,-4,-2,-8,14,0,-8,-10,-2,-12,-7,-5,0,0,5,-12,11,8,-7,5,-1,-15,12,-20,-10],"lows":[0,-2,0,0,-10,-34,14,10,0,10,-20,10,0,10,10,-10,-10,10,0,0,0,0,-3,-7,0,12,-2,-10,10,0,-10,0,-20,-10,-10,0,30,-11,14,0,-3,0,10,-10,0,4,6,10,15,5,10,-32,22,10,13,10,7,10,2,8,2,-12,2,-44,32,10,5,-9,-1,-9,-12,-4,-6,-4,4,-4,3,1,10,0,0,-12,-2,-17,2,-25],"closes":[0,-10,20,-20,-10,-20,10,0,10,0,-20,20,-10,10,10,-10,-10,20,0,-10,0,10,-10,0,0,10,-10,0,0,0,0,-10,-10,-20,-10,10,20,0,10,-7,-1,8,0,0,0,10,10,0,20,10,0,-20,10,20,37,-17,0,0,16,-6,3,-13,6,-21,9,20,-9,-9,-1,-9,-12,-4,0,0,0,-10,3,10,4,-2,5,-17,0,-19,2,-23],"volumes":[7.48,7.6,19.32,15.53,0.62,22.59,2.73,4.72,4.9,2.96,3.49,1.82,2.95,1.4,6.0,5.43,1.94,2.06,2.42,3.63,4.13,7.34,12.92,13.41,7.83,3.0,1.3,2.5,3.59,3.3,3.6,2.4,13.15,15.45,2.4,2.32,3.25,13.89,8.06,4.91,2.41,11.58,9.51,5.17,4.1,17.67,6.2,4.79,7.13,11.87,23.61,21.71,8.33,16.15,42.18,27.83,21.77,6.4,12.62,14.65,7.79,7.44,12.37,40.21,19.98,7.51,9.87,13.7,12.79,15.07,16.66,11.49,6.0,20.92,26.99,13.41,1.5,12.11,11.22,6.98,1.81,28.51,21.63,48.87,27.4,22.95]}