{"timestamp":1193529600000,"multiplier":1.0E-5,"open":2.05486,"high":2.05498,"low":2.05469,"close":2.05481,"shift":60000,"times":[1260,1,1,1,1,1,1,1,1,1,1,1,1,1,1,1,1,1,1,1,1,1,1,1,1,1,1,1,1,1,1,1,1,1,1,1,1,1,1,1,1,1,1,1,1,1,1,1,1,1,1,1,1,1,1,1,1,1,1,1,1,1,1,1,1,1,1,1,1,1,1,1,1,1,1,1,1,1,1,1,1,1,1,1,1,1,1,1,1,1,1,1,1,1,1,1,1,1,1,1,1,1,1,1,1,1,1,1,1,1,1,1,1,1,1,1,1,1,1,1,1,1,1,1,1,1,1,1,1,1,1,1,1,1,1,1,1,1,1,1,1,1,1,1,1,1,1,1,1,1,1,1,1,1,1,1,1,1,1,1,1,1,1,1,1,1,1,1,1,1,1,1,1,1,1,1,1,1,1,1],"opens":[0,-1,3,-17,-3,-2,4,-7,2,1,-3,20,-28,19,-11,-11,16,-30,7,-6,-16,-2,-1,14,12,-14,18,26,-31,-7,20,-6,-2,15,-10,10,-5,-5,-10,-24,-16,12,-3,4,-11,0,-4,22,-20,-19,-6,0,13,3,-18,-5,-20,22,12,-12,-43,60,-36,24,5,-10,15,0,15,-10,15,-5,-5,10,10,-5,0,10,20,15,-10,10,-15,-5,0,-5,15,-15,0,5,-65,10,0,15,0,15,5,-5,0,20,-10,-5,10,-15,10,5,40,-75,50,10,5,-5,0,5,5,-5,0,0,0,10,-10,5,-15,0,5,-25,-30,-5,10,-15,-10,5,0,-10,10,-10,0,-10,-20,-5,-5,0,-10,0,-10,0,5,0,0,-5,-5,50,-5,5,-5,-10,-10,-20,20,-10,10,0,-10,0,0,0,0,0,-5,5,-10,10,-10,-5,-10,5,-10,40,-10,0],"highs":[0,0,-2,-22,2,16,-20,3,19,-23,7,14,-32,28,5,-20,-4,-19,-2,6,-12,3,-1,13,4,-12,30,1,-30,-5,14,10,-8,13,5,0,-14,4,-10,-30,12,-10,7,15,-21,-17,23,0,-8,-19,-21,-10,28,-4,1,-27,-11,23,-1,-12,-15,32,-7,6,-8,5,0,15,10,5,5,-20,10,10,-5,-5,10,20,15,0,0,0,-10,-10,0,-5,15,-10,0,0,-55,0,15,20,-20,15,15,-10,15,0,-5,0,0,-5,5,50,0,-35,25,-5,-5,5,-5,0,5,15,-15,0,5,0,-5,0,-10,10,-10,-20,-35,5,0,-15,0,-5,0,0,0,-10,0,-10,-15,0,-15,10,-10,0,-10,5,-5,5,-5,0,35,0,0,0,5,0,-30,0,0,10,15,-25,-10,0,0,0,0,0,0,0,0,0,-10,0,-10,0,30,0,0,0],"lows":[0,14,-20,-12,11,2,-4,-2,-7,-6,10,17,-27,27,-20,-29,10,0,7,-23,-2,6,-13,19,-8,10,20,19,-35,2,5,7,-10,2,11,6,-6,-18,-5,-28,-6,10,-10,25,-22,-14,19,8,-24,-7,-9,-6,10,-6,1,-27,-7,27,10,-26,-13,20,4,14,5,0,5,5,10,-15,15,-5,5,10,0,0,10,-10,35,-20,30,-10,-5,0,0,-10,10,-10,0,-50,-20,30,-30,40,-10,10,20,0,-10,-10,20,5,-15,0,10,0,-20,0,50,10,5,-10,5,5,-15,15,0,-5,5,0,-5,0,-5,0,-55,-10,5,5,-5,-5,-5,-5,0,0,-5,-5,-10,-10,-10,0,0,-10,0,-10,0,0,-10,15,-5,-10,5,35,10,-10,-5,-15,-10,0,0,0,20,-20,0,-5,5,0,5,0,-5,0,-5,5,-10,-20,0,10,0,0,0,30],"closes":[0,9,-22,-3,0,0,5,0,-8,-10,18,15,-28,25,-30,-23,4,17,-2,-31,-2,10,-7,12,21,-10,32,3,-28,-5,7,7,-7,1,-1,10,3,-16,-16,-32,22,-18,19,0,-26,12,-1,18,-40,-5,1,-18,20,0,22,-52,9,1,8,-11,-11,3,25,0,-2,15,0,15,-10,15,-5,-5,10,10,-5,0,10,20,15,-10,10,-15,-5,0,-5,0,5,-5,5,-55,0,0,15,0,-5,0,20,0,20,-5,-10,10,-25,20,5,40,-75,50,10,5,0,5,-5,0,0,5,0,-5,10,-10,5,-10,0,-5,-15,-35,-5,10,-15,-5,0,0,-10,10,-10,0,-10,-20,-5,-5,0,-10,0,-10,0,0,5,0,-5,-5,50,-5,5,-5,-10,-10,0,-10,-10,20,0,-10,0,0,0,0,0,-5,5,-10,10,-10,-5,-5,0,-10,40,-10,0,10],"volumes":[1714.9,1481.8,1578.6,1814.5,1639.0,1562.3,1788.6,1712.0,1526.7,1675.6,1660.8,1805.6,1684.3,1566.2,1617.4,1616.1,1526.0,1636.2,1507.4,1693.3,1694.7,1676.0,1451.1,1613.3,1626.0,1468.0,1438.0,1633.5,1403.3,1602.5,1511.3,1559.5,1622.3,1531.0,1513.9,1711.8,1708.4,1699.4,1823.1,1791.3,1751.2,1744.0,1644.9,1684.1,1591.0,1188.1,1660.4,1729.2,1727.4,1730.4,1630.7,1535.6,1686.1,1561.7,1355.8,1499.0,1555.5,1786.4,1658.7,1321.3,1591.9,1663.1,1448.8,1102.4,628.4,1343.3,957.9,922.1,420.1,906.4,736.0,455.9,1284.1,2082.2,1684.4,1764.8,1776.6,2168.5,429.8,709.8,635.4,611.6,1073.6,946.0,601.2,1198.7,663.6,2257.1,1496.0,1083.4,522.0,80.0,581.6,256.2,790.6,2011.6,532.2,1063.1,794.5,735.1,813.3,345.6,534.1,1395.6,539.1,744.1,1870.2,634.6,672.6,658.1,129.6,221.7,336.0,12.0,62.0,667.6,7.6,424.9,336.0,156.8,182.0,263.3,134.9,573.4,1223.3,1269.8,623.2,1070.4,1002.4,980.7,364.6,1718.8,2653.9,1736.5,714.3,634.4,702.9,557.3,1150.9,957.7,2053.2,1098.4,1113.6,868.0,922.4,1049.7,1126.4,696.8,1587.0,1476.8,1344.3,1256.5,675.5,400.8,555.8,904.6,1051.9,1129.9,1036.3,1100.3,418.1,934.5,839.2,1113.6,1040.4,829.6,845.4,900.4,1204.0,866.4,1016.1,1028.0,1252.9,1000.6,1428.4,1203.8,1052.6,759.4,628.2,198.4]}