{"timestamp":1192320000000,"multiplier":1.0E-5,"open":1.18455,"high":1.1847,"low":1.18438,"close":1.1847,"shift":60000,"times":[1260,1,1,1,1,1,1,1,1,1,1,1,1,1,1,1,1,1,1,1,1,1,1,1,1,1,1,1,1,1,1,1,1,1,1,1,1,1,1,1,1,1,1,1,1,1,1,1,1,1,1,1,1,1,1,1,1,1,1,1,1,1,1,1,1,1,1,1,1,1,1,1,1,1,1,1,1,1,1,1,1,1,1,1,1,1,1,1,1,1,1,1,1,1,1,1,1,1,1,1,1,1,1,1,1,1,1,1,1,1,1,1,1,1,1,1,1,1,1,1,1,1,1,1,1,1,1,1,1,1,1,1,1,1,1,1,1,1,1,1,1,1,1,1,1,1,1,1,1,1,1,1,1,1,1,1,1,1,1,1,1,1,1,1,1,1,1,1,1,1,1,1,1,1,1,1,1,1,1,1],"opens":[0,15,-2,0,0,-6,-12,-12,27,25,2,-4,-25,-12,14,0,-8,-19,-18,-15,2,-27,10,11,3,-28,-6,3,-18,8,-3,0,0,0,0,0,0,0,0,0,0,-10,0,10,0,0,0,0,-20,10,-10,20,0,-10,10,0,0,20,20,20,-20,10,0,-10,10,0,0,-10,0,-10,10,10,-10,10,-30,10,0,10,0,-10,10,-10,-20,10,0,-10,20,0,0,20,-40,10,-30,0,0,10,0,20,-10,0,20,0,0,-10,20,-30,30,0,0,0,-5,15,10,0,20,0,-5,15,10,10,-20,10,0,-10,-10,30,-10,-10,10,-10,-20,-5,15,20,-5,5,10,-10,0,20,-10,10,10,-10,-10,-20,0,-30,-5,30,-5,10,10,0,0,0,0,0,0,-10,10,0,0,10,-10,-5,15,-10,10,0,0,10,-30,30,-10,0,0,10,-10,-10],"highs":[0,0,-2,8,-8,5,-17,16,25,-2,8,-9,-21,5,-13,4,0,-12,-36,3,-13,-9,2,8,9,-26,-11,-11,-7,5,-6,-5,0,0,0,0,0,0,0,0,0,-10,10,0,0,0,0,0,-10,10,0,0,0,-10,10,10,20,10,20,0,-10,10,0,-10,0,10,10,-10,-20,0,10,0,0,0,-20,0,20,-10,0,10,-10,-10,-10,0,0,10,0,0,0,20,-20,-10,-20,0,0,20,20,10,-20,10,0,-10,10,0,0,0,10,-10,20,-20,10,10,10,40,0,-30,40,-20,20,0,10,-30,0,-10,-10,40,-20,0,0,0,-30,30,0,30,-30,30,-20,20,0,-10,10,0,0,-10,-10,0,-20,-30,30,10,0,0,0,0,0,0,0,0,0,0,0,0,30,-20,0,0,0,30,-30,20,10,-20,0,0,-10,10,10,-10,10,-10],"lows":[0,20,-4,6,-8,-4,-4,-7,28,17,-1,-18,-7,-6,-15,12,-34,-11,4,-1,-24,-3,10,-14,3,-10,-18,-12,2,-4,3,12,10,0,-10,0,0,10,-20,10,0,-10,10,10,-10,0,0,-20,10,-10,10,20,-10,0,10,-10,10,20,20,0,-10,10,0,0,0,0,0,0,-10,-10,10,10,0,-20,0,0,10,10,-10,-10,0,-10,-10,10,0,-10,30,0,-50,10,10,-10,0,0,-10,20,0,10,0,0,20,-20,-5,15,-10,0,20,10,0,-10,0,10,10,10,15,0,0,5,20,-10,0,-10,0,0,-10,20,-10,-10,0,0,-5,0,5,10,10,10,-5,-5,-10,20,10,10,-15,5,-20,-20,-10,-15,0,10,5,30,0,0,0,10,-10,0,0,0,-5,5,0,5,0,-5,0,10,5,5,0,-25,5,0,15,-15,20,-10,-10,10],"closes":[0,-12,1,17,-24,0,-8,16,37,-5,-6,-11,-19,22,-25,10,-23,-13,-21,-1,-23,11,-2,16,-21,-13,-6,-11,10,-22,7,-1,10,0,0,0,0,0,-10,10,-10,-10,20,0,0,0,0,-20,10,-10,20,0,-10,0,10,10,20,10,20,-10,0,0,-10,10,0,-10,0,0,-10,0,10,0,10,-30,10,0,5,5,-10,0,0,-20,10,-10,0,20,0,0,-20,-20,20,-10,-10,0,10,0,20,10,-10,10,0,-20,10,20,-30,30,0,0,0,0,10,-10,20,20,0,-5,15,10,10,-20,10,0,-10,-10,0,20,-15,15,-10,-20,-5,15,15,0,5,10,-10,0,20,-10,10,10,-15,-5,-20,0,-30,-5,35,-10,10,0,0,10,0,0,0,-10,0,10,0,-5,15,-10,-5,15,-10,10,0,0,0,-20,30,-10,0,0,10,-20,10,0],"volumes":[231.4,291.5,251.2,127.9,64.0,254.0,85.4,56.8,104.3,174.7,373.5,93.8,77.6,181.5,32.9,104.4,219.9,497.9,265.0,181.3,36.0,132.1,114.3,289.4,111.0,93.1,354.5,177.9,237.6,138.8,134.2,868.6,833.5,201.6,83.8,119.1,444.0,132.0,732.5,570.9,292.8,575.2,134.3,104.0,285.9,453.2,178.3,576.8,1014.7,1425.6,406.9,24.0,546.1,513.4,80.0,734.0,1057.4,464.0,222.9,438.3,280.4,136.1,442.7,374.8,687.6,578.3,1273.5,524.4,202.3,412.3,622.6,286.6,168.0,276.2,217.3,291.8,187.6,52.0,323.2,565.5,1045.0,560.0,508.8,354.5,394.8,460.2,31.8,39.6,1171.5,465.5,885.9,768.1,582.3,245.6,1070.1,1360.9,1441.0,1651.3,911.3,1088.1,830.2,307.2,678.6,897.1,256.0,563.7,1178.1,400.8,289.4,164.1,686.9,791.3,633.6,1150.9,972.8,593.1,927.1,747.5,1250.8,643.0,489.7,296.1,208.9,774.1,413.4,312.2,186.4,1221.1,1542.5,589.1,241.6,313.6,655.5,867.5,1226.9,878.6,222.4,861.3,511.2,897.3,329.6,253.1,766.9,488.8,620.0,1214.0,867.4,650.0,315.5,772.4,1105.6,937.1,199.1,180.1,165.8,136.0,355.2,534.3,505.9,397.6,196.3,864.1,1244.9,175.2,1027.6,296.5,748.0,707.4,644.3,694.4,648.5,1096.0,1060.4,676.0,1424.0,770.2,385.4,1268.3,948.8,1510.2]}