{"timestamp":1193529600000,"multiplier":0.001,"open":784.856,"high":784.856,"low":784.337,"close":784.337,"shift":60000,"times":[1320,1,1,1,1,1,1,1,1,1,1,1,1,1,1,1,1,1,1,1,1,1,1,1,1,1,1,1,1,1,1,1,1,1,1,1,1,1,1,1,1,1,1,1,1,1,1,1,1,1,1,1,1,1,1,1,1,1,1,1,1,1,1,1,1,1,1,1,1,1,1,1,1,1,1,1,1,1,1,1,1,1,1,1,1,1,1,1,1,1,1,1,1,1,1,1,1,1,1,1,1,1,1,1,1,1,1,1,1,1,1,1,1,1,1,1,1,1,1,1],"opens":[0,-404,-291,-194,168,47,0,137,218,-176,-139,134,88,248,115,193,53,37,108,109,-216,329,15,290,166,45,161,236,-315,50,277,-37,128,281,-147,104,97,-88,475,121,-78,44,173,-107,30,-178,187,163,-15,-157,-424,448,26,-47,37,19,-49,59,125,-10,-60,-126,47,-34,-359,-333,55,127,137,-154,90,279,54,-52,117,43,-63,-155,269,-81,77,32,34,244,79,-145,-142,-184,-214,92,-13,314,53,90,-459,299,266,118,81,-12,-161,115,-9,111,-14,174,84,363,825,88,-88,-46,53,-200,-375,219,10,-109,193,-115],"highs":[0,-272,-423,-70,119,118,-26,135,156,-157,-23,8,184,177,31,338,51,75,21,26,156,16,247,87,96,246,131,107,-374,266,85,70,143,254,-192,69,167,194,281,26,-152,130,59,-125,70,-135,208,107,-63,-157,-105,149,6,14,86,-91,52,27,175,-1,-184,-130,47,-34,-359,-178,-20,211,12,4,190,5,77,18,208,-103,-45,-32,112,73,-20,-5,258,24,10,-127,-160,-184,36,-78,373,-78,131,-62,-145,272,215,-22,-1,-26,-27,-3,13,158,70,26,273,929,270,-133,0,-132,51,-131,-187,61,28,-28,286,-296],"lows":[0,-153,-285,-28,136,175,-66,158,69,-103,-18,125,97,198,60,258,77,53,60,-159,88,326,30,187,151,163,161,-102,-118,185,229,-24,169,190,-111,6,195,-268,710,52,-83,-14,114,-84,158,-178,168,182,-128,-338,-201,443,37,-3,93,-176,97,49,96,83,-312,14,69,-189,-382,-109,99,127,12,-45,106,205,12,8,173,-55,-288,160,135,60,22,82,40,149,65,-129,-212,-268,-6,35,83,258,109,-399,30,299,266,39,84,-41,-142,120,13,-34,190,-3,223,401,825,-316,236,-106,-125,-262,5,182,-56,-6,-65,6],"closes":[0,-123,-277,18,255,32,60,135,16,-210,170,-2,131,240,-23,272,110,136,-71,-215,489,-68,331,87,96,143,234,-308,-6,313,85,70,143,106,-84,-49,325,194,178,-60,-81,248,-150,-46,200,-135,208,107,-173,-381,229,149,-66,86,-29,-78,23,69,264,-104,-259,33,48,-265,-382,-109,130,256,-148,162,54,147,-85,75,313,-202,-284,306,66,24,29,-12,218,117,-99,-129,-196,-284,36,169,279,-45,110,-469,307,309,33,132,-63,39,-2,-26,-24,97,191,-18,317,929,241,-269,154,-160,-102,-388,262,-55,-76,170,-241,66],"volumes":[0.00265,0.00496,0.00484,0.00531,0.00359,0.00581,0.004282,0.00266,0.00381,0.00787,0.00387,0.0039,0.00383,0.0024,0.00383,0.00378,0.00428,0.00408,0.00316,0.004591,0.00447,0.00474,0.00234,0.00145,0.0045,0.006762,0.00228,0.00369,0.00389,0.00261,0.00301,0.0028,0.00238,0.00453,0.0022,0.004697,0.00416,0.00444,0.00418,0.00287,0.00251,0.00417,0.00435,0.00475,0.00444,0.00362,0.0036,0.0032,0.0039,0.00281,0.0023,0.00436,0.00389,0.002403,0.00436,0.00405,0.005,0.00451,0.00389,0.00408,0.00458,0.00352,0.0045,0.00926,0.00385,0.003208,0.00502,0.00255,0.00279,0.00331,0.0034,0.00487,0.00621,0.00381,0.00412,0.00363,0.00368,0.00267,0.00393,0.00709,0.00259,0.00248,0.00449,0.0055,0.003012,0.00199,0.00473,0.00318,0.00462,0.00347,0.003805,0.0047,0.00242,0.00319,0.00769,0.00281,0.00227,0.004297,0.0033,0.00368,0.00403,0.00552,0.00382,0.003086,0.00347,0.00436,0.0037,0.00229,0.00285,0.00278,0.00366,0.003209,0.0026,0.00269,0.00242,0.00651,0.00303,0.002809,0.00294,0.00297]}