{"timestamp":1696723200000,"multiplier":1.0E-5,"open":0.63625,"high":0.63625,"low":0.63553,"close":0.63573,"shift":60000,"times":[1260,1,1,1,1,1,1,1,1,1,1,1,1,1,1,1,1,1,1,1,1,1,1,1,1,1,1,1,1,1,1,1,1,1,1,1,1,1,1,1,1,1,1,1,1,1,1,1,1,1,1,1,1,1,1,1,1,1,1,1,1,1,1,1,1,1,1,1,1,1,1,1,1,1,1,1,1,1,1,1,1,1,1,1,1,1,1,1,1,1,1,1,1,1,1,1,1,1,1,1,1,1,1,1,1,1,1,1,1,1,1,1,1,1,1,1,1,1,1,1,1,1,1,1,1,1,1,1,1,1,1,1,1,1,1,1,1,1,1,1,1,1,1,1,1,1,1,1,1,1,1,1,1,1,1,1,1,1,1,1,1,1,1,1,1,1,1,1,1,1,1,1,1,1,1,1,1,1,1,1],"opens":[0,-29,-15,-9,23,-6,-5,2,-2,-3,-1,15,0,0,-3,-1,-4,1,0,32,-30,0,-4,-1,2,0,7,12,-6,20,0,2,8,0,-11,13,4,-6,6,3,-7,2,0,-1,-23,4,-4,-20,9,-5,5,0,-1,-6,7,0,-46,-8,0,0,3,69,55,-32,-11,-58,-3,-57,27,0,-44,-37,-10,30,-14,22,27,26,30,-4,-6,20,-10,-5,0,26,-10,-2,13,16,-5,15,-17,-5,19,5,17,15,-21,-9,0,8,-1,-13,-16,1,12,15,-6,-13,-7,-17,-4,-15,17,10,-1,-3,-22,-1,9,10,-9,16,-2,0,0,-6,9,5,19,7,1,-2,-6,-8,15,19,9,-15,1,-10,6,2,17,-9,6,-8,9,5,-3,9,4,1,2,-10,10,8,5,-7,3,6,-2,1,0,-6,-8,-23,-24,15,0,30,4,-19,16,-12,-3,11,8,12],"highs":[0,-29,-15,16,-2,-6,6,-9,3,-8,-1,15,0,0,-2,-2,2,-4,30,1,-26,1,-9,1,1,4,15,3,10,0,16,-6,0,5,-3,4,0,1,2,0,-4,0,0,-2,-18,4,-9,-8,-3,0,1,-1,1,2,-2,1,-37,-19,2,5,112,16,-3,-30,-18,-52,-9,-29,24,-25,-36,-37,25,-13,8,29,25,32,2,-6,12,30,-34,-9,27,-3,-1,1,26,-10,25,-15,-12,11,6,13,24,-8,-16,-9,1,4,5,-14,-19,9,20,-5,-3,-16,-1,-23,1,-3,20,-10,3,-7,-22,8,14,-4,10,-2,6,-2,-7,10,1,15,8,2,0,-3,-4,6,18,11,-2,-10,-1,-8,9,11,2,2,-7,3,7,2,6,-2,2,1,0,-1,11,5,-2,-4,7,0,-1,2,0,-8,-9,-18,-15,7,25,4,-1,-4,1,-7,4,7,17,6],"lows":[0,43,-16,-8,16,-8,4,-1,-4,1,0,15,0,0,-4,-4,-1,2,0,1,1,-1,-3,-1,2,0,7,7,-3,2,19,-1,12,-12,-3,12,0,2,7,-3,-2,2,0,-31,7,0,-23,0,3,4,1,1,0,-3,1,-34,-16,2,-3,2,4,67,24,-16,-63,11,-59,-20,46,-45,-29,-23,0,14,5,10,36,31,19,-14,11,17,-8,-5,-7,27,-3,2,14,8,-2,0,0,-5,19,5,17,-2,-14,3,-4,3,-2,-20,1,2,12,9,-14,-8,-10,-17,-12,5,17,-5,10,-21,-8,-3,14,1,5,13,-8,9,-25,17,11,3,20,2,-6,2,-6,0,16,18,-19,6,-1,-3,7,-2,12,2,-4,0,8,-1,6,7,1,1,-3,0,10,8,-5,0,6,4,-11,12,-6,-12,-23,-26,6,15,-1,29,-13,0,2,-1,0,11,8,11],"closes":[0,23,-16,14,-6,-4,11,-12,-4,1,0,15,0,0,-4,-4,3,-1,30,-30,5,1,-9,1,1,4,15,-3,14,2,2,8,0,-10,12,4,-8,8,3,-6,1,0,0,-23,4,-6,-18,8,-5,-1,6,0,-1,-1,0,-30,-24,2,0,1,66,59,-32,-11,-56,0,-60,26,0,-45,-27,-18,31,-17,23,27,25,32,-10,-1,20,-8,-8,0,23,-5,-1,11,21,-10,18,-20,-3,15,5,18,17,-21,-10,0,6,0,-10,-19,1,13,13,-4,-11,-10,-11,-9,-19,20,12,-3,-1,-23,-3,9,11,-9,17,-3,-3,5,-6,8,5,18,6,4,-2,-7,-9,17,17,10,-17,4,-11,5,4,14,-7,10,-14,12,6,-6,8,5,3,0,-7,7,9,7,-11,4,7,-1,-1,2,-7,-9,-25,-22,15,2,30,4,-20,14,-8,-5,9,9,11,5],"volumes":[8.4,0.9,2.7,13.5,11.4,28.2,5.7,10.5,10.7,3.6,1.2,6.3,2.1,3.6,4.8,16.2,15.0,4.8,24.0,59.7,4.8,6.0,1.2,3.0,2.4,10.8,7.2,12.0,35.42,23.2,36.0,38.4,4.8,18.48,58.0,20.17,14.72,30.6,24.6,16.8,12.96,13.8,30.6,137.02,40.2,141.15,153.35,135.9,31.95,15.6,10.8,12.67,20.38,29.91,11.2,51.35,65.74,2.4,12.32,28.92,243.79,177.3,125.7,95.85,184.0,48.55,244.21,206.33,124.2,130.4,193.93,236.23,206.52,86.9,106.8,163.2,116.4,134.55,130.35,105.6,105.0,143.01,53.35,52.5,96.22,38.4,45.12,49.8,68.4,33.28,107.32,47.4,49.2,40.8,72.6,50.42,73.42,40.42,55.26,26.4,28.8,40.72,31.2,57.6,31.2,44.4,49.2,22.8,38.4,30.0,45.44,47.31,56.43,45.14,31.87,43.86,19.74,40.8,70.9,134.86,155.82,109.84,116.95,41.35,54.32,53.48,124.61,124.87,63.26,101.72,42.0,32.4,40.2,46.8,51.6,31.2,42.0,54.0,71.99,69.6,31.95,32.4,37.2,70.8,33.6,49.2,44.4,43.2,40.8,46.8,75.76,24.91,40.7,21.81,31.2,34.8,32.63,20.4,11.4,24.21,10.33,10.94,26.64,10.26,22.34,33.44,49.36,72.16,27.64,40.63,47.24,11.46,29.54,27.88,32.62,20.22,62.8,35.51,52.32,77.07]}