{"timestamp":1697932800000,"multiplier":0.001,"open":6848.557,"high":6849.087,"low":6835.999,"close":6843.967,"shift":60000,"times":[1370,1,1,1,1,1,1,1,1,1,1,1,1,1,1,1,1,1,1,1,1,1,1,1,1,1,1,1,1,1,1,1,1,1,1,1,1,1,1,1,1,1,1,1,1,1,1,1,1,1,1,1,1,1,1,1,1,1,1,1,1,1,1,1,1,1,1,1,1,1],"opens":[0,-5520,-4438,2458,-1368,1310,-2340,1368,1950,-378,3398,150,1000,-650,2570,-1468,-2910,1378,-30,-410,3420,960,622,2370,-12,-2910,-1920,-2030,-1128,68,-6408,3958,-1640,-4710,-728,118,6160,-1880,-2090,-248,148,5792,-1880,-4000,970,3030,-1060,-1000,-1940,3970,1910,2120,1030,1910,90,2000,-1060,-940,1940,1940,90,3108,-138,370,2000,-3000,1570,1430,660,340],"highs":[0,-4940,-1670,0,2610,-470,-3590,1080,-130,5070,90,900,-1580,1120,490,-120,-1890,490,-1510,3410,-370,3350,1670,-1020,-30,-2420,-2470,-990,-990,-1110,-810,-320,-2860,-3870,-30,4820,-180,-860,-2958,778,6200,712,-3962,-2210,2112,30,-660,0,0,3000,2678,322,2660,398,910,1020,-1000,10,1960,10,3032,1000,-310,1310,0,-182,182,1000,638,362],"lows":[0,3000,-430,1430,-460,120,-1030,1398,40,1532,400,2660,-1060,1030,1370,-4000,1690,-60,-1970,1970,2970,388,2012,1000,-1400,-1940,-4120,528,-940,-6498,2030,1910,-5570,-1000,0,540,2000,30,0,88,-1658,7540,-5000,-970,1000,970,1000,-2940,400,3600,2940,1060,1940,-970,2030,970,90,0,1328,1552,1120,1970,940,-970,-910,1310,1540,-1000,2000,-970],"closes":[0,-4968,2578,-1578,1000,-852,-1080,3040,-1448,4988,-1110,2410,-490,620,990,-3530,1420,130,-1960,2950,1000,3350,650,-1110,-1930,-1950,-2860,400,-1460,-6508,4438,-1160,-4240,-2158,648,6670,-2318,-2850,1310,-1242,6812,-822,-5118,940,3060,-1030,-1000,-1940,2880,3120,2000,940,2358,-268,1910,-910,-690,1630,2248,20,2940,-70,-50,2030,-2840,1850,1242,600,400,-430],"volumes":[0.019808,0.00702,0.00531,0.00385,0.01222,0.00445,0.00529,0.00125,0.00179,0.00729,0.01371,0.00884,0.00536,0.00349,0.00631,0.0073,0.00501,0.00945,0.00612,0.00693,0.00192,0.01057,0.01933,0.0088,0.00749,0.00733,0.00598,0.00488,0.00338,0.00746,0.00396,0.00582,0.01266,0.00464,0.00297,0.00778,0.00881,0.0058,0.00332,0.00323,0.0259,0.01829,0.01784,0.00945,0.01364,0.00911,0.00724,0.01684,0.00822,0.01589,0.01112,0.01289,0.0109,0.01828,0.01009,0.01319,0.00776,0.0111,0.0063,0.00742,0.01789,0.01242,0.00406,0.00666,0.00839,0.00453,0.00999,0.01099,0.01401,0.00891]}