{"timestamp":1698537600000,"multiplier":0.001,"open":2004.135,"high":2006.648,"low":2004.135,"close":2004.604,"shift":60000,"times":[1320,1,1,1,1,1,1,1,1,1,1,1,1,1,1,1,1,1,1,1,1,1,1,1,1,1,1,1,1,1,1,1,1,1,1,1,1,1,1,1,1,1,1,1,1,1,1,1,1,1,1,1,1,1,1,1,1,1,1,1,1,1,1,1,1,1,1,1,1,1,1,1,1,1,1,1,1,1,1,1,1,1,1,1,1,1,1,1,1,1,1,1,1,1,1,1,1,1,1,1,1,1,1,1,1,1,1,1,1,1,1,1,1,1,1,1,1,1,1,1],"opens":[0,430,449,-1800,691,-831,-1069,1980,-2190,1210,810,370,190,-420,540,-900,-1357,220,-400,-503,-320,40,30,-2751,-430,-10,680,1161,143,2627,-1210,589,-169,-40,-120,-450,130,1010,-30,640,610,-1000,460,-280,-890,180,-190,250,280,-190,-100,30,-191,-189,-250,-20,-340,-460,0,160,240,210,-80,-20,-40,100,370,253,-93,110,179,-199,-220,280,270,460,30,180,30,0,80,-270,510,230,-270,120,-70,-110,-30,-50,-140,-571,151,-490,-20,430,-30,0,-420,-150,-240,-900,310,190,180,660,120,-220,-110,60,410,90,0,0,50,70,230,-50,-30,120],"highs":[0,-1344,-280,-990,-129,-831,1011,60,-840,1070,270,80,-300,320,-250,-387,-1480,70,-640,17,-20,-480,-140,-2561,-650,890,1040,310,2301,-40,-300,-40,-10,-210,-220,-480,1440,-330,490,819,71,-357,-143,-590,-470,-100,309,-29,90,-230,-210,120,-300,-90,-280,60,-441,-229,-30,280,720,-390,-170,-10,9,301,450,-81,20,10,41,20,-190,730,20,20,270,10,-50,210,40,220,20,60,-180,10,100,-120,-50,-200,-150,-90,-330,-320,270,260,-80,-210,-220,-280,-310,10,0,-40,530,30,0,-90,-80,470,30,20,-10,30,20,230,80,-50,0,-30],"lows":[0,-3170,1983,266,-210,-1850,851,-230,-10,990,670,660,-160,30,-710,-1007,-403,69,-679,-30,-10,-190,-4181,530,290,271,439,1220,330,1150,471,210,-130,-60,-550,120,300,800,-280,650,-130,240,90,-1050,-30,110,160,250,50,-120,19,-129,-200,-380,70,-340,-440,40,0,40,360,70,-90,19,-39,210,370,50,60,-61,181,-170,-360,610,200,360,-120,190,220,10,10,-100,500,-60,-100,170,-140,-40,-110,-70,-600,-10,-250,-120,100,400,-80,-310,-300,-100,-910,-310,170,360,120,790,-90,70,10,60,310,140,-50,0,150,50,190,-30,10,-130],"closes":[0,420,-1976,896,-870,-1049,2010,-2260,1220,750,450,170,-430,570,-1200,-1067,220,-404,-519,-340,110,-70,-2861,-310,-100,820,1070,190,2691,-1230,490,-90,0,-120,-480,140,890,190,530,800,-1200,490,-370,-810,159,-309,370,280,-190,-90,40,-190,-200,-240,-30,-320,-460,20,130,280,183,-3,-100,-40,100,370,210,-50,190,80,-181,-139,170,300,440,50,280,-90,50,70,-100,320,210,-250,90,-60,-100,-20,-90,-150,-540,200,-510,-30,420,0,10,-350,-230,-240,-910,300,170,210,660,110,-230,-70,30,410,40,60,20,10,60,230,-10,-40,140,-180],"volumes":[0.05944,0.06466,0.04368,0.04596,0.04719,0.08268,0.0451,0.02285,0.02127,0.04,0.02865,0.01381,0.00973,0.00835,0.0088,0.05939,0.04418,0.0444,0.01691,0.01397,0.01983,0.01873,0.07671,0.12907,0.06338,0.06269,0.064,0.06863,0.09207,0.04041,0.04636,0.03322,0.01967,0.0263,0.02794,0.02169,0.06133,0.03086,0.06002,0.04707,0.04756,0.03269,0.02694,0.02936,0.02613,0.01899,0.02257,0.00599,0.01272,0.01345,0.00772,0.00707,0.00439,0.01458,0.00915,0.01822,0.03435,0.02196,0.02269,0.02909,0.04352,0.03669,0.03821,0.03212,0.02014,0.02239,0.04026,0.03069,0.01766,0.03249,0.03528,0.02691,0.01822,0.01752,0.00984,0.00516,0.0102,0.01149,0.00912,0.00816,0.00828,0.0084,0.00594,0.00609,0.00516,0.00224,0.00623,0.00947,0.02277,0.01968,0.02174,0.01844,0.01524,0.01236,0.01308,0.01068,0.01011,0.01002,0.00792,0.0132,0.02889,0.03457,0.03969,0.03562,0.03199,0.02491,0.015,0.01239,0.00744,0.00838,0.00918,0.0036,0.00483,0.00558,0.003,0.00264,0.00198,0.00189,0.0036,0.00372]}