{"timestamp":1555804800000,"multiplier":1.0E-5,"open":0.95676,"high":0.95686,"low":0.95676,"close":0.95681,"shift":60000,"times":[1265,1,1,1,1,1,1,1,1,1,1,1,1,1,1,1,1,1,1,1,1,1,1,1,1,1,1,1,1,1,1,1,1,1,1,1,1,1,1,1,1,1,1,1,1,1,1,1,1,1,1,1,1,1,1,1,1,1,1,1,1,1,1,1,1,1,1,1,1,1,1,1,1,1,1,1,1,1,1,1,1,1,1,1,1,1,1,1,1,1,1,1,1,1,1,1,1,1,1,1,1,1,1,1,1,1,1,1,1,1,1,1,1,1,1,1,1,1,1,1,1,1,1,1,1,1,1,1,1,1,1,1,1,1,1,1,1,1,1,1,1,1,1,1,1,1,1,1,1,1,1,1,1,1,1,1,1,1,1,1,1,1,1,1,1,1,1,1,1,1,1,1,1,1,1],"opens":[0,4,1,-4,4,-1,11,-3,3,-1,25,2,-2,0,0,7,2,-1,2,-2,-9,-1,-1,11,2,1,2,-3,-53,7,3,4,0,23,1,3,0,1,0,1,-1,0,3,0,0,0,3,-1,1,7,-8,1,-1,1,6,-46,14,-5,-56,16,3,11,5,-8,-2,9,-4,1,-1,-3,-1,7,0,-9,2,-4,4,1,-1,9,-2,3,2,2,0,1,-4,-1,-3,-5,9,-3,0,6,0,-1,-6,-6,14,-1,6,-9,1,-8,2,-1,0,6,-3,-3,4,1,-1,0,-4,0,4,-3,1,1,-4,1,3,1,-4,6,2,0,-8,-2,-2,-5,7,0,-4,5,0,5,0,1,1,-3,1,-5,-2,-2,-10,0,-8,1,-4,-2,-3,4,-2,5,3,5,-2,2,-9,-2,-1,5,-3,-1,2,-1,-5,-3,7,-10,-2,3,8],"highs":[0,-4,0,-1,0,11,0,-1,0,25,4,-3,-1,0,7,0,1,2,-1,0,-10,-1,9,3,1,3,-2,4,-51,2,4,0,20,3,3,1,0,1,1,-1,0,2,0,0,1,1,1,1,6,7,-14,0,0,22,-14,-42,13,-10,-31,-4,12,3,5,-11,3,1,6,-6,2,-1,2,3,-4,-1,-9,-2,3,1,9,10,-10,13,-3,-7,1,0,-4,-1,-2,4,-1,-2,4,5,-3,-1,-5,7,-1,7,4,-12,-2,-4,-2,2,5,-1,2,1,-3,-1,2,-3,1,-4,3,1,-4,1,-3,2,2,0,5,1,-2,1,-9,-1,-3,7,-1,-1,-2,0,5,2,0,0,0,3,-5,-5,-2,-2,-6,-4,-7,0,0,-6,2,0,8,-3,6,-1,1,-1,-6,-3,4,-2,-3,1,0,0,-5,2,2,-4,-1,5,2],"lows":[0,-2,2,0,4,0,8,-1,3,0,25,-5,5,0,0,7,-2,3,-11,3,-2,-1,-1,7,7,-28,28,-54,-3,11,2,4,0,23,2,2,1,-1,2,0,0,0,2,0,0,-5,8,0,0,-24,24,0,-29,30,-45,-33,7,8,-38,28,4,7,1,-5,4,1,4,0,-6,2,-3,6,-5,-1,-5,3,5,0,-2,7,-2,7,1,2,-2,-1,-1,-3,-4,0,-1,3,2,6,1,-7,-11,6,12,1,-10,7,-6,-3,3,-3,2,3,-8,3,7,0,-1,-5,-1,-5,6,2,-1,-1,0,-6,10,-3,0,-1,9,-4,-6,-2,-5,0,2,0,2,4,0,5,0,1,-2,1,-5,-2,-1,-13,-3,-8,4,-2,-2,-3,-2,4,0,6,1,4,0,-9,0,0,0,0,1,-1,-3,0,-2,-8,1,1,0,3,3],"closes":[0,1,-6,4,1,11,-3,2,0,25,1,-3,2,-1,8,0,1,1,-3,-7,-1,-1,10,3,0,2,-3,-52,8,1,4,-1,22,2,3,2,-1,2,1,-2,1,1,0,0,2,0,2,1,6,-8,1,-1,1,6,-48,-3,14,-32,-9,4,11,3,-7,-1,8,-2,1,0,-3,-2,10,-3,-9,1,-3,0,4,0,8,-4,6,0,3,0,0,-4,-1,-2,-5,10,-3,0,4,2,-1,-7,-5,14,-2,6,-8,1,-8,0,1,-3,7,-1,-5,6,-1,1,-2,-4,-1,3,0,1,-1,-3,1,3,1,-3,5,3,-1,-4,-4,-1,-7,6,2,-4,4,-1,5,1,2,-1,-3,2,-4,-4,0,-11,-1,-6,-1,-4,-2,-3,6,-3,5,2,5,0,1,-11,1,-1,5,-4,0,1,-1,-4,-3,4,-11,2,2,7,1],"volumes":[19.5,9.0,19.5,11.25,11.25,16.0,11.0,8.0,5.0,45.0,42.0,29.0,8.0,9.0,12.0,7.0,10.0,11.0,58.0,17.0,11.0,7.0,13.0,14.0,9.0,20.87,16.0,26.0,120.0,32.0,14.0,12.0,24.0,11.0,14.0,11.0,6.0,9.0,6.0,7.0,11.0,9.0,14.0,6.0,11.0,20.5,5.5,6.0,37.5,54.5,19.5,12.5,44.0,51.0,24.25,164.19,58.36,42.35,133.5,30.32,30.37,47.1,54.72,19.12,20.0,37.34,43.0,20.0,95.08,74.56,102.42,96.06,74.98,28.12,23.62,13.0,10.0,9.0,24.62,25.24,18.5,36.5,20.5,5.0,10.0,13.0,12.0,16.0,17.12,13.0,33.23,18.12,28.0,37.46,10.0,17.24,66.12,34.75,14.87,31.62,83.06,12.12,20.62,26.12,8.0,25.62,36.0,26.0,47.73,53.98,17.0,12.0,21.87,16.25,21.0,38.44,28.62,32.21,17.86,15.5,14.98,23.99,9.24,17.0,21.0,27.37,9.0,19.75,14.12,14.5,68.75,60.62,29.62,36.46,9.5,11.5,17.0,17.25,12.75,12.0,13.0,19.5,16.0,17.48,14.48,29.98,44.61,34.0,14.25,19.0,15.5,13.25,24.6,25.84,57.35,19.61,38.25,15.25,19.87,39.62,12.0,18.5,17.36,23.0,15.12,12.0,46.75,17.5,10.25,55.33,38.84,32.49,40.96,36.5,34.12]}