{"timestamp":1555891200000,"multiplier":0.001,"open":6297.87,"high":6298.37,"low":6283.369,"close":6284.369,"shift":60000,"times":[1430,1,1,1,1,1,1,1,1,1],"opens":[0,-13501,3101,-6001,-5999,3900,1000,-1000,1299,801],"highs":[0,-9000,100,-7101,-1899,2200,-2300,300,800,900],"lows":[0,0,-2000,-5999,100,3899,-499,-1,800,-799],"closes":[0,3001,-5901,-5999,3900,1000,-1000,1300,800,-1],"volumes":[0.00792,0.00582,0.0054,0.00492,0.00294,0.00282,0.0027,0.00192,0.00144,0.00348]}