{"timestamp":1555804800000,"multiplier":1.0E-5,"open":1.01313,"high":1.01322,"low":1.01312,"close":1.01322,"shift":60000,"times":[1260,1,1,1,1,1,1,1,1,1,1,1,1,1,1,1,1,1,1,1,1,1,1,1,1,1,1,1,1,1,1,1,1,1,1,1,1,1,1,1,1,1,1,1,1,1,1,1,1,1,1,1,1,1,1,1,1,1,1,1,1,1,1,1,1,1,1,1,1,1,1,1,1,1,1,1,1,1,1,1,1,1,2,1,1,1,1,1,1,1,1,1,1,1,1,1,1,1,1,1,1,1,1,1,1,1,1,1,1,1,1,1,1,1,1,1,1,1,1,1,1,1,1,1,1,1,1,1,1,1,1,1,1,1,1,1,1,1,1,1,1,1,1,1,1,1,1,1,1,1,1,1,1,1,1,1,1,1,1,1,1,1,1,1,1,1,1,1,1,1,1,1,1,1,1,1,1,1,1],"opens":[0,8,1,-8,8,27,0,-5,10,6,3,20,13,0,0,1,0,20,10,4,10,-49,-9,0,-50,1,-9,23,5,-4,3,33,-4,-4,-6,-4,-6,-6,-5,-3,-1,0,-3,-3,-2,-2,-3,-3,6,2,-1,5,5,11,-6,7,0,-1,0,1,13,76,17,2,10,0,-9,-9,1,-2,3,-2,2,0,-4,4,-3,3,0,-3,0,1,-1,3,-3,3,1,-1,0,0,-2,-1,1,-1,1,-1,0,-8,-3,1,1,-1,-9,-1,-6,-1,1,-2,1,1,0,-1,1,-11,15,8,10,0,-8,4,0,0,0,1,0,-1,-2,2,3,-4,2,-1,0,-1,2,5,-4,-3,0,1,-1,1,1,-1,0,0,0,2,-1,2,3,0,-3,-1,0,2,-2,-2,-1,1,-2,1,-13,3,-1,0,0,2,-2,-1,1,3,-4,0,0,0,2,-2,-1],"highs":[0,0,1,0,18,10,-2,0,9,4,17,39,-22,1,-1,1,26,-1,10,4,14,-58,-9,0,-49,0,7,11,5,-8,69,-33,-4,-3,-7,-4,-5,-6,-6,-3,-1,0,-3,-3,-2,-2,-3,2,2,1,1,8,12,-1,0,1,0,-1,0,1,114,-7,3,9,4,0,-13,-9,0,1,0,2,-2,0,0,0,-3,3,1,-4,3,0,0,0,0,1,0,-1,0,1,-3,0,0,0,1,0,-2,-8,-3,2,0,-1,-7,-2,-6,0,-1,1,-1,0,0,1,-1,4,9,6,3,6,-11,1,0,1,1,-1,2,-3,-2,6,0,-1,4,-7,0,0,7,-1,-3,-4,0,1,0,0,1,-1,1,-1,6,-4,5,1,2,-3,-4,-1,2,0,-2,-2,1,-1,-1,0,-7,-2,0,-2,3,0,-3,0,1,2,-4,5,-4,-1,2,-2,0],"lows":[0,9,1,-9,9,26,-17,13,5,8,6,20,13,0,-2,3,0,20,10,4,-38,-11,1,-51,1,-8,0,22,3,-10,12,30,-5,-5,-4,-4,-7,-6,-5,0,0,-2,-3,-4,0,-3,-3,-1,5,2,0,4,6,11,-8,9,0,-1,0,1,13,76,-1,13,17,-7,-10,-1,1,-2,0,0,3,-1,-3,1,-1,4,-1,-2,0,1,-1,0,0,3,-1,1,0,0,-4,1,0,0,-1,0,-7,0,-3,-2,3,-8,-1,-7,-1,0,1,-2,-6,5,3,-3,-8,-10,23,8,9,-3,-2,2,1,1,0,1,0,-2,-1,1,0,0,0,-1,1,-1,3,1,-3,0,0,0,0,1,1,-1,0,0,0,1,-1,3,-1,2,-1,-1,0,1,-2,-1,-3,2,-2,-13,2,1,0,0,1,1,-2,0,0,3,-3,0,0,0,1,-1,-2],"closes":[0,0,1,0,18,8,-9,9,9,4,17,39,-22,0,-2,3,21,4,10,4,-43,-11,1,-51,2,-9,16,11,-2,-1,40,-7,-4,-5,-5,-4,-6,-7,-5,0,0,-2,-3,-4,0,-3,-3,4,2,0,2,8,12,-1,0,1,0,-1,0,1,86,19,3,11,4,-11,-11,0,0,1,-3,3,0,0,0,-3,0,3,-1,-2,3,0,0,-3,3,0,0,0,0,0,-3,0,1,0,-1,0,-8,0,-3,2,-1,-7,-2,-7,0,0,0,0,0,0,0,0,-11,14,9,7,1,-4,1,0,1,0,2,-1,1,-3,-1,6,-4,3,-3,-1,0,1,3,-1,-3,0,0,0,1,0,1,-1,0,0,2,-1,1,5,-3,0,-1,-1,0,2,-3,-1,0,-1,0,-14,3,0,-1,0,4,-1,-3,1,1,1,-3,3,-2,-1,2,-2,-1],"volumes":[5.25,2.25,3.75,7.5,1.69,4.18,10.57,14.08,16.85,8.8,13.89,6.96,3.02,4.51,4.02,3.2,3.89,2.25,2.5,3.25,16.3,32.9,14.4,15.2,3.0,3.0,5.5,8.0,12.26,3.0,39.0,3.0,7.75,7.75,5.5,3.0,8.5,5.25,10.0,4.0,1.0,5.5,4.5,4.25,3.5,4.5,6.25,16.75,17.0,2.0,7.0,7.62,3.5,1.5,8.5,2.0,1.0,2.0,1.5,2.25,76.04,12.18,3.02,2.97,3.76,3.58,31.0,2.5,1.0,3.75,7.75,10.5,2.25,6.0,3.87,4.62,11.86,1.0,6.75,5.86,2.62,2.12,8.87,2.62,5.62,6.75,10.75,3.75,3.75,15.19,40.21,11.99,10.54,16.73,66.79,42.2,15.99,5.98,4.24,25.22,19.34,17.53,17.47,63.09,15.0,12.75,1.0,14.5,18.85,11.5,1.0,22.0,32.75,52.49,50.69,17.25,13.62,66.0,9.25,19.36,3.75,8.25,9.75,3.75,9.62,5.36,1.0,34.62,19.6,7.49,37.72,11.35,7.12,17.6,47.2,23.72,40.87,10.75,4.0,6.25,3.5,3.0,1.37,34.5,14.37,1.0,23.68,9.0,27.5,13.29,39.73,11.49,1.12,4.74,7.36,6.5,4.74,1.25,42.05,5.74,15.49,44.82,14.22,17.21,30.22,4.12,11.56,11.18,5.62,5.5,8.74,4.31,3.62,40.49,22.86,18.94,11.26,2.87,10.75]}