{"timestamp":1704067200000,"multiplier":1.0E-5,"open":0.68043,"high":0.68061,"low":0.68043,"close":0.68061,"shift":60000,"times":[1324,1,1,1,1,1,1,1,1,1,1,1,3,1,1,1,1,1,1,1,1,1,1,1,1,1,1,1,2,3,1,3,2,1,1,1,1,1,1,1,1,1,1,1,1,1,1,1,1,1,1,1,1,1,1,1,1,1,1,1,1,1,1,1,1,1,1,1,1,1,1,1,1,1,1,1,1,1,1,1,1,1,1,1,1,1,1,1,1,1,1,1,1,1,1,1,1,1,1,1,1,1,1,1,1,1,1,1],"opens":[0,14,42,1,2,-1,0,-3,5,-8,5,0,0,11,5,0,1,5,-18,-2,2,-1,3,-11,-18,0,-2,1,16,-3,3,-3,3,1,-10,0,-17,-7,3,5,10,-5,4,-1,1,-3,-1,-1,-4,38,12,-6,-15,13,4,-3,3,-1,1,-1,2,-5,-3,0,-1,-4,-3,-7,4,-2,0,3,9,5,6,-1,-1,-1,1,-1,2,-4,-6,-2,4,1,3,1,1,-2,-23,10,-2,-9,-7,-1,2,-16,1,-1,8,-3,2,0,0,0,25,-3],"highs":[0,40,-2,1,2,-1,0,2,0,-3,27,-27,16,0,2,4,1,-1,-18,-1,1,50,-48,-9,-18,-2,-1,0,16,-3,4,-1,0,10,-18,0,-17,-7,2,17,0,-1,-2,21,-20,12,-17,-1,40,10,1,-11,-1,4,0,2,-2,-1,5,-5,6,-7,-2,-3,-2,-4,-3,-6,8,-4,1,10,3,7,-1,-1,2,-2,3,-3,0,-4,-6,8,-2,1,1,1,1,-4,-9,-3,-2,-7,-8,2,-1,-11,0,0,5,-1,-2,1,-1,23,1,-3],"lows":[0,13,43,1,1,0,0,-3,-1,-3,6,0,-2,13,5,0,1,-37,24,-6,6,-7,7,-45,15,-7,-2,11,7,6,2,-3,4,-7,-3,-16,-8,0,0,9,-6,11,3,0,-3,-3,-2,-22,22,33,10,-18,4,10,3,1,1,0,0,1,-3,-3,0,-3,-7,3,-11,0,2,2,1,2,8,7,2,1,-2,0,1,0,-1,-16,4,4,2,3,2,2,-2,-24,2,7,-6,-12,-4,6,-15,-6,-1,7,3,3,-3,3,-3,3,22,-3],"closes":[0,40,-2,1,1,0,0,2,-6,2,3,-2,15,1,2,0,2,-20,4,-2,2,0,1,-30,2,-1,0,0,16,-3,2,-2,3,-7,-2,-16,-9,1,0,18,-16,17,-2,20,-24,0,-2,-9,39,17,-5,-17,12,4,-1,1,1,0,1,-1,-3,-3,0,0,-4,-2,-9,0,1,1,2,8,6,6,0,-1,-1,2,-3,1,-1,-6,-4,3,4,2,0,2,1,-28,13,-3,-6,-13,1,2,-15,1,0,6,0,0,0,1,0,24,-2,-6],"volumes":[2.4,9.3,1.2,1.2,2.4,1.2,1.8,5.7,8.4,7.2,29.25,1.2,23.55,10.8,2.4,13.8,32.4,37.37,3.6,6.6,1.2,9.1,6.0,21.5,18.6,12.3,7.5,1.2,6.3,1.2,4.2,13.2,3.0,29.92,17.2,16.2,14.8,11.82,7.2,14.2,6.6,9.6,3.6,8.55,35.58,96.6,58.85,112.15,241.41,127.32,129.89,106.1,55.87,85.51,102.97,46.27,20.02,37.8,56.47,58.8,36.6,15.6,15.3,13.35,41.1,10.2,34.8,39.6,46.2,21.9,22.82,36.9,25.2,24.0,34.8,21.6,32.4,26.4,25.5,28.8,28.16,81.2,13.5,49.2,36.3,10.8,19.32,9.6,32.4,26.5,49.2,16.8,18.3,33.6,18.0,27.6,39.0,87.37,70.66,19.5,25.5,33.6,33.6,22.8,43.2,68.4,16.95,7.6]}