{"timestamp":1706400000000,"multiplier":1.0E-5,"open":0.88366,"high":0.8838,"low":0.88366,"close":0.8838,"shift":60000,"times":[1324,1,1,1,1,1,1,1,1,1,1,1,1,1,1,1,1,1,1,1,1,1,1,1,1,1,1,1,1,1,1,1,1,1,1,1,1,1,1,1,1,1,1,1,1,1,1,1,1,1,1,1,1,1,1,1,1,1,1,1,1,1,1,1,1,1,1,1,1,1,1,1,1,1,1,1,1,1,1,1,1,1,1,1,1,1,1,1,1,1,1,1,1,1,1,1,1,1,1,1,1,1,1,1,1,1,1,1,1,1,1,1,1,1,1,1],"opens":[0,12,1,32,-1,2,-10,4,1,-38,48,-1,13,-1,12,0,-2,0,0,-13,-35,48,2,-45,2,1,25,-9,17,-15,3,-28,16,23,-22,8,-3,8,-4,5,0,3,1,5,2,29,0,3,-6,-5,-3,-18,-11,-6,6,-25,-8,-4,5,-8,3,0,-11,-1,18,-29,13,3,0,-1,5,5,-8,6,7,8,4,4,4,7,3,8,12,22,16,16,-3,-49,0,-12,-4,3,3,2,-3,6,-3,-3,-1,5,6,-4,4,5,-5,18,9,4,-2,12,-1,12,2,0,0,-3],"highs":[0,-1,42,-4,-5,0,-6,2,10,1,-2,17,0,-4,10,0,1,-3,2,1,0,0,0,-46,5,-1,44,3,-15,-13,1,-1,22,-9,-12,5,-3,3,0,1,-1,25,-17,13,17,3,0,6,-12,-4,-4,-4,-10,-8,2,-31,34,-36,-4,0,6,-5,-17,4,9,-13,2,3,1,5,1,0,-1,6,8,3,5,0,13,-2,9,23,12,12,27,8,-14,-53,-2,-8,-4,11,-5,2,16,-13,-4,0,6,1,-3,1,6,-1,12,10,6,-2,13,-2,11,2,0,0,1,-1],"lows":[0,12,1,25,6,-45,37,2,-39,0,44,5,2,8,4,11,-1,0,-1,-47,0,41,-6,-30,2,-3,1,14,-12,2,-7,-2,4,8,6,-7,12,4,-6,-1,1,-1,16,5,1,24,1,-11,-10,-1,-2,-18,-3,-34,11,0,-8,1,-1,-8,9,-12,-1,-4,-4,-3,6,10,1,0,6,-5,-2,8,7,7,7,1,4,4,8,9,9,25,14,7,-41,-6,-8,-5,2,4,1,-11,13,2,-10,2,4,-1,2,3,8,-1,0,19,7,0,4,9,2,8,5,-4,0,-1],"closes":[0,-2,33,0,-1,-6,2,0,-41,54,-4,17,-8,3,1,11,2,-3,2,-2,3,-2,-2,-42,3,-4,21,15,-14,2,-26,11,28,-23,10,-16,15,1,3,0,-2,7,6,13,15,4,0,-5,-10,0,-3,-23,8,-9,-24,-2,-10,4,-9,1,4,-12,-1,-5,-5,12,0,3,-2,12,-5,-5,9,7,6,6,1,4,8,3,7,14,20,15,21,-5,-51,1,-15,-1,1,5,-1,-2,10,-5,-4,0,6,6,-6,5,7,-8,19,9,7,-5,13,1,10,2,-1,-2,2,-5],"volumes":[2.4,38.02,27.16,21.6,4.8,10.72,18.0,28.8,39.0,31.75,6.0,35.1,36.0,28.8,1.65,2.25,1.8,0.9,2.25,17.4,3.6,6.75,2.55,4.8,16.0,21.29,42.8,43.6,28.6,26.8,28.0,16.4,22.4,32.6,21.0,33.6,14.0,21.0,19.6,25.2,35.2,102.05,56.0,36.4,98.2,46.8,74.4,37.6,57.6,96.4,60.45,65.4,114.5,139.06,107.4,46.45,158.34,47.2,102.3,130.49,78.75,107.8,36.9,86.42,64.95,106.95,125.7,51.45,43.95,102.6,82.8,114.6,37.8,41.55,88.28,20.22,34.67,64.2,48.76,103.25,74.84,96.75,120.01,130.65,117.13,137.77,157.82,52.6,45.91,77.27,55.44,30.0,40.8,59.2,61.2,24.0,40.8,45.15,18.0,44.4,42.0,24.0,19.2,14.4,22.8,28.8,38.4,28.8,28.14,12.12,28.65,19.47,12.0,52.14,23.85,35.4]}