{"timestamp":1705190400000,"multiplier":1.0E-5,"open":1.27373,"high":1.2738,"low":1.27372,"close":1.2738,"shift":60000,"times":[1320,1,3,1,1,1,1,1,1,1,2,1,1,1,1,1,1,1,1,1,1,1,1,1,1,1,1,1,1,1,1,1,1,1,1,1,1,1,1,1,1,1,1,1,1,1,1,1,1,1,1,1,1,1,1,1,1,1,1,1,1,1,1,1,1,1,1,1,1,1,1,1,1,1,1,1,1,1,1,1,1,1,1,1,1,1,1,1,1,1,1,1,1,1,1,1,1,1,1,1,1,1,1,1,1,1,1,1,1,1,1,1,1,1,1,1,1],"opens":[0,7,0,0,65,6,-6,17,-44,6,0,0,7,11,17,9,0,1,-3,3,3,-1,11,-14,1,0,-4,-1,3,-4,-2,5,-6,7,0,0,1,-4,6,3,1,2,1,22,-6,-5,12,-10,6,-2,-2,-1,0,-1,-41,25,-8,1,-28,-20,-22,-2,-12,-7,2,4,1,1,5,-8,-4,15,2,-17,-2,-6,3,-1,3,1,9,3,-3,-1,0,-8,5,1,-5,5,-9,8,0,3,-1,0,-13,4,7,5,6,1,-3,-15,2,-5,3,-7,-10,4,-10,4,10,-2,-3,-8,-5],"highs":[0,0,0,65,7,-1,15,-4,-44,6,0,0,45,-8,16,0,-9,7,-7,3,5,6,0,-7,0,-6,7,-4,1,-2,-1,-4,1,0,0,1,0,1,2,3,1,5,2,26,-10,2,1,-7,2,-2,4,-6,1,-2,-16,-1,-3,9,-41,-13,-20,-5,-16,-9,8,1,5,0,-1,-8,17,-2,-2,-12,-7,-3,3,0,3,5,4,2,-5,3,-4,-3,1,3,-1,-1,4,-4,6,-3,-2,0,-9,8,2,6,3,4,-8,-8,-5,-2,0,-7,-2,-3,-7,9,2,-2,-4,-6,-2],"lows":[0,8,0,0,65,-1,-4,-17,-5,6,0,0,0,13,1,28,-2,-1,3,1,1,3,-7,4,-1,2,-13,7,3,-3,-2,-7,6,5,0,2,-3,0,3,4,1,-1,5,5,6,0,6,-3,1,0,-15,14,-4,-73,36,14,-5,-24,-18,-30,-12,7,-6,-4,7,2,0,0,0,-1,-2,15,-17,-5,-2,-6,6,2,-12,13,12,-6,4,0,-3,-5,7,-7,2,-6,1,9,-1,1,1,-8,-9,7,7,4,8,3,-18,-1,0,-11,9,-9,-5,-6,0,4,7,-1,-8,-6,0],"closes":[0,0,0,65,0,0,12,-34,-5,6,0,0,0,37,5,0,-2,0,4,-1,3,12,-14,1,6,-6,-5,3,-1,1,3,-16,13,-2,0,3,0,1,1,4,1,5,0,15,1,-2,-1,1,-2,1,-3,2,-1,-42,24,-7,-3,-28,-14,-17,-4,-18,-7,1,6,-2,5,4,-8,-2,15,0,-18,-1,-5,1,1,2,3,6,2,-2,0,-1,0,-2,1,-7,8,-10,9,-1,4,-2,1,-11,1,8,3,5,4,-1,-18,5,-6,1,-3,-9,1,-10,2,9,-2,-1,-7,-7,3],"volumes":[2.8,1.0,1.0,34.48,12.6,6.3,21.6,15.8,2.7,1.0,1.0,2.5,46.9,27.0,86.4,29.7,10.8,37.8,13.5,22.5,45.9,34.65,9.45,8.1,9.9,2.7,32.85,14.4,11.7,4.95,22.5,4.5,9.9,9.0,22.5,2.7,33.3,36.0,38.7,40.5,31.5,103.5,58.5,44.23,42.39,15.03,40.68,25.2,45.9,41.4,57.78,13.32,49.23,66.06,34.47,16.2,45.0,271.35,309.6,213.75,170.1,141.75,115.65,62.1,72.9,98.1,109.44,112.89,36.0,27.9,126.33,126.0,112.38,95.34,47.64,160.2,70.2,76.5,97.59,38.7,22.5,23.4,11.7,23.4,13.5,24.69,1.8,33.78,18.12,23.52,7.14,7.14,25.32,12.21,3.36,9.48,17.28,17.19,8.1,15.3,5.49,11.79,26.1,11.7,18.9,14.4,2.7,7.2,31.5,44.4,7.47,7.2,6.3,7.2,16.41,10.08,22.77]}