{"timestamp":1705190400000,"multiplier":1.0E-5,"open":0.85137,"high":0.85141,"low":0.85137,"close":0.85141,"shift":60000,"times":[1320,1,1,1,1,1,1,1,1,1,1,1,1,1,1,1,1,1,1,2,1,1,1,1,1,1,1,1,2,1,1,1,1,1,1,1,1,1,1,1,1,1,1,1,1,1,1,1,1,1,1,1,1,1,1,1,1,1,1,1,1,1,1,1,1,1,1,1,1,1,1,1,1,1,1,1,1,1,1,1,1,1,1,1,1,1,1,1,1,1,1,1,1,1,1,1,1,1,1,1,1,1,1,1,1,1,1,1,1,1,1,1,1,1,1,1,1,1],"opens":[0,4,54,-38,1,22,15,8,-3,-12,11,32,-7,-27,21,-6,-20,33,-28,40,-3,5,-41,44,-9,0,0,-35,46,6,-14,-38,45,-45,46,4,15,-21,1,-27,26,-4,-4,-2,1,-3,0,-18,-1,18,0,1,-1,-8,-16,22,4,0,0,6,26,2,16,3,-8,7,2,-2,10,0,4,-3,-7,-6,3,-2,2,-2,2,-5,9,-2,-1,3,5,1,0,-2,2,15,0,1,0,3,-10,4,0,0,-7,1,-4,0,-1,2,24,8,4,-4,2,5,2,5,-3,-6,1,0,0,9],"highs":[0,0,54,-38,7,31,8,0,-3,-12,31,18,6,-46,23,23,-5,-1,-40,49,-4,-1,-43,44,0,-9,0,-35,52,1,-8,-45,48,1,0,17,0,-21,0,-1,0,-4,8,-1,-10,-4,-1,0,-1,0,2,-1,-1,0,0,2,1,1,23,38,-21,12,2,5,-8,4,5,0,4,2,0,-5,-7,-1,-2,3,-3,0,0,4,3,-4,2,8,-4,2,2,-1,13,0,0,4,-2,2,-4,-1,2,-3,-5,0,-1,-2,-2,26,7,3,3,-5,6,2,3,5,-6,-4,-1,0,12,-3],"lows":[0,4,7,8,2,6,24,11,1,-12,11,25,-36,9,13,-56,38,33,-28,40,-3,5,-41,35,-1,0,0,-34,35,0,0,-35,45,-45,0,44,0,0,-27,1,22,-6,-18,0,-25,40,-18,1,-1,0,17,-18,-10,2,3,21,5,-20,-7,33,21,-1,14,-11,10,13,1,-1,10,0,1,-8,-6,1,1,-2,3,-1,-9,6,7,-3,2,0,8,-1,2,-2,1,12,4,-1,2,-10,3,4,-3,-3,-2,-2,-6,6,-3,4,23,6,5,-4,4,5,1,6,-11,2,-3,4,0,5],"closes":[0,0,16,-1,8,22,17,-3,0,-12,31,5,-8,-19,13,7,7,13,-40,49,-6,1,-43,35,0,0,-1,-34,50,-15,9,-44,48,1,0,17,-20,-1,-25,23,-3,-4,-20,19,-3,0,-19,18,0,-16,17,-20,11,2,3,5,0,-1,12,21,2,14,5,-10,10,2,-1,7,1,4,-2,-8,-6,3,-2,2,-1,-1,-6,11,-1,-2,4,6,-1,0,1,1,14,-1,1,-1,3,-10,7,0,2,-9,-1,-3,0,1,-1,26,5,5,-1,-1,6,2,3,2,-10,3,-1,0,11,-5],"volumes":[1.4,0.5,4.7,5.4,10.5,11.26,8.0,3.6,1.2,0.5,13.2,4.5,21.36,0.5,8.8,35.55,12.91,3.6,0.5,3.6,8.46,3.42,0.5,17.81,49.14,3.15,1.35,0.5,35.94,3.15,5.67,0.5,1.65,5.3,2.15,11.6,18.16,6.0,36.09,26.83,9.42,13.74,54.36,64.71,25.73,12.24,28.12,17.39,35.82,35.17,13.74,48.14,43.46,48.24,24.69,15.6,14.4,85.69,197.31,225.05,184.8,218.39,191.2,195.1,80.95,35.74,55.74,150.88,240.77,181.05,120.5,355.49,80.95,169.93,76.08,175.16,168.02,110.75,130.06,97.72,43.45,45.01,27.76,38.6,3.15,37.81,35.78,24.38,159.72,99.78,1.2,24.53,13.2,31.73,30.53,8.4,38.93,18.53,24.0,19.2,26.4,16.8,14.4,53.1,51.77,72.78,12.0,17.33,9.6,12.0,10.8,8.4,22.13,8.4,18.53,2.4,22.8,29.33]}