{"timestamp":1584230400000,"multiplier":1.0E-5,"open":0.61473,"high":0.61899,"low":0.61473,"close":0.61893,"shift":60000,"times":[1260,2,2,1,1,1,1,1,1,1,1,1,1,1,1,1,1,1,1,1,1,1,1,1,1,1,1,1,1,1,1,1,1,1,1,1,1,1,1,1,1,1,1,1,1,1,1,1,1,1,1,1,1,1,1,1,1,1,1,1,1,1,1,1,1,1,1,1,1,1,1,1,1,1,1,1,1,1,1,1,1,1,1,1,1,1,1,1,1,1,1,1,1,1,1,1,1,1,1,1,1,1,1,1,1,1,1,1,1,1,1,1,1,1,1,1,1,1,1,1,1,1,1,1,1,1,1,1,1,1,1,1,1,1,1,1,1,1,1,1,1,1,1,1,1,1,1,1,1,1,1,1,1,1,1,1,1,1,1,1,1,1,1,1,1,1,1,1,1,1,1,1,1,1,1,1,1,1],"opens":[0,325,218,179,55,49,13,27,255,124,-174,-150,25,37,-12,7,-4,-1,-51,26,128,36,22,59,74,187,-104,43,-20,55,108,-3,-134,-114,-164,19,28,42,-59,95,-74,-6,-46,-124,-60,42,-26,9,122,-168,77,-77,72,-106,1,11,-8,174,-26,218,-212,-198,0,-56,-10,-121,25,-2,-15,10,-60,-85,30,-265,-187,-12,-10,-126,-223,-120,57,530,49,-20,-36,16,9,-21,59,-64,-42,-96,-16,101,146,146,213,-14,6,-161,-189,-80,140,-9,69,40,-127,30,-114,99,-28,-32,-52,-33,64,27,-68,-57,26,-6,-4,19,29,-12,31,1,29,-12,23,32,21,-3,-11,60,-135,6,26,-15,-12,90,36,46,-1,1,-47,-11,4,10,-11,14,90,-30,-8,-48,54,69,92,30,-50,-29,23,54,-4,-52,-25,-19,-112,89,-19,-22,-111,-57,-2,-16,-18,-23,52,-50],"highs":[0,-9,305,118,-14,103,106,86,181,-57,-174,-123,45,-10,-9,4,24,-25,45,53,53,44,21,80,181,28,-89,0,54,94,7,6,-141,-80,-172,0,82,-33,50,-14,-74,52,-103,-125,-19,1,-16,82,39,-66,-25,6,13,-128,10,0,172,15,220,25,-286,-136,-62,-28,-38,-96,82,-84,96,-101,-58,-53,2,-268,-105,-65,-39,-115,-212,-70,517,48,37,-18,-75,45,-16,45,43,-122,-40,-79,68,242,59,285,-58,16,-49,-151,-198,80,-16,56,56,24,-114,-3,-52,39,-51,-32,-41,33,24,-5,-47,-51,48,-41,-4,43,-8,14,5,30,-6,22,38,5,8,1,36,5,-81,-22,2,-22,80,102,-12,-3,2,-3,-44,5,-4,-6,10,94,-12,-26,-1,-4,70,99,100,-53,-72,-9,59,2,-3,-61,-24,-15,-23,3,-21,-25,-104,8,-72,-21,10,19,-8,82],"lows":[0,317,226,179,28,71,14,31,255,-50,-151,0,5,45,-3,7,-4,-42,-10,24,134,-125,145,79,71,69,22,-64,98,23,13,-6,-201,-80,-111,95,64,-59,31,17,15,-51,-125,-105,-13,99,-85,69,-46,0,64,-65,-33,0,1,1,2,55,93,6,-189,-60,-5,-14,-191,47,50,-73,52,-46,-101,14,-237,-197,-6,-1,-163,-197,-133,3,79,501,51,-40,-10,18,4,3,-5,-103,-28,-39,-12,106,162,151,194,-21,-129,-202,-85,20,122,6,71,-98,3,-75,-20,84,-49,-28,-22,-11,64,-53,-61,10,18,3,-19,22,28,-3,21,19,18,0,23,28,19,-47,12,-76,27,7,10,-22,11,89,37,21,8,-44,0,-1,8,-9,2,12,44,8,-42,-8,64,65,93,-23,-43,16,24,34,-37,-24,-13,-139,5,90,-36,-106,-52,1,-20,-26,-15,4,-7,-4],"closes":[0,-3,305,72,32,11,32,252,121,-171,-131,8,33,-10,3,0,-1,-45,18,129,41,16,61,75,186,-103,41,-27,42,134,-8,-132,-118,-161,2,37,48,-59,96,-55,-19,-51,-125,-86,67,0,-15,82,-129,72,-6,7,-107,2,10,-9,179,-96,306,-234,-188,-10,-56,-8,-130,32,-2,-14,9,-59,-85,31,-270,-187,-14,-4,-129,-221,-102,39,525,56,-22,-35,-10,35,-21,57,-62,-42,-89,-24,102,144,150,210,-12,4,-161,-194,-75,141,-10,69,38,-124,31,-116,81,-6,-32,-55,-23,51,35,-72,-58,24,-3,-2,8,36,-14,34,3,26,-12,23,35,19,-4,-15,62,-135,9,25,-15,-13,90,36,51,-7,3,-53,-3,10,-2,-9,17,89,-31,-7,-46,52,68,93,33,-53,-26,21,56,-10,-53,-23,-14,-122,87,-9,-23,-112,-55,-2,-17,-18,-22,55,-54,72],"volumes":[3.75,14.5,4.69,9.64,47.02,46.94,57.55,46.76,97.53,47.77,8.76,37.25,26.44,23.25,8.75,3.5,32.5,12.87,29.14,39.61,59.03,95.98,61.2,43.15,91.8,71.83,31.0,35.62,50.13,50.38,96.35,68.19,178.88,112.07,48.44,35.74,26.0,25.0,37.15,9.7,3.0,15.19,18.38,15.44,30.32,3.0,32.0,10.0,19.5,23.0,6.75,24.9,29.23,9.25,18.75,16.5,76.2,12.1,23.34,93.03,119.97,141.4,30.55,19.46,237.36,144.48,144.85,166.98,168.75,151.86,130.13,115.82,275.49,475.9,562.62,646.3,526.53,720.43,585.71,406.54,508.55,321.76,124.63,195.37,77.0,65.75,72.87,126.5,267.69,139.44,152.79,114.31,181.99,189.24,131.21,398.5,646.94,585.71,602.85,369.05,102.75,270.5,88.56,88.88,96.5,113.99,69.5,100.28,72.87,40.25,38.75,85.62,52.19,46.89,23.25,135.87,78.44,73.38,143.16,105.82,138.01,165.13,215.66,80.91,66.06,77.0,8.25,70.69,55.82,60.0,69.0,164.88,121.12,139.7,182.36,46.51,61.53,92.15,99.69,192.17,108.96,80.23,126.64,141.34,145.86,112.87,63.2,74.56,65.08,140.21,130.01,151.51,92.64,110.86,129.03,171.6,252.76,201.88,154.24,171.73,68.68,108.72,153.51,97.99,183.28,247.02,147.66,119.7,127.72,168.86,154.72,97.96,142.11,263.32,115.48,101.51,171.39,138.66]}