{"timestamp":1583020800000,"multiplier":0.001,"open":11689.18,"high":11708.8,"low":11683.57,"close":11684.59,"shift":60000,"times":[1385,1,1,1,1,1,1,1,1,1,1,1,1,1,1,1,1,1,1,1,1,1,1,1,1,1,1,1,1,1,1,1,1,1,1,1,1,1,1,1,1,1,1,1,1,1,1,1,1,1,1,1,1,1,1],"opens":[0,-4610,3110,-7680,5700,41000,-3700,-2100,-13340,10320,11920,47490,-3190,-13850,10850,-16900,-6730,5110,-2480,-9600,1890,10270,990,-4050,1480,-1880,8560,-8690,-3110,-1570,-26100,-14290,8560,10,15410,9280,2030,5310,-4850,13440,-3490,-4600,-6800,-12200,-1140,1990,-2980,-5220,7750,4090,18410,-2600,1600,2100,-650],"highs":[0,-8350,-5075,-1125,34550,1790,-1090,-2900,-7600,18900,42470,1600,-5670,-1210,-3990,-10810,-4610,-880,-3100,-6210,13810,-540,-360,-4700,5700,-1000,-500,-6200,-2000,-5310,-20390,-8200,5000,8190,16910,100,6800,-4100,7490,-1990,990,-5490,-7840,-9560,-4100,3000,-5700,2600,2990,19380,-870,8070,20,-3610,1620],"lows":[0,-2070,-12820,8320,7070,32790,-7780,-1880,-7830,12030,15170,18130,10990,4090,-5680,-8230,-5080,1600,-2990,-1110,-4590,1490,6310,4100,-5230,-2970,9600,-4630,-490,-25210,-16270,1490,8190,2490,14900,6690,4140,100,-5720,13790,-3470,-5730,-11280,-3590,460,-5090,-490,520,4100,8690,13800,-520,2030,-5630,5630],"closes":[0,2710,-7300,5100,42500,-5710,-1500,-12830,9310,12930,47600,-3300,-13800,10800,-16900,-4740,2140,-1500,-9600,1890,9810,970,-3570,970,-1970,9190,-8720,-3580,-1090,-25650,-14350,8300,-1000,15260,9940,1380,5720,-4250,13440,-4600,-3490,-5800,-12340,-1980,1990,-2980,-5220,7730,2590,18390,-1080,1600,1470,-490,4720],"volumes":[0.10126,0.08433,0.07667,0.0739,0.09069,0.08303,0.06719,0.05511,0.06359,0.07523,0.1192,0.1022,0.0457,0.06131,0.04795,0.05566,0.05229,0.03329,0.03767,0.02488,0.05904,0.07259,0.05328,0.03063,0.05877,0.03952,0.03597,0.03465,0.04287,0.05151,0.0816,0.04526,0.02973,0.02591,0.05741,0.05242,0.0476,0.0325,0.06168,0.04578,0.06454,0.0485,0.04896,0.03567,0.0306,0.05905,0.04086,0.05471,0.04149,0.0711,0.03897,0.05572,0.05609,0.05935,0.05344]}