{"timestamp":1584230400000,"multiplier":1.0E-5,"open":1.10705,"high":1.11019,"low":1.10705,"close":1.11017,"shift":60000,"times":[1260,1,1,1,1,1,1,1,1,1,1,1,1,1,1,1,1,1,1,1,1,1,1,1,1,1,1,1,1,1,1,1,1,1,1,1,1,1,1,1,1,1,1,1,1,1,1,1,1,1,1,1,1,1,1,1,1,1,1,1,1,1,1,1,1,1,1,1,1,1,1,1,1,1,1,1,1,1,1,1,1,1,1,1,1,1,1,1,1,1,1,1,1,1,1,1,1,1,1,1,1,1,1,1,1,1,1,1,1,1,1,1,1,1,1,1,1,1,1,1,1,1,1,1,1,1,1,1,1,1,1,1,1,1,1,1,1,1,1,1,1,1,1,1,1,1,1,1,1,1,1,1,1,1,1,1,1,1,1,1,1,1,1,1,1,1,1,1,1,1,1,1,1,1,1,1,1,1,1,1],"opens":[0,313,83,78,125,164,15,166,3,-24,23,-34,-50,-16,-109,-29,-109,19,-8,173,110,45,116,52,5,-46,36,49,-1,3,31,10,-163,40,55,-20,51,5,-8,8,6,4,-13,43,-1,-50,-18,17,-27,-17,0,-3,1,22,-36,111,19,9,62,-79,-16,57,-43,-3,1,-16,-53,-83,-19,-22,33,58,50,-78,-23,27,-42,7,-142,-85,26,18,34,16,-12,100,-68,60,-56,7,-44,4,26,46,6,-23,65,20,-9,20,-28,-4,-35,-6,31,-61,0,-127,-8,-60,-8,-20,85,-20,5,45,-45,24,3,64,-25,55,-21,-9,0,-24,-2,-15,8,-5,52,25,39,12,12,-4,5,-6,4,-25,24,-27,9,40,5,75,2,2,-13,-5,5,-9,1,12,-14,15,-5,-3,5,-3,109,-37,44,3,10,14,-3,-7,-25,2,-2,-12,-153,-56,-10,-44,6,-92,-4,4],"highs":[0,323,-161,193,-37,173,214,-35,-37,24,-14,-45,-27,-18,-130,-22,-89,-7,163,82,106,132,11,4,62,-65,53,41,-45,20,18,-1,-90,49,-34,48,57,-65,2,12,-5,28,-1,47,-25,-42,25,-57,56,-74,-25,11,16,3,52,43,3,54,3,-36,-3,22,6,-64,1,-5,-41,-77,-24,-16,58,84,-41,-36,-37,12,-13,3,-179,-60,69,6,10,24,53,-6,10,31,-60,-24,-31,41,46,-6,5,17,43,5,6,2,-8,-7,-59,12,0,-36,-23,-115,-20,-7,-69,99,-7,-5,20,-4,-3,35,9,-1,29,7,-21,2,-14,-20,-13,-2,3,43,16,50,3,34,-12,1,18,-27,-3,0,16,-32,52,0,84,-9,-2,21,-17,-10,3,-10,5,9,-9,3,-2,3,-3,112,-12,15,4,24,-3,2,-13,7,-31,24,-31,-11,-144,-60,-2,-3,-30,-59,-38,33],"lows":[0,313,82,68,136,110,69,33,62,33,-45,1,-43,-57,-54,-217,85,42,-24,182,88,74,114,45,-32,-72,-26,180,-65,0,96,-102,-124,117,17,19,33,21,-16,16,-9,12,-5,0,-8,-16,-1,-19,-16,4,-5,6,-6,-3,-4,99,31,9,-32,-14,-3,20,-18,12,-4,-51,-125,-14,-25,10,43,72,-23,-22,-10,-15,-25,-102,-194,55,80,20,0,17,14,43,-4,4,-33,-43,-18,8,26,22,61,-1,45,-56,13,64,-17,-30,-2,-3,-40,-37,-72,-98,-8,-11,-3,-1,86,-10,2,5,2,9,17,50,1,-1,2,-8,-10,8,-21,8,0,-8,68,26,20,31,7,-33,18,-8,-6,4,-3,-1,11,24,24,45,20,-21,14,-1,-14,-11,15,-12,7,10,-6,7,2,8,38,28,42,6,12,4,-15,-7,0,-4,-9,-150,-61,-46,-14,-33,-75,5,12,-6],"closes":[0,317,-191,172,21,147,187,-48,-8,59,-56,-50,-16,-82,-56,-127,11,27,163,82,82,108,52,5,-46,41,47,-1,0,31,10,-117,-23,72,-20,50,10,-4,6,2,-4,-3,39,-1,-51,-16,16,-25,-19,0,-3,15,16,-40,95,37,3,59,-43,-49,57,-43,-1,-1,-16,-53,-84,-19,-16,28,55,53,-79,-17,19,-44,18,-148,-95,36,20,31,15,-18,107,-54,44,-48,0,-42,10,-28,97,4,-18,61,20,-10,11,1,-36,-33,3,30,-60,2,-129,-6,-71,-5,-14,81,-16,11,33,-41,27,2,66,-27,54,-20,-12,8,-30,0,-18,10,-3,48,14,52,4,19,-3,1,-2,-6,-14,20,-24,8,42,5,75,1,3,-12,-7,2,4,-11,14,-19,7,10,-6,2,6,100,-36,48,8,7,10,-2,-6,-25,-3,3,-13,-152,-60,-9,-42,4,-83,-10,1,28],"volumes":[24.75,34.5,15.75,34.12,6.75,32.05,36.1,42.76,18.46,10.57,10.9387,12.26,7.74,20.6874,2.65,11.9574,9.76,4.13,27.5,27.02,33.34,13.435,33.91,13.16,17.927,21.1683,12.2,18.82,13.89,11.09,5.9,6.2522,20.5235,22.79,28.2024,8.7505,22.59,1.9,10.69,13.52,15.5,7.94,1.7334,30.6873,15.67,11.285,7.87,2.47,10.4561,4.904,26.7035,2.1,32.31,18.49,22.5,18.0,9.75,33.49,21.76,38.36,29.24,71.675,125.065,29.3,12.3,59.08,97.87,117.72,102.28,83.6,43.16,44.2,25.57,23.72,103.74,277.22,135.53,323.72,214.6787,76.7,57.39,218.98,314.9,205.83,207.22,143.69,112.76,221.32,277.65,190.87,272.71,351.52,350.2394,282.03,241.5,162.81,297.5275,324.1928,375.71,973.88,256.4075,368.13,339.63,236.07,340.3,376.655,336.57,373.48,210.93,142.7042,302.85,298.92,308.63,221.86,480.5,317.706,723.8,529.778,270.07,262.52,344.27,384.92,586.54,446.44,341.76,128.81,78.68,258.67,232.95,177.07,124.78,113.56,80.61,170.06,195.56,198.66,159.2,166.62,187.35,223.42,316.11,227.13,251.09,223.12,354.64,237.7,143.66,360.36,257.07,424.55,666.91,449.69,402.17,468.44,145.63,159.85,166.5,160.5,169.48,543.835,248.675,273.26,289.94,396.86,468.58,253.94,181.93,100.0835,18.23,67.25,33.89,125.12,249.62,114.47,218.368,403.06,307.19,338.9,225.51,342.46]}