{"timestamp":1327795200000,"multiplier":1.0E-5,"open":1.06487,"high":1.06491,"low":1.06431,"close":1.06443,"shift":60000,"times":[1320,1,1,1,1,1,1,1,1,1,1,1,1,1,1,1,1,1,1,1,1,1,1,1,1,1,1,1,1,1,1,1,1,1,1,1,1,1,1,1,1,1,1,1,1,1,1,1,1,1,1,1,1,1,1,1,1,1,1,1,1,1,1,1,1,1,1,1,1,1,1,1,1,1,1,1,1,1,1,1,1,1,1,1,1,1,1,1,1,1,1,1,1,1,1,1,1,1,1,1,1,1,1,1,1,1,1,1,1,1,1,1,1,1,1,1,1,1,1,1],"opens":[0,-37,26,-10,6,14,50,-16,-8,-17,-10,22,20,-8,-4,-7,7,1,5,35,-22,-21,31,-16,-9,-24,0,4,0,9,37,-27,-35,-24,-19,23,-12,-15,12,29,-6,14,-27,-1,8,43,-32,-7,67,-68,1,-2,0,20,-13,43,-26,-2,-2,8,-30,42,61,40,-1,-9,1,9,-31,20,-19,20,-10,-12,19,-8,20,10,6,15,20,20,-23,-13,-34,-14,-20,10,-10,3,-25,19,-6,-11,24,-6,-14,6,-5,4,5,4,-4,-18,-1,-11,11,9,6,1,-9,1,1,6,-18,-9,16,1,-15,-23],"highs":[0,7,14,-46,21,41,8,-5,-19,0,-5,30,-10,-8,-4,3,6,3,54,-25,-22,16,-6,-16,-9,-24,11,-7,30,16,0,-27,-35,-24,21,-8,-13,-11,23,13,-1,26,-51,7,49,-6,-32,65,33,-105,7,6,-15,48,1,1,-13,-9,0,0,23,40,40,29,-20,1,0,0,-10,-1,0,1,-10,11,-4,18,10,11,5,27,-1,23,-24,-22,-19,-24,-5,-6,-1,-6,-12,5,-9,29,-15,-4,0,-1,-10,15,-11,4,2,-18,-7,0,15,-5,15,0,-12,-1,7,1,-18,8,11,-8,-23,-20],"lows":[0,19,2,14,1,19,21,4,-40,13,1,22,11,1,-11,0,7,1,5,7,-15,0,8,-13,-35,3,19,-2,6,-18,7,-5,-17,-40,14,13,-25,1,19,-5,28,-16,2,0,8,28,-18,-6,-8,4,1,-8,9,6,-1,19,-3,0,-1,-39,17,42,38,62,-9,-1,1,-21,0,1,0,10,-17,5,3,8,20,10,6,11,24,-18,-13,-24,-11,-19,1,0,-5,-18,1,8,-18,11,17,-22,7,3,0,3,6,-4,-13,-13,1,-1,12,8,1,-5,3,-5,-11,4,1,-8,7,-4,-33,-30],"closes":[0,35,-12,0,21,41,-9,-8,-16,-11,23,20,-9,1,-10,4,5,-1,27,-10,-21,31,-16,-9,-31,7,6,-2,20,26,-36,-26,-17,-26,25,-12,-17,12,23,0,12,-3,-23,8,49,-21,-18,66,-78,5,-2,-4,5,13,36,-25,-2,6,0,-47,70,40,40,9,-9,1,9,-31,20,-19,15,-5,-17,27,-3,18,1,9,12,27,3,-15,-8,-34,-16,-19,17,-16,3,-25,17,-4,-3,21,-7,-21,4,-1,5,5,-1,-4,-13,-3,-4,0,16,0,2,-3,3,-10,17,-18,0,9,-9,-10,-16,-42],"volumes":[19.35,24.3,20.25,0.75,3.0,12.05,7.59,35.44,36.95,59.08,25.99,15.4,7.3,0.38,1.14,3.42,4.75,7.5,32.4,26.7,7.65,12.3,19.05,10.5,39.6,39.15,22.35,13.95,41.8,20.94,37.5,12.15,6.75,25.5,44.25,18.3,44.55,34.2,15.9,36.6,10.2,35.4,7.2,5.11,14.82,11.26,3.76,47.55,140.93,16.5,18.0,28.8,13.65,77.25,72.3,15.9,17.1,37.95,17.85,31.2,98.25,56.7,36.15,39.45,37.05,54.15,24.15,87.75,47.7,27.0,23.55,12.15,44.1,17.1,18.9,11.55,39.6,14.7,12.6,19.35,4.5,77.55,72.3,81.9,50.25,70.5,26.1,19.65,37.05,35.55,33.75,27.15,34.35,61.35,21.15,91.05,69.3,29.1,23.55,39.45,20.1,8.85,18.9,39.45,36.15,40.8,26.55,7.65,26.4,44.25,21.75,25.95,52.35,15.6,6.0,22.35,30.75,52.35,23.98,37.72]}