{"timestamp":1325980800000,"multiplier":1.0E-5,"open":1.04848,"high":1.04881,"low":1.04847,"close":1.04881,"shift":60000,"times":[1320,1,1,1,1,1,1,1,1,1,1,1,1,1,1,1,1,1,1,1,1,1,1,1,1,1,1,1,1,1,1,1,1,1,1,1,1,1,1,1,1,1,1,1,1,1,1,1,1,1,1,1,1,1,1,1,1,1,1,1,1,1,1,1,1,1,1,1,1,1,1,1,1,1,1,1,1,1,1,1,1,1,1,1,1,1,1,1,1,1,1,1,1,1,1,1,1,1,1,1,1,1,1,1,1,1,1,1,1,1,1,1,1,1,1,1,1,1,1,1],"opens":[0,29,-6,15,6,-15,34,-23,0,15,17,28,-35,4,-9,0,10,1,-13,12,-6,-6,3,-18,-5,-2,35,-6,5,-13,0,-2,-17,43,12,-12,-16,-1,15,20,10,-28,-11,4,16,20,-2,-20,28,-4,-9,-10,47,6,14,16,4,-18,-42,39,22,-30,18,5,21,-55,18,12,-37,-10,-22,6,1,-4,-2,20,6,1,-8,31,-2,-7,-2,6,-19,27,-1,-28,-52,-19,-5,7,-3,-14,-44,-1,-24,3,26,14,11,-18,24,-40,-2,20,15,-9,7,-1,46,5,7,12,-1,6,-19,13,1,19],"highs":[0,1,15,10,-10,40,-25,-13,20,5,35,-5,-38,1,-8,10,-1,12,-16,27,-25,-7,0,-4,-19,33,0,9,-2,-21,0,-2,26,12,9,-14,-22,3,29,12,6,-33,-5,11,21,7,-9,8,9,-13,-9,36,7,24,39,-15,6,-26,-25,25,14,-18,11,19,-5,-10,4,-19,-17,-25,-9,-2,-4,8,1,23,1,-16,48,-6,-11,-9,2,0,10,12,-21,-29,-52,-14,6,-7,3,-20,-42,-5,29,-24,50,-23,20,-18,25,-43,-2,15,11,-12,-1,62,6,-11,7,5,2,30,-32,1,23,-5],"lows":[0,19,-10,25,-15,-5,17,-1,11,-10,42,-6,-1,0,-5,0,10,-9,-5,10,-22,14,-15,-5,-2,0,29,0,-8,0,-2,0,-17,43,0,-22,3,0,16,21,-25,-11,7,4,16,20,-22,0,22,-13,-4,0,47,6,13,4,-1,-29,-23,28,10,3,18,-19,-9,-12,29,-26,-22,-9,0,5,-2,-16,5,29,-2,-40,41,9,-6,15,-12,1,0,11,-22,-46,-28,-8,4,5,0,-50,-15,-15,-26,19,39,10,-7,-19,14,-3,-2,20,-1,1,2,10,39,4,15,7,-4,4,-9,-4,16,9],"closes":[0,-9,9,6,-16,39,-31,8,16,18,27,-34,-1,1,-5,10,-1,-6,-4,8,-10,3,-7,-16,-2,35,-6,5,-13,0,-2,0,26,12,-12,-16,-1,-1,35,11,-35,-4,0,18,22,1,-23,28,-4,-6,-9,42,7,14,18,1,-17,-29,16,21,-19,19,8,19,-56,19,10,-32,-19,-18,6,1,-4,-1,19,6,1,-12,31,-2,-3,1,-1,-10,27,1,-35,-52,-14,-10,7,-5,-8,-44,-6,-23,3,26,5,15,-21,30,-35,-3,18,15,-9,7,-1,53,-2,7,7,4,3,-7,5,-3,22,-8],"volumes":[18.39,17.25,22.5,17.25,11.25,33.79,29.12,20.47,20.63,33.77,21.02,32.18,3.75,3.75,1.5,6.0,0.75,13.5,9.0,18.75,24.86,22.15,49.92,56.49,9.01,36.39,8.37,28.58,19.17,13.62,11.24,11.52,30.01,18.8,36.8,62.93,27.87,11.3,48.0,32.31,93.02,83.15,31.63,19.02,16.5,33.97,52.77,37.98,45.67,42.67,30.07,96.32,20.42,57.68,110.09,81.7,47.09,63.13,24.35,37.88,92.93,20.91,56.95,66.27,47.15,96.34,105.03,126.75,85.02,70.14,48.08,42.12,28.39,84.4,70.57,80.5,68.92,153.98,175.63,186.21,155.01,31.99,64.08,65.59,83.69,178.99,104.83,87.33,95.45,104.89,114.93,85.14,53.42,117.63,59.53,73.73,190.58,155.96,122.78,97.42,150.77,148.19,129.01,35.27,37.88,31.5,37.89,71.1,55.5,95.78,51.39,34.73,3.75,20.21,15.83,57.84,35.12,52.52,18.75,9.0]}