{"timestamp":1325980800000,"multiplier":1.0E-5,"open":1.5423,"high":1.54254,"low":1.5423,"close":1.54243,"shift":60000,"times":[1320,1,1,1,1,1,1,1,1,1,1,1,1,1,1,1,1,1,1,1,1,1,1,1,1,1,1,1,1,1,1,1,1,1,1,1,1,1,1,1,1,1,1,1,1,1,1,1,1,1,1,1,1,1,1,1,1,1,1,1,1,1,1,1,1,1,1,1,1,1,1,1,1,1,1,1,1,1,1,1,1,1,1,1,1,1,1,1,1,1,1,1,1,1,1,1,1,1,1,1,1,1,1,1,1,1,1,1,1,1,1,1,1,1,1,1,1,1,1,1],"opens":[0,11,24,7,-8,-8,-15,-9,3,-27,13,-12,5,-1,-7,5,-6,-1,-4,-1,4,2,1,0,16,0,-4,-2,3,15,-13,-16,-7,0,0,-2,-33,18,1,-17,1,6,13,13,-2,3,0,-7,-2,-31,-9,-18,-47,19,0,13,0,4,19,-22,40,-36,8,18,-1,-8,10,-19,8,2,-2,2,0,-22,-6,-14,-17,7,-9,-43,5,-24,17,-44,-6,20,34,35,18,7,46,9,-24,-24,50,-13,0,-56,-35,0,33,23,-17,12,14,-14,-36,23,27,8,8,-21,7,33,19,-5,-15,14,4,-5],"highs":[0,13,20,4,-27,18,-28,-22,15,-38,12,19,-26,0,-5,2,-6,-1,-2,5,-2,2,3,5,7,0,-4,-2,7,12,4,-32,-9,0,6,-6,-17,8,-6,-17,18,-12,26,0,1,1,-1,-2,-7,-31,-9,-7,-34,16,-6,4,-2,0,19,25,-7,-28,20,-2,-1,0,3,-2,7,-14,1,0,1,-25,-6,0,-19,-4,-10,-29,-9,4,-10,-29,24,0,51,18,-4,49,25,-7,-30,41,-13,-7,-3,-64,-25,28,18,8,-10,12,11,-26,-13,30,5,31,-21,18,-1,19,7,-7,-6,7,-3,-5],"lows":[0,11,16,0,-1,-17,-2,-5,-24,-3,-11,13,7,-7,-1,-1,-3,-1,-24,21,5,1,0,2,16,-4,0,-2,3,-6,-7,-8,0,0,-3,-25,-25,35,-20,-16,7,13,21,11,-2,3,-5,-2,-22,-41,-22,-24,0,23,0,9,4,0,1,0,-2,2,3,23,-4,-9,-1,-7,-9,20,3,0,-33,8,-14,-23,6,-9,-47,7,-17,-1,-28,3,-5,12,40,34,21,7,46,-19,-20,0,40,-4,-62,-40,-3,9,39,2,-6,22,-1,-36,1,23,18,15,-15,4,7,33,15,-20,3,7,5,-4],"closes":[0,19,8,0,-12,-19,-2,-5,-21,-3,1,9,-4,-7,1,-3,-2,-2,-1,6,-1,1,3,6,7,-4,0,-2,7,-2,-15,-8,0,0,-3,-25,11,1,-17,1,6,-4,30,-2,3,1,-8,-2,-22,-18,-28,-37,24,-4,12,4,0,0,-3,41,-38,9,18,-1,-7,5,-15,7,3,-2,2,-2,-20,-6,-11,-20,8,-10,-43,5,-24,18,-45,0,14,26,43,18,4,49,9,-23,-25,51,-10,-5,-55,-35,-6,41,21,-20,17,11,-10,-40,24,25,10,8,-21,11,29,19,-3,-16,13,4,-5,-4],"volumes":[19.5,26.25,23.25,32.25,3.75,27.75,10.5,0.75,21.75,10.5,15.01,20.25,0.75,14.63,3.0,19.5,13.5,20.25,50.56,12.0,25.5,10.5,24.0,22.5,1.13,6.78,3.39,4.52,7.13,81.08,75.51,28.92,22.56,22.56,37.21,34.41,130.48,55.35,26.63,25.96,61.73,48.9,67.62,22.5,26.7,14.49,30.08,39.08,38.75,132.15,100.57,88.61,72.38,11.25,78.01,66.01,25.88,36.38,35.68,70.63,146.81,111.94,103.68,65.76,58.03,69.56,96.62,117.1,147.91,74.83,56.73,71.25,43.96,52.62,70.44,180.65,135.85,185.78,187.79,117.52,161.0,170.24,149.23,181.28,126.78,150.48,135.44,139.96,69.04,163.28,146.11,141.67,114.75,142.34,53.46,92.52,112.79,138.52,110.75,70.0,93.91,122.81,74.24,43.71,86.56,157.68,78.67,87.38,67.62,91.84,105.65,159.56,59.17,43.35,78.38,130.79,71.64,74.84,54.08,31.73]}