{"timestamp":1676764800000,"multiplier":1.0E-5,"open":0.68645,"high":0.68665,"low":0.68634,"close":0.68663,"shift":60000,"times":[1320,1,1,1,2,1,1,1,4,1,1,1,1,1,1,1,1,1,1,2,1,1,1,2,1,1,1,1,1,1,1,1,1,1,1,1,1,1,1,1,1,1,1,1,1,1,1,1,1,1,1,1,1,1,1,1,1,1,1,1,1,1,1,1,1,1,1,1,1,1,1,1,1,1,1,1,1,1,1,1,1,1,1,1,1,1,1,1,1,1,1,1,1,1,1,1,1,1,1,1,1,1,1,1,1,1,1,1,1,1,1,1,1,1],"opens":[0,18,23,-1,8,12,11,1,8,6,-6,-1,-4,-2,-78,16,6,-1,32,5,-1,1,-11,4,10,0,-22,-4,19,-1,1,3,6,0,7,21,9,-13,-1,4,5,5,-2,-5,-2,1,7,3,7,-17,8,-3,-33,-2,18,2,-18,-12,17,-2,-4,5,-6,-10,0,-7,-10,-5,6,13,-18,-11,-10,26,-2,-4,10,-6,2,12,0,2,5,9,-11,5,8,-2,4,-1,9,8,-10,-5,-9,-4,-4,-1,4,14,3,-4,-1,-1,-1,-2,-3,-3,0,-1,-9,0,1,-13],"highs":[0,23,0,25,-4,-4,12,0,8,6,-5,-1,1,-8,-57,0,1,35,-4,5,-1,16,-14,2,0,0,-22,15,0,0,0,8,1,0,24,18,-5,-13,9,4,1,-1,-1,-5,6,-8,7,3,13,-11,-4,-3,-6,-18,32,-23,-14,2,-1,0,0,0,-7,-9,3,-11,-6,3,18,-10,-19,-9,15,2,-3,7,0,-3,12,1,3,-2,13,-1,-5,6,0,3,1,5,10,-1,-9,-4,-12,-1,-5,0,15,7,-4,-2,0,-2,-1,-4,-1,-3,-1,-2,-3,-3,-2,-2],"lows":[0,29,22,0,7,5,8,9,5,1,0,3,-12,-71,0,14,8,-1,32,4,0,-27,17,3,-18,1,-1,3,15,3,1,3,6,-3,4,27,-4,0,-6,4,10,5,-4,-3,-2,1,7,0,-7,0,1,-32,-1,-1,20,-21,-7,1,10,0,1,2,-15,-5,-5,-8,-4,-5,12,-7,-8,-13,3,19,0,-1,0,0,8,11,-4,7,5,-3,1,4,5,2,2,0,10,-3,-2,-13,-5,0,-2,-1,5,14,-3,1,-4,-1,1,-3,-6,3,-9,-2,0,-2,-10,-1],"closes":[0,25,0,7,6,-4,20,-3,8,-2,4,-1,1,-84,21,0,1,34,-3,4,0,-7,9,2,0,-28,5,16,0,-1,1,7,2,-2,26,18,-18,0,-3,5,7,4,-4,-2,6,-8,7,0,-4,4,-3,-35,2,10,8,-20,-7,16,-4,-3,5,-3,-14,2,-8,-13,-1,3,14,-19,-8,-12,28,-4,-1,9,-9,6,9,2,3,2,11,-13,7,5,0,4,0,8,9,-11,-3,-10,-8,0,-1,2,15,5,-7,0,-4,-1,1,-2,-7,5,-4,-9,1,1,-13,11],"volumes":[26.54,9.9,8.1,17.28,23.08,9.2,10.87,4.8,8.4,6.2,6.4,10.89,10.64,10.25,5.2,5.6,3.8,5.39,1.8,3.9,1.3,26.39,4.87,7.04,22.03,6.54,6.2,22.03,4.8,13.24,10.04,37.03,2.6,9.1,68.68,34.78,15.75,4.8,20.04,24.16,14.57,3.75,14.95,20.74,11.06,1.6,7.25,3.9,38.35,56.55,8.42,43.8,83.04,35.61,130.39,88.92,84.98,49.0,40.59,61.72,35.7,23.63,49.8,39.53,50.39,110.59,90.03,163.08,90.2,92.67,68.61,78.01,87.06,60.67,55.96,69.55,56.33,39.35,62.81,27.14,66.22,56.47,57.36,49.39,31.09,31.85,30.34,21.45,31.12,28.8,24.14,36.93,37.71,31.2,25.12,17.06,8.4,13.21,36.74,31.11,23.01,18.0,16.72,21.52,21.6,18.74,66.5,10.76,32.57,24.82,20.6,34.66,22.02,63.3]}