{"timestamp":1676160000000,"multiplier":0.001,"open":7433.599,"high":7435.216,"low":7424.999,"close":7433.659,"shift":60000,"times":[1370,1,1,1,1,1,1,1,2,1,1,1,1,1,1,1,1,1,1,1,1,1,1,1,1,1,1,1,1,1,1,1,1,1,1,1,1,1,1,1,1,1,1,1,1,1,1,1,1,1,1,1,1,1,1,1,1,1,1,1,1,1,1,1,1,1,1,1,1],"opens":[0,1030,-1000,2000,-1090,90,-2630,660,-1060,4677,-6480,-2610,-3370,-1610,2080,-3990,-1650,-2420,2110,-4020,-3450,-4610,930,570,-380,7190,4150,280,-3367,940,-4043,73,940,-2850,2000,970,3340,-4370,1060,1310,-2370,-3060,120,-2030,3340,-370,-90,-1910,0,-2030,117,1460,453,-1000,-970,1340,2517,1113,1000,-30,-970,-90,4090,-630,1187,-527,2547,-2637,430],"highs":[0,413,-1060,1970,-1000,0,-1540,-1340,1970,1647,-5510,-3580,-2900,1960,-1960,-2020,-3490,560,-120,-4900,-3450,-690,1090,-90,3440,4230,2170,-417,-2910,2297,-4510,-877,-1060,-53,2940,-887,1460,-3000,1630,-630,-2370,-3060,120,-150,1460,690,1310,-4370,30,-143,170,360,-417,1897,-3867,1910,2090,970,1000,-30,-970,4370,-370,1577,60,-607,1547,-1637,90],"lows":[0,4540,4090,1000,-90,-3970,60,2030,-3000,-1013,-900,-3430,-3050,940,-1880,-1140,-2930,-30,-2520,-2440,-4390,-1620,1930,500,-1430,7670,4760,-5147,2090,-3113,-1857,-90,-570,540,1030,2090,-1970,940,1060,-2690,-2430,-940,60,-30,1940,1030,-630,-2460,60,-1000,117,910,-1087,0,120,1340,1600,2030,-60,1030,-1970,910,4090,-630,-763,1423,1340,-1430,430],"closes":[0,1970,-1060,1060,-90,-4940,1090,970,1970,-5333,-1020,-3960,-1650,2500,-4030,-1800,-2580,2390,-3950,-3930,-4390,440,-90,590,6730,4300,220,-4407,2940,-5083,1083,1000,-4600,1690,940,2910,-3850,1310,2630,-1630,-5430,90,-60,940,60,2090,-1690,-2460,90,-113,1160,-1017,-1060,940,-880,1910,2090,970,30,940,-1970,3970,1030,637,-1577,1970,340,-430,90],"volumes":[0.007672,0.00576,9.6E-4,0.00288,9.6E-4,0.0072,0.0048,4.8E-4,0.00576,0.00987,0.00265,0.00106,0.00299,0.00295,0.00296,0.00287,0.00143,0.00327,0.00466,9.2E-4,0.00137,0.00581,0.00629,0.00405,0.0061,0.0084,0.00487,0.00923,0.00349,0.00664,0.00928,0.00362,0.0024,0.00589,0.00555,0.00144,0.00576,0.00144,0.00144,0.00589,0.00432,0.00288,0.00192,0.00144,9.6E-4,9.6E-4,0.00288,0.00288,0.00192,0.0037,0.00311,0.00535,0.00432,0.00445,4.8E-4,9.6E-4,0.00301,4.8E-4,0.00192,4.8E-4,9.6E-4,0.00342,4.8E-4,0.00219,0.00416,9.6E-4,0.00109,9.6E-4,9.6E-4]}