{"timestamp":1676160000000,"multiplier":0.001,"open":15323.497,"high":15324.397,"low":15312.699,"close":15313.989,"shift":60000,"times":[1382,1,1,1,1,1,1,1,1,1,1,1,1,1,1,1,1,1,1,1,1,1,1,1,1,1,1,1,1,1,1,1,1,1,1,1,1,1,1,1,1,1,1,1,1,1,1,1,1,1,1,1,1,1,1,1,1,1],"opens":[0,-8608,-1802,-1910,-3678,-530,-1012,530,-508,5220,-1032,-1670,400,2250,2352,458,-2660,-2948,10,-1860,880,1868,-468,468,-848,-1012,-10298,-1390,1388,2812,-2822,-4228,3320,-520,-1860,490,-1882,-3248,2810,-3760,-450,1818,-3300,4330,-3838,4228,-1428,-880,868,-1768,420,4200,-52,1902,-1850,950,1438,-3340],"highs":[0,-7608,-1910,-1780,-2400,-3300,98,3800,-1000,1902,-2002,-798,1750,2340,1410,100,-2800,-2940,-760,-1002,1792,110,-100,100,-1000,-1012,-10190,890,1810,102,-2922,-780,792,-920,-1772,902,-2902,100,-398,-3402,2002,-1000,1900,-900,900,4098,-5998,0,-152,-848,2900,898,1002,900,-900,2800,-1000,-3702],"lows":[0,-1900,-640,-5600,640,-1520,10,1880,-500,4200,-1900,-900,1030,2690,2860,-2880,-2810,-910,-890,-3770,4660,910,1020,-1010,-900,-11290,-4590,5060,520,-20,-4150,360,1920,-1930,-900,920,-4580,860,-860,-2920,1890,-1410,520,-10,900,1920,-930,-970,-20,-880,2320,1380,1000,0,870,910,-900,-510],"closes":[0,-930,-1860,-4730,530,-1030,480,-880,4600,30,-1810,400,2360,1920,890,-2760,-3840,20,-1790,1410,2280,-780,760,-1890,-10,-11170,-1020,1890,2400,-2390,-4700,3430,500,-2910,10,-1030,-3680,2800,-3700,-990,2750,-3300,4320,-4270,4700,-1820,-1430,1950,-2940,1010,3680,910,-760,-130,1380,1900,-3150,-650],"volumes":[5.7E-4,0.00122,0.00116,0.00118,0.00105,7.3E-4,7.2E-4,8.2E-4,3.3E-4,4.8E-4,3.1E-4,2.2E-4,4.0E-4,4.5E-4,3.2E-4,2.7E-4,3.0E-4,2.5E-4,3.7E-4,4.1E-4,3.0E-4,1.9E-4,1.0E-4,1.8E-4,3.2E-4,6.4E-4,9.4E-4,6.4E-4,6.4E-4,5.4E-4,6.7E-4,5.4E-4,5.4E-4,6.5E-4,4.0E-4,3.2E-4,4.0E-4,7.0E-4,6.0E-4,5.0E-4,4.9E-4,5.7E-4,7.8E-4,8.8E-4,4.0E-4,6.4E-4,1.0E-4,1.6E-4,2.5E-4,3.2E-4,3.9E-4,5.2E-4,2.8E-4,5.6E-4,2.2E-4,1.3E-4,5.0E-4,6.0E-5]}