{"timestamp":1676160000000,"multiplier":1.0E-5,"open":1.20656,"high":1.20656,"low":1.20624,"close":1.20639,"shift":60000,"times":[1320,1,1,1,1,1,1,1,1,1,3,2,1,1,1,2,5,2,1,1,1,7,3,1,1,1,1,1,1,1,1,1,1,1,1,1,1,1,1,1,1,1,1,1,1,1,1,1,1,1,1,1,1,1,1,1,1,1,1,1,1,1,1,1,1,1,1,1,1,1,1,1,1,1,1,1,1,1,1,1,1,1,1,1,1,1,1,1,1,1,1,1,1,1,1,1,1,1,1,1,1,1,1],"opens":[0,-28,-3,0,-40,-1,44,-5,-5,0,-11,-13,-22,1,0,0,0,0,-1,1,-1,1,0,-1,1,-44,18,24,-33,2,4,22,1,-39,-14,27,-11,1,-29,-6,7,-10,10,3,9,-22,2,-1,-4,3,-2,-23,1,13,5,-2,-1,-6,6,6,5,-1,-1,-6,-3,-4,9,9,-6,30,-19,-13,16,-1,-17,-1,14,22,2,7,2,-6,-14,10,0,-24,-1,-9,28,-18,13,16,-13,4,-1,6,-5,2,-5,-3,7,-7,-3],"highs":[0,-25,3,0,-49,54,-11,3,-13,0,-11,-12,-22,0,0,0,0,0,-1,1,0,0,0,0,0,-24,19,3,-31,4,25,-3,1,-38,-13,25,0,3,-42,-1,4,-1,11,26,-10,-28,-7,0,2,-5,0,-22,18,-1,3,-2,-5,0,6,7,-1,4,-7,7,-13,4,8,1,22,1,-18,0,2,1,-14,10,20,2,7,7,-6,-6,-2,3,-5,-24,0,22,-4,-3,21,-3,-8,1,0,-1,-2,8,-9,0,-1,-6,-3],"lows":[0,1,-4,0,-37,0,39,-1,-4,-12,1,-34,-2,1,1,0,-1,0,0,1,-1,1,-1,0,-49,2,8,0,-2,9,-4,9,-22,-10,0,20,-7,5,-29,-6,7,-10,2,11,-26,5,3,-3,4,1,-29,-3,9,14,-5,5,-4,1,5,1,5,3,-15,4,-5,3,4,8,0,2,-8,0,17,-16,-1,1,15,20,0,11,-6,-13,1,7,-32,8,-8,1,-1,11,12,0,-2,5,1,4,-1,-2,-5,0,0,-8,0],"closes":[0,-12,-5,12,-50,44,-5,4,-9,-12,1,-34,0,-1,1,0,0,0,-1,1,0,0,0,-1,-44,20,20,-19,-17,12,22,-2,-35,-16,1,20,-3,12,-41,-1,4,-1,11,-2,-20,-5,5,-4,3,-2,-21,-1,15,3,1,-5,-2,-2,12,3,1,0,-10,0,-5,12,7,-6,30,-20,-14,17,0,-19,4,12,21,3,6,4,-10,-9,8,0,-24,-4,-6,25,-15,10,18,-14,3,1,5,-3,2,-6,-3,7,-5,-5,-5],"volumes":[9.9,14.4,12.6,7.42,0.9,11.25,2.7,17.1,1.8,2.7,0.9,115.65,4.05,2.25,1.35,0.45,1.35,1.8,0.45,0.9,1.35,0.45,4.86,4.5,22.68,29.34,3.63,9.72,0.81,0.18,1.17,1.01,7.11,1.29,5.79,2.67,9.93,0.45,1.8,13.5,16.98,8.49,47.7,466.26,330.12,276.36,65.82,102.15,71.1,60.3,66.6,266.31,220.41,39.15,170.1,95.4,29.25,37.68,21.15,59.85,30.15,22.5,32.4,71.1,45.45,16.2,43.65,45.9,58.05,94.5,38.19,39.82,17.1,110.19,91.69,52.9,42.3,18.0,72.08,8.53,74.9,104.87,59.24,77.78,162.05,9.0,91.34,80.74,314.17,85.92,112.63,96.4,205.45,198.65,131.68,31.5,22.5,97.21,77.3,89.9,86.48,205.75,90.6]}