{"timestamp":1677369600000,"multiplier":1.0E-5,"open":1.36094,"high":1.36101,"low":1.36089,"close":1.36089,"shift":60000,"times":[1320,1,1,2,1,1,4,1,1,1,1,1,1,1,1,1,1,1,1,1,7,1,5,1,4,4,2,3,1,1,3,1,2,2,1,1,1,1,1,1,1,1,1,1,1,1,1,1,1,1,1,1,1,1,1,1,1,1,1,1,1,1,1,1,1,1,1,1,1,1,1,1,1,1,1,1,1,1,1,1,1,1,1,1,1,1,1,1,1,1,1,1,1],"opens":[0,-3,-26,0,-7,1,-34,-12,21,-21,-20,10,19,-4,-1,18,-16,0,15,-16,15,19,-4,6,-7,1,-2,5,-1,0,6,-3,-5,-1,-46,-4,6,9,-1,9,-7,9,1,3,-1,-14,8,-7,-4,-8,7,2,11,-3,2,7,-8,-10,5,-5,1,-4,-1,3,1,8,0,-1,-5,-26,4,9,-10,9,8,2,0,0,5,-4,-2,-2,-11,1,-15,2,-1,0,-15,7,-7,-9,5],"highs":[0,-10,-26,0,-5,0,-35,-12,21,-21,3,5,5,-8,18,1,-18,0,15,-16,29,5,2,1,-8,3,-4,5,-1,0,6,-3,-5,7,-45,-7,10,1,13,-7,-6,8,5,8,-8,-7,3,-10,-5,1,5,7,-1,3,8,-1,-11,-4,0,3,-9,-1,1,5,1,3,-1,-1,-6,-19,6,2,-7,14,3,-1,-2,8,-3,-3,0,-5,0,-6,-8,-8,0,-2,-8,0,-5,-8,12],"lows":[0,-25,1,0,-9,-79,48,-12,13,-13,-20,10,19,-4,-1,17,-15,0,15,-16,15,10,4,3,-3,1,-2,5,-1,0,6,-3,-5,-51,-1,-1,6,8,2,3,-2,10,0,-5,-9,0,5,-6,-9,1,8,1,-1,9,2,0,-9,-1,0,0,-10,0,6,2,1,9,0,-8,-26,-4,9,-1,1,4,13,0,-7,9,0,-8,4,-11,0,-17,4,-1,-9,1,-7,0,-7,-9,13],"closes":[0,-25,1,0,-5,-46,11,-12,13,-13,3,5,5,-8,17,-1,-15,0,15,-16,29,-4,11,-4,-3,3,-4,5,-1,0,6,-3,-5,-48,-3,6,8,1,9,-7,0,8,4,0,-17,11,-5,-8,-2,3,0,13,-4,2,9,-9,-10,-1,1,-1,-10,0,9,0,7,2,1,-3,-29,4,6,-8,5,8,5,2,-2,5,-4,-1,-3,-9,-1,-13,2,-1,0,-11,2,-4,-12,1,6],"volumes":[11.7,15.3,0.9,0.9,10.95,10.95,1.2,0.9,2.1,0.9,3.0,3.0,2.4,0.9,6.9,4.2,0.9,1.6,1.2,1.6,6.0,47.15,6.55,4.95,1.6,2.55,1.6,2.4,2.95,4.8,1.2,1.6,2.95,124.71,38.01,40.98,33.97,16.5,36.81,8.8,10.8,2.4,14.85,60.4,61.77,85.17,57.02,67.57,143.87,56.13,53.73,36.04,92.63,94.59,126.16,63.84,51.25,67.73,67.49,116.25,81.93,43.31,59.1,58.65,53.32,79.5,2.55,48.86,103.19,122.71,33.21,161.71,51.35,48.8,129.03,40.82,41.37,29.09,23.4,50.71,36.0,57.6,62.84,65.65,55.12,32.93,64.96,22.19,20.75,18.0,25.35,35.1,52.0]}