{"timestamp":1762646400000,"multiplier":1.0E-5,"open":0.91094,"high":0.91096,"low":0.91094,"close":0.91096,"shift":60000,"times":[1324,1,1,1,1,1,1,1,1,1,1,1,1,1,1,1,1,1,1,1,1,1,1,1,1,1,1,1,1,1,1,1,1,1,1,1,1,1,1,1,1,1,1,1,1,1,1,1,1,1,1,1,1,1,1,1,1,1,1,1,1,1,1,1,1,1,1,1,1,1,1,1,1,1,1,1,1,1,1,1,1,1,1,1,1,1,1,1,1,1,1,1,1,1,1,1,1,1,1,1,1,1,1,1,1,1,1,1,1,1,1,1,1,1,1,1],"opens":[0,13,130,-5,-1,3,1,-7,2,1,-25,-1,28,-17,-4,-15,-3,-8,3,3,0,2,0,4,-3,-1,4,-23,14,-4,6,-2,-8,3,4,0,-3,6,-9,0,3,-1,-1,2,-4,1,-2,-1,-1,4,2,0,-3,4,-10,-20,-14,16,36,0,5,22,28,-18,41,-22,4,-23,19,-7,-5,7,4,-21,-4,-6,2,-11,11,7,-8,2,-8,-5,-5,-18,25,-9,6,12,3,3,4,5,0,8,-3,-7,16,-3,-1,-4,11,2,17,-1,-4,0,4,-2,7,10,1,9,-3,13],"highs":[0,141,1,-5,2,4,-1,-6,-1,0,-25,30,-3,-16,-5,-14,-3,-5,3,0,0,2,3,0,-2,1,1,-17,8,1,4,-4,-8,7,0,0,3,0,-10,5,-2,-1,-1,2,-3,0,0,-3,4,3,-2,0,1,4,-14,-10,33,8,-2,-3,16,37,-5,32,-10,-13,-3,-4,0,0,-7,10,-4,-23,-3,2,-6,-7,24,-11,-4,-2,-8,6,-9,10,-10,2,9,2,3,13,-3,0,12,-1,-8,10,-1,-1,-3,22,-9,12,3,-3,0,4,0,3,10,7,7,-4,8,6],"lows":[0,13,125,-1,0,3,-6,-1,3,-1,-23,-1,10,-3,-15,-3,0,-12,7,3,-5,7,0,2,-1,-1,-23,-6,13,7,3,-7,0,2,0,3,-1,-5,0,2,0,1,-2,-1,1,-3,-2,-1,1,6,-2,3,-3,-14,-39,-8,-1,39,29,1,6,16,16,4,4,3,-7,1,9,-6,0,7,-15,-5,-4,1,-11,2,11,-2,-2,-4,-7,-3,-18,0,10,3,10,2,3,12,4,4,0,4,-9,5,10,0,-11,3,14,5,13,0,-5,4,2,-1,8,9,2,4,1,12],"closes":[0,141,-4,-2,4,1,-8,3,-1,0,-24,27,-17,-4,-15,-2,0,-6,4,0,-6,7,4,-2,-1,2,-22,-7,14,8,-2,-6,0,3,3,0,1,-8,0,5,-3,1,-3,-1,2,-1,-3,-1,6,0,1,-1,1,-10,-19,-17,20,38,-3,4,20,34,-22,39,-24,8,-23,20,-7,-4,5,6,-22,-4,-6,2,-13,5,14,-7,1,-7,-7,-3,-18,23,-8,6,13,4,2,3,7,-3,11,-3,-9,17,-4,-1,-2,11,1,16,1,-4,-4,6,0,6,9,3,7,-2,13,6],"volumes":[2.48,11.22,25.2,8.4,6.0,12.0,35.7,14.4,4.8,4.8,0.9,32.1,33.6,16.8,19.2,26.4,19.2,13.2,6.0,24.0,7.8,13.2,10.8,12.0,8.4,12.0,90.0,51.39,17.07,13.32,16.96,24.82,4.2,19.74,10.56,18.36,32.76,40.68,11.88,21.12,11.88,3.96,3.72,6.24,6.0,17.4,40.2,12.6,21.6,42.0,49.2,38.4,18.0,62.7,118.65,228.45,245.7,283.21,172.87,113.92,145.28,219.02,186.93,199.86,154.76,116.26,221.77,122.44,61.97,115.16,70.15,60.08,88.48,62.73,88.0,93.76,50.24,26.26,87.1,50.97,53.5,44.77,21.57,99.15,67.41,124.78,126.21,95.99,162.09,182.19,57.24,76.89,60.68,78.35,158.16,197.59,61.12,112.85,64.92,63.73,162.16,191.63,130.39,64.84,64.96,12.32,56.81,76.56,47.53,79.66,85.28,102.37,74.48,116.82,57.66,31.44]}