{"timestamp":1763251200000,"multiplier":0.001,"open":8610.625,"high":8632.999,"low":8610.561,"close":8619.657,"shift":60000,"times":[1370,1,1,1,1,1,1,1,2,1,1,1,1,1,1,1,1,1,1,1,1,1,1,1,1,1,1,1,1,1,1,1,1,1,1,1,1,1,1,1,1,1,1,1,1,1,1,1,1,1,1,1,1,1,1,1,1,1,1,1,1,1,1,1,1,1,1,1,1],"opens":[0,8374,-1342,342,-1438,-2904,-1096,-2872,-2064,3374,-12000,-2310,0,936,-4064,6438,4626,-1626,3594,-2936,1342,-2438,-936,3064,-64,-3032,6406,1626,936,5096,-1032,2000,-1000,2374,-3438,5064,-2968,0,1000,-2658,1626,-2064,1000,32,3000,0,1064,-2032,-1064,1064,-2032,-3000,2032,2968,-2936,32,1936,2000,2032,-96,1064,936,128,3968,-64,-2968,-2968,32,872],"highs":[0,-14000,4000,-4438,-2000,32,-3968,-2936,968,936,-11594,-1406,0,64,342,5000,2000,1000,-310,-1690,2000,-2374,0,374,-374,2374,3000,0,6000,-342,1904,0,438,0,1562,1032,-3032,438,-342,32,-690,2000,-2438,2438,1000,2000,-1310,-2000,-1000,-64,-1626,-374,2936,-562,-2000,3000,2000,-1000,2562,-1000,2064,-968,2968,1968,0,-3968,-2968,1904,438],"lows":[0,3096,2936,-1936,-968,-64,-3000,-2000,-2000,-9626,-2310,-1064,1968,-2968,936,5000,3000,1438,-406,406,-438,0,-1904,2904,-2936,968,5032,936,3000,2064,2000,936,64,0,-1064,3064,-2064,1000,-2000,0,-2000,2000,128,904,2968,32,-32,-1936,-1064,1064,-3968,-64,1406,690,-128,128,1936,2000,968,-1032,2032,-32,1000,4000,-872,-3690,-1310,-96,1968],"closes":[0,-1096,1128,-2032,-3096,-936,-3000,-2000,1032,-10032,-3968,32,936,-4000,6374,5000,-2438,4438,-3406,1000,-32,-904,1000,-32,-2968,6342,1658,936,5032,1000,0,936,96,-968,3000,-690,-2406,1000,-968,2064,-4064,3000,-64,1064,2032,968,-2064,-562,-1438,64,-3032,2032,2936,-2562,0,1690,1936,374,1626,-1032,3032,-1936,3904,2000,-2904,-2690,-2310,2872,-968],"volumes":[0.024,0.01104,0.00912,0.00624,0.00336,0.00288,0.00288,9.6E-4,0.00528,0.02688,0.01104,0.00576,0.00672,0.0096,0.02544,0.012,0.01248,0.00528,0.01008,0.0072,0.01152,0.00528,0.00912,0.00672,0.00624,0.00528,0.01248,0.012,0.00912,0.00624,0.0048,0.00528,0.0096,0.00816,0.00576,0.00336,0.00864,0.00624,0.01104,0.01248,0.01104,0.00672,0.00192,0.00912,0.00672,0.00912,0.00384,0.00528,0.00432,9.6E-4,0.00336,0.00384,0.00912,0.00624,0.0048,0.00624,0.00576,0.00384,0.00288,0.00528,0.00336,0.00288,0.00672,0.00384,0.00432,0.0024,9.6E-4,0.0024,0.00528]}