{"timestamp":1763251200000,"multiplier":0.001,"open":23802.199,"high":23805.677,"low":23799.655,"close":23799.655,"shift":60000,"times":[1382,1,1,1,1,1,1,1,1,1,1,1,1,1,1,1,1,1,1,1,1,1,1,1,1,1,1,1,1,1,1,1,1,1,1,1,1,1,1,1,1,1,1,1,1,1,1,1,1,1,1,1,1,1,1,1,1,1],"opens":[0,-1900,-322,-6311,2100,11733,1289,7167,-3278,5378,2744,889,3711,-1333,22,8367,2111,1033,2278,2678,1944,1200,-4600,2956,2422,722,-1911,267,-2656,3567,-2078,7611,-2100,-2511,7511,6200,-411,-5200,3111,-44,-567,-2233,-856,889,-633,11,2811,-1311,-2400,11,2411,-2689,4300,4778,-1511,-1789,-3711,0],"highs":[0,122,-1300,-3922,7289,5433,4800,-611,878,5111,1789,-467,600,0,6778,3300,2222,-300,4367,2100,1333,-1500,-100,1200,1600,-1200,1100,-2433,1933,-1033,6433,-600,-1933,4511,5922,1978,-2389,-2133,900,444,-600,-2800,178,22,378,3311,-2400,-33,-1256,678,-311,1833,5367,300,-3000,-900,-4011,2222],"lows":[0,-856,-5400,-2744,4244,11656,2233,3911,-4822,9900,900,2378,3300,-3289,3022,7167,622,2422,3578,278,3911,-3767,800,2356,611,-611,744,-3711,2411,-622,1200,5522,-1933,0,6600,5511,-3689,-2089,3400,-144,-1156,-1100,456,-1489,889,633,1178,-3011,-2367,2967,0,0,2411,5211,-3778,-844,-2400,922],"closes":[0,-256,-5422,1511,12378,1333,7078,-2978,4456,3444,1067,2389,300,-567,7478,2133,278,3122,3500,1778,1211,-5111,4022,1056,744,-1922,1178,-2356,3589,-3311,8722,-3011,-2422,8111,5489,322,-5211,2178,922,-1511,-1867,-300,278,-578,556,2944,-900,-2900,-22,2478,-3389,4933,4767,-1478,-2400,-2833,-1156,-22],"volumes":[6.6E-4,0.001305,0.00144,0.00186,0.001485,0.00171,0.001095,0.001245,0.00159,0.001035,0.00117,8.4E-4,3.45E-4,9.0E-4,0.00114,0.001335,0.00102,6.45E-4,0.001065,7.95E-4,7.2E-4,9.75E-4,7.5E-4,4.95E-4,8.25E-4,7.35E-4,5.4E-4,0.00102,0.001095,6.6E-4,0.001185,9.0E-4,0.00123,0.00102,0.00162,0.001065,9.0E-4,9.3E-4,5.85E-4,6.9E-4,4.95E-4,6.9E-4,4.05E-4,0.001155,8.7E-4,7.95E-4,6.6E-4,6.15E-4,9.9E-4,6.75E-4,6.45E-4,7.05E-4,8.25E-4,0.00102,5.55E-4,5.55E-4,6.45E-4,7.5E-4]}