{"timestamp":1763251200000,"multiplier":1.0E-5,"open":1.31418,"high":1.31563,"low":1.31418,"close":1.31563,"shift":60000,"times":[1324,1,1,1,1,1,1,1,1,1,1,1,1,1,1,1,1,1,1,1,1,1,1,1,1,1,1,1,1,1,1,1,1,1,1,1,1,1,1,1,1,1,1,1,1,1,1,1,1,1,1,1,1,1,1,1,1,1,1,1,1,1,1,1,1,1,1,1,1,1,1,1,1,1,1,1,1,1,1,1,1,1,1,1,1,1,1,1,1,1,1,1,1,1,1,1,1,2,1,1,1,1,1,1,1,1,1,1,1,1,1,1,1,1,1],"opens":[0,147,2,0,0,0,46,-46,-41,14,19,55,0,0,-1,0,1,0,-30,6,-14,-39,47,-1,11,6,1,4,-26,7,13,1,6,-2,-3,4,-3,-5,-1,2,1,-3,1,-1,60,16,1,1,0,-1,1,-25,1,-1,0,10,-22,27,16,38,-49,5,-2,22,-4,8,-20,-4,3,14,-1,-10,4,-21,4,5,-5,-5,-3,0,-8,2,0,-1,-6,-1,1,-11,-9,2,11,1,0,-4,-10,1,6,3,-18,2,-8,-6,-19,0,8,1,-3,-12,-6,3,-19,16,10,-10,2],"highs":[0,4,0,0,0,47,0,-47,-27,73,1,0,0,0,0,0,0,0,-24,8,35,-49,0,11,5,1,13,-1,-26,13,0,9,-1,-4,-1,5,-6,-4,5,-4,0,-3,1,59,17,0,1,1,0,18,-19,-16,-1,-7,8,1,26,6,18,9,-35,-9,16,5,5,-2,-19,0,11,5,-5,-2,-2,-15,4,1,-9,2,-9,0,-1,-2,-2,-3,-4,-3,1,-11,-9,13,1,7,-7,-4,-8,3,6,1,-20,3,-1,-14,-18,9,3,2,-2,-19,1,-4,-1,9,-1,2,1],"lows":[0,145,4,0,0,0,0,-41,0,14,19,-14,68,0,-83,83,0,-30,1,5,-64,12,46,0,11,-3,1,-16,2,7,14,1,0,-1,1,2,-5,-2,-1,4,-2,0,1,-1,34,42,1,-2,1,-8,-15,0,0,0,0,-18,6,17,25,-17,7,-4,5,24,-6,-16,4,-2,3,10,-11,2,-23,8,4,1,-11,3,-1,-18,6,6,0,-5,-8,5,-10,-9,0,2,11,1,-4,-8,-2,-1,8,-16,1,-11,0,-20,-1,0,7,2,-8,-12,0,-15,-1,16,0,0,1],"closes":[0,4,0,0,0,47,-47,-41,14,73,0,1,0,0,0,-1,0,-30,7,0,-54,48,0,11,5,0,12,-35,10,13,0,9,-8,-2,3,6,-10,-3,5,-1,-3,0,1,59,16,1,1,-1,0,20,-41,-2,0,-1,8,-25,32,26,19,-45,6,0,17,8,3,-22,2,1,9,0,-12,11,-28,9,7,-7,-10,2,0,-10,5,2,-2,-5,-5,0,-9,-10,0,10,3,6,-9,-7,-1,3,6,-20,1,-11,0,-19,-1,10,-1,2,-11,-12,4,-18,14,11,-8,0,5],"volumes":[1.4,5.34,2.59,4.07,4.81,6.09,4.35,7.29,5.67,3.37,1.87,2.54,1.82,0.39,3.64,0.78,0.65,2.96,2.7,6.3,37.49,21.6,2.7,6.3,2.7,14.4,21.6,16.65,2.7,7.2,4.5,4.8,22.85,25.2,14.4,21.5,12.6,13.5,18.0,5.4,3.6,0.9,1.8,28.35,45.8,15.25,73.95,29.8,73.8,33.52,49.94,25.55,21.55,18.9,21.15,47.7,167.29,71.45,15.75,13.05,14.4,9.0,11.7,2.7,10.35,8.77,4.5,3.13,9.0,11.23,9.43,13.93,26.22,4.5,7.2,12.56,10.76,19.25,2.7,20.24,24.69,5.45,1.42,4.46,9.18,0.9,6.97,8.75,0.9,7.63,3.13,4.95,3.13,10.55,3.6,6.65,5.36,8.58,0.9,14.5,18.32,24.54,8.86,21.32,38.57,21.9,29.58,15.05,13.88,23.39,28.71,20.7,21.6,15.3,23.92]}