{"timestamp":1763251200000,"multiplier":1.0E-5,"open":1.40125,"high":1.40125,"low":1.40124,"close":1.40124,"shift":60000,"times":[1324,1,1,1,1,1,1,1,1,1,1,1,1,1,1,1,1,1,1,1,1,1,1,1,1,1,1,1,1,1,1,1,1,1,1,1,1,2,1,1,1,1,1,1,1,1,1,1,1,1,1,1,1,1,1,1,1,1,1,1,1,1,1,1,1,1,1,1,1,1,1,1,1,1,1,1,1,1,1,1,1,1,1,1,1,1,1,1,1,1,1,1,1,1,1,1,1,1,1,1,1,1,1,1,1,1,1,1,1,1,1,1,1,1,1],"opens":[0,-22,38,0,0,1,-1,0,1,-2,1,12,-9,-2,24,-2,37,11,21,-90,0,92,-28,4,12,27,-3,1,-1,1,0,1,2,9,-11,-15,-15,0,-3,4,3,2,3,-1,5,-7,-4,-4,3,-1,-2,6,-11,-2,-1,6,5,8,-2,10,4,-12,-14,-1,-10,12,0,-10,1,10,5,-4,5,0,-11,11,1,-3,-9,-1,2,0,3,6,3,0,-2,7,-8,-5,14,-2,-2,-11,-4,-6,-5,1,20,-1,4,4,6,-3,2,7,0,10,-1,0,11,-8,-33,-16,-7],"highs":[0,14,2,1,0,0,1,-2,3,-2,1,24,-22,21,0,55,-20,27,5,-3,5,0,-25,13,27,0,-2,0,1,-1,0,4,8,1,1,-28,-15,1,1,0,5,1,4,1,2,-7,-6,0,-1,1,4,2,-14,0,3,9,17,1,-4,2,-1,-10,-14,-3,2,3,-3,-7,13,2,0,1,-1,1,-1,1,0,-3,-8,-1,2,0,7,6,1,-3,5,-1,-7,11,-3,-1,-3,-10,0,-11,0,16,2,2,3,6,0,0,6,1,9,1,2,7,1,-5,-33,-20,-6],"lows":[0,-21,38,0,0,-1,-3,4,-2,1,1,0,0,1,-2,24,37,11,21,-90,0,92,-28,-1,-4,45,-25,24,1,0,1,-1,-8,-5,1,-21,2,-4,1,3,2,2,2,-1,4,-12,2,2,0,0,-1,-6,-1,-7,-4,-6,28,7,-1,10,-8,-14,0,-12,0,10,-8,0,2,10,0,-4,9,-11,0,10,0,-9,-3,2,-7,8,3,7,3,-3,0,-3,-3,1,9,1,-12,-4,-2,-9,0,2,20,-2,2,6,4,0,2,2,4,10,0,0,2,-33,-24,-13,-5],"closes":[0,15,2,0,0,0,0,0,-1,2,1,4,-6,22,-7,54,-9,27,5,-3,5,0,-25,13,27,-2,-1,-1,3,-2,1,4,7,-25,1,-17,1,0,2,0,0,5,1,5,-5,-9,-3,4,-1,-1,8,-15,1,-1,4,6,6,5,7,1,-9,-15,-1,-12,12,0,-10,2,10,6,-6,7,0,-12,11,2,-3,-9,0,-1,1,1,7,4,1,-3,8,-10,-5,15,-3,-1,-12,-3,-3,-9,2,20,0,4,3,6,-3,2,6,1,10,1,0,9,-9,-27,-21,-7,-15],"volumes":[3.3,9.9,3.6,17.1,5.85,6.0,16.2,2.25,10.65,3.0,9.6,19.8,4.8,6.0,37.65,10.35,1.05,3.9,0.9,3.9,6.9,0.9,4.65,8.4,16.34,3.42,6.69,1.08,5.85,3.9,1.56,9.81,11.7,6.81,22.56,31.8,13.8,53.7,23.4,8.4,32.4,27.6,37.2,37.95,28.35,29.1,13.95,7.2,7.2,16.8,24.0,41.1,78.9,60.75,53.55,157.65,82.2,90.6,30.6,48.0,54.15,53.7,25.47,42.69,37.47,53.49,47.13,16.65,30.9,39.0,51.15,95.1,47.1,60.0,33.9,52.95,34.8,40.35,52.35,25.65,29.16,26.76,20.13,65.73,63.3,39.93,21.15,43.71,60.87,39.3,48.24,12.0,16.98,34.8,55.98,35.07,24.42,65.58,22.74,29.1,50.46,39.81,13.77,27.06,24.72,37.59,26.07,18.99,32.49,48.66,41.07,122.73,361.59,249.3,186.45]}