{"timestamp":1606003200000,"multiplier":1.0E-5,"open":0.95538,"high":0.95544,"low":0.95538,"close":0.95538,"shift":60000,"times":[1321,1,1,1,1,1,1,1,1,1,1,1,1,1,1,1,1,1,1,1,1,1,1,1,1,1,1,1,1,1,1,1,1,1,1,1,1,1,1,1,1,1,1,1,1,1,1,1,1,1,1,1,1,1,1,1,1,1,1,1,1,1,1,1,1,1,1,1,1,1,1,1,1,1,1,1,1,1,1,1,1,1,1,1,1,1,1,1,1,1,1,1,1,1,1,1,1,1,1,1,1,1,1,1,1,1,1,1,1,1,1,1,1,1,1,1,1,1,1],"opens":[0,0,4,1,3,5,0,0,-18,0,-1,0,0,0,0,0,0,3,-1,8,0,4,3,-15,18,-2,0,-6,-32,32,23,-29,1,27,-27,31,50,1,0,-4,-9,-2,5,0,-2,1,-27,-3,30,0,-1,4,-7,20,2,5,-15,-38,-15,23,0,14,3,27,2,-11,-2,6,2,-15,11,18,-6,-12,1,7,-5,-6,8,3,3,-12,12,-13,1,3,0,-6,6,4,-3,0,-4,14,-6,1,12,-18,5,-1,5,-3,6,-7,-5,-5,30,4,-1,-1,0,11,-5,18,-8,-1,5,14,4],"highs":[0,-6,4,6,3,0,0,0,-18,0,-1,0,0,9,-9,0,5,9,0,-1,1,1,2,3,0,-1,0,-7,-30,53,3,-32,35,-7,14,41,2,4,-6,-4,-8,2,0,0,1,-1,-28,32,-2,0,5,-1,5,7,6,-2,-15,-32,17,6,-9,9,20,10,1,-5,-5,0,2,0,14,-2,2,-20,6,10,-14,5,11,-5,-1,-1,-1,-10,3,1,6,-8,3,0,0,-2,12,-2,-4,10,2,-11,-2,6,-4,3,0,-7,-2,22,7,-3,1,-2,11,-1,14,3,-9,4,12,4,2],"lows":[0,0,3,2,3,5,0,-25,7,-7,6,0,0,0,0,0,0,2,0,8,-1,-2,8,-13,0,16,-23,-14,-1,2,52,-28,1,0,0,30,48,3,-9,-3,-5,3,0,-4,7,-29,-5,3,22,5,-4,-6,11,15,6,-23,-24,-22,7,16,-3,11,16,23,-5,-14,5,7,-5,-2,10,9,-9,-16,5,12,-18,15,3,7,-9,1,-2,0,1,1,-3,0,4,-2,-2,-4,7,7,-1,2,-5,0,3,-1,-3,7,-3,-3,-7,2,29,-4,5,-8,7,4,5,3,1,3,6,12,-13],"closes":[0,0,3,2,8,0,0,-18,0,-1,0,0,0,0,0,0,3,-1,11,0,1,1,0,5,-2,1,-24,-14,1,53,2,-31,35,-34,28,53,3,-2,-2,-11,0,2,1,-3,3,-28,-3,29,1,-1,2,-6,17,6,7,-18,-36,-17,25,-1,12,5,24,7,-11,-6,6,2,-9,8,18,-2,-18,1,7,-5,-6,9,3,3,-12,11,-13,0,5,1,-7,6,4,-4,4,-7,15,-6,-1,13,-17,5,-3,10,-7,6,-6,-4,-8,31,3,0,0,-2,13,-10,23,-10,-1,5,15,5,-16],"volumes":[1.08,0.49,0.98,1.47,1.43,0.6,0.8,2.72,0.6,3.6,1.8,4.05,1.45,6.57,1.05,1.4,5.22,8.35,5.1,4.55,15.35,8.92,6.12,3.6,8.27,2.5,8.25,5.1,5.0,21.89,6.62,2.0,7.12,3.55,14.42,64.63,45.42,31.94,46.58,40.49,28.61,23.78,22.16,21.9,20.04,41.68,61.85,100.75,51.55,56.97,101.94,57.1,38.75,10.55,10.0,46.33,57.97,46.53,94.91,92.71,84.75,67.99,129.5,158.21,136.88,88.96,75.37,39.37,91.67,45.72,49.6,39.63,53.37,57.01,69.46,62.11,40.11,74.15,112.01,82.3,48.65,59.75,32.84,38.71,49.6,32.19,67.34,35.47,48.97,50.61,43.28,49.4,63.08,54.16,70.26,84.47,75.04,48.72,26.1,43.68,89.48,27.82,84.98,43.95,67.94,84.09,130.2,56.36,75.29,120.25,73.56,69.71,115.45,100.55,96.5,105.08,103.94,91.56,114.93]}