{"timestamp":1604793600000,"multiplier":0.001,"open":12532.079,"high":12534.899,"low":12529.869,"close":12532.949,"shift":60000,"times":[1383,1,1,1,1,1,1,1,1,1,1,1,1,1,1,1,1,1,1,1,1,1,1,1,1,1,1,1,1,1,1,1,1,1,1,1,1,1,1,1,1,1,1,1,1,1,1,1,1,1,1,1,1,1,1,1,1],"opens":[0,1370,4550,-2340,-1310,-1400,3550,8400,1780,1800,3720,900,15870,-2690,2220,6690,12110,6580,-15190,-500,-30,7610,-2210,-2270,-390,-3620,2420,-1020,190,-4520,-3570,-2690,6180,2700,14720,-4540,1840,3610,5900,1170,5900,7830,-9130,-9820,-870,-780,-1320,-3630,4040,-4290,-100,400,6070,-1700,-1780,-2190,-520],"highs":[0,7460,-4360,-1300,-1440,1600,7620,3220,-100,4480,120,18080,-380,-1810,11080,12930,7070,-2470,-15300,-500,5290,0,-2630,-1770,110,-1010,-1190,5170,-5590,-4930,-3550,5000,1700,11600,3480,-3480,5280,6210,-10,8720,9870,-4770,-10110,-6210,-1790,-3490,-910,1510,-630,-4270,-100,6200,-630,20,-2590,-1810,-10],"lows":[0,2190,0,910,-10,-1260,4270,7180,10,4420,1790,3730,10080,1270,3600,7100,12010,-8980,-1810,-10,490,4900,-3090,400,-1290,-520,-1300,440,-2830,-3290,-5310,2690,6200,3120,7580,900,2600,2730,3580,2290,8740,-2010,-9780,-6730,3990,-1610,-2670,870,-2190,-510,900,0,3900,910,-2700,-910,-2700],"closes":[0,4000,-370,-1680,-1300,2350,8530,3080,-10,3620,930,17270,-2190,910,7580,12030,4380,-13900,-390,860,7100,-3090,-1770,900,-3600,1770,-1780,700,-3990,-4090,-2740,5800,2710,12530,-1950,1440,3490,7610,890,5910,6490,-9600,-9780,-950,610,-1410,-4370,5920,-6450,1410,-910,5710,140,-1800,-3730,920,890],"volumes":[0.04687,0.08277,0.03167,0.02316,0.02599,0.01645,0.05317,0.056,0.04498,0.03456,0.03522,0.07394,0.06603,0.02761,0.08291,0.09891,0.08512,0.07549,0.07132,0.04018,0.04878,0.04033,0.03836,0.03311,0.02113,0.01875,0.03417,0.06751,0.02892,0.03052,0.03559,0.03446,0.00638,0.02794,0.06519,0.03575,0.05844,0.05372,0.03567,0.05093,0.11186,0.07162,0.06174,0.07115,0.04309,0.04348,0.04695,0.03684,0.02722,0.03932,0.02088,0.03323,0.036,0.01598,0.02041,0.02476,0.02888]}