{"timestamp":1605398400000,"multiplier":0.001,"open":29523.207,"high":29570.499,"low":29518.269,"close":29553.239,"shift":60000,"times":[1380,1,1,1,1,1,1,1,1,1,1,1,1,1,1,1,1,1,1,1,1,1,1,1,1,1,1,1,1,1,1,1,1,1,1,1,1,1,1,1,1,1,1,1,1,1,1,1,1,1,1,1,1,1,1,1,1,1,1,1],"opens":[0,30030,-2988,7968,14552,9940,33060,-5972,-4588,4568,-2528,11470,-8500,-6002,7040,22540,18442,8490,38,-1538,11470,7020,-2992,36990,-21920,-58,-18962,9000,-10560,-4460,8992,-490,-7762,-3738,-7060,5078,-6550,-478,-7450,5400,1060,8040,11000,7488,-13568,2550,1498,-7028,-2952,7212,4240,14258,3202,68,4452,2548,5452,-6722,-2780,-5480],"highs":[0,4270,-15270,15500,16000,25790,3970,-9470,4478,-968,8000,-4030,-4970,-1050,24048,21482,9490,-2492,-2278,5280,10500,-1010,36520,-2572,-19428,930,-12442,-1000,-10560,2552,23008,-18778,-5262,-5948,-4490,-522,-5280,-1498,-2000,-200,9198,12772,5520,1210,-10502,-228,-2,-3500,3510,2992,16498,3990,-2510,1752,5238,6062,-2500,-5502,-3068,-6460],"lows":[0,27990,440,8538,15492,11980,22090,-3600,-910,5970,990,-2250,-1760,460,5570,23500,19470,4000,-460,1920,8000,5040,1480,14030,-1980,-17470,3700,-5760,-6980,6460,8550,-10070,-3970,-9510,-1520,2050,510,-9520,3980,10,5060,9410,11600,-9100,-2910,-590,-4910,3490,430,8520,3570,13940,-940,430,5490,5040,-6030,490,-3520,-9990],"closes":[0,-3520,8480,14090,9440,32000,-3970,-5510,5490,-1472,10002,-8010,-5760,6770,22470,17060,9500,440,-1950,8000,9960,-1980,37000,-22040,-510,-18510,9010,-10500,-4480,5020,3010,-7550,-3220,-8240,6020,-6580,-2000,-6480,4580,450,8020,12940,7580,-14080,1070,3470,-7450,-2540,6540,4440,14520,3000,740,2220,4040,5030,-6040,-2550,-5450,-3052],"volumes":[0.03276,0.02512,0.0168,0.01592,0.02472,0.0224,0.01296,0.00864,0.0192,0.01596,0.01824,0.01992,0.01956,0.01584,0.03336,0.03124,0.02136,0.01584,0.01176,0.01296,0.01656,0.01656,0.01476,0.02064,0.01212,0.01512,0.01008,0.01296,0.01044,0.012,0.02184,0.01416,0.00936,0.02784,0.01672,0.00648,0.00552,0.01416,0.00984,0.00744,0.01392,0.01428,0.01164,0.01104,0.01128,0.01464,0.0156,0.00828,0.01224,0.01296,0.0192,0.01416,0.02136,0.01404,0.01644,0.01752,0.0168,0.018,0.01704,0.02172]}