{"timestamp":1606608000000,"multiplier":1.0E-5,"open":0.90391,"high":0.90391,"low":0.90391,"close":0.90391,"shift":60000,"times":[1320,1,1,2,1,1,1,1,2,1,1,1,1,1,1,2,1,1,1,1,2,1,1,1,1,1,1,1,1,1,1,1,1,1,1,1,1,1,1,1,1,1,1,1,1,1,1,1,1,1,1,1,1,1,1,1,1,1,1,1,1,1,1,1,1,1,1,1,1,1,1,1,1,1,1,1,1,1,1,1,1,1,1,1,1,1,1,1,1,1,1,1,1,1,1,1,1,1,1,1,1,1,1,1,1,1,1,1,1,1,1,1,1,1,1,1],"opens":[0,-4,0,30,1,-9,8,-42,15,-11,5,31,-23,2,21,-25,5,-2,22,-26,32,-3,4,-1,-27,-2,30,-26,-4,-3,19,-1,-1,1,-16,-3,21,-22,22,-16,0,22,14,-12,12,0,-9,9,-15,-24,-4,-3,25,0,-21,2,32,18,8,1,6,7,-14,4,1,-1,-7,9,2,3,-4,-1,-2,-7,2,0,2,-3,-7,0,-6,0,6,-4,0,2,0,3,-2,0,-3,3,-2,-12,1,-4,-11,7,1,-4,-12,0,5,10,0,0,8,2,-2,9,-1,-2,-7,-9,6,3],"highs":[0,13,5,8,7,-15,8,-1,-26,1,25,-1,-19,18,1,-21,1,-2,22,-23,30,-1,2,-2,-23,-2,27,-26,-4,19,-4,2,-2,0,-16,0,17,0,0,-16,22,17,-1,-1,-1,0,2,-2,-14,0,-27,5,15,0,-20,31,23,5,1,10,3,0,-2,-8,1,-1,1,5,1,3,-6,-2,-2,-5,0,1,7,-9,-2,-4,-7,13,-6,-5,3,0,10,-8,1,-3,-3,6,-3,-12,-1,-4,-5,6,-4,-4,-9,1,10,4,-1,7,-1,2,7,2,-3,-2,-7,-4,6,-2],"lows":[0,-4,0,30,-8,0,8,-42,15,-12,6,31,-23,-1,24,-25,2,1,22,-26,32,-3,3,0,-30,0,-3,4,0,-6,1,6,13,1,-19,-1,22,-23,6,1,0,20,15,-11,-11,14,0,-28,21,-23,-7,-9,32,1,-20,2,16,33,9,1,5,-9,3,4,1,-8,0,9,0,1,0,-2,-14,6,2,0,2,-12,2,-5,-3,2,2,-4,2,4,0,1,0,-4,0,2,-11,-2,-5,-7,-1,7,-3,-13,0,1,5,10,0,0,8,0,0,3,2,-7,-8,0,6,-6],"closes":[0,13,5,8,2,-10,8,-1,-26,-6,32,-1,-19,5,14,-21,0,-1,22,-23,30,-1,1,-1,-28,-1,4,-4,1,16,-2,3,-2,-1,-19,-1,22,0,-17,1,22,15,1,-2,-18,9,9,-15,0,-6,-25,0,24,0,-19,31,19,9,1,7,6,-17,7,0,1,-8,8,2,-1,1,0,-2,-10,4,0,1,1,-10,3,-8,-3,8,-4,0,3,-1,4,-3,3,-7,0,6,-14,-1,-6,-7,4,2,-4,-12,1,3,10,1,0,8,0,0,7,1,-2,-8,-8,5,3,-8],"volumes":[0.74,1.12,1.87,0.74,6.15,0.42,0.37,1.69,1.0,7.0,7.67,0.37,2.0,19.74,0.87,2.0,4.0,1.0,0.37,2.0,1.75,4.0,5.0,0.75,26.0,26.74,52.95,5.37,4.0,22.94,27.1,9.95,20.0,5.0,19.25,18.11,4.0,76.75,5.75,2.75,5.0,21.42,6.25,3.55,5.37,5.75,5.5,25.52,45.0,8.75,3.9,20.67,9.0,6.0,2.51,16.47,146.19,17.94,2.25,15.68,21.75,47.24,43.92,5.74,1.37,10.03,15.16,10.19,5.75,21.12,6.82,14.45,28.42,15.25,1.0,6.94,19.25,29.16,17.44,19.07,11.37,24.87,16.43,7.25,14.37,9.31,37.55,8.02,15.71,18.87,3.25,20.5,23.49,7.12,13.98,13.06,11.5,18.5,6.75,46.07,12.94,12.25,12.06,8.5,10.25,11.25,1.0,5.25,15.5,27.62,19.0,18.99,19.25,12.0,21.94,20.25]}