{"timestamp":1165104000000,"multiplier":1.0E-5,"open":1.33308,"high":1.33328,"low":1.33285,"close":1.33307,"shift":60000,"times":[1320,1,1,1,1,1,1,1,1,1,1,1,1,1,1,1,1,1,1,1,1,1,1,1,1,1,1,1,1,1,1,1,1,1,1,1,1,1,1,1,1,1,1,1,1,1,1,1,1,1,1,1,1,1,1,1,1,1,1,1,1,1,1,1,1,1,1,1,1,1,1,1,1,1,1,1,1,1,1,1,1,1,1,1,1,1,1,1,1,1,1,1,1,1,1,1,1,1,1,1,1,1,1,1,1,1,1,1,1,1,1,1,1,1,1,1,1,1,1,1],"opens":[0,-2,2,-6,-28,46,-2,16,16,11,-16,-10,2,-2,7,7,-12,-7,-32,46,10,-28,14,9,-62,69,-26,-3,-17,21,12,0,5,20,19,22,-14,12,0,-10,20,-17,-8,23,-1,-10,11,-16,37,-6,11,14,-27,22,-9,69,83,-34,15,64,-25,-30,3,2,-25,-8,-12,2,2,-23,19,0,-1,12,-7,13,-13,22,4,27,-15,-29,24,13,-13,0,-6,-2,-19,-12,-2,-1,18,-20,2,-28,12,-18,-1,1,-4,15,-16,21,-7,-23,16,24,7,-8,26,2,-10,-7,4,23,-37,6,3,-22],"highs":[0,-6,2,66,-74,26,-4,17,4,2,-10,-8,12,-4,-1,-1,-10,0,12,6,0,-6,-4,19,-23,13,-2,-9,3,-2,11,0,1,30,22,10,-9,9,5,-12,10,-5,20,-16,1,-1,1,27,-3,4,9,3,5,-6,5,107,21,-1,59,-8,-32,-3,-21,-1,-5,-13,-12,4,1,-10,10,-20,13,20,-4,-5,2,22,-7,31,-11,-18,11,10,-18,-9,5,-4,-28,0,1,-7,18,-12,-5,-23,-3,-9,-10,15,-1,4,-9,26,0,-15,3,12,0,21,0,3,0,7,1,-3,-18,-5,4,-5],"lows":[0,11,-2,-2,-26,40,7,21,0,-3,-7,-2,8,0,-6,-5,-29,28,-20,32,-2,-2,-1,-3,-36,54,-22,0,-19,26,6,4,-1,23,29,-6,14,7,-3,-9,11,-8,0,6,10,-16,12,-5,27,-1,5,4,-6,12,-3,58,79,-15,15,45,-46,0,-6,-11,-5,-2,-22,7,-4,-6,14,-28,22,16,-1,-5,4,1,15,30,-16,-25,29,0,-18,-10,8,-8,-27,16,-14,-16,16,9,-14,-27,-5,6,-8,4,3,8,-17,26,-13,-14,-1,40,-18,15,-3,22,-9,9,4,-19,3,-4,2,-9],"closes":[0,14,-18,6,-5,5,28,6,5,-11,-5,2,13,-12,2,-8,-9,4,21,0,2,-9,6,-19,18,-3,-8,-7,12,3,9,-4,5,32,19,1,6,12,-11,4,-13,18,-6,1,2,4,-7,28,-14,16,1,0,19,-8,-5,124,1,9,55,-10,-55,10,-13,-13,-6,6,-23,28,-18,-5,3,-20,24,17,2,-12,2,26,3,20,-16,-14,10,2,-13,-13,15,-19,-30,26,-4,-16,15,6,-29,-17,-8,5,-11,1,7,4,-14,22,25,-15,-6,9,-8,30,-7,-1,22,-5,13,-45,17,-13,5,2],"volumes":[1133.5,743.7,820.1,936.8,636.5,864.6,785.7,165.8,809.4,567.6,982.5,948.5,497.7,681.3,820.2,895.6,862.1,930.2,1169.0,972.8,1129.3,763.4,976.8,991.2,830.1,399.6,884.1,1158.8,804.1,1081.6,733.1,1015.3,908.0,947.9,1233.8,598.7,773.8,478.4,725.5,417.0,823.9,937.8,1080.1,919.8,750.6,1289.7,368.8,1074.7,686.4,845.9,990.0,852.0,655.4,697.9,547.4,694.9,644.8,866.0,738.7,938.6,659.4,1242.2,899.5,900.9,1125.8,763.2,623.1,1209.7,555.6,1176.2,1080.0,391.6,521.9,874.3,1240.4,567.6,955.0,927.9,1157.9,822.1,996.5,929.0,517.8,682.9,852.9,976.5,978.2,573.3,702.5,494.7,705.6,971.5,797.9,685.7,914.4,354.7,692.0,530.7,769.8,1030.8,709.4,877.4,526.3,1010.4,675.8,420.3,730.0,789.7,778.1,700.2,794.2,913.1,832.8,965.7,690.7,875.0,921.0,386.6,774.7,713.9]}