{"timestamp":1166313600000,"multiplier":1.0E-5,"open":1.22103,"high":1.22129,"low":1.22103,"close":1.2212,"shift":60000,"times":[1320,1,1,1,1,1,1,1,1,1,1,1,1,1,1,1,1,1,1,1,1,1,1,1,1,1,1,1,1,1,1,1,1,1,1,1,1,1,1,1,1,1,1,1,1,1,1,1,1,1,1,1,1,1,1,1,1,1,1,1,1,1,1,1,1,1,1,1,1,1,1,1,1,1,1,1,1,1,1,1,1,1,1,1,1,1,1,1,1,1,1,1,1,1,1,1,1,1,1,1,1,1,1,1,1,1,1,1,1,1,1,1,1,1,1,1,1,1,1,1],"opens":[0,23,-13,12,-1,6,-8,7,5,-12,3,-21,4,13,-10,2,2,-2,36,-32,-5,-6,12,-10,4,-4,-1,25,-7,-2,-8,8,13,-5,-1,17,15,4,-16,7,24,-14,-1,26,-19,1,-21,8,7,-18,-15,3,14,-15,4,1,-32,10,-2,4,-29,32,21,0,-21,7,6,2,3,-17,5,-3,7,3,-3,2,-17,6,-26,16,10,-6,3,-6,8,-5,15,0,-5,0,-7,12,-5,10,-18,11,-10,4,-3,0,-1,7,-39,2,20,4,-15,-2,18,-8,0,0,-12,22,-3,-14,14,-12,-15,13],"highs":[0,-2,-5,11,-8,5,-1,5,5,-11,5,-16,11,6,-10,6,-6,14,11,-25,-6,10,6,-8,-3,8,-10,15,0,-13,2,9,2,-5,7,17,7,14,-4,-6,25,-7,-5,13,-19,3,-20,11,1,-9,-20,5,17,-16,-4,1,-8,-8,1,-3,19,7,4,-1,-27,20,5,-3,6,-16,-1,5,3,-4,-5,1,0,-11,9,8,-12,10,-5,8,-10,2,0,-1,-5,8,-15,14,1,9,-9,1,-16,8,3,3,-5,5,-13,-11,8,1,-12,2,6,-8,2,-2,3,16,-10,-6,8,-16,-15,18],"lows":[0,9,-6,14,-2,-8,6,0,8,-14,2,-14,2,20,-9,2,-19,13,8,-22,5,8,9,-7,4,-4,-1,-2,3,-9,0,17,16,-14,-5,9,24,2,-7,7,23,-6,-6,1,-19,9,-7,7,-1,-2,-27,-1,18,-13,-8,-11,5,3,5,-13,-12,27,15,-1,-22,15,8,1,-4,-15,-4,13,9,-24,-4,14,-1,-32,12,5,12,-8,11,-3,7,-18,5,-2,1,15,-17,0,0,17,-3,5,-41,14,17,6,-4,9,-37,-6,18,1,-8,4,-17,13,7,-28,15,10,2,-10,2,-17,1,17],"closes":[0,7,-8,8,-4,-4,4,5,-4,-5,7,-10,12,-4,-6,2,-13,31,-23,-6,-11,11,18,-11,0,15,-15,-11,31,-17,0,15,-2,-10,16,16,2,-8,24,-24,23,8,-4,-2,-31,8,-2,19,-18,-2,-27,18,-1,-7,-12,-13,16,2,-5,3,14,15,3,0,-27,20,5,-11,3,-5,-25,29,-5,-8,7,-11,4,-41,45,10,-12,1,-9,11,-4,-2,2,-3,-17,20,-15,-7,30,-13,9,-2,-46,41,0,-2,-1,4,-25,6,1,-6,-3,5,-12,15,-4,-30,32,-7,10,-2,-14,-1,-4,19],"volumes":[59.5,164.7,128.0,209.7,67.9,78.0,109.2,158.9,149.6,120.0,154.0,199.1,65.5,207.6,231.3,239.2,60.3,181.5,160.0,341.4,160.5,231.1,126.0,120.2,120.7,107.5,185.4,131.2,86.7,171.7,35.3,44.5,35.5,140.2,148.7,131.9,129.3,188.8,171.8,77.1,236.4,93.3,196.2,199.1,148.1,218.5,82.4,181.5,244.2,265.9,57.3,134.8,123.7,267.6,109.3,260.8,187.3,247.7,151.2,123.6,145.5,132.0,141.3,253.3,53.4,131.0,99.1,141.1,86.0,102.2,205.4,87.8,119.2,197.4,140.8,136.6,202.0,232.1,64.7,134.6,182.0,176.1,100.9,264.7,372.2,141.6,139.6,92.0,55.0,169.0,138.3,133.4,285.5,84.2,189.4,110.4,157.3,219.2,132.7,144.7,123.6,87.8,269.2,267.3,166.1,219.7,154.3,323.6,88.5,245.6,184.4,203.0,108.2,86.9,122.5,65.4,33.0,146.8,131.1,182.3]}