{"timestamp":1166918400000,"multiplier":0.001,"open":620.638,"high":620.72,"low":620.125,"close":620.72,"shift":60000,"times":[1380,1,2,2,2,4,2,3,1,4,4,5,3,2,1,1,4,1,1,10,1,2,1,1],"opens":[0,-453,317,-226,61,71,-334,384,-156,-226,537,-335,410,-591,-35,626,-444,234,-80,67,-354,129,-178,275],"highs":[0,-29,61,-41,-4,11,62,-60,0,-42,118,-126,125,-98,23,-16,6,70,-10,-10,-39,-1,-44,95],"lows":[0,-69,186,-180,73,-57,-4,46,26,-78,162,-267,181,-117,35,167,-176,-61,191,-153,58,7,-326,222],"closes":[0,-62,26,-36,-377,139,41,209,-249,227,-15,14,10,23,-248,241,-536,38,533,-10,-580,579,-448,133],"volumes":[0.00998,0.008402,0.00965,0.013095,0.010799,0.01282,0.01119,0.01324,0.01038,0.00988,0.011729,0.01338,0.01587,0.008833,0.00966,0.0093,0.01207,0.01447,0.01142,0.013784,0.01391,0.01449,0.013298,0.02008]}