{"timestamp":1612656000000,"multiplier":0.001,"open":6841.807,"high":6841.807,"low":6822.817,"close":6822.817,"shift":60000,"times":[1370,1,1,1,1,1,1,1,1,1,1,1,1,1,1,1,1,1,1,1,1,1,1,1,1,1,1,1,1,1,1,1,1,1,1,1,1,1,1,1,1,1,1,1,1,1,1,1,1,1,1,1,1,1,1,1,1,1,1,1,1,1,1,1,1,1,1,1,1,1],"opens":[0,-17650,3070,-260,4390,1600,40,280,880,-740,1900,9370,3030,4530,1400,-1390,1110,2620,-2600,1070,-500,4230,-840,1430,-1030,-790,2100,-660,2100,-3490,2320,1170,110,440,-500,7340,3380,500,-2110,-240,-940,-2260,-1950,370,3700,-420,-420,960,780,-960,1860,-1410,100,-1460,1350,-140,-1100,310,770,2750,1210,160,-930,990,800,-410,-1530,1700,1430,-480],"highs":[0,-14540,2600,1910,3390,-2210,260,460,480,2590,6940,7950,1840,570,-400,2270,120,80,-1090,390,3490,150,100,1030,-890,-320,1260,410,80,-1900,1900,220,110,10,6720,4250,960,-1230,-2110,1140,-1790,-2380,-1390,3130,50,-210,250,960,150,650,-80,-540,-770,180,1200,-1630,1240,-2020,4140,820,800,-390,80,-200,1170,-110,-320,1300,1790,-2420],"lows":[0,-3120,6420,850,4100,1290,240,610,170,-180,2120,9370,3030,4130,-1700,2110,1110,-2600,1170,1960,60,3240,-300,1790,-1910,-3450,4750,-1800,710,-850,3190,140,1100,-10,-10,7340,3000,-2180,-140,-190,-2750,-3720,2010,-1450,2690,1530,-630,1590,500,-410,-1050,1440,-950,100,830,-710,-980,890,1100,2900,-160,1180,-620,40,1270,-1560,140,1580,330,-1540],"closes":[0,4450,-300,4340,1460,-210,660,350,260,1960,7900,4060,4000,2020,-870,450,2690,-3090,1470,160,3490,-190,1280,-470,-1630,1920,-520,2170,-3540,1710,1610,320,-60,-40,6610,4140,1420,-3000,-480,-370,-2530,-1880,-80,3910,-1040,-210,990,1100,-990,1870,-1950,490,-1330,1450,-120,-1110,-50,60,3850,790,470,-310,920,-370,180,-340,540,1510,-460,-2340],"volumes":[0.00961,0.00731,0.00537,0.00491,0.00461,6.5E-4,0.00119,6.5E-4,0.00221,0.00234,0.01413,0.01273,0.01005,0.00598,0.00598,0.00546,0.0039,0.00691,0.00662,0.0039,0.00745,0.0053,0.00257,0.00307,0.00342,0.00632,0.00415,0.00447,0.00399,0.0028,0.00264,0.0034,0.00421,0.00514,0.0091,0.01294,0.00766,0.00794,0.00473,0.003,0.01092,0.01241,0.00472,0.00573,0.00587,0.00375,0.00411,0.00179,0.00206,0.00235,0.00426,0.00227,0.003,0.00358,0.00219,0.00233,0.00366,0.00147,0.00595,0.00302,0.00455,0.0019,0.00261,0.00175,0.00566,0.00297,0.00183,0.00677,0.00806,0.00334]}