{"timestamp":1613260800000,"multiplier":1.0E-5,"open":0.89089,"high":0.89089,"low":0.89088,"close":0.89088,"shift":60000,"times":[1320,1,1,1,1,1,1,1,1,2,1,1,1,1,1,1,1,1,1,1,1,1,1,1,1,1,1,1,1,1,1,1,1,1,1,1,1,1,1,1,1,1,1,1,1,1,1,1,1,1,2,1,1,1,1,1,1,1,1,1,1,1,1,1,1,1,1,1,1,1,1,1,1,1,1,1,1,1,2,1,1,1,1,1,1,1,1,1,1,1,1,1,1,1,1,1,1,2,1,1,1,1,1,1,1,1,1,1,1,1,1,3,1,1],"opens":[0,-1,0,2,0,41,1,-7,-4,5,-1,-1,-2,18,0,1,2,16,-19,0,0,0,0,0,0,0,0,0,0,3,-3,0,16,-16,0,0,6,-6,0,0,0,0,0,0,0,0,-35,-1,0,0,3,-6,10,-1,7,1,-2,7,7,18,5,-45,40,5,-1,9,5,2,2,1,-1,-3,-4,-2,-3,7,-9,4,5,-2,-6,12,4,0,-1,0,-5,5,2,6,-1,-4,4,1,-1,-6,5,3,1,0,0,-2,-1,-2,5,-2,2,0,0,0,0,-1,1,4],"highs":[0,14,-13,0,17,25,1,-8,2,15,-16,-2,4,14,-2,2,9,8,-19,0,0,0,0,0,0,0,0,0,0,13,2,2,-1,-16,0,9,-3,-5,-1,3,3,16,-22,3,-3,0,-22,-8,-6,9,-6,1,3,6,11,-10,9,7,20,4,-4,5,15,-17,3,9,0,-1,3,0,-1,-3,-2,-1,-4,6,-1,-1,1,-2,11,-1,1,1,-1,1,-2,5,2,1,-2,1,4,-4,0,-1,2,4,-3,0,2,-4,3,-1,0,0,0,0,0,0,0,0,5,3],"lows":[0,0,0,2,0,32,-4,7,-6,-1,7,-6,3,18,0,1,-1,1,-1,0,0,0,0,0,0,0,0,0,0,0,0,0,0,0,0,0,0,0,0,0,0,0,0,0,0,-37,0,0,0,1,-2,-1,1,2,13,0,-11,-2,8,15,-11,-8,22,19,3,8,6,2,2,0,-1,-6,-1,-6,-1,3,-2,4,5,-8,0,10,0,1,4,-4,-1,5,0,7,-7,1,0,7,-5,-3,6,3,1,-1,-1,0,-2,-1,1,2,1,1,-1,0,-3,3,1,1],"closes":[0,0,2,0,1,40,-5,-1,2,-1,0,-4,6,14,-2,2,7,-8,-1,0,0,0,0,0,0,0,0,0,0,13,-13,16,-16,0,0,1,-1,1,-1,0,0,0,0,0,0,-34,-2,-1,0,6,-7,6,2,7,0,0,4,13,8,11,-19,16,3,0,7,8,1,-1,3,-1,0,-7,-1,-2,-2,0,0,6,1,-6,14,0,-1,-1,2,-5,4,1,3,4,-5,5,0,0,-5,1,5,1,0,-1,-1,0,-2,4,-1,1,-1,1,-1,1,-4,4,5,3],"volumes":[3.0,3.75,1.5,0.75,5.25,10.5,6.0,0.75,3.75,13.25,3.5,8.22,5.44,2.33,0.11,2.0,5.11,7.75,0.22,1.21,0.11,0.77,0.11,3.41,1.98,0.33,0.33,0.55,0.11,11.48,15.93,10.95,13.59,9.68,6.98,33.22,10.07,3.11,0.33,4.22,2.33,14.85,0.55,9.84,3.3,48.2,34.78,24.0,6.7,8.2,4.0,5.1,6.1,13.47,13.0,2.0,38.3,28.75,172.15,66.42,61.83,128.47,253.41,82.0,49.52,104.2,6.22,3.0,4.0,2.0,3.0,5.5,4.0,30.02,22.07,16.38,8.7,13.07,2.0,29.95,40.54,8.35,11.5,8.25,9.25,23.5,9.24,25.32,11.39,9.75,15.29,13.82,23.82,3.0,9.76,15.83,3.25,7.0,1.5,2.5,16.19,1.0,11.5,5.5,5.0,2.5,2.0,2.0,5.5,8.5,6.0,2.0,13.57,9.0]}