{"timestamp":1714262400000,"multiplier":1.0E-5,"open":0.65235,"high":0.65235,"low":0.6523,"close":0.65235,"shift":60000,"times":[1264,1,1,1,1,1,1,1,1,1,3,1,1,1,1,1,1,1,1,1,1,1,1,1,1,1,1,1,1,1,1,1,1,1,1,1,2,1,1,1,1,1,1,1,1,3,1,2,3,1,1,1,1,1,1,1,1,1,1,1,1,1,1,1,1,1,1,1,1,1,1,1,2,1,1,1,1,1,1,1,1,1,1,1,1,1,1,1,5,1,1,1,1,1,1,1,1,1,1,1,1,1,1,1,1,1,1,1,1,1,1,1,1,1,1,1,1,1,1,1,1,1,1,1,1,1,1,1,1,1,1,1,1,1,1,1,1,1,1,1,1,1,1,1,1,1,1,1,1,1,1,1,1,1,1,1,1,1,1,1,1,1,1],"opens":[0,0,6,4,-12,7,4,1,0,0,1,34,7,2,5,-7,-2,9,-1,1,6,-1,-6,-2,5,4,-3,-2,-14,10,-2,3,4,4,-3,4,0,-1,6,-2,0,-4,1,-2,-1,-7,0,-1,15,34,2,-1,6,5,0,1,0,0,0,4,5,4,1,-8,8,14,-4,0,-4,3,1,-1,0,-2,1,-1,-2,3,7,-3,-3,2,-2,0,-2,1,0,-1,-3,-8,-7,2,1,-2,3,1,0,-2,0,-6,2,0,2,1,2,1,-1,0,-5,3,-1,-3,2,-1,7,4,0,0,9,-3,1,4,-5,1,4,-3,3,2,0,0,-1,-6,9,5,-5,6,-1,-5,1,-3,-1,1,0,-5,-2,0,1,3,0,0,-6,6,-3,7,17,2,6,-6,2,9,-3,2,1],"highs":[0,6,53,-48,-7,1,5,0,0,0,43,22,-16,3,-3,-5,19,-8,-6,7,2,-4,-6,6,9,-7,-2,-4,-7,3,1,11,0,-1,1,-2,0,5,0,-2,0,-4,1,-2,-1,-5,-2,-1,49,9,-4,7,-5,6,0,0,1,1,1,6,3,3,0,-1,14,0,-2,-2,2,-3,1,-1,0,-2,1,0,0,5,2,-3,-1,0,-2,0,0,-1,0,-1,-3,-7,-3,-3,2,0,1,1,0,-1,-2,-3,-1,3,0,3,3,-1,-3,2,-4,1,-2,-2,1,5,6,1,-2,12,-3,-2,4,1,-6,6,-1,-1,2,5,-1,-2,1,-1,8,-2,3,1,-2,-6,0,-3,3,-3,0,-3,-4,0,4,0,0,0,2,0,0,19,1,5,5,-8,11,3,-7,2,9],"lows":[0,1,10,-7,-1,7,4,1,0,0,1,1,33,6,-1,-7,-5,13,7,-1,6,-23,-23,35,-22,27,2,-10,-3,10,-2,3,3,1,1,4,0,-1,3,1,-6,1,2,-2,-1,-13,6,-1,15,32,0,3,6,4,1,0,0,0,0,5,5,4,-7,0,8,10,0,-2,-2,2,2,-1,0,-2,1,-4,1,3,3,-2,-3,2,0,-1,0,-1,0,-6,-2,-10,-2,2,4,-5,5,2,0,-2,-4,-2,2,-1,1,1,-1,5,-6,1,0,0,-2,1,1,0,7,4,0,0,7,-1,1,-2,-1,1,2,1,2,3,-2,0,0,-5,9,0,-2,7,-6,0,1,-5,1,0,-1,-4,0,-1,1,1,3,-7,0,7,-4,8,11,8,2,-2,2,5,-5,4,5],"closes":[0,6,5,-12,5,1,5,0,0,0,4,54,-21,5,-1,-1,8,-3,4,3,2,-6,-1,4,3,-7,3,-11,4,3,1,10,-2,-1,1,1,0,5,-3,1,-5,0,2,-2,-1,-6,-1,-1,47,0,2,7,0,6,-1,1,0,-1,4,6,3,3,-7,6,14,-4,1,-3,2,-2,2,-1,0,-2,1,-1,1,4,2,-5,2,-1,-1,0,-1,0,0,-8,-2,-10,2,0,2,1,1,1,-1,-2,-4,0,0,-1,3,2,4,-2,-6,0,2,1,-4,1,0,6,6,-1,0,8,-1,-1,4,-5,0,4,-2,2,3,3,-4,0,0,3,4,-2,7,-2,-7,0,2,-3,3,-5,-1,-3,-1,0,4,-1,1,-5,7,-1,0,19,2,5,-2,-1,7,0,-1,1,7],"volumes":[3.9,14.1,18.0,12.3,9.0,0.9,3.3,2.1,2.4,1.2,18.9,50.4,54.6,16.2,16.05,16.2,74.1,34.25,3.0,18.86,13.46,3.38,18.45,31.32,66.86,24.9,10.8,7.2,9.0,1.8,6.0,14.4,11.1,22.2,8.1,3.6,1.2,12.9,7.2,1.2,7.8,3.0,1.8,1.2,1.2,34.42,2.7,1.2,120.6,31.05,22.05,18.0,1.2,15.6,7.2,7.2,10.8,15.6,7.2,19.2,4.8,7.2,26.4,39.6,27.6,9.6,15.6,6.0,21.6,2.4,1.2,1.2,1.2,3.6,3.6,8.7,7.2,22.8,24.0,10.8,21.3,78.0,25.86,25.2,9.9,7.8,7.87,12.59,12.22,33.75,45.13,35.42,16.2,22.64,21.74,18.0,15.6,12.67,11.02,21.22,1.2,51.15,58.95,58.65,36.9,13.2,19.05,27.3,12.0,14.7,30.6,3.0,6.0,16.5,13.2,6.0,1.2,24.0,7.8,4.8,6.6,12.0,7.2,13.2,9.6,10.8,9.6,18.18,11.4,8.4,10.2,6.0,13.2,6.6,20.1,15.0,23.1,7.8,10.8,6.3,9.0,5.4,7.2,9.6,1.2,7.59,19.2,33.3,1.2,89.22,41.56,5.4,14.55,21.6,16.05,19.8,11.4,3.9,10.8,35.1,19.2,18.3,64.5]}