{"timestamp":1714262400000,"multiplier":0.001,"open":7610.657,"high":7629.529,"low":7609.657,"close":7623.197,"shift":60000,"times":[1430,1,1,1,1,1,1,1,1,1],"opens":[0,11968,-2972,500,472,32,11968,-3968,3342,690],"highs":[0,-6904,-1408,2408,-2418,11398,2490,-3138,1616,3448],"lows":[0,7904,-562,-310,3400,536,7064,-64,2968,2032],"closes":[0,-4002,2022,1948,-2544,11004,-3936,3310,1000,2626],"volumes":[0.021743,0.010726,0.003278,0.005015,0.001087,0.00819,0.013349,0.015725,0.008422,0.016349]}