{"timestamp":1411257600000,"multiplier":1.0E-5,"open":0.89305,"high":0.89305,"low":0.89304,"close":0.89304,"shift":60000,"times":[1260,1,1,1,1,1,1,1,1,1,1,1,1,1,1,1,1,1,1,1,1,1,1,2,1,1,1,1,1,1,1,1,1,1,1,1,1,1,1,1,1,1,1,1,1,1,1,1,1,1,1,1,1,1,1,1,1,1,1,1,1,1,1,1,1,1,1,1,1,1,1,1,1,1,1,1,1,1,1,1,1,1,1,1,1,1,1,1,1,1,1,1,1,1,1,1,1,1,1,1,1,1,1,1,1,1,1,2,2,1,1,1,1,1,1,1,1,1,1,1,1,1,1,1,1,1,1,1,1,1,1,1,1,1,1,1,1,1,1,1,1,1,1,1,1,1,1,1,1,1,1,1,1,1,1,1,1,1,1,1,1,1,1,1,1,1,1,1,1,1,1,1,1,1,1,1,1],"opens":[0,-5,3,-2,5,-4,6,-7,-1,12,-5,0,0,8,0,1,3,-2,-3,5,7,-1,-1,1,6,5,-8,-5,-9,9,3,-23,2,-2,21,-3,14,-1,-2,2,-7,-5,3,7,-1,1,-11,1,1,2,0,2,-2,-1,7,-4,-6,-3,1,7,-11,9,-3,11,-5,-5,1,-3,1,3,-1,-20,35,-6,-2,-6,-7,4,7,18,0,-12,-1,-2,3,-1,16,-8,-3,-1,-14,-10,-9,-6,12,0,9,9,8,-2,-1,8,0,5,8,-2,0,-8,4,-1,0,0,0,0,3,2,1,9,9,5,-2,11,5,16,-9,1,32,-15,-5,-3,9,13,-4,6,3,12,1,2,-27,-4,19,2,0,8,-30,-7,-5,-16,-31,24,3,-7,-3,6,15,-1,10,-2,-2,7,-18,-12,7,21,-7,0,-8,-1,7,-7,5,-2,6,1,-6,3,0],"highs":[0,-2,2,0,1,-4,7,-8,13,-1,-6,5,6,-3,1,0,3,1,-2,7,1,-1,0,0,10,2,-9,-1,5,-7,2,-24,5,14,2,12,-1,2,-3,1,-3,-3,4,-1,0,0,-6,-4,3,0,1,5,-2,3,-1,-4,-3,-3,1,4,-3,3,8,-2,-5,-3,2,-3,-2,9,-7,15,0,8,-16,-6,-4,8,22,0,-4,-12,-1,2,0,14,1,-9,-3,0,-15,-10,-8,6,3,6,6,18,-8,-2,11,-4,12,2,1,-3,-1,-7,3,0,0,0,1,-1,4,1,13,5,8,-3,14,-2,25,-7,-8,28,4,-14,-6,7,13,1,-1,8,13,-3,-1,2,-27,16,2,1,7,-1,-27,-10,-5,-16,-7,5,2,-11,3,16,-1,10,-1,3,0,1,-14,-11,23,-1,-7,0,-8,6,0,-2,0,6,-1,7,-10,4,-4],"lows":[0,-4,0,1,1,-1,7,-8,0,12,-5,0,0,8,0,0,2,-10,7,-2,12,-14,14,0,2,3,-9,-7,-6,15,-19,0,1,-4,23,-2,14,-11,8,-5,-13,3,8,6,0,-16,6,-1,2,2,-5,5,-2,2,3,-10,1,-2,2,-10,3,8,2,7,-11,-1,3,0,1,4,-21,0,29,-5,-8,-4,-1,7,7,18,-12,-2,-2,0,4,-2,0,6,-1,-13,-9,-20,3,0,9,3,3,15,7,-13,11,6,2,5,3,3,-8,0,4,-1,0,0,-3,3,3,2,1,6,12,5,-2,8,7,1,7,1,19,-9,-1,-11,20,9,0,6,3,12,1,-25,-5,1,19,-1,3,-29,0,-5,-18,-30,1,21,1,-13,8,6,14,0,-2,9,-1,-13,-9,-2,8,12,2,-9,1,-1,-4,3,6,-2,2,-2,-1,2,-19],"closes":[0,-1,-3,5,-3,-1,8,-8,13,-1,-6,5,3,0,0,0,2,-3,3,8,-1,-3,4,0,10,-6,-9,-6,9,2,-22,0,4,15,1,13,-1,-6,5,-7,1,-6,10,-1,1,-13,4,-1,3,-1,2,4,-1,3,-5,-5,-4,1,3,-3,4,-1,11,-5,-6,-6,3,3,-1,4,-20,33,-6,-1,-9,-5,3,8,18,3,-15,-2,-2,4,0,15,-8,-3,0,-14,-9,-14,-3,12,0,10,5,11,0,-3,12,-6,8,8,-2,0,-9,0,4,-1,1,-1,2,-2,5,1,8,9,7,-1,10,-1,21,-9,1,28,-9,-7,-2,8,13,-4,5,6,10,1,0,-25,-4,20,2,-1,8,-32,-5,-5,-16,-32,25,4,-6,-5,6,14,1,8,-1,-1,6,-17,-11,4,23,-8,0,-9,1,6,-8,6,0,4,0,-4,1,2,-13],"volumes":[0.2,1.2,1.15,3.75,7.22,3.45,9.07,6.0,18.46,9.14,1.0,6.25,26.53,6.6,17.91,2.0,3.5,16.0,4.0,16.39,3.45,10.8,5.0,6.0,11.0,5.0,5.22,10.85,21.51,12.35,28.87,6.9,11.34,28.09,3.82,21.01,1.0,11.0,3.5,8.15,24.82,11.21,9.57,8.0,2.0,20.12,16.23,6.91,18.94,2.0,20.44,20.45,21.2,3.1,4.9,17.76,13.01,9.22,2.67,106.97,63.92,56.09,16.64,7.06,70.13,79.99,18.18,8.0,6.1,42.95,78.39,106.01,60.59,61.27,58.63,22.99,59.09,47.16,30.09,8.64,20.92,7.16,6.12,16.49,5.0,11.37,57.92,17.92,19.39,31.82,13.57,49.79,12.07,29.36,29.75,18.26,35.39,28.06,6.82,31.5,13.4,11.21,22.61,23.6,14.61,4.97,15.32,6.54,1.0,3.0,5.5,3.5,25.25,21.91,23.58,7.0,29.37,30.5,33.62,1.0,31.87,15.25,52.68,25.0,4.0,32.37,29.0,28.37,8.5,45.5,16.0,21.25,26.25,13.12,31.0,17.5,3.0,31.07,24.58,54.5,26.0,27.7,36.89,50.11,21.02,10.64,31.5,42.0,32.57,26.53,14.39,43.65,12.34,26.46,6.0,45.32,33.44,25.75,6.0,20.5,50.51,30.29,39.74,14.0,13.5,10.77,1.0,13.6,16.34,25.23,18.3,12.65,16.57,33.74,28.88,16.84,60.33]}