{"timestamp":1411257600000,"multiplier":1.0E-5,"open":1.63057,"high":1.63059,"low":1.6303,"close":1.63042,"shift":60000,"times":[1260,1,1,1,1,1,1,1,1,1,1,1,1,1,1,1,1,1,1,1,1,1,1,1,1,1,1,1,1,1,1,1,1,1,1,1,1,1,1,1,1,1,1,1,1,1,1,1,1,1,1,1,1,1,1,1,1,1,1,1,1,1,1,1,1,1,1,1,1,1,1,1,1,1,1,1,1,1,1,1,1,1,1,1,1,1,1,1,1,1,1,1,1,1,1,1,1,1,1,1,1,1,1,1,1,1,1,1,1,1,1,1,1,1,1,1,1,1,1,1,1,1,1,1,1,1,1,1,1,1,1,1,1,1,1,1,1,1,1,1,1,1,1,1,1,1,1,1,1,1,1,1,1,1,1,1,1,1,1,1,1,1,1,1,1,1,1,1,1,1,1,1,1,1,1,1,1,1,1,1],"opens":[0,-16,10,28,85,43,59,-5,29,7,0,-5,-3,-11,-16,-47,-35,-25,-2,-3,-14,0,0,-23,-78,-14,-25,-21,-45,-1,-3,0,-1,12,11,0,2,-1,-44,8,3,-6,10,0,5,2,-6,-1,12,-12,-9,-5,-7,-5,1,-3,9,-3,-1,6,-1,-3,5,9,15,17,0,0,-1,21,-5,4,1,14,0,27,11,-1,-2,5,-10,-17,-9,4,2,1,9,-3,0,-9,2,5,-5,-4,2,-10,2,4,19,-23,-2,24,2,9,0,-1,5,-2,-4,6,12,5,3,2,2,-1,23,23,5,0,-5,11,20,14,-7,55,16,9,50,-10,-35,-26,-2,10,4,-3,2,4,4,3,19,4,0,1,5,1,-9,-11,3,-23,-9,10,19,3,-2,-20,-21,5,1,29,-2,1,1,3,4,3,-5,1,1,-24,5,1,-7,3,-4,-9,2,-3,1,0],"highs":[0,-6,43,87,33,50,32,48,-43,-1,-5,-5,-3,-10,-17,-38,-44,-21,0,-9,-9,-5,2,-16,-87,-14,-24,-15,-47,-6,10,-8,13,24,-19,0,1,-1,-32,1,12,-10,0,6,1,7,-10,8,2,-12,-10,-6,-4,-1,-6,-1,9,-5,4,1,4,-3,16,14,11,0,5,-5,27,-7,0,1,11,2,23,14,1,1,-2,7,-13,-17,-5,11,-9,9,1,2,-5,-9,5,2,-6,-1,-1,-10,5,23,-2,-22,19,4,13,-1,-4,1,3,-2,2,12,4,4,3,2,-1,20,38,0,-8,0,6,20,16,4,40,18,15,45,0,-11,-35,-26,13,-1,0,-1,8,0,4,18,8,-4,3,6,-1,0,-3,-15,0,-23,2,16,8,4,-9,-20,-15,1,28,3,-3,4,-2,7,2,2,-7,1,0,-20,1,1,-3,0,-5,-7,4,-4,1,-2],"lows":[0,6,14,29,48,75,59,0,29,3,1,-19,-5,-10,-58,-28,-33,1,6,-16,3,0,-22,-142,48,-44,-2,-75,30,-6,-2,1,-1,17,11,0,0,-44,1,2,3,0,10,0,5,-5,0,0,3,-15,-2,-5,-7,-11,8,0,-15,21,0,1,1,-2,7,8,11,9,11,-4,5,18,-2,2,-7,20,2,27,8,3,-1,-3,-18,-14,4,4,1,0,7,0,-7,-7,7,1,-4,0,-9,-5,8,3,-2,-2,-1,24,2,6,2,0,3,-9,5,0,15,8,3,2,0,1,22,23,4,-4,0,12,20,3,4,55,16,9,37,-32,-36,8,0,9,-1,2,2,5,4,2,20,0,-7,11,6,-8,-10,-1,-20,-12,-1,12,21,-1,-18,-21,-3,6,3,24,3,1,1,0,5,0,0,1,-21,-2,5,-7,1,-2,-8,-1,0,0,-1,-99],"closes":[0,10,30,80,37,66,-4,33,3,-1,-2,-6,-11,-15,-38,-44,-27,0,-3,-14,0,-1,-22,-87,-5,-28,-20,-41,-3,-3,0,-5,22,5,1,-1,1,-44,9,4,12,-10,0,6,1,-6,2,9,-9,-12,-3,-7,0,-5,-1,-2,3,1,1,0,3,-4,16,19,13,-3,1,0,23,-4,-1,3,13,0,25,12,-1,2,1,-5,-18,-10,4,2,1,9,-3,0,-8,0,5,-4,-4,2,-10,0,5,19,-21,1,19,4,12,-4,-1,2,1,-9,11,12,4,4,2,2,-2,22,26,5,-2,-4,11,20,15,-8,53,14,14,50,-10,-36,-26,-2,11,3,-3,2,4,4,4,18,4,0,-2,11,-2,-9,-10,2,-23,-7,8,17,5,-2,-20,-21,4,-1,32,-4,4,2,0,7,2,-6,1,1,-22,2,1,-7,5,-5,-7,0,-3,1,1,-97],"volumes":[13.04,20.83,13.46,20.01,235.28,59.23,86.99,132.59,37.87,63.0,27.66,130.88,62.15,49.17,133.62,70.0,97.94,55.62,55.94,68.87,39.31,12.83,36.99,87.62,24.69,39.93,18.75,57.86,20.0,21.0,74.34,15.75,80.33,24.96,5.65,4.0,3.5,29.84,49.68,24.0,18.49,4.07,11.7,6.6,42.5,27.1,13.1,36.31,10.1,51.56,39.04,26.83,54.49,94.07,30.89,22.85,75.42,15.07,26.07,8.35,2.45,1.0,2.65,6.57,25.83,30.28,20.61,14.25,44.41,4.07,8.14,16.5,27.36,16.03,23.28,48.59,20.64,6.64,6.39,31.76,21.96,44.17,28.23,49.75,22.76,27.36,18.04,23.36,26.7,19.42,13.56,11.81,9.17,12.17,19.61,20.0,35.98,23.88,19.56,7.84,23.75,5.32,23.71,16.89,5.5,8.25,11.14,6.03,9.32,29.66,18.65,15.0,11.9,12.04,8.39,23.14,58.3,25.46,28.22,25.95,34.21,17.0,31.0,31.68,46.23,75.8,49.56,78.22,72.18,36.31,39.71,8.93,19.89,9.16,28.66,25.7,49.22,20.21,16.12,27.99,31.33,22.03,47.63,13.99,9.95,20.5,37.37,12.47,23.65,31.37,35.08,53.63,26.34,41.41,52.02,46.09,13.17,11.14,39.1,23.69,27.05,12.47,11.5,11.76,26.84,15.08,4.47,3.02,26.06,15.18,15.92,23.83,41.63,44.6,40.96,43.94,65.2,37.43,53.44,91.85]}