{"timestamp":1411603200000,"multiplier":0.001,"open":23633.883,"high":23636.855,"low":23633.883,"close":23635.941,"shift":60000,"times":[859,1,1,1,1,1,1,1,1,1,1,1,1,1,1,1,1,1,1,1,1,1,1,1,1,1,1,1,1,1,1,1,1,1,1,1,1,1,1,1,1],"opens":[0,982,-3011,-13020,-6949,-33,-2006,-938,2000,9992,-6005,-913,-4109,-7013,-1034,-7871,2895,2107,-1117,-940,94,-5154,-4863,-2987,-1060,-6076,-2862,-2096,-7933,-3145,-1826,-1032,3024,924,-3951,2943,-2062,-3018,1994,2073,107],"highs":[0,-1990,-1885,-14146,-3855,-1124,-2888,1881,7002,1050,-4918,-2000,-4109,-5926,-2121,-2953,5047,-3992,-1026,-990,949,-6013,-5871,2970,-7017,940,-8013,-3961,-6025,-4931,-116,3039,-1009,6,-897,1021,-4050,-989,2897,2109,1912],"lows":[0,-6037,-8036,-9865,-2097,-4034,3032,1049,2945,6025,-3957,-5054,-4891,-1098,-4976,-7920,7881,119,-2082,-16,-3918,-5986,-3029,980,-4992,-1072,-7026,-10957,1014,-1065,-1020,160,2978,-2012,-969,957,-1974,-3092,1984,1115,2983],"closes":[0,-8017,-8114,-6824,-1054,-4043,1953,3006,7002,-2985,-1953,-6058,-4961,-2028,-4976,-1077,4014,-2857,-1031,-92,-4893,-5015,-3010,1023,-6025,-4,-8094,-7900,-38,-2074,-931,3051,918,-3928,3037,-2141,-2882,-1061,2959,-1891,7916],"volumes":[3.55E-4,0.001349,0.001136,0.001136,0.001633,0.001065,0.001491,7.81E-4,9.23E-4,4.97E-4,4.97E-4,7.1E-4,9.23E-4,7.1E-4,7.81E-4,0.001491,0.001207,7.81E-4,7.81E-4,8.52E-4,8.52E-4,0.001065,6.39E-4,0.001065,9.23E-4,0.001136,0.001562,0.001065,0.001278,9.94E-4,7.81E-4,0.001207,6.39E-4,9.23E-4,4.26E-4,8.52E-4,4.97E-4,0.001065,0.001136,9.23E-4,9.94E-4]}