{"timestamp":1521936000000,"multiplier":1.0E-5,"open":0.77021,"high":0.77021,"low":0.7702,"close":0.77021,"shift":60000,"times":[1260,1,1,1,1,1,1,1,1,1,1,1,1,1,1,1,1,1,1,1,1,1,1,1,1,1,1,1,1,1,1,1,1,1,1,1,1,1,1,1,1,1,1,1,1,1,1,1,1,1,1,1,1,1,1,1,1,1,1,1,1,1,1,1,1,1,1,1,1,1,1,1,1,1,1,1,1,1,1,1,1,1,1,1,1,1,1,1,1,1,1,1,1,1,1,1,1,1,1,1,1,1,1,1,1,1,1,1,1,1,1,1,1,1,1,1,1,1,1,1,1,1,1,1,1,1,1,1,1,1,1,1,1,1,1,1,1,1,1,1,1,1,1,1,1,1,1,1,1,1,1,1,1,1,1,1,1,1,1,1,1,1,1,1,1,1,1,1,1,1,1,1,1,1,1,1,1,1,1,1],"opens":[0,-1,2,-1,0,-2,-4,0,0,0,-13,-9,1,-20,-2,-1,5,-4,0,2,-1,7,3,-7,-2,-9,-11,0,-5,18,1,5,-3,1,2,2,2,9,-1,-2,1,7,7,2,13,-10,9,1,-5,-3,-2,2,8,1,-2,-1,4,-7,0,0,8,6,-10,10,2,23,10,-4,2,1,10,1,7,1,-1,3,6,-6,9,-1,0,3,-1,0,-8,-15,-9,-3,-5,0,1,-2,2,0,7,8,5,5,-2,1,-3,1,2,-5,-9,-1,1,-1,-2,2,0,30,-13,-9,10,-1,12,1,-12,-5,-4,-5,7,9,-3,4,6,1,2,-5,-3,3,5,3,5,-5,12,-19,6,16,13,-8,1,1,6,-6,4,2,0,0,7,3,-5,6,0,5,-4,-11,1,-1,-17,-4,5,1,-10,3,2,-16,-27,5,0,-4,0,0,-1,7,9,4,6,-3],"highs":[0,0,1,-1,5,0,-11,0,0,2,-14,-10,1,-17,-3,-1,8,-9,2,2,4,4,0,-6,-4,-9,-11,2,11,2,6,-2,-3,2,2,2,9,1,-1,-1,9,11,0,10,11,0,-10,-2,-5,-3,0,8,2,-1,-2,3,0,-7,6,4,12,-8,1,2,24,7,4,-4,1,9,1,9,0,-1,1,10,-3,3,0,-1,3,1,-2,0,-8,-15,-7,-5,-3,-1,0,1,1,3,10,2,9,0,-3,1,-2,0,15,-18,-9,0,0,-1,0,1,28,6,-18,1,0,13,0,5,-15,-6,-6,1,14,-4,1,10,0,1,-2,-3,-5,10,0,8,-1,9,-2,-16,18,13,3,-5,-4,6,1,-2,2,-1,0,5,6,2,-3,4,2,4,-8,-11,1,-1,-16,4,-3,4,-4,0,-5,-16,-21,3,-1,-7,7,-5,6,11,6,3,-3,12],"lows":[0,0,2,-1,-2,-5,1,0,0,-13,-10,0,-30,7,-4,6,1,-19,19,-6,7,7,-6,-3,-5,-14,2,-8,3,18,1,2,-1,2,2,2,2,9,-1,-2,-2,10,7,1,2,-11,22,-3,-4,-2,-1,3,8,-2,0,-1,-2,0,-1,0,7,-7,4,7,4,24,7,0,2,1,9,1,0,7,0,3,-3,3,8,0,0,2,-1,-7,-15,-8,-4,-5,1,0,0,-1,2,0,5,10,5,2,0,0,-1,1,-1,-12,0,-1,0,0,-1,1,1,18,-11,0,8,2,12,-9,-6,-9,0,-4,4,5,7,4,6,1,-5,-2,-1,3,7,1,4,-2,-19,11,7,12,8,0,0,3,-5,1,1,9,0,-1,7,1,-2,6,-1,1,-11,0,0,-19,-2,1,4,-8,0,3,-15,-28,0,4,0,-9,6,0,-2,10,9,4,-9,12],"closes":[0,0,1,-1,-1,-5,0,0,0,-13,-10,1,-18,-3,0,1,-1,0,1,1,6,4,-5,-4,-9,-12,0,-3,16,1,6,-4,0,2,2,2,9,1,-1,-1,8,8,1,12,-11,11,-1,-3,-4,-1,1,8,2,-4,0,3,-6,0,0,2,13,-10,10,1,23,9,-1,0,0,9,3,7,1,-1,2,7,-8,11,-1,0,3,-2,1,-8,-15,-9,-2,-6,0,1,-1,2,-1,5,10,1,10,-4,0,1,-1,0,-1,-12,0,-1,1,-1,1,0,29,-11,-11,10,0,14,-1,-10,-6,-6,-2,4,11,-4,3,6,3,0,-4,-4,1,8,2,6,-3,11,-20,4,18,13,-8,1,-1,8,-6,5,1,0,0,5,5,-3,3,1,5,-3,-13,0,1,-16,-4,4,1,-10,4,1,-15,-28,4,2,-4,-3,0,1,7,9,5,5,-6,18],"volumes":[1.11,1.12,0.37,1.12,11.26,33.14,5.0,4.0,2.0,15.7,15.07,10.77,34.76,19.87,18.58,8.57,26.72,29.5,11.19,25.87,17.19,10.38,33.77,14.81,6.44,10.44,7.26,22.47,27.89,17.06,18.21,17.27,6.63,11.0,2.0,5.62,6.49,1.0,1.0,22.48,35.86,24.2,17.46,66.42,106.7,44.81,32.65,22.67,10.71,9.88,13.37,13.99,7.94,14.6,10.2,14.0,17.62,7.31,34.66,14.65,75.12,79.27,8.03,28.58,37.47,57.32,37.96,21.8,8.42,31.01,10.0,13.01,29.61,21.04,18.9,13.63,35.86,17.0,11.94,29.52,19.57,22.13,15.5,36.95,45.36,31.16,68.07,47.09,17.74,10.57,10.07,9.49,15.0,12.0,26.0,7.0,7.0,11.0,5.0,7.25,20.0,9.0,19.3,16.65,7.18,19.31,5.56,7.67,15.61,7.18,43.5,38.05,37.13,16.54,20.2,27.57,24.13,73.16,30.37,47.83,16.7,41.12,32.7,22.82,11.83,28.52,25.07,39.39,45.9,23.24,17.31,61.61,25.15,55.79,110.3,61.04,90.21,37.7,74.95,104.53,73.48,81.16,38.61,19.06,46.3,32.61,53.51,4.24,5.37,28.72,78.42,36.54,64.36,31.93,21.0,39.98,37.96,24.83,14.13,39.26,22.39,41.43,24.41,32.2,21.33,17.02,32.67,77.72,35.68,36.32,26.99,22.99,51.71,30.61,41.94,19.13,44.76,36.68,55.97,34.55]}