{"timestamp":1520726400000,"multiplier":1.0E-5,"open":0.78474,"high":0.78476,"low":0.78474,"close":0.78476,"shift":60000,"times":[1260,1,1,1,1,1,1,1,1,1,1,1,1,1,1,1,1,1,1,1,1,1,1,1,1,1,1,1,1,1,1,1,1,1,1,1,1,1,1,1,1,1,1,1,1,1,1,1,1,1,1,1,1,1,1,1,1,1,1,1,1,1,1,1,1,1,1,1,1,1,1,1,1,1,1,1,1,1,1,1,1,1,1,1,1,1,1,1,1,1,1,1,1,1,1,1,1,1,1,1,1,1,1,1,1,1,1,1,1,1,1,1,1,1,1,1,1,1,1,1,1,1,1,1,1,1,1,1,1,1,1,1,1,1,1,1,1,1,1,1,1,1,1,1,1,1,1,1,1,1,1,1,1,1,1,1,1,1,1,1,1,1,1,1,1,1,1,1,1,1,1,1,1,1,1,1,1,1,1,1],"opens":[0,-6,12,-5,11,19,-6,-1,-13,2,-3,2,6,-1,1,1,10,0,1,-7,1,-11,30,2,-27,4,18,0,0,-5,-14,9,1,1,-1,1,2,0,-22,-9,5,-21,2,14,23,1,1,-4,-2,5,-9,1,-11,-1,-2,4,-7,0,5,1,1,16,11,0,1,0,11,-3,0,-3,6,2,-8,6,2,2,7,1,3,0,-10,0,10,1,0,1,-7,-2,-3,7,0,-17,-1,1,0,-3,0,-1,-5,0,1,8,10,1,1,2,0,-1,-9,11,4,3,-7,6,0,-10,2,9,7,-7,3,-4,7,10,16,-1,14,18,-4,10,-5,-3,9,-8,-4,2,-9,2,9,-9,1,-4,-7,-1,0,5,-3,9,2,-4,-1,-7,11,11,2,1,1,-5,1,0,4,8,16,-3,16,-3,-11,1,-1,0,1,2,8,5,1,2,-12,-15,-5,0],"highs":[0,4,1,11,12,2,-7,-1,-13,2,-1,0,6,-1,2,10,1,1,-1,-6,1,15,14,-9,-14,10,0,0,0,-6,-4,0,1,0,3,-1,0,0,-22,5,-1,-18,4,25,2,6,-6,-3,0,1,-4,-4,0,-12,6,8,-14,1,1,-1,33,4,-8,0,0,12,0,-4,6,-7,7,1,-2,5,4,5,-3,2,4,-4,-7,9,-1,1,0,1,-8,-2,0,7,-3,-16,0,1,-1,-1,-3,-1,-4,0,2,20,-2,1,0,1,0,-1,3,6,0,0,-1,1,-1,-5,9,5,2,2,-5,5,6,12,3,19,11,0,8,-2,-2,3,0,-8,-3,1,-5,8,2,-11,0,-4,-7,-1,6,4,1,3,6,-11,1,4,9,9,0,-3,2,-4,-1,4,5,16,0,17,0,-7,-9,-1,0,1,1,9,9,-2,2,0,-12,-17,-3,1],"lows":[0,-6,8,-8,14,15,0,-17,5,-1,0,2,5,0,1,1,10,-1,-7,0,-8,-2,32,-23,-2,4,18,0,-5,-17,-3,15,1,-14,5,10,1,-22,-17,-3,-9,2,5,13,24,-6,4,-1,-1,-16,-2,5,-1,-6,3,-3,-6,2,8,-4,6,17,7,0,3,1,8,-3,1,-2,3,-2,0,5,4,2,3,5,2,-11,2,0,8,2,-2,-5,0,-2,-1,4,-16,1,0,1,-5,1,0,-5,0,0,1,8,3,1,8,1,0,-9,-2,11,5,-4,0,6,-9,-5,7,2,7,0,-7,-3,16,10,4,9,15,9,6,4,-2,0,2,-11,4,-4,-1,1,0,1,-4,-7,-1,0,1,2,0,8,-1,-2,-6,-3,14,10,3,-4,1,0,0,0,5,8,6,7,13,-13,-1,3,-3,3,1,2,8,-2,8,-11,-14,-11,4,-13],"closes":[0,4,-4,9,17,4,-9,-10,-2,2,-2,1,5,0,2,10,0,2,-6,-1,-11,27,5,-25,2,18,0,0,-5,-17,12,0,2,-10,9,3,0,-23,-8,4,-25,6,14,25,0,1,-4,-1,2,-7,1,-9,1,-6,4,-6,-6,10,2,-5,21,10,0,1,0,12,-4,1,-2,1,6,-8,5,3,1,9,-5,8,0,-11,2,10,0,0,-1,-3,-4,-2,2,3,-16,0,1,0,-5,0,0,-5,0,1,2,16,2,0,0,2,-1,-9,11,4,3,-8,6,1,-9,1,8,6,-4,3,-6,8,9,15,0,15,18,-3,8,-4,-2,8,-7,-4,0,-7,3,6,-8,1,-3,-9,-1,1,5,-3,8,4,-5,-1,-7,11,11,2,1,1,-5,1,-1,5,8,16,-7,20,-2,-10,0,-2,0,1,1,9,6,0,4,-15,-13,-6,0,-13],"volumes":[1.12,2.24,3.37,4.83,11.25,5.57,4.07,13.43,8.75,11.0,16.19,3.5,6.0,4.0,6.0,7.0,5.0,9.44,30.95,12.0,20.0,16.0,22.0,26.5,6.76,7.95,5.95,8.33,5.95,5.38,12.82,9.33,8.2,43.26,21.83,6.95,7.14,16.88,50.0,81.5,73.5,46.0,19.69,19.0,8.0,22.0,18.0,18.0,23.5,31.57,93.5,35.0,27.24,10.0,31.35,23.49,20.0,40.12,8.12,11.61,219.46,56.07,10.64,9.37,11.25,32.51,18.0,20.98,19.73,17.56,60.34,72.33,39.37,52.01,42.87,42.9,22.01,18.13,26.16,28.09,24.71,20.27,23.57,18.5,23.84,23.91,6.07,7.69,12.43,18.62,37.73,26.18,31.76,12.89,47.84,19.13,7.94,11.52,12.39,17.52,8.63,36.85,23.57,28.22,15.87,6.75,6.0,7.1,12.0,23.0,13.0,13.12,19.12,11.94,32.0,39.07,42.0,75.68,60.28,65.63,63.9,98.35,83.56,61.25,48.33,81.7,35.06,34.27,43.0,45.56,65.4,37.34,26.29,61.7,28.24,26.56,29.12,106.2,62.7,23.75,27.34,30.87,41.31,19.93,31.35,55.03,47.43,38.2,28.28,27.09,53.2,66.18,11.62,46.19,44.97,34.72,63.6,30.93,15.68,26.36,35.22,90.49,48.09,99.64,98.7,57.62,38.84,11.77,51.09,40.1,12.25,19.74,24.95,89.59,13.1,78.21,64.2,87.49,52.78,78.37]}