{"timestamp":1521331200000,"multiplier":1.0E-5,"open":1.22817,"high":1.22819,"low":1.22805,"close":1.22819,"shift":60000,"times":[1262,1,1,1,1,1,1,1,1,1,1,1,1,1,1,1,1,1,1,1,1,1,1,1,1,1,1,1,1,1,1,1,1,1,1,1,1,1,1,1,1,1,1,1,1,1,1,1,1,1,1,1,1,1,1,1,1,1,1,1,1,1,1,1,1,1,1,1,1,1,1,1,1,1,1,1,1,1,1,1,1,1,1,1,1,1,1,1,1,1,1,1,1,1,1,1,1,1,1,1,1,1,1,1,1,1,1,1,1,1,1,1,1,1,1,1,1,1,1,1,1,1,1,1,1,1,1,1,1,1,1,1,1,1,1,1,1,1,1,1,1,1,1,1,1,1,1,1,1,1,1,1,1,1,1,1,1,1,1,1,1,1,1,1,1,1,1,1,1,1,1,1,1,1,1,1,1,1],"opens":[0,2,26,17,14,4,-32,37,25,-86,5,49,13,-44,22,7,-14,-2,3,1,-19,0,19,15,-22,-2,0,9,-8,11,-10,1,-18,25,3,28,-20,-3,3,0,3,-1,6,-20,0,0,0,0,1,0,0,1,-1,0,0,0,0,0,15,-4,9,4,-12,-4,-1,8,-1,5,5,4,-13,-22,11,15,5,-1,-10,3,3,-6,-5,0,0,0,1,3,19,-1,-1,5,15,-5,1,-1,4,0,1,-2,0,-19,-2,1,-4,-4,-8,10,-1,3,-4,5,-1,-2,-4,-1,-16,-2,-13,-1,2,7,-10,-12,4,10,-1,0,-1,-10,-7,15,7,-4,4,1,-1,0,-5,4,-1,-3,-12,1,2,0,4,0,-2,-3,1,-14,3,-1,-5,0,0,2,-2,-3,1,3,-4,-3,2,1,-12,1,5,-1,2,-7,-3,0,6,-1,1,-2,-3,-4],"highs":[0,45,0,27,4,-15,5,33,-8,-81,74,-11,-1,-24,10,5,-20,2,0,18,-22,1,31,-13,-20,-3,9,-1,5,-2,-9,11,5,10,13,1,-20,-2,0,2,1,2,18,-35,1,-1,0,1,1,-1,1,0,-1,0,0,0,0,16,13,-8,4,-1,-12,5,-2,0,5,5,4,0,-13,-5,11,4,-1,-2,-7,3,0,-4,-7,1,-1,0,1,21,6,-2,0,20,-5,-1,-3,0,5,-1,0,0,-1,-19,-1,-1,-3,-4,-1,3,2,-1,1,0,0,-3,-4,-1,-15,-2,-13,3,18,-12,-12,-5,8,13,-14,-1,-1,-9,10,5,1,0,0,0,0,1,-2,-2,1,-3,-12,2,-1,8,-3,-1,-2,3,3,-18,-1,4,-9,1,1,-1,-1,-2,1,1,-4,-1,1,0,-9,5,2,-3,0,-7,0,3,3,-1,1,-5,-3,2],"lows":[0,14,25,18,14,-29,-1,39,-62,-1,7,47,-43,12,10,3,3,-1,3,-17,-1,0,16,-6,-3,3,0,-1,2,2,-1,-21,4,23,5,-10,11,4,1,2,2,-1,-17,4,-2,1,0,1,1,0,0,1,-1,0,0,0,-2,2,11,-5,9,-8,1,-2,-2,9,1,3,5,-14,-14,-2,12,13,6,-10,0,3,-6,-4,2,0,0,0,1,3,17,-10,9,6,10,0,-1,0,2,3,-3,2,-19,-2,0,-3,-3,-10,0,8,2,-1,0,4,-5,-1,-2,-16,-10,-10,2,2,1,-1,-24,9,7,8,0,-5,-5,-12,5,14,4,0,4,0,0,-6,1,-1,1,-12,-4,-4,10,0,4,-5,2,-1,-13,0,2,-5,0,0,-1,1,-3,-1,1,-2,0,-1,-3,-6,0,1,4,0,-5,-4,0,0,1,4,0,-4,-3,-2],"closes":[0,26,18,13,4,-33,38,24,-86,5,49,14,-46,20,-10,20,-14,2,1,-18,-1,16,19,-25,1,-1,9,-8,11,-9,0,-15,21,1,31,-20,0,0,-2,3,1,3,-18,1,0,-1,0,2,1,-1,0,1,-1,0,0,0,-1,16,-4,10,4,-10,-6,-2,8,-2,7,4,4,-17,-14,7,16,6,-3,-9,2,3,-8,-4,1,1,-1,0,1,21,0,-2,5,15,-4,0,0,1,4,0,-4,3,-20,-1,0,-4,-3,-10,9,1,3,-4,5,-1,-3,-2,-2,-16,-3,-12,-3,5,7,-11,-14,7,5,2,0,-1,-9,-11,19,7,-2,3,0,-1,0,-4,4,-5,0,-11,-1,3,-1,4,1,-2,-2,2,-16,4,-2,-5,0,1,1,-1,-4,1,2,-3,-2,1,1,-12,1,4,0,2,-7,-4,2,4,-1,0,0,-4,-3,6],"volumes":[8.24,15.74,22.22,39.23,61.6,41.85,43.61,44.44,44.56,38.26,75.96,18.68,65.37,27.12,41.09,30.5,6.0,6.0,6.0,68.68,17.82,8.48,50.17,25.75,17.94,3.0,14.87,28.82,11.39,9.8,9.44,48.07,54.15,54.27,70.58,90.43,10.0,4.99,3.12,20.21,6.74,15.99,58.19,3.5,22.61,5.0,3.0,5.26,7.68,4.89,7.55,1.0,3.05,1.22,2.3,1.0,11.97,13.02,49.03,32.87,19.7,14.69,43.88,80.68,75.86,12.61,24.87,27.91,19.99,69.46,107.82,158.54,74.58,42.39,9.13,26.53,21.08,14.89,35.88,43.83,22.19,33.99,16.31,19.5,1.0,67.79,48.59,54.72,36.17,56.4,34.01,73.95,40.86,51.3,87.79,4.12,19.69,68.93,61.06,30.16,33.5,32.84,19.43,42.46,43.35,27.83,38.05,14.88,42.18,58.43,33.64,18.24,50.37,46.75,68.31,112.9,45.19,34.24,82.62,86.58,108.11,95.93,78.79,125.45,70.06,102.42,51.93,80.9,91.67,49.89,51.37,30.98,17.86,51.97,43.41,48.74,40.87,41.61,23.42,25.18,62.64,69.68,10.12,97.22,39.36,40.02,31.34,60.48,105.23,34.69,29.86,55.73,14.68,46.66,39.23,31.29,58.36,43.92,50.99,45.23,19.0,42.54,109.1,93.17,98.77,84.05,57.3,35.56,82.1,74.83,62.15,87.55,127.28,86.49,65.34,71.31,69.96,68.17]}