{"timestamp":1520121600000,"multiplier":1.0E-5,"open":1.28717,"high":1.28739,"low":1.28717,"close":1.28739,"shift":60000,"times":[1324,1,1,1,1,1,1,1,1,1,1,1,1,1,1,1,1,1,1,1,1,1,1,1,1,1,1,1,1,1,1,1,1,1,1,1,1,1,1,1,1,1,1,1,1,1,1,1,1,1,1,1,1,1,1,1,1,1,1,1,1,1,1,1,1,1,1,1,1,1,1,1,1,1,1,1,1,1,1,1,1,1,1,1,1,1,1,1,1,1,1,1,1,1,1,1,1,1,1,1,1,1,1,1,1,1,1,1,1,1,1,1,1,1,1,1],"opens":[0,24,-1,45,2,-50,62,18,25,-58,44,13,-3,9,1,-8,3,-42,0,15,78,16,-2,-64,2,5,-5,-1,-41,16,2,0,2,-7,2,2,0,2,-2,-1,2,-2,0,14,-24,5,3,2,-7,-3,-3,2,-12,-69,-3,30,9,52,-7,11,13,-14,24,1,14,4,-2,-8,1,3,4,9,2,1,4,11,35,0,-9,2,5,27,2,-14,19,3,4,13,-4,-12,-5,-7,-1,15,-13,2,1,-4,0,-1,-1,-15,-3,0,-3,-8,-2,-4,8,4,-7,-6,2,-3,-11,-17],"highs":[0,2,43,5,-2,3,22,30,0,-5,-5,15,-2,3,1,-9,3,-42,27,69,15,-2,16,-81,9,-3,-5,1,-25,0,1,0,1,-5,4,-1,1,1,-2,2,-1,-2,14,-1,-18,3,2,0,-8,-2,-2,0,-11,-70,26,14,72,-21,3,18,-7,12,5,10,10,-6,-3,-8,5,2,11,-1,4,3,9,48,-5,-7,-8,6,34,0,-3,5,10,-4,18,-4,-6,-12,-1,-11,14,0,-9,0,0,0,-5,-1,-1,-9,-6,10,-12,-10,0,1,14,-10,-8,-3,0,-4,-10,-16],"lows":[0,23,-2,44,1,-50,30,54,23,-56,37,19,-2,8,0,-7,1,-39,-3,18,78,14,-67,3,2,-18,13,-37,0,15,-1,3,-3,-2,2,3,-1,0,-1,0,0,-2,2,-4,-7,7,-1,-2,-2,-4,1,-13,-80,-2,9,31,9,45,2,12,-3,2,24,1,14,2,-8,-8,8,2,6,3,-2,2,9,14,32,-23,6,12,4,15,0,2,8,7,7,8,-10,-3,-6,-1,0,2,1,-1,0,0,-3,0,-15,-4,1,-1,-17,5,-5,1,9,-5,-7,3,-4,-10,-15,-8],"closes":[0,1,44,3,-2,3,24,29,-1,-11,-1,12,5,3,0,-9,1,-39,15,79,17,-2,-65,-1,7,-4,-2,-41,15,2,1,1,-5,1,2,1,1,-2,0,1,-2,-1,16,-19,-1,4,2,-9,-1,-4,2,-11,-68,-5,26,15,50,-8,12,13,-13,23,2,13,2,0,-8,1,5,2,9,0,3,3,9,38,0,-9,1,6,31,-2,-15,20,1,6,13,-3,-12,-7,-7,-1,14,-11,2,1,-4,0,-2,-1,-15,1,-2,-3,-8,-4,-4,9,5,-8,-6,1,-2,-11,-17,-4],"volumes":[1.5,3.75,4.75,5.68,3.0,6.99,6.37,3.75,1.5,11.25,6.0,32.25,1.5,4.5,8.25,1.5,2.25,3.0,40.69,23.99,11.0,27.0,22.41,7.5,10.5,13.31,18.91,37.68,43.39,19.7,24.1,26.15,21.94,18.05,33.01,4.35,19.35,33.87,15.6,31.51,11.05,53.15,58.17,40.84,24.6,17.85,13.85,13.1,10.0,15.05,5.0,20.85,136.89,59.81,66.65,40.12,206.47,88.41,80.63,92.53,55.17,51.71,44.15,89.71,76.37,25.64,70.29,53.78,28.61,33.12,73.67,81.77,81.3,68.57,50.82,175.9,60.73,119.2,69.97,87.49,110.88,118.77,93.4,100.22,77.12,58.0,110.69,76.93,132.63,57.81,74.35,59.29,66.29,68.51,67.9,78.12,119.03,100.28,34.15,35.6,68.04,69.74,21.49,38.55,65.73,39.36,32.28,29.49,57.29,26.5,39.29,12.5,34.45,38.24,54.21,31.22]}