{"timestamp":1595721600000,"multiplier":1.0E-5,"open":0.95104,"high":0.95107,"low":0.95104,"close":0.95107,"shift":60000,"times":[1261,1,2,1,1,1,1,2,1,1,13,1,1,1,1,1,1,1,1,1,1,1,1,1,1,1,1,1,1,1,1,1,1,1,1,1,1,1,1,1,1,1,1,1,1,1,1,1,1,1,1,1,1,1,1,1,1,1,1,1,1,1,1,1,1,1,1,1,1,1,1,1,1,1,1,1,1,1,1,1,1,1,1,1,1,1,1,1,1,1,1,1,1,1,1,1,1,1,1,1,1,1,1,1,1,1,1,1,1,1,1,1,1,1,1,1,1,1,1,1,1,1,1,1,1,1,1,1,1,1,1,1,1,1,1,1,1,1,1,1,1,1,1,1,1,1,1,1,1,1,1,1,1,1,1,1,1,1,1,1,1,1,1,1,1],"opens":[0,-6,-1,1,0,0,-2,-42,44,-1,2,41,0,0,0,0,124,-103,48,23,31,-37,37,-71,36,0,32,-1,0,-6,-24,-3,-46,34,0,5,-34,-48,-9,66,15,18,-4,-8,-22,-20,66,-1,5,-11,-20,-21,-11,-1,0,-1,-12,-4,4,-12,5,5,-5,-8,-2,9,0,-12,-4,-5,6,3,6,14,-5,-3,17,5,7,-9,8,10,5,-11,1,-3,-3,-1,20,1,-3,-8,-11,-2,15,0,-4,-6,14,18,7,-10,-3,7,0,16,-25,-12,7,0,12,-7,2,2,12,-9,13,-2,8,0,-7,1,-3,-2,12,1,-8,32,0,8,-2,2,0,-1,7,-8,4,10,14,1,17,-2,-5,1,5,6,-3,2,-1,11,-13,-8,3,-8,-2,-12,-3,1,-16,-12,5,7,-13,-5,-15],"highs":[0,-9,-1,1,0,0,-2,2,0,0,42,0,0,71,-71,124,0,25,-51,28,-2,24,-21,-37,3,32,14,-19,-1,-6,-24,-3,-5,-7,5,0,-34,-48,76,53,0,-38,-5,-8,-13,49,-7,12,-13,0,-28,-21,3,-7,-9,12,-14,-10,2,-10,10,-5,6,-11,-2,16,-5,-18,-9,-1,9,9,8,5,-11,15,20,-6,3,-9,18,-1,1,-5,-5,3,0,9,3,-2,1,-13,-6,8,2,-2,0,11,15,6,0,-13,10,2,11,-1,-26,-2,0,11,1,-3,2,5,4,4,9,3,-7,0,3,-3,-7,11,0,-1,25,0,12,2,-4,-2,-4,10,-4,5,14,9,4,6,5,-2,-4,-1,10,-1,5,-5,11,-2,-13,-3,-2,-1,-9,-11,-3,-2,-12,-5,2,2,-8,-13,-13],"lows":[0,-6,-1,1,0,0,-2,-42,43,0,2,41,0,-8,8,0,11,10,45,26,-6,0,-33,-5,27,7,37,0,0,-30,-25,-24,-1,-11,46,-67,-18,5,-9,65,19,13,-7,-22,0,-20,35,16,0,-12,-25,-8,1,-5,-6,-5,-3,-4,-6,-3,3,2,-4,-1,-2,8,-12,-4,-7,0,10,1,10,6,-7,6,14,5,5,-6,11,5,-2,1,-6,1,-2,-2,18,3,-16,-1,-6,2,12,-2,-8,-1,15,21,0,-12,3,9,-3,-8,-23,9,-2,14,-12,11,3,0,9,-1,10,-2,4,-3,2,-7,-4,9,3,-2,1,30,4,4,-2,1,3,-2,3,-1,4,9,15,1,15,-5,-4,-1,7,3,2,-8,7,-7,-6,2,-2,2,-16,-12,5,-15,-9,4,-1,-2,-4,-25,-3],"closes":[0,-9,-1,1,0,0,-2,2,-1,1,42,0,0,0,0,123,-100,93,-24,31,-37,54,-69,16,1,32,-1,1,-1,-30,-3,-46,34,0,5,-56,-33,4,15,61,17,-4,-8,-22,5,42,-3,6,-16,-9,-30,-9,2,-2,-1,-14,-2,4,-12,7,3,-6,-6,-1,7,-2,-9,-7,-4,5,6,5,12,-6,1,15,9,4,-6,4,11,5,-11,3,-4,-2,-4,22,0,-3,-10,-7,-5,16,-1,0,-10,14,17,12,-9,-8,7,1,16,-23,-15,6,1,14,-10,1,8,7,-5,11,-3,6,5,-7,-1,-7,1,8,9,-14,35,1,6,-3,6,-3,-1,2,-1,4,10,13,0,16,-1,-4,0,5,9,-5,3,-1,11,-14,-7,2,-6,-3,-13,-1,-1,-17,-16,10,8,-14,-5,-15,-11],"volumes":[2.05,1.0,1.0,2.5,4.8,5.0,1.0,5.05,5.0,1.75,2.06,1.05,1.8,11.8,1.05,50.55,30.6,23.79,15.43,13.73,32.98,29.02,33.95,58.35,7.0,87.0,154.0,15.0,3.0,59.5,36.5,30.45,11.6,13.2,17.0,8.9,21.5,5.05,21.57,59.6,50.55,13.0,12.0,13.0,25.38,79.26,82.36,62.51,34.09,37.39,28.24,17.76,17.02,22.37,46.49,50.61,77.38,47.38,100.68,53.47,93.34,63.2,59.3,93.47,97.06,118.96,120.79,82.99,109.37,140.29,109.44,124.85,113.18,148.38,74.0,135.56,142.08,72.84,155.63,61.64,84.51,101.0,126.53,31.16,62.47,53.66,77.12,88.81,89.94,49.49,192.61,92.76,28.44,63.37,46.69,47.88,46.73,88.36,78.87,36.4,49.04,84.72,98.4,99.22,85.75,135.5,223.36,287.35,258.77,246.8,266.77,193.99,219.94,211.23,114.43,87.08,124.21,219.5,152.59,141.98,247.38,240.58,165.76,115.95,177.83,145.43,189.35,118.66,159.23,131.18,151.37,119.05,67.42,95.72,67.93,108.23,202.86,145.27,130.35,116.02,118.29,121.42,175.38,91.31,140.89,101.94,138.22,120.86,178.23,139.32,109.45,124.35,138.11,75.61,167.1,154.83,136.14,223.78,177.11,160.58,138.03,118.17,132.92,98.75,176.14]}