{"timestamp":1593907200000,"multiplier":1.0E-5,"open":0.93955,"high":0.93956,"low":0.93955,"close":0.93956,"shift":60000,"times":[1260,1,1,1,2,1,1,1,1,1,1,1,1,1,1,1,1,1,1,1,1,1,1,1,1,1,1,1,1,1,1,1,1,1,1,1,1,1,1,1,1,1,1,1,1,1,1,1,1,1,1,1,1,1,1,1,1,1,1,1,1,1,1,1,1,1,1,1,1,1,1,1,1,1,1,1,1,1,1,1,1,1,1,1,1,1,1,1,1,1,1,1,1,1,1,1,1,1,1,1,1,1,1,1,1,1,1,1,1,1,1,1,1,1,1,1,1,1,1,1,1,1,1,1,1,1,1,1,1,1,1,1,1,1,1,1,1,1,1,1,1,1,1,1,1,1,1,1,1,1,1,1,1,1,1,1,1,1,1,1,1,1,1,1,1,1,1,1,1,1,1,1,1,1,1,1,1,1,1],"opens":[0,1,0,0,24,1,12,-23,19,-18,8,-10,2,1,0,2,-2,-34,-44,0,0,47,-20,0,19,-18,-18,15,0,19,19,-49,44,0,25,-29,-1,0,-15,-9,0,47,-47,9,0,-8,-1,-1,1,54,1,-4,16,-29,22,-14,0,-4,-18,10,113,16,-16,-14,-9,9,1,1,-7,18,-5,6,-8,-2,-9,7,-5,-11,0,3,-2,1,1,-19,11,0,11,-10,-2,-2,13,-2,0,2,-4,1,10,5,-1,5,-1,1,-2,2,4,15,6,0,0,0,-2,3,-1,3,-1,6,0,-15,12,0,-12,-3,7,-5,9,0,2,0,0,1,11,-1,-15,11,4,-13,0,-1,1,4,-3,1,-1,1,0,2,3,3,-2,6,-2,4,-2,4,1,-1,2,-9,-2,7,2,0,-1,5,7,-3,0,1,12,-9,5,18,1,-3,6,3,6,-13,-12],"highs":[0,2,42,-30,12,2,15,-1,-8,0,-10,-4,-3,-1,3,3,0,-40,-44,0,47,0,-20,20,0,-19,19,-22,19,38,-16,1,0,16,0,-29,0,20,-36,-9,47,0,-38,0,0,1,-9,5,-5,53,1,-4,17,2,0,-24,0,-4,-7,129,10,-4,-23,-14,1,8,-6,4,8,-1,0,6,-3,-6,-3,-6,4,-17,1,0,1,-2,0,-5,2,9,-3,-7,4,4,-2,0,7,-5,2,6,7,1,-3,4,0,-2,1,-2,24,2,2,-3,0,1,1,6,13,-18,2,3,0,2,-3,-1,-12,5,-1,6,1,-2,5,0,1,10,-3,-1,-3,3,0,-12,-1,-1,9,-2,-2,0,-3,2,6,3,-5,3,7,-1,1,3,-2,0,0,3,0,-10,9,-2,-1,1,3,10,0,-2,-2,10,1,-2,16,6,-3,4,3,3,0,-13,-9],"lows":[0,1,-1,1,24,1,12,-24,20,-20,0,-8,10,1,0,1,-1,-96,18,0,0,27,0,0,0,1,-18,15,0,-1,39,-49,43,0,-4,1,-1,-24,9,-9,0,0,-4,3,-11,13,-2,0,1,9,-8,4,33,-27,34,-34,20,-4,-13,20,109,2,-23,0,-4,9,0,-3,3,9,2,2,-3,-9,0,-1,-10,-1,-1,6,-6,5,-19,2,9,2,1,-4,-2,-2,12,-1,4,-2,0,1,10,1,3,3,1,-3,2,0,4,17,3,2,-5,4,-3,5,-4,0,6,3,-12,-3,13,-11,-13,10,2,-2,9,3,1,0,-3,0,11,-13,2,9,-8,-2,-1,1,1,-4,6,-6,4,3,-1,-1,6,0,-5,12,0,2,0,-1,-1,6,-8,-3,-2,7,1,0,2,3,5,2,-10,12,-4,4,2,20,0,1,5,2,-4,-17,-4],"closes":[0,2,42,-30,12,2,15,-3,-6,-21,0,0,4,-1,2,-1,5,-84,0,0,46,-19,0,20,-20,1,13,-16,12,26,3,-17,8,25,-28,0,0,20,-36,-9,47,-47,9,-10,-11,14,-3,5,-4,10,-4,33,0,21,-14,-1,-8,-2,-9,121,23,-23,-18,-5,9,-2,2,-4,16,-4,1,-2,-3,-8,11,-12,-9,-1,5,-1,-1,1,-21,14,4,9,-13,-3,0,10,2,0,2,-5,3,8,6,-3,4,2,-2,0,0,0,21,6,-2,0,0,1,2,-1,0,0,3,2,-13,12,1,-12,-4,8,-6,6,5,-1,4,-1,-1,12,-6,-10,10,4,-13,-1,-3,4,4,-4,4,-3,1,0,1,4,1,-2,8,-2,5,-3,5,0,0,-1,-8,-1,5,4,0,-2,4,11,-5,-1,2,11,-9,6,18,2,-3,4,4,6,-12,-14,2],"volumes":[2.48,2.65,3.11,3.0,1.5,3.0,4.5,5.75,2.25,5.55,13.14,7.7,5.15,4.6,10.2,9.0,7.7,31.0,9.4,10.5,12.78,5.6,1.0,12.55,3.05,1.0,4.7,1.0,9.65,14.0,2.1,8.9,11.45,20.55,13.45,8.8,4.0,19.19,2.1,2.5,8.65,2.58,5.25,3.15,8.4,16.2,7.55,6.3,6.3,19.74,33.07,36.39,7.06,5.29,13.57,17.55,26.65,23.72,8.26,122.42,81.79,22.54,16.79,17.1,19.94,17.71,6.27,13.92,45.12,37.41,36.56,37.99,30.99,53.5,44.19,26.19,40.19,40.25,37.5,25.0,19.62,4.75,37.12,25.62,17.5,10.0,11.62,14.5,23.81,35.29,19.19,9.0,17.0,12.5,15.5,22.5,19.75,33.19,11.75,34.5,40.06,34.5,41.5,23.12,35.0,16.25,19.19,4.5,18.93,7.5,22.94,42.61,50.92,27.62,35.12,16.0,27.44,38.11,27.56,67.18,77.31,47.19,22.75,55.42,38.24,13.81,37.93,48.97,49.34,57.04,33.3,64.48,76.35,50.38,57.78,70.98,58.62,47.86,44.12,79.69,30.95,50.98,45.61,27.0,76.46,77.57,21.41,47.96,92.59,46.56,47.13,44.6,31.45,44.64,37.4,33.35,40.9,36.1,75.47,45.46,42.84,47.15,33.71,61.5,56.9,34.97,81.01,19.04,40.38,69.86,143.74,124.68,176.79,82.26,70.68,63.58,48.86,125.62,129.91]}