{"timestamp":1594512000000,"multiplier":0.001,"open":6156.904,"high":6157.375,"low":6156.187,"close":6157.144,"shift":60000,"times":[1352,1,1,1,1,1,1,1,1,1,1,1,1,1,1,1,1,1,1,1,1,1,1,1,1,1,1,1,1,1,1,1,1,1,1,1,1,1,1,1,1,1,1,1,1,1,1,1,1,1,1,1,1,1,1,1,1,1,1,1,1,1,1,1,1,1,1,1,1,1,1,1,1,1,1,1,1,1,1,1,1,1,1,1,1,1,1],"opens":[0,-231,453,501,-4457,954,477,98,-1304,-2145,-477,-1495,-6,942,-720,-231,711,1926,-1206,-468,-468,465,6,-610,-720,1819,-12,1949,-9,-240,1227,-2424,18,0,951,-1443,-1655,-252,-255,-3360,732,104,-818,942,-699,936,273,-720,-1959,-2111,-729,-2655,2750,-1058,-1102,2311,-252,702,3113,-4772,468,1310,847,-3,2156,-443,-498,-228,-1710,-2163,963,732,0,1458,447,499,-2898,341,1078,-441,-498,-243,465,-234,-1410,-273,-693],"highs":[0,1187,107,-1042,-4013,1940,12,-480,-1691,-1185,-1437,-1495,1455,326,-1565,720,2406,969,-1905,-960,12,-397,-83,-39,741,252,1466,-21,978,-966,1428,-1911,-957,1683,-732,-963,-1419,-387,0,-2483,-963,86,382,-12,590,-92,6,-960,-1437,-1919,-1443,468,107,-599,276,462,255,3329,-471,-4337,1950,960,-474,1916,951,-489,-1430,3,-1686,-1096,847,-474,963,1911,-867,480,-2489,1440,483,-960,-966,936,-480,-364,-960,-116,-1413],"lows":[0,459,246,-4226,12,1428,492,-963,-1437,-1920,-1975,-471,1440,18,-987,495,978,948,-30,-1911,483,-3,-450,453,-936,1419,957,500,468,-441,465,-489,-969,987,9,-2396,-498,107,-4442,504,456,12,252,231,-12,486,474,-3836,-595,-842,-3718,376,2024,-960,240,2050,-237,237,-459,-2421,2400,1310,133,477,1440,465,-1425,-972,-2758,598,963,-246,966,954,-450,-1001,15,-468,1671,-1215,-972,972,-459,-507,12,-477,-1928],"closes":[0,-492,1412,-5392,942,1205,240,-1424,-1437,-948,-2452,3,1920,-972,-969,1434,1440,-444,-504,-1428,1446,-738,-213,-507,1692,-714,1937,-12,15,483,-954,-27,-954,960,-456,-2396,453,-450,-3858,1452,-975,0,969,-382,960,-92,-507,-2862,-1439,-726,-2607,1902,-24,-1795,2296,471,24,2876,-3836,-501,1935,954,-6,1422,512,-488,-480,-1461,-2385,960,107,-92,1410,1233,-171,-2006,-483,1920,-516,-1416,9,951,-948,-729,-237,-489,-1907],"volumes":[3.75E-4,6.75E-4,6.25E-4,3.75E-4,2.0E-4,4.0E-4,3.25E-4,2.75E-4,2.75E-4,8.5E-4,0.001,5.25E-4,6.5E-4,5.0E-4,2.75E-4,3.25E-4,8.75E-4,7.75E-4,4.75E-4,6.25E-4,4.25E-4,5.25E-4,4.5E-4,2.25E-4,3.0E-4,3.5E-4,3.25E-4,4.25E-4,7.5E-4,2.25E-4,8.75E-4,3.0E-4,4.0E-4,4.25E-4,1.75E-4,4.0E-4,7.0E-4,3.75E-4,8.25E-4,6.5E-4,7.25E-4,5.5E-4,2.25E-4,2.25E-4,2.5E-4,3.5E-4,1.75E-4,0.001025,5.0E-4,6.5E-4,6.5E-4,0.00125,5.75E-4,4.5E-4,7.75E-4,2.5E-4,5.0E-4,7.75E-4,0.001075,7.5E-4,7.75E-4,6.0E-4,3.75E-4,4.5E-4,7.0E-4,5.0E-4,4.25E-4,3.25E-4,8.75E-4,3.0E-4,4.0E-4,4.0E-4,4.5E-4,9.5E-4,3.75E-4,6.5E-4,1.5E-4,4.5E-4,6.0E-4,4.75E-4,3.75E-4,4.5E-4,5.0E-4,3.5E-4,4.0E-4,2.75E-4,1.75E-4]}