{"timestamp":1339286400000,"multiplier":1.0E-5,"open":0.99845,"high":0.99845,"low":0.9984,"close":0.99841,"shift":60000,"times":[1260,1,1,1,1,1,1,1,1,1,1,1,1,1,1,1,1,1,1,1,1,1,1,1,1,1,1,1,1,1,1,1,1,1,1,1,1,1,1,1,1,1,1,1,1,1,1,1,1,1,1,1,1,1,1,1,1,1,1,1,1,1,1,1,1,1,1,1,1,1,1,1,1,1,1,1,1,1,1,1,1,1,1,1,1,1,1,1,1,1,1,1,1,1,1,1,1,1,1,1,1,1,1,1,1,1,1,1,1,1,1,1,1,1,1,1,1,1,1,1,1,1,1,1,1,1,1,1,1,1,1,1,1,1,1,1,1,1,1,1,1,1,1,1,1,1,1,1,1,1,1,1,1,1,1,1,1,1,1,1,1,1,1,1,1,1,1,1,1,1,1,1,1,1,1,1,1,1,1,1],"opens":[0,-6,5,3,36,0,-9,1,-4,-8,2,14,-3,5,-1,1,-11,11,-9,36,12,21,19,-9,-1,-3,3,3,7,-20,13,17,14,35,30,10,0,-21,4,-3,9,1,-4,5,-1,0,15,-41,-13,-31,0,-13,1,-4,-13,13,-7,-17,-54,-9,-3,38,18,3,10,41,10,2,17,12,-2,-45,-19,-30,-30,-67,-34,2,-5,12,-2,0,4,-7,-57,7,15,43,75,40,17,17,22,-9,-24,-52,-12,-4,-6,0,4,-1,0,-9,-19,-1,4,-8,-31,-7,22,-2,-16,15,-11,-10,19,16,18,-21,-5,27,0,-11,13,24,1,18,-14,-34,-17,-33,-4,-7,-26,11,9,1,-19,21,9,5,-21,-48,-12,-5,-27,31,-14,-18,6,33,-47,-3,-12,4,8,1,-2,0,-7,11,1,18,11,-2,13,19,6,23,36,-9,12,-53,4,2,24,16,12,17],"highs":[0,-2,6,38,4,11,-27,0,-4,-4,4,8,5,-3,8,1,-9,4,15,31,10,19,1,-1,-10,7,7,-4,4,-5,10,19,43,22,15,-8,0,-18,1,-4,15,-5,1,0,-1,15,0,-35,-19,-4,-22,-18,3,-6,-5,5,-7,-6,-65,1,25,47,-24,20,28,11,6,11,37,-13,-12,-45,-15,-34,-26,-71,-31,-1,8,-1,11,9,-8,-17,-47,12,45,73,45,4,47,4,16,-29,-23,-41,-22,-2,-9,3,2,-3,0,-9,-15,4,-5,-6,-33,23,-4,-6,9,4,-24,23,0,22,1,-17,23,12,-13,4,15,2,16,0,-14,-31,-20,-21,-10,-13,-16,18,3,-1,-7,16,1,-3,-21,-48,-12,-5,14,2,-26,-12,39,1,-54,-2,6,-6,2,5,-7,-2,4,0,18,13,4,5,21,8,29,25,13,-10,2,-49,2,25,30,-3,16,4],"lows":[0,-2,-1,9,32,-4,-2,-1,-7,-1,2,3,7,5,0,-17,7,0,-8,34,24,21,9,-10,4,0,6,3,-20,6,9,21,14,31,35,0,-11,-2,-15,18,7,0,-5,8,-1,-3,-22,-13,-41,7,-6,-4,-3,-16,3,0,-15,-49,-10,-6,-1,33,22,8,10,40,10,-7,27,0,-35,-26,-31,-21,-69,-30,-7,0,-2,13,-2,1,-9,-53,-13,15,23,43,74,9,26,17,36,-24,-89,21,-15,3,5,1,3,-1,-12,-31,11,2,-2,-31,-8,1,16,-12,-5,6,-7,-2,14,22,-11,1,-2,31,-9,-1,10,20,1,9,-31,-18,-34,-3,-13,-27,-12,22,7,-8,0,21,-10,-2,-56,0,-10,-39,17,11,-14,-17,26,-19,0,-19,4,-1,7,1,9,-8,1,6,6,18,8,0,13,18,8,23,26,0,-54,12,3,3,24,16,12,16],"closes":[0,-1,7,39,-5,-7,1,-4,-7,1,5,5,6,-1,0,-10,0,15,13,22,20,20,-6,-4,-1,1,3,7,-21,18,7,20,34,28,9,5,-21,3,-3,0,10,-3,4,-1,0,9,-30,-18,-31,3,-12,-4,-3,-14,9,-8,-13,-51,-10,0,35,23,-4,14,38,11,2,15,15,-2,-46,-18,-31,-29,-69,-30,-1,-5,12,-2,-1,8,-12,-55,7,15,43,74,41,6,25,28,-12,-24,-60,-2,-2,-10,1,3,-1,0,-8,-20,-3,7,-8,-32,-7,21,0,-17,15,-11,-10,20,14,20,-22,-8,25,4,-9,12,24,1,18,-16,-29,-20,-33,-4,-3,-30,9,11,1,-19,21,9,8,-27,-45,-12,-5,-27,32,-16,-17,6,31,-44,-4,-13,5,8,1,1,-3,-8,12,-1,17,14,0,9,22,7,18,37,-6,8,-54,8,2,23,12,17,16,3],"volumes":[14.75,21.75,32.25,42.75,44.03,39.0,42.0,4.5,32.25,15.75,14.25,16.5,24.75,74.16,49.77,98.59,37.5,52.51,40.13,63.04,28.53,39.06,31.67,52.13,33.02,29.63,34.98,31.83,59.28,33.81,73.98,73.66,103.27,113.66,62.68,55.15,110.01,32.64,82.94,22.88,41.33,32.35,32.68,19.51,22.55,50.75,82.6,108.05,82.52,112.56,31.14,4.5,9.0,79.91,22.5,11.26,33.02,88.64,23.27,14.25,65.26,65.04,22.5,38.65,99.02,41.57,60.86,98.57,165.55,76.38,101.58,93.76,112.07,86.67,171.92,103.24,73.83,65.25,60.75,60.0,78.21,105.42,102.96,141.92,136.88,95.51,102.51,165.24,170.37,128.37,290.75,190.17,124.22,56.66,188.05,138.09,67.38,129.83,24.34,25.24,28.67,15.41,73.52,163.49,78.1,47.03,41.6,79.75,53.18,107.11,38.55,54.71,86.8,122.97,78.1,84.44,58.54,67.18,80.42,69.86,171.29,90.5,67.61,56.65,62.35,60.19,95.47,42.09,69.56,141.4,126.3,120.42,101.22,140.27,142.28,113.51,147.85,81.15,57.3,68.18,115.88,68.26,163.91,56.4,37.13,129.38,142.14,96.38,60.47,140.16,96.47,109.12,73.58,133.3,86.26,116.25,152.63,93.46,60.75,57.38,37.53,55.17,61.58,130.5,79.5,117.76,94.68,53.63,111.77,88.53,175.35,53.3,141.53,46.5,49.5,87.16,158.87,129.77,62.63,112.14]}