{"timestamp":1339891200000,"multiplier":1.0E-5,"open":0.94553,"high":0.94559,"low":0.94553,"close":0.94555,"shift":60000,"times":[1260,1,1,1,1,1,1,1,1,1,1,1,1,1,1,1,1,1,1,1,1,1,1,1,1,1,1,1,1,1,1,1,1,1,1,1,1,1,1,1,1,1,1,1,1,1,1,1,1,1,1,1,1,1,1,1,1,1,1,1,1,1,1,1,1,1,1,1,1,1,1,1,1,1,1,1,1,1,1,1,1,1,1,1,1,1,1,1,1,1,1,1,1,1,1,1,1,1,1,1,1,1,1,1,1,1,1,1,1,1,1,1,1,1,1,1,1,1,1,1,1,1,1,1,1,1,1,1,1,1,1,1,1,1,1,1,1,1,1,1,1,1,1,1,1,1,1,1,1,1,1,1,1,1,1,1,1,1,1,1,1,1,1,1,1,1,1,1,1,1,1,1,1,1,1,1,1,1,1,1],"opens":[0,0,1,2,-4,4,22,-16,-1,-30,-4,29,-24,13,-5,0,15,-7,-6,-16,0,21,4,-12,7,-20,1,24,-3,2,14,-16,2,-1,-21,1,-5,13,-6,3,-4,5,-10,1,-16,1,-12,-58,-78,0,5,-2,-41,-44,53,-36,-16,-5,6,12,-30,-50,8,23,17,-3,0,6,52,38,6,-3,30,-18,-4,18,-16,1,5,-2,-27,-46,5,4,-17,-42,-17,-16,29,4,-1,-10,0,-1,-5,-1,9,8,20,14,5,1,5,-20,-1,-17,15,34,-5,5,-1,6,9,6,43,7,15,65,-10,42,-34,1,-3,0,3,-11,-2,-6,20,-12,-1,13,0,-4,11,0,14,32,1,-24,-3,-3,-2,0,7,2,4,0,-6,3,-7,24,-11,19,0,-8,-5,-9,-13,-30,-1,-21,-3,11,10,0,21,14,4,-1,14,33,-3,4,14,-12,1,9,5,-2],"highs":[0,-1,0,-2,3,27,-8,-15,27,-44,10,0,0,-11,-5,17,0,-9,-6,-16,19,7,-1,-4,1,-22,25,3,-4,15,3,-5,-12,-1,-17,-4,15,-5,-2,1,5,-3,-7,0,-13,-8,-13,-58,-67,2,24,-33,-31,2,-4,-35,-16,1,2,9,-30,-28,24,12,0,-5,-2,74,37,-5,-6,18,22,-27,13,-7,-6,-4,0,2,-28,-36,-1,-3,-7,-52,-15,14,4,5,-6,-12,4,-5,-3,4,15,14,12,18,-4,-1,1,-12,-9,-3,37,0,-3,1,4,13,6,42,9,14,84,-23,56,-24,-28,-5,5,-3,6,-19,0,30,-18,-10,13,5,-8,8,1,16,27,10,-8,-24,-3,0,4,0,3,1,4,-4,3,-1,10,5,6,0,17,-25,-4,-11,-13,-24,-7,-21,6,10,5,19,13,8,-3,14,32,1,1,22,-10,-11,19,-5,0,2],"lows":[0,-8,8,-2,-5,10,2,1,-33,0,1,0,2,13,-2,0,-7,7,2,-16,0,21,-9,-5,11,-18,1,21,-3,-6,-3,7,-6,-6,-3,-12,-2,16,1,-3,0,-19,9,-9,-5,-11,-54,-80,-12,7,12,-41,-52,4,6,-9,-7,5,5,-12,-51,1,8,23,-2,3,7,9,54,25,-1,13,10,-6,9,-2,-4,7,2,-31,-49,3,1,-6,-38,-19,-14,0,16,15,-8,-2,-5,-3,0,2,6,11,17,15,2,3,-11,-2,-28,8,16,22,8,0,2,9,9,3,40,13,15,51,2,12,-4,0,-4,1,-5,-10,2,0,7,-1,-3,11,-3,5,9,2,8,30,-17,-1,-5,0,-17,16,8,2,4,-7,-2,-2,-2,16,0,9,2,-7,-7,-13,-30,-2,-22,-1,-2,10,10,3,20,15,-2,4,15,30,-4,8,2,-1,-5,16,3,0],"closes":[0,1,2,-3,1,24,-18,1,-14,-22,29,-29,16,-1,-2,15,-11,-2,0,-16,19,7,-14,6,0,-18,25,-1,-3,17,-15,0,2,-20,-2,-3,16,-5,-3,-6,12,-18,2,-14,-2,-9,-60,-80,3,8,-4,-40,-45,56,-38,-16,-6,6,2,-20,-49,8,21,17,-2,0,6,52,37,8,-4,25,-13,-3,16,-15,1,5,-2,-26,-46,3,5,-20,-39,-16,-17,27,8,-3,-9,0,-3,-4,-2,9,8,21,12,7,-1,7,-19,1,-19,14,36,-10,8,1,4,8,5,48,4,15,66,-9,40,-32,-3,0,-4,6,-11,-3,-5,22,-9,-4,14,-1,-6,11,0,15,30,4,-26,-3,-5,1,-1,7,2,2,2,-3,-1,-4,20,-9,20,-2,-7,-5,-9,-13,-30,-1,-22,-2,9,10,2,21,14,6,-3,14,33,-3,5,13,-12,1,9,5,0,0],"volumes":[10.5,58.52,12.0,10.88,81.76,42.75,51.75,18.0,111.81,57.0,5.25,4.88,11.86,11.1,4.52,14.63,33.35,10.5,1.5,1.1,4.1,12.0,6.0,19.52,7.5,1.48,14.98,9.0,7.5,41.21,35.23,50.24,21.7,31.5,22.5,48.0,59.99,10.13,7.13,13.5,22.5,66.38,48.8,44.66,37.16,35.26,80.68,103.25,61.73,47.41,89.03,85.36,140.22,79.05,161.96,95.42,63.96,56.61,24.03,68.37,94.9,46.79,66.71,52.57,170.04,131.41,56.39,146.1,163.11,183.77,139.18,67.52,129.88,56.97,86.96,48.63,39.73,31.88,16.25,126.95,179.03,138.69,69.19,45.52,115.32,83.07,114.53,100.61,85.11,58.64,69.67,63.2,74.8,61.09,65.92,24.07,37.32,75.99,56.07,73.8,47.46,28.25,55.85,34.69,57.97,37.26,58.53,57.45,30.07,25.37,30.92,33.55,20.29,106.11,87.26,75.15,142.64,74.15,159.37,180.44,78.79,25.56,85.92,77.66,70.14,84.77,61.57,186.8,49.47,26.18,104.82,56.31,66.15,60.04,60.35,87.49,78.73,124.32,99.26,59.63,61.85,34.44,96.37,30.8,31.91,22.15,33.76,61.53,84.27,31.96,73.97,43.53,31.13,45.3,92.08,21.71,32.99,26.94,79.19,56.3,77.53,17.98,47.17,43.87,41.63,49.71,52.87,66.33,86.46,87.37,119.56,60.9,27.79,52.39,27.72,12.4,81.31,35.67,7.1,27.78]}