{"timestamp":1552780800000,"multiplier":1.0E-5,"open":0.94467,"high":0.94474,"low":0.94449,"close":0.94449,"shift":60000,"times":[1260,1,1,1,1,1,1,1,1,1,1,1,1,1,1,1,1,1,1,1,1,1,1,1,1,1,1,1,1,1,1,1,1,1,1,1,1,1,1,1,1,1,1,1,1,1,1,1,1,1,1,1,1,1,1,1,1,1,1,1,1,1,1,1,1,1,1,1,1,1,1,1,1,1,1,1,1,1,1,1,1,1,1,1,1,1,1,1,1,1,1,1,1,1,1,1,1,1,1,1,1,1,1,1,1,1,1,1,1,1,1,1,1,1,1,1,1,1,1,1,1,1,1,1,1,1,1,1,1,1,1,1,1,1,1,1,1,1,1,1,1,1,1,1,1,1,1,1,1,1,1,1,1,1,1,1,1,1,1,1,1,1,1,1,1,1,1,1,1,1,1,1,1,1,1,1,1,1,1,1],"opens":[0,-12,-16,2,-13,2,0,3,12,7,22,2,-20,-6,-11,7,-2,-12,-1,-1,-26,-1,0,12,-2,-1,2,0,3,12,44,16,-2,-7,2,-8,-10,-4,-1,0,-2,3,0,-3,-21,14,4,-12,-2,-18,4,2,3,26,-1,2,10,-3,-23,20,3,11,11,5,-9,0,8,6,1,4,2,0,0,-10,0,-3,12,-8,15,-7,-7,-2,3,1,-7,1,-5,0,1,3,0,20,-11,-2,-10,2,1,4,1,1,-3,0,-1,1,-3,1,3,-5,-1,-1,0,-3,-1,-2,0,1,-9,9,-23,8,-1,-5,0,0,-3,4,-2,-2,6,-2,8,-1,-8,-6,-9,8,-2,1,-1,-8,-13,3,0,13,6,8,5,-1,18,-1,2,1,-2,0,0,-1,11,-1,-5,-3,1,-1,10,4,9,0,-15,2,-2,2,-1,-9,2,-2,-1,1,1,1,3,-3],"highs":[0,-19,-16,2,-13,6,-2,15,5,22,3,0,-21,-6,-4,1,-2,-10,-4,1,-23,-6,12,0,-2,1,2,-1,15,42,16,1,-2,2,-7,-7,-10,-5,-1,0,1,2,-1,-4,-6,5,-2,-11,-1,-14,1,1,45,-17,-1,17,-6,2,-8,4,13,14,6,-5,0,4,7,-7,1,10,-1,-3,-1,-3,-7,10,0,5,1,-7,-7,5,-3,0,-7,1,-3,1,2,0,21,-2,-8,-5,-8,2,3,2,-1,5,-6,0,-1,0,0,1,0,-5,-1,1,-2,-2,-1,-3,1,0,0,0,-11,1,-1,-7,-1,0,0,0,-3,5,1,5,1,-3,-5,-8,0,-2,0,-1,-1,-7,-7,-3,16,3,8,4,6,10,1,3,-1,0,-1,-1,0,11,0,0,-7,-2,0,10,6,6,2,-1,-12,-2,1,-1,-1,-5,1,-5,4,-2,0,10,-7,10],"lows":[0,-9,-1,-5,-6,2,0,3,2,17,22,-18,-6,-14,1,7,-12,-2,-1,-26,-4,-2,6,9,1,-2,3,0,3,12,30,25,-5,1,-17,-4,0,0,-1,-2,1,1,-1,-25,4,14,-11,1,-19,1,4,1,3,25,1,1,8,-22,-2,21,-6,20,9,-4,0,2,7,7,1,4,1,0,-8,-3,0,-2,2,2,9,-8,-3,-3,8,-9,2,-5,0,1,2,0,3,-5,12,-16,5,2,2,4,-6,5,0,-1,-2,-1,1,1,-2,0,-2,0,-4,0,-2,-2,1,-6,-2,-14,0,4,-4,-3,3,-4,3,0,1,0,1,2,6,-10,-9,-2,0,0,-3,9,-7,-14,0,2,0,13,6,9,3,1,16,-2,4,0,-1,0,0,-2,5,1,-2,-1,0,1,9,2,6,-9,-1,-1,2,-3,-5,0,-8,-2,9,1,-4,4,2,0],"closes":[0,-9,-1,-4,-7,3,1,13,6,23,2,-20,-3,-14,7,-2,-12,-1,-2,-26,-1,1,12,-3,1,1,0,1,15,42,16,-1,-7,3,-8,-13,-3,1,-2,0,1,2,-3,-21,12,4,-10,-2,-20,6,0,3,29,-2,0,12,-3,-23,18,1,13,13,6,-13,1,8,5,2,1,6,0,0,-9,-3,0,11,-9,15,-6,-7,-4,6,-1,-7,0,-2,1,0,3,0,19,-11,-2,-12,3,3,3,1,0,-1,-1,0,0,-3,2,0,-3,0,-2,1,-3,-1,-2,-2,1,-7,8,-22,5,0,-4,1,0,-3,2,-2,0,3,1,8,-4,-8,-4,-8,6,-2,3,-2,-6,-14,2,-1,13,7,9,3,0,17,-1,2,1,0,-2,1,0,11,-1,-7,-2,0,-1,12,3,9,1,-15,0,1,0,0,-9,0,1,-8,7,-1,2,2,-2,12],"volumes":[6.0,5.25,2.25,4.5,1.5,19.5,62.0,14.5,18.75,15.0,19.5,22.5,8.5,16.75,10.5,17.5,22.5,25.25,14.25,33.0,26.5,16.0,15.0,11.0,3.5,17.25,14.0,11.5,18.0,32.5,73.75,23.0,22.5,27.5,33.0,20.0,16.0,8.0,10.0,13.0,9.0,16.0,10.0,27.5,21.0,17.0,20.0,12.0,33.0,19.0,15.0,20.0,48.5,19.0,8.0,57.5,16.0,39.25,31.75,14.25,67.5,46.85,35.25,27.0,18.75,27.75,49.12,12.75,3.12,14.25,9.87,7.37,16.12,22.99,9.85,16.11,34.73,10.5,24.54,27.93,22.13,36.03,9.0,19.12,9.0,25.0,33.75,21.75,21.5,22.75,53.62,82.68,30.49,42.61,15.12,20.75,16.0,17.25,49.12,16.5,13.5,14.0,13.44,17.0,17.75,13.49,14.69,8.5,19.0,14.62,27.87,13.5,20.35,8.86,8.5,22.47,37.45,60.1,86.5,76.65,74.16,67.58,28.61,30.11,25.12,18.0,11.0,38.35,33.24,27.36,22.5,18.75,40.0,39.25,27.0,21.0,27.0,12.0,17.69,25.75,18.5,13.0,42.5,42.25,22.0,20.0,24.5,43.0,11.0,19.0,49.0,27.0,16.5,8.0,8.0,33.12,25.0,9.0,13.0,12.0,11.5,11.5,45.37,31.25,31.24,33.23,29.5,25.12,17.5,25.25,19.5,15.0,31.0,30.5,18.0,6.5,47.5,34.5,15.0,32.12]}