{"timestamp":1553990400000,"multiplier":0.001,"open":6225.17,"high":6225.17,"low":6219.169,"close":6222.669,"shift":60000,"times":[1370,1,1,1,1,1,1,1,1,1,1,1,1,1,1,1,1,1,1,1,1,1,1,1,1,1,1,1,1,1,1,1,1,2,1,1,1,1,1,1,1,1,1,1,1,1,1,1,1,1,1,1,1,1,1,1,1,1,1,1,1,1,1,1,1,1,1,1,1],"opens":[0,-2000,-5001,1000,-2499,-400,-1300,-1800,-1000,1000,-1501,1501,1000,-1,-2000,1000,-499,-2701,2200,1001,2000,1300,-1,-499,200,2499,801,-1001,2700,-900,700,-499,2699,1300,2800,-4599,2600,999,-1600,501,0,0,-1,2100,1900,-1399,-3600,-901,-2100,2301,3000,-1201,-800,801,1199,701,-1001,1801,300,-4600,1800,1999,1801,-2000,-801,1001,1700,-900,1200],"highs":[0,-2000,-4000,999,-1999,0,-1000,-3500,-501,1000,300,701,-1000,2000,-2000,1999,-3499,2500,-2000,2000,2000,0,1000,-1700,2700,-1,1100,901,0,1000,-900,2900,299,3701,-901,-2000,1201,700,-2000,0,2300,-1300,1000,2000,0,-1000,-4000,0,-1001,3300,1,-301,1000,300,700,1,1000,-700,-200,-1800,1699,1301,-200,-2000,2000,-100,0,-1,1000],"lows":[0,-3000,500,0,-400,-2300,-999,-2301,0,1000,-1500,1000,1000,0,-2500,2800,-4799,2299,1200,2001,1500,799,0,-800,1500,1300,2000,-2000,1800,1000,-1000,1200,2501,1000,-801,-500,1601,1699,-2000,-700,400,800,500,2000,-500,-3199,-1500,400,-1700,2500,2199,-1700,301,1500,0,199,-200,1200,-2700,-799,2500,799,0,-2000,2200,1,800,-501,501],"closes":[0,-5499,1999,-1000,-999,-1701,-2300,1,-1,0,1,999,-499,-1501,1001,0,-2001,2001,0,2000,800,499,-999,199,3501,-1,1100,900,-899,1200,-1200,3900,100,3000,-3100,1099,900,101,-1100,0,999,-1200,2201,1999,1,-5000,-1001,-999,999,3300,-1299,-901,2900,-700,500,201,1300,-200,-4101,1301,2000,1699,-1899,-801,2801,-101,-899,899,1000],"volumes":[0.00426,0.00438,0.00138,0.00132,0.00162,0.00264,0.00204,0.00234,9.0E-4,0.00156,0.00486,0.0024,0.0015,0.00258,0.00174,0.00144,0.00288,0.00372,0.00132,0.0015,0.0027,0.00216,0.00186,0.00186,0.00138,0.00126,2.4E-4,0.00192,0.00156,0.00204,0.0015,0.0012,0.00126,0.00306,0.00246,0.00144,0.00126,7.8E-4,0.0012,0.00192,0.00216,0.0018,0.00108,0.00102,0.00138,0.00138,0.00174,5.4E-4,0.00216,0.00114,7.2E-4,7.8E-4,0.00204,0.00156,0.00276,0.00294,0.00312,0.00114,0.00318,0.003,0.00138,0.00294,0.00144,0.00252,9.0E-4,0.0015,0.00126,0.0012,0.0033]}