{"timestamp":1553385600000,"multiplier":1.0E-5,"open":0.99357,"high":0.99357,"low":0.99357,"close":0.99357,"shift":60000,"times":[1260,1,1,1,1,1,1,1,1,1,1,1,1,1,1,2,1,1,1,1,1,1,1,1,1,1,1,1,1,1,1,1,1,1,1,1,1,1,1,1,1,1,1,1,1,1,1,1,1,1,1,1,1,1,1,1,1,2,1,1,1,1,1,1,1,1,1,1,1,1,1,1,1,1,1,1,1,1,1,1,1,1,1,1,1,1,1,1,1,1,1,1,1,1,1,1,1,1,1,1,1,1,1,2,1,1,1,1,1,1,1,1,1,1,1,1,1,1,1,1,1,1,1,1,1,1,1,2,1,1,1,1,1,1,1,1,1,1,1,1,1,1,1,1,1,1,1,1,1,1,1,1,1,1,1,1,1,1,1,1,1,1,1,1,1,1,1,1,1,1,1,1,1,1,1,1],"opens":[0,0,0,0,0,0,28,15,4,-1,0,-4,2,0,-1,6,0,0,-3,-5,4,-4,-1,7,-3,0,-6,1,8,-3,-4,-5,-3,1,9,27,0,-29,-3,0,-2,0,12,-6,-35,15,4,0,1,0,9,-23,3,10,-25,0,0,0,4,-27,3,12,6,-2,7,0,-2,0,1,0,1,-4,-2,6,0,1,-1,1,-2,1,0,-1,2,1,-1,-1,1,1,-1,9,0,3,2,1,7,5,-3,2,1,-7,1,0,0,-1,-1,2,-1,0,-2,-10,2,0,0,0,1,8,1,-3,2,2,-2,0,8,3,-1,0,0,-2,0,-1,2,0,-2,-5,-4,-2,-5,-1,0,2,7,2,6,6,3,-1,0,2,3,-1,-1,-2,-5,0,-3,1,1,1,1,4,3,-2,-3,2,1,1,1,-6,3,2,1,1,-1,0,-1,1],"highs":[0,0,0,0,0,22,20,5,1,0,-2,-1,0,-1,1,4,0,0,-3,1,-2,-4,6,0,0,-3,-6,8,1,-2,-4,-6,4,0,46,-15,-1,-29,-3,0,1,9,12,-17,-36,20,0,0,0,19,-10,-20,11,-1,-25,0,0,28,8,-51,8,6,-1,6,-1,1,-1,0,0,0,0,-4,5,1,0,-1,-1,1,0,0,-1,2,0,0,0,0,-1,2,8,1,-2,4,3,6,7,0,-2,1,-1,-7,2,-1,0,-1,0,1,-1,0,-2,-9,1,0,2,-2,8,1,1,0,-1,2,4,2,0,4,-1,0,-1,-2,0,0,1,0,4,-11,-1,-5,-5,0,-1,8,2,3,10,4,1,-3,1,4,0,-1,0,-3,-4,-1,-3,2,1,2,3,4,-1,-2,-3,4,0,2,-1,-6,6,-1,3,0,-2,0,-1,1],"lows":[0,0,0,0,0,0,28,10,9,-6,-11,12,2,-1,0,6,0,-4,1,-5,4,-4,-2,7,-2,-5,-1,0,3,-2,-5,-2,0,1,9,27,-29,-1,-2,-3,0,1,0,-29,-6,9,16,0,0,0,-21,4,0,-8,0,0,0,0,-29,-6,15,12,-2,6,5,1,-2,1,0,0,0,-6,1,7,0,0,0,-1,0,1,0,-1,1,1,0,-1,1,1,-1,8,1,3,2,0,8,5,-5,2,-4,0,1,0,-1,0,-1,2,-1,0,-9,-3,1,0,0,1,1,7,0,-1,1,2,-1,0,6,4,-1,1,-2,0,0,-1,2,-1,-5,-4,-9,2,-3,1,0,2,7,1,7,4,0,4,0,2,2,0,-8,0,0,-3,0,1,1,1,1,3,4,-5,-2,3,2,1,-5,-2,4,2,2,1,-1,-1,0,1],"closes":[0,0,0,0,0,20,22,5,1,-2,-7,6,0,-1,1,4,0,-2,-1,1,-2,-4,6,-1,-2,-5,-1,8,-2,-3,-5,-4,7,0,29,2,-30,-1,-2,-2,0,1,-1,-29,-6,26,0,0,0,9,-27,0,18,-26,0,0,0,4,-28,9,7,4,1,7,-2,1,-1,1,0,-1,-1,-6,9,-1,2,-2,0,0,0,0,0,1,0,1,0,0,-1,1,7,2,-1,4,2,6,8,0,-3,1,-6,-1,2,-1,-1,0,0,1,-1,0,-9,-2,1,-1,0,1,8,0,0,0,1,2,-1,7,0,3,0,0,-2,-1,0,0,1,-1,-5,-4,-8,1,-2,1,-1,8,2,3,9,1,2,0,1,3,0,0,-3,-5,0,-3,0,2,1,0,4,4,0,-5,-1,4,0,3,-7,0,6,-1,3,-1,-1,-1,0,1],"volumes":[3.0,1.5,1.5,2.25,1.5,5.25,6.0,9.0,2.0,6.0,11.5,3.0,2.0,3.0,5.0,3.0,1.0,4.0,4.0,2.0,1.0,1.0,7.25,5.25,6.5,2.0,1.0,8.5,4.0,13.0,22.25,8.0,7.25,4.76,13.61,2.0,10.12,2.0,1.0,8.0,5.5,12.5,22.0,19.39,4.07,30.63,9.5,17.0,25.5,34.45,25.5,12.0,10.0,23.35,0.3,0.4,0.1,4.03,57.12,24.26,32.26,12.6,3.42,3.4,30.74,13.5,40.75,15.37,21.25,29.25,5.5,14.75,17.0,6.75,6.75,8.5,3.0,10.5,4.0,10.25,3.75,23.0,27.25,16.25,13.75,9.12,1.25,3.75,15.5,8.75,2.12,2.5,6.02,9.04,19.85,50.02,24.57,16.57,11.38,1.5,4.25,1.25,8.74,2.5,4.62,1.25,1.5,3.0,7.69,3.5,6.25,2.0,6.5,1.75,9.25,7.75,15.0,16.5,5.0,5.0,24.55,37.02,28.34,18.22,14.48,3.87,6.24,11.11,3.12,10.27,3.75,5.72,36.7,8.62,17.97,17.05,9.12,5.12,2.62,9.12,3.0,12.73,12.5,32.35,48.95,2.62,15.36,7.55,4.5,2.5,34.6,19.95,10.86,11.5,2.0,15.61,3.5,8.12,11.74,9.75,3.87,21.17,31.22,16.47,10.37,26.17,26.08,26.42,30.35,7.74,6.62,12.92,2.25,7.87,11.5,3.12]}