{"timestamp":1429401600000,"multiplier":1.0E-5,"open":0.95549,"high":0.95574,"low":0.95528,"close":0.95563,"shift":60000,"times":[1260,1,1,1,1,1,1,1,1,1,1,1,1,1,1,1,1,1,1,1,1,1,1,1,1,1,1,1,1,1,1,1,1,1,1,1,1,1,1,1,1,1,1,1,1,1,1,1,1,1,1,1,1,1,1,1,1,1,1,1,1,1,1,1,1,1,1,1,1,1,1,1,1,1,1,1,1,1,1,1,1,1,1,1,1,1,1,1,1,1,1,1,1,1,1,1,1,1,1,1,1,1,1,1,1,1,1,1,1,1,1,1,1,1,1,1,1,1,1,1,1,1,1,1,1,1,1,1,1,1,1,1,1,1,1,1,1,1,1,1,1,1,1,1,1,1,1,1,1,1,1,1,1,1,1,1,1,1,1,1,1,1,1,1,1,1,1,1,1,1,1,1,1,1,1,1,1,1,1,1],"opens":[0,5,-6,-10,11,-15,-30,-10,-5,-5,-5,5,-30,-15,-9,14,-5,8,-5,-4,1,29,10,0,-14,15,3,-3,3,0,-19,-1,0,-25,6,9,-3,5,-41,-20,10,36,-3,-2,-30,-27,-10,13,-26,21,-1,3,-34,29,-7,48,1,6,-1,-7,18,-25,7,-5,-2,0,27,-15,-9,-9,-25,-26,-5,4,-3,-3,3,-20,9,-9,-55,29,18,14,14,-1,1,-10,-20,11,23,14,1,-3,-3,7,1,13,8,5,13,19,6,17,-34,26,-12,25,-7,12,28,-24,-15,34,-35,-6,-25,9,-7,-26,-40,5,5,5,5,-81,11,5,5,-20,24,-2,0,-4,-10,21,0,0,9,7,5,16,3,-10,11,-1,0,17,19,-6,16,5,14,-9,35,-10,-5,-5,-10,0,-6,6,-6,1,-15,0,-5,0,-36,-27,24,14,2,-21,24,-18,-19,-6,3,-4],"highs":[0,-20,25,-26,1,-20,-21,-19,-5,0,-1,-4,-30,-15,1,4,8,-4,-5,0,34,10,-9,0,1,9,-5,-4,4,1,-21,5,0,-29,14,20,-9,0,-45,-10,30,0,-1,-3,-26,-15,-15,20,-11,-13,5,-3,6,-11,46,-5,11,21,-17,-9,11,-9,-9,7,-12,32,4,-22,-6,-16,-25,-26,16,-17,-3,14,-14,-10,0,-10,-28,17,22,9,0,6,-6,4,-23,15,20,3,4,-4,-6,10,9,14,6,9,36,-12,26,-9,-5,6,-2,17,10,9,17,-38,29,-10,-30,-10,-17,0,0,-33,-30,15,0,0,5,-60,-11,11,-10,4,1,5,-6,-5,26,-15,-1,10,11,10,5,11,4,-10,0,15,-6,26,5,14,11,4,-5,26,5,-15,-5,-5,-10,0,0,0,-5,0,-10,-5,0,-5,-35,7,8,-5,5,-5,12,-21,-21,13,-13,-9],"lows":[0,10,-5,5,1,-51,-10,5,0,-19,-1,-20,-5,-16,8,5,4,3,-3,-1,1,25,10,-16,6,8,6,1,3,-44,24,0,-49,24,5,-3,-47,21,-28,3,15,13,12,-24,-20,-16,-25,22,-11,20,-3,-33,-12,37,-8,54,4,6,-10,3,-13,2,6,-5,-3,2,-13,18,-16,-12,-35,-4,-15,14,-11,11,-15,1,-1,-55,1,29,18,11,16,0,-6,-23,0,0,34,9,-4,-4,1,14,1,9,-4,4,20,19,16,-17,-13,1,4,35,0,17,-7,0,-4,3,-10,-29,4,3,-31,-57,-16,31,5,0,-65,5,-12,18,-21,11,19,8,-3,-9,-4,19,4,0,5,-4,19,17,-16,8,11,-19,19,17,8,4,7,15,-30,30,29,-10,-15,-9,6,-1,4,6,-14,-12,5,-5,-5,-29,-41,13,24,3,-14,4,1,-21,-4,-4,12,-40],"closes":[0,-9,-16,6,-5,-36,-9,-5,-6,-4,5,-30,-6,-18,10,-1,9,-5,-4,0,34,4,-3,-5,10,5,-6,1,4,-20,0,0,-25,1,14,-4,15,-51,-20,16,30,-3,-6,-16,-30,-16,11,-14,11,-2,3,-34,30,-10,40,6,11,-1,-10,10,-15,10,-7,-5,3,23,-8,-9,-12,-21,-29,-6,1,0,-3,-3,-5,-4,-6,-55,24,18,21,13,-1,6,-12,-23,11,14,20,4,-1,-2,-5,9,11,10,11,8,23,-2,21,-34,25,-11,19,-1,14,23,-22,-10,30,-31,-9,-25,7,-5,-27,-40,-5,14,6,0,-76,11,5,5,-25,26,-2,11,-11,-9,19,0,0,10,1,11,11,8,-16,16,-1,-4,14,21,-1,16,5,14,-9,35,-5,-10,-5,-16,0,4,2,0,-14,-1,-5,-6,6,-40,-30,28,17,-9,-16,20,-14,-17,-7,3,-2,-33],"volumes":[21.0,9.0,17.99,12.0,12.59,45.97,58.52,33.24,7.0,53.67,28.28,20.8,20.31,9.59,12.29,11.11,8.74,6.72,9.3,5.59,37.27,22.21,9.59,16.46,5.74,43.1,7.6,1.0,4.48,76.64,33.68,34.8,76.79,35.48,33.22,33.36,38.45,49.83,53.51,12.88,16.51,19.46,18.28,36.79,41.0,81.88,62.7,34.94,19.73,7.57,15.06,41.94,67.63,18.53,62.88,10.47,12.84,54.39,19.63,6.25,4.05,2.0,0.55,1.65,18.9,103.41,93.23,21.07,60.77,67.53,24.77,26.13,39.9,45.31,72.15,103.15,15.59,33.62,16.43,72.76,95.16,17.07,33.49,14.83,2.3,9.11,12.98,45.25,21.61,30.76,44.17,7.04,76.88,40.84,11.82,15.06,22.66,31.45,42.55,67.05,55.23,46.86,26.39,49.26,127.52,97.25,81.72,42.4,51.41,26.81,42.81,14.4,27.22,23.02,19.25,26.65,11.09,5.66,92.62,161.98,119.74,66.5,60.5,59.0,87.75,96.62,81.0,104.0,62.0,32.5,28.57,11.09,7.92,11.18,92.99,5.25,1.17,16.94,32.53,54.57,19.74,16.12,57.15,12.72,5.27,53.83,26.95,51.54,36.2,75.28,50.52,34.98,94.72,48.88,39.17,15.04,32.04,37.77,15.17,13.14,9.6,2.2,32.59,24.17,9.0,8.44,16.9,30.7,87.74,46.23,26.37,37.16,46.09,42.34,90.34,48.83,39.43,80.91,16.68,39.81]}