{"timestamp":1429401600000,"multiplier":1.0E-5,"open":1.08186,"high":1.082,"low":1.08185,"close":1.082,"shift":60000,"times":[1260,1,1,1,1,1,1,1,1,1,1,1,1,1,1,1,1,1,1,1,1,1,1,1,1,1,1,1,1,1,1,1,1,1,1,1,1,1,1,1,1,1,1,1,1,1,1,1,1,1,1,1,1,1,1,1,1,1,1,1,1,1,1,1,1,1,1,1,1,1,1,1,1,1,1,1,1,1,1,1,1,1,1,1,1,1,1,1,1,1,1,1,1,1,1,1,1,1,1,1,1,1,1,1,1,1,1,1,1,1,1,1,1,1,1,1,1,1,1,1,1,1,1,1,1,1,1,1,1,1,1,1,1,1,1,1,1,1,1,1,1,1,1,1,1,1,1,1,1,1,1,1,1,1,1,1,1,1,1,1,1,1,1,1,1,1,1,1,1,1,1,1,1,1,1,1,1,1,1,1],"opens":[0,14,-25,-2,6,3,-8,4,-16,5,-25,-7,0,10,19,-16,-11,-1,-2,0,-12,4,1,-3,21,-5,5,0,-4,4,-5,14,-6,-10,4,-1,-2,6,-19,-7,-9,4,-4,4,-5,-2,1,6,8,8,2,-4,0,1,19,1,1,17,-3,-21,-27,-5,0,-3,5,-1,2,-1,9,-26,-16,-3,-2,-1,-19,-36,-11,-14,11,-5,-7,0,7,2,-1,-4,-4,-5,-6,7,-18,4,8,-3,2,5,-3,-1,0,-5,0,1,2,-4,-7,-23,9,2,2,-2,0,1,3,10,-1,-8,-8,3,-6,-9,0,-23,-5,-24,4,7,8,23,-1,-4,4,-1,6,-3,0,-2,1,1,0,-4,4,0,3,48,18,6,-5,13,33,1,-3,3,4,-19,15,0,-6,-4,-9,-11,0,10,1,2,19,-1,-1,6,-13,-1,9,4,-2,18,13,10,-12,-1,7,1],"highs":[0,10,-35,5,6,-4,-4,0,-10,15,-29,-18,9,55,-36,-16,-4,-8,-2,3,-11,1,0,18,0,0,1,-1,0,0,6,13,0,-4,-13,-6,1,3,-16,-10,-6,2,10,-11,-3,13,-11,9,9,1,1,1,-1,15,4,1,32,-17,10,-33,-25,-7,1,1,-1,3,-2,9,-2,-25,-11,-4,-4,-2,-18,-39,-6,-8,0,-3,-6,11,-6,1,0,-3,-4,-4,-1,0,-14,10,-3,-3,8,1,-4,-1,-1,-3,0,13,-11,-5,-6,-10,-3,5,1,-5,5,2,6,2,-2,-8,-9,3,-6,-9,0,-8,-9,-15,-9,7,26,17,-19,0,-1,23,-18,-3,0,0,-1,1,0,1,0,1,69,0,4,26,-17,37,1,3,-8,8,-4,-1,-1,-1,-6,-5,-9,-5,6,0,1,20,-1,-1,2,8,-18,8,1,7,21,5,11,3,-17,28,-19,1],"lows":[0,-12,0,0,2,-3,2,-16,3,-36,9,0,0,11,11,-19,-1,0,-2,-17,5,3,-1,-3,24,-5,0,1,-1,0,0,-23,8,-5,10,0,0,-4,-13,-1,-23,17,0,3,-4,-1,2,3,12,8,-1,0,0,0,17,3,2,14,-21,-36,-3,1,2,1,5,-4,4,0,-15,-21,-1,-1,-4,-20,-54,5,-10,-5,11,-5,-12,3,15,1,-7,0,-5,-6,0,-12,0,5,4,0,2,-1,3,0,-4,-9,8,1,-2,-7,-28,4,9,3,-5,5,0,1,0,9,-9,-7,3,-3,-11,0,-19,-9,-26,4,1,9,2,27,-16,1,17,-1,1,0,-2,0,2,0,-3,0,5,0,2,49,18,-6,5,15,15,4,8,7,-22,7,12,-3,-5,-8,-11,-16,8,12,7,1,17,0,1,-9,-12,12,8,2,0,20,9,2,-9,6,9,-7],"closes":[0,-27,0,7,6,-11,3,-17,7,-43,10,0,7,19,-5,-19,-1,0,-2,-17,9,1,-3,21,0,0,0,-3,3,-5,10,14,-26,0,0,-4,8,-7,-16,-7,1,-3,10,-11,-4,1,6,10,9,-1,-1,0,-1,20,2,1,17,-4,-20,-28,-7,1,-1,5,-1,1,-1,10,-25,-21,-1,-1,-2,-18,-38,-12,-12,12,-5,-7,1,3,4,-1,-4,-2,-6,-6,6,-17,5,4,-1,0,8,-3,-1,0,-4,0,1,2,-3,-9,-24,10,2,1,-2,1,2,3,9,-1,-8,-8,0,-3,-10,-1,-19,-8,-25,6,6,8,26,-3,-4,5,-1,6,-5,0,0,0,-1,1,-3,5,0,1,48,19,4,-2,11,36,0,-3,1,5,-20,15,2,-7,-4,-9,-10,-9,19,1,1,19,-1,-1,3,-12,0,10,-1,1,21,13,10,-13,-1,8,0,-8],"volumes":[7.8,13.54,3.0,1.87,4.86,17.48,18.71,45.5,27.72,37.17,15.85,34.25,53.51,59.75,5.6,24.81,13.11,1.37,3.74,19.35,73.87,35.14,83.15,57.51,40.81,62.75,51.0,24.0,55.5,34.0,26.91,42.24,55.27,92.19,37.45,18.94,20.26,22.4,53.07,24.0,30.68,54.4,55.53,13.26,18.98,45.83,23.4,27.65,37.24,13.5,30.0,32.0,29.0,37.97,36.0,54.62,86.62,11.49,49.84,34.24,75.32,51.75,51.75,29.25,24.0,42.0,57.5,39.86,61.92,63.65,90.97,40.98,48.81,109.35,103.4,48.35,60.49,75.12,33.75,61.61,80.35,49.75,27.0,29.5,53.0,42.0,27.34,24.12,51.0,55.0,62.0,67.25,80.87,6.5,33.12,31.49,19.0,33.0,42.0,57.0,33.75,48.0,20.25,3.5,108.19,50.0,53.87,51.0,64.74,13.73,32.98,17.49,22.74,42.0,36.7,40.54,3.81,37.64,89.81,38.0,54.79,96.81,112.91,87.97,76.73,37.47,110.09,169.94,92.17,101.32,15.0,56.63,50.0,30.0,71.35,39.5,8.99,19.5,30.87,28.75,17.5,60.97,111.09,71.09,57.96,112.52,52.67,110.09,85.16,90.87,42.6,19.4,119.88,70.5,52.5,46.14,26.86,31.23,45.59,94.76,80.49,21.73,30.24,49.23,25.27,22.04,26.06,70.68,105.64,63.97,14.5,19.7,84.09,72.43,117.26,117.3,113.71,137.19,9.37,52.67]}