{"timestamp":1428796800000,"multiplier":1.0E-5,"open":0.98078,"high":0.98079,"low":0.98078,"close":0.98079,"shift":60000,"times":[1261,1,1,1,1,1,1,1,1,1,2,1,1,1,1,1,3,1,1,1,1,1,1,1,1,1,1,1,1,1,1,1,1,1,1,1,1,1,1,1,1,3,1,1,1,1,1,1,1,1,4,1,1,1,1,1,1,1,1,3,1,1,2,1,1,1,1,1,1,1,1,1,1,1,2,1,1,1,1,1,1,1,1,1,1,1,1,1,1,1,1,1,1,1,1,1,1,1,1,1,1,1,1,1,1,1,1,1,1,1,1,1,1,1,1,1,1,1,1,1,1,1,1,1,1,1,1,1,1,1,1,1,1,1,1,1,1,1,1,1,1,1,1,1,1,1,1,1,1,1,1,1,1,1,1,1,1,1,1,1,1,1,1,1,1,1,1],"opens":[0,2,-12,-22,1,-68,2,2,1,-8,-10,19,16,-5,29,-39,0,-1,1,3,0,42,6,9,-1,-23,-39,1,-2,9,-10,47,-47,38,-39,0,0,26,-38,1,0,-1,1,0,-1,11,-7,-34,0,-9,-6,12,9,9,0,0,-3,0,0,0,12,16,-5,5,-1,1,0,0,0,2,-21,0,0,-1,4,-26,-1,2,-1,0,0,-1,1,14,0,-1,10,0,-8,8,0,0,-1,1,0,-1,1,-9,0,-20,-28,0,2,-1,-1,-16,0,3,-2,-2,1,-2,3,1,-6,-3,0,0,3,-2,4,-1,0,-5,1,5,0,-4,0,1,0,1,-1,5,-6,1,-1,0,0,-1,1,-1,8,-6,8,2,1,0,-5,4,0,-4,1,13,-9,2,1,8,4,0,-1,7,1,0,0,0,8],"highs":[0,3,-14,-20,-1,-22,-40,-2,2,-4,-15,35,8,16,0,-26,-13,0,33,-29,42,36,-23,1,-1,-23,-38,0,15,-8,37,0,-47,38,0,-38,38,-13,-34,-3,0,0,0,6,-7,11,-7,-34,0,-9,7,22,-5,0,0,0,-3,0,0,2,19,16,-9,3,-3,0,0,1,-1,3,-19,-3,0,3,0,-26,4,-3,-1,5,-5,0,14,0,0,9,0,0,0,0,0,2,-2,0,0,0,0,-9,4,-24,-28,2,0,-1,-1,-10,2,0,-7,3,-3,2,-1,1,-7,-3,0,3,1,2,-1,-1,0,-5,4,2,0,-3,0,1,-1,1,4,0,-5,0,-1,0,0,1,-1,3,4,3,1,5,0,-4,-5,5,-1,-4,4,10,-8,2,8,3,4,-3,6,0,1,0,1,1,27],"lows":[0,-27,-5,0,-67,0,2,2,1,-8,-10,19,11,0,-10,-1,1,-1,1,3,0,42,6,8,-30,-34,2,1,-2,-1,0,0,-1,1,-1,0,0,-10,-2,1,0,-1,1,0,-1,11,-87,46,-9,0,-9,15,8,9,1,-3,-1,0,1,0,11,12,-5,9,0,1,0,0,0,-26,7,-1,1,-5,-38,20,-1,0,0,0,0,0,0,15,0,-1,10,-15,7,8,0,-1,0,1,0,-1,-8,0,-21,-29,2,0,2,-2,-16,-4,1,-1,3,0,1,-2,1,-4,-5,-7,9,1,-2,3,2,1,-3,-2,1,5,-2,-4,0,3,-2,3,-2,-2,1,2,-1,-1,1,-2,1,0,4,-2,8,0,1,-3,0,4,-1,-3,0,7,-2,2,-1,10,3,0,0,7,0,1,0,0,5],"closes":[0,-10,-23,2,-69,0,3,1,2,-7,-12,35,-4,28,-39,4,-4,0,4,0,42,15,-2,0,-22,-39,-1,1,7,-9,46,-46,-1,0,0,0,25,-36,-1,0,0,0,0,6,-7,11,-45,4,-8,-1,6,9,9,-1,1,-3,0,0,0,2,19,10,-4,0,1,0,0,0,0,-20,1,0,0,3,-26,0,1,-2,1,-1,1,0,14,0,0,2,7,-6,6,0,0,-1,1,0,0,0,-9,0,-21,-25,-2,2,0,-2,-16,-4,1,8,-6,1,1,0,1,-6,-4,0,1,2,-3,7,-3,1,-3,-2,4,2,-2,-4,1,3,-1,1,4,-8,3,0,-1,-1,1,1,-2,4,0,5,3,1,4,-9,0,5,-1,-4,4,3,-1,2,8,3,1,-1,7,0,0,1,1,1,9],"volumes":[3.0,10.5,7.5,2.25,15.64,9.25,17.25,0.75,2.0,3.0,1.0,5.5,20.25,18.25,18.5,13.5,1.0,12.0,19.5,30.0,36.0,35.0,1.5,2.25,6.75,8.25,3.0,1.0,9.5,51.25,15.75,33.75,12.0,2.25,10.25,5.5,7.75,7.97,5.45,1.0,2.15,5.07,1.0,2.0,1.0,2.0,21.71,2.0,7.0,1.0,5.75,5.62,1.19,1.35,4.05,37.02,60.2,12.04,6.88,9.77,21.85,30.78,30.4,11.8,66.45,62.24,103.5,71.2,6.9,77.3,14.67,26.47,19.2,13.25,19.28,1.15,29.0,17.5,28.37,18.1,25.0,10.3,39.74,10.86,7.8,18.09,8.6,25.56,6.14,2.55,13.41,23.84,9.74,14.6,5.84,11.08,15.27,7.41,24.37,50.38,2.1,5.04,1.52,11.85,10.19,34.5,28.84,23.73,29.83,18.8,7.24,8.31,54.64,69.81,57.22,54.09,20.33,34.79,98.31,10.42,8.19,1.37,16.28,1.37,6.02,5.4,8.25,15.32,16.65,5.62,10.1,2.92,18.53,19.4,10.42,1.27,8.32,4.49,3.3,9.4,10.12,11.0,10.94,25.94,14.47,12.14,24.67,16.87,8.23,11.32,7.03,7.86,23.85,25.64,4.72,12.21,7.48,2.5,6.77,3.45,4.74,1.27,3.39,1.15,2.0,8.9,27.02]}