{"timestamp":1430006400000,"multiplier":1.0E-5,"open":0.95428,"high":0.95428,"low":0.95428,"close":0.95428,"shift":60000,"times":[1260,1,1,1,1,1,1,1,1,1,1,1,1,1,1,1,1,1,2,2,1,1,1,1,1,1,1,1,1,1,1,1,1,1,1,1,2,2,1,1,1,1,2,2,3,1,1,1,1,1,1,1,1,1,1,1,1,1,1,1,1,1,1,1,2,1,1,1,1,1,1,1,1,1,1,1,1,1,1,1,1,1,1,1,1,1,1,1,1,1,1,1,1,1,1,1,2,1,1,1,1,1,1,1,1,1,1,1,1,1,1,1,1,1,1,1,1,1,1,1,1,1,1,1,1,1,1,1,1,1,1,2,1,1,1,1,1,1,1,1,1,1,1,1,1,1,1,1,1,1,1,1,1,1,1,1,1,1,1,1,1,1,1,1,1,1,1,1,1],"opens":[0,-26,6,19,-10,0,0,-6,5,-5,0,0,0,-1,1,0,0,0,0,0,0,0,-1,1,-5,1,4,0,0,0,0,0,7,1,-8,10,-2,-3,0,0,-1,0,-4,4,-4,0,-1,-1,-3,0,4,1,9,-9,0,0,2,-3,0,-1,-1,1,0,-8,0,5,1,-6,-1,-1,-7,4,0,4,-17,15,12,13,1,2,10,-10,-2,1,1,-1,0,-4,1,4,-1,0,-1,-44,5,-1,-3,11,-14,-2,2,-3,-2,0,0,0,-1,0,-2,19,4,3,-10,0,2,1,-2,0,0,4,-1,0,0,-1,1,2,-3,7,0,-2,-1,1,1,-1,-1,0,1,0,0,-5,10,4,-15,-1,0,4,-7,-38,-12,-3,-1,-11,-5,2,-1,1,1,2,2,-7,4,8,4,0,34,-20,-6,-3,24],"highs":[0,-26,26,-1,1,-9,-2,0,0,7,-13,0,0,0,0,0,0,0,0,0,0,0,0,3,-7,4,0,0,0,0,0,8,0,17,-17,3,-3,-3,0,0,-1,0,-4,4,-4,0,-1,0,-4,4,11,-10,9,-7,2,-1,-1,-1,0,-3,0,1,0,-9,6,0,0,-6,-1,0,-2,0,22,-20,1,18,7,0,0,0,10,-10,4,-5,1,-1,0,-2,4,0,0,-1,-2,-39,0,-1,9,-1,-14,-1,2,-4,-1,-1,0,0,0,-1,27,-10,7,0,-10,2,0,3,-3,0,2,1,-1,0,0,-1,2,5,1,-1,0,0,-3,1,2,-2,-1,1,0,0,2,3,4,0,-14,-2,4,0,-7,-37,-13,-1,-3,-6,-10,5,-2,3,-2,7,-4,-3,13,0,-1,34,6,-24,-8,24,1],"lows":[0,-26,6,-12,3,11,-4,5,0,0,-5,5,0,-1,1,0,0,0,0,-1,1,-1,0,-4,0,-1,5,1,0,-1,1,0,7,-7,0,7,-1,-1,0,-5,4,0,-4,4,-4,-1,-1,0,-4,1,4,0,-10,11,-2,2,-3,1,-1,0,0,1,-9,-1,2,5,-5,-2,1,-1,-7,4,0,-7,-13,16,10,21,1,0,-2,3,-1,0,2,-3,-3,-1,2,2,2,-2,-41,-2,5,-5,0,-4,-8,8,2,-5,-11,10,0,1,-2,0,-1,16,7,2,-9,0,0,3,-3,1,0,3,-2,2,0,-1,1,-1,0,7,-2,-1,0,1,1,-1,-1,0,1,0,-5,-2,1,5,-5,-1,-1,-3,-43,-6,-3,-2,-14,-18,17,0,1,0,2,-2,-2,1,4,6,2,4,15,-4,-10,4,24],"closes":[0,-26,26,-2,-9,-7,-4,11,-6,9,-9,0,0,0,0,0,0,0,0,-1,1,0,0,-5,1,4,0,0,0,-1,1,7,1,-8,8,-1,-1,-1,0,-1,0,0,-4,4,-4,-1,-1,1,-5,5,1,0,-1,1,0,2,-3,0,-2,0,1,0,-9,-1,7,1,-6,-2,1,0,-4,1,3,-11,10,12,12,0,3,0,-1,0,0,0,1,-1,-4,0,6,0,0,-4,-41,2,1,-5,11,-11,-7,4,1,-5,0,-1,1,0,-2,1,17,-3,10,0,-10,2,-2,3,-1,-1,3,0,0,0,0,-1,2,-2,6,1,-2,-1,0,1,2,-2,-1,1,0,0,-5,10,4,-10,-5,-1,4,-8,-36,-11,-4,-1,-13,6,-10,2,-1,3,0,3,-6,2,14,0,-2,35,-19,-4,-10,28,4],"volumes":[0.1,0.37,1.5,0.95,8.75,21.84,2.24,28.9,14.83,14.74,25.16,4.11,1.37,12.33,4.61,33.9,28.66,10.96,2.74,5.48,2.74,14.83,5.61,19.44,4.61,47.71,41.75,3.74,3.74,15.95,8.22,22.93,13.0,30.83,10.98,5.0,2.12,1.37,6.6,6.85,2.74,4.11,2.74,5.48,1.37,10.96,13.7,12.33,13.83,4.11,15.25,26.87,30.1,15.75,11.25,14.25,35.12,32.0,33.0,30.0,18.0,27.0,39.0,10.0,32.0,20.0,13.0,15.0,22.0,4.0,7.0,15.57,33.36,6.0,58.17,54.76,36.13,12.33,19.18,18.31,16.96,2.0,17.5,6.0,1.0,6.0,10.5,27.75,22.75,12.0,3.0,26.0,33.62,6.0,1.0,9.0,17.09,20.5,25.0,11.09,3.5,3.1,31.52,3.0,6.0,1.0,19.5,5.0,29.09,10.0,11.0,6.0,2.99,13.97,5.24,14.0,16.74,6.12,9.11,2.0,20.0,3.0,9.0,1.0,8.0,16.0,16.36,2.0,23.74,9.44,2.07,4.07,2.79,5.27,3.89,5.73,4.12,2.0,17.74,8.9,23.53,18.51,4.22,9.05,14.65,7.15,36.49,20.0,15.0,17.0,38.5,29.0,1.5,24.23,10.25,23.5,5.0,26.49,6.12,9.0,14.0,25.61,12.5,33.5,27.5,16.0,8.5,39.5,5.0]}