{"timestamp":1637452800000,"multiplier":1.0E-5,"open":0.91469,"high":0.91469,"low":0.91466,"close":0.91466,"shift":60000,"times":[1323,1,1,1,3,1,1,1,2,1,1,1,1,1,1,1,1,1,1,1,1,1,1,1,1,1,1,1,1,1,1,1,1,1,1,1,1,1,1,1,1,1,1,1,1,1,1,1,1,1,1,1,1,1,1,1,1,1,1,1,1,1,1,1,1,1,1,1,1,1,1,1,1,1,1,1,1,1,1,1,1,1,1,1,1,1,1,1,1,1,1,1,1,1,1,1,1,1,1,1,1,1,1,1,1,1,1,1,1,1,1,1,1,1],"opens":[0,-40,-15,-9,0,-8,1,0,-37,-1,1,9,9,-10,-3,7,1,2,-6,6,0,2,-2,3,3,4,3,2,-3,7,7,24,1,6,-3,2,2,4,-4,-4,-2,-30,-6,1,7,-7,-11,6,21,-9,0,-1,-14,11,4,59,14,13,5,-8,-26,19,9,1,3,1,-2,-12,-1,-2,4,11,6,3,-11,4,-3,-15,4,6,9,-4,-14,11,1,2,-4,-3,1,-3,-3,-5,-3,0,3,-5,1,-13,2,-9,5,-6,2,-1,14,10,-7,10,9,7,6,2,-1,4],"highs":[0,-40,-14,-4,9,-18,-4,0,-37,0,8,18,-8,-8,-2,22,0,-15,3,23,-3,-10,-10,0,19,-5,-1,-1,14,1,21,2,4,0,0,2,3,0,-2,-1,-2,-33,-2,2,0,-3,-6,40,7,-34,2,-4,-3,3,60,36,-3,3,0,-15,-3,6,15,-1,-7,3,-6,-14,-1,4,12,3,4,1,-3,-6,-2,-7,5,19,-13,-2,-6,5,3,-2,-7,2,-4,0,-1,-10,0,0,5,-7,0,-15,2,0,-4,-3,3,10,13,-3,3,12,5,3,6,2,0,-1],"lows":[0,-37,-32,8,-8,-1,1,-36,-1,0,1,9,-8,7,-4,6,3,2,-6,6,0,-5,5,2,4,4,3,-2,0,8,7,23,-11,2,14,1,3,2,-5,-4,-37,2,-2,1,-5,5,-9,6,11,-1,0,-21,7,9,-12,70,22,11,-7,-21,0,-5,31,3,-12,5,-14,3,4,1,1,9,10,-21,13,-6,-12,4,6,5,-5,0,-17,17,7,-1,-7,5,-5,-1,-10,0,-2,-2,4,0,-7,-7,-6,2,-12,-1,11,0,14,2,3,10,9,6,3,-4,8,1],"closes":[0,-37,-25,7,-14,5,-5,-35,-1,0,8,10,-9,1,-2,22,-15,0,3,23,-20,-11,6,1,18,-7,1,-3,9,7,23,1,4,-1,3,1,2,2,-7,-3,-26,-10,0,5,-5,2,-6,17,-5,-1,0,-11,9,3,57,17,11,6,-8,-27,21,9,3,1,3,-1,-19,2,-4,7,13,3,3,-11,3,-2,-17,8,4,11,-6,-11,8,-1,4,-1,-6,4,-8,0,-5,-7,1,5,-5,2,-9,-6,-3,5,-7,-1,-2,17,7,-1,5,9,7,6,3,1,0,0],"volumes":[1.49,0.49,9.96,1.47,10.83,3.75,5.12,12.0,4.5,5.5,7.5,9.5,14.0,4.5,6.0,7.0,5.5,1.5,3.0,13.5,12.0,8.75,5.0,2.5,12.62,16.75,11.68,6.06,50.6,22.37,35.75,26.0,37.81,28.75,21.0,29.0,27.0,32.0,32.0,47.0,45.86,18.86,21.62,18.74,25.99,17.5,34.5,55.75,89.83,68.86,63.0,72.5,71.5,50.0,161.25,84.06,64.5,77.0,96.0,89.0,126.35,51.19,65.51,49.48,60.14,65.88,67.66,45.74,49.31,67.09,22.85,38.42,36.74,64.0,48.0,67.12,47.22,29.0,38.0,92.12,51.12,50.0,48.5,38.0,43.2,22.7,20.3,13.4,24.6,30.4,51.84,10.04,15.0,15.8,33.54,16.6,20.84,8.44,17.74,27.12,25.5,39.87,27.24,26.06,30.0,21.66,25.44,30.34,20.64,25.82,23.74,46.47,43.06,33.23]}