{"timestamp":1636243200000,"multiplier":1.0E-5,"open":1.15566,"high":1.15585,"low":1.15559,"close":1.15585,"shift":60000,"times":[1320,1,1,1,1,1,1,1,1,1,1,1,1,1,1,1,1,1,1,1,1,1,1,1,1,1,1,1,1,1,1,1,1,1,1,1,1,1,1,1,1,1,1,1,1,1,1,1,1,1,1,1,1,1,1,1,1,1,1,1,1,1,1,1,1,1,1,1,1,1,1,1,1,1,1,1,1,1,1,1,1,1,1,2,1,1,1,1,2,1,1,1,1,2,2,1,1,1,1,1,1,1,1,1,1,1,1,1,1,1,1,1,1,1,1,1],"opens":[0,19,19,3,-1,1,-2,9,-9,8,15,2,0,-10,5,2,2,-44,10,-9,14,5,10,29,4,-17,-1,-3,-19,0,2,12,-8,0,15,-1,-8,-5,4,-2,7,1,1,2,1,-6,6,-3,2,2,5,-3,3,-2,2,1,2,-11,-5,-2,12,24,-13,-1,-12,15,11,-1,-1,5,3,0,1,-5,3,1,-6,13,-5,3,-3,-9,6,7,-1,1,-1,4,-18,-3,0,2,13,-3,-2,2,10,1,5,10,-1,-10,9,12,-12,3,0,7,-4,0,3,-8,-3,1,2,-4],"highs":[0,19,3,2,-1,-1,9,-2,1,13,5,-1,-2,4,-8,18,-15,-33,23,-1,24,1,5,2,-2,-5,-7,-7,-15,9,4,5,2,-8,8,-2,-12,0,2,6,-1,6,-5,1,1,5,-2,-4,4,5,0,-1,-2,0,1,3,-1,-10,-6,-2,35,3,-4,-12,5,6,9,-4,4,0,0,1,3,-3,-1,5,3,0,1,1,-8,-8,14,0,-3,8,0,-3,-14,-7,2,16,-4,-3,0,15,-5,6,8,5,0,-5,10,2,-10,4,5,0,-5,5,-2,-7,-3,3,-1,-3],"lows":[0,26,8,14,-2,0,-1,0,0,9,6,1,0,0,4,2,-41,0,0,0,15,0,7,9,17,-18,-2,-6,0,0,1,5,-4,3,8,-8,0,3,0,2,4,3,2,1,-5,-1,-7,12,-1,3,4,-1,1,-5,5,3,1,-15,-2,1,12,9,-1,-15,-1,20,11,-2,1,5,1,-5,1,2,1,-5,2,3,5,2,-15,1,8,5,1,-1,0,-15,-5,1,4,1,13,-9,5,0,5,5,8,5,-7,-1,11,1,-2,3,1,-1,0,4,-4,-5,1,1,-1,-3],"closes":[0,8,13,2,-3,0,9,-8,9,13,5,-3,-10,3,2,4,-44,10,-1,6,33,-18,29,-14,3,-18,16,-24,0,1,13,-8,-1,1,15,-16,3,3,-2,9,-1,3,1,0,-5,12,-7,1,4,1,0,0,-1,2,1,3,-3,-15,-1,0,32,-10,0,-13,15,6,5,1,4,2,0,0,-4,3,-1,-5,15,-8,4,0,-15,5,14,0,-4,0,4,-20,-4,3,4,13,-1,-9,5,12,-1,4,10,1,-10,9,10,-9,1,0,7,-3,-1,3,-6,-5,2,3,-4,-2],"volumes":[12.68,23.92,74.96,30.0,22.5,61.49,70.73,8.06,5.58,5.55,36.67,65.94,5.59,22.08,5.25,26.6,89.32,119.19,385.01,190.14,350.74,736.18,242.97,304.94,162.0,228.24,354.55,335.26,163.89,64.91,23.7575,91.89,71.0375,62.4175,13.48,18.07,4.3575,3.04,22.87,15.42,10.07,25.7,7.82,7.87,14.62,12.59,36.22,19.12,22.15,17.14,12.65,20.05,13.71,32.59,7.32,4.5,3.0,19.82,6.71,0.74,790.39,317.43,432.35,208.62,47.08,42.31,48.88,35.8,34.52,12.3,4.07,9.44,24.94,27.29,27.71,61.17,16.57,91.47,84.23,35.43,17.79,8.39,37.49,36.0,1.79,41.43,20.97,65.53,54.35,31.19,4.54,18.86,4.0,11.16,1.42,25.36,11.61,33.93,48.64,38.54,95.99,37.53,20.64,17.26,4.5,5.25,15.0,18.73,6.75,7.5,6.0,7.5,1.5,2.62,9.75,10.57]}