{"timestamp":1636243200000,"multiplier":1.0E-5,"open":0.91196,"high":0.91196,"low":0.91196,"close":0.91196,"shift":60000,"times":[1321,4,5,1,1,1,1,1,1,1,1,1,1,1,1,1,1,1,1,1,1,1,1,1,1,1,1,1,1,1,1,1,1,1,2,1,1,1,1,1,1,1,1,1,1,1,1,1,1,1,1,1,1,1,1,1,1,1,1,1,1,1,1,1,1,1,1,1,1,1,1,1,1,1,1,1,1,1,1,1,1,1,1,1,1,1,1,1,1,1,1,1,1,1,1,1,1,1,1,1,1,1,1,1,1,1,1,1,1,1,1],"opens":[0,51,-15,-56,0,0,69,-29,0,-28,25,-25,25,-20,-5,0,0,54,-25,6,-35,27,20,-11,-1,-47,1,36,-7,0,0,7,-11,1,-1,-1,0,4,0,-3,0,0,0,0,0,3,0,0,0,-1,1,-1,-3,4,14,-3,0,1,-18,3,-9,-1,18,7,10,-2,0,4,-3,-3,-1,4,4,1,-9,-2,-3,-2,1,-2,1,1,6,-3,-4,-9,2,-2,4,-2,-1,1,7,-5,-4,1,11,-9,-8,-2,-1,-2,-1,6,-6,-1,2,1,0,-1,1],"highs":[0,51,-15,0,-56,70,-1,-29,0,-28,25,-25,25,-20,1,-6,54,0,-9,-10,-1,13,9,-14,3,-56,56,0,-27,0,25,-18,-2,-8,-1,-1,5,-1,0,-3,0,0,0,0,3,0,24,-15,-9,0,0,15,-15,15,4,-4,-1,-1,-15,-1,-7,23,-1,10,0,-1,10,-7,1,-6,0,6,3,1,-12,-1,-4,0,-1,1,-1,11,0,-3,-8,-9,1,8,-6,0,5,2,0,-4,-5,13,-1,-11,-7,-3,0,-1,6,-3,-5,0,2,-1,0,0,1],"lows":[0,38,-58,0,0,0,12,0,0,0,0,0,0,5,-5,0,0,0,0,35,-35,27,-13,7,-6,-27,1,36,-7,0,-1,-4,0,1,0,-2,1,1,-4,4,-2,-1,3,0,0,2,-2,3,-1,-3,0,-28,27,5,9,1,-1,-18,2,-5,-2,1,17,7,6,1,0,1,-1,-2,1,4,4,-8,-3,-3,0,-1,-1,-4,3,2,4,-5,-12,2,-2,4,2,-2,1,1,1,-2,-4,-1,7,-10,-1,0,0,-5,1,4,-4,0,0,3,-2,0,0],"closes":[0,38,-3,-55,0,70,-30,0,-4,-24,0,0,0,5,-5,0,54,-15,-4,0,-35,47,-9,-5,10,-54,32,20,-23,0,7,-3,1,-9,0,-1,4,0,-3,0,0,0,0,0,3,0,0,0,-1,1,-4,-1,5,13,-1,0,1,-19,2,-8,1,20,2,11,-1,-2,6,-3,-3,-1,0,7,0,-8,-2,-4,0,1,-3,2,-1,10,-5,-6,-8,-2,3,5,-4,-1,1,8,-6,-3,-1,14,-11,-9,-1,-1,0,-4,9,-5,-2,-1,2,0,-1,-1,2],"volumes":[1.5,2.25,3.93,1.67,1.84,25.92,18.66,9.47,22.72,0.47,3.47,0.97,3.97,1.0,2.44,1.69,5.91,28.78,17.58,0.37,4.65,3.34,55.79,48.0,27.17,11.29,94.05,55.86,1.0,5.0,23.76,20.85,27.59,6.25,2.5,2.5,32.8,13.15,13.0,6.0,8.12,9.25,7.5,3.0,4.05,5.25,47.13,13.0,9.0,12.0,9.0,89.13,37.5,70.2,55.12,56.0,63.0,16.62,19.5,30.98,21.0,41.98,20.86,24.74,21.12,27.0,41.36,13.22,27.12,14.61,6.0,12.0,14.0,44.37,6.0,18.0,2.5,4.5,6.0,17.0,20.0,43.6,24.5,26.0,25.25,4.0,16.5,13.0,5.62,9.0,18.43,21.87,38.22,23.16,26.37,39.84,27.36,33.71,11.84,5.32,4.36,24.89,33.33,7.27,4.1,16.24,12.32,1.0,11.0,14.12,20.0]}