{"timestamp":1637452800000,"multiplier":1.0E-5,"open":1.2639,"high":1.26398,"low":1.2639,"close":1.26398,"shift":60000,"times":[1320,3,1,1,1,1,1,1,1,1,1,1,2,1,1,1,1,1,1,1,2,1,1,1,1,1,1,1,1,1,1,1,1,1,1,1,1,1,1,1,1,1,1,1,1,1,1,1,1,1,1,1,1,1,1,1,1,1,1,1,1,1,1,1,1,1,1,1,1,1,1,1,1,1,1,1,1,1,1,1,1,1,1,1,1,1,1,1,1,1,1,1,1,1,1,1,1,1,1,1,1,1,1,1,1,1,1,1,1,1,1,1,1,1,1,1],"opens":[0,24,-16,3,-4,-3,16,-1,-1,0,-1,0,1,-1,1,-1,3,6,1,0,-3,0,2,-6,2,1,2,0,1,0,0,0,2,-1,0,0,-1,1,1,1,-1,-1,-5,-4,9,1,-1,-1,0,-2,-3,-2,-1,0,1,2,-2,66,6,14,18,20,-33,-21,-7,-12,15,1,-15,4,1,-2,5,-4,8,3,-1,-2,4,3,15,-4,-10,-3,14,-7,2,-5,13,3,2,11,-6,-10,4,-13,11,1,1,-14,5,-2,11,-2,12,0,-15,5,-2,-9,11,0,11,14,11,10],"highs":[0,20,-20,4,-2,9,1,0,-2,0,0,0,0,-1,1,8,1,-1,1,0,1,3,-3,-6,1,0,3,0,0,1,0,2,0,0,0,-1,0,0,1,0,1,1,-3,1,-1,0,0,0,-2,0,-2,0,0,0,1,-1,62,14,7,15,29,-8,-29,-25,-3,-3,4,-1,-9,6,-6,4,-1,3,9,2,-6,2,1,14,2,-2,-11,10,8,-11,-4,9,4,3,11,0,-8,-11,8,-4,-1,2,0,-10,2,9,0,10,0,-2,-11,4,-5,8,0,6,15,12,7,2],"lows":[0,24,-16,3,-5,-2,15,-6,5,-1,0,0,0,0,1,-6,8,2,1,1,-1,-3,-1,1,2,1,1,1,1,0,0,0,-1,0,0,1,0,0,1,0,-2,-4,-4,1,2,0,0,0,-1,-4,1,2,0,-1,1,1,-13,73,12,14,18,-14,-20,-30,11,0,14,-12,-4,4,2,0,4,-6,11,2,-7,5,4,1,13,-16,2,1,7,0,-11,8,13,3,1,5,-21,12,-5,-8,7,7,-12,1,3,0,3,3,10,-10,-9,2,-1,2,10,-1,13,14,11,5],"closes":[0,16,-16,3,-5,13,0,1,-2,-1,0,0,0,0,1,1,3,1,1,3,1,-8,-1,2,2,0,3,0,0,1,0,2,-2,0,-1,1,1,-2,1,2,-3,-3,-4,2,1,-2,1,-1,6,-10,2,1,-1,5,0,-4,65,6,17,15,21,-34,-19,-6,-8,5,5,-12,1,-1,0,5,1,3,4,-1,-4,7,1,15,-3,-15,1,13,-6,1,-7,17,3,0,11,-6,-10,1,0,2,0,2,-14,5,2,5,-3,17,-1,-15,2,1,-10,9,1,12,11,17,3,1],"volumes":[0.74,1.11,0.37,3.75,4.88,1.12,1.5,6.0,1.0,3.0,6.0,4.12,13.0,4.0,1.0,11.0,18.0,7.0,24.0,14.0,32.0,23.0,26.0,11.0,3.0,2.0,5.0,6.0,2.0,2.0,3.0,16.0,29.0,51.0,53.0,25.0,34.0,33.0,26.0,31.0,38.0,52.0,50.11,48.9,27.1,42.0,33.1,35.0,63.75,70.69,61.01,66.85,61.0,66.35,56.55,38.05,126.5,61.5,29.14,40.5,45.0,26.5,24.24,22.0,32.0,17.0,12.5,26.31,24.22,11.0,6.0,71.86,13.0,22.62,15.12,37.95,14.72,42.96,45.11,18.25,11.0,60.44,41.97,26.0,37.5,16.0,39.0,18.0,16.0,12.0,20.0,19.0,46.46,1.0,22.6,20.95,17.0,8.0,22.0,8.0,9.0,18.1,14.5,20.28,18.0,18.2,22.29,24.04,13.37,31.2,13.87,21.5,23.53,49.49,37.42,26.32]}