{"timestamp":1638057600000,"multiplier":1.0E-5,"open":0.92192,"high":0.92206,"low":0.92139,"close":0.92206,"shift":60000,"times":[1353,1,1,1,1,1,1,1,1,1,1,1,1,1,1,1,1,1,1,1,1,1,1,1,1,1,1,1,1,1,1,1,1,1,1,1,1,1,1,1,1,1,1,1,1,1,1,1,1,1,1,1,1,1,1,1,1,1,1,1,1,1,1,1,1,1,1,1,1,1,1,1,1,1,1,1,1,1,1,1,1,1,1,1,1,1,1],"opens":[0,14,44,-36,64,-13,0,0,28,-28,0,0,83,-15,14,-12,0,0,-3,-2,25,-65,-51,1,49,-49,32,40,-32,2,111,6,39,7,-28,55,-29,-6,16,32,14,-27,-8,6,13,35,-14,-7,4,-4,1,2,19,-3,-16,6,-20,-6,-5,-1,-1,-23,-7,16,-8,27,5,25,-26,-9,3,15,-14,-19,-1,-7,-11,5,10,-4,18,-11,3,-16,3,-1,-3],"highs":[0,44,10,28,-10,-13,1,0,27,-28,0,87,-4,1,1,-15,0,9,-12,23,0,-23,-56,-36,49,-10,4,29,6,55,74,-7,9,3,35,4,-45,20,19,16,-2,-27,-3,13,49,-13,-10,11,-15,-5,1,23,-2,0,-14,-1,-20,0,-11,-1,-1,-23,9,0,24,6,18,7,-30,0,10,-1,-16,-15,-5,-4,-10,11,0,14,0,-2,-5,-13,0,-1,-3],"lows":[0,5,106,-58,86,-13,0,-1,1,0,0,0,25,0,0,44,0,-44,39,1,-40,-16,-35,1,49,-49,32,-32,23,19,111,1,9,19,-10,19,-3,9,11,37,-9,-12,-2,2,18,20,-1,-4,1,-2,0,-1,21,-17,-1,-16,0,-8,-16,8,-15,-12,-6,12,6,21,9,1,-6,-3,2,0,-25,2,-7,-6,-2,6,3,3,9,-5,-11,-9,11,-1,-3],"closes":[0,44,3,35,-10,-13,1,-2,1,0,0,73,-4,12,-11,0,0,0,-3,23,-22,-59,2,-36,49,-14,-2,9,10,77,47,5,24,-22,48,-27,-7,16,32,13,-19,-12,2,12,37,-14,-3,-1,-1,-3,3,19,-1,-18,8,-25,0,-7,-2,0,-21,-9,14,-5,25,6,24,-24,-7,0,17,-17,-17,-2,-6,-11,3,11,-3,17,-10,1,-17,6,-2,-1,-5],"volumes":[27.72,91.18,9.76,10.87,1.69,3.1,2.25,5.35,1.55,1.75,1.0,28.81,37.25,28.2,19.27,5.18,1.85,22.1,2.74,38.59,15.14,6.1,2.25,1.55,1.5,16.5,26.35,83.7,90.9,98.26,47.5,56.75,42.36,116.5,443.07,395.35,73.32,113.25,97.55,34.34,38.23,35.11,33.12,119.31,106.99,25.59,48.96,40.74,24.12,21.0,11.5,45.6,33.12,114.27,32.12,30.12,14.56,23.56,41.58,21.16,23.5,32.07,51.63,39.44,53.39,50.17,46.66,53.62,20.14,26.57,42.2,22.51,64.16,38.35,34.5,39.98,24.23,50.08,44.2,37.16,37.97,22.93,37.92,59.99,14.62,26.92,13.36]}