{"timestamp":1361059200000,"multiplier":1.0E-5,"open":1.03627,"high":1.03637,"low":1.03625,"close":1.03627,"shift":60000,"times":[1322,1,1,1,1,1,1,1,1,1,1,1,1,1,1,1,1,1,1,1,1,1,1,1,1,1,1,1,1,1,1,1,1,1,1,1,1,1,1,1,1,1,1,1,1,1,1,1,1,1,1,1,1,1,1,1,1,1,1,1,15,1,1,1,1,1,4,1,1,1,1,1,1,1,1,1,1,1,1,1,1,1,1,1,1,1,1,1,1,1,1,1,1,1,1,1,1,1,1,1,1],"opens":[0,-13,-13,1,2,14,-27,-4,-23,9,22,-4,-12,16,-8,12,-7,1,-6,8,10,7,-2,6,-1,6,-4,5,-19,3,2,6,-1,-5,4,0,-2,-4,16,6,-5,-16,0,-1,7,10,-6,19,-15,7,8,-2,6,-5,3,23,-9,-11,-7,-79,9,11,-2,34,22,1,1,8,17,8,-27,-14,10,7,-5,0,4,-3,-5,-2,5,34,27,21,5,-4,8,-1,1,4,-18,4,16,-6,0,7,-6,6,-3,14,-19],"highs":[0,2,-27,13,-6,-1,-9,-21,-8,8,9,0,1,7,-4,7,-1,2,-5,11,19,-3,-5,2,9,4,-5,-14,4,-5,-8,5,-5,20,-8,1,-6,0,9,1,-3,-9,6,-6,6,14,-8,17,-15,28,0,3,6,-20,12,0,-8,11,-30,-53,-3,-2,31,14,12,-3,9,31,-1,-5,-11,-3,4,-1,-4,3,5,-6,-4,-1,22,27,19,6,15,2,-4,6,0,4,-18,11,-5,2,9,-3,-9,10,8,-5,2],"lows":[0,-12,-13,2,-3,-5,-24,-4,-2,5,8,4,-2,5,-2,4,1,4,-4,8,-2,19,-2,3,2,3,-10,-7,0,-1,-12,10,1,9,4,-4,-1,-4,10,0,-4,-6,4,-7,5,5,3,12,-7,10,6,0,2,-4,6,-1,-13,-3,-61,-5,9,-7,7,32,19,2,6,8,19,-8,-16,-4,11,6,-5,1,4,-7,-2,-1,5,25,24,16,9,8,-5,4,-8,2,-4,0,5,2,7,-1,-6,6,11,-4,-1],"closes":[0,-5,-22,4,1,-8,-17,-14,3,19,2,-6,7,-3,-3,10,6,-10,-1,10,11,5,-4,1,18,1,-23,-8,22,-23,13,1,-13,12,0,2,-7,12,-6,-1,0,2,9,-12,11,8,-2,-4,-7,15,10,-4,4,-7,8,-7,-5,-10,-50,-10,14,-19,33,31,9,-12,21,31,-19,-5,-17,4,7,-1,-4,4,12,-18,-3,2,19,40,23,6,-4,11,-8,6,5,-21,-3,25,-19,8,12,-3,-11,7,14,-13,3],"volumes":[69.79,21.99,12.16,38.99,30.64,45.33,34.66,45.37,12.55,24.94,46.47,17.34,33.34,32.11,47.52,52.22,44.66,45.94,14.65,43.61,79.86,30.08,63.4,123.88,36.96,58.53,66.61,40.31,47.46,47.03,39.24,25.45,72.61,60.58,25.96,77.56,40.76,105.31,47.73,35.24,47.05,20.11,27.94,35.84,60.94,64.07,48.07,32.97,40.66,73.14,80.06,151.81,56.48,121.56,85.34,55.83,38.93,165.53,178.67,36.69,63.54,67.63,107.42,52.99,44.84,13.82,27.03,87.95,69.06,54.12,125.74,161.26,52.26,35.58,113.9,105.27,182.01,115.51,77.8,89.36,87.07,138.71,98.86,82.72,92.76,77.09,53.19,83.27,128.3,89.59,69.79,88.6,56.58,31.74,104.82,79.67,41.07,47.01,70.87,42.5,65.37]}