{"timestamp":1361059200000,"multiplier":1.0E-5,"open":1.02891,"high":1.02891,"low":1.0289,"close":1.0289,"shift":60000,"times":[1322,1,1,1,1,1,1,1,1,1,1,1,1,1,1,1,1,1,1,1,1,1,1,1,1,1,1,1,1,1,1,1,1,1,1,1,1,1,1,1,1,1,1,1,1,1,1,1,1,1,1,1,1,1,1,1,1,1,1,1,1,15,1,1,1,1,3,1,1,1,1,1,1,1,1,1,1,1,1,1,1,1,1,1,1,1,1,1,1,1,1,1,1,1,1,1,1,1,1,1,1,1],"opens":[0,-1,-5,1,-4,3,-10,-19,-10,-5,10,7,-9,4,-2,1,3,3,0,3,2,22,1,-2,-2,11,6,-17,-6,-1,-7,1,0,-9,4,0,10,-9,0,-1,-1,-3,2,0,-1,-6,10,-5,-3,-1,4,0,7,-5,0,-2,-3,-10,-38,-10,5,7,14,26,17,5,0,1,8,21,0,10,6,2,11,-3,-2,2,-3,-6,3,-1,16,19,16,11,10,20,-10,-2,-21,-13,0,1,-2,5,0,9,0,-6,2,-7],"highs":[0,12,-8,2,-8,-4,-10,-17,-9,0,6,3,-2,-1,-3,10,-5,5,-1,5,15,13,-8,1,6,6,0,-12,-11,-1,-5,7,-8,1,-4,16,-8,-9,0,2,-1,-6,2,0,-1,10,-5,-4,-4,3,3,5,6,-13,0,-2,-3,1,-49,1,-6,22,25,16,7,-1,0,10,18,3,9,6,8,6,0,-3,1,5,-10,-3,2,13,20,13,12,10,21,0,-10,-2,-21,-10,5,-7,4,8,4,-4,0,-1,-3,-6],"lows":[0,-10,5,-2,-9,-3,-19,-5,-1,-5,7,3,-2,2,-1,1,1,6,-3,6,2,22,1,-4,0,6,-9,-2,-9,-2,-6,3,-3,0,4,0,1,-1,0,-1,-8,5,-8,-1,-2,6,0,0,0,-1,5,-1,2,0,-1,-7,-12,-31,-12,2,5,7,14,26,17,5,0,1,8,21,0,10,0,8,7,-1,-1,0,-7,1,0,2,16,19,13,14,10,10,-4,-21,-9,-4,-6,6,-3,7,2,0,3,0,-6,-2],"closes":[0,0,-5,-2,1,-6,-18,-13,2,-1,6,0,-1,-2,1,3,0,3,3,4,16,5,0,-4,11,-4,-6,-6,-5,-5,3,1,-11,4,0,9,-8,-1,0,-1,-3,0,0,0,-6,11,-5,-2,-2,5,-1,9,-9,0,0,-3,-10,-37,-11,11,-6,22,25,16,7,-1,0,10,18,3,9,5,2,13,-5,-1,3,-4,-6,3,-1,16,19,14,12,10,20,-9,-2,-21,-11,1,-2,-2,6,-1,12,-3,-6,2,-6,-4],"volumes":[1.5,9.75,12.94,36.08,40.53,48.38,46.51,65.25,9.0,21.32,63.38,13.54,16.17,11.25,7.13,33.36,16.73,24.15,37.8,16.5,35.57,14.63,4.5,8.63,21.75,51.39,27.76,19.0,38.49,51.93,55.25,31.23,7.73,33.38,23.1,48.09,19.5,7.66,17.03,37.13,36.17,21.0,27.03,45.61,52.02,39.69,34.9,32.25,15.04,37.2,54.09,48.57,76.34,44.65,36.06,46.15,61.21,115.59,139.07,12.67,1.35,57.46,89.45,72.88,27.9,3.46,2.03,25.5,68.44,8.64,31.27,18.19,88.73,41.76,16.32,15.54,27.0,55.08,25.72,99.54,65.63,85.27,79.51,54.47,62.69,37.6,102.4,50.43,20.76,102.38,33.74,19.73,79.09,60.05,65.82,61.96,81.49,42.91,28.2,18.05,67.94,11.65]}