{"timestamp":1360454400000,"multiplier":1.0E-5,"open":1.57924,"high":1.57935,"low":1.57924,"close":1.5793,"shift":60000,"times":[1334,1,1,1,1,1,1,1,1,1,2,1,1,1,1,1,1,1,1,1,1,1,1,1,1,1,1,1,1,1,1,1,1,1,1,1,1,1,1,1,1,1,1,1,1,1,1,1,1,1,1,1,1,1,1,1,1,1,1,1,1,1,1,1,1,1,1,1,1,1,1,1,1,1,1,1,1,1,1,1,1,1,1,1,1,1,1,1,1,1,1,1,1,1,1,1,1,1,1,1,1,1,1,1],"opens":[0,13,-13,0,6,-19,-20,32,-35,0,0,1,33,-18,0,-5,5,-8,30,-30,38,26,-60,-9,10,-13,0,18,-16,-2,1,0,-1,57,-46,-8,44,-66,-18,4,51,0,5,-6,-24,-25,-6,14,8,-12,2,7,13,-7,-1,-1,-1,4,-2,-10,5,4,29,50,4,26,12,2,-18,16,6,-4,13,7,0,-6,-7,-26,-28,16,22,7,10,0,-40,-20,31,3,-6,10,0,3,0,2,16,-2,-4,-1,-2,3,4,-3,-1,-13],"highs":[0,3,-14,10,5,-5,-9,10,-47,0,10,24,3,-19,-2,4,22,-34,30,20,42,-28,-57,-2,0,-13,0,35,-32,0,0,-2,48,63,-96,-12,83,-106,-13,50,5,2,22,-26,-18,0,-32,13,29,-26,-8,21,-2,-7,-2,-3,2,0,0,-8,6,20,52,30,25,1,2,-4,-4,2,26,-13,9,-2,6,-13,-4,-30,-12,28,2,12,-3,0,-40,14,4,-2,3,-1,3,1,0,14,3,-2,-4,1,0,3,0,0,-4,-13],"lows":[0,0,0,0,-36,0,0,0,0,0,0,0,16,0,-5,0,-3,-5,0,-3,46,-46,5,-2,-3,0,0,0,0,0,0,0,0,11,-4,-7,-15,-27,3,6,46,-2,0,-61,17,-5,0,12,-4,-7,7,11,3,0,1,-10,8,2,-11,2,3,5,28,36,18,18,11,-4,-3,11,-2,-7,31,3,0,-10,-28,-52,23,18,24,1,16,-40,-17,-9,37,0,-4,11,0,2,1,2,14,-4,-3,2,-3,4,-1,-1,-10,-1],"closes":[0,-6,0,10,-30,-16,6,-6,0,0,0,34,-18,0,-5,5,-8,0,0,18,48,-71,9,-4,-8,0,0,0,0,1,-1,0,49,-38,5,-16,-15,-23,1,55,-3,9,-9,-22,-22,-9,9,13,-12,1,4,17,-5,-3,1,-1,2,-3,-11,5,7,20,52,8,28,14,2,-16,14,0,-2,17,5,2,-6,-7,-30,-34,23,23,6,14,-3,-40,-17,28,5,-5,8,-1,3,1,-1,14,2,-2,-5,3,1,2,-4,2,-13,-1],"volumes":[16.5,10.5,10.5,24.0,65.19,88.16,13.22,26.34,0.7,0.1,20.95,165.92,22.14,9.0,10.5,24.08,23.65,28.29,29.78,57.41,88.43,43.35,9.24,13.13,4.16,4.35,8.75,22.17,21.0,6.95,10.55,6.05,32.05,152.46,33.01,27.73,60.62,31.17,12.77,29.85,43.52,37.38,116.87,111.29,41.43,141.49,33.74,40.93,78.68,124.15,60.02,67.78,67.17,64.14,47.27,53.66,16.5,7.5,49.06,43.51,22.98,48.34,123.87,72.83,84.15,93.76,50.64,46.99,42.39,131.1,68.45,72.77,24.69,24.6,34.5,34.59,45.1,53.61,113.28,85.61,69.98,107.63,16.5,38.89,29.87,129.98,46.77,32.28,14.27,1.88,11.71,8.1,14.25,16.13,6.0,12.45,16.9,4.5,6.83,15.75,15.0,22.5,36.0,1.5]}