{"timestamp":1359849600000,"multiplier":1.0E-5,"open":1.56905,"high":1.56905,"low":1.56905,"close":1.56905,"shift":60000,"times":[1319,1,1,1,1,1,1,1,1,1,1,1,1,1,1,1,1,1,1,1,1,1,1,1,1,1,1,1,1,1,1,1,1,1,1,1,1,1,1,1,1,1,1,1,1,1,1,1,1,1,1,1,1,1,1,1,1,1,1,1,1,1,1,1,1,1,1,1,1,1,1,1,1,1,1,1,1,1,1,1,1,1,1,1,1,1,1,1,1,1,1,1,1,1,1,1,1,1,1,1,1,1,1,1,1,1,1,1,1,1,1,1,1,1,1,1,1,1,1,1,1],"opens":[0,3,15,-14,50,-7,0,-5,-5,-16,0,0,0,0,28,25,18,0,0,1,3,-5,14,6,-55,87,3,-12,1,8,0,-4,-1,36,-1,0,-7,6,-6,-144,3,32,22,-26,7,-7,-1,0,-36,51,3,20,15,5,-1,0,2,-5,-12,5,3,-9,62,-9,-9,10,14,1,-10,2,6,-14,0,-19,-1,-3,6,-3,0,12,9,9,15,14,-28,31,-3,-23,-31,19,-1,12,-2,3,-2,-3,0,5,-5,-1,3,-1,-5,-5,-1,1,-2,0,0,1,-18,-10,6,-7,2,0,6,-6,-5,-1,3],"highs":[0,15,3,67,-26,-12,11,13,-29,-21,0,0,0,23,39,6,3,0,5,8,-9,7,8,0,38,4,-7,-3,-7,9,-2,-4,40,3,-9,0,-6,5,1,-84,-9,9,-10,10,-24,-4,-4,1,5,11,37,-4,0,3,0,3,-2,-2,5,-11,-1,64,1,-21,10,11,0,-5,-6,7,-2,-14,0,-20,-1,1,2,-1,13,7,24,0,17,-3,3,4,-5,-21,-17,19,-5,7,-7,-2,2,-2,3,1,-7,0,3,-1,-6,-7,0,0,0,1,0,-1,-16,-5,0,-7,0,6,0,-5,-4,0,0],"lows":[0,1,8,-5,43,-2,-12,1,-13,0,0,0,0,0,23,30,18,-2,1,-47,52,-5,13,-119,71,80,-15,-2,15,4,0,0,0,36,-8,0,0,0,-152,-1,-11,47,-1,4,0,-5,0,-29,-2,51,-5,28,7,-10,12,4,2,-16,5,-10,0,9,52,-36,28,10,10,-5,0,2,-8,-1,-18,-2,-8,5,0,0,4,7,7,16,15,-11,-3,28,-21,-43,10,-3,21,3,7,-3,-5,5,1,-1,-3,3,-1,-4,-5,0,0,-2,-7,9,-1,-15,-18,7,-2,0,2,-4,4,-2,-3,-1,-11],"closes":[0,15,-4,48,-12,-1,-2,1,-24,0,0,0,0,23,37,8,3,-2,4,11,-9,-4,19,-123,155,3,-25,14,-1,4,1,-1,36,0,-1,-7,0,6,-145,-5,41,26,-35,5,-7,-5,7,-29,38,6,28,0,5,-2,9,2,-1,-8,-6,-2,-3,65,-11,-9,11,14,1,-10,2,6,-14,-1,-18,-2,-2,4,-1,0,11,11,9,15,13,-25,28,-2,-21,-35,20,-1,12,-2,1,-4,2,-1,0,-1,1,1,-2,-3,-3,-3,1,-3,3,-2,2,-18,-11,6,-7,0,1,7,-6,-3,-3,3,-15],"volumes":[0.75,6.75,9.0,10.5,6.75,10.5,36.83,32.03,24.76,6.72,7.02,26.4,1.88,11.64,18.91,14.65,4.5,7.5,29.25,33.01,3.15,4.13,15.0,38.43,57.13,48.64,14.6,27.41,11.1,27.03,22.74,46.5,63.53,39.0,36.0,77.93,35.4,25.5,69.19,64.03,129.69,33.27,28.88,22.67,22.93,28.68,11.25,30.61,55.13,60.75,81.88,8.15,17.3,19.45,11.42,28.34,18.69,38.96,34.39,48.02,47.23,139.0,102.03,91.08,95.72,40.92,23.1,49.53,34.63,36.16,32.14,9.48,26.26,17.39,18.78,17.07,28.15,36.05,80.84,52.88,80.35,48.02,32.86,40.61,41.87,41.27,45.25,55.95,31.14,97.87,46.83,91.37,36.0,19.88,35.6,29.26,50.19,87.32,42.0,39.0,28.5,48.08,22.39,18.69,24.39,13.89,36.11,14.64,52.52,40.95,70.27,14.27,23.19,24.08,10.14,18.06,14.63,7.13,12.8,22.29,58.62]}