{"timestamp":1360454400000,"multiplier":1.0E-5,"open":1.0029,"high":1.0029,"low":1.00283,"close":1.00289,"shift":60000,"times":[1334,1,1,1,1,1,1,1,1,1,1,1,1,1,1,1,1,1,1,1,1,1,1,1,1,1,1,1,1,1,1,1,1,1,1,1,1,1,1,1,1,1,1,1,1,1,1,1,1,1,1,1,1,1,1,1,1,1,1,1,1,1,1,1,1,1,1,1,1,1,1,1,1,1,1,1,1,1,1,1,1,1,1,1,1,1,1,1,1,1,1,1,1,1,1,1,1,1,1,1,1,1,1,1,1,1],"opens":[0,-1,-8,3,-1,1,0,3,-2,5,0,3,4,-1,-2,1,1,8,-3,3,-8,5,-7,-1,3,2,3,6,-7,5,0,2,0,-1,1,21,-22,22,-32,10,6,-5,18,-18,-5,27,-27,-11,10,-26,22,9,19,-3,-3,-2,0,-9,-19,3,12,14,-1,-6,-21,-19,-2,11,-9,10,10,-3,-2,0,1,1,4,2,7,0,15,4,1,-1,-1,-1,3,-1,2,7,1,2,8,5,0,4,1,1,4,-2,2,2,0,4,-1,8],"highs":[0,-1,-3,6,-9,1,0,3,2,1,8,-2,1,2,-5,2,8,0,0,0,-3,0,-7,0,5,1,5,3,-6,6,1,0,-1,3,18,-1,0,0,-7,1,4,-1,0,1,10,-7,-25,-3,0,4,21,1,-2,-2,-2,-2,-1,-8,11,-19,24,-6,-2,-7,-20,-20,9,3,1,7,0,-2,-2,0,0,6,1,8,1,10,8,4,-4,1,0,-1,0,1,7,6,-2,7,5,2,4,-1,4,1,2,-2,2,1,5,-2,5,2],"lows":[0,-2,-2,5,-1,1,0,3,-2,5,0,-17,23,-2,-1,1,-1,11,-5,-4,1,-9,6,0,3,2,3,6,-7,3,2,2,-1,0,-1,1,-14,4,-7,6,11,0,0,-16,12,-10,-5,-15,8,-5,7,24,16,-2,-1,-3,-9,-18,-1,4,10,15,-6,-24,-16,-2,0,2,0,10,7,-2,0,0,0,2,3,3,7,0,13,6,-2,0,0,-6,8,-1,3,7,1,1,9,4,1,2,-1,5,2,0,2,-1,3,2,0,8],"closes":[0,-8,3,5,-6,1,0,3,2,1,7,-1,0,-2,-1,3,8,0,-2,-7,6,-14,6,1,4,2,5,3,-6,2,5,0,-2,4,17,-22,22,-32,10,6,-5,18,-18,-5,33,-33,-12,11,-19,19,5,19,-3,-2,1,-5,-8,-19,3,10,18,-3,-6,-20,-20,-2,11,-8,9,10,-3,-2,0,0,1,5,2,7,0,12,7,1,-1,-1,0,2,-1,2,7,1,3,7,5,-1,2,1,4,4,-2,1,3,1,3,0,5,2],"volumes":[12.01,12.57,19.5,20.63,4.5,3.75,4.13,11.25,9.0,2.25,8.25,25.15,6.0,10.51,3.0,9.0,31.14,1.5,17.28,4.39,6.39,21.84,15.96,6.57,10.14,4.14,4.5,4.5,9.57,11.64,7.8,3.0,29.82,61.34,87.82,48.32,34.13,58.51,73.19,149.02,88.29,30.75,57.0,54.2,58.35,25.5,76.02,131.16,21.54,84.01,126.19,42.69,44.98,144.27,10.73,25.39,59.5,70.66,129.95,37.92,55.63,14.2,59.01,41.69,39.23,32.25,23.25,74.04,80.84,19.13,9.0,67.57,27.0,24.0,45.0,38.63,43.5,68.25,46.51,54.38,34.5,67.52,48.03,55.2,60.11,58.55,42.77,64.13,22.43,60.76,39.32,36.38,45.72,21.26,28.67,23.64,35.65,26.42,31.55,43.71,3.99,21.1,7.13,15.24,26.48,7.5]}