{"timestamp":1130025600000,"multiplier":1.0E-5,"open":1.29242,"high":1.29304,"low":1.29242,"close":1.29288,"shift":60000,"times":[1260,1,1,1,1,1,1,1,1,1,1,1,1,1,1,1,1,1,1,1,1,1,1,1,1,1,1,1,1,1,1,1,1,1,1,1,1,1,1,1,1,1,1,1,1,1,1,1,1,1,1,1,1,1,1,1,1,1,1,1,1,1,1,1,1,1,1,1,1,1,1,1,1,1,1,1,1,1,1,1,1,1,1,1,1,1,1,1,1,1,1,1,1,1,1,1,1,1,1,1,1,1,1,1,1,1,1,1,1,1,1,1,1,1,1,1,1,1,1,1,1,1,1,1,1,1,1,1,1,1,1,1,1,1,1,1,1,1,1,1,1,1,1,1,1,1,1,1,1,1,1,1,1,1,1,1,1,1,1,1,1,1,1,1,1,1,1,1,1,1,1,1,1,1,1,1,1,1,1,1],"opens":[0,59,26,-15,-5,5,25,-49,-3,-8,-39,-6,-18,16,12,-13,-3,12,-3,22,-25,3,14,42,4,-3,-3,-14,18,-14,1,25,-19,4,8,32,-57,-8,-2,-12,-28,25,16,-38,4,15,-25,23,-40,22,-42,42,-19,-1,10,-45,7,28,38,0,-6,-38,19,-26,14,36,-35,29,-20,-21,-10,16,7,-28,45,-15,-13,11,-6,2,-20,26,12,5,10,-37,25,-14,68,-52,-5,15,-19,16,-29,25,-4,-25,26,3,-33,-1,10,21,-20,-1,7,12,-18,45,-7,-9,-24,-2,-8,4,-11,17,-4,4,-6,8,26,9,-15,-9,21,13,-12,-9,7,-5,-27,-6,-48,60,23,-29,7,15,-17,3,-25,3,-12,45,-27,-21,-4,2,42,10,49,7,-5,7,-3,-16,15,-25,7,20,32,-29,9,31,-8,8,-1,11,-18,-18,-6,10,-1,-4,33,-30,-14,19],"highs":[0,17,6,-11,5,8,8,-15,-23,-18,-8,-28,0,23,-15,13,-28,4,13,2,-23,9,32,23,1,5,-14,22,4,-32,16,12,-7,40,-19,4,-42,7,-15,-23,-8,10,9,-16,-6,10,-14,5,-18,10,-7,-4,-8,12,-5,-52,68,-7,23,-10,15,-16,9,-63,58,-10,14,-20,-7,5,-16,10,-4,-36,40,1,-2,-4,-5,-11,9,4,17,12,-2,-42,38,-24,65,-32,-14,13,3,-12,6,7,-23,-2,10,-5,-38,31,2,8,-16,-10,17,1,-7,29,-2,-9,-19,4,0,20,-27,-3,27,-29,11,23,7,-6,-15,3,9,13,-2,-3,1,3,-29,-15,-6,29,13,-32,4,18,-8,10,-22,-7,-6,26,-23,-14,1,9,40,19,23,9,-3,12,-16,-4,2,-9,7,34,2,-29,33,7,20,-19,7,4,-6,-31,-2,34,-6,2,3,-27,-5,42],"lows":[0,45,0,12,8,5,-14,-20,-4,-88,33,-28,23,-1,0,16,-8,4,10,-19,1,10,22,10,16,4,-15,7,12,-7,-10,26,-12,10,-8,-5,-15,-7,8,-18,-22,5,15,-17,-10,0,4,-8,-19,32,-42,26,-3,-23,0,-23,13,22,47,-7,2,-38,7,-26,26,-11,12,-9,-2,-11,0,15,4,-27,33,-6,-7,7,-13,-14,7,25,-1,19,2,-32,16,-2,24,-16,-2,15,-21,-4,-17,27,-2,-14,-2,19,-30,8,9,7,-12,-6,-2,-6,-9,30,15,-8,-18,12,-6,4,-14,9,7,-11,9,8,8,8,-2,-8,14,-8,10,2,-3,-22,-7,-66,19,60,-10,-12,9,16,-12,-11,-3,-7,-2,-3,18,-40,18,-36,80,2,51,6,-13,15,-8,-20,8,-12,15,22,10,-23,25,17,6,-2,6,-6,-16,-9,-16,29,-5,0,-11,-10,10,19],"closes":[0,33,-26,5,8,21,-29,-15,-11,-77,22,-22,38,33,-51,23,-8,-7,30,-39,2,24,31,9,2,0,-2,21,-8,-11,9,7,-4,12,18,-49,5,-23,8,-19,-2,13,-1,-22,-15,-5,19,-18,12,10,-10,-19,1,11,5,-57,62,1,9,4,-5,-40,49,-63,58,-44,52,-52,0,33,-16,-10,16,-41,27,-6,8,-8,-12,-2,14,16,2,16,-5,-33,38,-19,16,-16,18,0,12,-39,38,7,-40,-3,28,-21,-31,20,22,-18,-12,-6,13,-7,4,3,36,-14,-33,12,2,-3,-4,8,19,-23,1,33,-3,4,-9,1,11,-7,-2,14,-10,-27,14,-87,66,26,-20,6,-4,14,0,-29,12,-22,12,-17,26,-32,11,17,40,19,21,2,6,12,-29,9,-17,-2,13,40,-18,-22,45,-3,15,-7,11,-18,-16,-7,0,14,2,-9,-12,3,9,42],"volumes":[244.3,158.4,200.2,108.8,115.2,111.1,152.4,156.9,146.6,148.2,119.6,128.5,103.8,182.9,115.7,197.3,92.4,212.4,222.2,70.2,238.5,183.8,121.7,158.3,143.8,96.0,136.4,123.9,125.0,132.6,210.8,154.6,120.6,195.1,149.5,227.0,145.8,243.5,191.5,99.3,41.8,185.1,204.7,190.7,158.2,132.0,147.8,210.7,140.2,149.3,89.3,115.5,178.0,205.9,212.6,185.6,210.4,267.6,163.7,221.6,132.8,93.7,208.4,140.0,170.9,98.9,165.8,163.3,163.5,238.8,121.3,170.8,131.8,142.5,220.2,192.4,205.0,210.7,213.8,350.0,185.0,203.8,96.0,50.6,123.1,101.0,296.9,62.4,209.0,171.1,149.6,243.1,184.6,160.8,166.7,197.3,106.5,291.9,281.0,254.4,133.0,71.2,68.9,189.3,118.8,110.4,251.8,62.6,82.1,61.7,271.0,137.2,229.5,84.8,99.7,264.8,134.5,110.8,127.6,148.2,132.9,112.7,187.1,23.4,57.9,183.3,125.1,225.9,96.0,122.7,259.1,196.3,112.5,198.4,130.7,69.5,283.9,118.9,207.4,247.5,191.2,229.6,139.0,159.0,161.9,127.7,182.0,152.8,97.9,152.8,86.3,179.1,124.8,195.2,225.3,93.5,253.2,219.9,60.0,142.1,108.3,80.5,151.9,215.8,179.8,147.8,73.0,123.0,106.9,305.3,260.8,102.3,135.7,185.1,157.0,288.6,73.5,242.8,72.4,188.8]}