{"timestamp":1130630400000,"multiplier":1.0E-5,"open":1.28078,"high":1.28103,"low":1.28072,"close":1.28103,"shift":60000,"times":[1320,1,1,1,1,1,1,1,1,1,1,1,1,1,1,1,1,1,1,1,1,1,1,1,1,1,1,1,1,1,1,1,1,1,1,1,1,1,1,1,1,1,1,1,1,1,1,1,1,1,1,1,1,1,1,1,1,1,1,1,1,1,1,1,1,1,1,1,1,1,1,1,1,1,1,1,1,1,1,1,1,1,1,1,1,1,1,1,1,1,1,1,1,1,1,1,1,1,1,1,1,1,1,1,1,1,1,1,1,1,1,1,1,1,1,1,1,1,1,1],"opens":[0,38,-24,12,-6,-3,0,-23,4,-2,-31,-33,13,-12,-13,9,9,-4,-60,47,-28,16,3,9,0,-34,6,20,78,-59,47,-37,-13,10,60,-36,-11,20,5,-22,-4,25,25,-4,7,7,-48,24,-19,14,1,11,-14,-43,67,19,-31,-15,3,19,1,4,4,-18,29,-22,-18,27,17,13,7,23,39,-10,-30,-1,25,20,30,-53,4,7,-4,-25,17,2,-23,23,-32,-10,17,-2,12,25,39,-21,-20,0,-26,-1,31,-17,-9,-21,28,-18,2,-10,-14,11,-19,7,-18,-5,10,-9,-2,-16,-16,-17],"highs":[0,13,-19,16,-7,-8,1,-21,2,7,-37,-31,14,-8,-9,2,-2,13,-9,-10,-29,18,9,10,-13,-29,10,13,74,-20,7,-21,2,18,18,-30,14,-2,1,1,42,-22,2,23,-20,11,-56,24,19,-20,20,-12,17,-41,50,3,-30,-5,35,-13,-10,17,-3,-9,25,-28,11,6,14,5,28,29,26,-26,-26,10,28,22,10,-23,-14,2,2,-21,0,4,-1,-1,-13,-17,17,5,5,35,31,-35,-2,-18,-14,23,2,-7,-22,4,15,-17,-13,2,-9,1,-20,-1,-3,21,-24,-8,-10,-16,-1,-29],"lows":[0,-4,9,22,-11,-40,14,-5,1,16,-50,-37,3,9,-7,-11,3,-18,-14,19,0,16,-13,14,-24,-7,8,26,32,-13,-22,15,4,6,18,-8,-4,-17,18,13,-4,4,29,-2,-6,17,-41,11,5,3,12,-14,-39,7,49,3,-29,-3,23,8,-46,55,1,-10,1,-16,5,28,7,3,12,35,28,-18,-20,11,6,39,-25,2,4,-10,-3,-9,2,-5,-6,-20,6,0,8,7,12,25,26,-25,-13,-7,-9,-10,5,12,-35,5,20,-4,-15,-1,-9,-7,-3,-10,3,-4,-1,-1,-22,-5,-23,0],"closes":[0,-23,3,30,-22,-31,10,2,-10,13,-47,-22,-15,21,3,3,-20,2,-5,1,-15,16,11,-17,-22,-3,14,19,25,-12,-24,45,0,26,-12,-8,22,-24,23,-1,44,-52,24,0,-4,0,-41,21,14,-13,32,-30,-46,35,55,-10,-17,-7,27,-25,-18,41,-13,-9,20,-27,25,6,20,5,26,31,2,-24,-15,16,24,26,-33,0,6,-4,-16,-4,-2,-6,23,-36,-7,7,1,15,16,33,19,-33,-11,-14,3,5,-22,12,-23,16,-3,1,-6,-13,-8,20,-26,-17,3,35,-33,-5,-25,-5,-18,-1],"volumes":[154.5,236.1,45.9,89.8,196.6,350.0,149.5,208.5,145.4,76.0,83.5,155.0,152.9,125.3,127.7,286.1,167.8,253.8,135.6,206.6,99.3,149.3,205.5,276.0,315.8,29.8,263.0,72.8,134.6,197.2,138.7,210.1,117.4,182.1,159.1,162.1,160.7,114.5,203.4,139.5,177.9,175.5,203.5,173.4,297.9,112.1,110.5,194.3,176.3,158.8,78.2,130.2,117.0,66.7,129.4,129.5,206.3,322.8,254.9,226.5,136.0,101.7,41.3,278.1,180.0,75.9,143.9,118.7,104.0,61.7,125.4,152.6,222.7,165.7,251.7,14.7,145.5,140.3,181.9,210.3,167.9,160.8,213.4,114.5,135.9,230.9,135.0,64.8,89.4,229.5,129.9,111.3,13.1,83.9,220.7,96.8,129.4,189.7,122.1,211.8,173.4,100.9,312.2,240.4,52.0,192.5,171.2,232.6,165.8,149.8,135.4,115.3,133.8,147.9,124.4,130.2,112.7,222.8,167.2,52.0]}