{"timestamp":1467504000000,"multiplier":1.0E-5,"open":1.11253,"high":1.11324,"low":1.1125,"close":1.11324,"shift":60000,"times":[1264,3,1,1,1,1,1,1,1,1,1,1,1,1,1,1,1,1,1,1,1,1,1,1,1,1,1,1,1,1,1,2,1,1,1,1,1,1,2,1,1,1,1,1,1,1,1,1,1,1,1,1,1,1,1,1,1,1,1,1,1,1,1,1,1,1,1,1,1,1,1,1,1,1,1,1,1,1,1,1,1,1,1,1,1,1,1,1,1,1,1,1,1,1,1,1,1,1,1,1,1,1,1,1,1,1,1,1,1,1,1,1,1,1,1,1,1,1,1,1,1,1,1,1,1,1,1,1,1,1,1,1,1,1,1,1,1,1,1,1,1,1,1,1,1,1,1,1,1,1,1,1,1,1,1,1,1,1,1,1,1,1,1,1,1,1,1,1,1,1,1,1],"opens":[0,74,4,-11,10,15,10,-12,-5,4,-1,-8,2,3,1,-4,0,0,-75,0,25,1,0,1,2,1,-5,5,1,0,0,-6,6,0,0,-6,0,4,0,0,0,2,0,14,-2,-27,-6,17,5,6,5,-10,46,-29,7,-8,17,-5,-4,0,6,-9,0,27,17,0,-4,-17,-27,10,20,5,-8,-26,3,16,5,3,-16,0,24,16,0,2,-9,-5,9,-27,-4,-47,5,-33,42,2,-13,4,6,5,-18,0,3,-1,8,4,3,-2,3,-5,5,-7,0,-1,4,-14,12,6,8,-9,12,13,-4,-1,1,11,-1,-4,7,-2,1,-12,8,10,-1,-19,11,11,-4,1,3,-1,-10,-1,31,4,-2,9,-12,-11,-22,15,-2,9,3,-7,-9,-3,4,6,2,-2,-5,-11,6,0,6,0,1,-1,-3,-24,-31,-4],"highs":[0,6,1,-4,7,27,-2,-16,-1,0,-1,-4,-1,3,0,-4,0,0,-75,13,87,-74,1,2,4,-2,0,0,0,0,0,0,0,0,0,-6,5,-1,0,0,2,0,18,-4,-2,-27,16,7,-6,10,0,10,26,-17,-1,13,5,-15,3,-2,5,-8,18,21,-2,-1,9,-22,-25,24,4,-3,-1,-25,12,5,4,-2,-7,17,14,5,-2,-1,-5,3,5,-14,-25,22,-59,4,1,4,-14,10,8,-5,-16,1,0,7,5,3,-1,4,-2,1,-2,-5,-1,2,1,14,-1,0,5,-4,12,2,-5,-1,14,3,-5,1,1,-1,6,-11,11,0,-1,-10,14,3,6,-7,-3,-1,-9,28,13,-7,7,-1,-12,-11,-3,-4,13,-4,1,-7,-9,-3,10,0,2,2,-9,-3,-1,15,-10,1,2,8,-14,-24,-31,5],"lows":[0,75,-1,-4,10,15,-4,-3,0,3,-8,-5,7,0,-1,1,0,-85,10,0,25,1,-1,2,2,-4,0,5,1,0,0,-6,6,0,-6,-2,2,4,0,0,0,2,0,12,-26,-8,0,18,5,6,-14,9,7,3,4,0,11,-1,0,-1,0,-5,3,26,12,-1,-21,-22,2,9,21,-1,-32,4,3,6,12,-13,1,-1,27,15,-1,-5,-6,1,-21,2,-67,15,-26,-1,43,-10,-7,8,7,-12,-2,2,3,-2,9,3,3,-3,-1,1,-3,1,0,-1,-13,3,-1,19,-7,6,12,8,-1,1,0,10,-4,0,6,-1,-10,0,8,5,-15,-2,8,12,0,1,2,-18,6,1,31,-1,3,-3,-11,-21,-2,14,0,8,-3,-9,-3,-1,5,5,2,-6,-15,4,5,1,6,0,-5,2,-23,-49,13,-1],"closes":[0,6,-6,3,7,19,-11,-4,4,-1,-8,2,1,3,-4,0,0,-74,-1,13,13,0,1,2,2,-6,5,1,0,0,0,0,0,0,-6,-2,7,-1,0,0,2,0,18,-6,-26,-8,18,6,0,10,-10,16,3,6,-8,16,-5,-4,1,6,-8,-1,25,18,1,-5,-17,-27,10,21,-1,-1,-27,3,16,5,3,-16,-3,25,17,1,2,-10,-2,7,-28,0,-50,4,-33,41,1,-10,1,9,4,-18,-1,4,0,6,6,1,0,3,-7,5,-7,2,-1,3,-14,12,1,13,-10,13,12,-2,-2,0,12,-1,-3,5,-1,1,-12,6,12,-3,-17,9,13,-4,0,4,-1,-10,-2,31,5,-2,9,-12,-11,-21,14,-2,8,2,-5,-9,-3,-1,11,0,1,-5,-12,8,-3,8,-1,1,0,-4,-23,-33,-3,-1],"volumes":[3.75,7.0,4.5,4.5,5.25,23.75,29.5,26.5,15.0,17.5,37.0,23.5,5.5,64.5,9.0,8.0,6.0,39.88,1.75,34.75,81.75,47.25,55.0,51.25,47.4,22.47,24.67,23.01,3.57,2.67,2.2,3.6,1.1,9.9,16.1,7.2,9.0,2.25,6.6,7.67,10.37,7.7,31.48,4.0,53.69,38.86,18.84,11.67,4.25,7.14,28.69,4.07,70.72,82.27,22.11,35.41,108.13,98.45,30.94,58.53,41.78,47.13,38.23,38.86,8.09,18.0,31.64,86.36,21.98,77.07,34.39,14.25,37.6,25.44,64.89,15.09,18.55,32.56,36.14,51.27,51.09,50.5,50.95,32.5,43.97,25.11,129.57,95.68,112.61,294.79,226.51,67.59,12.41,34.45,18.44,265.8,305.26,464.7,52.69,49.42,2.0,76.9,38.77,21.25,4.5,26.25,41.5,23.75,24.6,3.0,3.5,43.98,89.18,186.47,101.37,85.14,76.76,81.14,82.54,65.42,48.65,8.25,86.65,80.56,75.89,116.26,59.99,100.01,74.36,65.55,25.96,44.33,43.35,55.05,54.36,25.88,73.14,62.4,53.28,68.48,20.66,56.04,60.7,77.76,40.74,48.63,23.7,55.13,57.93,94.23,99.8,69.04,95.03,46.12,23.06,35.81,36.58,19.72,7.85,53.41,96.68,49.0,15.4,34.56,41.4,36.62,41.6,57.95,68.52,190.97,79.69,98.27]}