{"timestamp":1469923200000,"multiplier":1.0E-5,"open":0.96897,"high":0.96897,"low":0.96896,"close":0.96896,"shift":60000,"times":[1260,1,1,1,1,1,1,1,1,1,3,1,1,1,1,1,1,1,1,1,1,1,5,2,2,1,1,1,1,1,1,1,1,1,2,1,1,1,1,1,1,1,1,1,1,1,2,1,1,1,1,1,1,1,1,1,1,1,1,1,1,1,1,1,1,1,1,1,1,1,1,1,1,1,1,1,1,1,1,1,1,1,1,1,1,1,1,1,1,1,1,1,1,1,1,1,1,1,1,1,1,1,1,1,1,1,1,1,1,1,1,1,1,1,1,1,1,1,1,1,1,1,1,1,1,1,1,1,1,1,1,1,1,1,1,1,1,1,1,1,1,1,1,1,1,1,1,1,1,1,1,1,1,1,1,1,1,1,1,1,1,1,1,1,1,1,1,1,1,1],"opens":[0,-1,3,8,-10,1,0,13,17,-4,17,5,-28,-1,-2,-1,21,-4,-1,-6,-6,0,-41,30,-26,32,21,-10,4,0,0,-1,22,5,0,-23,2,1,-44,1,-8,-1,-5,2,-1,0,-2,6,-10,-13,-3,29,11,1,-4,-7,-6,1,-3,-2,1,8,9,-1,-1,0,-4,4,5,18,-7,-3,-2,3,2,2,-3,18,0,6,2,-2,-2,-6,2,2,1,5,0,-4,5,-1,0,-2,0,0,1,2,-2,0,0,4,2,1,10,1,0,2,1,-8,5,3,-3,-2,0,2,0,1,-1,1,1,-2,3,-1,9,-1,0,-10,-8,-1,3,-5,2,3,1,1,0,-2,1,2,2,-7,-3,-1,-3,0,14,0,-2,-2,16,0,0,1,-6,-3,-2,-1,1,-3,-4,1,-15,-1,10,4,3,-2,0,1],"highs":[0,2,0,8,-9,6,22,-14,23,-11,22,0,-26,-3,-2,29,-6,-5,-3,-6,-4,-1,-42,48,-29,38,0,-5,0,0,1,-3,28,-1,0,-20,0,0,-41,-1,-5,-3,-5,5,-4,-1,8,1,28,-46,31,1,0,0,-9,-1,-6,-2,-6,0,16,5,3,-9,0,-1,8,-3,19,-1,-6,-3,3,0,3,-2,16,-1,14,-5,0,-3,-2,-4,5,1,3,-1,0,0,3,-2,-1,0,-1,2,1,1,-1,-2,3,4,0,9,4,-2,1,3,-2,-2,3,1,-5,-1,2,0,1,-1,2,3,-4,2,0,7,0,0,-1,-10,-7,8,-5,-4,4,-1,4,0,-1,0,0,6,-4,2,-10,-2,-5,15,8,-6,-5,16,-1,-1,13,-5,-13,2,-5,1,-1,-5,-3,0,-11,2,14,-1,-3,2,1,0],"lows":[0,0,2,-1,-31,32,0,-7,19,4,24,-22,1,-1,-2,0,15,0,-6,-5,-1,-18,-22,2,2,32,11,-1,5,0,0,-6,9,23,0,-23,2,-46,0,-5,-1,-5,1,0,1,-2,0,-7,-16,-25,18,39,8,-5,-3,-6,1,-3,-3,-5,2,8,13,0,-7,-1,4,2,6,10,0,-4,1,2,-5,5,1,16,3,6,-8,8,-10,2,1,0,0,6,-1,-1,6,-5,2,0,0,0,-1,2,0,-1,0,4,2,-1,8,4,2,0,-5,-1,3,-1,-1,2,-1,4,0,0,-1,1,-5,5,1,1,4,0,-6,-9,-1,1,-3,0,3,3,0,0,-3,1,1,2,-5,-2,-5,0,-1,3,7,5,-2,0,16,0,0,-9,-1,-1,1,-2,-1,-4,0,-17,-1,-5,18,3,2,-1,1,0],"closes":[0,3,-1,-1,1,5,-5,10,20,-5,23,-28,-1,0,-3,20,-4,-1,-3,-7,0,-12,-30,2,9,46,-10,5,0,0,1,-3,27,0,0,-20,0,-47,3,-7,4,-9,0,2,-2,0,5,-9,-14,-16,42,10,1,-4,-4,-6,0,-5,-2,0,9,9,-1,-1,0,-7,7,5,18,-6,-1,-5,3,2,2,-3,19,-3,7,3,-2,0,-8,2,0,2,6,0,-4,4,2,-1,-3,0,0,3,0,-2,1,-1,4,0,3,10,2,0,1,1,-8,6,3,-5,-1,-1,3,0,1,-1,1,0,-1,2,-1,10,-1,0,-10,-8,0,3,-6,2,4,0,-1,2,-2,2,1,2,-7,-3,1,-4,-2,15,1,-3,-2,15,1,0,2,-7,-3,-2,1,-1,-3,-4,1,-15,-1,7,7,4,-3,0,2,-2],"volumes":[1.5,2.25,2.25,3.75,8.25,6.5,10.0,40.62,22.75,11.0,21.5,36.25,59.75,19.5,8.0,32.0,20.0,11.0,15.0,32.0,22.0,33.0,1.09,27.15,24.43,21.75,16.5,8.5,6.0,3.0,4.5,21.0,32.03,0.6,0.48,13.5,4.5,17.74,30.94,26.84,13.0,16.0,4.0,15.0,9.5,8.0,12.0,111.26,243.72,406.71,245.72,114.05,56.75,92.11,96.49,272.51,72.27,42.48,41.48,50.87,143.41,181.67,215.97,34.04,93.36,149.51,173.59,82.85,43.87,43.0,23.5,36.75,53.25,37.25,55.18,49.25,68.8,9.0,51.94,14.14,50.18,13.0,59.01,23.24,22.4,42.17,57.72,44.62,14.56,43.87,5.0,39.67,13.7,36.03,10.57,9.94,66.51,41.61,14.57,28.11,41.04,69.65,57.79,126.82,61.55,38.21,17.48,30.12,33.92,80.41,97.24,54.38,91.65,59.91,86.29,22.36,19.36,39.19,76.07,60.99,104.95,166.09,70.27,41.99,57.1,84.7,79.52,178.28,36.16,136.66,193.48,106.89,68.74,22.06,96.16,109.21,105.91,148.81,59.8,120.75,155.45,152.87,43.6,38.87,43.37,63.12,91.22,37.37,15.97,42.56,37.67,32.0,126.89,112.9,90.6,91.31,13.48,31.63,54.15,23.99,20.51,240.48,176.42,85.37,66.36,28.62,16.74,49.37,43.74,31.0]}