{"timestamp":1444521600000,"multiplier":1.0E-5,"open":0.73157,"high":0.73168,"low":0.73157,"close":0.73168,"shift":60000,"times":[1260,1,1,1,1,1,1,1,1,1,1,1,1,1,1,1,1,1,1,1,1,1,1,1,1,1,1,1,1,3,1,1,1,1,2,1,2,1,1,1,1,1,1,1,1,1,1,1,1,1,1,1,1,1,1,1,1,1,1,1,1,1,1,1,1,1,1,1,1,1,1,1,1,1,1,1,1,1,1,1,1,1,1,1,1,1,1,1,1,1,1,1,1,1,1,1,1,1,1,1,1,1,1,1,1,1,1,1,1,1,1,1,1,1,1,1,1,1,1,1,1,1,1,1,1,1,1,1,1,1,1,1,1,1,1,1,1,1,1,1,1,1,1,1,1,1,1,1,1,1,1,1,1,1,1,1,1,1,1,1,1,1,1,1,1,1,1,1,1,1,1,1,1,1,1,1],"opens":[0,13,34,1,-1,-9,-12,15,-7,5,-1,1,9,-21,2,7,2,0,-4,17,-5,-1,-3,6,0,4,-8,3,-2,0,14,-1,4,-1,2,-1,2,2,31,10,-4,-15,1,-1,-5,-2,0,-1,1,-9,-8,-1,-2,-11,0,7,-1,30,-11,7,-17,-3,0,1,-7,-4,9,6,1,0,6,-7,-20,16,-1,1,-4,0,2,-11,-26,-6,2,-2,-4,1,1,7,6,9,-6,-7,15,1,-2,8,13,-15,-6,13,-28,11,1,-8,-25,-9,-4,-11,10,-3,-6,8,-7,-4,-9,-2,2,2,14,-10,-2,12,32,13,-3,-4,7,2,-12,19,2,-1,-22,-2,-15,-2,24,-23,1,-7,7,6,-10,4,5,7,1,-24,1,12,11,-39,38,0,-11,-24,-14,9,3,0,31,-1,-1,11,0,1,-3,-23,-11,-4,9,20,-18,0,-9,-1],"highs":[0,30,7,0,-1,-9,28,3,-16,-11,7,2,-2,-17,2,28,-24,0,19,-6,-5,2,-1,1,0,4,-6,1,-2,16,-2,3,0,-1,2,6,-2,42,-2,6,-7,-18,1,4,-10,-2,4,-5,1,-4,-7,-5,-4,-8,-2,7,28,0,-2,0,-19,1,2,0,1,-3,7,-1,-2,7,-2,-8,-2,1,1,-4,-1,-1,2,-13,-25,4,-7,-4,-3,1,9,4,9,0,-6,9,1,20,-14,27,-6,-16,1,-2,-12,-1,-3,-8,-25,-9,-4,17,-16,2,3,-4,-11,-3,-5,5,0,4,8,-12,9,29,26,-3,-6,2,-3,-1,3,7,-1,-1,-22,-2,-10,17,9,-29,-2,1,4,18,-21,3,9,0,0,-22,9,15,-2,7,-7,-2,-10,-23,-7,2,1,33,0,6,1,0,8,-6,-4,-21,-12,5,20,-1,-17,-1,-8,-1],"lows":[0,13,28,6,-16,-7,-1,7,4,4,0,0,-11,0,-9,14,1,0,1,14,-2,-1,-4,7,0,-3,-1,2,-1,-1,15,-2,5,-1,2,-1,2,1,28,8,-19,6,1,-4,-4,-17,13,3,-8,-8,-2,-1,-11,0,0,0,6,10,5,-9,-16,12,2,-6,-4,2,8,3,5,0,-8,-13,-3,16,1,-2,-1,1,-11,-28,-4,-9,12,-18,13,-1,0,7,8,-6,1,0,16,-6,6,8,-2,-12,3,-14,2,5,-2,-24,-15,-9,-8,6,7,-8,4,1,-4,-10,-2,-1,0,6,7,-6,1,9,30,8,1,2,7,-9,-1,19,1,-22,-5,-12,-2,0,-1,0,-4,0,-1,4,0,4,5,7,-25,-3,4,14,-34,6,37,-19,-14,-16,1,9,3,0,24,6,-1,11,0,-2,-23,-11,-12,8,9,2,-1,-11,1,-12],"closes":[0,29,6,2,-12,-8,12,-6,19,-15,1,-1,-11,1,-8,18,-5,0,15,0,-2,-1,2,1,0,-3,1,0,-1,12,2,3,0,-1,2,6,-3,31,8,-2,-14,-1,1,-4,-3,-5,3,0,-5,-11,-1,-2,-11,0,1,7,28,-13,7,-14,-3,-1,1,-7,-4,7,11,-2,0,6,-7,-20,16,0,0,-4,3,-1,-13,-23,-7,2,2,-8,1,1,5,8,9,-6,-7,16,1,-3,8,15,-15,-9,14,-27,10,4,-11,-24,-6,-6,-13,9,-3,-3,6,-6,-5,-9,-3,3,2,11,-4,-5,9,35,15,-9,-1,8,2,-11,14,7,-2,-22,-2,-13,-4,24,-22,-3,-3,7,3,-8,4,5,7,1,-23,0,11,12,-43,42,1,-12,-23,-16,10,2,1,32,-3,2,9,0,2,-4,-23,-11,-5,10,20,-18,-1,-9,0,-9],"volumes":[4.08,7.43,4.85,1.49,5.37,22.75,62.5,81.74,29.25,14.5,4.5,24.0,23.0,24.0,33.41,32.24,5.11,3.87,18.35,4.65,1.2,5.65,10.89,1.15,3.52,22.56,3.15,3.6,2.4,17.12,1.75,4.94,1.2,2.4,2.4,2.7,6.9,175.24,352.82,8.0,31.51,3.5,7.44,18.34,4.9,22.08,25.06,1.9,21.21,21.55,22.16,10.76,19.61,12.95,5.25,9.37,53.56,62.5,23.42,22.87,383.75,404.64,172.96,229.02,99.55,279.33,121.68,112.46,36.12,126.58,84.38,83.49,164.2,193.3,459.56,291.39,215.97,13.23,117.88,82.61,162.68,160.47,18.23,33.62,7.0,13.0,84.45,135.32,37.94,54.35,17.12,35.0,10.5,109.84,14.61,112.8,70.39,242.67,54.49,38.08,57.83,42.81,24.27,41.48,38.8,42.32,108.02,124.66,13.49,54.87,85.07,43.69,23.86,52.7,19.82,89.27,80.2,78.25,64.13,15.13,29.39,71.14,63.46,44.58,33.73,51.1,29.71,21.36,23.35,10.73,19.69,22.97,18.61,27.44,26.72,50.43,75.0,21.72,18.0,21.75,39.5,66.41,37.0,67.84,35.36,17.86,55.8,40.83,32.72,30.93,65.99,114.47,46.5,38.93,41.56,49.96,60.53,21.82,11.98,56.89,44.54,20.32,20.97,2.49,22.11,16.34,38.77,30.23,55.13,38.18,32.07,19.31,18.2,26.45,20.59,16.72]}