{"timestamp":1443916800000,"multiplier":1.0E-5,"open":1.31455,"high":1.31485,"low":1.31455,"close":1.31485,"shift":60000,"times":[1260,1,1,2,1,1,1,1,1,1,1,1,1,1,1,1,1,1,1,1,1,2,1,1,1,1,1,1,1,1,1,1,1,1,1,1,2,1,1,1,1,1,1,1,1,1,1,1,1,1,1,1,1,1,1,1,1,1,1,1,1,1,1,1,1,1,1,1,1,1,1,1,1,1,1,1,1,1,1,1,1,1,1,1,1,1,1,1,1,1,1,1,1,1,1,1,1,1,1,1,1,1,1,1,1,1,1,1,1,1,1,1,1,1,1,1,1,1,1,1,1,1,1,1,1,1,1,1,1,1,1,1,1,1,1,1,1,1,1,1,1,1,1,1,1,1,1,1,1,1,1,1,1,1,1,1,1,1,1,1,1,1,1,1,1,1,1,1,1,1,1,1,1,1,1,1,1],"opens":[0,48,-2,-11,12,-1,-1,1,-8,5,7,7,2,-1,0,2,8,22,-4,-2,3,-1,-2,-3,0,-10,-11,0,0,0,24,-24,29,8,-27,-12,5,-3,-2,1,0,-2,0,-2,-1,9,16,0,-4,5,-5,1,0,-1,0,-6,21,4,5,-2,21,9,1,16,-10,-9,1,9,-9,0,8,0,0,-3,2,24,-6,59,11,-10,23,5,4,-5,3,-12,1,9,-12,-1,-4,5,23,3,1,3,-25,6,2,-3,-3,-5,6,3,0,7,28,-8,-1,-6,2,9,-6,-3,10,-1,4,1,-17,-25,-2,-1,2,11,-5,-4,5,6,32,-10,-11,4,14,-2,0,0,4,0,0,1,-1,1,-2,-2,0,1,-15,1,6,4,8,2,-5,4,10,-3,1,0,0,1,-1,3,-2,-2,-10,-2,-2,-2,7,-11,3,9,-10,-13,-11,-22,5],"highs":[0,18,-2,-6,8,0,-2,1,0,14,-8,4,2,-1,0,2,29,5,-8,0,1,-1,-1,-4,2,-12,-11,0,0,1,23,11,1,1,-27,-12,5,-3,-1,0,0,-2,0,-2,13,-5,16,1,0,0,-5,1,0,5,-4,-1,18,9,1,18,13,0,9,0,-3,-15,14,-5,0,6,1,-4,-4,1,22,3,71,-10,3,14,6,-1,0,-1,1,-12,8,0,-8,1,-5,23,6,-2,12,-9,-11,-4,-2,-2,-1,1,-1,1,9,29,11,-21,-1,-7,12,6,-13,12,-3,3,0,1,-19,-25,0,-3,13,2,-7,0,2,39,-1,-8,-10,17,-3,-1,1,2,0,0,4,0,-3,0,-2,1,-3,1,-8,2,3,11,1,-3,7,10,-8,0,0,-1,1,0,-2,3,1,2,-9,-3,-9,1,4,-6,7,0,-6,-17,-11,-15,34],"lows":[0,48,-2,-11,12,-6,-2,5,-6,5,6,8,1,0,0,2,8,22,-7,0,1,0,0,-3,-10,0,-11,0,0,0,10,-10,9,1,0,-12,5,-5,0,0,-2,-4,0,2,0,9,16,0,-5,6,-6,1,1,-1,-6,0,21,1,1,5,20,1,10,5,1,-10,0,1,1,-1,5,4,-5,0,4,17,-13,73,1,-2,14,8,5,0,-8,1,0,-6,1,-7,4,6,22,4,1,-17,-5,4,0,-2,0,-7,7,4,0,7,15,-3,-2,1,3,0,-2,1,10,-2,4,-16,-22,-3,-1,0,3,6,-4,0,4,7,14,-3,-1,4,14,-2,1,-7,11,-2,-1,3,0,-7,2,2,0,-16,-1,4,6,4,6,-5,-1,9,8,-2,0,2,-1,1,0,0,-1,-10,-2,-2,-2,-1,-3,0,-1,3,-16,-8,-19,-3,5],"closes":[0,18,-2,-11,13,-3,0,-1,0,17,-8,4,1,0,0,2,29,5,-9,1,-2,0,1,-4,-10,0,-11,0,0,1,9,0,-1,1,0,-12,5,-5,1,0,-2,0,-2,-1,13,-4,16,1,0,0,-6,1,1,5,-12,6,19,5,-2,20,9,-1,19,-11,2,-9,9,-10,10,4,-5,0,-4,3,24,-6,57,13,-10,24,4,2,-3,2,-9,-1,8,-14,5,-8,6,23,3,1,3,-20,2,1,-3,-2,1,2,-2,2,8,27,-7,-1,-6,-1,12,-11,2,8,0,5,-1,-16,-25,-2,-1,0,13,-4,-5,4,1,37,-9,-11,4,12,1,-1,0,4,0,0,-3,3,0,-1,0,-1,-1,-16,3,6,3,9,-1,-2,10,4,-2,1,0,-1,2,0,-2,1,0,-9,-4,-3,-2,3,-7,3,9,-10,-14,-10,-19,2,33],"volumes":[2.97,0.75,0.75,3.24,2.0,6.12,7.12,10.0,16.87,3.0,30.99,3.57,2.19,1.75,1.12,1.37,11.43,3.0,3.34,3.84,2.44,2.27,2.14,1.87,8.09,1.07,2.74,2.74,4.11,6.48,4.47,9.21,5.64,12.52,3.21,4.37,5.48,20.55,20.55,24.92,18.33,15.36,217.35,281.25,35.82,1.37,2.0,2.5,4.59,1.1,3.9,2.4,2.4,5.8,4.89,6.11,0.4,12.57,16.28,76.23,49.85,115.69,29.41,23.64,15.0,29.39,60.89,60.84,17.36,60.58,80.1,62.51,54.51,49.14,50.91,46.78,123.14,17.86,44.81,70.23,92.78,58.12,104.7,89.63,65.33,20.2,36.37,93.78,141.01,42.01,21.08,35.15,36.13,27.29,46.58,78.38,98.62,108.21,60.28,30.88,13.58,25.7,45.27,2.4,34.76,55.63,63.6,50.14,33.52,12.54,29.27,43.59,26.49,27.0,24.75,41.02,31.81,37.67,46.67,15.36,27.86,16.36,28.14,27.86,59.67,9.83,6.45,34.79,133.77,122.3,92.38,47.08,3.24,18.0,13.5,16.19,3.0,4.87,30.73,11.37,5.12,14.85,16.55,18.36,5.24,10.67,32.1,25.35,20.91,75.96,74.68,74.56,72.77,65.54,18.12,35.92,20.86,24.57,9.22,11.61,1.12,27.19,11.49,35.9,29.82,32.45,7.98,14.3,34.48,62.29,50.26,56.07,69.78,36.27,35.84,18.39,89.69]}