{"timestamp":1445731200000,"multiplier":1.0E-5,"open":1.31594,"high":1.31594,"low":1.31594,"close":1.31594,"shift":60000,"times":[1261,1,1,1,1,1,1,1,1,1,1,1,1,1,1,1,1,1,1,1,1,1,1,1,2,1,1,2,1,1,1,1,1,1,1,1,1,1,1,1,1,1,1,1,1,1,1,1,1,1,1,1,1,1,1,1,1,1,1,1,1,1,1,1,1,1,1,1,1,1,1,1,1,1,1,1,1,1,1,1,1,1,1,1,1,1,1,1,1,1,1,1,1,1,1,1,1,1,1,1,1,1,1,1,1,1,1,1,1,1,1,1,2,1,1,1,1,1,1,1,1,1,1,1,1,1,1,1,1,1,1,1,1,1,1,1,1,1,1,1,1,1,1,1,1,1,1,1,1,1,1,1,1,1,1,1,1,1,1,1,1,1,1,1,1,1,1,1,1,1,1,1,1,1,1,1],"opens":[0,15,0,-39,41,1,-1,72,5,11,-1,0,2,-12,12,-18,0,0,13,0,0,-11,16,-11,6,4,-5,1,1,-7,20,7,-74,10,9,-4,37,41,-30,-3,8,-13,19,-10,38,-23,-9,28,8,9,-84,-12,-8,23,-6,1,1,5,15,8,1,-1,-1,-8,4,-2,0,2,0,-4,12,-1,5,-18,19,-25,7,1,-7,0,-1,3,-2,-17,3,-6,9,-2,-6,7,1,1,18,0,1,4,3,-1,0,-1,1,3,-22,-7,2,14,-3,3,-17,15,-14,0,-2,-15,1,4,16,5,7,-4,5,26,0,-1,0,0,1,-1,1,0,-1,0,-1,1,0,0,3,-3,7,0,0,0,0,0,-1,-1,0,0,0,13,-8,3,0,0,1,-3,-4,0,-2,1,0,0,1,-1,-1,1,-2,4,-3,0,-1,1,2,-3,2,1],"highs":[0,15,0,-39,42,0,71,11,11,5,-12,6,-4,-12,12,-16,-2,0,17,-4,0,5,0,-11,10,0,-4,0,4,39,-17,-5,-64,0,9,43,33,3,-35,-2,28,-14,1,26,0,-21,17,4,18,-5,-75,-20,14,0,1,-6,6,18,0,5,1,-1,0,-5,0,0,1,2,-3,8,5,3,-3,0,0,-14,5,-7,-8,0,2,1,-3,-17,3,2,1,-2,8,-4,-2,20,-1,2,0,4,2,-1,0,2,-2,9,-18,-17,18,0,-5,3,1,0,-17,0,-1,-15,0,18,13,2,2,0,24,0,0,-1,0,2,0,1,-1,-1,-1,0,0,2,-1,2,0,6,-2,0,0,0,0,0,-1,-1,0,0,15,0,-6,0,-1,2,-1,-3,-3,0,-2,0,0,1,0,-1,0,0,2,1,-4,0,1,1,0,0,0,0],"lows":[0,15,0,-40,42,-8,8,72,5,-4,0,14,2,-12,0,-6,0,-4,16,1,-11,-1,6,0,6,4,-5,1,-7,-11,32,-74,7,0,14,1,37,2,5,-36,15,16,-6,14,-6,9,3,30,8,-68,-20,-30,23,-1,17,0,3,4,16,3,4,0,-8,0,2,0,0,2,-5,-2,12,-10,0,-26,19,-1,5,-5,2,-1,0,3,-16,-4,3,-5,9,-9,-4,0,13,0,19,0,1,4,2,0,0,-1,1,-19,-8,1,2,14,-3,-12,-2,1,0,-4,-13,0,1,1,19,5,7,-4,5,26,-1,0,0,0,0,0,0,0,0,-1,0,1,0,0,1,-1,7,0,0,0,-2,0,0,0,0,0,0,5,0,2,0,1,-2,-5,0,-1,0,1,0,-2,0,-1,-1,3,-1,2,-2,0,0,0,0,0,1,2],"closes":[0,15,0,-40,43,-1,72,5,11,-15,0,20,-4,-12,0,-5,-1,-4,21,-4,-11,16,-11,0,10,0,-4,0,-6,21,2,-70,5,5,4,48,31,-31,-3,-1,6,11,-10,37,-23,-10,29,3,14,-77,-3,-31,30,-6,4,-3,6,15,3,4,2,-2,-8,4,-2,2,0,0,-5,13,-1,9,-21,18,-25,9,-1,-6,-1,-1,3,1,-15,-6,3,3,1,-9,15,-6,0,20,-1,2,0,3,2,0,0,-1,1,-19,-8,1,16,0,-3,-12,13,-11,-3,-2,-15,1,0,18,7,7,3,-2,26,0,-1,0,0,2,-1,0,0,-1,0,-1,1,1,0,2,-2,8,-2,0,0,0,-2,0,0,0,0,0,13,-7,2,1,-2,2,-3,-5,1,-2,1,0,0,1,-1,-1,1,-1,3,-2,-1,-1,1,0,0,0,0,2],"volumes":[0.75,1.5,0.75,2.24,1.75,150.0,233.75,85.0,87.0,89.0,57.0,20.0,2.0,3.17,3.0,6.14,1.12,2.82,7.0,3.1,2.07,4.14,2.07,2.94,5.21,1.07,3.5,4.0,50.62,68.58,28.77,11.41,5.0,8.0,8.39,19.68,78.11,31.8,12.37,28.36,113.24,67.15,46.41,96.77,41.93,17.42,13.97,30.7,24.86,66.0,76.88,128.65,19.18,6.36,6.85,9.44,2.32,9.67,2.12,3.27,6.75,17.5,9.19,13.1,2.75,2.75,17.1,15.58,8.34,31.85,31.04,45.65,22.83,48.63,36.13,22.84,25.69,18.96,8.27,17.94,13.93,5.14,22.35,3.96,3.1,4.21,1.27,4.06,19.62,18.31,1.1,22.17,4.64,5.64,2.0,8.78,3.39,1.82,7.28,6.46,1.82,31.52,20.81,3.02,12.24,9.89,3.6,14.38,27.54,28.06,3.59,10.13,12.0,3.84,3.26,13.4,29.57,23.58,20.95,41.09,21.7,10.49,6.94,37.82,10.5,11.11,30.55,14.15,21.14,8.0,31.23,25.26,8.87,5.5,12.24,8.53,3.34,10.46,2.0,6.0,1.0,4.24,7.31,4.5,10.56,11.01,54.34,34.03,46.24,40.8,34.28,10.78,3.6,10.86,13.4,37.9,40.81,44.27,26.98,20.08,12.15,13.31,30.95,27.86,35.81,42.51,56.19,27.47,4.97,12.25,12.09,41.23,25.73,6.69,9.29,4.73]}