{"timestamp":1445731200000,"multiplier":1.0E-5,"open":0.97889,"high":0.97889,"low":0.97889,"close":0.97889,"shift":60000,"times":[1260,1,1,1,1,1,1,1,1,1,1,1,1,1,1,1,1,1,1,1,1,1,1,1,1,1,1,1,1,1,1,1,1,2,1,1,1,1,1,1,1,2,1,1,2,1,1,1,1,1,1,1,1,1,1,1,1,1,1,1,1,1,1,1,1,1,1,1,1,1,1,1,1,1,1,1,1,1,1,1,1,1,1,1,1,1,1,1,1,1,1,2,1,2,1,1,1,1,1,1,1,1,1,1,1,1,2,1,1,1,1,1,1,1,1,1,1,1,1,1,1,1,1,1,1,1,1,1,1,1,1,1,1,1,1,1,1,1,1,1,1,1,1,1,1,1,1,1,1,1,1,1,1,1,1,1,1,1,1,1,1,1,1,1,1,1,1,1,1,1,1,1,1,1],"opens":[0,-1,-30,-3,-9,2,13,-10,-3,10,-7,4,1,12,7,-5,1,-2,-1,1,-2,-3,1,1,1,0,-1,6,0,-5,3,0,2,-2,0,-7,4,1,0,-5,6,0,3,-1,37,1,-5,1,-7,-1,0,0,-4,7,0,0,-3,1,30,-3,0,-20,-11,5,-18,-4,0,5,3,11,-17,-19,7,-5,1,-6,0,-1,3,-3,1,3,-1,3,2,1,-3,11,23,4,-1,4,-2,-13,-1,1,0,3,0,0,0,0,-3,0,0,0,-16,0,0,-3,0,0,0,2,17,-15,0,8,0,0,1,-29,-2,2,-4,3,-1,11,2,4,8,2,-15,-11,-5,5,3,4,0,7,23,-3,-14,-22,0,0,0,10,-17,7,-7,1,8,6,-5,6,1,0,-1,3,6,6,-1,1,1,8,11,1,-8,-8,-1,-7,8,-1],"highs":[0,-1,-30,-1,-2,6,19,-28,6,0,-2,0,12,21,-14,5,-8,-2,-1,0,-2,0,-1,0,1,0,0,5,1,-6,3,0,2,-2,10,-10,-3,1,0,2,-1,3,0,32,4,1,-4,0,-7,-1,0,0,3,0,0,0,-2,26,6,-5,9,-29,-1,-5,3,-25,1,7,0,15,-21,-10,3,-2,-7,-6,0,0,2,-2,1,2,2,0,2,1,-3,21,18,0,-2,4,-2,-13,-1,1,8,-5,0,0,0,0,-3,0,0,0,-16,0,0,-3,0,0,2,3,14,-15,8,0,0,1,0,-29,-1,1,-1,0,12,0,3,8,2,7,-20,-12,0,4,3,0,5,25,0,-1,-16,-22,0,0,12,-2,-10,3,3,-4,6,13,-7,-3,-1,0,2,6,5,1,0,0,10,10,4,-3,-7,-9,-1,1,2,0],"lows":[0,-31,-3,0,-9,-3,7,-2,-8,8,2,5,0,6,-5,14,1,-3,0,-6,2,0,1,1,1,-1,0,6,-5,0,2,1,0,0,0,-7,4,1,-9,4,6,0,3,-7,43,1,-5,0,-24,17,-7,7,-4,1,6,-3,0,1,26,-3,-17,1,-11,-12,-8,3,0,5,-1,-2,-21,1,2,1,-5,0,0,-1,-1,1,1,3,-1,3,0,3,-3,9,24,0,4,0,-12,1,-1,1,0,3,0,0,0,-2,-1,0,0,-16,0,0,-4,1,0,0,0,-8,12,0,0,-1,9,0,-28,-2,-8,6,-1,2,1,10,3,4,7,-9,-15,-7,3,5,-1,8,0,7,-1,5,-20,0,0,0,0,-12,1,4,0,-1,3,1,7,6,-2,-6,8,3,6,5,-1,1,2,7,9,-5,-8,-1,-3,-5,4,5],"closes":[0,-31,-3,1,-8,13,-10,-3,10,-7,5,0,12,7,-6,2,0,-3,1,-2,-3,3,-1,0,1,-1,1,5,-5,0,2,1,0,0,0,-2,-1,1,-5,5,1,3,0,32,4,1,-4,-1,-7,0,0,0,3,0,0,-3,1,25,1,-3,-17,1,-6,-17,-5,0,1,6,-3,-2,-18,6,-6,9,-13,0,0,-1,-1,2,1,2,2,0,0,3,-3,21,17,1,-2,2,-13,0,-1,1,3,0,0,0,0,-2,-1,0,0,-16,0,0,-3,0,0,0,2,3,-1,0,8,0,0,1,-29,-2,1,-2,2,-2,11,2,4,8,2,-10,-14,-5,3,3,5,0,5,25,-4,-11,-24,0,0,0,12,-12,0,-7,12,-3,6,-7,9,1,-4,1,3,7,5,1,-2,2,8,12,1,-9,-7,-2,1,1,2,0],"volumes":[0.37,1.85,4.86,6.32,9.96,11.58,96.43,69.36,82.79,76.36,87.06,6.88,24.99,41.75,39.36,60.38,25.61,12.72,6.73,11.34,2.37,2.37,2.0,1.0,2.0,4.0,3.87,1.37,28.29,4.12,3.0,1.0,2.37,2.0,12.0,11.0,1.0,1.0,13.25,7.0,1.0,3.87,1.0,22.73,1.37,1.37,5.11,5.11,34.8,2.74,12.74,2.74,10.96,19.18,4.11,4.11,6.92,22.53,9.31,1.48,17.2,0.37,8.0,21.23,42.96,1.87,3.87,9.48,12.59,21.47,19.09,25.49,28.24,18.62,11.5,1.75,3.5,11.5,2.87,14.86,6.24,3.5,8.75,1.75,4.5,1.0,1.75,13.98,12.49,10.48,1.0,7.99,7.5,1.0,1.0,3.0,13.37,5.0,2.0,1.0,2.0,5.0,13.0,5.0,21.0,14.98,14.0,24.96,8.5,5.0,6.0,8.0,25.69,45.39,16.5,20.0,8.0,20.23,5.0,9.0,23.0,8.0,30.0,4.0,13.12,15.24,21.87,11.0,7.0,16.0,4.0,40.49,23.37,5.0,20.0,13.0,13.25,5.0,22.12,36.48,59.58,48.47,17.82,4.36,3.0,8.0,14.23,42.61,25.49,26.28,13.81,22.14,29.0,29.61,16.6,8.0,5.75,8.0,15.12,5.62,9.62,3.12,11.49,3.12,18.73,35.1,26.72,19.0,28.37,5.0,11.0,18.89,11.75,8.89]}