{"timestamp":1443916800000,"multiplier":0.001,"open":1137.521,"high":1137.809,"low":1137.09,"close":1137.61,"shift":60000,"times":[1320,1,1,1,1,1,1,1,1,1,1,1,1,1,1,1,1,1,1,1,1,1,1,1,1,1,1,1,1,1,1,1,1,1,1,1,1,1,1,1,1,1,1,1,1,1,1,1,1,1,1,1,1,1,1,1,1,1,1,1,1,1,1,1,1,1,1,1,1,1,1,1,1,1,1,1,1,1,1,1,1,1,1,1,1,1,1,1,1,1,1,1,1,1,1,1,1,1,1,1,1,1,1,1,1,1,1,1,1,1,1,1,1,1,1,1,1,1,1,1],"opens":[0,168,-400,41,-81,-269,39,610,-220,90,349,-50,60,341,449,650,232,-240,89,-179,-100,-540,220,-511,320,-39,10,-311,360,11,309,230,-160,-189,-1,-129,-701,131,-61,-60,-9,-131,-70,21,-50,-80,39,-149,-280,229,-160,-90,21,-30,-121,-210,180,0,51,-61,-19,90,-170,-10,49,1,-360,259,370,-160,-29,429,-49,99,200,19,171,91,311,-512,69,-168,-240,239,53,298,-99,-350,0,29,189,-39,-271,1,-90,-81,271,-380,0,-142,32,-38,118,0,-61,71,258,81,20,163,177,-141,-209,-378,168,-31,-89,190,-170,-321],"highs":[0,-110,-269,-90,-80,-190,520,60,-61,260,-1,10,341,449,651,310,31,-60,-160,-130,30,-541,140,-299,10,-40,-30,99,-49,309,241,50,-180,-160,-60,-130,-510,-40,-80,-50,129,-249,-10,-20,-40,-61,-40,-130,-29,19,-209,-40,-31,-39,-111,-9,-20,160,-120,-50,50,160,-280,10,20,20,-102,312,10,-160,400,60,-10,200,100,180,-51,371,108,-560,32,-200,0,159,201,42,-151,-350,39,230,-51,-38,-242,10,-117,198,-20,-341,110,-229,-10,60,20,-20,10,268,81,19,142,190,30,-172,-209,-200,111,-152,131,33,-224,-318],"lows":[0,189,-9,-60,-231,-270,270,180,140,-180,430,-20,79,591,449,601,40,-99,-101,-100,-500,11,-720,480,269,0,-300,20,260,100,291,99,-210,10,-120,-660,-40,60,-50,-10,-100,-259,119,50,-280,130,-289,-161,51,-10,9,0,-19,-91,-299,-141,380,10,10,-20,-90,11,-91,80,50,-360,-190,450,210,-30,1,329,50,100,150,-60,110,90,-10,-79,-21,-530,230,280,72,101,-251,-100,98,31,189,-310,-100,10,-88,0,-122,-41,-90,1,-21,20,121,-68,8,71,238,90,-29,223,36,-219,-449,81,150,-82,-90,89,-317,-391],"closes":[0,-331,40,-90,-230,71,494,-65,1,299,-1,60,341,449,600,301,-260,91,-181,-109,-591,280,-509,350,-71,10,-309,360,-21,330,241,-160,-191,-10,-120,-660,90,-9,-110,-11,-80,-130,50,-30,-120,41,-151,-280,271,-200,-90,19,-20,-120,-179,130,10,69,-70,-9,10,-110,-11,60,-10,-360,309,312,-150,-31,430,-50,101,199,50,141,-8,409,-512,69,-169,-239,240,52,297,-98,-350,0,28,202,-12,-309,21,-112,-79,269,-377,7,-160,40,0,80,10,-69,69,240,109,20,141,180,-131,-219,-418,219,8,-90,152,-171,-318,-222],"volumes":[0.018405,0.02836,0.01508,0.01283,0.0197,0.02098,0.01747,0.01784,0.01386,0.04016,0.04447,0.01775,0.03805,0.06048,0.05397,0.06903,0.04768,0.02141,0.01372,0.01192,0.02004,0.01368,0.02049,0.01155,0.00934,0.00822,0.00969,0.00924,0.00705,0.00594,0.02236,0.02069,0.01086,0.00836,0.00682,0.02023,0.01233,0.00946,0.0066,0.00868,0.00973,0.01322,0.00858,0.00506,0.01218,0.0099,0.01188,0.0132,0.00881,0.01124,0.00772,0.00576,0.00616,0.00749,0.0128,0.01556,0.00773,0.00926,0.0066,0.00687,0.0108,0.0134,0.00928,0.00685,0.00528,0.01212,0.01375,0.0434,0.03076,0.01459,0.02872,0.03189,0.02307,0.0386,0.05197,0.03222,0.02046,0.02423,0.02589,0.01967,0.01346,0.02525,0.01564,0.01405,0.01531,0.02435,0.01385,0.01206,0.00938,0.01018,2.2E-4,0.00688,0.01115,0.00405,0.00745,0.011,0.01697,0.02842,0.03465,0.0129,0.00984,0.01222,0.01325,0.0133,0.01455,0.02014,0.02254,0.00591,0.02397,0.0285,0.02111,0.0179,0.01711,0.01692,0.01593,0.0075,0.01525,0.01738,0.01722,0.01611]}