{"timestamp":1186876800000,"multiplier":1.0E-5,"open":1.0535,"high":1.05356,"low":1.05323,"close":1.05356,"shift":60000,"times":[1260,1,1,1,1,1,1,1,1,1,1,1,1,1,1,1,1,1,1,1,1,1,1,1,1,1,1,1,1,1,1,1,1,1,1,1,1,1,1,1,1,1,1,1,1,1,1,1,1,1,1,1,1,1,1,1,1,1,1,1,1,1,1,1,1,1,1,1,1,1,1,1,1,1,1,1,1,1,1,1,1,1,1,1,1,1,1,1,1,1,1,1,1,1,1,1,1,1,1,1,1,1,1,1,1,1,1,1,1,1,1,1,1,1,1,1,1,1,1,1,1,1,1,1,1,1,1,1,1,1,1,1,1,1,1,1,1,1,1,1,1,1,1,1,1,1,1,1,1,1,1,1,1,1,1,1,1,1,1,1,1,1,1,1,1,1,1,1,1,1,1,1,1,1,1,1,1,1,1,1],"opens":[0,0,-17,25,-6,-2,-7,-1,-2,19,-2,-10,-15,-2,4,-4,12,1,-8,25,0,20,-20,20,-10,30,0,-34,4,20,10,0,20,-40,-4,0,16,1,17,10,0,0,-10,-66,28,-19,27,-20,20,-16,6,10,-35,35,0,-10,-8,28,-30,20,0,10,-14,24,-27,-13,12,38,-42,22,-23,4,19,-26,11,5,3,7,10,-30,10,0,-13,13,0,0,-15,15,-12,12,0,-22,-2,-9,9,-1,25,-22,22,-7,-17,-36,17,43,-13,-7,-5,10,5,-28,18,0,0,0,-42,42,-36,36,0,-10,-12,22,-22,32,-10,-22,4,18,10,20,10,-18,28,10,-10,40,-69,-9,-2,10,0,-14,20,-21,15,0,0,0,-23,23,0,-10,0,-10,10,-10,-7,9,8,10,0,-12,12,-23,8,5,20,0,-15,15,-18,-2,5,-12,7,-2,0,22,0,-10],"highs":[0,-3,-1,6,-5,4,-12,-3,0,27,-8,-8,-13,-10,4,12,33,-6,-29,16,20,0,0,20,-25,25,0,-27,2,25,0,0,20,-33,-4,13,1,-2,25,0,0,0,-10,-40,2,-13,21,-20,20,-10,0,10,-35,35,0,10,-21,21,-27,17,20,0,-18,18,-22,-15,10,37,-23,13,-33,8,25,-32,14,3,0,15,0,-30,10,0,9,-9,0,0,-5,5,-12,12,0,-22,2,-6,2,-1,25,-15,15,6,-30,-19,0,43,-13,0,-12,10,5,-28,28,-10,0,0,-42,42,-36,56,-20,-10,-12,22,-17,27,-10,-17,7,20,30,-10,20,-13,23,0,30,0,-51,-22,3,0,0,-8,14,-15,9,0,0,0,-6,6,0,0,-10,-10,10,-6,0,1,15,0,0,-12,12,-6,4,12,0,0,-10,10,-13,-7,20,-13,-7,-2,2,20,0,-5],"lows":[0,20,-19,33,-18,2,-4,-2,-5,15,-12,-2,-5,4,-7,0,19,1,-18,35,0,20,-20,20,-17,37,-20,-14,4,20,-10,20,20,-40,-4,0,9,8,17,10,0,-10,-50,-16,19,-11,28,-20,10,-21,21,10,-35,35,-10,0,-10,30,-33,23,-10,20,-14,14,-29,-1,-3,43,-39,29,-35,5,30,-33,15,1,4,13,-10,-28,28,0,-29,29,0,0,-17,17,-30,30,0,-30,0,-6,-3,7,22,-18,28,-17,-28,-15,2,48,-8,-9,2,2,13,-40,30,0,-10,10,-48,48,-50,40,0,0,-28,38,-23,13,10,-32,10,22,10,20,10,-18,28,0,0,-50,18,-14,-4,20,0,-14,10,-15,19,0,-10,10,-23,13,0,0,0,-12,12,-11,-6,-6,23,10,0,-15,15,-30,10,10,20,0,-15,-5,2,-2,5,-15,-1,9,0,22,-5,-5],"closes":[0,-11,7,5,-4,1,-17,3,0,5,-12,-2,-4,3,0,16,33,-27,-27,35,20,0,0,20,-35,35,0,-27,2,25,-10,10,20,-33,-4,7,-5,10,25,0,0,-10,-40,0,-7,-4,21,-20,10,-2,2,10,-35,35,-10,20,-30,30,-32,22,20,0,-18,18,-37,0,4,33,-17,17,-33,-7,40,-34,6,8,0,20,-20,-25,25,0,-2,2,0,0,-15,15,-23,23,0,-30,8,-8,5,-5,20,-18,28,-17,-20,-6,-6,49,-18,-4,-3,5,10,-40,40,-10,-10,10,-48,48,-37,37,-10,0,-28,38,-17,7,10,-32,10,22,30,0,10,-3,23,-10,40,-90,18,-1,3,0,0,-13,12,-8,9,0,-10,10,-12,2,0,0,0,-12,12,-8,-2,-13,33,0,0,-15,15,-17,12,15,0,0,-10,-10,2,-2,20,-13,-11,2,2,20,0,-10],"volumes":[334.6,203.4,296.5,26.9,136.3,73.9,225.0,84.3,172.3,65.3,208.8,267.5,90.3,51.1,74.4,809.9,141.2,61.6,63.1,36.2,18.2,8.0,16.6,45.1,145.6,4.0,51.8,103.1,74.4,8.0,96.3,17.4,4.0,56.0,104.0,105.8,218.4,37.3,8.8,4.0,8.0,13.4,70.8,278.7,27.0,135.9,12.0,24.7,19.9,435.9,4.0,20.0,12.0,8.0,14.3,15.9,2.7,8.0,49.6,8.0,47.9,14.4,10.4,19.2,174.6,63.3,62.3,36.0,837.2,16.0,162.0,64.4,16.0,218.3,367.4,267.6,123.3,11.2,23.2,283.7,11.2,44.0,1391.3,6.4,8.8,27.2,489.5,12.0,16.0,28.0,4.0,56.0,434.5,103.2,103.2,73.6,41.5,227.3,4.0,381.8,304.4,122.2,311.5,31.2,32.8,160.8,9.6,64.0,10.4,180.5,31.4,10.1,69.0,3.3,63.6,0.9,190.4,90.5,47.6,14.5,41.6,20.8,1.0,60.0,10.4,176.1,71.7,95.2,106.2,127.4,83.9,59.3,77.6,17.5,88.0,110.7,118.7,169.8,78.0,12.0,12.0,138.8,79.7,60.7,4.0,8.0,23.9,3.0,101.6,31.9,19.9,155.1,63.8,13.3,8.0,16.4,16.5,12.0,62.2,8.0,24.0,56.0,4.0,302.7,95.6,22.3,8.0,24.0,66.0,24.7,57.6,20.7,44.0,7.5,26.0,27.7,6.4,12.0,76.0,71.2]}