{"timestamp":1186272000000,"multiplier":0.001,"open":672.67,"high":672.67,"low":672.623,"close":672.623,"shift":60000,"times":[1320,2,2,2,4,1,1,2,4,1,1,1,1,1,1,1,1,1,1,1,1,2,1,1,1,1,1,1,1,1,1,1,1,3,1,1,1,1,1,1,1,1,1,1,2,1,1,1,1,1,1,1,1,1,1,1,1,1,2,1,1,1,1,1,1,1,1,1,1,1,1,1,1,1,1,1,1,1,1,1,1,1,1,1,2,1,2,1,1,1,1,1,1,1,1,1,3,1,1,1,1],"opens":[0,-48,16,7,3,0,12,17,-39,-7,208,220,122,8,222,188,133,87,15,153,269,198,84,18,38,226,-254,89,-66,108,50,-84,-162,-161,-120,-32,-171,-155,-198,-163,-154,-99,-51,115,-33,-181,122,-50,-50,59,68,0,75,-2,52,-6,63,-131,122,77,-159,110,72,500,177,-52,-48,100,-177,-48,-68,-38,-150,-177,108,-174,19,55,-102,2,-19,-115,-136,-209,-271,1,42,-136,13,-119,-3,100,-125,19,106,-72,64,-67,-48,148,28],"highs":[0,69,-12,3,30,-112,12,90,-29,61,266,114,57,228,114,134,132,39,157,222,144,152,-3,18,416,-144,-170,98,-9,117,-117,-84,-125,-181,-131,-30,-171,-70,-291,-163,-153,-68,94,173,-237,-20,-42,-58,-42,31,77,10,131,63,7,152,-178,106,-98,48,-113,176,362,258,46,-81,104,-52,-177,-41,-75,-38,-150,4,-73,-100,74,-35,-66,-23,-57,-65,-114,-200,-163,-101,0,-193,59,-165,123,-13,-25,55,-43,3,0,0,46,76,-23],"lows":[0,-1,0,-31,31,-10,-10,-27,32,24,178,250,67,63,222,188,133,87,15,153,260,151,140,12,39,-117,86,-36,67,78,-8,-119,-191,-85,-80,-196,-88,-292,-88,-177,-46,-287,187,76,-215,40,-28,100,-198,118,58,99,69,4,27,11,51,-111,65,-20,-37,116,89,481,203,-123,25,-174,25,-73,12,-158,-252,62,-49,-19,21,26,-135,39,-112,-121,-209,-308,-74,40,-34,-104,47,-169,115,32,-80,44,-18,51,-44,15,-21,125,-55],"closes":[0,15,-16,108,-108,-10,-10,148,-138,134,247,169,57,172,114,158,164,39,152,171,171,181,-3,12,347,-425,186,-136,225,10,-98,-91,-182,-122,-80,-196,-85,-295,-88,-132,-41,-275,248,-47,-151,100,-100,65,-39,-58,107,69,131,-75,25,123,-29,-119,50,-25,23,52,500,223,50,-107,110,-225,-25,28,-89,-151,-126,110,-173,-75,126,-60,-18,-98,-112,-64,-259,-315,108,-96,-62,-100,25,-49,50,60,-25,-63,-25,27,48,28,46,76,-95],"volumes":[0.00112,0.00275,0.00431,0.0042,0.00527,6.9E-4,0.00172,0.00307,0.00557,0.00333,0.00465,0.00228,6.9E-4,0.00535,0.002735,0.00301,0.00188,0.00112,0.00293,0.0071,0.0034,0.00253,4.8E-4,5.3E-4,0.00396,0.00449,0.00159,0.00561,0.0029,0.00371,9.9E-4,0.001898,0.004956,0.00151,0.00169,0.00249,0.00169,0.00549,0.0017,0.00258,0.001,0.00532,0.003049,0.0015,0.00462,0.00502,0.00386,0.00203,0.00185,8.0E-4,0.00207,2.8E-4,0.00372,0.00441,0.00189,0.00139,6.3E-4,0.00469,0.00281,0.00383,0.003557,0.00661,0.003193,0.0024,0.00269,0.00348,0.00156,0.00218,8.5E-4,0.00291,8.0E-4,0.00298,0.00376,0.002754,0.00163,0.00329,0.00392,0.00404,0.00444,0.00426,0.00389,0.00255,0.002791,0.00516,0.0034,0.0019,0.0048,0.003768,0.00435,0.00374,0.008,0.00264,0.00237,0.00335,0.00142,0.00279,0.00365,0.003273,0.002222,0.00419,0.00342]}