{"timestamp":1408838400000,"multiplier":1.0E-5,"open":0.93086,"high":0.93088,"low":0.93073,"close":0.93073,"shift":60000,"times":[1260,1,1,1,1,1,1,1,1,1,1,1,1,1,1,1,1,1,1,1,1,1,1,1,1,1,1,1,1,1,1,1,1,1,1,1,1,1,1,1,1,1,1,1,1,1,1,1,1,1,1,1,1,1,1,1,1,1,1,1,1,1,1,1,1,1,1,1,1,1,1,1,1,1,1,1,1,1,1,1,1,1,1,1,1,1,1,1,1,1,1,1,1,1,1,1,1,1,1,1,1,1,1,1,1,1,1,1,1,1,1,1,1,1,1,1,1,1,1,1,1,1,1,1,1,1,1,1,1,1,1,1,1,1,1,1,1,1,1,1,1,1,1,1,1,1,1,1,1,1,1,1,1,1,1,1,1,1,1,1,1,1,1,1,1,1,1,1,1,1,1,1,1,1,1,1,1,1,1,1],"opens":[0,-13,10,-4,-5,8,-34,0,-7,9,-3,22,2,9,-5,9,-12,-69,-2,5,15,31,-18,11,-54,-20,21,-6,30,10,-14,-25,3,-9,-15,-25,-22,8,10,-9,3,6,4,-5,-4,-8,2,1,7,1,0,-2,1,3,0,-4,2,-7,-8,-8,2,14,1,11,1,-4,17,-1,10,-5,1,3,11,-20,5,-3,-1,2,13,25,-26,-20,3,-3,1,-6,1,6,3,-5,2,0,8,1,1,1,1,1,20,-1,2,2,-2,-5,-14,0,1,-3,-2,-6,3,1,-2,-3,6,0,-1,0,-1,0,-1,12,12,4,-1,-9,1,1,0,7,-2,-9,1,10,6,3,-1,6,-1,-1,0,10,4,0,-1,-2,10,-18,11,-6,-5,-9,-5,0,2,-1,11,4,-7,-2,-18,0,0,0,0,1,0,1,0,3,3,-6,0,-2,1,2,0,5,-3,7],"highs":[0,-5,0,0,0,-1,-34,1,5,0,12,12,-2,6,4,3,-17,-40,-10,-1,53,13,-27,-15,-30,10,-28,24,14,-9,11,-46,7,-17,-15,-25,-15,5,9,2,-8,10,7,-15,-4,2,0,-7,15,-6,-1,0,1,7,-5,-2,5,-6,-9,-3,6,19,-7,4,0,9,8,-5,6,1,-1,14,-4,-16,7,-9,0,13,38,-11,-27,-15,2,-2,4,-11,6,1,3,-3,0,5,0,3,1,0,1,22,-1,-1,2,2,0,-8,-12,1,-2,-3,-2,3,-5,0,-2,0,5,-1,0,-2,0,-1,12,19,1,-5,-1,-9,1,3,5,0,-2,-6,9,7,1,0,7,0,-2,-2,11,8,2,-7,1,12,-6,-7,0,-4,0,-14,-6,4,-3,14,2,-2,-7,-2,-15,-2,-1,0,1,1,0,4,0,4,-2,-6,0,0,1,0,6,-1,-2,17],"lows":[0,0,6,-6,1,-30,4,0,-9,11,-3,22,2,4,0,-3,-71,-2,-1,8,15,13,-17,-51,-3,2,-5,7,48,-8,-21,1,-8,-10,-28,-23,-1,10,-6,6,-8,18,-14,4,-3,0,-1,3,8,-9,8,-4,5,-1,-3,-7,4,-19,1,1,4,1,8,17,-3,0,15,-4,8,-2,5,3,-11,1,-1,4,-1,2,13,-1,-20,-6,7,-2,-8,2,3,6,-2,-9,2,8,9,1,1,-5,6,2,18,-1,3,0,-3,-19,3,-1,1,-5,-4,-1,4,-1,-3,0,6,-1,0,-3,1,1,-1,11,6,8,-7,-1,-1,1,3,5,-15,6,1,10,5,4,-1,5,-2,0,1,8,3,-3,2,1,-8,0,7,-10,-6,-13,8,0,2,-1,10,-1,-3,-23,-1,6,0,0,0,1,0,1,0,3,-4,1,-2,-1,2,0,1,3,0,-11],"closes":[0,10,-4,-5,8,-34,0,1,5,-2,14,5,5,-1,10,-13,-71,1,4,15,31,-18,11,-48,-26,21,-7,34,7,-15,-25,5,-10,-12,-28,-23,3,10,-3,3,3,9,-9,-7,-2,1,-3,3,10,-1,-2,2,0,1,-4,4,-8,-8,-11,7,12,-2,14,1,-3,9,6,4,0,4,-2,14,-21,5,-2,0,0,13,25,-25,-20,3,-2,1,-7,1,6,3,-5,3,1,6,0,2,0,1,1,21,-1,-2,4,0,-4,-16,1,3,-4,-5,-4,1,3,-2,-3,1,6,0,-2,-1,1,-1,10,16,1,-1,-9,-1,0,3,7,-2,-8,0,9,5,5,0,7,-3,-1,0,11,4,-1,-3,0,10,-18,11,-4,-8,-8,-5,0,2,0,9,5,-6,-3,-18,0,1,-1,0,1,0,1,0,4,2,-6,0,-2,2,1,-2,7,-3,0,-11],"volumes":[7.53,2.25,3.75,13.5,19.5,43.99,7.1,4.0,11.41,32.68,11.46,24.72,7.85,9.01,10.23,43.2,87.35,34.42,39.58,19.2,164.94,174.34,111.51,116.26,172.26,130.67,41.66,99.4,35.48,59.4,65.43,4.63,100.9,8.66,31.89,35.33,28.62,5.75,25.88,73.0,40.45,16.15,37.85,6.75,16.0,26.98,26.82,9.32,24.4,71.69,12.23,40.23,16.41,44.62,21.39,31.32,34.29,73.82,79.09,13.58,7.85,7.65,12.76,1.65,53.41,102.66,82.89,97.9,78.56,78.72,41.7,194.17,117.27,52.04,83.87,2.7,6.46,34.29,187.13,47.45,80.15,160.46,123.05,107.14,165.36,113.73,47.69,39.49,104.73,56.36,87.8,43.76,1.55,19.11,8.01,32.37,18.3,50.06,62.4,38.41,12.46,16.4,22.96,25.35,25.63,57.3,33.47,26.33,27.74,73.85,19.07,37.98,80.28,30.56,11.0,9.0,25.0,15.58,12.9,19.4,39.56,54.17,43.28,32.52,41.17,36.27,33.78,33.28,40.11,91.85,62.8,44.3,54.44,42.07,29.06,29.14,26.65,24.75,38.51,19.71,60.72,48.36,29.0,27.41,11.15,35.08,32.92,17.9,10.0,41.81,77.55,132.16,165.35,98.16,67.32,278.25,76.07,22.14,8.0,125.37,84.71,4.0,2.0,6.0,45.56,48.22,7.01,28.86,30.75,169.06,32.86,33.0,31.63,25.4,124.52,23.91,61.53,15.65,34.38,92.38]}