{"timestamp":1409443200000,"multiplier":0.001,"open":2000.481,"high":2001.635,"low":2000.481,"close":2001.576,"shift":60000,"times":[1321,1,1,1,1,1,1,4,1,1,2,1,1,1,1,3,1,3,3,1,1,1,1,2,1,1,1,44,2,16,1,3,1,1,1,1,1,1],"opens":[0,1114,-101,-32,2,-70,-123,324,303,-103,-8,-305,-286,198,-95,299,-137,13,321,88,-116,115,-384,-117,103,-91,95,1,-13,-92,-108,318,-132,315,15,-319,-85,110],"highs":[0,-40,301,-311,-121,-70,-123,324,303,-103,-8,-305,-100,16,-99,299,-137,13,323,103,-133,115,-384,100,-114,108,-104,1,-13,-92,-108,318,295,6,-103,-319,120,-95],"lows":[0,893,94,-6,-379,305,-117,323,279,-78,-219,-496,14,-3,208,287,-125,13,299,110,-116,-182,-87,-117,103,-91,95,1,-13,-92,-108,308,-122,122,-203,92,-85,110],"closes":[0,-93,316,-214,-502,305,-117,323,279,-78,-219,-496,14,304,-99,287,-125,13,299,127,-133,-182,-87,86,-100,108,-104,1,-13,-92,-108,308,215,92,-294,-124,120,-95],"volumes":[0.00971,0.00801,0.0374,0.00407,0.01184,7.4E-4,0.0037,7.4E-4,7.4E-4,0.0037,0.00407,0.00814,0.01261,0.00555,0.0037,7.4E-4,0.0037,0.0037,0.00521,7.4E-4,0.0037,0.00854,0.0037,0.00111,0.0037,0.00444,0.0037,0.0037,0.0037,3.7E-4,0.0037,7.4E-4,0.00854,0.00999,0.00888,0.0037,7.4E-4,0.0037]}