{"timestamp":1407628800000,"multiplier":0.001,"open":1929.991,"high":1929.991,"low":1929.774,"close":1929.989,"shift":60000,"times":[1320,1,1,1,1,1,1,1,1,1,1,1,1,1,1,1,1,1,1,1,1,1,1,1,1,1,1,1,1,1,1,1,1,1,1,1,1,1,1,1,1,1,1,1,1,1,1,1,1,1,1,1,1,1,1,1,1,1,1,1,1,1,1,1,1,1,1,1,1,1,1,1,1,1,1,1,1,1,1,1,1,1,1,1,1,1,1,1,1,2,1,1,1,1,1,1,1,1,1,1,1,1,1,1,1,2,1,1,1,1,1,1,1,1,1,1,1,1],"opens":[0,73,1392,106,29,-522,725,-325,1322,282,-297,-280,65,-804,323,3,-320,294,25,207,6,-16,-10,4,15,1,-22,25,-20,22,-219,-301,-179,-313,297,-316,-182,-512,-287,307,-12,17,166,20,4,-26,28,-222,19,-23,200,9,13,-12,7,6,7,-202,200,-203,-27,-263,282,15,-21,118,-113,188,14,-7,-5,-107,139,-29,-187,204,-7,-107,-111,210,493,33,-507,477,20,-12,292,17,-22,-296,7,-179,180,16,-28,335,-17,-18,-272,-12,-201,-16,227,-26,330,-313,12,273,-281,-12,17,-31,38,-3,291,-13,17,-9],"highs":[0,981,819,283,-483,189,14,1291,173,-185,-289,-191,-4,-516,20,-3,-29,-1,221,8,6,-16,309,-296,-4,308,-308,207,-205,4,-218,-302,-179,201,-204,-329,-182,-487,-12,7,-8,207,-15,17,-6,-26,37,-213,6,-17,214,11,-2,-6,5,-5,2,2,5,-201,0,0,-19,15,2,201,1,-19,3,13,-3,-10,18,-29,29,-1,-12,5,-3,502,306,-298,-20,12,-2,294,15,-12,-13,-301,3,23,-16,10,-28,336,-18,-2,-288,-12,11,2,5,-4,303,-316,303,-2,-289,-6,3,9,188,112,-9,-18,24,-12],"lows":[0,290,1211,287,-467,-26,1,188,1028,507,-712,191,-192,-323,10,294,-298,294,2,3,202,-6,4,2,24,-12,-9,25,-23,-505,0,-168,-523,209,-23,-469,-23,-198,-287,282,-3,33,165,9,9,-19,12,-502,315,-25,20,191,13,-12,-8,20,-215,21,90,-115,-5,-283,302,-3,-293,283,12,188,-6,13,-9,-103,112,-210,21,-16,3,20,-28,210,489,-183,-503,494,212,-17,295,4,-282,-14,4,-176,180,14,-29,316,-306,293,-473,-16,-6,-6,-3,204,4,7,-12,20,-212,10,188,-188,191,13,300,-23,-2,4],"closes":[0,799,782,504,-979,502,-308,1796,173,-463,-500,-23,-192,-7,20,-5,-27,-1,21,189,13,-25,330,-296,-4,-12,12,7,-26,-474,-31,-167,-505,485,-294,-218,-298,-173,-24,-6,5,190,0,31,-13,-19,31,-218,17,-26,223,11,-2,-12,-9,15,-203,205,7,-229,28,-14,-5,-3,20,100,76,6,-18,19,13,-10,-4,-215,206,-189,207,-95,67,532,-10,-202,200,-209,212,301,-19,3,-280,-15,0,-4,14,8,-29,325,-24,18,-489,-14,8,208,-16,17,-26,7,302,-279,-5,-6,-18,-7,23,314,-9,-28,21,1],"volumes":[2.1E-4,7.4E-4,9.14E-4,0.00129,5.82E-4,5.7E-4,4.71E-4,5.95E-4,3.39E-4,3.7E-4,0.001163,2.33E-4,3.2E-4,7.6E-5,1.62E-4,1.6E-4,2.03E-4,1.2E-4,1.32E-4,1.3E-4,2.0E-4,1.0E-4,3.06E-4,2.4E-4,4.0E-5,1.64E-4,2.0E-4,2.8E-4,2.4E-4,4.5E-4,1.2E-4,5.3E-4,9.3E-4,1.77E-4,5.4E-4,0.001,2.7E-4,2.8E-4,4.0E-4,8.0E-5,1.9E-4,1.6E-4,1.2E-4,1.6E-4,1.6E-4,8.0E-5,4.8E-4,0.00124,1.8E-4,8.0E-4,2.68E-4,1.4E-4,2.0E-4,2.1E-4,2.6E-4,9.0E-5,2.0E-4,1.45E-4,1.5E-4,3.3E-4,1.2E-4,7.22E-4,8.0E-5,8.0E-5,2.1E-4,0.001376,7.68E-4,4.4E-5,5.6E-5,8.0E-5,1.3E-4,6.04E-4,1.1E-4,7.1E-4,3.2E-4,4.32E-4,4.94E-4,3.03E-4,3.72E-4,9.9E-4,0.00141,8.0E-4,3.6E-4,1.1E-4,8.0E-5,2.06E-4,4.6E-4,1.8E-4,2.1E-4,9.0E-5,6.0E-5,4.4E-4,6.0E-5,6.0E-5,1.2E-4,1.6E-4,4.9E-4,8.0E-5,4.6E-4,0.00166,0.001433,4.18E-4,4.14E-4,1.1E-5,2.3E-4,8.0E-5,2.8E-4,3.5E-4,4.68E-4,0.001429,3.3E-5,5.25E-4,0.0015,0.001,4.0E-4,4.0E-4,8.0E-4,8.0E-4]}