{"timestamp":1408233600000,"multiplier":1.0E-5,"open":1.08849,"high":1.08849,"low":1.08849,"close":1.08849,"shift":60000,"times":[1260,1,1,1,1,1,1,1,1,1,1,1,1,1,1,1,1,1,1,1,1,1,1,1,1,1,1,1,1,1,1,1,1,1,1,1,1,1,1,1,1,1,1,1,1,1,1,1,1,1,1,1,1,1,1,1,1,1,1,1,1,1,1,1,1,1,1,1,1,1,1,1,1,1,1,1,1,1,1,1,1,1,1,1,1,1,1,1,1,1,1,2,1,1,1,1,1,1,1,1,1,1,1,1,1,1,1,1,1,1,1,1,1,1,1,1,1,1,1,1,1,1,1,1,1,1,1,1,1,1,1,1,1,1,1,1,1,1,2,1,1,1,1,1,1,1,1,1,1,1,1,1,1,1,1,1,1,1,1,1,1,1,1,1,1,1,1,1,1,1,1,1,1,1,1,1,1,1],"opens":[0,-3,2,0,0,0,3,0,1,2,7,0,1,0,0,-1,0,0,0,0,-4,3,-9,0,12,-11,-1,13,-10,-3,-4,4,2,1,-1,5,9,4,-2,0,0,-1,1,-1,1,0,0,-1,12,-11,-1,2,0,5,-1,-1,11,-9,0,0,7,-5,-4,-1,-1,-2,-6,10,15,-8,5,-1,1,-1,-2,0,0,4,-2,0,1,0,16,-1,0,-2,6,-4,1,1,0,1,-1,1,-1,1,-1,0,7,8,1,0,0,2,5,1,0,11,1,2,0,1,-1,0,0,2,1,-1,-1,-1,0,0,-1,-8,0,0,1,3,-2,2,2,-1,0,-3,-1,1,-3,0,0,0,-1,0,0,1,-1,0,0,-8,-1,0,1,6,-6,0,9,0,-8,-2,1,-1,0,0,1,-1,1,1,-1,1,-2,-1,2,0,0,0,0,0,1,-1],"highs":[0,-2,1,0,0,0,3,0,2,10,-2,0,1,0,0,-1,0,0,0,0,-2,2,-9,14,-3,0,1,0,-10,-3,1,6,-4,0,0,13,4,0,-2,0,0,-1,1,-1,1,0,0,12,-1,-10,3,9,2,-9,-1,1,11,-11,0,1,12,-11,-2,-1,0,-5,5,14,7,-10,0,0,0,-1,-1,-1,3,1,-1,0,1,14,1,-1,0,1,3,-4,1,1,3,-2,0,1,-1,0,-1,9,7,-1,2,-1,3,3,2,0,12,0,2,0,1,0,-1,0,0,3,0,-1,-1,-1,2,-2,-1,-8,2,-1,3,0,0,0,2,-1,0,-3,-1,1,-3,1,-1,0,-1,0,0,1,-1,0,0,-8,-1,1,7,-1,-6,9,0,0,-8,-1,0,0,-1,1,0,0,0,1,0,0,-2,1,0,0,0,1,-1,2,0,8],"lows":[0,-3,2,0,0,0,3,0,1,2,7,0,1,0,-2,0,1,-1,1,0,-4,3,-9,0,11,-11,0,3,-4,1,-5,2,5,1,-1,5,6,4,1,0,-1,0,1,-1,1,0,0,-1,1,0,-1,2,0,5,-3,1,-1,3,0,0,2,-7,2,0,-11,3,-4,13,7,-3,7,-1,1,-3,-1,1,1,2,0,0,-1,1,16,-1,-1,0,5,-3,1,1,0,1,-1,0,0,-1,0,1,7,8,1,0,0,2,-3,9,-2,13,1,2,-1,1,0,0,0,1,1,-2,1,-1,0,-1,-8,0,0,0,1,1,0,2,2,-1,0,-4,0,-2,0,0,0,-1,0,0,0,1,-1,0,-9,0,0,0,0,1,0,0,8,-7,-2,0,0,0,0,-1,1,0,1,0,-1,-1,-1,1,2,0,0,0,-1,1,0,0],"closes":[0,-2,1,0,0,0,3,0,2,9,-1,0,1,0,-1,-1,1,0,0,0,-2,2,-9,14,-4,1,1,-10,-4,1,1,-4,6,0,0,13,4,-3,1,0,-1,0,1,-1,1,0,0,12,-11,0,0,1,3,1,-3,3,0,0,0,1,1,-5,0,0,-1,-7,9,15,-8,4,0,-1,1,-2,-2,1,4,-1,1,0,-1,16,0,0,-2,3,2,-3,1,1,2,-1,0,-1,1,-1,0,7,9,-1,1,0,3,2,3,0,11,1,2,0,-1,1,0,0,0,3,-1,-2,1,-1,1,-2,-8,0,0,1,3,-2,2,0,2,-1,0,-4,0,-2,0,1,-1,-1,0,0,0,1,-1,0,-9,0,0,1,6,-6,0,9,0,-8,-2,1,-1,1,-1,1,-1,1,0,0,1,-3,1,1,0,0,0,0,0,1,-1,10],"volumes":[0.3,1.68,1.5,3.91,4.23,5.75,4.56,8.46,3.33,14.94,3.45,3.23,1.0,7.61,5.23,5.41,4.23,7.95,5.38,3.3,9.32,4.66,34.5,46.9,4.66,6.58,6.58,11.65,3.33,1.0,68.5,75.23,5.75,3.16,6.23,12.62,10.23,5.38,2.3,4.38,5.0,1.15,3.23,2.3,4.45,2.08,2.08,4.5,5.15,3.0,4.15,9.15,15.18,2.08,3.3,6.9,11.58,3.45,2.0,3.0,1.15,2.1,4.5,3.28,13.44,14.27,27.44,26.93,48.11,35.81,3.0,13.97,6.41,12.15,11.4,11.13,8.0,6.0,4.0,4.0,18.53,7.68,5.0,5.0,2.0,4.0,8.0,5.76,1.0,5.0,21.0,1.0,4.0,6.0,6.5,5.5,7.0,22.63,10.5,1.0,4.0,7.0,4.0,9.0,9.0,6.0,19.65,6.0,7.41,4.28,5.28,4.25,2.73,2.0,2.28,4.0,2.0,7.75,4.0,6.5,9.25,15.44,15.19,19.71,14.51,18.99,9.41,9.96,28.53,12.33,1.1,7.03,1.69,9.31,4.38,17.26,14.45,7.57,5.88,10.87,4.36,1.32,4.41,2.44,13.52,15.9,18.64,8.61,5.67,4.25,20.53,5.43,19.13,11.13,6.26,13.89,13.05,5.37,11.8,20.02,7.61,12.99,17.32,9.68,32.83,66.14,70.14,69.29,25.4,9.32,6.49,5.22,10.32,20.38,24.81,13.77,5.89,44.46]}