{"timestamp":1450569600000,"multiplier":1.0E-5,"open":0.99916,"high":0.99916,"low":0.99909,"close":0.99909,"shift":60000,"times":[1320,1,1,1,1,1,1,1,1,1,1,1,1,1,1,1,1,1,1,1,1,1,1,1,1,1,1,1,1,1,1,1,1,1,1,1,1,1,1,1,1,1,1,1,1,1,1,1,1,1,1,1,1,1,1,1,1,1,1,1,1,1,1,1,1,1,1,1,1,1,1,1,1,1,1,1,1,1,1,1,1,1,1,1,1,1,1,1,1,1,1,1,1,1,1,1,1,1,1,1,1,1,1,1,1,1,1,1,1,1,1,1,1,1,1,1,1,1,1,1],"opens":[0,-7,4,-4,0,5,-1,1,-26,-24,-6,-9,10,8,-9,-5,-1,0,22,0,-6,62,-9,18,25,7,-44,-13,3,4,-1,14,0,0,0,0,-30,-1,-1,-3,5,3,9,0,4,0,-2,-2,-25,-4,-9,-42,40,-4,3,0,0,-6,0,5,63,35,-4,-9,44,6,6,-21,-5,-20,4,-35,25,-14,0,-45,1,51,-13,23,27,-8,13,10,-5,0,-9,-10,-1,-24,-5,4,15,45,-5,-14,-25,-5,-51,-5,-35,26,9,0,-54,-5,20,20,0,4,-5,1,5,-40,34,21,-5,0,-9,14],"highs":[0,-2,-1,-4,5,0,0,0,-20,25,-61,30,10,-14,-5,-16,-10,59,-36,3,69,-18,65,16,-13,5,-68,-3,0,-11,44,-31,0,15,-8,-5,-12,-1,-6,6,10,-1,-3,12,2,1,-1,-9,-11,-18,-25,-4,10,-11,0,4,3,-5,3,79,13,15,-8,25,10,12,-4,-13,-20,-9,18,-35,0,18,-30,-27,32,8,10,25,-5,10,5,0,-4,-1,-10,-10,-1,-24,5,15,40,0,-1,-19,-21,-3,-31,-25,-5,10,0,-10,-45,15,29,-13,-1,0,0,4,-4,-10,25,0,-5,0,7,33],"lows":[0,-16,15,0,0,5,0,-20,-55,20,-10,1,-1,10,-9,3,0,0,22,-6,0,53,-1,11,13,-16,-25,0,8,6,-8,25,0,0,-4,-36,1,-3,0,-4,16,3,4,5,0,-5,0,-37,13,-9,-45,-9,45,-5,10,0,-6,1,-1,4,48,48,-9,-6,45,6,-37,7,-31,22,-49,16,16,-10,-43,-19,29,39,-16,25,27,5,0,13,-5,1,-51,35,-24,-6,5,5,15,40,-25,-27,12,-59,-3,-42,-11,46,9,-75,6,4,26,16,4,-4,-1,1,-36,5,29,21,-5,-4,-1,14],"closes":[0,5,-5,0,5,-1,1,-21,-30,-5,-10,10,40,-40,-5,-1,1,21,0,-6,75,-22,17,37,-24,-23,7,-21,8,-5,-8,25,0,0,0,-29,-2,3,-8,1,8,9,-3,8,-1,-2,-2,-26,-3,-9,-43,41,-4,2,1,0,-6,2,4,63,34,-4,-9,45,9,3,-18,-9,-20,4,-43,33,-15,0,-39,-3,50,-12,24,26,-5,15,5,-6,2,-6,-15,-5,-20,-11,11,20,39,-4,-16,-24,-1,-50,-4,-40,25,9,6,-60,-5,19,20,6,-1,-5,1,9,-44,29,26,-5,0,-9,14,23],"volumes":[3.36,3.99,3.37,5.25,5.0,12.0,37.0,22.0,48.61,95.7,33.0,19.0,41.98,97.5,71.25,75.49,73.73,149.98,45.6,63.68,83.5,34.25,45.0,111.48,65.74,59.37,100.25,47.0,28.25,10.5,83.44,8.0,4.0,37.1,27.75,154.21,189.75,238.5,116.0,171.25,101.0,200.5,57.25,39.75,60.25,348.25,290.75,68.25,117.74,42.25,45.0,175.48,52.37,48.12,22.99,26.34,60.22,71.86,62.52,113.96,116.62,79.25,58.5,92.5,75.5,48.49,49.0,54.0,58.25,60.0,187.93,67.73,113.13,99.12,242.61,214.49,58.5,30.99,31.48,59.98,24.0,16.11,50.48,41.86,34.11,22.24,61.98,39.0,59.11,9.73,10.87,14.0,23.0,13.0,32.62,24.0,6.0,94.67,98.22,90.48,123.59,33.0,48.61,116.36,73.23,47.36,47.73,19.37,6.0,18.0,11.25,11.87,71.98,34.87,30.25,6.0,7.0,13.5,24.25,110.35]}