{"timestamp":1449360000000,"multiplier":0.001,"open":5188.2,"high":5213.2,"low":5188.2,"close":5211.5,"shift":60000,"times":[1370,1,1,1,1,1,1,1,1,1,1,1,1,1,1,1,1,1,1,1,1,1,1,1,1,1,1,1,1,1,1,1,1,1,1,1,1,1,1,1,1,1,1,1,1,1,1,1,1,1,1,1,1,1,1,1,1,1,1,1,1,1,1,1,1,1,1,1,1,1],"opens":[0,23800,5000,3200,0,-133,6133,5000,-2000,2000,900,6100,-2300,-300,-2600,5000,2900,-4400,-3300,-2000,-4000,-5000,3800,-1500,0,700,-2700,-1500,2500,1700,800,-1000,5000,-2800,-3633,433,1200,700,-1900,1200,-200,-1000,4500,5000,-3000,-4267,3767,-2000,1900,-2333,433,3900,-7900,1500,3067,-3067,-500,2900,-1700,-1000,0,-200,-2000,1000,900,-1900,2233,-3233,900,-1700],"highs":[0,5000,4000,-1000,33,9967,33,-33,33,1000,6967,0,-1200,-1800,5000,-300,0,-3000,-4700,-2000,-2300,-1000,-1000,-700,-1200,200,-2700,1700,1000,2000,2000,1000,700,-3700,-2000,1000,0,1700,-2700,2000,-1000,3000,5000,700,-3700,-300,-700,33,-333,1000,333,667,-5700,3033,-333,-1667,-33,700,-700,-300,2000,-2000,-1667,667,-1000,0,333,-2033,-300,-1700],"lows":[0,23800,4500,1500,-800,1800,6000,3000,1200,1000,-125200,128000,-128000,128000,-400,4400,-1800,-2200,-3000,-3000,-5000,-1000,3000,0,-2500,-3500,3000,-2000,2500,500,2000,1000,2000,-6000,0,1000,2000,-500,500,0,-500,500,3500,2500,-5000,0,1000,2000,-4000,3000,1000,-5000,0,2000,1000,-3000,1000,1000,0,0,0,-2000,0,0,0,0,-1000,0,-1000,-3000],"closes":[0,4500,4000,1100,-900,6000,4800,-800,0,1000,6800,0,-2000,-3000,6200,800,-4000,-3000,-1100,-4900,-5000,4000,-800,0,-200,-1800,-2200,3200,1000,1700,-2900,6000,-3000,-3800,-200,2000,0,-100,300,700,-1900,5200,5000,-4200,-5000,5900,-2000,100,-1800,2000,1800,-6100,1300,2000,-2000,-300,1100,-800,-1200,0,1200,-2300,1300,-1200,-1000,1900,-1700,-1200,-100,-3000],"volumes":[0.007087,0.006053,0.004791,0.002761,0.001833,0.004348,0.002678,0.003199,0.001994,0.001194,0.004553,0.004525,0.007099,0.003764,0.017354,0.014196,0.013556,0.008026,0.015228,0.008566,0.010226,0.009392,0.008096,0.004444,0.008852,0.013534,0.005904,0.009552,0.009862,0.013228,0.01426,0.010696,0.012782,0.008774,0.010938,0.009286,0.009468,0.010708,0.005902,0.005522,0.00892,0.008226,0.012522,0.009144,0.008032,0.00609,0.009376,0.00648,0.011052,0.007388,0.007352,0.01092,0.006658,0.010782,0.007128,0.009874,0.006424,0.00349,0.00515,0.003548,0.00731,0.004824,0.005554,0.004954,0.004674,0.006788,0.004664,0.002514,0.00162,0.009996]}