{"timestamp":1449964800000,"multiplier":1.0E-5,"open":1.09836,"high":1.09837,"low":1.09836,"close":1.09836,"shift":60000,"times":[1320,1,1,1,1,1,1,1,1,1,1,1,1,1,1,1,1,1,1,1,1,1,1,1,1,1,1,1,1,1,1,1,1,1,1,1,1,1,1,1,1,1,1,1,1,1,1,1,1,1,1,1,1,1,1,1,1,1,1,1,1,1,1,1,1,1,1,1,1,1,1,1,1,1,1,1,1,1,1,1,1,1,1,1,1,1,1,1,1,1,1,1,1,1,1,1,1,1,1,1,1,1,1,1,1,1,1,1,1,1,1,1,1,1,1,1,1,1,1,1],"opens":[0,0,2,0,9,0,23,53,2,0,-33,6,-24,-4,3,-8,-12,1,-2,-4,15,-1,0,-27,-19,0,-10,0,-6,-25,-4,-1,-4,3,-4,-3,-2,-1,1,4,10,-5,-1,-3,1,-2,1,4,-1,4,-16,-6,4,3,1,-24,-1,-1,-4,-38,24,4,-2,3,5,-2,7,-17,7,-2,1,4,3,5,14,-2,-2,1,-13,-15,11,-10,-20,-12,6,3,0,-6,-3,5,-5,2,4,1,0,28,50,45,-15,-2,-1,-13,0,-6,-3,-9,1,10,-11,0,1,1,1,80,-58,4,25,5,-6,-25],"highs":[0,6,-5,1,8,48,28,1,1,1,-27,6,-29,-2,0,-9,-5,-3,8,3,-4,-2,0,-26,-20,24,-34,0,0,5,-20,-16,-6,5,-4,-7,1,1,8,5,-4,-4,-2,0,-2,2,1,5,1,-3,-16,0,3,2,-3,-16,-4,-6,-1,-12,3,4,0,-1,0,7,-1,-7,3,-3,3,1,2,15,1,9,-13,-1,-7,-5,-2,-13,-17,-4,-2,0,1,-7,1,10,-3,-5,7,-6,29,48,49,-1,-17,-2,5,-19,0,-6,-3,-6,9,-1,-7,0,-2,8,77,-4,-51,23,6,-1,-7,-12],"lows":[0,-3,5,0,7,2,8,68,1,-31,-3,-19,-1,-16,2,-4,0,-1,-5,-3,16,-2,-24,-19,1,-9,-1,-5,-27,-1,-2,-4,-8,6,-3,-3,-3,4,0,2,5,1,-4,-1,2,-3,2,4,1,-27,9,0,4,3,-36,10,-1,-3,-37,0,20,4,-5,3,10,0,-12,2,5,0,0,5,1,4,14,-2,0,-6,-20,0,-22,-6,-7,-5,12,-5,3,-2,-3,-4,8,-1,6,1,1,25,52,31,-7,3,-12,-6,-2,-1,-10,0,1,0,0,-1,1,-1,4,22,-2,6,24,-1,-23,-1],"closes":[0,-2,4,0,7,25,53,1,0,-31,4,-24,-3,4,-9,-12,1,0,-3,14,-4,1,-26,-20,0,-10,0,-6,-25,-3,-2,-3,-2,0,-2,-5,2,0,4,10,-6,1,-5,2,-1,1,3,-1,3,-11,-10,3,3,3,-24,-3,-1,-2,-38,24,3,-3,3,5,0,5,-15,8,-3,2,3,2,5,13,1,-5,3,-9,-19,10,-10,-19,-12,5,2,0,-7,0,3,-2,1,3,0,1,29,48,46,-8,-9,-2,-12,0,-8,-1,-10,3,10,-11,-1,1,0,4,78,-58,4,26,4,-7,-23,12],"volumes":[14.25,16.12,0.2,1.05,3.2,80.39,77.72,22.75,8.5,25.75,12.5,33.36,12.98,54.33,56.35,83.28,55.37,55.71,49.02,71.14,47.7,38.78,153.28,31.64,9.74,58.12,8.35,125.48,86.35,160.03,119.63,64.36,61.95,57.17,38.47,53.25,53.61,66.17,131.13,113.05,82.06,92.43,94.46,124.87,73.83,135.49,73.82,22.37,33.5,131.87,85.7,46.82,23.01,39.01,160.54,46.77,87.84,63.43,116.77,134.9,171.71,176.94,224.22,116.23,63.61,310.5,209.34,136.32,98.9,56.75,103.58,118.23,302.84,322.9,216.25,196.54,172.5,300.47,325.55,473.68,224.83,253.9,142.8,165.91,64.65,94.23,52.9,24.01,136.52,231.63,270.58,156.25,50.07,71.7,117.95,238.26,175.86,100.36,95.9,48.22,70.43,45.32,23.45,46.46,65.14,20.74,69.1,60.58,20.99,43.44,39.45,107.49,156.97,125.32,91.76,53.34,53.99,80.37,90.51,53.81]}