{"timestamp":1644105600000,"multiplier":0.001,"open":7069.659,"high":7069.659,"low":7058.999,"close":7066.689,"shift":60000,"times":[1370,1,1,1,1,1,1,1,1,1,1,1,1,1,1,1,1,1,1,1,1,1,1,1,1,1,1,1,1,1,1,1,1,1,1,1,1,1,1,1,1,1,1,1,1,1,1,1,1,1,1,1,1,1,1,1,1,1,1,1,1,1,1,1,1,1,1,1,1,1],"opens":[0,-970,6000,310,-5000,540,1090,-30,1090,-120,-1000,2090,2880,-9850,-6060,-2090,1150,-90,0,10060,-2000,880,2060,-3600,-370,0,3970,1090,-3150,-11940,2970,4970,1000,1460,-340,0,4030,-690,2630,1970,1000,1090,2850,8090,-5630,1000,0,6600,2060,-3660,660,2970,-6090,2460,2000,-4430,2970,1150,-1030,1880,1000,1030,-30,2030,120,-2000,310,4000,540,-3970],"highs":[0,5030,2310,-2000,-5000,3630,-970,-1060,3400,-2430,3430,690,970,-10970,-5120,-1570,3660,30,5880,90,-60,1000,60,-1060,-1030,3120,940,370,-4460,-9940,8400,3000,630,-630,-2310,2970,970,1370,3630,30,1970,1970,6090,940,-3940,-690,5690,3000,-30,-970,3850,-2910,-2940,1970,-660,630,1370,-1370,1370,570,-570,1540,2090,60,-150,-1540,2570,430,1000,-3370],"lows":[0,9000,4690,-3030,340,540,1090,-30,1090,-2030,910,970,-4850,-8120,-880,-4120,4090,-30,970,6940,60,-1030,0,120,-3000,1970,3880,-1000,-10000,-2540,3000,6540,1000,1090,-4630,4660,1340,2000,1690,2910,1000,970,2970,1030,970,-2000,3460,5660,-3060,1000,2060,-3030,-90,1030,0,-2000,3970,1030,-2030,2030,-910,3000,-120,2030,0,-1910,910,3030,-2000,-1060],"closes":[0,7310,0,-3000,-1000,2570,-30,-940,2000,-2940,2000,3340,-8310,-8120,0,-570,1570,-1940,10000,-2090,1090,2000,-4000,1940,-30,2120,1340,-3460,-10000,1060,7000,1030,1370,-430,120,2000,880,1120,1970,970,1000,2940,8120,-6120,1000,430,6660,1940,-3940,2970,2910,-5910,-60,2120,-2060,3060,880,-1000,-30,3000,-1000,150,3940,-1970,30,-2030,3880,1120,-1970,-60],"volumes":[0.01632,0.0048,0.00384,0.00336,4.8E-4,0.00432,0.00288,4.8E-4,0.00192,0.00144,0.01296,0.00816,0.00768,0.0048,0.0048,0.012,0.01008,0.00768,0.01776,0.0048,0.00864,0.00864,0.00768,0.00576,0.01152,0.01152,0.012,0.00576,0.00768,0.01152,0.01056,0.01056,0.01104,0.01104,0.00912,0.00672,0.01008,0.00528,0.00768,0.00336,0.01296,0.01104,0.0096,0.0096,0.00336,0.01008,0.01104,0.00576,0.00672,0.01152,0.00912,0.0072,0.0048,0.00672,0.00384,0.00816,0.0072,0.00336,0.0048,0.00624,0.00432,0.0048,0.0096,0.00384,0.0048,0.00288,0.0048,0.0024,0.00528,0.00384]}