{"timestamp":1644710400000,"multiplier":1.0E-5,"open":1.13369,"high":1.13382,"low":1.13365,"close":1.13381,"shift":60000,"times":[1320,1,1,1,1,1,1,1,1,1,1,1,1,1,1,1,1,1,1,1,1,1,1,1,1,1,1,1,1,1,1,1,1,1,1,1,1,1,1,1,1,1,1,1,1,1,1,1,1,1,1,1,1,1,1,1,1,1,1,1,1,1,1,1,1,1,1,1,1,1,1,1,1,1,1,1,1,1,1,1,1,1,1,1,1,1,1,1,1,1,1,1,1,1,1,1,1,1,1,1,1,1,1,1,1,1,1,1,1,1,1,1,1,1,1,1,1,1,1,1],"opens":[0,12,0,8,-8,6,3,-6,3,1,0,0,12,2,2,-5,-8,17,20,0,0,6,1,-6,7,-2,-3,0,1,-9,-4,-8,2,4,-1,0,-1,-1,7,22,1,5,3,0,7,-2,1,-4,-18,11,9,-8,1,-4,9,-2,-3,7,-30,-3,-3,33,6,-2,33,-12,2,15,-5,-14,6,11,-3,12,3,2,-16,0,0,17,25,24,14,12,1,-16,7,10,4,9,-2,-12,3,1,0,25,-7,-15,-3,8,15,-12,-1,7,7,2,9,-18,3,2,16,8,11,10,-5,6,-7,6,12,-8],"highs":[0,0,8,3,-6,11,-8,-4,1,1,1,12,3,-1,1,-1,34,-4,3,-2,13,-11,2,-1,1,-2,0,-2,-1,5,-16,-8,4,2,-4,1,0,23,4,17,4,-12,15,-11,2,10,20,-35,-16,25,-5,9,-10,3,-2,-2,5,-1,-34,-3,45,0,-7,29,0,-9,16,-1,-6,-8,19,4,-1,11,-4,-4,-16,2,18,23,24,18,10,3,-1,-8,1,12,6,-1,-2,-4,0,0,25,-4,-7,-14,8,10,2,-13,10,3,1,12,4,-21,1,17,10,12,7,1,4,-3,-1,16,-4,-3],"lows":[0,16,0,0,0,6,-6,1,5,0,0,1,7,7,-3,-10,-1,20,16,4,-3,0,4,-3,3,2,-1,-1,-11,1,-8,0,0,3,2,0,-2,0,5,15,0,4,5,-4,7,3,-11,0,-2,2,-1,2,-6,7,3,2,0,-20,-6,-4,2,36,-14,18,20,-2,5,1,-6,-2,9,1,4,9,9,-21,3,-2,1,22,25,19,15,15,-14,-11,15,8,7,10,-21,7,3,0,2,17,-15,-5,3,5,5,-5,5,7,4,-2,-2,-6,5,6,16,8,9,3,1,-5,7,6,-4,-10],"closes":[0,0,8,-8,6,8,-14,1,5,1,1,11,3,0,0,-12,18,19,0,4,2,-2,-1,5,-2,0,0,-5,-4,-5,-8,1,3,0,0,0,1,2,24,1,8,0,0,0,6,-4,-15,-1,0,18,-8,1,-5,10,2,0,0,-27,-8,-1,34,6,-4,30,-5,-2,17,-6,-15,7,8,1,11,1,4,-17,-1,4,15,26,23,15,9,3,-16,6,7,8,8,0,-15,8,-3,1,28,-11,-15,-2,7,15,-12,-1,10,5,1,8,-13,0,1,16,10,11,7,-2,6,-9,8,11,-10,-14],"volumes":[65.6,14.0,95.85,126.0,147.45,125.29,18.13,2.02,0.45,1.35,4.5,8.55,19.56,2.7,12.15,73.8,157.93,298.14,354.6,337.5,318.15,257.4,251.1,170.1,477.9,383.4,230.4,254.7,192.82,287.38,119.25,177.3,134.1,143.1,0.9,2.7,164.7,231.97,97.02,62.135,64.5787,15.14,48.59,13.5,38.7,78.52,116.86,12.6,20.25,119.25,99.0,544.05,431.1,331.2,99.0,22.5,36.45,92.91,8.1,10.8,169.77,167.48,121.7,82.35,75.59,62.77,25.74,62.14,30.6,32.85,41.4,140.85,127.35,54.45,34.2,44.55,27.9,47.02,66.15,34.2,51.3,51.3,47.25,22.5,25.2,35.77,18.0,35.79,19.35,13.5,34.87,19.8,21.6,16.2,48.15,23.85,36.9,13.5,36.67,27.45,20.02,29.25,18.9,19.8,20.47,47.7,50.39,36.0,19.8,17.1,21.15,31.41,35.1,51.12,100.42,98.82,27.67,112.31,114.43,94.11]}