{"timestamp":1645315200000,"multiplier":0.001,"open":33962.686,"high":33986.666,"low":33952.666,"close":33976.166,"shift":60000,"times":[1383,1,1,1,1,1,1,1,1,1,1,1,1,1,1,1,1,1,1,1,1,1,1,1,1,1,1,1,1,1,1,1,1,1,1,1,1,1,1,1,1,1,1,1,1,1,1,1,1,1,1,1,1,1,1,1,1],"opens":[0,13240,3353,6387,9980,10570,-15490,2000,-20429,5869,500,30000,-1520,-347,-102,-6011,30,15450,-1927,-6093,7080,-2300,-11240,-7887,-10,20907,-8540,-14530,2103,-22,-1021,16450,-3420,-7939,7939,7440,-930,3920,-2440,-7980,-4520,1940,73,40,-2573,-5470,8920,-3450,-3520,3550,2510,-11530,-8490,-1479,12979,-13580,11550],"highs":[0,-500,-6667,16637,21010,-6490,-15520,-2410,-20429,11859,27570,400,4080,-9407,-102,-2491,13430,9040,-12177,7227,-2000,-5050,-11030,-9647,22187,2740,-9260,-7440,-8227,1147,18280,-3000,-4270,6270,1740,8480,-1940,1220,-8220,-5530,-2250,1230,-3657,4157,-4940,6710,-3740,-540,-1930,5970,-4760,-10250,-9470,10500,-80,5550,-490],"lows":[0,21490,5043,3987,9530,-8010,-1050,-11457,98,-1111,5980,20960,540,8053,-18523,3490,8440,6000,100,-2580,10000,-17970,-3550,1573,0,12227,-17790,3010,2553,-9023,6540,5710,783,68,5859,8790,-200,-2040,-6010,-3050,-3000,3020,2053,-3053,-5480,-2740,5250,-530,520,2460,-6900,-9080,-3417,1498,-1561,30,10520],"closes":[0,3103,-40,16907,9490,-13480,-430,-19477,58,5339,29990,800,-1707,70,-4663,-2990,18500,-3337,-7123,6470,0,-9440,-10447,-20,20457,-7540,-14530,1663,-60,-3013,18950,-5960,-5987,9977,6470,-990,5020,-5010,-7990,-3530,30,1553,250,-3353,-4520,10040,-4240,-3280,2980,1500,-8920,-8020,-3947,11897,-12960,12500,5530],"volumes":[0.00747,0.007294,0.0018,0.002475,0.006165,0.004905,0.00468,0.005417,4.5E-5,0.004005,0.004455,0.00477,0.005445,0.001215,0.001935,0.00378,0.00288,0.005854,0.004635,0.003285,0.001575,0.004455,0.004596,0.003645,0.00378,0.00279,0.00297,0.003557,0.00135,0.00369,0.0054,0.003105,0.001941,0.001305,0.00261,0.00297,0.00198,0.003555,0.003465,0.00189,0.002025,0.003066,0.00531,0.00324,0.002655,0.00351,0.002115,0.001755,0.00261,0.00234,0.00315,0.002304,0.00234,8.1E-4,0.002025,0.00342,0.00324]}