{"timestamp":1645920000000,"multiplier":1.0E-5,"open":0.92657,"high":0.92657,"low":0.9263,"close":0.9263,"shift":60000,"times":[1320,18,2,2,1,7,1,1,1,1,1,1,1,1,1,1,1,1,1,1,1,1,1,1,1,1,1,1,1,1,1,1,1,1,1,1,1,1,1,1,1,1,1,1,1,1,1,1,1,1,1,1,1,1,1,1,1,1,1,1,1,1,1,1,1,1,1,1,1,1,1,1,1,1,1,1,1,1,1,1,1,1,1,1,1,1,1,1,1,1,1,1,1,1,1],"opens":[0,-222,97,18,56,41,15,-6,-4,4,-3,2,4,11,-2,1,8,17,-4,-10,-9,-36,-46,23,35,-15,-14,-3,9,39,-36,2,5,-3,-5,75,4,5,-5,-6,1,16,-1,-5,-19,39,-2,1,1,-8,15,11,1,-9,-10,-6,6,-45,-48,-25,6,4,34,-9,5,8,-2,-22,-54,18,4,-45,-30,11,14,36,20,43,29,-20,0,28,-2,-15,2,-1,16,40,25,-22,-23,-8,-16,-5,3],"highs":[0,-107,-18,94,11,35,3,-19,-4,11,-10,7,4,6,-2,1,21,7,-7,7,-20,-42,-10,31,-6,-4,-28,45,-26,26,0,-34,5,38,40,-3,23,2,-16,0,16,-11,-2,16,-2,2,-2,0,-3,8,15,2,-7,-4,-8,-1,-1,-44,-51,-12,-6,33,17,-19,7,8,-6,-23,-17,-1,-18,-28,-36,51,2,22,40,32,-4,-12,33,-14,-1,-12,0,28,46,4,0,-20,-15,-14,-13,2,-6],"lows":[0,-195,93,22,56,39,9,2,-4,2,-7,8,4,-2,11,1,2,14,5,-19,-31,-57,6,17,26,-13,-5,1,9,-3,2,6,4,-7,-2,10,60,4,-1,-1,2,4,-5,-21,6,44,-3,1,-4,-4,8,19,-6,-4,-11,-5,-31,-59,-15,-9,7,10,26,-5,10,5,-51,-25,-13,32,-53,-19,-19,28,18,35,21,41,7,2,2,26,-19,0,4,-3,20,25,-4,1,-22,-6,-6,-1,-5],"closes":[0,-80,-21,83,25,26,-9,2,-4,2,-7,13,4,1,3,1,18,3,0,-19,-31,-54,21,41,-7,-22,-5,8,3,2,1,1,4,-7,76,1,9,-6,-8,1,17,-1,-14,6,24,-2,3,-1,-3,1,14,7,-11,-6,-10,6,-43,-51,-21,4,3,33,-7,7,7,-4,-24,-51,18,5,-46,-31,11,12,39,21,42,29,-22,2,27,-1,-15,4,-1,21,32,26,-24,-13,-19,-13,-7,5,-6],"volumes":[2.1,4.5,28.85,28.65,17.1,20.4,407.0,0.9,1.2,3.6,2.4,2.4,2.4,10.2,1.2,1.2,23.6,14.4,2.4,12.0,27.6,29.4,27.7,65.8,19.2,58.0,4.8,33.11,16.5,28.77,29.48,1.35,2.4,14.84,10.53,89.89,148.61,190.04,135.26,102.08,191.71,131.93,167.59,355.96,382.17,175.06,218.18,143.72,237.09,388.07,351.28,132.89,128.07,98.56,150.47,298.81,273.87,236.09,227.83,129.94,81.6,193.99,121.8,147.75,60.6,123.0,227.74,309.29,276.13,162.7,331.71,173.0,360.9,223.76,171.6,292.8,123.3,162.72,156.26,182.15,158.29,33.27,126.01,79.4,24.0,114.11,143.32,124.7,110.11,110.2,170.21,321.53,287.19,222.35,104.3]}