{"timestamp":1644710400000,"multiplier":0.001,"open":1859.233,"high":1862.028,"low":1858.758,"close":1860.248,"shift":60000,"times":[1380,1,1,1,1,1,1,1,1,1,1,1,1,1,1,1,1,1,1,1,1,1,1,1,1,1,1,1,1,1,1,1,1,1,1,1,1,1,1,1,1,1,1,1,1,1,1,1,1,1,1,1,1,1,1,1,1,1,1,1],"opens":[0,915,50,-324,-2150,-1936,1780,2740,-610,-180,620,-280,-910,350,1440,-40,710,-1320,-20,-70,820,-1080,-130,370,-50,-20,-70,-240,410,-60,-10,-270,-60,630,-180,0,-360,70,-230,-510,-550,220,520,310,-820,-630,-180,-90,720,-24,394,570,-380,270,-230,-187,-193,180,210,50],"highs":[0,-1580,50,-624,-1650,-666,2820,530,-1100,350,350,-590,-520,1370,300,360,-20,-1160,-50,710,-90,-770,0,50,-80,10,-190,260,0,-110,-50,-220,480,50,60,-250,-270,10,-260,-510,-260,500,330,0,-800,-630,-210,670,20,410,410,210,-310,150,-220,-357,-27,314,190,110],"lows":[0,100,706,-1853,-1873,-530,2250,1990,-440,100,360,-620,-140,470,1000,350,-650,-390,280,30,-130,-100,-90,50,160,10,-320,70,160,-20,-240,0,-20,460,120,-350,-10,-140,-1360,310,0,-40,690,-370,-880,-360,0,250,530,-130,590,340,-140,170,-490,90,-100,320,210,50],"closes":[0,-90,-204,-2200,-1836,1640,2730,-590,-180,370,-150,-780,320,1470,-60,700,-1270,-50,-70,820,-1050,-70,280,-50,-10,-50,-240,380,-60,-40,-240,-40,510,-130,110,-420,40,-200,-490,-590,240,520,310,-730,-690,-210,-110,690,90,380,520,-380,270,-240,-114,-266,160,300,-30,236],"volumes":[0.13632,0.10391,0.05524,0.04186,0.05339,0.05395,0.06065,0.04993,0.03298,0.02825,0.02798,0.02689,0.01889,0.02704,0.01651,0.04465,0.04029,0.02802,0.02486,0.01827,0.0258,0.02536,0.02402,0.01458,0.01368,0.01344,0.0114,0.00918,0.01404,0.01611,0.02416,0.01296,0.02475,0.01591,0.01043,0.01613,0.00954,0.01606,0.02213,0.0118,0.01153,0.019,0.02019,0.02664,0.03365,0.05705,0.03072,0.02292,0.03324,0.02884,0.02578,0.01944,0.02196,0.02251,0.0278,0.01287,0.01181,0.00977,0.01649,0.01715]}