{"timestamp":1465084800000,"multiplier":1.0E-5,"open":1.29388,"high":1.29388,"low":1.29388,"close":1.29388,"shift":60000,"times":[1261,1,1,1,1,1,1,1,1,1,1,1,1,1,1,1,1,1,1,1,2,1,1,1,1,1,1,1,1,1,1,1,1,1,1,1,1,1,1,1,1,1,1,1,1,1,1,1,1,1,1,1,1,1,1,1,1,1,1,1,1,1,1,1,1,1,1,1,1,1,1,1,1,1,1,1,1,1,1,1,1,1,1,1,1,1,1,1,1,1,1,1,1,1,1,1,1,1,1,1,1,1,1,1,1,1,1,1,1,1,1,1,1,1,1,1,1,1,1,1,1,1,1,1,1,1,1,1,1,1,1,1,1,1,1,1,1,1,1,1,1,1,1,1,1,1,1,1,1,1,1,1,1,1,1,1,1,1,1,1,1,1,1,1,1,1,1,1,1,1,1,1,1,1,1,1,1,1],"opens":[0,0,81,-22,-4,52,10,-7,2,0,-1,5,1,0,-1,1,3,-4,8,-3,-2,0,1,-4,4,4,-1,-2,2,0,0,-5,-2,-105,-4,48,3,-2,4,1,-6,-5,-25,3,1,-1,-1,1,1,-2,0,0,1,-3,9,-11,-16,-1,7,16,-5,17,-21,-9,-3,6,0,-3,5,4,-1,-5,26,6,-8,-6,0,3,16,-1,-2,6,-3,-23,-1,0,0,6,13,-5,-10,9,2,-1,4,-1,-1,8,10,-10,0,-5,2,0,1,-2,3,-14,11,6,-3,-2,-2,2,-4,0,1,-4,3,0,-1,15,-2,3,13,65,15,8,3,-4,-15,21,12,-2,5,-4,0,3,-4,1,0,-16,-13,26,-13,5,-1,13,-18,14,-11,-13,-8,6,-6,4,25,19,7,-1,3,25,1,4,0,1,4,11,5,1,-20,-12,12,-19,6,-13,4,0],"highs":[0,101,-20,-21,48,9,0,-3,-1,2,11,-9,0,8,-8,0,3,7,-3,-3,-2,0,1,0,0,4,-1,-2,2,1,-1,-5,-2,-100,40,2,0,7,-4,0,0,-1,-32,1,0,-1,0,0,1,-1,-1,1,0,8,0,-13,-16,6,25,-8,27,-13,-24,-6,2,1,-2,1,4,1,1,19,3,5,-3,-12,1,18,0,-3,4,0,-2,-24,3,-2,5,15,-3,-5,0,1,3,6,-4,-2,9,9,-2,-3,-7,-5,7,-2,-1,2,0,-2,1,3,1,-3,-4,2,-1,-5,3,-3,4,-3,13,2,8,10,63,18,14,-7,6,-11,4,20,-6,3,7,-9,26,-25,-1,-2,-1,-16,16,-1,-12,5,9,-1,-2,-2,-9,-12,-4,4,-7,31,15,6,3,-2,33,-2,4,-5,8,6,1,12,-5,0,-4,-2,-11,-13,2,-8,-1,-5],"lows":[0,0,64,-13,4,48,6,1,2,-2,0,6,-8,8,0,1,3,-4,8,-5,0,0,-2,-1,3,5,-1,-2,2,-2,-3,-2,-106,-3,0,48,1,0,4,-1,-6,-32,4,3,0,-1,0,0,2,-2,0,0,-1,-1,1,-20,0,0,7,9,2,-8,-8,1,-1,2,-2,0,6,5,-6,0,19,0,0,-2,-4,5,18,-4,3,0,-20,-2,0,0,1,5,-2,-8,4,3,6,3,6,-1,0,8,-4,-3,2,-1,2,-2,2,0,-11,-7,17,1,-1,-5,3,1,-15,11,0,-11,12,2,-1,6,1,8,9,53,30,8,1,-18,3,21,10,0,2,-2,0,-10,6,-9,-1,-35,21,12,-1,6,0,-5,0,3,-20,-3,0,2,0,2,20,21,11,0,2,25,2,-1,5,1,2,13,0,-15,-19,8,-8,-5,-1,-2,0,-20],"closes":[0,81,-17,-10,49,13,-3,-2,2,-3,7,-1,1,0,0,0,3,7,-3,-5,0,0,-2,3,-1,5,-1,-2,2,-2,-3,-2,-106,-3,49,2,-2,1,4,0,-8,-32,7,1,-1,-1,1,0,1,-1,-1,0,-1,9,-9,-20,0,7,16,-7,22,-25,-4,-2,3,0,-6,5,2,4,-8,28,3,-5,-6,-2,3,19,-4,-1,4,0,-24,-2,1,2,3,17,-8,-9,7,3,0,5,-1,-2,7,12,-11,-2,-1,-3,2,3,-4,5,-16,10,3,0,-1,-2,1,-2,-1,-1,-2,3,0,1,13,-3,3,8,65,21,7,3,-3,-16,22,13,-1,5,-5,-1,2,-4,2,-1,-14,-14,25,-13,2,5,8,-14,13,-10,-14,-9,6,-5,2,32,14,5,1,3,27,-1,4,-1,2,5,9,7,0,-21,-12,13,-18,7,-15,4,-1,-23],"volumes":[0.37,16.87,1.12,7.45,38.35,33.0,44.24,25.2,12.0,48.41,31.75,28.07,14.0,15.67,2.19,1.75,1.12,15.37,3.5,8.0,4.5,2.25,2.64,2.94,6.87,1.87,3.64,1.54,1.07,6.31,5.84,8.5,34.82,19.62,27.48,8.74,2.62,18.5,2.62,9.37,10.87,50.96,5.87,4.75,3.0,4.5,2.0,4.0,3.62,2.75,2.0,5.0,4.5,5.0,9.12,24.71,15.67,3.15,24.95,7.8,39.04,22.86,18.32,14.3,17.73,35.25,39.04,28.27,11.54,10.1,29.35,47.11,22.79,36.21,26.21,15.28,73.71,105.61,20.6,49.87,105.49,48.51,90.92,22.57,25.91,36.78,24.26,31.26,51.51,35.02,23.6,36.05,36.77,41.05,12.2,30.05,35.34,15.45,30.51,31.82,16.28,12.92,21.24,32.7,26.2,17.1,27.03,31.71,16.61,28.36,30.06,44.55,15.92,31.68,45.71,41.56,18.15,46.21,21.12,3.19,40.11,24.34,42.42,86.56,139.61,123.4,119.63,37.59,82.44,54.82,74.59,91.79,64.81,61.89,37.73,46.66,88.57,91.13,70.86,82.44,62.12,52.22,42.6,44.32,16.23,8.87,33.25,25.92,51.29,35.85,77.35,43.92,41.12,69.95,53.94,34.32,50.09,38.32,41.5,46.75,47.11,50.18,32.81,26.47,36.06,47.91,48.35,44.62,23.58,49.78,115.1,63.37,59.29,68.17,58.55,60.84,87.76,58.35]}