{"timestamp":1717891200000,"multiplier":1.0E-5,"open":0.65785,"high":0.65806,"low":0.65784,"close":0.65794,"shift":60000,"times":[1260,1,1,1,1,1,1,1,1,1,1,2,1,1,1,3,9,1,1,1,1,1,1,2,1,1,1,1,1,1,1,6,1,1,1,1,1,1,1,1,1,1,1,1,1,1,1,1,1,1,1,1,1,1,1,1,1,1,1,1,1,1,1,1,1,1,1,1,1,1,1,1,1,1,1,1,1,1,1,1,1,1,1,1,1,1,1,1,1,1,1,1,1,1,1,1,1,1,1,1,1,1,1,1,1,1,1,1,1,1,1,1,1,1,1,1,1,1,1,1,1,1,1,1,1,1,1,1,1,1,1,1,1,1,1,1,1,1,1,1,1,1,1,1,1,1,1,1,1,1,1,1,1,1,1,1,1,1,1,1,1,1,1],"opens":[0,9,3,-10,1,0,-3,1,0,0,0,0,-1,0,2,0,-1,0,-1,1,-3,3,0,-4,4,-3,2,1,-2,3,3,-5,1,-5,5,2,-2,1,0,-4,3,-1,3,0,-11,4,3,5,-3,-6,1,2,10,0,2,5,-1,-5,0,-2,1,-3,8,-4,-1,1,1,0,13,-4,0,-12,12,4,-9,17,-5,-8,-2,-3,-1,-6,3,-8,0,1,5,-1,1,-2,0,-1,0,5,1,-8,-7,1,7,-1,0,-1,11,3,5,-2,0,-4,-6,-1,-2,2,-6,7,-3,2,-4,6,-5,-1,0,2,-2,3,4,3,-3,5,0,3,3,-10,-2,9,-8,-2,7,-6,-2,-5,2,5,-4,1,7,0,-3,1,-2,-5,15,3,8,4,6,-5,-2,7,1,-3,-1,-2,-5],"highs":[0,-8,-1,-8,0,1,-4,0,0,0,0,1,-2,2,0,0,-1,0,-1,3,-5,3,0,-4,4,0,-1,1,-1,4,1,-5,1,1,1,0,-1,0,0,-2,1,1,3,0,-8,7,-1,1,-1,-4,-3,13,5,-3,4,3,-4,-4,0,3,-5,4,1,-4,-1,1,2,12,6,-10,0,0,3,2,12,-1,-9,-7,-2,-3,-2,0,-3,-7,3,0,2,2,-2,-1,1,1,0,3,-1,-7,-8,9,0,0,0,10,1,4,1,2,-3,-2,-2,-7,1,1,-2,0,1,1,-1,0,-5,-1,0,6,-4,7,2,-1,-3,10,1,0,0,-10,6,2,-9,5,0,-5,-3,-4,7,-1,-3,9,-1,-1,-3,1,-1,7,7,2,9,0,5,-5,9,-2,-1,-2,0,-4,-2],"lows":[0,10,-10,3,-2,-3,3,0,0,0,0,0,0,0,1,1,-2,1,-1,1,-3,3,0,-4,4,-3,2,0,-1,3,-1,-1,0,-4,5,0,0,0,0,-3,3,-1,3,-35,23,5,3,3,-10,2,0,3,9,1,3,4,-9,-1,4,-2,-3,2,3,0,0,-1,2,0,13,-3,-11,-1,11,-9,5,4,-3,-4,2,-9,0,2,-6,-2,3,1,0,1,1,1,-1,0,-1,6,-10,-9,4,2,6,0,-2,1,6,6,1,2,-3,-9,2,-6,1,0,-1,3,2,-2,0,-1,1,0,-5,6,-2,3,3,0,2,4,1,3,-4,-14,9,-1,-3,3,1,-3,-4,-2,4,-1,1,2,7,-3,-1,-6,0,1,15,2,9,4,0,-1,0,4,-3,-2,3,-6,-3],"closes":[0,4,-9,-2,-2,1,0,0,-1,0,0,0,0,2,-1,1,-2,1,-1,1,-3,3,0,-4,4,0,-1,0,0,4,-3,-1,0,1,0,0,0,1,-1,-1,1,1,1,-11,3,4,4,0,-8,0,-1,15,1,-1,5,0,-8,2,1,-1,-5,6,0,-1,0,1,0,14,-1,-3,-11,11,3,-9,17,-4,-7,-3,-3,-3,-4,2,-8,0,3,2,-1,0,0,1,1,0,2,3,-10,-7,0,9,1,-1,0,9,-2,8,2,-1,-2,-10,0,-4,2,-3,6,-2,0,-3,6,-7,1,0,-5,6,1,3,5,-5,2,6,5,0,-7,-6,9,-8,-4,10,-5,-2,-4,-1,6,-4,-1,7,3,-2,-3,-3,-1,10,6,5,9,-1,0,0,6,0,0,-5,0,-4,-1],"volumes":[9.0,5.4,7.2,10.8,11.1,22.5,8.1,17.1,21.6,2.4,2.4,4.8,2.7,2.4,6.0,1.2,3.9,2.4,2.4,4.8,1.8,1.2,4.8,1.2,1.2,3.6,1.2,6.0,3.0,3.0,5.4,1.2,3.6,13.8,17.1,7.2,4.2,7.8,3.0,2.4,1.2,12.0,5.4,157.72,41.85,17.32,6.3,9.3,35.47,27.0,13.5,7.2,57.45,39.45,10.05,12.6,52.65,23.7,9.6,38.55,49.04,40.2,31.2,7.2,3.6,17.4,10.5,28.35,19.95,2.4,15.75,24.15,12.3,40.2,59.25,81.45,51.3,59.1,30.9,38.4,23.25,25.2,18.0,18.6,10.95,4.2,26.7,34.2,13.2,6.6,22.2,7.8,12.0,15.6,16.8,26.1,4.2,13.8,8.4,7.8,14.7,33.6,33.0,16.8,18.3,14.4,24.0,93.9,94.87,61.05,62.25,101.1,41.55,14.1,10.2,15.6,16.8,10.8,5.4,1.8,16.2,27.6,12.0,28.2,14.7,9.0,1.2,24.0,17.4,19.2,24.0,19.2,13.8,22.8,7.8,12.6,7.2,7.5,18.0,10.5,10.2,7.5,9.0,23.1,6.6,18.9,5.7,26.1,15.0,26.4,13.8,6.6,13.2,6.6,23.4,9.0,38.4,12.0,14.7,26.1,5.4,24.6,40.8]}