{"timestamp":1719705600000,"multiplier":1.0E-5,"open":1.26492,"high":1.26496,"low":1.26455,"close":1.26496,"shift":60000,"times":[1260,1,1,1,1,1,1,1,1,1,1,1,1,1,1,1,1,1,1,1,1,1,1,1,1,1,1,1,1,1,1,1,1,1,1,1,1,1,1,1,1,1,1,1,1,1,1,1,1,1,1,1,1,1,1,2,1,1,1,1,1,1,1,1,1,1,1,1,1,1,1,1,1,2,1,1,1,1,1,1,1,1,1,1,1,1,1,1,1,1,1,1,1,1,1,1,1,1,1,1,1,1,1,1,1,1,1,1,1,1,1,1,1,2,1,1,1,1,1,1,1,1,1,1,1,1,1,1,1,1,1,1,1,1,1,1,1,1,1,1,1,1,1,1,1,1,1,1,1,1,1,1,1,1,1,1,1,1,1,1,1,1,1,1,1,2,1,1,1,1,1,1,1,1,1,1],"opens":[0,2,63,0,5,-11,-21,-5,0,3,0,0,1,-3,12,1,-55,2,3,-75,-16,36,-5,-5,11,13,3,-13,13,-3,6,-7,1,-2,5,0,3,-9,14,-5,2,-2,-7,12,-5,5,-5,2,13,2,-13,3,15,-9,10,-19,13,-6,0,0,37,20,-41,2,7,-8,-13,-2,5,5,-10,-2,8,0,-8,9,-9,0,0,4,-3,6,-1,6,2,17,1,2,-9,-3,9,-4,-4,-6,3,-7,-3,4,6,1,1,0,5,-4,-2,0,2,1,8,1,-3,1,-1,-9,1,-1,7,4,-3,-6,-7,5,2,-1,-2,2,0,-1,1,11,-1,5,6,-1,0,0,-3,-9,4,-1,-3,0,-1,1,0,-1,-1,-7,-2,5,5,0,2,0,0,-1,1,-1,-1,-2,2,0,0,2,7,-2,-7,-10,-2,2,1,6,-3,-5,-5,5],"highs":[0,61,0,14,-9,-10,-22,-5,6,-2,0,0,1,9,0,0,-50,-3,3,-75,25,13,-11,5,-8,10,3,5,-5,-1,4,-3,-3,2,1,3,2,0,3,-5,3,0,0,2,-1,1,-5,20,-5,2,10,-8,3,-1,2,-19,13,-5,9,37,9,2,-37,6,0,-9,-11,-1,6,0,-10,7,1,4,2,-7,-8,4,0,1,1,1,6,0,18,1,9,-8,-9,7,-1,-4,-3,-2,1,-8,-1,7,6,-4,4,-3,7,-8,-1,0,2,10,0,-1,-2,1,-1,-9,1,8,0,2,-2,-7,1,1,-2,-1,-1,0,0,2,10,0,9,0,0,0,-1,0,-1,-1,1,-8,-2,0,1,-1,-1,-1,-1,-6,0,8,1,0,3,-2,-1,1,-1,0,-1,-2,1,0,3,2,6,-4,-7,-7,-4,1,10,-3,-3,-4,-2,2],"lows":[0,0,102,0,-18,-8,-7,1,0,3,0,0,1,-3,12,-55,-4,5,-98,11,-8,30,2,3,11,2,-16,16,1,-13,22,-3,-1,3,1,-4,-6,0,16,1,-1,0,-6,10,-3,0,0,0,2,1,-1,5,6,0,-2,-7,7,-28,27,-1,34,-18,0,0,1,-13,-2,2,1,-4,1,-1,2,-2,-2,1,0,1,-2,3,0,5,0,4,-3,25,0,-8,-10,8,3,-5,-7,1,-1,-2,-1,2,9,0,0,0,3,-2,-1,1,0,2,8,2,-3,0,-8,-2,0,1,7,-4,-3,-7,1,4,-1,2,0,-1,1,0,2,9,1,-1,9,-1,1,0,-9,-1,1,-1,-1,0,-1,1,-2,0,-8,0,0,5,5,0,2,-1,1,-1,-1,0,-1,-1,0,0,2,0,9,-7,-12,0,-8,5,4,-3,-5,0,-8,7],"closes":[0,61,0,5,-11,-16,-11,1,2,2,0,0,0,9,0,-54,-1,1,-85,-1,39,-6,-5,11,1,0,-17,35,-12,6,-1,-4,2,0,4,-4,-3,9,0,1,0,3,0,0,0,0,-3,3,-1,7,2,1,3,-2,-2,-7,7,0,0,39,16,-41,1,9,-9,-10,-5,5,7,-11,0,0,7,-9,10,-8,0,0,4,-5,6,0,8,-2,20,1,1,-11,-2,11,-5,-4,-7,6,-7,-4,2,6,2,0,2,0,0,-2,0,1,2,8,2,-1,-3,0,-8,-2,3,7,0,-1,-5,-8,5,1,-1,1,-1,0,1,0,10,-1,7,4,0,-2,1,0,-10,2,-1,-1,-1,0,-1,0,0,-1,-7,-2,2,8,2,-1,2,-2,1,0,-2,1,-1,-1,0,0,2,4,6,-9,-11,2,-4,0,9,-3,-7,-5,5,0],"volumes":[33.45,20.19,0.74,18.89,18.62,29.01,3.15,0.45,9.0,1.8,2.7,3.6,5.4,27.43,4.0,19.21,7.14,2.02,15.22,3.54,19.16,14.85,9.9,9.0,1.8,6.3,9.9,5.4,8.1,6.3,2.7,15.94,3.92,3.6,3.6,10.54,29.44,9.96,7.84,1.22,11.6,11.08,2.7,5.4,5.72,4.82,0.32,24.04,7.2,7.2,39.6,14.67,7.2,4.5,4.5,0.9,1.8,65.71,13.5,101.89,24.3,55.8,26.55,61.2,36.45,47.7,22.5,11.7,13.5,27.45,6.3,20.7,18.45,140.4,45.0,42.75,22.5,9.0,22.95,36.45,37.8,20.7,16.65,32.85,49.05,9.0,48.6,19.35,49.05,17.55,18.9,28.8,29.37,31.5,41.85,35.1,41.4,34.2,26.1,30.15,35.55,18.45,17.55,13.95,11.25,1.8,10.8,29.7,19.8,4.05,8.55,9.45,11.25,6.3,8.1,28.36,30.6,94.51,96.31,22.5,60.31,66.15,54.45,40.05,25.2,37.35,30.6,53.55,44.55,33.3,37.35,40.95,40.5,22.5,10.8,14.4,16.2,39.6,37.35,11.25,6.3,15.3,26.1,10.8,27.9,9.0,24.75,16.65,18.0,14.4,10.8,13.05,9.45,10.35,0.9,4.05,4.05,17.1,7.65,1.8,5.85,5.85,9.45,14.4,4.5,10.02,28.35,29.7,20.7,7.65,7.65,44.73,15.3,14.41,32.41,42.75]}