{"timestamp":1717891200000,"multiplier":1.0E-5,"open":1.37592,"high":1.37605,"low":1.37573,"close":1.37573,"shift":60000,"times":[1260,1,1,1,1,1,1,1,1,1,1,1,1,1,1,1,1,1,1,1,1,3,1,1,1,1,1,1,1,1,1,1,1,1,1,1,1,1,1,1,1,1,1,1,1,1,1,1,1,1,1,1,1,1,1,1,1,1,1,1,1,1,1,1,1,1,1,1,1,1,1,1,1,1,1,1,1,1,1,1,1,1,1,1,1,1,1,1,1,1,1,1,1,1,1,1,1,1,1,1,1,1,1,1,1,1,1,1,1,1,1,1,1,1,1,1,1,1,1,1,1,1,1,1,1,1,1,1,1,1,1,1,1,1,1,1,1,1,1,1,1,1,1,1,1,1,1,1,1,1,1,1,1,1,1,1,1,1,1,1,1,1,1,1,1,1,1,1,1,1,1,1,1,1,1,1,1,1],"opens":[0,-16,1,22,0,7,2,-12,5,-4,26,0,0,-2,-1,1,-6,4,2,-1,0,-1,1,-1,0,-3,-2,4,1,5,-13,9,-21,15,3,-2,1,-5,-9,6,-3,3,7,2,-6,-1,-3,11,-7,3,9,-4,-3,-2,3,2,10,-1,-4,43,-2,2,-2,-5,10,-1,2,-11,-2,1,-11,3,22,-8,4,0,4,3,-1,4,-1,-2,1,-5,-4,1,2,-9,-23,-1,-10,2,-1,6,-5,5,4,0,11,-3,-2,-9,0,1,4,-3,1,-2,-1,-6,5,4,-1,-8,5,3,-2,-11,-10,1,0,0,-1,0,-8,7,-6,0,-3,8,-3,-4,-2,5,-3,0,4,-3,-3,5,-3,0,-1,-3,-6,-1,0,5,-9,7,1,-1,3,-1,9,-2,-3,3,-2,-5,1,9,-9,-4,2,0,-1,-2,2,-8,0,-2,3,-8,2,5,-2,0],"highs":[0,-28,21,2,-1,16,-7,-12,5,22,0,0,7,-9,0,0,-2,0,2,-1,0,0,0,1,-2,3,-8,5,6,0,-4,2,-6,1,-1,-2,3,-2,1,-9,8,-1,2,0,0,-2,3,1,-2,1,5,-2,1,-4,-1,16,-4,1,38,3,-4,3,-4,4,1,2,1,-14,1,0,-11,26,-3,-4,1,7,-3,2,4,-1,-1,-1,0,-4,-3,1,1,-7,-19,-8,-4,-1,5,-3,5,5,-5,11,-1,-2,-3,-5,-2,4,-1,-2,0,-1,-1,0,3,0,-2,0,-1,1,-2,-7,-12,7,-5,9,-11,-2,1,0,-8,0,9,-4,1,-7,4,-2,-2,8,-4,-2,0,1,-1,-1,-1,-4,-2,-2,9,-8,0,2,-2,1,1,7,1,-2,2,1,-6,-5,10,0,-7,-2,0,-2,1,-2,0,-6,2,-5,2,-4,5,-2,0,2],"lows":[0,0,4,22,0,7,-24,13,5,-21,44,-1,-15,13,-13,-4,12,4,2,-1,-1,-3,3,0,0,-5,0,4,1,-11,0,3,-13,16,1,0,-4,-10,-1,6,-2,3,0,0,2,-2,0,11,-12,2,-1,0,5,-1,-8,10,4,5,2,41,0,0,-8,2,7,3,-9,0,-3,-11,2,1,16,0,2,0,2,6,0,0,-1,1,-11,4,0,0,-2,-27,-3,-10,-3,4,2,-2,3,5,3,0,8,0,-11,0,-3,4,1,-1,2,-5,-3,0,4,3,-7,0,4,4,-14,-10,-6,6,0,-1,0,-8,0,3,-3,-1,0,1,0,-1,0,0,1,1,-2,0,-2,1,0,2,-4,-5,0,-1,0,-4,-2,8,0,1,2,0,8,-8,4,3,-8,-2,3,1,-4,-7,5,1,-1,-1,-2,-3,1,-5,-3,-2,4,1,-4,-2],"closes":[0,3,22,2,-1,10,-19,6,4,23,0,-1,-2,0,1,-6,4,0,2,-1,-1,-1,1,2,-2,3,-8,5,5,-16,13,-10,3,3,-2,0,3,-17,14,-9,2,4,2,-5,1,-3,4,8,-11,10,-4,3,-2,0,0,14,-3,1,39,0,1,-1,-8,12,0,1,-11,0,-1,-13,3,27,-10,2,-1,7,-1,2,4,-2,-3,3,-3,-6,0,2,-4,-27,1,-10,0,-1,7,-8,6,6,-2,12,-4,2,-11,1,0,4,-5,1,0,-1,-6,5,3,-1,-6,4,-1,3,-14,-9,0,0,1,-1,0,-7,6,-4,-2,-2,4,0,-4,-2,6,-4,1,2,-2,-3,5,-3,1,-2,-2,-6,0,-1,3,-8,7,0,0,1,2,7,1,-7,7,-2,-8,0,11,-9,-3,2,-2,0,-1,0,-5,-1,0,-2,-7,1,5,1,-1,-3],"volumes":[7.5,5.4,9.0,1.8,1.8,23.1,21.3,3.0,3.3,13.2,1.2,1.8,18.9,3.6,7.2,22.2,4.8,1.35,1.2,1.2,4.8,13.2,2.4,3.6,1.2,6.6,0.9,4.05,8.4,10.8,7.2,29.55,22.35,14.55,9.15,1.8,18.6,15.0,35.7,4.8,27.0,12.75,16.8,14.4,12.6,12.0,11.55,2.4,10.8,13.2,15.0,20.4,18.0,24.0,18.0,31.2,35.55,19.05,54.45,13.95,3.6,14.4,30.45,12.9,12.0,10.2,33.6,2.4,9.0,21.6,11.1,78.0,18.3,16.8,154.65,54.15,7.2,4.35,15.45,9.3,11.7,13.5,34.05,29.1,8.85,23.7,26.85,53.4,92.85,52.5,67.2,24.54,47.55,36.15,44.4,27.15,8.67,43.2,89.55,42.96,40.95,22.2,59.76,37.35,6.15,15.3,7.05,25.35,38.34,57.6,63.45,11.55,40.74,48.3,21.57,1.2,63.81,93.93,103.65,79.44,90.39,99.03,51.6,43.05,83.73,99.39,53.64,66.75,34.74,47.43,83.91,94.41,79.5,32.7,15.78,44.52,66.57,48.48,112.11,88.09,127.08,60.39,37.53,109.11,54.85,72.75,113.85,54.12,69.3,32.34,73.38,16.86,14.28,17.97,6.12,17.43,11.79,16.92,9.84,7.2,9.6,20.28,13.8,19.8,29.07,6.0,12.15,10.8,7.2,8.67,4.8,20.64,13.98,44.4,23.52,28.38,30.33,90.81]}