{"timestamp":1719100800000,"multiplier":0.001,"open":2322.775,"high":2322.775,"low":2318.375,"close":2318.385,"shift":60000,"times":[1320,1,1,1,1,1,1,1,1,1,1,1,1,1,1,1,1,1,1,1,1,1,1,1,1,1,1,1,1,1,1,1,1,1,1,1,1,1,1,1,1,1,1,1,1,1,1,1,1,1,1,1,1,1,1,1,1,1,1,1,1,1,1,1,1,1,1,1,1,1,1,1,1,1,1,1,1,1,1,1,1,1,1,1,1,1,1,1,1,1,1,1,1,1,1,1,1,1,1,1,1,1,1,1,1,1,1,1,1,1,1,1,1,1,1,1,1,1,1,1],"opens":[0,-4227,3117,-2530,610,1180,420,160,-390,30,-490,-100,290,-50,-460,450,-350,350,760,-470,0,220,-410,-120,180,10,310,-50,-30,-130,-140,260,-80,0,460,110,-130,-190,50,410,-110,0,30,-60,-60,-100,110,270,30,100,0,-140,130,-200,-340,70,80,-80,-50,40,-211,-309,-10,-100,-147,360,-300,20,-280,90,447,-300,-210,-20,-80,180,-250,-230,230,-410,-120,-40,10,-30,160,100,60,40,20,-10,-180,-190,-110,210,-200,100,30,-270,-120,-127,437,-220,-240,-100,-127,177,-370,-421,-659,380,70,-270,70,3,70,-473,550,-587,537,930],"highs":[0,-190,-890,-1300,530,370,210,140,-440,170,-490,-60,70,60,50,-10,-180,790,-60,-370,-20,143,-413,160,100,200,-80,-50,-10,-90,0,60,-80,550,90,200,-390,-110,260,130,20,-110,10,60,-200,-90,390,100,40,0,20,10,-20,-210,-240,100,10,-140,-90,100,-271,-279,10,-130,200,0,-300,50,-187,450,-43,-150,-300,-80,170,-10,-50,0,-240,-250,-280,30,280,-160,100,80,100,20,-20,-140,-180,-130,150,-110,80,-90,-60,-160,-230,200,170,-140,-320,-97,47,210,-550,-511,-169,-40,0,-70,333,-370,7,80,-10,-40,900,40],"lows":[0,-27,-350,-363,1960,1280,310,-60,-270,-150,-410,260,-230,0,10,410,-420,310,490,-250,200,-130,-200,-30,200,40,100,40,-40,-250,110,170,-70,10,410,210,-290,-120,160,310,-30,-10,10,-70,-100,-80,190,260,40,70,-80,-80,-20,-350,10,70,-120,120,-100,-100,-350,-10,-160,-231,134,107,-310,3,30,90,147,-100,-290,-150,40,100,-210,0,-180,-220,10,-220,150,100,160,20,0,90,100,-250,-210,-70,40,20,-10,13,-203,-40,-280,133,187,-210,-110,-120,-60,-100,-320,-800,-210,470,-210,90,50,20,-390,23,-40,-23,580,610],"closes":[0,3250,-2500,660,1130,180,400,-370,30,-460,-290,410,30,-470,480,-120,40,790,-450,-90,120,-210,-170,170,10,390,-200,10,-100,-60,120,-20,0,430,120,0,-290,50,290,10,10,-10,0,-90,-100,0,390,100,20,-30,-90,170,-270,-350,60,80,-90,70,-90,-120,-370,-10,-90,-140,353,-230,-153,-187,127,363,-243,-100,-130,-100,260,-300,-240,280,-460,-130,10,-90,30,180,80,120,10,-120,110,-190,-240,-60,210,-200,190,0,-370,10,-350,460,-120,-220,50,-290,230,-360,-330,-820,380,80,-250,30,-27,140,-493,560,-527,487,910,0],"volumes":[0.05346,0.03312,0.02448,0.02691,0.00666,0.00651,0.00363,0.00315,0.00393,0.00543,0.00669,0.00168,0.00168,0.00666,0.00384,0.00546,0.00597,0.0087,0.00366,0.00381,0.00204,0.00234,0.00396,0.00228,0.00378,0.00288,0.00246,0.00216,0.0012,0.00489,0.00792,0.00378,0.00681,0.01197,0.01785,0.0135,0.02223,0.0225,0.0129,0.00192,0.00204,0.00276,0.00177,0.0018,0.00168,8.4E-4,0.00132,0.0012,0.00108,0.00168,0.0024,0.0024,0.0018,0.00468,0.00228,8.4E-4,0.00384,8.4E-4,0.00462,0.01317,0.021,0.01512,0.01842,0.01953,0.01485,0.01374,0.01629,0.01417,0.00999,0.00792,0.00432,0.00309,0.00456,0.003,0.00411,0.00546,0.00816,0.00444,0.00564,0.00552,0.00192,0.00705,0.01395,0.00408,0.00492,0.00372,0.00696,0.00456,0.00333,0.00408,0.0024,0.00432,0.00216,0.00381,0.0036,0.00906,0.00582,0.00459,0.00336,0.00279,0.003,0.00765,0.00858,0.02268,0.01653,0.02361,0.01137,0.01305,0.00825,0.01086,0.01335,0.00984,0.0294,0.01344,0.01839,0.01512,0.01503,0.01632,0.01387,0.01218]}