{"timestamp":1578182400000,"multiplier":0.001,"open":6712.98,"high":6712.98,"low":6696.55,"close":6699.7,"shift":60000,"times":[1370,1,1,1,1,1,1,1,1,1,1,1,1,1,1,1,1,1,1,1,1,1,1,1,1,1,1,1,1,1,1,1,1,1,1,1,1,1,1,1,1,1,1,1,1,1,1,1,1,1,1,1,1,1,1,1,1,1,1,1,1,1,1,1,1,1,1,1,1,1],"opens":[0,-13400,4420,-400,-1440,-30,560,-620,-930,2860,100,-4430,-1970,-2180,-2430,-440,1560,-90,-410,-990,960,-22540,1470,-940,400,1050,4740,6220,740,450,-1670,5500,2500,-1400,1440,2200,-3000,2630,-4300,2360,-1820,-1400,-2010,-6230,-3020,4940,960,-3540,1130,2410,-100,-30,-520,-900,1970,-1420,2590,2720,-450,220,-2060,220,860,1420,-1820,-1550,1030,-3460,1600,2900],"highs":[0,-9440,960,-900,440,960,-1400,-1530,1470,2150,-30,-5650,-2310,-1110,-2410,840,1000,-400,-1910,2000,-2030,-18120,100,-3990,3460,2040,10400,-2870,4220,-3650,4880,4280,600,-2800,1450,690,-520,560,40,40,-3750,-1870,-2570,-5250,2090,910,-1040,-660,1950,630,-1490,490,-1460,1530,-40,1900,3390,-1320,430,-360,-1510,710,1300,-1030,-920,20,-1300,-1910,3280,1660],"lows":[0,3030,2080,-2080,2580,-560,-1020,-1000,1560,2860,-6450,0,-6020,660,-1060,1090,-60,1400,-3990,3000,-22450,-7960,9040,-2580,2020,2070,4000,2490,3710,-2530,1760,4490,2390,-1880,2660,570,0,-2360,550,30,-930,-3360,-5240,-2020,-1000,4900,-1530,-20,1150,1820,-480,-560,30,-330,-1010,920,2990,2000,470,-1400,-970,1020,1010,-1000,-930,-20,-2840,-20,1970,2890],"closes":[0,3340,-380,-590,620,880,-2030,-960,2550,1530,-5520,-1030,-3550,-540,-1460,2030,30,-970,-1120,2150,-23510,2440,-2410,-30,1940,4060,7500,-790,1470,-1280,4980,3020,-2000,1120,2060,-2880,3480,-4750,2540,-1910,-900,-3490,-5270,-2900,5440,410,-3490,980,2790,-30,-920,-980,950,610,-860,1820,2910,0,220,-2030,50,1100,1960,-2980,-490,1930,-5300,2040,2910,1420],"volumes":[0.009116,0.001882,0.001334,0.001348,0.001286,0.00243,0.001662,0.001818,0.001208,0.001396,0.00685,0.003152,0.00593,0.002476,0.00326,0.003356,0.002336,0.002196,0.003434,0.004046,0.010992,0.012622,0.005896,0.003228,0.004718,0.002632,0.008908,0.006192,0.005334,0.00682,0.007846,0.007402,0.010212,0.006352,0.004814,0.004358,0.004296,0.006886,0.006856,0.00604,0.00723,0.007092,0.007954,0.008446,0.008752,0.00726,0.005776,0.004614,0.00406,0.00353,0.001712,0.003046,0.00229,0.003076,0.006862,0.00678,0.01107,0.006376,0.003156,0.002606,0.006352,0.003296,0.00311,0.008326,0.006076,0.005142,0.011194,0.002732,0.004648,0.003874]}