{"timestamp":1577836800000,"multiplier":1.0E-5,"open":1.29842,"high":1.29843,"low":1.29842,"close":1.29843,"shift":60000,"times":[1320,1,1,1,1,1,1,1,1,1,1,1,1,1,1,1,1,1,1,1,1,1,1,1,1,1,1,1,1,1,1,1,1,1,1,1,1,1,1,1,1,1,1,1,1,1,1,1,1,1,1,1,1,1,1,1,1,1,1,1,1,1,1,1,1,1,1,1,1,1,1,1,1,1,1,1,1,1,1,1,1,1,1,1,1,1,1,1,1,1,1,1,1,1,1,1,1,1,1,1,1,1,1,1,1,1,1,1,1,1,1,1,1,1,1,1,1,1,1,1],"opens":[0,0,0,1,1,2,1,-70,1,79,0,0,0,-8,-47,43,-1,0,-28,0,-17,0,17,0,-14,0,2,1,0,11,1,-1,2,-2,-7,7,-6,6,1,-1,1,0,-9,2,6,-12,13,-1,-12,13,-1,0,0,0,13,11,7,1,2,-4,7,-68,-3,1,-17,6,-3,3,-13,-4,5,3,0,1,2,-1,1,0,0,0,18,0,-1,-16,-1,0,0,0,0,0,-3,-17,1,0,0,0,0,5,-3,-1,1,7,-5,0,2,1,10,1,0,11,-20,5,-3,3,2,1,3,-9,-3,-1],"highs":[0,1,-2,7,0,3,-5,-70,81,0,0,4,1,-14,-46,42,0,-1,-28,0,1,-1,1,0,-1,-13,1,1,12,-1,1,0,7,-8,-7,7,1,0,0,-1,1,0,-7,6,0,1,0,-1,1,0,-1,0,1,-1,25,7,4,-2,0,-3,6,-60,-10,0,-11,0,0,0,-13,2,4,1,-2,2,1,-1,1,0,-1,18,1,1,-3,-10,-4,-2,0,2,-3,0,-3,-14,0,-1,2,-2,1,3,-2,0,9,-3,-2,-3,6,10,0,0,12,-3,-14,-1,4,1,2,3,-3,-8,-3,0],"lows":[0,0,0,0,2,2,-57,-12,1,79,0,0,0,-13,-42,43,-1,-28,0,-17,0,-1,18,-12,-2,0,-6,8,1,11,0,-13,13,-3,-4,7,-6,-1,8,-1,0,0,-8,1,-6,1,12,-7,-5,12,0,0,-6,-4,23,11,7,0,-1,0,-65,-2,-5,-14,6,3,0,-12,-4,2,3,5,0,0,0,2,1,0,0,0,14,-4,-8,-1,-1,-1,0,0,0,-5,-15,1,-1,1,1,-1,0,2,-1,1,1,-1,2,0,3,1,10,0,1,-11,1,2,-1,5,2,1,-6,-4,0,-2],"closes":[0,-1,0,3,0,6,-62,-12,81,-1,0,4,-2,-15,-41,42,-1,-28,0,-16,17,-1,0,-11,11,-14,2,0,12,0,0,0,0,-3,-4,7,1,0,0,-1,1,-1,-6,6,-13,14,0,-8,7,1,-1,0,1,-11,34,8,1,1,-4,1,-65,3,-5,-14,6,-3,3,-14,-3,6,2,1,0,2,-1,0,1,0,0,17,1,-2,-14,-1,-1,0,0,-1,0,-4,-15,2,-1,0,1,-2,2,0,0,1,7,-4,-1,0,4,10,0,0,13,-21,4,-1,0,4,0,3,-9,-3,-1,0],"volumes":[5.25,3.0,0.75,4.5,5.06,9.37,15.76,3.5,27.09,12.0,68.94,101.25,47.75,2.95,4.25,0.36,0.76,7.06,6.75,8.01,4.11,14.3,10.25,8.52,2.94,9.15,4.58,12.53,5.68,3.15,3.15,9.15,6.48,2.09,1.39,1.05,3.83,7.32,3.15,2.45,4.94,2.35,9.64,13.09,5.0,9.79,4.2,5.68,9.55,6.3,6.3,5.25,9.94,6.63,11.72,27.43,31.0,18.11,11.0,9.25,168.44,52.88,84.17,105.96,27.88,36.61,13.0,42.04,36.3,20.67,21.92,34.69,14.0,19.86,31.37,28.76,28.93,14.55,5.69,89.06,33.07,39.98,53.28,21.8,30.96,31.42,34.98,53.93,8.43,30.1,91.68,30.3,57.74,20.82,22.62,35.46,55.22,17.11,46.86,31.49,38.48,34.7,40.24,48.22,107.71,102.14,71.32,46.05,78.65,87.33,136.51,59.53,117.62,65.48,60.31,96.46,65.43,196.22,186.64,64.39]}