{"timestamp":1578182400000,"multiplier":0.001,"open":1559.735,"high":1567.085,"low":1559.735,"close":1566.685,"shift":60000,"times":[1380,1,1,1,1,1,1,1,1,1,1,1,1,1,1,1,1,1,1,1,1,1,1,1,1,1,1,1,1,1,1,1,1,1,1,1,1,1,1,1,1,1,1,1,1,1,1,1,1,1,1,1,1,1,1,1,1,1,1,1],"opens":[0,6940,18523,-2900,-6840,610,4730,-870,-1343,-537,-1500,-1223,2473,-1800,300,-1500,500,2600,-1000,-1590,-340,-70,150,-550,-2548,835,-560,1270,-40,900,-90,-30,-920,-50,-2795,845,-520,-1750,-140,-660,843,-203,520,1180,-680,-60,-1720,200,160,80,10,690,140,380,-500,583,-243,-300,30,-410],"highs":[0,18540,-227,-2850,-4000,3150,450,-1900,-1533,-567,-1433,1483,-50,-1250,-600,-973,2673,1400,-2250,-1550,150,-540,-40,-520,-763,-937,747,460,270,23,127,-310,-650,-350,-1290,-610,-570,-1390,-157,257,-357,457,1120,160,-240,-800,-1440,300,530,260,80,20,200,90,50,-10,10,-410,320,-580],"lows":[0,6610,13253,-4330,170,550,3560,-1293,-310,-1410,-1587,-90,840,100,-1400,257,170,1713,-1440,-390,-60,120,-270,-2943,250,40,380,1160,70,160,350,-650,-150,-2890,195,-125,-1640,-100,-590,230,-197,337,720,700,-490,-1590,-930,1180,120,390,70,320,210,-170,290,-10,-100,-790,620,-430],"closes":[0,16563,-950,-6880,630,4750,-950,-1273,-527,-1500,-1300,2650,-1800,200,-1300,300,2700,-1200,-1500,-300,-70,120,-550,-2698,985,-590,1300,-40,900,-50,-40,-950,-50,-2885,1015,-600,-1740,-150,-820,1090,-290,520,1250,-740,-70,-1710,190,80,150,20,690,200,320,-500,560,-150,-400,70,-420,200],"volumes":[0.0477,0.04698,0.098535,0.09883,0.07112,0.10986,0.08077,0.05938,0.05488,0.09425,0.08842,0.12561,0.10615,0.0669,0.06347,0.05848,0.07909,0.20117,0.15788,0.14005,0.11966,0.04647,0.05243,0.11067,0.07143,0.0448,0.02294,0.06039,0.07585,0.07468,0.0869,0.07346,0.06456,0.05261,0.04116,0.03219,0.0489,0.02962,0.03208,0.04374,0.04662,0.02993,0.04099,0.0409,0.02859,0.03931,0.04845,0.02928,0.02398,0.03791,0.04494,0.02629,0.0214,0.03339,0.01446,0.01297,0.01305,0.03083,0.02824,0.03042]}