{"timestamp":1122768000000,"multiplier":1.0E-5,"open":1.21149,"high":1.21226,"low":1.21149,"close":1.21205,"shift":60000,"times":[1260,1,1,1,1,1,1,1,1,1,1,1,1,1,1,1,1,1,1,1,1,1,1,1,1,1,1,1,1,1,1,1,1,1,1,1,1,1,1,1,1,1,1,1,1,1,1,1,1,1,1,1,1,1,1,1,1,1,1,1,1,1,1,1,1,1,1,1,1,1,1,1,1,1,1,1,1,1,1,1,1,1,1,1,1,1,1,1,1,1,1,1,1,1,1,1,1,1,1,1,1,1,1,1,1,1,1,1,1,1,1,1,1,1,1,1,1,1,1,1,1,1,1,1,1,1,1,1,1,1,1,1,1,1,1,1,1,1,1,1,1,1,1,1,1,1,1,1,1,1,1,1,1,1,1,1,1,1,1,1,1,1,1,1,1,1,1,1,1,1,1,1,1,1,1,1,1,1,1,1],"opens":[0,43,-13,1,23,-25,15,-25,9,27,-21,9,15,-16,26,-22,3,5,-6,-1,-9,-11,9,9,-29,37,12,-15,-12,3,7,13,-37,14,18,-3,-3,20,-18,6,-9,12,-15,16,-1,-13,0,6,3,-10,0,6,-1,37,0,-29,12,-11,2,13,-23,-12,2,22,-13,0,0,9,-1,2,-17,11,-3,-1,-11,-4,14,2,-4,-8,7,8,-7,10,-19,-6,4,-4,-1,-11,-10,10,-4,-1,31,-15,15,-5,-6,-9,25,-24,25,-26,7,15,11,-32,31,-5,14,-15,17,-31,-25,47,8,-22,-11,14,-25,4,-17,21,7,5,7,-11,15,4,43,-40,5,-9,-30,16,0,-6,-29,8,2,1,9,0,-1,26,-10,-14,5,4,-15,-11,23,-8,10,7,2,19,-30,13,2,2,6,7,-25,27,-9,14,-4,-18,17,-5,-1,-8,4,1,-18,35,-10,-17],"highs":[0,-27,-4,6,2,-17,49,-40,-4,19,-6,5,-2,13,3,-10,6,-2,-14,8,-5,-6,-2,8,0,9,4,-8,17,-18,5,0,-3,6,-3,-5,17,9,1,6,-18,-1,-4,0,-2,2,-5,4,-1,-13,1,16,5,23,-6,-11,-2,-6,-2,2,-10,-12,14,3,-2,-5,4,9,-7,-2,-2,7,-12,6,-20,11,3,0,-10,0,13,2,-3,-1,-14,6,-14,1,-3,-1,-12,1,17,7,8,-15,5,1,-11,18,6,-4,-4,10,4,-3,-4,-4,12,13,-4,16,-17,-22,-4,27,5,-28,9,-7,-16,1,12,-5,11,-3,10,-3,19,26,-5,-23,-1,-9,-19,15,-21,-6,-12,-7,6,19,8,-9,7,4,-2,-12,7,2,-10,-4,11,-7,14,4,5,6,-8,7,6,-9,0,7,-6,3,0,11,-5,9,-4,-1,-5,9,-13,6,2,9,-10,-6],"lows":[0,24,4,-3,-3,-3,16,-18,5,-7,17,6,0,2,-12,18,3,-8,-12,17,-21,-42,38,-3,-8,36,-13,3,2,-4,11,-26,5,5,8,4,9,1,1,-1,-12,0,7,2,1,-5,4,2,0,-13,10,-5,4,24,-1,-9,-17,10,-8,-2,-3,-5,7,7,-6,4,-3,5,0,-7,-1,15,-21,1,-19,20,-1,2,4,-11,9,-16,18,-4,-12,5,-15,8,-11,5,-12,5,3,-8,20,-19,18,8,-21,13,9,-5,3,-4,7,11,-1,-16,19,2,8,-8,12,-41,-6,44,-6,-15,-1,-9,-18,1,2,12,11,-1,8,-5,9,6,18,-17,7,-13,-29,27,-15,-30,-3,4,3,10,16,-5,-1,6,5,-11,2,-12,10,-14,19,-14,14,14,-6,4,-7,12,4,-6,1,-3,0,15,-7,14,1,-13,-1,13,-11,2,-4,-4,-5,27,-5,-14],"closes":[0,-29,14,11,-30,-3,16,-10,17,-27,31,14,-22,28,-32,14,19,-11,-8,1,6,-4,-2,-28,27,16,-31,6,20,-1,-6,-33,27,12,-8,4,14,-17,24,-16,2,-22,26,0,-7,7,-5,3,-1,-13,2,2,18,7,-5,8,-17,2,-4,-19,-1,12,0,1,-5,12,-2,-4,10,-23,16,10,-16,-9,-27,27,9,1,-11,3,-4,-14,23,-12,-4,-1,-18,23,-2,-11,-10,4,11,19,-10,-8,-7,20,-18,17,-6,13,-13,19,7,-1,-14,0,0,25,-16,20,-13,-40,26,14,-12,-9,1,-9,-15,0,17,-2,3,14,5,-2,-1,44,-25,-12,6,-20,4,9,-30,-14,-18,12,0,7,30,-3,7,-21,16,-5,-6,-17,13,4,2,-5,8,6,-3,1,14,-10,8,1,-4,-4,17,-6,9,-2,5,4,-5,2,-10,20,-13,-23,31,-2,-2,-5],"volumes":[363.3,466.7,336.3,839.2,509.7,611.9,307.6,552.9,624.9,428.6,684.3,468.7,429.3,401.9,543.6,380.5,286.4,488.0,677.6,552.5,541.3,783.7,683.3,635.0,577.5,612.3,376.4,434.8,824.8,460.9,593.6,376.1,555.5,331.8,705.7,382.2,584.6,338.5,659.3,628.4,827.1,738.6,555.1,610.4,562.5,925.5,455.9,563.7,537.0,248.8,330.0,517.2,443.3,581.6,448.8,631.4,630.9,454.3,428.1,374.9,776.5,347.8,426.0,321.5,638.7,690.9,388.5,440.0,755.7,548.7,740.2,621.0,459.4,535.2,518.5,625.9,436.6,665.6,162.3,670.7,386.5,369.6,571.8,736.2,595.4,363.2,303.0,448.5,709.9,674.4,516.1,501.4,667.8,738.3,684.5,377.3,450.2,117.6,604.6,487.8,446.0,550.7,919.1,489.1,494.5,798.3,335.6,523.9,179.8,727.9,474.9,685.3,484.1,693.2,532.7,656.0,395.7,286.0,467.2,750.3,565.7,406.5,540.0,367.6,731.1,450.1,532.2,580.9,454.1,690.8,641.1,355.8,558.2,341.8,573.0,545.0,463.2,897.0,681.4,703.3,603.4,571.3,423.5,570.4,325.5,356.3,454.9,387.2,639.2,468.9,446.8,610.3,313.3,913.2,627.5,285.1,633.3,526.7,336.5,410.6,323.1,479.8,614.2,548.8,495.8,394.3,757.4,485.0,441.4,887.6,499.4,1041.1,674.9,625.0,320.9,630.7,573.8,595.4,398.1,558.7]}