{"timestamp":1671321600000,"multiplier":1.0E-5,"open":1.05895,"high":1.05895,"low":1.05848,"close":1.0586,"shift":60000,"times":[1320,1,1,2,1,1,1,1,1,1,1,1,1,1,1,1,1,1,1,1,1,1,1,1,1,1,1,1,1,1,1,1,1,1,1,1,1,1,1,1,1,1,1,1,1,1,1,1,1,1,1,1,1,1,1,1,1,1,1,1,1,1,1,1,1,1,1,1,1,1,1,1,1,1,1,1,1,1,1,1,1,1,1,1,1,1,1,1,1,1,1,1,1,1,1,1,1,1,1,1,1,1,1,1,1,1,1,1,1,1,1,1,1,1,1,1,1,1,1],"opens":[0,-35,10,0,5,5,9,15,-6,4,0,0,9,18,3,3,-25,20,-5,-15,9,6,29,-31,0,6,0,-12,1,14,-14,1,2,-12,-1,1,2,0,0,7,7,-2,2,2,-5,5,0,-2,2,-15,6,-7,6,-3,1,0,3,1,4,-8,-2,-1,-26,4,-5,43,4,-3,-2,6,3,-41,19,-8,11,-12,1,14,14,0,7,-3,-3,2,-10,1,8,-13,-26,-11,-18,0,-8,-4,4,-3,10,15,5,3,5,-11,-20,-2,5,-20,-9,-6,1,7,6,-12,-3,1,12,-12,1,5,1],"highs":[0,-25,0,6,3,9,31,-12,-8,8,-1,10,13,18,5,-17,-3,-2,-5,-15,15,32,2,-35,5,0,0,-12,14,1,-1,9,-18,4,-15,19,-18,0,15,-2,6,10,-13,0,0,23,-1,-1,0,-22,-8,1,0,12,2,-1,-14,1,14,-5,-10,-7,-20,0,47,-2,-3,4,-2,6,-6,-21,9,-8,2,-10,10,25,0,0,1,2,-4,-3,-3,0,1,-10,-30,-4,-20,-5,-8,-1,2,6,15,4,5,7,-1,-13,-17,5,-5,-19,-8,-5,18,-5,2,-15,-2,11,5,-15,8,-3,10],"lows":[0,12,10,0,0,0,10,16,1,1,0,3,10,9,11,-5,-16,15,-15,0,9,-1,5,0,0,3,3,-12,0,2,-10,7,-9,0,-5,1,3,5,-5,12,0,-1,-5,-5,-1,9,0,-4,1,-3,6,-4,-1,-1,0,3,1,1,1,-13,-5,-26,12,-6,8,22,14,6,-4,8,-36,0,10,0,-5,-2,8,12,14,1,2,0,-1,-4,-4,1,-4,-31,-7,-18,-10,-3,-1,-2,5,1,8,13,6,6,-7,-20,-4,3,-15,-19,4,-7,7,8,-6,-7,-3,7,-2,1,3,-8,13],"closes":[0,10,0,5,3,9,14,-4,1,0,8,4,19,18,-12,-9,4,-5,-1,-14,15,24,-26,1,2,0,3,-12,14,-12,-1,3,-13,0,-2,6,-1,0,9,5,-2,3,1,-4,3,1,-4,26,-36,5,0,0,-3,12,-10,-3,5,1,0,-8,-8,-23,7,-5,43,7,-4,-1,6,1,-40,20,-10,11,-11,1,12,15,0,6,1,-5,1,-6,0,6,-12,-29,-10,-18,1,-8,-3,1,-1,7,16,5,4,5,-9,-19,-5,7,-21,-11,-3,1,5,8,-12,-5,3,9,-12,3,5,0,4],"volumes":[14.7,7.8,1.35,13.41,8.95,12.04,23.84,24.72,17.54,22.92,6.26,25.08,23.4,28.8,25.2,3.6,9.0,2.7,4.5,0.9,4.94,15.24,26.52,0.88,6.74,2.7,1.8,5.4,27.0,146.22,451.0,468.86,139.5,486.88,211.5,179.12,7.53,3.36,481.32,236.75,214.8,108.3,125.05,243.5,515.3,518.71,418.97,732.62,620.86,522.75,113.6,207.35,972.75,1068.47,919.82,621.51,31.5,22.45,174.08,724.85,841.26,227.5,219.33,181.81,622.11,296.45,212.34,291.5,142.85,386.17,648.58,251.39,251.87,119.99,286.87,165.47,220.31,356.96,222.65,120.79,239.86,205.23,244.86,185.6,86.56,197.75,345.9,467.09,218.78,123.5,142.78,116.9,107.79,98.44,51.04,35.36,207.67,352.03,146.28,80.19,77.38,102.7,111.05,16.33,113.09,73.08,93.53,206.56,78.99,96.19,145.62,108.53,50.19,55.25,37.96,126.83,7.53,51.37,90.13]}