{"timestamp":1670112000000,"multiplier":1.0E-5,"open":1.34611,"high":1.34611,"low":1.34611,"close":1.34611,"shift":60000,"times":[1321,1,3,1,1,2,1,21,1,1,5,1,1,2,1,2,2,1,6,1,4,1,1,1,1,1,1,1,1,1,1,1,1,1,1,1,1,1,1,1,1,1,1,1,1,1,1,1,1,1,1,1,1,1,1,1,1,1,1,1,1,1,1,1,1,1,1,1,1,1,1,1,1,1,1,1,1,1,1,1,1],"opens":[0,0,-8,9,0,0,-14,-12,19,-36,32,5,-4,6,-1,0,0,0,7,-6,-1,-10,67,-11,-6,-1,9,16,0,10,-1,32,-3,2,1,-13,-16,-2,-16,0,0,14,-16,3,8,12,-14,-24,-4,0,3,-18,-9,-18,7,-8,-1,-16,-18,28,15,-34,1,-10,-8,-4,-16,7,-5,0,-28,-20,-2,22,-15,4,1,-1,-24,-5,-7],"highs":[0,0,2,1,0,-2,-7,10,-10,0,0,1,-4,6,-1,0,0,0,7,-6,-1,52,5,-10,-5,5,17,1,3,13,30,9,-3,5,-11,-12,-13,-12,-11,11,11,-8,-18,11,7,2,-11,-21,-6,5,-6,-9,-18,-7,-4,-5,-4,-16,10,17,-2,-27,-1,-15,-8,-3,-9,-1,-4,-1,-27,-11,10,1,-10,-1,0,-1,-23,-3,-10],"lows":[0,0,-8,9,-22,22,-14,-12,19,-36,32,0,1,-11,16,0,0,0,7,-6,-1,-13,59,-15,6,2,1,16,8,9,-6,34,-22,22,-18,-18,10,-26,7,0,2,0,-9,8,2,2,-23,-1,0,0,-18,-6,-21,0,0,0,-16,-26,3,33,-31,11,-9,-11,0,-15,0,0,-10,-15,-23,-6,6,5,-3,0,0,-15,-1,-13,-7],"closes":[0,0,-1,2,-21,21,-14,17,-10,0,0,-3,0,-11,16,0,0,0,7,-6,-1,50,-4,-6,-2,9,17,0,2,7,38,-9,1,7,-18,-18,2,-18,-1,1,19,-19,1,9,8,-9,-29,2,-2,2,-18,-4,-24,8,-8,1,-18,-19,29,15,-34,0,-9,-4,-8,-15,7,-8,2,-27,-19,-1,19,-17,0,7,-1,-24,0,-11,-6],"volumes":[0.44,0.44,16.2,4.04,15.14,1.2,2.68,3.9,0.44,1.64,2.24,7.64,1.92,3.72,3.74,0.44,1.2,0.44,1.2,0.44,1.2,90.4,29.84,24.32,16.26,11.56,32.7,21.34,38.76,22.72,75.22,105.94,200.76,151.92,102.54,155.76,63.12,55.7,78.74,139.36,82.56,103.26,58.46,108.54,121.7,63.38,135.04,51.74,118.36,46.22,125.86,127.64,167.64,109.54,105.8,175.9,76.52,144.86,220.3,151.48,172.38,92.36,87.4,118.84,60.98,43.18,26.4,58.24,40.6,51.5,133.13,103.4,91.34,75.16,57.86,63.72,75.26,45.84,19.6,51.44,85.76]}