{"timestamp":1278806400000,"multiplier":1.0E-5,"open":0.87719,"high":0.87742,"low":0.87719,"close":0.87735,"shift":60000,"times":[1320,1,1,1,1,1,1,1,2,1,1,1,1,1,1,1,1,1,1,1,1,1,1,1,1,1,1,1,1,1,4,1,1,1,1,1,1,1,1,1,1,1,1,1,1,1,1,1,1,1,1,1,1,1,1,1,1,1,1,1,1,1,1,1,1,1,1,1,1,1,1,1,1,1,1,2,1,1,1,1,1,1,1,1,1,1,2,2,1,1,1,1,1,1,1,1,1,1,1,1,1,1,1,1,1,2,1,1,1,1,2],"opens":[0,13,28,-11,-15,-14,2,2,5,-7,-19,-4,-41,-30,-13,-1,-5,-22,14,-27,-5,20,32,-20,5,11,40,-27,21,-9,-5,-30,2,-26,-2,-7,10,-2,-3,4,5,8,1,-4,11,41,13,10,0,-17,-15,12,2,0,8,-9,2,-19,-28,-1,-4,3,-1,-7,-38,-32,23,-11,-20,-11,-12,5,3,33,-5,-11,3,-1,1,4,17,6,1,30,-5,-4,6,9,-3,-2,-2,1,40,25,31,10,6,-19,-45,-18,-1,3,-3,-33,5,-3,18,8,11,6,4],"highs":[0,17,3,-3,-25,0,-5,-5,5,5,-20,-15,-41,-25,-5,-9,4,-20,8,-35,13,48,-16,-18,13,45,0,-19,9,-9,-5,-23,10,-41,1,-2,2,0,-5,7,4,9,3,0,44,10,15,10,-10,-20,5,-5,0,10,-3,-9,10,-27,-28,-1,-4,3,-1,-7,-38,-4,4,-20,-20,-8,-5,7,35,6,-22,-11,3,0,10,5,25,-11,35,-6,-4,-5,29,-14,-3,0,5,25,36,35,15,-5,-2,-19,-40,-20,-2,1,0,-23,-8,11,10,11,15,-5,30],"lows":[0,13,3,-11,-1,-3,2,2,5,-20,-10,-35,-47,1,-3,-2,-15,-14,-15,-13,8,22,15,-3,8,11,12,1,6,1,-28,-2,-25,1,-21,12,10,-3,-2,4,5,8,-1,-4,13,35,19,3,5,-42,12,12,-5,5,2,-4,-5,-35,-8,1,0,0,-5,-33,-53,16,8,-24,-29,15,-11,5,13,30,-12,-5,4,2,0,5,17,6,1,26,-4,-1,-5,20,-3,-4,-1,2,40,25,30,11,-39,-24,-12,-3,1,1,-35,-3,4,2,11,15,11,6,4],"closes":[0,24,1,-31,-6,11,-7,-3,5,-20,-5,-33,-45,-3,5,-15,-10,-7,-27,-5,20,42,-20,-5,15,36,-20,10,-1,-2,-30,5,-30,-1,-11,9,3,-3,-2,7,4,9,2,0,42,13,10,10,-5,-40,15,2,3,10,-11,-4,-5,-35,-8,3,-2,0,0,-38,-44,24,-9,-11,-13,-14,5,4,33,-5,-12,-1,3,-1,11,0,20,-1,35,-10,-4,-1,13,2,-3,0,-5,35,36,26,7,5,-22,-42,-10,0,-2,-1,-33,7,-4,12,9,12,10,0,30],"volumes":[14.92,11.04,20.7,18.77,2.02,3.1,3.46,1.2,0.57,17.08,13.93,11.52,24.43,5.9,3.13,5.18,13.06,9.48,17.28,15.73,11.35,21.28,19.29,11.16,3.4,16.66,14.86,3.51,6.62,4.83,26.35,3.8,31.26,0.85,19.77,11.04,0.9,2.48,1.0,3.2,4.4,3.0,7.84,3.89,32.07,18.72,7.42,18.16,6.37,33.38,15.44,5.47,8.01,7.58,6.0,3.77,9.8,8.76,9.77,7.96,2.1,1.96,8.67,15.3,37.47,28.49,11.46,27.48,30.2,29.87,22.68,34.52,38.32,32.76,4.4,8.51,15.26,2.95,6.02,6.74,24.24,6.05,28.01,3.54,7.9,2.0,41.08,1.3,2.9,12.72,5.95,14.85,24.85,32.32,21.18,7.57,40.15,43.78,39.14,5.58,6.4,8.7,36.26,13.98,8.53,7.34,14.85,13.7,6.14,7.43,59.42]}