{"timestamp":1278201600000,"multiplier":1.0E-5,"open":1.25547,"high":1.25633,"low":1.25545,"close":1.25607,"shift":60000,"times":[1260,1,1,1,1,1,1,1,1,1,1,1,1,1,1,1,1,1,1,1,1,1,1,1,1,1,1,1,1,1,1,1,1,1,1,1,1,1,1,1,1,1,1,1,1,1,1,1,1,1,1,1,1,1,1,1,1,1,1,1,1,1,1,1,1,1,1,1,1,1,1,1,1,1,1,1,1,1,1,1,1,1,1,1,1,1,1,1,1,1,1,1,1,1,1,1,1,1,1,1,1,1,1,1,1,1,1,1,1,1,1,1,1,1,1,1,1,1,1,1,1,1,1,1,1,1,1,1,1,1,1,1,1,1,1,1,1,1,1,1,1,1,1,1,1,1,1,1,1,1,1,1,1,1,1,1,1,1,1,1,1,1,1,1,1,1,1,1,1,1,1,1,1,1,1,1,1,1,1,1],"opens":[0,60,-26,-34,24,-23,-3,47,-28,-10,-4,34,-29,15,-30,10,-1,1,1,-7,9,10,9,12,-39,10,-21,-8,-5,15,-8,4,-6,1,-2,0,-12,20,29,-7,-20,30,-6,4,25,-10,-4,-29,11,1,-13,12,9,-3,-8,-23,14,-6,-8,4,-6,15,10,0,-17,20,-8,12,-10,12,-11,17,-7,0,1,2,-2,-5,11,-9,10,0,-16,18,18,9,-16,-11,10,-4,13,-8,6,11,-18,-3,8,-4,-1,2,-2,4,-3,21,-19,34,-3,-36,-7,15,-26,18,-11,11,0,-11,9,-19,10,-2,6,-46,11,-37,8,9,-15,9,-25,15,-12,22,0,-16,25,-21,-15,8,-52,25,-22,9,-1,-2,-8,-16,25,-23,27,-5,-20,23,-24,11,-10,50,-35,-12,-9,28,-7,-12,10,-19,26,3,-5,7,-17,2,17,-14,10,-2,10,5,-37,29,-9,31],"highs":[0,14,-27,-9,-36,27,-15,43,-41,-21,25,-4,15,1,-41,10,-6,28,-29,-3,17,16,5,-14,-14,-19,-7,2,-18,5,20,-8,-8,0,8,0,-5,38,0,4,-8,37,-18,5,4,2,-13,-24,25,-25,-13,37,-8,-17,-2,-14,7,-11,-3,20,-14,3,4,0,21,-3,-7,0,2,-3,6,-6,2,-2,0,13,-10,4,-3,10,-6,5,6,18,-7,-1,-6,16,-20,7,2,15,-8,-5,-5,-1,6,9,-17,8,0,11,-2,-1,-4,15,-2,-31,-5,10,-14,3,2,3,0,-7,4,4,-1,9,-20,-36,0,-10,-3,-7,-8,15,-15,-1,11,0,2,-1,0,-2,-8,-18,-25,1,7,-17,1,-7,-1,-10,14,4,5,-8,4,4,-12,10,-1,18,-25,-15,9,4,5,1,-1,-2,-1,9,0,11,-10,7,-5,-10,2,6,1,10,-7,4,15,-3],"lows":[0,-50,24,0,-10,5,8,25,-4,-3,2,-1,-7,13,-15,3,7,-16,11,-12,19,-11,30,-12,-13,-20,-7,2,0,6,1,-9,8,8,-7,-8,-3,14,21,-10,-5,11,11,-4,-2,-6,-9,-9,22,14,-18,2,9,-8,-12,-32,3,-3,4,8,10,9,-1,2,2,16,-2,7,-7,-1,4,4,1,-13,12,10,-9,-3,-2,6,-2,3,-4,10,10,-4,3,1,-12,16,4,0,4,-26,9,4,6,-2,-9,7,9,3,-5,13,-13,9,-28,2,-6,7,-21,15,8,6,-15,2,-12,5,8,7,-47,-1,-36,5,12,-31,-1,24,-12,-2,10,-6,7,-4,3,-4,-2,-46,-7,7,-2,5,-8,-30,18,-2,-1,4,11,12,-14,14,-16,-7,6,5,3,-13,-1,15,-5,3,-11,1,8,4,5,5,-19,3,1,-1,1,15,-16,2,-11,31,-10,6],"closes":[0,1,-12,-21,-16,-25,48,-15,-13,1,25,-39,38,-29,0,-13,17,-7,4,-9,25,0,15,-15,4,-39,-3,6,-15,7,-1,0,-7,17,-9,-5,1,14,21,6,-8,12,-1,17,15,-28,-23,-11,19,15,-15,-15,22,-1,-7,-5,-36,1,17,3,5,4,-4,-1,31,-4,-10,-1,2,0,6,-1,4,4,-16,14,-14,11,-3,16,-13,-3,16,29,-7,-7,-15,27,-23,11,-3,5,10,-30,11,-2,16,-3,-17,20,-12,8,10,-13,11,6,-35,-11,16,4,-7,-12,9,2,-11,-5,4,12,4,0,-57,10,-31,4,12,-20,8,8,-12,1,5,-5,-13,17,4,-13,8,-70,25,0,15,-22,-10,-21,14,-2,-6,25,-10,2,6,-5,-5,14,6,-13,-11,-8,14,-9,0,16,-2,-4,3,-13,21,11,-4,7,-7,-18,-2,13,2,-6,16,-9,29,-35],"volumes":[83.5,81.7,52.9,39.5,21.9,73.8,62.8,58.9,57.1,57.6,57.5,38.9,43.1,42.9,34.4,52.9,34.5,46.8,21.5,37.2,49.2,51.0,36.0,78.7,45.1,19.8,39.2,79.9,16.0,65.9,67.1,49.4,38.4,70.4,70.1,86.0,39.9,56.6,32.3,86.3,82.0,64.0,36.5,42.7,65.0,39.2,75.0,77.7,61.9,36.4,37.8,59.5,46.4,92.1,82.4,60.9,90.3,69.2,50.0,82.5,22.7,18.1,14.9,16.7,23.1,33.7,35.8,25.8,21.5,26.7,36.3,39.1,18.9,29.0,12.5,24.0,26.2,21.2,22.7,38.1,22.7,37.4,21.6,23.5,29.6,28.6,25.2,42.5,22.2,28.5,23.8,26.5,12.9,23.2,18.2,12.2,47.6,53.2,40.4,22.0,17.3,19.3,24.7,20.7,27.4,19.5,24.1,33.6,19.0,23.5,17.5,17.9,15.9,24.1,25.2,14.2,19.7,21.4,28.4,27.3,24.3,38.0,19.6,28.4,14.4,29.5,19.0,12.3,29.8,14.5,26.2,29.5,14.7,32.0,19.4,26.3,31.0,54.9,18.3,17.1,37.0,17.1,22.8,63.4,26.7,16.0,22.8,23.3,42.9,22.6,29.3,20.6,20.9,28.0,23.6,23.4,14.9,16.1,18.2,25.1,61.3,22.1,24.5,82.5,18.3,15.4,41.5,26.7,16.9,15.4,41.0,18.6,22.5,22.9,17.1,28.2,23.2,21.0,14.7,25.5]}