{"timestamp":1279411200000,"multiplier":1.0E-5,"open":1.04997,"high":1.0501,"low":1.04882,"close":1.04891,"shift":60000,"times":[1260,1,1,1,1,1,1,1,1,1,1,1,1,1,1,1,1,1,1,1,1,1,1,1,1,1,1,1,1,1,1,1,1,1,1,1,1,1,1,1,1,1,1,1,1,1,1,1,1,1,1,1,1,1,1,1,1,1,1,1,1,1,1,1,1,1,1,1,1,1,1,1,1,1,1,1,1,1,1,1,1,1,1,1,1,1,1,1,1,1,1,1,1,1,1,1,1,1,1,1,1,1,1,1,1,1,1,1,1,1,1,1,1,1,1,1,1,1,1,1,1,1,1,1,1,1,1,1,1,1,1,1,1,1,1,1,1,1,1,1,1,1,1,1,1,1,1,1,1,1,1,1,1,1,1,1,1,1,1,1,1,1,1,1,1,1,1,1,1,1,1,1,1,1,1,1,1,1,1,1],"opens":[0,-157,15,0,10,8,-18,0,25,-10,-5,-5,0,-5,-10,-50,16,-16,10,5,-15,5,55,0,0,-85,20,0,15,10,5,45,40,-10,-10,-10,0,50,0,-130,0,10,0,-5,5,0,0,5,-5,0,0,45,0,-15,20,10,-20,0,-35,5,25,-70,0,0,40,10,50,0,10,65,-40,-35,-25,-5,-20,20,25,-35,20,5,-5,0,-5,-5,-10,-20,20,30,-5,5,0,0,0,0,0,5,10,0,5,-5,0,-10,10,-10,0,0,-10,5,0,0,0,0,20,5,25,5,15,20,5,0,5,-25,5,5,0,0,-30,-10,5,5,-25,15,0,-10,15,-15,5,0,10,0,30,-45,10,15,15,-20,15,-5,5,-35,0,-5,-35,5,-5,5,0,-10,10,-5,10,-5,-15,20,-15,-5,-10,15,0,-5,15,25,5,0,-15,0,0,-5,5,5],"highs":[0,-170,15,0,20,-2,-18,20,5,-10,-5,40,-40,5,-20,-10,-8,-2,-20,0,-5,50,0,0,0,-70,5,15,10,25,25,40,0,-10,-10,-10,60,5,5,-135,10,-15,0,0,0,0,15,0,-10,105,-70,5,10,-15,20,5,-25,0,-15,-15,25,-70,15,25,10,40,25,-10,85,-15,-40,-35,-25,0,5,25,-10,-10,0,5,-5,0,-5,-5,-15,0,30,0,10,-10,5,0,5,25,-25,10,-5,20,0,-20,10,-10,10,-20,0,0,-5,0,0,5,-5,20,10,25,5,5,40,-10,0,5,0,-15,0,0,0,0,-25,-10,10,0,-5,-5,-5,5,0,-5,-5,10,15,15,0,-25,15,5,0,-10,10,-5,0,-30,-5,-5,-25,0,5,-5,-5,0,0,10,5,-15,5,0,-10,-10,5,0,0,15,25,-5,5,0,-15,0,0,0,5,5],"lows":[0,-42,15,0,5,10,-15,0,15,0,-10,-10,10,-20,-55,0,-12,22,10,-5,-5,0,60,0,0,-85,20,0,15,10,5,45,30,-10,-10,0,0,50,-140,10,0,10,-5,0,0,0,5,0,0,0,0,45,-20,-15,40,0,-10,-35,0,5,-55,5,5,0,40,10,40,5,0,45,-35,-30,-5,-35,15,20,-10,0,-10,15,5,0,-10,-5,-25,10,5,40,0,5,0,0,-5,5,-5,10,10,0,0,-10,0,0,5,-5,0,-15,5,5,0,0,0,0,20,-5,30,10,15,20,0,5,-20,-5,10,0,5,-35,-10,0,10,-15,-5,10,-5,-5,0,5,5,0,10,-15,0,0,10,15,-15,10,10,-10,-15,-10,-5,-25,-5,-5,0,5,-10,5,5,0,5,-20,5,5,-15,-5,5,5,5,0,15,25,5,-15,0,-5,0,0,0,10],"closes":[0,-51,15,0,9,6,-15,20,-5,0,-10,0,5,0,-70,0,-3,3,15,-10,-5,60,0,0,0,-70,5,15,10,10,40,40,-10,-10,-10,0,50,0,-140,10,10,0,0,0,0,0,5,-5,0,0,40,5,-15,10,20,-10,-10,-35,5,0,-45,0,0,40,0,50,10,-5,80,-35,-35,-25,-10,-20,25,-5,-10,20,5,-15,0,5,-10,-5,-20,10,40,-5,5,0,0,0,5,-5,5,10,0,5,-5,-10,0,10,-5,-5,0,-10,5,0,0,0,0,20,5,25,10,5,30,0,0,5,-25,10,0,0,0,-30,-5,0,10,-25,5,5,-10,15,-20,10,0,5,5,30,-45,10,15,10,-15,10,0,5,-30,-5,-5,-30,0,-5,5,0,-10,5,5,0,0,-15,20,-15,-15,0,15,0,0,15,20,0,5,-15,0,-5,5,-5,10,5],"volumes":[123.4,1.2,9.6,2.4,60.8,301.0,2.4,8.2,12.8,2.4,5.8,21.4,12.0,29.4,21.2,29.2,211.2,7.8,4.8,15.6,21.6,4.98,1.08,0.72,0.54,24.0,15.2,42.8,12.0,88.6,76.0,24.8,17.0,11.0,29.8,7.2,54.8,39.0,64.1,25.0,39.4,4.0,15.0,57.6,14.2,21.2,20.4,6.0,8.0,45.6,72.8,2.0,16.2,14.6,5.2,8.2,4.8,26.0,58.0,11.0,133.2,30.4,81.2,56.4,77.8,41.2,31.9,50.2,152.8,69.1,39.6,43.8,36.6,68.8,25.2,159.1,45.7,54.6,46.7,30.8,115.0,145.6,56.1,84.9,153.0,67.4,89.1,38.4,71.9,24.0,21.8,20.8,53.2,108.5,50.1,47.4,329.0,97.0,38.0,44.9,25.0,40.1,17.8,15.2,192.0,80.6,164.3,163.3,283.9,28.2,36.0,86.4,81.2,143.9,104.4,25.8,86.7,20.8,49.3,22.4,89.4,60.6,16.3,20.1,11.2,92.7,52.0,24.4,12.0,23.5,293.4,214.8,120.2,94.6,35.2,21.4,4.0,16.0,63.4,291.8,47.8,92.4,306.5,107.7,46.0,46.4,67.5,63.7,51.5,117.7,73.6,51.4,58.5,273.7,105.5,49.8,185.4,84.4,69.1,118.5,15.1,48.8,38.5,60.8,57.2,67.2,11.6,97.5,136.7,174.5,208.3,2.0,6.0,8.4,2.0,2.6,7.4,19.4,116.1,47.2]}