{"timestamp":1348358400000,"multiplier":1.0E-5,"open":1.01898,"high":1.01911,"low":1.01898,"close":1.01911,"shift":60000,"times":[1260,1,1,1,1,1,1,1,1,1,1,1,1,1,1,1,1,1,1,1,1,1,1,1,1,1,1,1,1,1,1,1,1,1,1,1,1,1,1,1,1,1,1,1,1,1,1,1,1,1,1,1,1,1,1,1,1,1,1,1,1,1,1,1,1,1,1,1,1,1,1,1,1,1,1,1,1,1,1,1,1,1,1,1,1,1,1,1,1,1,1,1,1,1,1,1,1,1,1,1,1,1,1,1,1,1,1,1,1,1,1,1,1,1,1,1,1,1,1,1,1,1,1,1,1,1,1,1,1,1,1,1,1,1,1,1,1,1,1,1,1,1,1,1,1,1,1,1,1,1,1,1,1,1,1,1,1,1,1,1,1,1,1,1,1,1,1,1,1,1,1,1,1,1,1,1,1,1,1,1],"opens":[0,4,9,4,7,0,-13,6,6,6,3,31,-5,2,5,97,-36,5,-2,-9,25,-30,-12,-4,6,-2,-60,-10,33,-14,2,36,-26,10,42,-7,-20,-6,-2,17,3,-20,7,3,5,-28,4,2,37,-4,-1,16,-17,0,-4,15,3,-7,2,-7,31,5,17,-5,-1,24,-14,-32,0,-24,13,12,-2,4,-11,15,3,-8,-6,8,-17,35,-24,0,16,14,-9,-9,-4,-16,3,-2,0,7,4,8,18,-14,26,-7,3,9,26,-25,-9,-17,5,9,-11,-1,0,-4,12,-9,0,4,9,9,2,-16,3,5,-1,0,-6,-7,-3,-8,7,-20,6,15,-12,-2,-11,-3,27,1,-4,-14,-3,12,0,-3,1,16,5,-6,-2,-20,-1,-14,-10,-3,-8,25,13,8,-21,-1,-4,9,-13,2,0,0,12,6,1,-10,1,-6,-3,-16,18,-1,-9,15,-18,-5],"highs":[0,15,-1,10,-12,9,-7,10,-3,44,-19,8,8,3,-1,85,-20,-7,2,9,-1,-17,-12,1,3,-2,-53,17,14,-26,12,26,-28,70,13,-54,-4,-6,-1,3,0,5,0,-7,-3,-8,-1,23,9,6,15,-2,-13,-2,11,2,0,-2,4,-14,40,1,-5,-5,26,-2,-12,-19,4,-15,-4,16,-6,-5,16,12,-7,-4,-2,4,-9,6,-8,12,24,1,-16,-3,-3,-14,-8,-3,4,14,-3,12,8,-4,14,1,5,19,-3,-12,-7,-17,0,-1,1,0,0,-4,3,10,-5,13,4,5,-14,-2,5,2,2,-4,-4,-11,-1,-7,-2,-5,16,-16,-12,6,-6,11,7,0,-8,0,-1,-6,0,5,6,10,5,-10,-1,-7,-17,-10,0,-5,4,11,5,10,-14,7,-12,-3,0,1,1,8,19,-8,-1,-8,0,-1,-21,6,-4,2,3,0,-3,-7],"lows":[0,4,9,4,-4,0,-3,7,2,8,5,13,12,3,5,66,-9,-12,2,8,3,-18,-9,3,4,-7,-68,5,22,-3,1,13,-2,5,28,-4,-10,-4,-2,-3,-4,11,-7,5,-14,-5,9,5,26,4,2,3,-4,-12,8,10,3,-2,-3,-2,17,17,0,-21,27,5,-18,-2,-16,-8,9,6,6,-9,3,16,-5,-6,-4,8,-13,10,-2,3,12,17,-18,-1,-12,-28,-2,9,16,7,-11,20,7,0,11,1,2,17,-5,3,-18,-6,3,0,-2,-1,-2,0,-3,5,1,5,9,1,-10,1,6,-5,6,-4,-7,-21,8,-3,-12,-8,19,-17,1,1,2,0,17,-2,-8,-2,-1,-4,2,1,-2,14,2,-4,0,-18,-12,-6,4,-13,3,18,6,5,-4,0,-6,-3,3,1,1,-9,18,9,-5,-8,2,-17,-8,2,1,5,2,0,-7,-6],"closes":[0,15,-14,9,-10,2,-3,21,-14,8,18,5,7,9,-1,66,-8,7,-13,15,-9,-6,-17,16,4,-23,-68,40,-10,8,9,4,-12,44,-14,-4,-9,-1,-1,1,-6,10,-9,18,-18,-6,-1,24,13,-4,36,-31,-2,-6,15,3,-5,-1,-4,-1,31,2,1,-3,34,-21,-18,2,-20,2,4,7,0,-7,11,8,-7,-4,4,3,-10,6,-5,11,21,-1,4,-22,-10,-1,-6,-3,8,6,2,11,11,8,-3,3,6,14,-15,3,-9,-11,-1,0,1,0,-6,13,-15,6,3,13,6,-4,-14,7,3,0,3,1,-8,-30,12,-5,-5,14,-12,3,-16,-1,15,0,6,-3,-6,-6,12,2,-14,12,13,-12,11,-11,8,-14,-12,-16,3,-5,2,23,-5,-2,9,-13,7,-13,2,-1,2,18,-1,13,-14,-8,13,-32,-4,6,-4,17,-11,-2,-7,-6],"volumes":[41.44,33.01,61.83,63.59,163.23,50.17,37.44,36.72,102.13,119.32,130.56,34.31,76.02,46.38,33.67,71.604328,44.708809,79.084285,96.27439,104.471768,90.730255,74.707725,34.998392,35.445652,34.518379,43.897592,48.86,51.12,26.41,22.27,50.93,46.63,60.93,86.61,102.28,79.98,49.37,60.38,88.51,98.42,48.62,68.42,73.4,88.19,90.39,64.13,91.11,51.47,63.15,157.2,116.84,100.99,78.83,111.75,66.99,54.51,58.08,93.44,215.08,81.77,244.96,232.84,99.79,122.6,123.2,109.76,114.41,102.97,122.24,101.01,82.45,78.33,75.25,78.96,119.62,175.72,128.69,182.85,109.31,86.61,112.07,150.53,159.92,83.43,185.29,195.18,274.59,176.69,230.24,369.04,155.67,126.01,97.57,114.63,112.44,111.15,65.9,51.73,109.95,143.1,87.08,101.31,111.6,57.04,77.89,83.14,22.74,85.92,123.83,103.86,36.5,94.43,108.63,103.86,103.24,190.17,115.6,107.38,135.7,192.18,69.08,173.74,61.08,129.21,108.51,113.43,80.06,132.33,138.88,262.4,101.11,81.74,79.04,69.57,44.78,63.85,107.23,61.6,49.51,51.37,56.87,53.85,27.52,85.33,133.19,71.53,80.8,86.94,75.01,99.24,59.33,47.52,89.97,98.48,129.49,77.56,74.73,90.47,59.58,63.4,79.89,112.49,85.88,35.32,110.79,104.67,122.57,30.21,99.62,121.01,89.68,91.46,67.38,106.19,127.99,74.29,52.71,49.14,82.53,89.46]}