{"timestamp":1301788800000,"multiplier":1.0E-5,"open":1.61073,"high":1.61073,"low":1.61,"close":1.6103,"shift":60000,"times":[1260,1,1,1,1,1,1,1,1,1,1,1,1,1,1,1,1,1,1,1,1,1,1,1,1,1,1,1,1,1,1,1,1,1,1,1,1,1,1,1,1,1,1,1,1,1,1,1,1,1,1,1,1,1,1,1,1,1,1,1,1,1,1,1,1,1,1,1,1,1,1,1,1,1,1,1,1,1,1,1,1,1,1,1,1,1,1,1,1,1,1,1,1,1,1,1,1,1,1,1,1,1,1,1,1,1,1,1,1,1,1,1,1,1,1,1,1,1,1,1,1,1,1,1,1,1,1,1,1,1,1,1,1,1,1,1,1,1,1,1,1,1,1,1,1,1,1,1,1,1,1,1,1,1,1,1,1,1,1,1,1,1,1,1,1,1,1,1,1,1,1,1,1,1,1,1,1,1,1,1],"opens":[0,-25,0,12,-8,-17,11,-1,9,6,2,35,0,0,27,-22,0,0,0,-29,0,6,2,-12,32,-20,6,-23,-6,3,6,-3,-6,21,-18,-3,-52,32,-16,36,-40,0,50,-49,2,-2,0,9,0,0,-4,38,0,-3,9,-4,-2,-7,6,0,27,14,0,0,8,0,-10,11,-4,8,-1,-2,3,15,0,26,0,45,-1,0,-31,21,11,11,-19,-1,16,9,1,-5,4,-73,-28,-2,21,1,-6,5,1,-11,1,-5,-4,-2,1,-2,1,0,2,-9,10,0,4,9,8,-1,2,6,10,24,-4,1,2,-1,-1,0,0,0,2,-2,4,29,15,4,-22,1,15,16,1,2,-17,2,8,10,-4,4,-4,-22,2,5,-2,-4,18,0,0,-22,2,1,-3,-5,17,17,6,-12,13,9,-6,9,-2,2,-22,4,0,-16,2,0,-1,-5,25,-22],"highs":[0,-21,13,0,15,-18,-4,-4,0,16,22,5,0,27,0,-22,0,0,0,-29,14,-7,1,-7,27,-12,-2,-23,-1,-2,13,26,-1,-17,-21,-3,10,12,-53,41,-49,29,30,-59,2,0,-2,10,-1,1,40,-7,0,5,5,24,-31,-4,0,0,51,-10,0,18,12,-15,-17,22,-4,1,3,-5,13,2,23,18,31,-3,0,-1,-7,9,19,-7,-20,24,3,-2,-1,-4,3,-73,-20,9,2,2,-2,1,2,-4,-7,-2,-8,0,7,-4,-5,9,-7,1,1,1,21,1,-1,-3,8,10,25,0,-3,2,-1,0,0,2,-3,1,0,2,42,30,-20,-3,-23,15,19,-1,5,-3,-12,7,9,0,0,0,-5,-22,7,0,-2,24,-10,1,-1,-20,4,-3,3,6,17,4,2,2,5,5,8,-2,-4,-1,-18,0,1,-15,0,0,-1,20,0,-22],"lows":[0,48,-9,16,-7,-13,6,4,9,3,5,35,0,0,5,0,0,0,-32,3,0,6,2,-12,12,-6,12,-29,0,0,1,-1,0,4,-1,-31,-24,14,-1,-10,9,0,-7,8,2,-2,0,9,0,-9,4,36,1,-3,5,0,-10,-2,11,0,27,14,-2,0,9,-9,-8,9,-5,8,4,2,-6,22,4,23,0,45,1,-32,-9,32,6,-4,1,-1,14,-3,7,-11,-61,-25,2,-1,12,4,-5,6,-1,-5,-5,-5,-2,1,0,0,1,-5,7,-9,10,0,4,6,8,2,2,6,9,21,-2,1,2,0,0,-1,0,1,-1,1,1,32,14,-18,0,2,15,16,-1,-13,-1,-2,3,10,0,6,-20,-2,-2,7,-4,0,18,-15,-13,4,4,-2,-5,0,17,13,0,-2,13,3,-4,9,0,-17,-7,7,-13,-10,12,-5,-1,0,3,-3],"closes":[0,20,-11,16,17,-29,9,2,0,3,35,5,0,27,-22,0,0,0,-29,0,5,2,1,-11,11,5,1,-29,5,-4,0,-1,5,4,-6,-31,-7,4,-8,-10,10,29,-37,8,2,0,-2,10,-1,-7,41,0,-2,7,-5,0,-7,6,0,0,41,0,0,7,2,-11,-7,14,6,2,-3,5,13,1,24,0,45,1,0,-32,22,11,14,-22,0,15,7,-1,-3,2,-70,-29,0,18,2,-4,3,1,-5,-3,-7,-5,1,-1,1,2,-3,2,0,1,1,1,11,8,-3,2,8,10,23,-2,0,1,0,0,0,-1,-1,2,-1,4,29,15,7,-26,1,15,17,1,2,-17,2,4,15,-5,3,-3,-20,-2,7,-2,-4,18,0,0,-22,2,1,-3,-5,16,18,4,-8,11,3,0,9,1,-1,-19,1,0,-16,2,0,-1,-5,25,-22,-3],"volumes":[44.84,9.0,13.5,9.0,19.74,32.29,7.05,3.0,0.75,23.1,16.65,3.0,2.25,12.84,4.77,0.75,1.5,0.75,20.65,1.5,32.25,4.5,1.5,110.73,11.25,20.63,3.0,17.25,3.75,18.38,19.66,27.0,18.0,11.63,0.45,3.75,65.84,51.41,2.33,6.0,4.5,4.5,7.5,1.5,0.15,2.1,1.5,6.0,10.5,18.0,17.37,7.57,5.3,9.85,6.37,29.74,19.24,9.42,3.0,2.25,43.57,3.42,4.92,16.94,17.52,21.85,9.04,14.59,18.85,15.43,31.96,12.75,45.47,45.42,33.38,19.43,35.74,25.5,18.0,36.56,21.76,33.75,47.26,16.16,1.5,25.5,40.4,25.88,21.32,22.98,23.76,13.43,3.18,9.42,12.0,8.25,14.25,3.0,7.5,7.88,8.26,9.38,26.04,25.28,11.7,12.9,0.38,12.26,0.75,3.0,3.75,3.75,23.78,15.01,5.63,2.25,15.02,21.38,13.5,10.5,19.88,42.75,10.5,28.5,18.75,10.88,6.75,11.25,9.0,10.88,27.62,58.12,34.56,9.75,12.75,38.27,16.44,43.13,18.04,50.0,37.96,99.57,70.94,49.93,57.05,52.5,58.16,34.5,49.92,34.92,24.58,44.52,39.0,67.58,40.67,26.89,28.15,42.75,58.59,74.65,72.03,71.31,41.65,67.17,51.23,80.88,60.04,72.09,74.75,55.59,75.09,45.45,97.63,51.47,19.5,62.66,40.56,69.42,46.44,26.26]}