{"timestamp":1302998400000,"multiplier":1.0E-5,"open":0.89207,"high":0.89247,"low":0.89184,"close":0.89225,"shift":60000,"times":[1260,1,1,1,1,1,1,1,1,1,1,1,1,1,1,1,1,1,1,1,1,1,1,1,1,1,1,1,1,1,1,1,1,1,1,1,1,1,1,1,1,1,1,1,1,1,1,1,1,1,1,1,1,1,1,1,1,1,1,1,1,1,1,1,1,1,1,1,1,1,1,1,1,1,1,1,1,1,1,1,1,1,1,1,1,1,1,1,1,1,1,1,1,1,1,1,1,1,1,1,1,1,1,1,1,1,1,1,1,1,1,1,1,1,1,1,1,1,1,1,1,1,1,1,1,1,1,1,1,1,1,1,1,1,1,1,1,1,1,1,1,1,1,1,1,1,1,1,1,1,1,1,1,1,1,1,1,1,1,1,1,1,1,1,1,1,1,1,1,1,1,1,1,1,1,1,1,1,1,1],"opens":[0,53,-31,-4,3,-11,6,1,4,0,-9,23,5,-4,-25,28,3,-1,-1,2,-2,0,0,-1,0,-1,0,4,1,1,-1,1,-1,1,0,0,3,-7,10,3,4,-15,10,1,0,4,-5,6,4,0,1,-1,0,0,1,0,0,0,0,-1,1,-4,5,-1,-1,1,1,6,2,1,-7,-1,8,-1,-9,-1,-3,11,-4,1,0,18,-11,-14,-2,6,-8,7,-6,-5,1,-17,-1,-1,-8,0,-4,5,0,7,2,0,11,-1,6,-1,-5,-5,-4,10,-1,0,0,2,-10,5,3,-2,3,-3,-4,-4,-10,-5,-2,8,-6,-9,7,12,-29,-19,15,6,-3,4,10,9,0,5,6,3,-2,-3,-1,0,8,1,-4,-14,0,2,-1,20,-4,-4,-8,-9,-4,10,-4,7,-10,3,-1,25,23,-3,7,17,-5,-13,14,11,4,-2,-11,-23,9,0],"highs":[0,24,-32,-10,0,-5,0,5,0,-1,20,-1,2,-6,6,26,-26,0,-2,3,-3,0,0,-1,0,-1,3,1,1,1,0,0,-1,1,0,12,-6,-1,3,4,1,-10,7,-1,5,0,-1,4,2,0,0,0,0,-1,1,0,0,0,0,0,1,0,0,-1,0,1,0,9,1,7,-15,-1,8,0,-9,-1,7,2,-6,1,18,1,-12,-11,14,-11,-4,7,-6,-10,15,-32,9,2,-16,-5,1,0,10,-3,3,10,0,5,0,0,0,-9,9,-1,1,-4,4,-4,-5,4,0,5,-5,-3,0,-8,-9,-6,5,1,-5,-3,15,-3,-24,-9,9,-3,1,9,10,0,7,6,1,0,0,1,-6,6,8,-6,-4,-10,3,-5,24,-5,-2,-5,-9,-9,11,-1,-1,0,-6,-1,22,26,2,1,19,-2,2,-5,12,8,-3,-2,-6,-19,1,1],"lows":[0,69,-28,0,-7,-1,6,0,5,0,-9,23,-15,-7,-2,2,28,0,-1,1,-1,0,0,-2,0,0,0,4,1,0,0,0,0,0,0,-5,2,0,10,2,1,-19,18,0,0,5,-14,15,4,0,0,-1,-4,5,0,0,0,1,-1,0,-3,-1,5,-2,0,2,0,6,0,-5,-2,1,9,-9,-1,-1,-9,-3,17,0,0,7,-15,0,0,-3,1,0,-2,-2,-16,-2,1,-14,0,5,-4,4,0,8,1,-1,12,0,5,-9,-1,-5,1,9,0,0,0,-10,1,1,4,2,-1,-6,-7,-4,-10,3,-1,-3,-4,1,7,-17,-18,-1,11,3,0,8,10,9,0,5,6,-3,3,-7,0,4,8,-10,-13,3,1,-2,-2,23,-4,-8,-9,-4,-2,0,4,1,0,-3,5,25,18,0,9,1,-2,0,12,13,-16,-4,-13,-2,1,11],"closes":[0,37,-37,3,-10,6,-1,6,0,-1,20,-1,1,-28,29,1,-2,0,-1,3,-3,0,0,-2,0,0,3,1,1,0,1,0,-1,0,0,5,-8,9,3,4,-3,-9,8,0,6,0,-1,4,1,1,0,0,0,-1,0,0,0,1,0,0,-4,5,-1,-1,1,1,0,6,3,-7,-1,-2,9,-9,-1,-1,9,-3,-1,1,18,-12,-13,-2,0,-3,7,-4,-4,-1,-16,-2,0,-9,0,0,1,-1,11,-3,2,10,0,6,0,-10,-1,-5,10,0,5,-5,5,-9,1,-5,4,4,0,-9,-1,-10,-4,-3,7,-6,-9,8,12,-29,-18,14,9,-6,4,5,14,0,5,4,5,-2,-1,-3,0,7,3,-5,-15,1,2,-1,21,-5,-3,-9,-9,-3,9,-4,7,-10,3,-1,23,26,-2,5,17,-6,-11,12,12,9,-7,-16,-16,7,4,-2],"volumes":[41.44,42.0,27.0,18.0,14.59,14.64,10.5,30.0,15.0,4.5,4.13,7.63,12.71,14.12,13.89,51.24,15.04,3.76,1.13,9.0,3.39,2.26,1.13,3.0,4.5,3.0,11.25,3.0,7.5,4.5,6.0,7.5,1.5,4.5,6.0,35.65,14.25,12.0,6.0,10.5,6.0,60.79,4.5,6.0,11.25,27.0,40.55,15.0,16.5,3.0,6.0,10.5,16.5,1.5,3.0,4.5,6.0,1.5,4.5,3.0,28.5,22.5,13.5,19.5,10.5,9.75,39.75,36.0,27.0,32.25,28.5,20.87,16.5,59.25,33.75,25.82,30.06,38.83,2.1,17.91,51.03,41.97,57.0,49.5,36.35,35.84,12.6,40.21,10.28,55.63,77.87,20.34,46.79,59.71,36.49,1.13,6.78,6.78,19.34,1.88,24.06,43.63,43.07,45.77,19.53,20.03,34.66,9.38,52.6,27.97,16.7,8.65,19.52,25.11,13.79,22.18,30.67,31.62,34.95,12.16,28.57,36.98,34.17,18.75,9.2,59.61,43.2,42.54,38.89,87.93,58.44,59.15,74.19,30.15,40.59,44.66,29.27,21.78,26.27,16.51,32.63,15.39,30.06,95.26,30.0,31.14,43.88,92.25,33.31,54.75,52.13,37.52,91.89,76.5,33.38,30.76,72.79,67.92,99.79,80.25,68.26,48.0,72.01,56.25,89.26,131.69,52.18,138.84,103.15,86.4,121.05,67.5,177.75,141.6,131.25,168.38,194.66,142.99,81.76,54.0]}