{"timestamp":1412467200000,"multiplier":0.001,"open":1191.491,"high":1191.491,"low":1190.895,"close":1190.974,"shift":60000,"times":[1320,1,1,1,1,1,1,1,1,1,1,1,1,1,1,1,1,1,1,1,1,1,1,1,1,1,1,1,1,1,1,1,1,1,1,1,1,1,1,1,1,1,1,1,1,1,1,1,1,1,1,1,1,1,1,1,1,1,1,1,1,1,1,1,1,1,1,1,1,1,1,1,1,1,1,1,1,1,1,1,1,1,1,1,1,1,1,1,1,1,1,1,1,1,1,1,1,1,1,1,1,1,1,1,1,1,1,1,1,1,1,1,1,1,1,1,1,1,1,1],"opens":[0,-574,-944,-3725,1211,-91,-810,352,-559,381,-543,2,-402,291,-1875,1326,679,390,-120,-189,-475,-986,-65,-274,-14,-197,-95,245,-335,174,200,325,-90,-712,-24,77,215,-18,-100,100,100,-1,600,551,-100,199,-319,-480,480,220,-330,29,-400,312,-61,97,337,363,-47,49,-162,592,50,161,0,47,-299,-300,50,299,201,261,-113,13,33,-46,-167,-8,0,779,-68,-219,-40,402,568,149,293,430,-355,-104,-157,-40,-90,450,101,-20,-248,-225,220,-23,-49,-544,-31,-30,-247,-14,86,121,-129,-60,13,-141,13,-137,-54,41,-144,-339,-30,-189],"highs":[0,-506,-1012,-2018,-433,-58,-227,-302,-3,-121,-411,-209,58,102,-340,731,-76,272,-348,-189,-585,-736,-290,-299,-14,-197,150,3,-164,200,414,96,-199,-739,250,-31,81,-99,0,199,-89,589,600,50,51,0,-370,69,200,-49,-136,-65,-188,139,-52,310,387,103,-49,0,481,0,60,99,201,-202,-300,-300,400,100,310,-27,-29,15,-40,-51,-197,-8,779,159,-187,-186,352,572,115,435,342,-57,-385,-104,-147,-50,360,101,29,0,-187,-56,32,-112,-14,-491,99,-250,-123,63,6,53,-153,-73,-3,19,-116,16,-99,-98,-144,-339,-19,-150],"lows":[0,-1056,-3710,91,789,-485,34,-227,13,-218,-60,-246,-200,-2326,911,1326,679,301,-250,-445,-2987,1800,-504,160,-49,-371,232,-3,-15,160,29,375,-730,-334,300,121,191,-200,1,250,13,86,600,440,-22,-87,-681,201,480,-114,-13,-354,-21,246,26,20,414,254,0,-89,38,592,10,201,-201,-102,-350,51,49,350,62,287,-73,48,0,-237,-37,124,-42,694,-220,-88,108,401,479,225,276,65,-459,-72,272,-201,110,300,180,-382,-40,-20,174,-14,-596,-2,31,-383,-36,128,-43,93,-118,-5,-150,55,-32,-99,-48,-52,-350,-251,23,-133],"closes":[0,-964,-3778,1207,-48,-867,411,-547,343,-572,-8,-331,102,-1837,1446,649,406,-75,-250,-445,-1337,286,-296,8,-213,-109,274,-313,153,200,285,-58,-729,1,77,215,-68,-100,150,100,-1,600,551,-51,150,-319,-480,499,150,-279,29,-390,302,-87,123,361,365,-35,11,-199,629,50,161,49,-1,-301,-300,50,301,199,208,-59,-18,85,-91,-128,-63,40,779,-103,-184,-57,443,544,182,248,453,-313,-154,-187,37,-140,450,101,-20,-248,-225,252,-98,-6,-604,41,-1,-387,77,81,134,-129,-78,31,-141,11,-101,-99,49,-149,-350,-11,-178,-161],"volumes":[0.02679,0.02516,0.05847,0.04595,0.02871,0.02183,0.02762,0.01566,0.00862,0.01135,0.00999,0.00481,0.02516,0.03144,0.02809,0.01456,0.01147,0.00724,0.00444,0.02316,0.06013,0.02103,0.02183,0.01759,0.01272,0.01647,0.01678,0.00834,0.00931,0.01695,0.03342,0.01471,0.02236,0.02781,0.01949,0.01813,0.01592,0.00926,0.01471,0.01615,0.01222,0.01621,0.02642,0.02131,0.01184,0.02155,0.01466,0.0174,0.00851,0.01258,0.01428,0.01702,0.02396,0.01036,0.01674,0.02242,0.01597,0.02153,0.01323,0.01139,0.02027,0.01517,0.01465,0.0125,0.02412,0.01681,0.01021,0.00572,0.01635,0.00556,0.02196,0.00592,0.01073,0.00392,0.00629,0.0111,0.0074,7.4E-4,0.00865,0.01693,0.01184,0.0106,0.01387,0.02044,0.02961,0.03056,0.02834,0.01628,0.01591,0.01725,0.0037,0.00666,0.01741,0.01333,0.01443,0.02072,0.01887,0.00999,0.01036,0.0037,0.01776,0.0117,0.01076,0.01436,0.01083,0.00814,0.01236,0.01702,0.0091,0.00703,0.008,0.0074,0.00296,0.00777,0.01036,0.00438,0.00653,0.01446,0.00965,0.00671]}