{"timestamp":1538870400000,"multiplier":0.001,"open":6126.87,"high":6126.87,"low":6124.169,"close":6124.969,"shift":60000,"times":[1430,1,1,1,2,1,1,1,1],"opens":[0,-2200,-1,100,200,-999,-100,3999,-1199],"highs":[0,-1000,1000,-1000,0,-701,3701,0,-1],"lows":[0,500,-1399,1399,0,-1999,1000,2699,-899],"closes":[0,200,-199,900,-900,-1100,4999,-899,-1000],"volumes":[0.00138,0.00162,0.00372,0.00108,8.4E-4,0.00264,0.00324,0.00264,0.003]}