{"timestamp":1540684800000,"multiplier":1.0E-5,"open":1.13921,"high":1.13925,"low":1.13921,"close":1.13925,"shift":60000,"times":[1260,1,1,1,1,1,1,1,1,1,1,1,1,1,2,1,1,1,1,1,1,1,1,1,1,1,1,1,2,1,1,1,1,1,1,1,1,1,1,1,1,1,1,1,1,1,1,1,1,1,1,1,1,1,1,1,1,1,1,1,1,1,1,1,1,1,1,1,1,1,1,1,1,1,1,1,1,1,1,1,1,1,1,1,1,1,1,1,1,1,1,1,1,1,1,1,1,1,1,1,1,1,1,1,1,1,1,1,1,1,1,1,1,1,1,1,1,1,1,1,1,1,1,1,1,1,1,1,1,1,1,1,1,1,1,1,1,1,1,1,1,1,1,1,1,1,1,1,1,1,1,1,1,1,1,1,1,1,1,1,1,1,1,1,1,1,1,1,1,1,1,1,1,1,1,1,1,1],"opens":[0,4,8,18,-5,-8,9,4,1,-6,-3,1,0,-2,4,2,8,13,-1,3,9,-1,-6,0,7,8,-8,-1,-5,4,2,1,0,0,-3,2,18,-18,1,-1,-7,-1,-1,-4,-11,3,-1,-1,2,-3,0,1,7,1,-3,2,3,-1,11,28,12,-6,3,1,-4,-8,1,0,2,-3,-3,9,7,4,-1,-4,2,-3,-10,-2,-5,2,2,1,0,-2,12,-6,4,-12,8,-3,3,-4,4,0,7,-1,-4,-1,3,-2,0,6,1,-6,-2,12,2,6,-11,10,2,-1,-4,1,6,0,7,-11,-7,-1,-1,0,3,0,12,-12,7,-5,3,-5,5,9,-3,0,-8,-7,-5,0,3,6,0,5,0,4,-3,-3,7,-4,-2,-1,-2,13,-24,12,-4,1,-1,-1,1,4,-4,0,-1,-1,-15,-19,-5,6,0,2,-1,-5,9,-9,0,8],"highs":[0,13,6,7,-1,12,-1,-8,-1,-5,-3,1,0,2,1,7,17,-1,0,9,1,-2,-6,19,2,-3,-11,4,-5,2,0,0,0,1,-1,31,-14,-18,5,2,-14,-1,1,1,-4,-11,-1,-1,4,3,-6,2,6,-1,-2,2,3,26,12,16,-1,0,-4,3,-9,-4,-3,1,1,1,1,15,-3,1,-2,-1,-1,5,-14,-4,-4,3,1,-1,3,10,-4,-1,-1,0,-3,4,3,-6,-2,6,1,3,-8,1,2,-1,9,-4,0,-6,19,-2,2,-1,2,-2,1,-1,-4,8,-1,8,-1,-11,-5,-2,1,1,-1,16,-4,-7,3,-4,1,3,6,2,-3,-1,-9,-7,-4,1,9,-1,4,0,4,1,-4,4,3,-7,-2,-1,11,0,-11,-1,-4,1,-1,0,4,1,-5,1,0,-2,-16,-14,1,-4,2,1,-2,12,-9,-9,9,-1],"lows":[0,4,2,20,-7,-2,8,3,-3,-2,-1,1,-7,5,3,3,7,14,-2,2,8,-5,1,0,4,1,1,-1,-4,4,1,0,1,1,-4,3,-3,0,4,-8,-1,-1,-5,-10,0,0,0,0,0,-1,1,1,7,-3,-1,3,2,1,-2,38,7,-3,2,6,-10,-1,-2,2,-5,3,-1,9,7,1,-4,-1,2,-10,-3,-2,-2,2,-4,6,0,-6,11,-4,-4,-7,8,4,-3,1,4,0,8,-5,-8,2,1,5,-4,10,-6,-3,2,12,-1,-4,1,11,1,-4,0,1,6,0,-4,-6,-3,0,0,0,0,3,0,0,2,0,-2,-1,6,6,0,-8,-5,-9,-1,2,4,6,-1,6,-6,5,0,-1,1,0,-3,-1,0,-9,-1,8,0,0,-3,1,-1,1,1,1,-4,-11,-20,-10,4,3,-8,11,-7,3,-2,1,0,0],"closes":[0,7,12,3,-6,6,5,-2,-4,0,-3,2,-2,4,1,6,12,5,-1,9,2,-8,0,8,-1,0,-1,0,-1,3,-1,-1,2,0,-2,19,-18,0,1,-8,-1,-1,-4,2,-12,0,0,0,-1,-1,3,1,5,-2,0,2,4,7,31,11,-6,2,2,0,-11,1,-2,2,-2,-2,7,8,4,-2,-5,4,-3,-10,-3,-2,-1,3,1,0,-1,11,-6,4,-12,9,-6,3,-2,4,-1,7,1,-4,-2,2,-1,2,4,0,-6,-1,13,2,5,-12,11,1,0,-4,0,7,0,8,-12,-6,-2,0,-1,3,0,14,-13,4,-3,2,-4,5,9,-3,0,-8,-5,-7,0,1,9,-1,5,0,4,-5,0,6,-5,-1,-1,-2,13,-23,12,-5,0,0,-1,1,4,-4,0,1,-2,-14,-20,-6,6,0,3,-3,-4,9,-8,-2,10,-8],"volumes":[3.0,16.5,17.25,5.25,11.86,39.2,41.56,18.75,20.68,22.42,8.57,3.5,34.55,20.25,11.75,20.13,19.0,8.0,17.76,23.44,19.68,36.9,1.0,121.65,89.29,65.24,23.39,11.83,24.01,18.14,9.04,5.95,13.62,16.96,26.1,53.68,31.36,38.59,4.0,27.68,22.67,6.48,54.91,89.66,72.75,23.21,11.01,13.57,31.47,45.52,19.25,21.45,5.0,12.25,29.26,20.41,8.0,35.65,108.79,136.73,25.23,32.6,10.25,8.21,38.08,18.79,27.9,13.92,57.82,27.63,42.4,34.89,29.5,53.63,90.88,85.67,41.73,92.65,50.33,64.1,83.13,36.99,47.89,32.01,57.26,83.9,64.26,64.83,76.09,150.4,99.05,59.63,71.18,60.13,26.52,35.42,10.26,55.19,26.8,38.18,55.64,39.84,53.34,28.52,42.13,52.34,57.34,35.75,63.03,142.35,58.08,23.82,26.66,30.82,33.45,33.15,33.01,25.98,52.57,106.22,36.33,41.28,57.04,62.32,6.74,21.56,26.61,22.19,12.37,15.37,14.36,31.96,24.92,55.18,14.43,21.74,62.14,55.41,40.87,29.92,77.66,16.11,38.82,9.75,35.58,14.56,4.24,28.97,29.61,12.74,7.99,53.17,48.91,54.15,56.89,22.99,2.5,10.25,41.04,32.65,14.74,44.53,9.5,6.24,38.72,65.77,45.12,120.25,118.64,116.97,134.76,68.23,75.52,94.76,29.18,59.48,102.23,21.75]}