{"timestamp":1540080000000,"multiplier":1.0E-5,"open":1.30926,"high":1.30926,"low":1.30926,"close":1.30926,"shift":60000,"times":[1261,1,1,2,2,1,1,1,1,1,1,1,1,1,1,2,1,1,1,1,1,1,1,1,1,1,1,1,1,1,1,1,1,1,1,1,1,1,1,1,1,1,1,1,1,1,1,1,1,1,1,1,1,1,1,1,1,1,1,1,1,1,1,1,1,1,1,1,1,1,1,1,1,1,1,1,1,1,1,1,1,1,1,1,1,1,1,1,1,1,1,1,1,1,1,1,1,1,1,1,1,1,1,1,1,1,1,1,1,1,1,1,1,1,1,1,1,1,1,1,1,1,1,1,1,1,1,1,1,1,1,1,1,1,1,1,1,1,1,1,1,1,1,1,1,1,1,1,1,1,1,1,1,1,1,1,1,1,1,1,1,1,1,1,1,1,1,1,1,1,1,1,1,1,1,1],"opens":[0,1,9,-1,5,22,-13,3,0,5,-3,6,-5,8,-1,-21,0,4,11,-12,11,1,2,0,0,15,6,55,45,-24,-77,1,28,5,-4,0,0,-1,0,0,1,-3,3,0,0,11,-1,-1,-5,0,1,-1,1,0,-1,0,40,-9,-26,-17,2,5,-3,1,0,-4,5,-2,9,11,-2,9,-5,6,0,2,-5,1,-14,7,1,0,-1,-1,8,0,10,2,-3,9,-1,-3,-1,3,5,-5,-2,-8,2,-1,-3,0,-2,3,1,-1,0,10,14,4,1,-3,5,-4,6,-1,9,1,8,0,0,-1,0,1,-1,7,1,-7,-1,1,1,-4,-16,6,-1,3,-8,2,0,-1,-1,1,-1,-3,1,-1,0,1,4,11,-7,-1,-2,1,13,2,3,-14,-17,-19,14,1,1,-2,14,17,-41,-10,4,-4,12,4,-8,-5,7,-3],"highs":[0,10,0,-1,26,7,-11,0,1,1,1,0,7,-1,-3,-21,1,10,3,1,1,1,1,-1,21,2,50,60,-13,-23,-77,76,-38,-5,-4,0,0,2,-2,-1,2,-2,1,0,9,2,0,-1,-5,0,0,0,0,0,0,39,23,-27,-31,-12,3,3,-5,0,1,-1,1,6,10,3,4,11,-7,-1,-1,2,3,-7,-6,0,0,0,-1,6,3,11,7,-8,6,2,-1,-3,2,6,-2,-3,-5,-8,2,0,2,-3,0,-1,1,0,9,9,11,-1,1,0,0,3,-1,8,3,6,1,-1,3,-1,-2,0,8,1,-2,0,-5,-2,1,0,-12,1,1,-2,-5,-1,0,-1,0,0,-1,0,-2,3,2,1,10,-1,-7,0,-3,9,10,5,-5,-13,-18,-6,5,-1,-1,13,13,3,-41,-4,0,7,3,0,-7,2,-1,0],"lows":[0,1,9,-1,5,-3,12,2,1,1,1,-5,6,7,-11,-10,0,4,11,-12,1,10,0,-2,0,20,3,58,-9,-66,18,2,28,1,0,-1,0,0,0,0,0,-2,1,-1,3,9,-1,-4,0,0,0,0,0,0,0,0,29,-25,-24,7,3,-5,-1,9,-3,-1,1,0,10,10,0,0,-1,11,0,-4,-2,-12,2,6,-6,6,0,-1,9,0,10,-14,10,-3,9,0,-3,7,0,0,-15,2,1,0,-2,2,-2,2,0,0,0,11,12,4,-2,0,2,1,4,0,10,1,5,-2,4,-3,3,-1,1,7,-6,-1,-3,3,0,-18,0,3,1,-7,3,1,-1,0,0,-1,-2,-1,0,0,0,2,3,5,-3,-1,1,-1,15,2,-12,-16,-22,-6,19,5,-3,2,13,-24,-13,4,-1,1,8,0,-5,0,0,1],"closes":[0,9,1,-1,26,-11,7,-5,6,1,1,-11,14,0,-12,-9,1,10,3,-3,3,-1,0,1,19,0,56,61,-37,-77,1,27,11,-9,0,-1,1,1,-1,-1,0,-1,0,-1,12,2,-3,-3,-1,0,1,-1,0,1,0,39,-9,-27,-15,2,5,-4,2,0,-4,4,-3,10,9,0,5,4,3,-1,-1,-1,-1,-15,8,1,0,-1,-1,7,2,10,0,-2,7,1,-1,-3,-4,11,-4,0,-11,1,-1,-1,0,1,1,-2,1,0,9,11,9,0,-3,5,-4,6,-1,9,0,9,1,-2,1,-1,0,0,8,0,-7,-1,0,1,-1,-18,3,1,4,-8,1,1,-1,-1,0,1,-3,0,-1,1,0,6,9,-7,-2,-1,0,9,7,3,-15,-16,-21,15,1,2,-2,14,13,-38,-9,6,-6,12,4,-8,-5,8,-6,5],"volumes":[0.75,2.25,0.75,0.75,9.37,27.42,10.12,6.49,5.0,3.0,4.12,2.37,12.0,7.0,8.86,2.0,3.0,2.0,2.0,14.5,10.67,6.0,10.0,29.0,37.81,31.23,49.0,24.75,45.5,30.0,4.0,49.75,5.0,5.0,2.0,2.0,5.0,3.0,2.0,1.0,4.0,3.0,3.0,3.0,4.0,5.0,8.0,22.0,21.0,26.0,26.0,29.0,30.0,18.0,28.0,32.25,75.4,48.71,43.16,25.5,21.75,22.88,33.75,38.5,28.0,31.5,21.99,30.09,23.0,19.25,16.0,33.0,20.37,6.0,4.0,29.31,46.0,40.87,40.75,22.75,23.87,21.25,31.5,39.0,21.75,75.13,56.01,65.68,46.5,54.5,59.62,34.68,32.12,44.73,40.09,31.37,55.86,13.5,37.5,9.5,37.12,12.5,24.0,22.12,29.47,26.34,32.12,17.5,33.67,28.24,25.0,24.0,23.75,20.12,16.0,20.0,32.24,39.5,31.12,26.37,22.5,25.56,4.12,56.99,46.08,46.25,30.74,42.11,41.35,56.85,18.24,48.85,79.09,70.47,41.7,25.97,38.25,10.0,8.24,17.0,18.0,5.87,48.55,63.67,22.72,49.06,45.96,5.62,74.5,38.56,16.48,49.2,4.75,44.33,29.47,82.35,75.65,64.63,60.23,83.58,56.71,22.6,21.48,66.83,40.48,96.21,61.1,20.74,33.47,19.49,44.62,39.0,35.61,19.49,49.2,53.8]}