{"timestamp":1726963200000,"multiplier":1.0E-5,"open":0.92067,"high":0.92067,"low":0.92067,"close":0.92067,"shift":60000,"times":[1260,4,1,2,1,3,1,1,2,1,1,1,1,1,1,1,1,2,3,1,1,1,1,1,1,1,1,1,1,1,1,1,1,1,1,1,1,1,1,1,1,1,1,1,1,1,1,1,1,1,1,1,1,1,1,1,1,1,1,1,1,1,1,1,1,1,1,1,1,1,1,1,1,1,1,1,1,1,1,1,1,1,1,1,1,1,1,1,1,1,1,1,1,1,1,1,1,1,1,1,1,1,1,1,1,1,1,1,1,1,1,1,1,1,1,1,1,1,1,1,1,1,1,1,1,1,1,1,1,1,1,1,1,1,1,1,1,1,1,1,1,1,1,1,1,1,1,1,1,1,1,2,1,1,1,1,1,1,1,1,1,1,1,1,1,1,1,1,1],"opens":[0,7,-4,10,0,4,-12,45,29,0,47,-2,-22,1,7,13,8,0,-8,-4,-3,-1,-13,12,1,53,16,-18,-31,-1,0,43,-44,3,48,-10,-62,76,3,1,1,-9,-2,17,11,0,-1,2,-7,-4,18,4,1,11,8,-11,14,-1,-3,5,-1,6,0,7,-6,-3,0,-4,-7,14,14,6,4,0,0,6,0,-5,4,5,-4,10,15,-17,3,-4,2,-7,8,4,-9,0,-2,2,1,2,6,0,0,4,-2,4,4,-2,-2,-5,6,1,-1,-13,12,-14,-7,-6,-10,-2,3,-11,14,-12,1,4,0,5,-3,1,1,-3,3,-5,-2,4,-4,0,-4,3,4,5,-4,6,3,3,-5,-8,4,3,0,9,8,-2,-1,-7,8,11,2,3,1,-5,2,-3,-9,4,10,-1,-4,-5,3,2,3],"highs":[0,8,-5,10,0,19,15,27,10,47,2,-9,-20,1,6,19,1,18,-26,-2,-5,-1,-2,43,7,22,-1,-1,-4,1,-2,1,2,3,0,-4,7,5,1,1,-1,-7,13,16,-2,-1,0,3,-9,13,44,-20,-4,4,0,3,-1,2,0,3,2,1,2,3,-5,2,0,-10,6,14,9,0,7,-4,8,-3,4,-4,0,4,11,11,-1,-11,-3,4,-4,1,3,-1,-9,0,3,-3,6,0,6,1,-1,2,-2,6,1,-2,1,0,-2,9,-7,-2,1,-12,-7,-6,-10,-2,-1,3,1,-12,6,-2,5,1,1,2,-3,-3,4,-3,-2,2,-3,-4,3,3,1,4,-2,5,4,-2,-5,-3,4,2,4,10,-1,2,-2,-8,18,3,2,0,0,-4,1,2,-11,12,2,0,-8,-3,4,5,7],"lows":[0,7,-4,0,10,-20,12,42,27,0,48,-35,15,1,5,15,8,-8,-3,-3,-15,10,-10,12,1,53,16,-50,0,-2,2,-2,1,3,-26,0,2,-14,92,1,-68,9,50,16,11,-1,-1,-3,-75,71,-76,98,1,11,-4,0,15,-3,-1,4,0,6,0,0,0,-2,-4,-2,-5,12,13,8,5,-7,3,9,-4,0,1,2,2,10,-4,2,-1,0,-1,-8,12,-3,-4,-2,0,4,0,1,6,2,-1,2,0,4,0,1,-4,-1,6,-1,-8,-4,-3,-9,0,-9,-13,4,-6,1,-1,2,2,2,-1,6,-2,-1,2,-4,4,-6,1,3,-3,-2,-2,3,3,4,-2,6,-2,1,-4,-2,4,-1,4,9,4,-1,-3,-7,9,15,1,1,0,-3,2,-9,-5,8,5,0,-7,-5,-1,8,6],"closes":[0,8,-5,7,3,-6,40,27,0,57,2,-29,-1,2,3,22,1,-8,-3,-3,-4,-1,1,43,7,6,15,-48,-2,2,0,-2,4,1,-29,0,77,4,2,-2,-8,-2,18,12,-2,-1,4,-8,-4,19,12,-1,4,4,-7,15,-1,-1,3,-1,6,-1,0,1,-1,4,-10,-2,8,13,9,-1,4,0,4,1,-2,0,3,-2,11,15,-15,-1,-1,1,-1,5,3,-8,-2,-4,5,-1,6,0,1,6,-5,3,1,2,0,1,-4,4,1,7,-14,4,-12,-7,-3,-9,-6,0,-9,13,-12,2,3,0,7,-2,0,0,-1,-1,1,-2,1,-1,-2,-3,-2,8,3,-1,3,5,2,-7,-4,-1,6,-1,9,7,-2,3,-6,-3,20,1,2,2,-4,0,1,-11,0,13,2,-6,-5,1,3,4,7],"volumes":[1.2,4.2,1.2,6.6,1.2,28.05,13.05,25.5,52.05,27.75,10.5,8.4,4.8,3.6,4.8,2.1,0.9,6.0,2.4,3.6,15.6,20.4,9.6,4.2,3.0,9.9,4.5,11.7,13.5,76.8,34.2,19.2,50.7,63.9,53.7,69.3,124.5,153.75,99.0,66.6,198.9,162.3,100.8,17.55,10.8,11.7,18.0,24.3,71.25,20.7,67.9,39.6,29.7,10.8,31.95,15.6,3.6,13.2,16.8,12.0,16.8,6.0,10.8,8.4,3.6,6.0,15.6,3.6,12.0,20.4,22.8,8.4,14.4,13.2,31.2,2.4,12.0,7.2,6.0,21.6,19.2,14.4,21.6,9.6,7.2,14.4,13.2,9.6,4.8,3.6,6.0,6.0,9.6,1.2,13.2,6.0,7.2,4.8,26.4,6.0,8.4,10.8,6.0,3.6,10.8,14.4,1.2,18.0,47.1,58.56,66.27,86.85,40.8,41.85,79.01,43.02,42.15,28.35,39.96,6.0,18.6,3.6,16.8,3.6,8.4,14.4,6.0,7.2,9.6,12.0,7.2,7.2,6.0,2.4,13.2,12.0,4.8,7.2,7.2,4.8,17.4,9.6,8.52,12.0,10.8,11.49,19.2,7.2,3.6,15.6,12.0,9.6,12.0,10.8,14.4,15.6,6.0,6.0,3.6,22.8,14.4,12.0,13.2,12.0,9.6,19.35,27.6,20.4,30.0]}