{"timestamp":1725753600000,"multiplier":0.001,"open":7900.593,"high":7900.593,"low":7891.561,"close":7898.493,"shift":60000,"times":[1430,1,1,1,1,1,1,1,1,1],"opens":[0,-3100,2968,1406,-306,2932,-1626,500,-2500,158],"highs":[0,368,640,2892,1532,-1532,64,-1190,-906,96],"lows":[0,5032,32,3936,1000,-100,968,-2936,-968,904],"closes":[0,1108,956,1904,1096,-1690,626,-3000,1936,1128],"volumes":[0.015219,0.006437,0.006693,0.00357,0.003028,0.003864,0.001815,7.15E-4,0.001915,0.00345]}