{"timestamp":1478995200000,"multiplier":1.0E-5,"open":0.98889,"high":0.98897,"low":0.98889,"close":0.98897,"shift":60000,"times":[1320,1,1,1,1,1,1,1,1,1,1,1,1,1,1,1,1,1,1,1,1,1,1,1,1,1,1,1,1,1,1,1,1,1,1,1,1,1,1,1,1,1,1,1,1,1,1,1,1,1,1,1,1,1,1,1,1,1,1,1,1,1,1,1,1,1,1,1,1,1,1,1,1,1,1,1,1,1,1,1,1,1,1,1,1,1,1,1,1,1,1,1,1,1,1,1,1,1,1,1,1,1,1,1,1,1,1,1,1,1,1,1,1,1,1,1,1,1,1,1],"opens":[0,8,0,9,-11,47,-42,1,11,-2,6,-7,10,-10,-4,-2,-4,-24,-17,1,20,-6,18,2,-14,3,-35,9,4,4,8,-1,-1,-15,11,0,-2,8,-9,1,2,0,-12,0,7,-7,-6,13,0,1,27,-14,-1,-6,-4,-1,-1,0,0,-2,-6,46,-21,-12,-6,12,-12,-5,5,-5,9,5,7,23,22,-11,17,-10,-5,1,2,1,21,0,7,-20,10,-9,3,-5,4,4,-2,0,10,5,1,4,0,0,-1,2,2,29,-14,7,-3,-13,-2,18,7,3,-8,-10,-3,-15,3,6,-6,9],"highs":[0,0,24,-15,36,1,-36,23,-18,4,4,0,0,-8,14,-6,-4,-30,0,-6,12,-12,12,1,-2,-9,-26,4,7,19,-9,21,-28,-4,0,0,6,0,-6,2,0,-2,-3,-2,0,-1,1,0,2,40,-14,-14,-1,-6,-2,-2,0,-1,6,3,49,-9,-15,1,-20,-4,-4,-1,-2,-1,16,5,13,15,9,4,7,-17,3,-1,13,12,-3,20,-17,3,-11,-1,-4,0,9,-8,-2,10,5,3,2,0,0,0,0,0,31,0,-3,-1,-3,-15,18,13,1,-5,-9,-11,0,-13,5,0,4,4],"lows":[0,5,3,2,-4,3,1,-4,17,-3,-2,1,-1,0,-12,2,-45,6,-5,-1,5,16,18,-14,-1,-37,8,-2,15,2,-21,26,-11,-1,11,0,-2,-2,1,0,-2,-16,-1,10,7,-7,-6,13,0,1,11,1,-10,-1,0,-2,-1,0,0,-7,1,10,-7,3,1,-23,1,10,6,-1,7,6,10,16,14,-3,12,-4,-2,-1,4,-1,17,9,-14,0,2,-1,-3,-2,5,-1,-1,5,12,1,2,7,0,-2,0,2,1,16,1,-12,-4,3,-7,21,4,4,-25,9,-14,2,-1,4,0,3],"closes":[0,-1,10,-7,43,-42,6,6,0,-2,10,0,-11,3,-10,14,-41,8,-29,25,-4,-2,19,-7,-3,-39,13,4,5,7,1,15,-32,10,0,0,5,-8,1,4,-5,-17,14,1,0,-1,1,0,0,26,-12,-1,-10,0,1,-3,1,0,-2,-8,45,-32,2,-6,6,-7,-4,4,-4,2,13,6,20,17,-4,17,-10,-5,2,-1,6,17,-1,11,-23,11,-8,2,-6,5,5,-5,1,12,3,2,5,0,0,-2,1,1,31,-14,8,-4,-13,-3,19,7,5,-9,-11,-2,-17,3,8,-6,9,5],"volumes":[6.72,9.35,9.35,4.87,15.75,27.95,25.0,18.87,2.0,8.25,14.5,5.75,12.25,13.0,52.75,34.69,69.44,16.25,18.5,8.5,16.75,12.0,3.75,29.5,18.5,25.25,68.25,215.75,55.5,57.0,26.12,44.73,16.5,7.5,4.5,0.75,6.0,6.0,9.0,4.5,15.0,16.73,15.37,5.5,1.0,3.99,6.62,1.12,7.36,23.99,9.87,4.0,21.37,16.74,24.5,9.37,21.74,33.25,19.0,41.5,165.49,97.23,99.05,72.25,23.75,70.0,152.0,154.0,133.0,140.62,124.5,126.86,112.75,96.75,136.6,105.61,183.5,121.8,170.25,174.91,146.49,135.37,88.42,191.09,212.79,182.56,139.75,84.84,122.05,181.05,236.54,302.0,220.57,36.5,19.0,33.37,42.5,77.0,57.0,37.0,31.0,20.12,108.55,138.73,82.98,126.78,272.15,301.94,299.88,175.0,119.25,51.12,73.97,40.94,47.62,42.0,50.25,52.75,66.5,67.37]}