{"timestamp":1112486400000,"multiplier":1.0E-5,"open":1.29021,"high":1.2903,"low":1.28921,"close":1.2893,"shift":60000,"times":[1260,1,1,1,1,1,1,1,1,1,1,1,1,1,1,1,1,1,1,1,1,1,1,1,1,1,1,1,1,1,1,1,1,1,1,1,1,1,1,1,1,1,1,1,1,1,1,1,1,1,1,1,1,1,1,1,1,1,1,1,1,1,1,1,1,1,1,1,1,1,1,1,1,1,1,1,1,1,1,1,1,1,1,1,1,1,1,1,1,1,1,1,1,1,1,1,1,1,1,1,1,1,1,1,1,1,1,1,1,1,1,1,1,1,1,1,1,1,1,1,1,1,1,1,1,1,1,1,1,1,1,1,1,1,1,1,1,1,1,1,1,1,1,1,1,1,1,1,1,1,1,1,1,1,1,1,1,1,1,1,1,1,1,1,1,1,1,1,1,1,1,1,1,1,1,1,1,1,1,1],"opens":[0,-146,30,4,-3,4,-3,-1,-5,4,11,-15,-12,-8,31,-30,19,0,12,-31,7,9,-7,9,-6,-3,0,0,-5,10,2,-12,2,-24,19,-5,-23,5,-64,10,40,-14,3,-21,-20,-16,-26,31,8,-13,-7,27,-5,-12,-13,12,11,11,19,-2,-1,10,-14,0,-14,25,-22,-2,-41,38,-8,30,-1,9,-43,13,11,-23,-33,43,-33,28,-28,24,-16,4,4,9,-7,7,-10,33,-18,14,-24,11,5,-5,-5,-7,7,34,-29,34,-28,8,23,-9,-17,-4,-3,32,10,-19,2,28,-12,-1,0,61,9,-6,13,4,-69,59,2,-7,-25,22,-27,15,-14,31,-7,2,-3,-7,-39,5,17,4,-18,18,-7,28,-13,5,-11,18,-12,3,-11,-21,-25,-41,-22,36,24,9,1,24,-41,41,-30,25,-9,-13,7,-40,-18,36,-21,1,1,19,-18,18,-18,3],"highs":[0,-117,5,1,0,0,-9,14,4,4,-4,-5,1,-3,-8,-5,14,7,-8,-8,-5,-1,4,3,-8,2,-16,11,23,-21,15,-18,-1,-19,10,0,-25,4,-28,18,-10,3,-19,-11,-10,-14,-14,7,0,1,19,2,-4,-25,12,-6,19,11,4,6,-10,12,9,-9,3,-1,-13,-9,-1,-9,10,16,2,-2,-13,-4,12,-24,-15,26,-20,-1,10,-7,6,-1,-8,9,0,19,0,-8,-3,16,-29,14,8,-2,-7,5,11,15,8,-8,-10,0,4,-7,3,8,4,-3,13,-5,-2,19,-7,4,42,8,14,-3,14,-13,3,-3,12,-18,-8,4,1,-3,3,0,-3,2,-7,3,-39,18,5,-1,-12,15,-6,27,-10,-12,2,6,-7,9,-16,-7,-23,-44,13,14,-2,26,20,-21,7,6,-17,4,13,7,-26,-14,-3,-3,-9,9,-1,6,14,-8,-21,4],"lows":[0,-66,42,-2,-2,-7,-3,13,0,-2,10,-9,-8,-7,9,-9,15,5,-17,-6,6,-19,23,0,-12,11,-23,18,2,2,1,-13,-14,-3,0,2,-31,-18,-18,15,17,-1,-21,-8,-21,-17,-3,13,10,-14,2,26,-11,-12,-1,5,7,17,10,-11,-4,12,8,-5,-4,-4,-32,30,-43,28,8,-1,17,-10,-10,10,2,-25,-17,43,-33,-9,9,4,-1,7,-14,12,2,15,-12,12,-5,6,-14,-1,14,-1,-13,8,7,15,-10,12,-28,26,2,-5,-2,2,-4,14,8,2,-5,25,-11,8,-2,46,0,6,15,-6,-47,51,3,-3,-22,3,-8,12,-12,2,7,11,-22,-17,-11,-2,24,-4,-3,8,-3,22,0,-20,4,7,0,-1,-11,-16,-34,-32,-14,35,16,15,0,8,-21,26,-15,2,14,-14,-10,-28,-15,31,-13,-4,6,9,-9,1,-1,4],"closes":[0,-34,17,-14,9,-13,-5,10,17,-7,6,-18,8,11,-28,2,27,1,-26,13,2,-9,12,-5,0,-9,-34,21,11,0,23,-38,-18,12,-18,10,-13,-44,10,18,-6,0,-30,8,-18,-7,-10,9,-1,-6,14,6,-18,0,1,0,16,25,-16,-11,0,24,11,1,8,-40,-10,11,-4,1,19,4,-4,-21,12,-12,12,-35,0,36,-37,-10,34,-10,14,-1,-5,-10,11,14,9,-24,13,-6,-15,18,3,-16,3,10,15,-1,9,-16,-6,13,-5,4,-6,29,-3,-4,-11,10,-5,31,-7,4,37,16,-2,9,7,-22,16,3,13,-14,-13,-6,10,-4,2,-17,17,-2,-30,14,-28,13,5,0,-12,4,12,16,-2,-9,-5,4,6,-11,-11,-12,-38,-28,22,15,1,9,30,-16,13,-10,4,-18,31,8,-54,8,0,-16,9,-6,1,11,3,-29,7,-1],"volumes":[494.8,414.4,460.5,619.2,616.5,475.8,288.7,659.9,545.4,616.4,548.7,520.0,675.6,368.5,422.1,635.5,514.0,346.8,700.0,737.9,417.3,735.2,515.7,568.1,496.5,442.5,336.3,341.2,577.9,431.3,555.1,454.9,666.2,427.5,445.8,581.1,563.0,414.6,674.8,605.6,843.4,844.0,546.5,709.8,426.9,523.5,317.8,631.8,626.8,767.6,432.5,536.7,809.8,371.3,715.2,913.3,520.4,566.8,374.2,529.9,643.4,499.8,957.9,621.8,609.7,601.3,571.4,619.6,684.5,556.9,517.7,390.5,530.3,568.6,891.4,482.8,469.4,687.8,190.8,638.0,523.7,512.8,449.7,468.7,774.4,657.3,396.1,401.3,637.1,490.5,392.9,398.4,640.8,785.8,570.9,404.6,408.7,561.2,774.3,537.2,396.5,900.9,543.6,395.1,470.1,872.0,624.8,548.1,743.3,440.8,487.4,733.4,738.3,617.1,679.6,256.4,704.0,354.3,311.4,686.4,478.5,711.3,634.9,545.5,602.1,807.5,716.4,585.7,412.3,468.1,764.9,511.3,220.1,418.6,678.2,582.6,446.5,768.3,639.7,409.3,740.7,650.3,465.5,390.9,506.9,557.1,325.7,445.0,595.8,507.4,349.1,556.2,596.4,814.5,580.3,774.1,814.4,406.5,401.8,296.6,391.8,648.2,438.5,1085.9,308.7,428.3,496.2,292.3,424.9,484.5,625.3,802.1,738.7,810.1,398.5,528.5,621.3,529.8,511.2,370.5]}