{"timestamp":1113696000000,"multiplier":1.0E-5,"open":1.20036,"high":1.20079,"low":1.20036,"close":1.20079,"shift":60000,"times":[1260,1,1,1,1,1,1,1,1,1,1,1,1,1,1,1,1,1,1,1,1,1,1,1,1,1,1,1,1,1,1,1,1,1,1,1,1,1,1,1,1,1,1,1,1,1,1,1,1,1,1,1,1,1,1,1,1,1,1,1,1,1,1,1,1,1,1,1,1,1,1,1,1,1,1,1,1,1,1,1,1,1,1,1,1,1,1,1,1,1,1,1,1,1,1,1,1,1,1,1,1,1,1,1,1,1,1,1,1,1,1,1,1,1,1,1,1,1,1,1,1,1,1,1,1,1,1,1,1,1,1,1,1,1,1,1,1,1,1,1,1,1,1,1,1,1,1,1,1,1,1,1,1,1,1,1,1,1,1,1,1,1,1,1,1,1,1,1,1,1,1,1,1,1,1,1,1,1,1,1],"opens":[0,24,-17,11,11,-40,32,11,-2,-8,-15,7,0,6,12,-6,-5,10,1,-15,2,2,-17,7,-2,-6,3,3,2,-2,1,-4,12,-8,9,-6,-8,-2,4,-7,-7,18,-6,4,-1,-15,1,-8,-14,12,-6,10,-3,4,-2,-8,3,30,-44,-1,4,13,-3,-19,27,-25,-3,4,-16,-28,1,-5,9,8,-15,3,1,14,27,-21,-2,5,-2,7,-7,2,19,15,-21,37,11,15,-13,10,-12,20,-4,-7,-3,-13,12,-15,16,-11,-6,10,12,-21,-21,15,-23,9,1,-6,15,10,-23,8,-10,0,5,17,17,5,-13,-1,24,-1,-1,-11,-8,27,-12,-6,2,0,-2,-18,8,2,-12,-11,4,4,16,-8,11,6,-5,-15,6,7,-25,35,-20,22,-10,2,13,-17,-14,1,-12,28,6,-4,3,-5,-10,-6,-8,-6,-16,1,3,8,-4,-14,-3,16],"highs":[0,-19,12,-9,8,-13,7,4,2,-9,12,-7,0,-4,5,-6,9,3,-6,-11,6,2,-6,-10,6,3,11,-12,-4,0,0,-3,10,-6,1,-5,-3,11,0,-7,6,-10,17,-7,-6,-5,-2,-13,-10,2,0,16,-3,1,5,-23,18,11,-24,0,-4,0,-3,-5,13,-23,9,-10,-16,-28,6,-6,5,19,-10,3,-1,28,-1,-21,12,6,9,0,-14,-5,18,18,-11,33,16,4,9,-1,-7,-2,-5,6,-13,-4,9,-10,8,-3,-12,5,9,-17,-14,7,-16,-1,13,-10,12,5,-6,5,0,-7,14,4,18,4,-13,1,15,3,1,-5,-7,8,-10,6,-11,3,-6,3,-1,-6,-16,-10,8,7,10,8,3,-4,-5,1,-1,2,-1,15,-16,14,1,-10,10,-17,14,-8,-2,6,6,5,-5,-7,-4,-10,-16,1,-12,-1,5,-1,0,-8,5,-4],"lows":[0,6,-3,-2,17,-29,19,19,1,-8,-13,7,-10,6,-2,5,-2,11,-20,-2,12,-8,0,-15,9,5,1,4,-9,4,-2,-3,4,2,-6,-1,5,1,-1,-2,-7,4,2,-1,4,-27,10,-16,-7,6,3,8,4,-6,4,-5,-8,-6,5,-7,-5,2,7,-12,27,-21,-5,-25,-5,-42,27,-3,7,6,1,-3,7,14,-7,-10,16,4,3,2,-4,-11,17,18,-24,53,2,18,-5,4,-27,7,7,1,1,-5,-1,-6,9,3,-6,5,-2,-11,-41,29,-8,-14,9,-6,23,-12,-2,10,-4,-5,10,17,9,-6,-3,7,10,8,-11,3,-12,12,-9,-9,6,4,-16,0,10,-34,15,5,1,7,-5,13,4,-4,-17,-5,11,0,-4,3,-2,18,-4,0,5,-6,-9,-14,9,25,-2,-1,0,-8,-10,-15,-4,-5,0,-7,6,-7,8,-21,11,-18],"closes":[0,-29,9,-21,16,0,11,1,-2,-8,-6,15,-4,2,-8,-2,2,3,2,-3,-2,-15,15,-30,9,20,15,-25,4,5,-9,4,-9,10,-4,-7,4,16,-1,-11,2,-4,20,-17,-5,-1,-6,-20,6,-3,5,11,-3,-2,0,-14,22,-39,12,7,-25,23,-9,3,6,-16,0,-29,0,-16,7,-20,18,-5,5,3,2,13,0,-8,16,12,-14,23,-16,-14,29,11,-4,18,31,-1,9,-6,3,-16,-10,5,7,-11,-9,9,6,0,-10,3,0,-6,-11,-11,2,-12,7,5,12,-9,4,11,-11,4,14,2,3,-7,3,12,9,0,-6,2,1,-2,-4,-23,22,1,-7,0,-1,-42,27,-9,2,13,-5,15,11,-17,-19,-7,18,-2,5,-11,5,14,16,-8,-5,-7,21,-45,28,8,11,-19,7,-12,-6,-17,-9,3,5,-20,16,-10,6,3,2,-15],"volumes":[198.5,175.9,94.8,209.1,61.5,87.9,224.7,75.3,99.9,310.4,133.3,59.7,91.3,205.3,136.0,189.6,109.4,425.6,122.7,92.8,141.2,142.3,159.8,130.4,130.8,121.8,172.9,75.7,299.3,156.4,138.7,201.8,181.5,218.0,132.4,181.6,156.8,240.0,122.3,182.6,215.8,286.4,125.1,225.8,214.4,92.4,186.4,263.2,200.5,109.4,238.4,260.6,114.6,88.4,319.0,233.8,182.5,161.9,177.9,119.6,143.3,237.1,189.3,115.4,63.5,181.7,157.7,191.4,278.4,151.8,175.4,224.7,54.0,145.7,153.1,194.5,190.0,226.4,156.6,204.2,196.0,71.9,164.6,217.4,132.4,130.0,179.2,164.6,103.0,115.9,143.1,226.6,164.7,187.1,142.7,144.6,185.3,201.7,224.5,123.2,224.4,200.4,84.5,252.2,127.9,60.1,196.3,208.7,170.8,219.2,43.1,171.2,107.9,123.6,241.1,179.5,181.7,219.6,211.3,72.4,241.7,110.2,107.8,276.5,140.2,202.8,155.2,205.6,302.3,135.8,131.2,94.5,167.6,155.2,213.5,209.6,145.0,172.2,190.2,94.8,66.5,4.0,134.3,103.9,200.1,214.1,181.0,220.2,239.4,189.2,136.6,119.9,89.7,139.4,182.9,121.9,243.1,182.7,167.2,89.5,152.3,197.3,128.1,180.7,207.6,174.6,254.7,164.0,109.1,283.2,104.5,127.3,129.8,205.5,171.2,244.3,78.7,167.4,234.5,134.7]}