{"timestamp":1565481600000,"multiplier":1.0E-5,"open":0.6781,"high":0.67811,"low":0.6781,"close":0.67811,"shift":60000,"times":[1260,1,1,1,1,1,1,1,1,1,1,1,1,1,1,1,1,1,1,1,1,1,1,1,1,1,1,1,1,1,1,1,1,1,1,1,1,1,1,1,1,1,1,1,1,1,1,1,1,2,1,1,1,1,1,1,1,1,1,1,1,1,1,1,1,1,1,1,1,1,1,1,1,1,1,1,1,1,1,2,2,1,1,1,1,1,1,1,1,1,1,1,1,1,1,1,1,1,1,1,1,1,1,1,1,1,1,1,1,1,1,1,1,1,1,1,1,1,1,1,1,1,1,1,1,1,1,1,1,1,1,1,1,1,1,1,1,1,1,1,1,1,1,1,1,1,1,1,1,1,1,1,1,1,1,1,1,1,1,1,1,1,1,1,1,1,1,1,1,1,1,1,1,1,1,1,1],"opens":[0,1,-1,6,-1,2,0,-1,0,-1,2,-2,0,31,-4,-11,3,-3,-3,1,0,-16,3,-7,0,2,-2,3,-3,-1,4,1,-5,6,-2,0,-3,-5,0,4,2,-2,2,-1,-1,0,1,2,0,-3,4,8,3,-4,-2,0,5,-5,1,2,6,1,1,-3,2,6,-1,-1,1,-4,-4,2,1,0,-1,1,-1,0,0,-1,2,-1,1,0,8,2,6,0,-9,3,-28,-5,0,3,4,18,5,4,-11,11,2,-1,1,2,7,1,1,-1,-2,0,0,1,-2,-7,0,-3,-12,2,2,15,-6,-1,0,1,1,6,3,-4,-7,-1,-1,-3,1,1,-1,-21,13,5,-3,-7,-4,-7,-6,-1,0,-2,-3,-13,5,-1,-9,-3,13,-19,-3,6,-4,-10,6,2,-9,0,6,-4,3,2,15,-3,-2,1,-5,-14,7,1,0,-9,16],"highs":[0,1,4,1,-2,2,0,-1,0,1,0,-2,31,0,-4,-3,-5,-3,0,0,-2,-13,0,-5,-2,2,-2,3,-2,2,2,-1,1,0,-2,2,-5,0,0,2,-1,-1,2,-2,2,-3,2,1,0,-2,17,-6,5,-6,-2,2,5,-5,-1,10,0,4,1,-7,7,0,0,-1,0,-4,-3,2,0,0,0,0,-1,0,0,1,0,1,0,7,2,8,-1,-1,-6,0,-28,-4,5,1,19,8,0,0,0,2,0,-1,2,9,0,1,0,-1,1,-3,0,1,0,-9,0,-3,-12,7,13,0,-6,0,-1,1,5,3,1,-4,-1,-3,-5,-2,2,0,-1,-10,10,-1,0,-12,-3,-9,-3,-3,-1,-2,-2,-9,0,-1,-8,9,0,-19,21,-14,-8,-4,2,1,-9,8,-2,0,1,18,-4,-3,0,-1,-5,-5,2,-2,1,6,2],"lows":[0,0,0,6,-1,2,-2,1,-1,0,2,-2,0,27,-16,5,-2,1,-2,1,-17,1,1,-5,0,2,-2,3,-3,-1,2,-1,-1,6,-2,0,-7,-6,5,4,2,-2,2,-3,1,0,1,0,2,-14,15,4,0,1,0,0,-1,1,0,0,7,0,1,-1,3,2,2,0,-7,0,0,2,1,0,-1,1,-1,0,0,-1,1,0,0,1,7,3,6,-10,1,-21,-13,4,-1,4,4,18,4,-6,0,11,2,-2,1,3,7,1,-1,-1,-1,1,-1,0,-7,-1,0,-12,-3,3,1,10,-2,0,1,1,-2,9,-1,-8,1,-3,-10,6,3,0,-26,3,15,2,-7,-4,-10,-6,2,-2,-4,2,-9,-10,8,-8,-2,-5,-4,-7,6,1,-13,-2,10,-8,-1,3,3,-2,5,2,10,1,-1,-5,-13,0,0,2,-2,-1,9],"closes":[0,-1,6,1,-2,2,-2,1,-1,2,0,-2,31,-4,-13,8,-8,1,-1,2,-19,4,-2,-3,-2,2,-2,3,-2,2,-2,-1,5,0,-2,2,-9,-6,8,4,-1,-1,2,-4,4,-3,2,-1,2,-2,11,-4,3,-2,0,2,-3,2,0,9,-1,1,-2,1,6,1,-1,0,-5,-2,0,2,0,0,0,0,-1,0,0,1,-1,0,1,8,2,7,-1,-7,-1,-22,-8,-1,5,2,19,7,1,-10,10,2,0,-1,1,9,1,1,-1,-2,1,-1,-1,0,-7,-1,0,-12,-2,4,15,-6,1,-1,0,1,5,3,-3,-8,1,-1,-5,2,2,-1,-22,12,3,0,-7,-4,-6,-8,1,0,-5,0,-9,0,-1,-9,1,9,-19,-2,4,-2,-11,5,3,-12,1,8,-4,3,1,17,-4,0,-2,-4,-13,6,1,0,-8,16,-8],"volumes":[1.5,3.75,3.75,1.5,2.25,6.75,3.0,2.5,2.0,1.75,1.5,1.0,11.75,6.0,16.11,11.0,2.0,2.0,4.0,3.0,7.0,4.0,3.0,2.0,1.0,1.0,1.0,1.0,3.0,3.0,31.0,4.0,5.0,5.0,2.0,3.12,7.0,10.87,15.36,2.0,1.0,2.0,2.0,2.0,2.0,1.0,2.0,2.0,1.0,14.75,14.37,13.62,35.98,10.0,9.87,17.25,10.73,12.5,2.44,37.0,13.06,31.11,60.81,31.41,18.01,64.28,4.0,11.0,12.07,14.87,8.89,3.25,13.98,3.74,24.12,1.0,21.0,18.0,7.0,17.69,23.51,70.63,23.13,11.15,12.52,15.44,12.57,41.62,21.5,42.52,55.92,39.94,22.99,12.12,28.0,8.0,22.39,16.5,18.5,12.0,3.0,11.5,24.0,8.0,6.0,7.0,10.0,8.5,12.25,3.0,5.0,3.12,12.23,8.25,10.0,31.85,11.7,48.35,63.31,19.0,8.99,16.05,7.86,4.0,36.3,5.0,20.49,24.96,29.88,35.96,33.24,18.18,10.22,12.97,50.12,49.33,48.82,46.05,64.28,35.85,72.15,103.38,32.72,20.31,16.35,11.35,115.14,51.35,20.5,56.34,9.75,36.25,42.25,57.11,65.75,55.37,88.79,82.52,16.61,56.69,39.27,27.93,11.36,19.12,59.17,100.1,43.85,16.87,16.99,29.99,25.42,51.4,75.27,51.92,48.11,56.23,63.24]}