{"timestamp":1565481600000,"multiplier":0.001,"open":6561.47,"high":6562.47,"low":6560.97,"close":6561.469,"shift":60000,"times":[1431,1,1,1,1,1,1,1,1],"opens":[0,0,-1,-2499,500,-1400,2400,1999,2001],"highs":[0,2000,-3000,-1000,1000,0,1000,2000,1000],"lows":[0,-501,-2500,-1800,701,1200,2399,2000,-1300],"closes":[0,1,-3001,2001,-1001,1000,2001,1999,501],"volumes":[4.2E-4,0.00234,0.00192,0.00228,0.00276,0.0021,0.00258,0.00144,0.00342]}