{"timestamp":1565481600000,"multiplier":0.001,"open":1497.515,"high":1497.575,"low":1496.185,"close":1496.725,"shift":60000,"times":[1320,1,1,1,1,1,1,1,1,1,1,1,1,1,1,1,1,1,1,1,1,1,1,1,1,1,1,1,1,1,1,1,1,1,1,1,1,1,1,1,1,1,1,1,1,1,1,1,1,1,1,1,1,1,1,1,1,1,1,1,1,1,1,1,1,1,1,1,1,1,1,1,1,1,1,1,1,1,1,1,1,1,1,1,1,1,1,1,1,1,1,1,1,1,1,1,1,1,1,1,1,1,1,1,1,1,1,1,1,1,1,1,1,1,1,1,1,1,1,1],"opens":[0,-967,377,-390,-450,63,-300,-343,-505,505,823,377,0,23,-160,-120,320,417,-70,-90,173,377,230,-107,150,50,-173,-80,-10,-227,-100,-293,283,67,-230,20,90,-147,197,-17,-280,-293,0,-300,-250,20,-10,683,-100,170,-33,-317,-110,0,-173,13,117,353,-190,-330,100,100,37,-17,-40,-50,-120,147,313,257,443,-30,-140,70,0,0,-320,60,127,63,-30,160,410,27,-210,-40,110,163,280,-200,67,693,200,210,20,-133,33,-260,-323,413,-300,200,40,630,-120,340,1437,-1207,-253,70,-117,447,-407,1207,383,-183,100,183,-143,273],"highs":[0,-477,-53,-490,-457,50,-273,-327,277,380,510,240,-97,-130,-20,140,317,70,63,-123,423,200,87,-37,0,100,-193,-110,-10,-200,-127,-13,103,100,-343,130,-40,83,187,-157,-340,-243,-70,-300,-40,-190,750,-77,50,20,-33,-317,-110,10,-143,103,340,0,-190,-150,-50,200,-30,-20,0,-80,-60,470,210,380,170,-170,-10,-30,-40,-50,-240,107,3,110,80,397,83,-40,-213,80,90,343,67,-10,503,210,247,233,-260,-30,7,-307,70,70,-133,-7,790,-90,320,1320,-50,-1210,-160,-13,613,-43,550,400,193,-293,230,-10,120,-10],"lows":[0,343,70,-700,0,-100,-263,-535,0,498,810,347,30,-167,-20,-73,343,357,-90,-40,180,390,83,0,150,0,-173,0,-117,-203,-360,70,250,-240,70,13,-10,0,197,-297,-303,3,-323,-360,80,-97,100,570,17,120,-220,-170,-40,-190,30,0,193,187,-487,70,90,120,60,-120,40,-100,-80,217,283,270,430,-280,70,100,10,-323,-17,20,20,210,0,180,340,-113,-157,47,180,163,-13,90,10,753,190,210,-193,40,-217,-410,110,97,33,170,-20,610,-10,250,350,-500,30,137,-47,90,0,830,560,-423,500,-50,-150,-180],"closes":[0,190,-217,-433,-167,-253,-290,-540,583,577,540,-30,33,-190,40,220,377,-20,-110,140,423,200,-150,200,0,-50,-123,-50,-117,-160,-303,230,123,-273,10,150,-187,230,0,-330,-293,0,-290,-260,43,-33,720,-127,140,-13,-300,-127,-10,-163,10,133,340,-173,-327,120,-10,130,-20,-110,70,-180,120,290,310,400,0,-130,60,10,-10,-300,-40,207,3,60,130,397,43,-213,-20,100,90,330,-170,70,673,200,217,13,-140,70,-330,-283,413,-300,210,30,620,-100,310,1460,-1103,-360,70,-80,403,-400,1207,383,-183,80,180,-120,300,-740],"volumes":[0.040435,0.024125,0.010085,0.01951,0.012395,0.00994,0.00937,0.01136,0.01031,0.00681,0.00762,0.00632,0.0051,0.00485,0.006,0.00438,0.00442,0.00358,0.00395,0.00344,0.00656,0.00616,0.01227,0.00918,0.00444,0.00639,0.00379,6.0E-4,0.00197,0.0068,0.0073,0.00633,0.00432,0.00717,0.0018,0.0025,0.0055,0.00297,0.00832,0.01116,0.01236,0.00278,0.01029,0.01021,0.00853,0.00635,0.00739,0.01944,0.01028,0.01005,0.01319,0.0145,0.009,0.01181,0.01104,0.01096,0.01703,0.01298,0.01102,0.00762,0.00312,0.00744,0.00552,0.00622,0.00816,0.00643,0.00872,0.01026,0.00925,0.01664,0.02132,0.01491,0.01611,0.00897,0.00675,0.0109,0.00918,0.00489,0.01382,0.00797,0.00539,0.01658,0.01093,0.0174,0.00694,0.0055,0.00422,0.01237,0.02027,0.01838,0.02671,0.02661,0.01899,0.01806,0.03019,0.02324,0.02588,0.02928,0.01817,0.01738,0.01487,0.00583,0.03159,0.01306,0.01989,0.04149,0.03873,0.03308,0.01891,0.0095,0.0236,0.03773,0.02431,0.03664,0.04156,0.01797,0.01193,0.0121,0.02,0.01722]}