{"timestamp":1331424000000,"multiplier":1.0E-5,"open":1.05568,"high":1.05568,"low":1.05554,"close":1.05555,"shift":60000,"times":[1260,1,1,1,1,1,1,1,1,1,1,1,1,1,1,1,1,1,1,1,1,1,1,1,1,1,1,1,1,1,1,1,1,1,1,1,1,1,1,1,1,1,1,1,1,1,1,1,1,1,1,1,1,1,1,1,1,1,1,1,1,1,1,1,1,1,1,1,1,1,1,1,1,1,1,1,1,1,1,1,1,1,1,1,1,1,1,1,1,1,1,1,1,1,1,1,1,1,1,1,1,1,1,1,1,1,1,1,1,1,1,1,1,1,1,1,1,1,1,1,1,1,1,1,1,1,1,1,1,1,1,1,1,1,1,1,1,1,1,1,1,1,1,1,1,1,1,1,1,1,1,1,1,1,1,1,1,1,1,1,1,1,1,1,1,1,1,1,1,1,1,1,1,1,1,1,1,1,1,1],"opens":[0,-13,-5,4,3,-3,-11,9,-9,4,20,-15,14,-3,3,-8,-5,10,-5,0,-2,0,1,6,0,1,2,-6,18,-12,0,0,10,6,-1,-12,0,0,14,19,-2,-16,11,2,5,17,-11,16,-25,10,14,-2,5,2,-32,8,0,1,32,3,9,41,9,27,-4,-6,-1,31,-13,-8,-1,-4,-4,3,0,15,3,4,3,-6,-10,-6,-7,0,-4,10,-1,-11,-1,-9,4,-6,-1,-18,2,9,2,-4,-4,0,-1,-2,-15,7,3,-2,3,1,0,-5,-2,1,-2,1,2,3,0,-2,7,8,3,-9,-3,-5,0,0,-6,4,13,13,4,-14,-6,0,0,3,8,-1,3,3,-1,2,2,-2,-3,0,3,-1,-3,5,3,0,-9,7,-29,-7,-17,9,11,9,6,10,-21,1,-9,2,12,-15,8,-25,-13,-6,4,-8,5,23,14,-24,-11,-23],"highs":[0,-5,-7,22,-11,-13,-11,21,-14,17,0,2,-3,2,-2,8,-9,-2,-5,12,-14,1,6,0,10,-7,0,-2,14,-7,-4,16,-1,30,-31,-12,28,-28,26,15,-10,-16,27,-14,35,-13,-11,16,1,-10,14,-2,-1,5,-22,5,-9,37,-2,10,42,18,9,7,-2,-8,25,10,-18,-7,0,-2,0,0,23,-7,5,0,1,-8,-10,-6,-7,1,5,0,-1,-10,-1,-6,0,-3,-4,-16,10,1,0,1,-8,0,-2,-2,-7,2,0,0,5,-2,-1,-4,-1,-1,9,-7,5,-1,-2,12,-4,11,-1,-5,-4,-10,5,-5,-3,14,12,8,-1,-16,-6,0,7,16,-10,4,2,1,-3,1,2,1,-5,4,-2,4,0,2,5,5,-11,-3,-24,-11,-15,22,3,5,15,0,-24,5,-1,11,-10,-7,0,-16,-18,-1,-1,1,15,20,-6,-20,-8,-21],"lows":[0,-9,5,-1,8,-3,-11,9,-9,3,18,-12,13,-17,8,2,-5,10,-5,-8,6,-8,9,3,1,3,-4,-1,3,3,1,-1,11,-1,6,-12,0,0,14,6,1,-8,13,2,5,8,-2,9,-18,-4,24,2,5,-30,0,8,0,1,25,10,9,41,9,14,1,-2,1,19,-8,-7,1,-2,-1,2,2,15,3,0,-2,-10,-3,-6,-1,-4,-2,11,-10,-6,-5,-2,0,-1,-29,10,3,1,7,-8,3,0,-2,-22,4,9,3,-3,0,5,-7,0,-2,1,0,-9,9,6,-3,-1,9,3,-2,-2,-5,-10,8,-11,7,3,14,13,-12,-3,-2,1,-2,3,-2,11,3,-2,0,1,4,-4,-2,-4,5,-3,5,0,5,-5,-1,-24,-11,-17,5,10,11,6,3,-10,-3,-4,-1,3,-3,4,-18,-12,-8,0,-7,5,5,23,-10,-11,-30,-6],"closes":[0,-1,0,7,6,-13,-11,21,-14,17,0,2,-4,2,-11,4,3,0,-5,-4,2,1,6,-3,6,0,-6,4,1,6,-4,6,9,1,-2,-12,11,-11,26,15,-20,-8,29,-14,22,-9,-2,9,-12,10,6,6,-1,-30,13,-5,1,33,2,9,37,13,20,3,-8,1,25,-7,-9,0,-4,-2,-2,1,20,2,-1,7,-10,-5,-8,-6,-1,-4,10,-1,-9,-3,-8,-1,-2,0,-19,0,11,2,-3,-4,0,0,-3,-16,8,1,1,-2,4,1,-6,-2,2,-3,1,2,3,2,-5,8,2,11,-10,-4,-5,0,1,-11,7,14,12,6,-15,-5,-1,0,5,5,1,2,3,-1,2,1,-2,0,-2,-1,4,-3,0,7,1,-5,-2,-25,-8,-16,4,16,9,3,13,-26,4,-7,2,12,-18,11,-22,-16,-7,5,-7,4,23,14,-24,-11,-23,-4],"volumes":[4.5,34.78,10.88,18.0,9.0,1.5,1.5,3.0,3.0,9.0,4.5,6.0,3.0,8.26,3.0,45.01,11.33,1.88,8.22,48.64,1.5,5.26,18.01,11.63,15.57,3.75,5.26,6.27,9.31,5.27,3.39,46.01,8.25,41.83,1.5,8.25,15.0,5.25,3.63,9.01,9.76,3.0,8.13,1.13,53.94,3.3,2.63,12.623137,17.82,23.82,25.55,22.73,1.13,51.77,18.29,14.63,3.01,85.41,35.08,14.46,54.27,28.6,23.52,35.29,17.89,23.25,51.58,39.02,21.53,24.07,13.99,41.25,13.91,8.97,37.87,10.15,14.87,21.18,20.11,26.25,4.28,7.2,11.25,38.26,33.05,5.4,38.3,24.92,41.31,39.48,17.3,28.91,72.2,35.68,12.79,25.5,4.5,29.25,19.5,6.75,11.25,44.45,30.0,24.75,36.0,16.5,29.25,4.5,26.78,18.79,12.01,11.11,38.55,56.07,34.77,4.69,20.34,77.74,13.03,61.91,50.44,21.77,55.83,41.36,17.79,40.95,6.9,48.68,32.75,21.3,67.29,26.31,11.25,5.4,30.61,110.3,60.77,40.5,13.5,47.46,35.25,23.66,11.44,41.12,39.04,88.36,46.51,99.99,76.2,65.51,70.93,66.84,52.78,64.59,101.93,133.57,28.32,36.83,22.65,46.5,83.31,113.46,32.63,92.16,110.0,71.96,94.27,48.55,61.15,83.19,98.66,69.29,114.71,73.11,97.79,88.34,49.74,77.36,104.62,190.36]}