{"timestamp":1208044800000,"multiplier":1.0E-5,"open":0.95076,"high":0.95099,"low":0.95076,"close":0.95099,"shift":60000,"times":[1260,2,1,1,1,1,1,1,1,1,1,1,1,1,1,1,1,1,1,1,1,1,1,1,1,1,1,1,1,1,1,1,1,1,1,1,3,1,1,1,1,1,1,1,1,1,1,1,1,1,1,1,1,1,1,1,1,1,1,1,1,1,1,1,1,1,1,1,1,1,1,1,1,1,1,1,1,1,1,1,1,1,1,1,1,1,1,1,1,1,1,1,1,1,1,1,1,1,1,1,1,1,1,1,1,1,1,1,1,1,1,1,1,1,1,1,1,1,1,1,1,1,1,1,1,1,1,1,1,1,1,1,1,1,1,1,1,1,1,1,1,1,1,1,1,1,1,1,1,1,1,1,1,1,1,1,1,1,1,1,1,1,1,1,1,1,1,1,1,1,1,1,1,1,1,1,1],"opens":[0,29,-21,20,12,-191,91,15,6,13,-13,-44,5,2,-7,69,-1,-35,13,19,-25,-1,-6,17,2,-20,15,17,5,-7,8,-10,-8,-11,-9,-5,-26,-10,3,-8,9,-9,-35,26,-1,-20,21,-27,0,12,9,15,11,-1,-8,8,1,9,-2,-15,4,-23,-51,-15,-7,5,-15,-15,-31,9,3,40,-21,13,-5,-37,36,21,4,13,17,-29,20,13,13,21,27,-3,6,-24,-57,30,15,-42,20,-30,-6,-6,-32,0,-9,-3,-21,-48,-18,-16,-19,18,4,13,-15,6,-4,-1,6,28,-7,-6,-15,-22,-6,-28,-33,-43,28,20,10,-11,-32,2,12,22,16,26,29,13,-8,-14,-37,16,7,-12,-33,7,-8,-9,21,17,-4,-3,-29,29,13,-9,5,22,28,21,-3,-3,-12,-40,-1,11,-9,-9,-26,-8,21,8,1,41,-8,-40,-18,-4,2],"highs":[0,11,-26,31,8,-152,67,-4,23,-6,-14,-44,27,-18,46,37,-24,2,-17,30,-43,-1,2,18,-7,-8,39,-16,3,3,-3,-7,-9,-13,-8,-6,-26,-5,5,-12,14,-17,-1,0,-9,0,2,-28,20,12,2,10,9,-6,-9,13,3,7,-7,-11,0,-23,-51,-15,4,-6,-6,-24,-25,3,41,2,-9,1,-5,-3,15,24,4,-1,15,-6,1,24,12,29,5,9,-6,-24,-31,18,1,-26,8,-34,-6,-6,-29,-1,-7,-7,-21,-48,-18,-16,18,-19,22,-5,-9,0,1,-3,23,8,-7,-4,-17,-22,-6,-28,-29,-28,23,15,1,-11,-32,12,23,17,8,44,14,6,-11,-15,-15,-2,3,-12,-25,-1,10,-11,18,10,-7,-6,-9,21,16,-24,39,5,24,9,-4,3,-18,-29,6,-4,-10,-11,-24,11,7,4,29,10,-8,-40,-18,9,-11],"lows":[0,15,-7,20,-89,-129,130,14,7,7,-46,-19,19,-6,1,69,-25,-11,-3,32,-22,-8,1,17,-21,3,15,14,2,-3,10,-15,-8,-29,11,-19,-9,-11,-3,-8,16,-37,-7,22,-9,-8,3,-12,3,12,7,17,10,-8,0,5,4,9,-17,0,-8,-47,-27,-8,-5,-2,-16,-29,-28,26,8,23,-5,9,-26,-11,34,23,4,13,-10,-2,17,16,13,21,13,11,-14,-46,-15,30,-28,1,-1,-30,10,-25,-11,-5,-3,-10,-49,-28,-13,-22,-1,1,21,-4,-8,14,-18,9,12,17,-1,-5,-24,-25,-31,-14,-41,-8,28,20,-5,-18,-21,13,9,25,9,33,29,9,-12,-29,-15,17,1,-42,3,-14,12,-8,21,15,-12,-16,-6,29,13,-9,5,22,28,15,3,-3,-47,-7,0,9,-7,-33,-10,1,17,12,1,32,-34,-21,-16,10,-15],"closes":[0,-8,-7,31,-100,-44,62,1,23,-13,-46,-11,11,-6,56,26,-37,12,-3,9,-22,-8,9,15,-27,11,30,-7,0,10,-3,-13,-10,-18,2,-21,-9,-5,-9,2,8,-39,12,13,-19,10,-15,-12,23,1,13,10,3,-3,-6,13,3,2,-17,4,-12,-47,-27,-8,9,-16,-16,-29,0,0,44,-15,8,-4,-26,23,15,20,3,4,-12,21,1,24,12,29,-5,13,-20,-46,11,17,-41,17,-17,-23,5,-27,-9,-7,-2,-10,-50,-28,-13,-22,21,-10,28,-20,6,-2,3,-7,27,4,-4,-9,-24,-17,-31,-22,-41,11,23,15,-7,-25,-13,15,23,17,8,44,14,-1,-13,-29,-3,9,-3,-42,11,-20,10,8,18,3,-8,-21,14,21,1,-9,28,16,24,5,0,-3,-47,-7,19,-10,-7,-33,-10,22,7,4,29,4,-37,-21,-16,23,-26],"volumes":[0.337605,1.831809,1.934873,0.423901,8.650802,0.834855,6.843216,4.340862,0.583808,5.449293,6.129696,2.755247,10.780555,2.693978,6.235277,0.231119,1.516706,3.690094,5.565292,8.890193,0.163046,9.10829,8.754609,7.71546,4.024536,7.129555,4.717135,5.088842,3.033987,6.191914,0.037113,6.881297,4.440364,6.663702,6.982813,5.923732,0.034674,5.242705,2.486686,0.765861,6.968746,6.015542,1.010223,8.018408,6.057956,1.054111,1.367642,0.151818,1.058878,4.542938,1.19274,0.279083,8.196093,4.697652,0.047448,2.913373,2.451412,1.466191,0.418615,0.109767,1.860686,6.935853,4.965161,0.228436,3.864016,0.60008,3.281763,0.46982,6.331904,2.286311,6.494771,2.865033,4.177648,0.491991,0.850476,6.068636,0.698219,3.783049,2.256448,3.577352,0.813285,1.669318,0.548043,0.145789,5.225517,3.205014,2.09363,4.638891,0.685849,12.3192,0.44014,3.849097,3.327217,5.158691,2.628955,1.746854,1.014215,5.435276,4.38445,0.861596,5.805255,8.205531,3.73106,1.250141,1.266696,0.473391,5.565331,9.633688,5.136216,3.360891,4.640736,0.724738,2.279591,3.262708,2.158608,10.017422,4.055271,4.023536,6.820898,1.660782,1.354754,1.059079,5.46343,0.367475,7.609096,1.934747,3.094986,1.533775,0.928979,0.715078,2.845175,5.304797,10.789816,5.604749,5.113101,2.173454,4.884298,0.674826,5.179934,0.156483,3.423528,2.886766,0.112139,0.610898,3.655877,6.328833,2.312424,4.917305,3.34095,4.172788,2.268751,2.351185,9.32221,0.274986,7.058346,2.983322,4.991977,3.060549,0.055496,4.213682,4.907162,2.214426,7.840447,3.065545,6.819265,5.761265,5.009747,7.075571,1.25434,0.440211,11.757376,5.504585,7.421286,10.463992,2.835597,0.446739,4.820598]}