{"timestamp":1208476800000,"multiplier":1.0E-5,"open":0.93726,"high":0.93728,"low":0.93726,"close":0.93728,"shift":60000,"times":[0,1,1,1,1,1,1,1,1,1,1,1,1,1,1,1,1,1,2,1,1,1,1,1,1,1,1,1,2,4,1,1,1,1,1,1,1,1,1,1,1,1,2,1,1,1,1,1,1,1,2,1,1,1,1,1,1,1,1,1,1,1,1,1,2,1,1,1,1,1,1,1,1,1,1,1,1,1,1,1,3,1,1,1,1,1,3,1,1,1,1,1,1,1,1,1,1,1,1,1,1,1,1,1,1,1,2,1,1,1,1,1,1,1,1,1,1,1,1,1,1,1,1,1,1,1,1,1,1,1,1,1,1,1,1,1,1,1,1,1,1,1,1,1,1,1,1,1,1,1,1,1,1,1,1,1,1,1,1,1,1,1,1,1,1,1,1,1,1,1,1,1,1,1,1,1,2,1,1,1,1,1,1,1,1,1,1,1,1,1,1,2,1,1,1,1,1,1,1,1,1,1,1,1,1,1,1,1,1,1,1,1,1,1,1,1,1,1,1,1,1,1,1,1,1,1,1,1,1,1,1,1,1,1,1,1,1,1,1,1,1,1,1,1,1,1,1,1,1,1,1,1,1,1,1,1,1,1,1,1,1,1,1,1,1,1,1,1,1,1,1,1,1,1,1,1,1,1,1,1,1,1,1,1,1,1,1,1,1,1,1,1,1,1,1,1,1,1,1,1,1,1,1,1,1,1,1,1,1,1,1,1,1,1,1,1,1,1,1,1,1,1,1,1,1,1,1,1,1,1,1,1,1,1,1,1,1,1,1,1,1,1,1,1,1,1,1,1,1,1,1,1,1,1,1,1,1,1,1,1,1,1,1,1,1,1,2,1,1,1,1,1,1,1,1,1,1,1,1,1,1,1,1,1,1,1,1,1,1,1,1,1,1,1,1,1,1,1,1,1,1,1,1,1,1,1,1,1,1,1,1,1,1,1,1,1,1,1,1,1,1,1,2,1,1,1,1,1,1,1,1,1,1,1,1,1,1,1,1,1,1,1,1,1,1,1,1,1,1,1,1,1,1,1,1,1,1,1,1,1,1,1,1,1,1,1,1,1,1,1,1,1,1,1,1,1,1,1,1,1,1,1,1,1,1,1,1,1,1,1,1,1,1,1,1,1,1,1,1,1,1,1,1,1,1,1,1,1,1,1,1,1,1,1,1,1,1,1,1,1,1,1,1,1,1,1,1,1,1,1,1,1,1,1,1,1,1,1,1,1,1,1,1,1,1,1,1,1,1,1,1,1,1,1,1,1,1,1,1,1,1,1,1,1,1,1,1,1,1,1,1,1,1,1,1,1,1,1,1,1,1,1,1,1,1,1,1,1,1,1,1,1,1,1,1,1,1,1,1,1,1,1,1,1,1,1,1,1,1,1,1,1,1,1,1,1,1,1,1,1,1,1,1,1,1,1,1,1,1,1,1,1,1,1,1,1,1,1,1,1,1,1,1,1,1,1,1,1,1,1,1,1,1,1,1,1,1,1,1,1,1,1,1,1,1,1,1,1,1,1,1,1,1,1,1,1,1,1,1,1,1,1,1,1,1,1,1,1,1,1,1,1,1,1,1,1,1,1,1,1,1,1,1,1,1,1,1,1,1,1,1,1,1,1,1,1,1,1,1,1,1,1,1,1,1,1,1,1,1,1,1,1,1,1,1,1,1,1,1,1,1,1,1,1,1,1,1,1,2,1,2,1,1,2,1,1,1,1,1,1,1,1,1,1,1,1,1,1,1,1,1,1,1,1,1,1,1,1,1,1,1,1,1,1,1,1,1,1,1,1,1,1,1,1,1,1,1,1,1,1,1,1,1,1,1,1,1,1,1,2,1,1,1,1,1,1,1,1,1,1,1,1,1,1,1,1,1,1,1,1,2,1,1,1,1,1,1,1,1,1,1,1,1,1,1,1,1,1,1,1,1,1,1,1,1,1,1,1,1,1,1,1,1,1,1,1,1,1,1,1,1,1,1,1,1,1,1,1,1,1,1,1,1,1,1,1,1,2,1,1,1,1,1,1,1,2,1,1,1,1,1,1,1,1,1,1,1,1,1,1,1,1,1,1,1,1,1,1,1,1,1,1,1,1,1,1,1,1,1,1,1,1,1,1,1,1],"opens":[0,1,-1,5,0,-3,-2,-9,-10,-10,1,-7,13,-3,-3,14,-5,9,0,-9,-9,-11,-17,-2,-8,17,0,-10,20,0,-10,-15,15,-13,3,10,-10,20,0,-10,-11,1,11,4,5,-9,15,19,-2,-6,5,12,0,16,-1,2,4,1,5,5,18,6,1,0,5,0,0,0,14,-6,7,-5,-5,20,4,-20,-10,0,-10,-14,44,1,-6,0,15,-4,5,-3,-2,2,17,0,1,9,-8,-4,-4,6,10,-10,9,-12,-5,10,3,11,-6,1,0,29,-3,-14,-1,8,-6,16,0,-7,19,0,-42,10,-3,13,1,5,15,3,6,-18,23,-5,-5,7,23,2,0,-22,-38,11,28,-11,16,-4,-37,-1,1,40,-18,-2,0,-1,-19,-24,16,-15,-7,8,2,-10,-40,4,6,21,14,-5,-13,-20,-5,8,1,19,-3,4,1,18,5,-20,5,10,-4,0,-6,10,-20,20,-18,9,9,8,-34,1,-21,30,-28,-26,30,0,-8,5,3,-3,3,20,22,-2,-13,-12,5,-10,-13,6,1,18,18,59,17,-14,-7,1,2,-12,6,-33,-17,10,34,-4,-16,35,-19,25,4,-21,-31,31,-28,-37,0,15,-36,-8,-34,15,15,30,-9,4,-12,-5,37,25,14,-4,-39,-3,-7,0,-13,-7,3,-5,14,-3,10,0,39,9,-8,-1,0,9,0,-2,12,-9,-1,15,25,20,1,-49,1,14,3,4,-3,2,2,-16,-17,-5,3,0,-15,-61,2,12,-70,42,10,-16,-39,-22,41,9,27,45,9,-24,3,-35,52,-28,-8,4,22,0,20,-7,-7,4,-7,7,25,-10,-11,6,-6,-21,-23,-31,-9,-30,9,-7,-4,-2,-30,-10,17,24,11,-35,9,8,0,-7,-19,-19,11,6,-11,9,-40,-27,29,-12,0,15,-2,67,-44,-14,15,-22,-2,10,-27,24,-10,40,-91,26,5,5,-2,-32,-21,-15,3,39,18,-5,6,46,-17,23,-8,-4,-37,21,20,4,-2,-24,57,17,-44,2,-45,-13,1,10,-15,27,5,30,-18,-7,-20,22,13,10,-3,11,40,2,10,22,-9,-10,0,-13,5,15,-10,13,25,-23,25,-46,16,-8,38,10,0,-28,15,-2,14,-4,-9,-26,55,-5,-32,-53,7,8,-8,-5,-38,3,-24,-11,-16,9,-24,-60,50,-32,-99,-62,-78,-7,-27,30,75,-65,4,20,75,50,3,-42,-15,5,15,-16,-19,10,-20,-40,-38,-33,7,20,-4,-31,-57,30,15,18,-9,-3,42,-58,40,0,0,-76,12,-35,-34,-20,-39,22,-39,-1,25,11,17,29,58,-38,8,15,7,-9,7,-10,-5,15,-11,1,-42,29,6,7,-37,22,0,-6,-19,0,10,-30,36,-9,28,17,20,-39,-29,6,-30,0,25,25,18,-14,15,-24,2,-17,25,-5,10,20,-15,13,5,-29,4,1,26,-28,-12,61,-32,6,65,0,-22,-40,6,-7,0,11,-3,-10,-25,-55,-40,1,-19,-17,-45,-20,0,-75,-3,-48,11,55,32,24,-13,2,28,-13,9,-59,-20,2,-17,-15,-6,-14,-100,-20,40,5,35,-7,-8,-25,-3,-34,-54,0,51,5,63,5,-20,77,-1,21,-9,21,-17,-75,-17,-25,-22,-23,-22,-5,64,-20,18,-58,20,10,-41,32,12,29,-32,-10,30,-24,9,39,50,17,-10,-34,-36,-17,-4,10,0,-39,27,-8,-27,27,-15,-15,11,-8,21,8,-59,67,-39,15,18,-14,-5,-15,32,10,11,22,-7,-13,9,8,35,-12,31,-11,6,9,-2,-5,22,50,-50,43,5,-4,-19,10,4,8,-30,-7,28,62,-3,-18,-1,-11,36,15,-32,-2,-1,52,10,-12,-49,-20,3,3,3,-4,3,-1,-6,7,-4,2,2,-21,4,-3,-7,-2,-7,14,-5,-1,-6,-28,40,0,30,-10,-15,-7,-13,2,-4,5,-5,-43,-14,0,2,-2,10,5,24,-27,-1,4,-5,1,0,-1,-3,7,8,10,8,9,-25,0,3,-2,-9,2,-1,31,-6,-1,37,-6,-3,-1,36,-7,0,12,17,48,-4,4,13,-8,-5,20,-10,10,97,13,-12,-33,2,-12,5,-7,2,1,-2,9,0,-3,-45,18,22,5,14,-20,1,0,16,-20,14,5,50,30,12,79,-6,-7,6,1,8,-1,-17,2,20,-20,0,-2,-1,-1,20,-18,-11,-1,-16,51,13,-11,-5,30,-25,18,2,-7,-5,12,-8,5,-2,30,5,51,-6,-39,-2,-9,-4,3,-17,-18,-19,17,-17,20,16,4,3,-3,9,-42,-12,-2,16,6,7,-4,-8,18,-22,1,-15,9,0,-1,10,3,-2,-1,1,0,19,5,2,3,5,10,24,-4,8,12,21,-6,-55,-15,10,50,13,2,3,30,-25,4],"highs":[0,0,3,0,0,0,-5,-9,-10,0,-9,5,1,-1,0,10,4,4,-5,-3,-6,-20,0,-17,7,0,0,10,0,0,-10,-10,10,0,-10,20,-10,10,0,-10,0,0,2,3,5,0,24,7,-7,-3,9,7,13,23,-17,4,0,0,10,10,4,8,8,0,0,0,0,11,-1,-4,15,-15,24,0,-5,-20,-5,0,-10,20,5,1,-1,15,0,0,-3,2,-2,8,5,1,8,3,-7,-7,-2,4,10,0,0,-10,0,10,10,0,0,-9,19,10,0,-10,10,-10,11,-1,0,10,10,-8,-22,-9,19,-9,5,24,6,4,-10,20,-10,-10,0,35,-5,0,0,-25,-25,25,25,-18,8,-13,-27,-5,45,-10,0,-17,1,-5,-19,0,-8,-12,0,-2,12,-10,-43,18,5,15,5,10,-33,-20,-5,28,2,8,0,1,19,0,20,-40,20,-10,0,-4,5,-1,5,-5,20,-29,19,0,-30,-5,23,0,-40,4,8,-10,0,0,10,0,10,30,17,-27,-5,-18,3,-10,-9,3,16,12,75,13,-4,14,-30,0,5,3,-13,-35,10,20,-4,4,15,1,4,10,-9,-21,-14,14,-20,-40,3,7,-35,-4,-26,25,20,2,-2,-3,-11,34,20,30,-14,-4,-32,-7,-7,-1,-15,0,-4,4,15,3,-6,38,10,10,-7,-3,1,9,0,-10,10,-9,14,35,30,-15,-4,-41,14,6,0,-4,-2,6,-5,-15,0,-18,-2,0,-10,-34,-16,0,-29,9,0,-10,-37,27,5,20,55,4,6,-10,-20,0,13,-28,-5,30,-9,-1,20,0,0,-9,-6,45,-12,-8,-5,15,-26,-14,-30,-26,-7,-23,-4,10,-10,-10,-30,0,50,-10,-2,-18,10,-9,-1,0,-25,-15,22,-8,6,-9,-40,9,-8,3,-5,10,100,-40,-40,-10,35,-50,13,-3,-5,30,20,-20,-50,20,20,-30,10,-40,-40,0,48,-13,11,9,60,18,-28,-5,-2,-3,5,-10,15,-5,10,27,9,-1,-28,-15,-42,-18,18,-7,17,2,33,-5,-10,-10,-5,5,30,-8,10,43,-3,5,53,-20,-10,-15,5,-20,35,-5,-10,30,-2,2,0,-30,10,10,20,0,0,3,7,0,0,-10,0,30,0,-20,-20,-27,-13,-10,0,-13,-27,-7,7,-43,3,-10,-20,10,-20,-36,-99,-28,-92,-10,-5,90,-10,-60,10,60,50,40,-27,-42,-11,20,10,-20,-20,20,-39,-40,-21,-10,-5,5,-10,0,-70,30,10,10,-10,31,9,-10,-17,7,-10,-55,-9,4,-48,-45,-7,10,-10,-20,40,2,8,54,6,-10,0,20,-10,0,-10,0,-10,10,-10,10,-21,21,0,-10,-5,15,-25,-6,-14,10,45,-40,-4,24,40,0,0,-45,-15,-10,-29,19,40,10,-2,2,-1,-9,0,0,10,10,10,0,0,10,-16,-24,2,38,-15,-28,63,-10,-20,70,0,-10,-27,-33,42,-32,0,-7,7,-10,-30,-58,-32,0,-20,-20,-50,20,-20,-80,-18,-20,40,28,40,-8,-12,20,10,0,-10,-48,28,-55,-18,8,-15,-17,-83,0,30,-10,10,0,-10,-10,-10,-40,-42,22,30,50,10,-7,67,10,0,10,40,-38,-12,-70,-27,-3,-40,-10,-30,40,20,0,10,-50,10,-10,-10,15,45,-10,-30,13,7,-16,29,49,28,-9,-10,-34,-36,-1,-8,8,-10,-9,39,-40,10,0,-33,13,10,0,8,-12,77,-70,-25,22,0,-20,0,10,35,-10,20,10,-13,-2,5,40,-5,20,5,-15,5,10,-7,12,80,-20,-15,10,10,-16,-4,15,-10,15,-30,10,50,30,-22,-19,-1,32,10,-1,-32,-2,46,34,-5,-27,-49,-16,5,2,0,4,-4,-3,0,0,2,1,-3,-19,4,-5,-7,1,14,-10,-5,-1,-6,7,5,25,10,-15,-15,-6,-9,-3,-2,5,-7,-40,-10,2,-4,4,11,25,-2,-24,-5,4,-8,1,0,-1,5,8,7,9,5,32,-47,0,-2,2,-11,0,29,1,6,30,-5,-7,7,27,-2,0,0,23,47,10,-14,19,0,0,-10,20,-10,150,-30,-5,-12,-15,-14,-9,0,0,-5,15,-6,16,-17,-3,-27,29,-5,22,-5,-19,0,15,1,-4,6,34,38,25,128,-57,7,-11,0,9,-1,-2,-9,11,2,-15,-5,6,-9,17,6,-20,-4,-2,29,25,-14,-11,50,-20,0,-5,-5,-7,0,7,10,-5,15,20,50,-9,-6,-39,7,-7,-6,-5,-9,-27,-13,15,-1,22,0,0,1,4,2,-40,2,-1,13,-3,8,-8,17,-9,-22,1,-2,-4,1,6,6,3,-5,2,2,10,5,7,1,5,8,34,-7,-1,19,25,-6,-6,-50,-10,45,25,-5,18,5,10,-18,10],