{"timestamp":1746921600000,"multiplier":0.001,"open":8290.625,"high":8305.561,"low":8289.593,"close":8297.689,"shift":60000,"times":[1430,1,1,1,1,1,1,2,1],"opens":[0,5064,-4064,-4626,1690,1310,-8406,64,-1064],"highs":[0,-9000,-4936,-3968,3032,310,-9000,-310,-32],"lows":[0,968,-3968,-594,2690,-7096,-1904,1310,-1374],"closes":[0,-5064,-5032,0,3096,-8000,-2064,1064,-1000],"volumes":[0.02064,0.0048,0.0072,0.00288,0.00144,0.0048,0.00384,0.00144,0.00336]}