{"timestamp":1746921600000,"multiplier":1.0E-5,"open":1.32578,"high":1.326,"low":1.32578,"close":1.32598,"shift":60000,"times":[1261,1,2,1,1,1,1,1,1,1,2,1,1,1,1,1,1,1,1,1,1,1,1,1,1,1,1,1,2,1,1,1,1,1,1,1,1,1,1,1,1,1,1,1,1,1,1,1,1,1,1,1,1,1,1,1,1,1,1,1,1,1,1,1,1,1,1,1,1,1,1,1,1,1,1,1,1,1,1,1,1,1,1,1,1,1,1,1,1,1,1,1,1,1,1,1,1,1,1,1,1,1,1,1,1,1,1,1,1,1,1,1,1,1,1,1,1,1,1,1,1,1,1,1,1,1,1,1,1,1,1,1,1,1,1,1,1,1,1,1,1,1,1,1,1,1,1,1,1,1,1,1,1,1,1,1,1,1,1,1,1,1,1,1,1,1,1,1,1,1,1,1,1,1,1,1],"opens":[0,8,9,-1,-6,1,-1,0,0,-1,49,-1,-8,49,7,0,9,18,-10,-14,-7,6,0,-16,-29,-21,10,22,3,-4,1,9,92,-81,9,-2,52,-14,-58,35,-1,0,14,-11,7,-11,1,-18,0,26,-36,70,-70,5,4,-8,-33,83,48,20,10,30,-1,-1,-5,-4,-4,-11,44,24,17,-8,-4,-1,2,-12,0,10,18,9,-10,-6,-7,0,1,7,-23,13,-17,-13,-2,8,62,-11,26,-50,-9,4,5,-12,-5,-4,-1,8,27,11,-6,-7,-8,1,-10,0,-11,-3,-21,0,18,5,-3,2,14,-14,17,4,1,6,12,16,1,7,4,13,-6,-5,-14,-14,7,2,-20,-8,-2,-11,18,4,25,-16,7,1,6,-7,-6,9,-6,11,10,9,9,-12,-3,-12,8,-4,-20,-25,-26,9,10,10,-16,3,6,10,10,17,-23,-30],"highs":[0,0,-5,-1,-5,0,0,35,-34,30,80,-65,53,-5,0,12,9,13,17,31,-2,-78,0,-1,-44,-21,38,-6,3,0,24,44,30,-72,0,34,30,-28,-23,0,-1,16,-2,-3,-1,0,-2,-25,8,17,68,-34,-56,-5,8,0,35,69,-2,10,33,-3,8,-9,-4,7,-17,22,36,19,2,-6,-7,0,-3,-10,16,13,17,-11,-8,7,-18,-1,7,0,-8,-2,-16,-10,-1,66,0,14,-2,-49,-5,10,-3,-15,2,-5,4,31,4,0,-6,-1,-12,0,-8,-1,-9,-7,-16,16,13,-9,1,12,4,-8,9,12,-6,13,17,4,1,7,15,3,-10,-4,-17,-7,4,-2,-20,-8,-2,6,5,25,0,-6,2,8,-1,-11,-4,7,4,16,3,18,1,-13,-11,1,-4,-1,-25,-24,-16,11,3,6,-7,9,2,9,20,-1,-27,-29],"lows":[0,8,8,-5,-1,1,-1,0,0,-1,48,-7,-1,49,6,1,9,9,-42,-3,-19,47,1,-35,-26,-5,10,22,3,-4,-6,16,14,-4,-20,28,46,-73,0,41,0,-15,-4,22,-13,4,-15,-2,3,-8,0,0,0,5,-5,0,-32,81,50,20,10,4,17,6,-29,15,-23,13,43,17,8,5,-9,-4,1,-11,10,13,9,-3,-6,1,-2,-3,9,-14,-3,-6,-13,-4,4,3,50,-4,-15,-13,-4,8,-3,-11,2,-5,6,8,24,3,-7,-2,-19,6,-1,-14,-2,-13,-12,9,16,-15,1,14,5,0,11,6,7,6,12,11,4,5,7,4,-10,-7,-13,1,4,-14,-12,-6,-6,2,15,7,8,0,4,5,0,-14,5,1,2,13,8,11,-10,0,-13,2,5,-20,-24,-28,1,8,12,-6,1,3,2,14,10,-6,-35,-2],"closes":[0,-3,-1,-5,0,0,0,14,-13,30,15,-7,48,7,-1,13,9,5,-26,-6,7,1,0,-34,-27,-5,38,-6,3,-3,-1,72,-48,6,-7,41,10,-67,35,0,0,15,-6,2,-21,20,-31,-2,14,-19,70,-70,14,-5,-9,1,49,51,18,9,23,2,5,0,-21,6,-11,33,31,21,-10,-1,-1,1,-11,2,9,17,9,-11,-2,-7,-5,4,3,-18,11,-16,-12,-5,8,64,-13,27,-49,-11,5,3,-11,-4,-3,-3,10,26,11,-6,-9,-4,-2,-7,0,-11,-3,-20,-8,25,1,0,3,11,-14,13,9,0,6,13,17,-1,5,5,14,-5,-4,-14,-12,2,3,-17,-7,-6,-8,15,5,25,-16,9,-4,10,-6,-10,5,-2,13,6,13,10,-14,0,-15,7,-3,-18,-26,-26,10,9,6,-13,6,7,7,10,17,-23,-30,-7],"volumes":[8.1,4.5,3.6,2.7,2.7,2.7,5.4,11.25,2.7,9.0,8.1,2.7,17.1,4.5,1.8,6.3,17.1,24.3,29.25,18.97,29.52,9.9,0.9,9.9,3.73,0.9,18.9,0.9,0.9,5.4,9.9,6.75,16.2,8.1,15.3,3.6,5.4,10.77,14.49,1.8,0.9,10.8,11.25,2.7,8.22,10.8,16.53,20.7,14.4,5.97,26.55,16.08,6.75,1.8,5.85,3.24,75.54,56.58,38.89,48.08,75.05,35.29,25.59,6.06,34.8,32.08,49.56,39.78,33.97,53.32,53.76,71.12,60.71,95.61,106.95,41.86,42.42,65.9,68.43,69.75,47.7,87.3,70.2,44.1,43.2,61.65,56.79,67.95,93.6,76.95,65.7,99.0,96.75,105.3,89.79,98.55,69.75,81.0,53.55,27.51,48.51,54.45,52.2,75.6,64.8,50.85,61.2,55.8,51.42,32.4,39.6,42.3,43.2,38.7,31.5,64.35,95.4,40.05,45.54,60.3,57.24,32.4,20.25,26.1,7.2,25.2,27.0,56.25,29.25,27.0,37.8,38.25,52.2,51.39,40.5,31.5,31.5,67.95,30.15,24.3,38.25,62.1,18.9,40.05,35.55,31.5,62.22,61.2,57.6,49.59,12.93,57.48,35.55,28.02,31.14,32.52,37.74,47.46,38.64,42.27,28.8,70.29,67.05,49.05,81.0,54.0,57.6,60.93,27.99,45.0,65.34,50.4,36.9,35.55,58.68,36.99]}