{"timestamp":1748131200000,"multiplier":1.0E-5,"open":0.82012,"high":0.82018,"low":0.82012,"close":0.82018,"shift":60000,"times":[1261,1,1,1,1,1,1,1,1,1,1,1,1,1,1,1,1,1,1,1,2,1,1,1,1,1,1,2,1,1,1,1,1,1,1,1,1,1,1,1,1,1,1,1,1,1,1,1,1,1,1,1,1,1,1,1,1,1,1,1,1,1,1,1,1,1,1,1,1,1,1,1,1,1,1,1,1,1,1,1,1,1,1,1,1,1,1,1,1,1,1,1,1,1,1,1,1,1,1,1,1,1,1,1,1,1,1,1,1,1,1,1,1,1,1,1,1,1,1,1,1,1,1,1,1,1,1,1,1,1,1,1,1,1,1,1,1,1,1,1,1,1,1,1,1,1,1,1,1,1,1,1,1,1,1,1,1,1,1,1,1,1,1,1,1,1,1,1,1,1,1,1,1,1,1,1,1],"opens":[0,45,3,-47,46,-2,-12,14,0,-31,32,2,11,-4,-32,30,-30,0,0,-28,6,-1,-1,0,0,-5,3,0,0,0,0,-3,0,3,0,0,0,0,0,0,-5,1,-1,0,0,0,0,0,29,2,0,1,-1,0,-25,26,1,3,4,-17,15,11,18,40,17,15,-4,1,-25,44,-21,-9,-2,26,-8,9,23,4,39,42,-2,-8,2,-13,-33,22,-5,-17,-18,-13,-10,12,9,0,14,-1,-12,7,-5,-25,-3,2,21,-10,-15,-2,2,3,17,-3,2,14,-10,-2,-20,9,-13,15,-1,20,-1,-5,-3,16,-8,-12,-9,5,-18,-1,3,-11,10,-13,14,1,-2,2,7,0,22,-5,0,10,2,-10,5,-8,11,-9,8,-1,5,-11,13,11,2,0,20,17,-11,-5,8,-13,9,-5,4,-7,0,11,9,0,-10,-12,7,6,0],"highs":[0,41,1,12,-5,-9,15,-8,6,-8,10,1,0,-4,1,1,-1,-34,0,-15,-7,-1,-1,0,0,-2,0,0,0,0,0,-3,2,1,0,0,0,0,0,0,-5,2,-2,0,0,0,0,31,1,1,-1,0,2,-2,5,-4,4,32,-24,11,9,8,36,0,56,-10,0,-10,15,2,-9,-21,25,0,-4,24,7,37,41,1,0,-7,9,-21,-19,2,-6,-17,-16,-11,-1,5,4,16,-1,-3,-6,1,-5,-25,5,19,9,-23,-6,-5,4,14,2,0,9,0,-8,-4,-11,0,4,8,8,12,-9,-5,17,-7,-7,-13,0,-4,-17,4,-3,2,-3,1,1,0,6,5,-3,25,-3,3,-2,18,-12,-4,1,4,-1,-3,5,-1,-1,3,9,13,-9,24,11,3,-13,4,5,-5,-5,4,-3,-7,13,8,2,-5,-10,-6,8,7,-8],"lows":[0,44,4,-47,39,5,-12,11,3,-31,9,0,0,24,-24,0,0,0,-16,-12,6,-2,0,0,-5,0,3,0,0,0,0,-3,0,3,0,0,0,0,0,-5,0,0,-1,1,-1,1,0,0,29,2,-26,26,0,0,-26,26,1,-29,22,-2,13,1,17,47,19,1,-11,0,0,23,-9,-15,9,22,0,10,15,10,40,36,-7,-7,-1,-32,-12,23,-18,-17,-16,-9,6,13,3,5,7,-4,-5,2,-26,-15,18,0,14,-15,-4,-1,2,4,6,9,1,-1,3,-21,-7,2,0,11,6,15,-6,2,-2,10,-15,-6,0,-12,-5,0,-15,10,-5,0,12,0,-13,18,4,3,14,2,1,2,1,-1,-4,-7,9,1,6,-5,-1,0,11,13,-1,4,13,9,-2,1,-10,5,-4,1,2,-5,7,11,3,-3,-15,-1,6,7,-7],"closes":[0,41,1,12,-16,1,16,-14,12,-11,0,8,-31,24,-24,33,-33,0,-16,-6,0,-2,0,0,-5,3,0,0,0,0,0,-3,2,1,0,0,0,0,0,-5,0,2,-3,1,-1,1,0,29,1,2,0,-1,2,-1,5,-4,4,2,-14,12,6,25,38,1,45,-5,-8,-29,42,-6,-22,-9,37,-11,9,24,3,39,42,-1,-11,6,-14,-33,19,-2,-19,-17,-14,-12,16,5,0,15,2,-13,6,-4,-27,-1,2,22,-10,-15,-3,-1,7,17,-3,1,12,-9,-1,-22,9,-10,16,-4,20,-2,-3,-2,14,-7,-13,-6,1,-14,-2,2,-11,8,-13,16,0,-1,3,7,-1,23,-7,0,7,4,-7,3,-8,12,-8,7,1,2,-10,14,9,1,0,23,15,-9,-6,7,-14,11,-5,6,-10,1,12,6,2,-9,-14,6,8,-2,-8],"volumes":[0.82,4.95,0.45,2.09,8.55,1.35,4.95,6.75,2.25,10.41,11.32,12.36,6.59,3.6,11.11,5.98,2.38,0.74,1.48,1.48,0.74,1.32,0.66,1.32,1.65,1.67,0.99,1.9,1.01,2.91,0.66,6.84,6.58,1.11,0.37,1.11,1.11,1.94,0.74,2.61,3.07,7.34,4.87,4.27,3.07,3.07,3.07,9.37,7.2,16.2,10.8,9.3,18.0,5.7,7.85,9.3,6.75,58.09,12.2,53.86,49.7,87.27,76.05,37.0,119.98,92.62,101.79,171.75,142.5,103.05,137.85,136.2,502.8,432.6,664.5,390.3,391.65,403.95,280.35,253.65,211.2,242.7,200.57,105.45,82.2,81.0,48.0,136.27,105.6,121.53,83.7,55.65,74.55,66.45,68.1,85.8,43.8,33.6,65.55,75.15,72.6,46.8,37.47,45.87,53.67,53.22,72.54,88.35,91.2,61.2,108.0,54.0,76.8,79.35,72.96,89.79,91.02,110.85,86.4,179.47,117.3,56.1,106.5,52.8,89.85,74.1,66.9,61.95,48.6,64.95,61.36,91.35,121.22,48.61,31.65,16.2,73.95,27.3,24.0,55.2,61.2,16.8,24.0,62.4,22.8,39.6,29.4,49.2,25.2,26.4,20.4,37.2,59.7,55.5,50.85,42.0,19.95,63.42,51.6,34.8,40.8,30.0,116.4,97.6,83.85,56.07,32.1,60.75,67.8,70.28,47.19,18.3,59.1,68.26,64.5,69.65,173.34]}