{"timestamp":1747526400000,"multiplier":1.0E-5,"open":0.83499,"high":0.83509,"low":0.83499,"close":0.83509,"shift":60000,"times":[1264,4,7,2,1,1,1,1,1,1,1,1,1,1,1,2,1,1,1,1,1,1,1,2,1,1,1,1,1,1,1,1,1,1,1,1,1,1,2,1,1,1,2,1,1,1,1,1,1,1,1,1,1,1,1,1,1,1,1,1,1,1,1,1,1,1,1,1,1,1,1,1,1,1,1,1,1,1,1,1,1,1,1,1,1,1,1,1,1,1,1,1,1,1,1,1,1,1,1,1,1,1,1,1,1,1,1,1,1,1,1,1,1,1,1,1,1,1,1,1,1,1,1,1,1,1,1,1,1,1,1,1,1,1,1,1,1,1,1,1,1,1,1,1,1,1,1,1,1,1,1,1,1,1,1,1,1,1,1,1,1,1],"opens":[0,54,-44,31,12,-3,-3,0,0,0,-1,-1,0,-2,2,17,12,1,-1,0,0,0,0,15,1,-3,0,-13,-4,2,0,-6,0,0,5,-3,-1,1,0,0,0,21,4,-3,14,-44,5,2,19,-15,-51,-22,20,-7,-1,-1,3,3,-30,-8,-28,14,25,-13,7,3,7,-28,-4,-2,2,-11,-11,2,10,23,-9,-15,23,-5,-10,-6,26,-22,3,4,10,7,0,6,-8,-30,-5,9,8,-9,18,-5,-22,-1,11,8,7,23,-24,12,-7,10,2,-5,-4,-6,10,1,6,0,-6,-1,-1,0,-1,-3,-6,-5,-11,-5,5,-2,7,-3,6,-17,12,0,7,7,16,1,-10,1,8,3,18,9,17,11,4,4,-5,5,-2,4,23,-1,17,-17,2,-1,-15,2,-13,0],"highs":[0,44,-44,38,5,-3,-3,0,0,3,-4,-1,0,0,0,29,0,1,-1,0,0,0,0,16,0,-3,0,-13,-2,0,0,-6,0,2,3,-3,-1,1,0,0,52,3,-24,7,0,-34,-4,20,-2,-15,-44,-15,17,-12,0,-2,1,-1,-18,-19,-1,17,6,-14,9,0,3,-30,-4,-1,4,-11,-15,16,19,0,-12,10,3,-10,-9,28,-9,-14,-1,9,9,9,-3,-1,-5,-31,0,11,1,10,-3,-5,-20,11,7,14,13,3,-14,2,1,3,-1,-5,-3,6,-1,5,0,0,-6,-1,0,4,2,-10,0,-11,-10,2,-4,5,0,4,1,-5,2,3,7,21,-2,-1,-2,0,5,22,4,16,10,7,4,2,-3,5,1,19,0,13,2,-11,2,-7,-10,-2,0,-12],"lows":[0,54,-56,43,9,-3,0,0,0,-1,-5,4,0,-4,4,17,12,0,0,0,0,0,0,15,-2,0,-8,-5,-4,2,-6,0,0,0,5,-4,0,1,0,0,-1,-26,8,37,-27,-3,-14,1,-8,-33,-8,1,6,4,5,-1,-5,-17,-12,-38,12,14,-2,13,3,4,-19,-8,1,-3,-9,-13,-11,21,8,11,-9,-1,15,-8,-8,3,1,3,-4,7,14,-2,9,-1,-28,-10,2,8,0,-1,14,-26,-1,4,8,10,7,1,-1,3,2,2,5,-12,1,-1,0,13,4,-6,-2,-1,3,0,-8,-2,-5,-12,-6,-1,4,1,6,-1,-14,0,12,-1,11,7,14,-8,0,-1,8,6,17,9,12,3,14,1,-5,5,4,-7,31,-2,8,-8,6,-20,2,-10,1,-20],"closes":[0,44,-56,50,2,-3,0,0,0,-1,-1,0,0,0,0,29,0,0,0,0,0,0,0,16,-3,0,-8,-5,-2,0,-6,0,0,2,3,-4,0,1,0,0,21,-48,45,20,-47,7,-6,28,-19,-66,-9,2,11,4,-1,3,3,-26,-13,-29,16,23,-13,7,-3,17,-31,-4,-2,5,-19,-6,-1,12,23,-13,-9,21,-3,-10,-9,28,-24,5,4,9,7,2,6,-6,-30,-10,9,11,-10,21,-5,-24,-2,14,5,13,16,-22,11,-8,10,1,-2,-3,-8,11,-1,7,0,-8,-1,0,2,-1,-5,-4,-6,-12,-4,6,-3,5,1,4,-17,11,2,6,7,17,2,-11,1,7,5,15,10,17,10,4,3,-2,3,1,3,23,-1,14,-11,-2,0,-18,4,-13,-1,-19],"volumes":[1.85,0.45,1.0,2.2,2.0,1.5,0.5,0.5,0.5,1.5,3.2,1.0,0.5,3.7,0.5,3.9,2.0,2.5,3.9,1.7,3.9,5.6,1.7,1.7,2.0,0.5,2.5,0.5,1.5,1.0,1.5,0.5,1.5,1.7,6.6,12.6,3.6,0.5,1.0,1.0,5.15,8.25,142.2,44.1,30.8,34.2,63.45,88.2,102.28,47.4,44.85,76.2,57.6,34.8,31.2,44.4,21.6,95.55,38.02,77.74,79.2,74.4,58.35,72.9,105.0,113.82,140.04,100.95,163.8,47.4,70.76,98.33,118.63,66.33,57.67,38.76,29.59,43.8,43.35,24.67,42.18,34.92,41.35,35.52,31.89,44.4,38.4,43.8,12.0,13.2,31.95,33.6,37.8,31.2,21.6,9.6,28.2,33.77,36.06,60.0,55.35,58.5,59.55,81.0,62.82,73.81,58.59,62.63,34.14,57.15,52.14,40.74,34.44,13.2,9.6,8.4,7.2,12.0,2.4,16.29,21.69,20.91,21.5,44.35,35.49,84.73,6.63,41.5,12.0,11.88,37.29,51.75,31.68,38.91,17.16,54.12,22.8,43.2,27.6,54.12,86.52,80.16,88.8,81.36,79.92,105.78,58.2,69.51,65.7,59.25,57.48,73.35,66.0,66.45,54.42,74.37,53.03,81.75,45.42,103.29,79.41,122.55]}