{"timestamp":1276992000000,"multiplier":1.0E-5,"open":1.48595,"high":1.48612,"low":1.48585,"close":1.48595,"shift":60000,"times":[1260,1,1,1,1,1,1,1,1,1,1,1,1,1,1,1,1,1,1,1,1,1,1,1,1,1,1,1,1,1,1,1,1,1,1,1,1,1,1,1,1,1,1,1,1,1,1,1,1,1,1,1,1,1,1,1,1,1,1,1,1,1,1,1,1,1,1,1,1,1,1,1,1,1,1,1,1,1,1,1,1,1,1,1,1,1,1,1,1,1,1,1,1,1,1,1,1,1,1,1,1,1,1,1,1,1,1,1,1,1,1,1,1,1,1,1,1,1,1,1,1,1,1,1,1,1,1,1,1,1,1,1,1,1,1,1,1,1,1,1,1,1,1,1,1,1,1,1,1,1,1,1,1,1,1,1,1,1,1,1,1,1,1,1,1,1,1,1,1,1,1,1,1,1,1,1,1,1,1,1],"opens":[0,-35,10,-5,-45,40,5,-5,0,35,-30,-5,-10,95,0,-65,35,5,20,45,-40,30,-55,-25,25,5,-10,0,-20,-20,20,5,-40,-5,10,0,50,48,-108,110,-45,-25,75,-100,104,-4,-70,0,0,62,-42,-30,5,0,25,0,5,-55,-10,5,10,-25,35,5,5,-5,0,25,10,-15,-45,-20,-45,-25,25,5,-45,0,10,-15,10,-13,3,0,5,-50,20,15,-65,-25,-10,-25,5,35,45,-50,30,-20,10,-15,-5,5,40,-35,0,30,-25,0,-10,15,10,40,-5,-15,-20,15,10,-5,15,-5,-35,0,15,-10,-45,0,-20,20,0,-20,25,-10,-15,-5,20,-15,25,-30,20,-45,-15,-15,0,20,40,75,25,30,70,-90,-10,-25,5,15,0,10,-5,-5,0,0,5,0,-5,-45,-5,0,0,0,0,-10,10,0,-10,10,-5,0,10,0,0,5],"highs":[0,-42,0,25,-35,10,-5,0,40,-10,-10,-20,60,20,110,-130,35,15,10,0,-15,5,20,-80,5,10,43,-58,70,-70,0,60,-115,0,25,30,5,43,27,-20,-21,33,-12,5,-1,-4,-70,5,0,57,-8,-6,-53,90,0,-60,0,-55,5,0,0,25,10,-5,-10,-5,25,20,0,-25,-45,-20,-45,30,-20,0,-50,15,-5,0,5,-1,-19,5,0,-15,0,0,-65,-25,-5,-20,60,15,10,-25,15,-30,0,-10,-5,45,-5,-35,30,0,-20,-5,5,5,45,0,-5,-15,0,5,10,0,0,15,-50,15,-5,-10,-45,0,0,0,0,5,0,-10,-10,25,-15,10,0,-15,5,-45,-15,-10,20,35,80,30,20,65,15,-95,-15,5,-20,10,10,10,-15,-5,0,5,0,0,-5,-45,-5,0,0,0,0,20,-10,0,-15,5,-5,5,15,-10,0,10],"lows":[0,-75,55,-45,0,10,35,-5,-15,15,0,-15,-5,40,-10,-5,25,5,-15,-10,-80,60,35,-50,60,20,-50,-20,20,10,20,-50,10,0,10,-10,5,10,-20,115,-77,-43,15,10,104,-74,0,0,0,-5,-13,7,6,-10,30,0,-60,5,0,0,-20,5,40,-10,15,0,0,25,-10,-45,-20,-135,55,15,20,-35,0,0,-15,10,10,-18,8,0,-50,-15,35,-40,-40,-5,-45,5,25,35,-10,-5,25,-10,-10,-10,5,15,5,0,0,5,0,-10,-10,25,10,15,5,-20,0,10,5,0,10,-35,0,5,5,-70,15,-10,-10,30,-30,10,15,-20,-5,0,10,-10,0,0,-25,-15,-20,10,0,20,40,75,5,45,-25,-5,-25,5,5,15,0,5,-5,0,0,0,-25,20,-35,-10,0,0,-5,5,-10,0,0,-5,0,10,0,0,5,5,0,-5],"closes":[0,-25,-5,-45,40,5,0,0,40,-45,5,-20,80,20,-75,55,-10,30,30,-30,25,-50,-20,15,5,-5,40,-85,5,20,0,-40,0,5,15,0,-5,0,100,0,-25,37,-122,107,7,-74,0,0,0,-5,3,50,-53,90,-70,10,-50,-15,5,-5,-15,35,10,5,-5,0,25,10,-15,-50,-15,-45,-35,35,5,-45,0,5,-20,20,0,-3,-7,0,-45,20,15,-55,-35,-15,-25,10,35,30,-35,30,-10,0,-15,-5,5,35,-30,0,30,-25,0,-10,15,5,40,0,-15,-20,10,15,-10,20,-5,-35,5,15,-15,-45,0,-15,15,0,0,5,-10,-20,0,20,-15,25,-30,15,-45,-10,-25,15,15,40,80,20,30,65,-85,-5,-25,5,0,10,10,-5,-5,0,0,5,0,-10,-35,-10,0,0,-5,5,-10,10,10,-15,0,0,0,5,5,0,0,0],"volumes":[4.6,35.0,6.0,15.0,14.8,24.0,5.0,3.0,29.0,43.0,14.0,9.0,23.0,17.2,59.5,39.0,52.0,43.0,38.0,36.1,59.8,60.8,49.2,54.6,24.6,24.0,43.1,25.2,17.8,20.4,18.0,25.0,4.0,4.0,19.0,22.7,42.0,4.0,15.6,2.4,76.2,27.6,17.8,7.4,1.0,2.0,1.0,4.0,5.2,4.0,233.7,63.3,2.0,18.0,22.6,17.0,7.0,25.0,17.2,23.4,64.0,63.5,30.2,43.8,87.0,76.6,48.3,16.3,36.4,113.9,124.7,70.1,41.7,70.9,53.9,55.2,9.6,31.2,41.3,48.9,35.3,106.8,42.3,21.8,35.5,95.6,95.8,78.6,39.6,48.0,150.5,59.2,55.3,99.8,84.3,172.9,249.8,55.0,142.4,130.4,77.4,75.5,33.0,4.8,13.6,27.2,57.2,24.8,43.2,25.6,81.5,67.5,93.7,71.6,71.0,104.0,51.1,35.0,51.6,57.0,77.2,68.8,72.5,103.6,40.8,96.1,68.5,5.0,82.4,19.0,30.6,31.0,74.4,110.5,58.8,41.8,30.6,52.1,70.8,152.3,104.6,13.4,98.6,376.3,139.9,106.5,142.2,155.5,182.1,108.4,46.0,70.8,24.8,11.0,25.4,45.0,2.0,2.0,1.0,11.0,67.9,9.8,27.0,14.8,1.0,2.6,23.2,1.0,15.0,56.4,49.0,38.4,51.0,6.8,14.8,7.2,47.3,15.4,17.4,22.2]}