{"timestamp":1276387200000,"multiplier":1.0E-5,"open":1.45695,"high":1.45742,"low":1.45695,"close":1.45717,"shift":60000,"times":[1260,1,1,1,1,1,1,1,1,1,1,1,1,1,1,1,1,1,1,1,1,1,1,1,1,1,1,1,1,1,1,1,1,1,1,1,1,1,1,1,1,1,1,1,1,1,1,1,1,1,1,1,1,1,1,1,1,1,1,1,1,1,1,1,1,1,1,1,1,1,1,1,1,1,1,1,1,1,1,1,1,1,1,1,1,1,1,1,1,1,1,1,1,1,1,1,1,1,1,1,1,1,1,1,1,1,1,1,1,1,1,1,1,1,1,1,1,1,1,1,1,1,1,1,1,1,1,1,1,1,1,1,1,1,1,1,1,1,1,1,1,1,1,1,1,1,1,1,1,1,1,1,1,1,1,1,1,1,1,1,1,1,1,1,1,1,1,1,1,1,1,1,1,1,1,1,1,1,1,1],"opens":[0,70,-55,35,-20,0,-30,20,-10,10,-20,0,15,5,-10,35,-15,0,0,-10,0,0,0,0,0,0,-20,0,-15,-5,0,-30,-35,-15,5,-20,35,-46,26,10,20,-10,-5,-5,10,-20,-5,15,10,5,0,0,-15,0,-55,-5,30,0,-15,0,0,-35,-15,0,0,0,-5,0,-10,25,-10,-5,10,15,5,0,15,-5,15,5,5,0,0,0,0,0,-5,0,5,0,0,0,0,0,-5,5,0,70,45,20,0,10,60,20,55,-10,-15,-40,10,0,-5,0,-15,5,0,5,5,-5,0,5,10,10,10,135,85,-35,-85,-15,-10,100,-40,-5,-10,60,20,-10,0,15,-5,-55,0,15,-15,-15,15,-5,-45,-75,-105,10,0,0,70,-15,15,5,-5,30,-5,15,5,-15,-10,5,15,-25,20,10,-5,10,-10,25,-15,5,15,115,10,-45,-20,75],"highs":[0,28,-25,0,-20,0,10,-20,-10,10,-20,20,5,-5,0,50,-20,-20,0,-10,0,0,0,0,0,0,-20,0,-15,-5,0,-30,-35,0,0,-5,15,-26,11,25,5,-20,25,-10,-15,-10,0,20,0,5,-10,0,-10,-5,-45,20,-5,0,-15,5,0,-40,-15,0,0,0,5,10,-10,5,-5,20,-5,5,5,5,5,25,-5,10,-10,0,0,0,0,15,-20,5,0,0,0,0,0,0,0,10,60,60,5,5,15,50,20,60,0,20,-40,-40,0,0,5,-10,-10,0,5,15,-10,0,5,30,-15,15,150,130,-65,-35,-80,-10,95,10,-55,-10,55,15,-5,-5,25,15,-35,-50,30,-20,-15,5,5,-15,-45,-75,-60,-25,10,60,-5,-5,5,0,45,-20,15,10,10,-35,0,10,0,0,15,-10,10,10,10,0,0,-15,140,10,-15,-45,70,85],"lows":[0,0,0,35,-5,-20,-10,20,-10,5,-15,0,15,-10,5,-10,30,0,-20,5,5,0,0,0,-20,0,0,-15,-5,0,-80,10,-10,0,-10,-5,20,-31,26,10,0,0,0,0,-5,-15,5,15,10,-5,-10,5,0,-55,0,-5,30,-15,0,0,-45,-5,0,0,0,-5,0,-10,0,10,0,-5,10,20,5,0,10,0,15,5,5,0,0,0,0,-5,0,0,5,0,0,0,0,-5,0,0,5,70,45,-15,15,30,60,10,55,-15,-40,0,10,-5,-5,-30,20,5,0,5,5,-10,5,0,15,10,10,120,60,-80,-15,-10,0,25,15,5,-50,110,10,0,-5,5,-50,-5,-10,15,-35,25,10,-55,-65,-115,-5,15,5,5,50,0,5,0,15,15,10,0,-5,-10,0,-15,0,15,25,0,5,-5,5,-15,25,5,15,95,-25,-25,15,70],"closes":[0,-7,35,-15,-5,-20,10,0,-10,5,-15,15,5,-10,0,20,0,0,-10,0,0,0,0,0,-20,0,0,-15,-5,0,-35,-35,-10,5,-15,20,0,-11,11,25,-15,-10,5,10,-15,-20,20,10,10,-10,0,-10,0,-55,0,30,-5,-15,0,0,-35,-15,0,0,0,-5,0,-10,20,-10,0,10,15,5,0,10,0,20,0,5,0,0,0,0,0,-5,0,5,0,0,0,0,0,-5,5,0,70,45,20,0,10,60,20,45,0,-15,-40,10,0,-5,5,-15,0,0,5,5,0,-5,10,0,15,10,135,85,-35,-85,-15,-5,90,-35,-5,-10,60,20,-10,0,20,-10,-55,0,15,-15,-15,15,-5,-45,-75,-105,10,5,-5,70,-15,15,0,-5,40,-10,15,5,-15,-5,-5,20,-25,25,5,-10,10,-5,25,-10,0,5,125,15,-55,-15,80,95],"volumes":[145.2,19.9,30.4,2.0,3.7,6.3,23.2,4.0,1.0,11.0,2.0,16.0,25.0,23.0,40.8,61.0,54.2,19.0,24.0,14.0,3.0,7.0,6.0,9.0,17.0,20.0,30.0,3.0,12.6,5.0,34.0,27.0,5.0,8.0,12.0,19.7,7.0,5.0,8.1,4.7,16.7,8.0,24.0,17.0,17.0,13.0,12.0,14.0,20.0,12.0,18.3,16.5,15.9,41.2,25.6,10.8,1.6,8.0,14.4,7.6,40.2,11.6,41.4,11.0,2.2,11.8,37.8,88.3,109.5,60.3,35.4,98.6,77.7,14.0,65.8,34.9,36.8,140.5,69.4,42.9,9.1,24.2,15.0,5.0,7.0,34.4,12.0,20.8,12.0,16.0,14.0,26.0,2.0,18.0,28.8,18.6,31.8,67.0,60.0,42.1,137.4,114.7,80.8,99.4,60.9,67.4,99.6,72.6,33.0,33.0,29.6,55.0,18.0,13.0,15.8,7.6,9.0,22.7,19.0,114.3,163.3,74.1,125.4,143.5,85.4,194.5,97.6,92.8,199.5,143.6,147.6,21.4,124.0,76.2,47.0,77.4,64.0,96.0,76.5,58.7,101.4,277.6,103.4,48.0,59.8,156.8,115.4,201.1,132.1,95.0,72.9,151.1,168.1,76.1,84.2,109.8,80.2,78.7,57.5,74.1,172.0,49.6,87.7,51.0,108.0,79.2,69.2,15.0,29.8,30.6,43.0,92.4,87.8,20.3,131.0,91.4,171.7,102.0,103.8,164.4]}