{"timestamp":1316304000000,"multiplier":1.0E-5,"open":1.36883,"high":1.36908,"low":1.36879,"close":1.36883,"shift":60000,"times":[1260,1,1,1,1,1,1,1,1,1,1,1,1,1,1,1,1,1,1,1,1,1,1,1,1,1,1,1,1,1,1,1,1,1,1,1,1,1,1,1,1,1,1,1,1,1,1,1,1,1,1,1,1,1,1,1,1,1,1,1,1,1,1,1,1,1,1,1,1,1,1,1,1,1,1,1,1,1,1,1,1,1,1,1,1,1,1,1,1,1,1,1,1,1,1,1,1,1,1,1,1,1,1,1,1,1,1,1,1,1,1,1,1,1,1,1,1,1,1,1,1,1,1,1,1,1,1,1,1,1,1,1,1,1,1,1,1,1,1,1,1,1,1,1,1,1,1,1,1,1,1,1,1,1,1,1,1,1,1,1,1,1,1,1,1,1,1,1,1,1,1,1,1,1,1,1,1,1,1,1],"opens":[0,20,31,30,11,22,15,67,24,-21,2,-11,10,10,-38,-19,-24,-23,-43,-64,-46,-18,1,-96,29,25,52,51,31,-2,-30,-33,-3,-11,8,-52,-9,2,-24,-28,22,-24,-26,5,11,-16,21,-1,3,-28,8,-10,1,2,-17,-10,-18,7,12,9,-5,169,91,40,5,21,-19,-11,-36,-19,3,-2,-7,-8,1,-5,7,25,23,5,-22,-19,22,23,-7,-9,13,50,-4,11,3,31,2,-5,-2,-18,-6,-3,1,4,1,-3,-3,-12,-2,1,-4,5,2,3,1,-10,-3,3,4,4,18,2,-2,-4,-5,1,-10,-3,-16,-1,11,18,18,13,-12,2,5,-9,2,0,-9,-13,13,-18,11,-4,-7,-8,-34,-9,-23,-50,7,15,-25,-68,4,12,32,-31,-5,20,37,-36,-19,35,21,-4,0,-5,16,-28,8,12,-23,-24,22,-45,-8,-37,4,31,14,2],"highs":[0,22,32,8,26,16,65,30,7,-20,-8,3,13,-9,-36,10,-30,-48,-39,-68,-45,-1,-6,-65,22,41,51,33,-1,-2,-7,-38,-2,-12,-10,-36,-14,-9,-14,-28,14,-17,-26,11,18,7,-21,8,-5,-13,-3,1,-8,-3,-16,-16,-1,7,4,0,163,88,44,23,2,1,-19,-11,-36,-12,24,-25,-3,-12,5,-3,21,30,7,-9,-20,1,23,4,0,1,39,13,0,1,47,-6,-4,12,-23,-17,1,-10,0,5,-1,-1,-5,-9,-5,5,0,-2,5,5,-5,-3,-6,2,6,24,-6,1,9,-15,5,-7,-11,-4,-14,22,6,16,18,2,-9,-1,-2,-5,7,-8,11,-13,-8,-3,2,-10,-7,-8,-28,-12,-26,-37,9,2,-27,-64,11,30,27,-55,15,40,32,-71,15,64,-33,0,-2,0,0,-19,15,-2,-20,-6,1,-47,-8,-26,38,12,-8,14],"lows":[0,17,30,31,16,20,19,42,29,-19,4,1,10,-20,-31,-11,-49,-32,-59,-86,14,-8,-78,4,29,14,52,48,44,-37,-36,-9,4,-13,-36,-17,2,-30,-21,7,2,-39,-11,26,-4,1,21,0,-34,10,-4,-2,-8,-12,-5,-35,22,7,8,8,-8,176,91,24,18,-5,-6,-30,-35,12,3,-12,-5,-14,3,10,4,29,23,-20,-24,-7,23,27,-17,0,24,46,-3,7,8,18,4,6,-17,-23,14,-1,1,3,-2,-2,-16,0,1,-3,-3,9,2,2,-8,-5,0,3,5,5,17,0,-3,-24,-9,6,2,-9,-1,1,11,9,21,4,-5,4,0,0,1,-17,-7,-1,0,1,8,-10,-19,-23,-11,-26,-45,-1,10,-8,-70,-13,3,19,10,-9,0,22,2,-24,-1,40,0,14,-6,-4,-8,4,3,-10,-20,-8,-9,-37,-34,15,9,24,20,-8],"closes":[0,46,33,7,27,9,72,25,-19,11,-20,-5,12,-22,-13,-29,-20,-50,-70,-43,-24,16,-106,32,18,58,51,33,-2,-33,-38,-11,4,6,-55,-15,15,-26,-40,20,1,-37,-1,14,-16,25,-2,7,-42,17,-4,-4,2,-18,-10,-23,21,9,4,-5,168,88,44,10,7,-17,-2,-38,-21,5,-2,-6,-5,-3,-5,8,24,23,5,-24,-17,22,21,-1,-9,12,44,1,9,3,31,-3,10,-12,-16,-8,2,-3,-1,6,-5,0,-13,-3,0,-3,5,1,4,1,-10,-3,4,2,5,17,2,-2,-3,-4,0,-10,-3,-16,-1,11,17,19,13,-12,2,4,-9,-1,5,-10,-13,13,-18,12,-3,-10,-7,-36,-7,-26,-47,6,16,-23,-70,2,12,31,-26,-9,21,38,-35,-20,34,23,-4,1,-4,13,-29,10,13,-25,-23,22,-40,-14,-36,2,34,12,1,-10],"volumes":[7.15,11.38,16.73,5.3,8.71,6.88,27.04,13.27,16.42,6.84,8.32,5.29,7.59,12.86,20.49,38.18,34.58,33.47,49.91,51.68,43.11,98.77,151.09,69.74,54.2,116.02,76.48,52.52,8.63,24.07,94.01,56.87,18.13,23.59,30.65,29.79,27.77,77.95,55.42,33.52,48.93,104.69,65.17,26.46,50.36,52.39,11.2,17.65,34.58,30.29,46.54,36.58,45.5,80.11,29.77,87.31,18.48,16.44,24.47,3.75,108.7,181.26,149.77,190.56,80.68,64.91,45.81,72.63,231.94,77.26,119.87,71.34,73.55,82.5,102.09,60.04,76.11,85.73,57.52,117.31,131.37,96.24,101.2,51.81,94.6,102.33,89.72,71.63,54.38,51.38,123.61,83.19,61.21,52.99,68.96,73.88,49.7,10.7,22.84,11.21,15.41,30.83,47.66,42.34,11.64,42.12,76.08,6.76,26.08,41.8,39.63,32.49,12.8,6.93,16.03,80.13,27.31,13.91,53.43,76.27,127.68,69.42,87.98,66.33,56.77,86.82,61.91,69.26,86.76,115.58,84.38,72.65,48.47,20.29,113.08,102.94,183.36,65.47,130.43,51.89,69.38,43.46,82.15,111.98,144.05,120.21,149.83,94.7,111.24,115.54,165.09,146.23,124.58,160.04,135.77,65.22,73.35,144.74,167.13,48.04,119.48,176.98,115.02,130.92,101.45,93.7,78.76,42.42,71.2,95.66,104.89,85.52,99.25,137.46,161.74,108.6,78.78,171.83,118.17,113.68]}