{"timestamp":1522540800000,"multiplier":1.0E-5,"open":0.76855,"high":0.76856,"low":0.76855,"close":0.76855,"shift":60000,"times":[1264,1,1,1,1,1,1,1,1,1,1,1,1,1,1,1,1,1,1,1,1,1,1,1,1,1,1,1,1,1,1,1,1,1,1,1,1,1,1,1,1,1,1,1,1,1,1,1,1,1,1,1,1,1,1,1,1,1,1,1,1,1,1,1,1,1,1,1,1,1,1,1,1,1,1,1,1,1,1,1,1,1,1,1,1,1,1,1,1,1,1,1,1,1,1,1,1,1,1,1,1,1,1,1,1,1,1,1,1,1,1,1,1,1,1,1,1,1,1,1,1,1,1,1,1,1,1,1,1,1,1,1,1,1,1,1,1,1,1,1,1,1,1,1,1,1,1,1,1,1,1,1,1,1,1,1,1,1,1,1,1,1,1,1,1,1,1,1,1,1,1,1,1,1,1,1],"opens":[0,1,-6,16,1,32,-1,2,8,-3,-20,-5,-12,-1,-1,-6,3,8,-6,-8,9,-8,-3,1,0,0,0,21,-21,-1,1,0,15,-6,-2,-6,-3,-1,4,0,8,-2,0,-1,0,1,-2,1,0,-1,0,1,-1,1,-6,5,23,-21,12,0,2,-22,1,-1,6,-5,9,13,-3,1,-1,1,1,-11,-1,1,1,0,0,2,0,-1,0,-1,1,-1,-1,3,-18,8,-1,2,0,-1,1,-2,1,0,1,-7,-1,-4,-10,-1,2,-2,4,3,-4,3,7,0,0,-2,0,1,7,1,1,2,-4,0,-1,2,-10,2,0,7,-1,1,-1,-8,-1,0,2,-2,0,-9,-1,0,-8,-2,-6,8,-2,0,-1,2,-1,2,-2,3,-4,1,-8,-2,-2,-7,5,-2,1,-2,6,-3,-3,1,1,9,-2,18,-7,-2,1,-1,-1,-7],"highs":[0,2,-8,17,61,-29,1,9,-1,-2,-21,-5,-12,2,-4,-4,10,-1,-1,-13,9,-8,-2,0,0,0,21,0,-21,-1,1,15,0,-6,-2,-6,-3,3,0,10,-2,-2,0,0,0,0,-2,1,0,-1,1,0,0,0,-6,32,-4,-5,-3,2,-1,-21,0,2,4,7,8,1,-3,1,0,0,1,-10,-1,1,2,-2,1,1,0,-1,0,0,0,1,-3,3,-11,1,0,1,0,0,0,-1,1,-1,1,-7,-1,-4,-10,1,0,0,12,-1,-3,3,1,-1,0,-1,2,8,-3,2,0,2,-2,-1,-1,1,-8,2,6,-1,0,0,-1,-7,-1,1,2,-4,0,-9,1,0,-10,-2,2,0,-1,0,2,-1,2,0,1,-2,-2,-1,-8,-1,-3,-2,0,0,-1,9,-4,-4,3,-5,11,2,18,-5,-1,-5,1,-3,-1,1],"lows":[0,-11,5,17,1,25,6,-5,13,-21,-6,1,-17,1,-18,7,3,9,-3,-5,-2,3,-3,1,0,0,0,4,-4,-1,1,0,9,-2,-2,-4,-4,0,4,0,7,-1,0,-1,-1,0,0,1,-1,0,0,0,0,0,-10,0,12,0,11,-2,-21,0,0,3,1,0,10,10,0,0,-6,7,-11,0,0,1,1,0,0,1,1,-2,0,0,1,-2,0,-17,2,7,0,2,-1,0,-1,0,1,0,-6,-1,-4,-11,-3,3,1,-1,3,0,0,3,6,0,-1,0,0,1,7,0,1,-1,0,-1,0,-8,-1,0,3,7,-1,0,-8,-1,0,0,0,-2,-7,-2,1,-8,-2,-8,2,6,0,-1,-9,9,1,-1,1,-1,0,-10,1,-1,-8,0,2,-1,0,1,-1,1,0,1,0,7,1,8,1,-1,-1,2,-10,0],"closes":[0,-10,4,18,31,1,0,9,-2,-20,-7,1,-15,5,-12,4,9,-6,-1,-7,2,-1,-2,0,0,0,21,-17,-4,-1,1,15,-6,-2,-2,-4,-4,4,0,9,-2,-1,0,0,-1,-1,0,1,-1,0,1,-1,1,-1,-9,36,-25,11,0,2,-24,-1,2,2,1,9,12,-2,0,1,0,0,-10,-1,1,1,1,-1,1,0,1,-2,0,1,0,-2,0,-16,7,1,1,1,-1,1,-2,1,0,0,-6,-1,-4,-10,-1,2,-1,1,1,0,3,7,0,-1,-1,1,0,10,-3,1,0,0,-1,-1,1,-9,0,1,8,0,0,-1,-8,0,0,-1,0,0,-9,-1,0,-7,-3,-7,7,0,0,-1,3,-2,2,-2,5,-6,2,-10,0,-2,-8,5,-2,0,0,6,-4,-3,1,0,10,-3,20,-7,-3,3,-3,1,-9,9],"volumes":[11.39,9.69,11.9,7.01,20.69,12.5,6.0,16.75,5.0,14.0,7.0,1.0,3.37,6.37,8.12,13.0,9.0,7.0,6.0,1.0,11.49,1.0,5.98,2.99,3.74,2.0,6.11,6.37,1.12,2.06,2.5,5.87,4.0,3.0,4.0,1.0,6.0,6.0,4.0,11.0,3.0,2.0,6.0,4.0,9.0,4.0,3.0,2.0,5.0,4.0,3.0,8.0,5.0,3.0,10.5,17.63,32.54,52.18,8.25,18.6,16.88,16.11,36.97,32.8,27.34,29.19,18.87,10.38,17.67,14.07,26.57,7.72,16.82,12.33,8.71,5.33,6.19,6.66,12.62,4.0,1.0,17.25,15.0,18.25,6.0,14.5,2.0,13.44,8.0,4.0,5.0,4.0,3.0,5.0,8.0,3.0,4.0,2.0,8.0,4.0,8.75,16.82,20.33,6.38,10.43,9.32,53.28,14.19,19.98,13.48,6.0,10.62,11.29,15.86,23.57,6.44,8.71,14.06,14.95,22.89,16.58,14.76,9.63,42.38,31.99,27.37,16.43,19.49,19.35,20.3,45.43,9.43,5.99,10.82,21.53,22.44,16.88,27.92,15.59,43.27,20.43,32.72,37.32,28.39,22.08,33.83,84.27,42.25,67.27,45.13,29.01,38.59,32.4,38.23,27.47,52.91,29.99,18.01,20.88,51.3,29.74,38.52,53.45,21.51,22.38,15.44,30.97,18.52,77.24,54.25,49.95,38.68,63.66,6.43,52.02,41.91]}