{"timestamp":1522540800000,"multiplier":0.001,"open":1325.742,"high":1326.309,"low":1325.741,"close":1326.121,"shift":60000,"times":[1320,1,1,1,1,1,1,1,1,1,1,1,1,1,1,1,1,1,1,1,1,1,1,1,1,1,1,1,1,1,1,1,1,1,1,1,1,1,1,1,1,1,1,1,1,1,1,1,1,1,1,1,1,1,1,1,1,1,1,1,1,1,1,1,1,1,1,1,1,1,1,1,1,1,1,1,1,1,1,1,1,1,1,1,1,1,1,1,1,1,1,1,1,1,1,1,1,1,1,1,1,1,1,1,1,1,1,1,1,1,1,1,1,1,1,1,1,1,1,1],"opens":[0,296,220,-817,251,69,-350,-330,-110,130,211,-94,120,-37,-89,89,110,-9,70,29,-80,-153,234,-1,-89,89,-200,60,40,30,-20,-19,-301,-180,0,-99,199,120,51,30,0,0,-101,-99,200,-90,90,9,90,101,250,49,61,219,-19,-50,49,117,123,28,-88,-40,200,340,311,169,-239,-11,-90,0,91,200,-161,270,-89,-111,200,-23,-29,-167,6,60,-19,12,7,1,-281,-9,3,56,13,221,160,160,-23,-97,-210,-101,-120,-80,70,31,119,-40,-69,-34,183,147,94,-71,-29,119,-12,102,-200,-239,10,90,-201,-480],"highs":[0,300,-351,-507,11,189,-519,-261,50,140,51,30,-40,-81,-19,129,31,40,120,-10,-100,20,-20,-10,160,-161,-99,50,0,50,-51,-39,-300,-140,40,0,110,99,51,-60,0,0,-80,99,-19,60,40,0,160,199,101,40,230,-30,-40,17,113,130,7,0,-68,61,469,311,170,-51,-139,-111,10,1,189,1,110,0,-90,90,119,-110,-40,-123,20,-19,9,91,-98,-2,-200,-17,40,-33,230,113,240,79,-129,-110,-220,-90,-120,-10,59,91,0,-51,-49,166,164,49,-9,10,90,-81,121,-21,-210,-139,0,0,-200,-204],"lows":[0,267,-557,-10,180,-210,-223,-217,0,100,130,0,20,-20,0,68,10,102,40,-20,-112,-21,123,10,10,-220,110,60,-40,70,-250,-130,-200,0,0,1,199,80,80,-60,100,-100,-100,0,110,-10,100,-40,140,100,200,100,-200,450,-160,81,89,68,112,-10,-90,60,100,420,230,-70,90,-193,13,-33,213,40,0,80,-42,32,168,-97,9,-133,10,0,0,83,7,-290,0,1,3,56,3,200,191,127,-91,-317,0,-100,-113,23,-13,114,-20,-4,-57,57,154,90,76,-89,92,107,0,-106,-301,70,0,-100,-500,18],"closes":[0,8,-678,221,69,-330,-180,-239,109,220,-120,100,1,-101,90,121,-11,50,41,-51,-40,100,1,-91,91,-200,60,40,30,-31,-79,-210,-201,11,-110,199,111,59,31,-1,0,-99,-101,200,-90,90,1,100,99,250,100,10,220,-20,-83,83,118,129,21,-87,-41,111,430,310,170,-291,40,-90,1,39,250,-160,271,-91,-109,200,-33,-20,-68,-90,57,-20,10,10,1,-277,-14,11,49,14,237,92,217,-39,-87,-211,-90,-120,-113,94,9,130,-30,-73,-29,149,183,90,-93,-7,107,1,100,-198,-240,10,90,-199,-491,287],"volumes":[0.04598,0.011345,0.03517,0.028495,0.03473,0.04051,0.02859,0.03219,0.02739,0.02478,0.02128,0.01296,0.00877,0.01487,0.00568,0.01083,0.008,0.01548,0.01784,0.0141,0.01356,0.00437,0.00715,0.00781,0.00612,0.01493,0.00692,0.00463,0.00736,0.00655,0.01039,0.02126,0.02354,0.01491,0.01393,0.0184,0.0165,0.01229,0.00558,0.00904,0.00296,0.00407,0.01039,0.01148,0.00966,0.00852,0.0071,0.00785,0.00807,0.01511,0.02207,0.02403,0.02991,0.01871,0.02324,0.01234,0.0104,0.01142,0.00814,0.01536,0.01141,0.0059,0.02369,0.02571,0.01379,0.01074,0.00882,0.00649,0.00737,0.00582,0.00552,0.0065,0.00574,0.00603,0.00899,0.00621,0.00996,0.01172,0.01119,0.01672,0.01544,0.02696,0.0257,0.01576,0.00614,0.01606,0.01857,0.01215,0.0131,0.00932,0.01653,0.01393,0.03634,0.01649,0.01999,0.01816,0.0218,0.01612,0.01817,0.00686,0.01845,0.01044,0.02412,0.02172,0.01178,0.02525,0.02698,0.0217,0.02418,0.0233,0.01805,0.0043,0.02179,0.02068,0.03202,0.01512,0.01071,0.01499,0.0291,0.01371]}