{"timestamp":1523145600000,"multiplier":0.001,"open":1333.971,"high":1334.418,"low":1333.429,"close":1334.398,"shift":60000,"times":[1320,1,1,1,1,1,1,1,1,1,1,1,1,1,1,1,1,1,1,1,1,1,1,1,1,1,1,1,1,1,1,1,1,1,1,1,1,1,1,1,1,1,1,1,1,1,1,1,1,1,1,1,1,1,1,1,1,1,1,1,1,1,1,1,1,1,1,1,1,1,1,1,1,1,1,1,1,1,1,1,1,1,1,1,1,1,1,1,1,1,1,1,1,1,1,1,1,1,1,1,1,1,1,1,1,1,1,1,1,1,1,1,1,1,1,1,1,1,1,1],"opens":[0,448,239,-360,-639,-221,-540,624,47,203,79,-90,-559,270,-281,141,290,-111,-59,-51,-300,-20,121,-1,200,-100,-10,-370,-189,-10,-220,10,100,99,-209,140,-21,220,30,110,50,60,100,-40,470,7,94,-83,-78,-269,-61,-123,-106,-110,90,80,-21,121,89,321,49,88,82,-149,319,21,-151,0,-269,169,-119,136,-506,140,0,-181,-19,169,197,123,210,-53,-389,-338,30,20,241,-360,39,131,-230,-100,-424,284,30,-131,-33,84,-254,-177,-130,250,-120,-60,-190,-109,-150,119,188,80,-168,140,67,34,-24,84,-90,59,50,80],"highs":[0,381,19,-520,-639,-211,113,-10,341,59,-69,-121,-279,89,-180,251,60,-60,-190,-51,-229,30,19,181,0,-100,-11,-280,-200,-10,-259,150,100,-70,-60,40,209,11,60,80,30,99,51,380,117,9,104,-130,-161,-200,-70,-139,-131,11,50,90,-10,109,361,0,327,0,-138,141,90,-70,-51,-79,-51,-69,79,-63,-226,-60,-80,-174,183,271,-10,297,-1,-120,-326,-231,0,90,31,-320,180,120,-340,-50,-220,209,-199,-81,40,-39,-160,-281,187,11,-138,-60,-250,61,-170,260,30,-53,43,80,-50,260,-181,61,-30,-20,100,97],"lows":[0,440,350,-590,-301,-409,-48,550,148,182,0,-599,29,-100,90,101,229,-60,-150,-190,-89,49,41,99,100,-60,-340,-160,-400,160,-10,-160,190,-60,-32,82,30,300,30,110,50,8,13,-4,573,-210,217,-116,-283,-108,-30,-230,-10,21,90,79,0,120,60,140,251,47,-18,-100,380,-90,-90,-180,-209,180,80,-361,-42,140,-138,-150,121,99,167,190,110,-310,-499,113,-1,100,-159,-31,100,-120,-90,-499,69,307,-137,31,-31,-193,-317,-130,30,251,-71,-250,-159,-11,0,120,160,-103,0,134,96,23,-13,4,-1,50,-30,167],"closes":[0,290,-409,-641,-170,-549,622,10,280,21,-61,-610,301,-291,141,289,-79,-101,-39,-300,-31,120,10,200,-99,-11,-370,-180,-20,-219,-1,111,99,-209,160,-41,211,40,109,70,11,80,-31,511,16,84,-83,-78,-332,23,-151,-120,-89,110,40,-1,121,77,373,9,37,134,-151,300,40,-150,1,-271,181,-161,171,-501,130,20,-190,-30,210,157,103,251,-70,-393,-337,30,80,149,-320,31,109,-209,-80,-444,303,10,-110,-22,32,-233,-176,-164,273,-129,-71,-119,-171,-130,110,201,80,-170,100,96,43,-23,103,-109,40,69,80,110],"volumes":[0.011595,0.05592,0.04514,0.04995,0.02624,0.04119,0.03865,0.03582,0.02932,0.02002,0.01684,0.025,0.01976,0.03873,0.02292,0.02108,0.01465,0.01464,0.01332,0.0278,0.02201,0.01483,0.01347,0.01346,0.00361,0.00769,0.02969,0.02092,0.05054,0.02211,0.0216,0.02842,0.0211,0.03418,0.0176,0.01035,0.01639,0.00588,0.01484,0.01598,0.01075,0.01505,0.02004,0.0179,0.01947,0.01279,0.02436,0.01758,0.0161,0.03568,0.01577,0.03155,0.01443,0.01443,0.01453,0.02004,0.00726,0.01073,0.02222,0.01227,0.03948,0.02577,0.00575,0.02864,0.01978,0.02244,0.01975,0.02156,0.0264,0.01333,0.01533,0.03591,0.0331,0.01104,0.01717,0.01695,0.01628,0.03,0.02207,0.0283,0.02663,0.02044,0.04108,0.02328,0.01676,0.00712,0.02128,0.01613,0.026,0.02025,0.03498,0.03339,0.03052,0.02457,0.02303,0.01613,0.0316,0.01618,0.03837,0.04188,0.03276,0.02697,0.02644,0.03534,0.02533,0.0348,0.01873,0.03456,0.03635,0.02976,0.03171,0.03215,0.00999,0.03473,0.02378,0.02236,0.02758,0.02185,0.01849,0.0304]}