{"timestamp":1737244800000,"multiplier":1.0E-5,"open":0.89584,"high":0.89584,"low":0.89584,"close":0.89584,"shift":60000,"times":[1321,1,1,1,1,1,1,1,1,1,1,1,1,1,1,1,1,1,1,1,1,1,1,1,1,1,1,2,1,1,1,1,1,1,1,1,1,1,1,1,1,1,1,1,1,1,1,1,1,1,1,1,1,1,1,1,1,1,1,1,1,1,1,1,1,1,1,1,1,1,1,1,1,1,1,1,1,1,1,1,1,1,1,1,1,1,1,1,1,1,1,1,1,1,1,1,1,1,1,1,1,1,1,1,1,1,1,1,1,1,1,1,1,1,1,1,1,1],"opens":[0,0,-6,17,1,7,-42,59,8,2,-5,1,4,21,10,-12,3,1,-3,-1,6,-2,9,0,0,1,-1,1,1,0,-1,1,4,7,-6,21,-14,2,-1,-6,17,-2,-4,-6,1,1,-2,-4,-1,10,25,9,-13,-4,4,-2,-43,4,5,39,5,0,-16,-2,-13,1,-2,2,6,-14,10,5,0,-12,5,0,-3,-8,4,1,1,3,11,-23,-11,0,-1,7,-5,-1,3,-3,-3,7,0,14,-4,7,-13,4,-2,-6,2,7,5,2,3,-6,2,0,-4,-6,-2,0,7,-1,-5,5],"highs":[0,0,-5,16,8,29,-15,3,17,6,-16,3,0,31,0,-4,-4,0,4,2,0,4,0,0,0,0,0,0,1,0,0,24,-13,0,16,3,-15,2,-4,12,3,-6,2,-11,3,-2,0,-5,31,2,0,9,-12,-1,0,0,-22,-13,58,-15,10,-6,-8,-14,-7,0,-1,5,-3,3,5,1,-4,-10,5,-4,-4,3,2,-5,0,13,-1,-20,-13,-1,6,4,-7,1,0,-5,4,4,10,1,3,0,-11,3,-3,-5,8,6,1,8,-5,-4,1,-2,-1,-9,0,7,-2,-1,12,-9],"lows":[0,-9,3,17,-2,-36,4,59,-6,11,0,-2,7,20,0,-1,3,1,-4,0,3,-1,11,0,0,1,-1,1,0,0,0,1,4,4,-4,7,0,3,-8,1,3,7,-8,2,-5,3,-6,2,2,10,23,-5,0,-1,3,-62,2,20,5,26,12,-11,-3,-15,-10,6,-2,7,-7,0,13,3,-9,-1,3,-3,-7,-1,6,1,1,3,-12,-12,-5,3,2,2,-12,4,5,-4,2,7,1,6,2,-4,-2,1,-4,1,2,4,4,6,-2,-1,1,-5,-4,-4,0,2,5,-6,2,-1],"closes":[0,-7,1,17,8,1,13,3,17,-12,2,3,0,31,-11,7,-4,0,-4,8,-5,11,0,-1,0,1,-1,1,1,0,0,4,7,-1,17,-16,3,2,-10,17,1,-6,-6,-1,2,-3,-1,-1,10,23,0,-3,-3,3,-1,-43,1,4,39,7,-4,-12,-3,-10,0,-4,2,8,-15,9,9,-2,-10,1,2,-4,-7,7,-1,-1,4,12,-24,-11,1,-1,7,-6,1,-1,1,-4,6,-1,15,-4,7,-12,2,-1,-4,-2,8,8,1,0,-3,-1,2,-1,-6,-6,-1,11,-3,-7,6,4],"volumes":[0.9,5.4,6.3,2.4,22.5,62.1,23.7,1.35,10.2,14.07,7.2,4.8,1.2,7.2,16.65,15.3,2.7,1.35,36.9,25.65,46.8,16.5,12.0,3.6,4.8,3.6,6.0,1.2,10.8,6.0,8.55,23.7,12.6,3.6,12.6,11.4,34.2,41.28,39.6,28.32,17.28,6.48,31.8,16.8,38.7,22.8,34.47,7.32,53.4,7.2,10.8,24.0,21.6,13.2,3.6,70.32,93.15,30.15,97.35,87.03,55.68,79.35,84.93,89.07,81.0,99.54,84.69,46.74,99.24,107.61,119.64,66.84,79.74,63.57,43.56,55.32,60.69,66.12,36.48,52.8,38.7,57.45,60.15,94.2,135.63,24.24,51.6,70.5,82.59,38.55,20.85,26.61,34.44,20.37,16.32,35.88,22.8,39.96,17.52,25.17,23.94,10.2,4.8,31.2,35.79,15.6,9.6,19.05,4.8,9.6,16.89,5.49,10.2,7.2,7.2,9.6,46.89,143.94]}