{"timestamp":1736640000000,"multiplier":1.0E-5,"open":1.02357,"high":1.02365,"low":1.02357,"close":1.02365,"shift":60000,"times":[1323,1,1,1,1,1,1,1,1,1,1,1,1,1,1,1,1,1,1,1,1,1,1,1,1,1,1,1,1,1,1,1,1,1,1,1,1,1,1,1,1,1,1,1,1,1,1,1,1,1,1,1,1,1,1,1,1,1,1,1,1,1,1,1,1,1,1,1,1,1,1,1,1,1,1,1,1,1,1,1,1,1,1,1,1,1,1,1,1,1,1,1,1,1,1,1,1,1,1,1,1,1,1,1,1,1,1,1,1,1,1,1,1,1,1,1,1],"opens":[0,8,0,4,11,4,20,9,8,-1,1,-8,-2,12,2,-5,-1,1,7,4,4,2,-1,3,0,1,-23,-9,3,9,2,-3,5,2,0,1,0,-7,0,6,-5,-3,0,-2,3,4,2,4,3,-1,3,1,5,-1,4,1,0,17,-31,18,2,-3,-13,-7,-10,-14,-7,4,-9,7,18,12,-4,9,6,3,-2,-5,3,1,-2,4,1,1,4,2,3,-1,0,4,7,1,0,0,0,-4,2,-5,2,3,2,3,-8,4,-4,-3,1,-12,-1,-9,4,-15,14,-3,-1,5,-4],"highs":[0,0,0,13,5,25,2,11,0,1,0,-9,11,1,0,-4,-1,9,1,8,-1,0,3,0,-1,1,-20,-5,4,2,1,6,1,1,-1,-2,1,0,0,0,0,-9,0,2,4,3,4,1,-1,2,1,5,0,3,1,0,20,-3,-11,1,0,-4,-13,1,-12,-20,1,-3,-1,11,17,2,4,6,3,0,-1,1,-5,1,2,2,0,1,6,4,-2,5,-3,7,7,-3,-2,4,-2,-2,-2,-3,5,0,4,-1,-4,1,-2,-3,1,-15,-1,-4,1,-3,0,-2,4,-1,-4],"lows":[0,8,0,0,15,4,20,5,-1,11,-9,0,-2,15,-5,0,1,-6,10,0,10,2,1,0,2,-53,22,-2,6,-1,-9,14,-5,12,-7,5,0,-1,-1,0,0,-2,0,0,2,-2,7,4,0,-1,6,3,4,0,4,0,1,-29,13,16,-4,-7,-8,-9,-23,0,2,-8,3,8,18,6,2,6,7,2,-6,2,-2,4,0,3,1,2,4,0,-1,2,1,3,10,-5,2,2,-7,3,0,-3,4,-1,5,-4,0,-4,1,-1,-12,-1,-8,-1,-9,0,10,-1,1,1,-5],"closes":[0,0,0,13,5,21,6,11,0,-1,-10,2,12,1,-7,1,1,8,-5,10,3,1,3,0,-1,-28,-4,2,10,2,-1,1,4,2,-7,0,2,-3,3,2,-5,-3,1,1,6,2,4,-3,5,2,0,5,0,4,1,-1,19,-32,19,0,-1,-15,-5,-9,-18,-6,5,-10,5,16,14,-2,11,6,3,-4,-3,2,0,0,2,3,0,1,4,5,-5,4,2,7,2,-1,-1,2,-5,4,-5,0,1,5,4,-8,2,-3,-3,1,-13,-1,-8,3,-14,14,-4,1,5,-5,-5],"volumes":[1.65,2.25,1.48,15.28,11.2,33.56,23.4,18.0,14.4,23.4,33.3,66.6,18.9,5.4,10.8,10.8,3.6,27.9,27.9,42.3,24.3,19.8,9.9,14.4,7.2,47.85,13.05,30.6,23.4,18.9,33.65,43.35,65.7,73.8,38.8,4.9,21.0,28.3,21.1,37.7,27.6,27.6,6.3,5.4,29.7,20.52,34.2,33.3,16.2,15.3,12.15,24.3,3.6,2.7,6.3,20.7,27.99,163.52,89.73,100.29,112.8,78.3,82.89,107.01,102.24,54.36,30.45,106.04,38.25,58.95,40.95,58.05,24.39,60.3,64.8,34.2,72.54,43.83,32.67,18.45,33.15,11.79,27.36,18.0,56.7,15.3,45.6,150.6,75.15,101.07,89.19,109.35,110.16,59.49,135.81,32.4,8.1,102.54,67.95,108.39,111.69,77.67,90.0,128.7,133.2,123.75,102.15,54.9,128.25,98.1,177.3,80.1,57.6,51.51,63.42,40.59,111.6]}