{"timestamp":1737244800000,"multiplier":0.001,"open":8499.507,"high":8499.507,"low":8497.001,"close":8498.377,"shift":60000,"times":[1383,1,1,1,1,1,1,1,1,1,1,1,1,1,1,1,1,1,1,1,1,1,1,1,1,1,1,1,1,1,1,1,1,1,1,1,1,1,1,1,1,1,1,1,1,1,1,1,1,1,1,1,1,1,1,1,1],"opens":[0,-1333,-270,-5527,-3003,963,2086,3476,-3798,-1924,1109,1191,1639,173,506,512,292,-807,-412,430,2097,400,-1824,-1385,-1409,994,-79,586,-1017,-353,-734,1365,-2823,1767,-518,-3,-788,-309,300,2009,362,562,706,-721,-1806,-504,-708,1724,1205,261,149,364,-166,-237,-1397,-177,1748],"highs":[0,982,-2585,-4105,-2900,1393,4612,-1005,-2892,-694,688,1498,281,330,700,388,-518,-594,421,1379,927,-506,-1824,-1367,-15,15,550,-86,-974,-445,385,-95,-452,-392,92,-786,-409,200,995,1314,-27,1198,21,-1189,-1268,-138,303,691,712,0,483,300,-585,-237,-1388,1919,365],"lows":[0,191,-5306,-3206,-828,2128,1906,391,-2403,303,903,1397,209,1418,676,309,-715,-697,39,1094,1676,-1009,-2497,-706,215,497,6,-918,707,-1380,-1084,302,9,1264,-412,-406,-1167,479,691,1800,400,533,-224,-1682,-57,-1243,182,1788,739,661,9,312,-718,-864,-1918,1519,1757],"closes":[0,-200,-5888,-2912,1127,1788,3703,-3718,-2400,1700,712,1791,-3,736,264,12,-300,9,6,1897,909,-2133,-1088,-1709,1024,-318,834,-1065,158,-1227,1344,-2790,1564,-157,-134,-839,-282,715,1100,991,385,803,-1188,-1424,-291,-782,1494,1009,397,291,507,-110,-706,-1088,-228,1879,618],"volumes":[6.0E-4,9.12E-4,0.002538,0.001872,0.002082,0.00112,0.001109,0.001062,0.001368,0.001116,7.51E-4,9.18E-4,5.58E-4,3.96E-4,9.0E-4,4.5E-4,6.84E-4,7.02E-4,5.76E-4,3.42E-4,8.1E-4,4.86E-4,8.64E-4,6.48E-4,3.96E-4,7.74E-4,7.91E-4,0.003185,0.002107,0.002989,0.002891,0.002695,0.002057,4.3E-4,5.12E-4,6.8E-4,0.001125,5.51E-4,8.88E-4,0.001012,2.78E-4,8.93E-4,0.001357,8.88E-4,5.56E-4,6.54E-4,9.32E-4,7.72E-4,0.001081,9.5E-4,6.36E-4,6.36E-4,5.69E-4,4.53E-4,9.58E-4,0.001078,0.001421]}