{"timestamp":1736121600000,"multiplier":1.0E-5,"open":1.43009,"high":1.43038,"low":1.42989,"close":1.43034,"shift":60000,"times":[720,1,1,1,1,1,1,1,1,1,1,1,1,1,1,1,1,1,1,1,1,1,1,1,1,1,1,1,1,1,1,1,1,1,1,1,1,1,1,1,1,1,1,1,1,1,1,1,1,1,1,1,1,1,1,1,1,1,1,1,1,1,1,1,1,1,1,1,1,1,1,1,1,1,1,1,1,1,1,1,1,1,1,1,1,1,1,1,1,1,1,1,1,1,1,1,1,1,1,1,1,1,1,1,1,1,1,1,1,1,1,1,1,1,1,1,1,1,1,1,1,1,1,1,1,1,1,1,1,1,1,1,1,1,1,1,1,1,1,1,1,1,1,1,1,1,1,1,1,1,1,1,1,1,1,1,1,1,1,1,1,1,1,1,1,1,1,1,1,1,1,1,1,1,1,1,1,1,1,1,1,1,1,1,1,1,1,1,1,1,1,1,1,1,1,1,1,1,1,1,1,1,1,1,1,1,1,1,1,1,1,1,1,1,1,1,1,1,1,1,1,1,1,1,1,1,1,1,1,1,1,1,1,1,1,1,1,1,1,1,1,1,1,1,1,1,1,1,1,1,1,1,1,1,1,1,1,1,1,1,1,1,1,1,1,1,1,1,1,1,1,1,1,1,1,1,1,1,1,1,1,1,1,1,1,1,1,1,1,1,1,1,1,1,1,1,1,1,1,1,1,1,1,1,1,1,1,1,1,1,1,1,1,1,1,1,1,1,1,1,1,1,1,1,1,1,1,1,1,1,1,1,1,1,1,1,1,1,1,1,1,1,1,1,1,1,1,1,1,1,1,1,1,1,1,1,1,1,1,1,1,1,1,1,1,1,1,1,1,1,1,1,1,1,1,1,1,1,1,1,1,1,1,1,1,1,1,1,1,1,1,1,1,1,1,1,1,1,1,1,1,1,1,1,1,1,1,1,1,1,1,1,1,1,1,1,1,1,1,1,1,1,1,1,1,1,1,1,1,1,1,1,1,1,1,1,1,1,1,1,1,1,1,1,1,1,1,1,1,1,1,1,1,1,1,1,1,1,1,1,1,1,1,1,1,1,1,1,1,1,1,1,1,1,1,1,1,1,1,1,1,1,1,1,1,1,1,1,1,1,1,1,1,1,1,1,1,1,1,1,1,1,1,1,1,1,1,1,1,1,1,1,1,1,1,1,1,1,1,1,1,1,1,1,1,1,1,1,1,1,1,1,1,1,1,1,1,1,1,1,1,1,1,1,1,1,1,1,1,1,1,1,1,1,1,1,1,1,1,1,1,1,1,1,1,1,1,1,1,1,1,1,1,1,1,1,1,1,1,1,1,1,1,1,1,1,1,1,1,1,1,1,1,1,1,1,1,1,1,1,1,5,1,1,1,1,1,1,1,1,1,1,1,1,1,1,1,1,1,1,1,1,1,1,2,1,1,1,1,1,1,1,1,1,1,1,1,1,1,1,1,1,1,1,1,1,1,1,1,1,1,1,1,1,1,1,1,1,1,1,1,1,2,1,1,1,1,1,1,1,1,1,1,1,1,1,1,1,1,1,1,1,1,1,1,1,1,1,1,1,1,1,1,1,1,1,1,1,1,1,1,1,1,1,1,1,1,1,1,1,1,1,1,1],"opens":[0,25,38,-18,-4,5,4,22,35,-6,10,21,19,-11,-17,1,-34,-6,-18,12,7,-11,59,-5,28,-7,14,-6,21,2,24,37,14,-33,-10,-37,-21,18,-2,-8,2,24,41,2,-37,-4,-20,29,-30,-13,10,3,30,23,14,-38,-27,-11,-7,-14,19,-45,-27,33,-34,-2,9,-13,-10,-17,-18,41,-17,15,21,-9,-1,5,36,12,3,-1,-13,34,-12,4,-44,-18,-9,-23,1,19,39,-12,3,5,-3,9,-16,-33,-26,-15,35,2,-12,31,39,-40,2,-12,-2,13,2,-4,42,-18,-7,18,-11,-16,-55,-40,-46,-16,-17,-30,-74,4,-31,9,58,57,22,-18,19,-27,149,338,19,129,-52,73,16,-52,-79,20,-55,11,-98,-60,-34,73,0,25,17,22,5,-20,-43,23,69,45,-33,46,25,-9,-105,-3,-4,-33,-33,18,-32,-25,-31,9,37,11,7,-12,11,-4,1,9,32,-42,-48,2,49,-46,38,-3,32,31,-3,-3,44,34,20,-20,15,34,-26,33,-1,-23,24,13,-13,-22,-13,1,35,-32,17,18,8,86,33,44,-12,-12,38,35,-64,10,-65,54,13,12,50,-92,-27,-26,11,9,10,-10,31,-12,-2,34,-7,20,20,52,-15,2,18,27,-9,-14,21,17,-28,-6,-24,21,-5,4,5,2,13,-11,-18,-16,17,-36,10,-15,-18,-46,-16,-11,1,-17,-17,1,12,-2,14,21,0,-4,-14,-19,34,-19,12,3,-5,22,-6,-11,20,-1,12,20,-4,-33,-10,28,29,12,-4,9,-7,42,4,-9,-41,30,2,-10,-5,1,1,-8,2,-1,14,5,24,-4,-17,20,-42,19,4,6,-13,9,32,-4,-24,2,20,-4,-13,2,5,-31,9,23,-13,7,-13,-8,8,1,-3,11,9,-12,-19,-33,14,5,-31,-1,-7,4,17,26,17,-12,-22,9,43,11,-1,-26,-7,-14,-15,-12,-11,-7,10,-14,-18,12,-4,-10,-3,3,-9,11,11,15,-10,-11,5,29,8,-1,-1,24,6,-4,3,-32,8,-3,-16,2,-9,-4,-7,0,20,10,1,25,14,13,-11,-19,1,14,-8,30,-19,-2,-41,1,-23,12,-20,1,-11,21,-6,9,5,-3,1,-20,-11,-14,-6,-15,8,-1,-11,2,-12,-15,-1,15,-20,1,-8,-2,-21,5,1,4,-7,-18,-7,3,-6,-15,-6,-1,-3,4,-23,-50,-15,29,0,-10,-18,-13,4,11,2,-4,-10,-17,-27,-7,9,18,4,22,-8,8,1,-9,6,-5,-11,-6,11,-11,12,5,5,3,0,-28,3,-3,17,11,4,-3,-11,-21,7,20,14,-11,-13,-10,16,8,-5,-9,-15,-2,-3,-19,5,-6,2,1,-8,-2,16,-5,34,-20,7,-3,-1,-5,-6,-28,-7,1,18,14,-16,2,2,9,2,-1,-1,-5,-9,-1,5,10,-10,0,-14,1,9,0,1,1,-5,-2,2,-3,1,-3,2,-3,2,1,1,-3,0,4,-7,-1,4,-13,3,-3,-1,15,1,1,0,-2,-5,2,0,0,7,-1,11,-1,-36,-100,109,8,1,0,-5,-1,1,5,5,-1,-1,0,1,-1,0,2,-3,0,7,-1,0,1,-1,-4,6,0,0,-2,-1,1,7,-8,8,0,1,-2,1,-2,3,-1,0,5,-2,0,2,-1,2,-2,-2,1,0,-3,2,-1,-7,14,8,4,10,-17,-2,-1,1,-3,-2,7,12,-3,3,3,-1,9,4,2,-4,1,0,8,0,-1,1,8,1,16,-4,-2,1,-8,-15,7,-2,-2,0,0,0,-1,2,7,0,11,-1,0,-2,3,4,8,-1,-2,-6,-1,8,26],"highs":[0,37,3,-12,-3,7,16,31,0,9,25,19,-7,-14,-3,-13,-28,-11,-4,10,6,41,22,5,-4,10,-5,11,7,22,41,8,1,-31,-12,-21,-19,0,-3,2,21,37,7,-4,-29,-12,12,-4,-28,3,1,25,30,8,-3,-30,-35,-9,-9,7,-1,-46,7,1,-32,4,-1,-7,-14,-17,30,-7,-2,24,0,-11,22,16,18,0,6,-11,22,-1,-2,-6,-31,-24,4,-23,21,22,13,-17,6,-7,17,-2,-19,-41,-9,2,9,-5,25,41,-7,-30,3,-12,-1,5,15,22,4,-16,6,7,-2,-37,-52,-43,-33,-26,-20,-29,-49,-17,-6,47,53,18,0,11,-10,180,275,84,107,-8,9,9,-8,-53,-30,-14,-36,-25,-78,-67,38,23,10,4,24,3,15,-29,-26,66,48,-5,34,0,12,-21,-88,25,-38,-36,-16,-5,-25,-32,-23,44,27,-5,-8,5,14,-7,6,16,8,-51,-39,45,-2,-5,27,12,16,15,0,34,27,21,-3,-4,48,0,10,-5,-14,13,-2,2,-10,-25,-13,48,-7,0,2,17,75,35,45,11,2,-4,41,-4,-47,-1,-6,13,8,51,-2,-92,-30,-20,24,8,-11,27,-6,-6,25,16,8,19,43,6,-18,27,24,-7,7,-11,33,-11,-29,-4,-2,6,-9,24,-11,19,-9,-11,-26,11,-3,-20,-12,-16,-16,-48,-15,-2,-5,-16,-18,12,-2,19,14,7,-3,-8,-6,14,1,-9,2,-2,15,-1,-7,7,10,1,31,13,-26,-32,22,31,12,12,-9,-2,40,1,-5,-9,-8,7,-8,-10,1,-1,-1,3,-6,17,-2,31,-1,-9,1,0,-22,11,0,-1,10,13,16,-16,-14,10,3,-5,-10,28,-24,-22,33,-11,-3,7,-23,6,-3,-1,10,14,2,-22,-19,-15,16,-13,-25,-1,-10,22,32,7,9,-23,-2,34,9,2,-3,-26,-6,-12,-18,-6,-16,8,-6,-11,-10,11,-13,-11,5,-2,-1,14,19,-4,-12,-6,33,5,0,3,22,-1,2,3,-3,-21,20,-27,-6,-1,-11,-4,-10,24,4,7,47,-16,18,1,-15,-12,13,-5,22,0,-19,-2,-26,-14,-9,-2,-16,3,7,4,5,9,-9,-5,1,-14,-19,-11,-9,-4,7,-11,-4,-5,-12,-10,12,-3,-2,-5,-16,-5,-12,-3,12,1,-14,-19,-2,5,-11,-10,-12,3,-4,2,-27,-42,24,-12,-2,0,-32,-9,18,-4,5,-10,-5,-22,-20,-2,27,-5,20,9,-5,-3,1,-3,4,-10,-12,6,0,-2,9,3,3,4,-3,-25,-1,16,10,14,-3,-6,-16,-12,21,10,4,-12,-15,14,0,0,0,-9,-9,-7,-7,-17,7,0,7,-16,1,8,4,26,10,-26,3,-5,0,-5,-4,-29,-9,16,16,2,-17,1,11,3,-1,-1,-1,-2,-13,2,16,-4,-6,-3,-14,11,0,0,0,1,-6,-1,1,-1,0,-2,0,0,-1,1,1,-3,0,5,-5,0,1,-13,2,-2,18,-1,1,0,-2,-1,-2,-3,2,7,2,9,7,-10,-37,9,6,3,0,0,-5,-1,8,-1,4,3,-5,2,-1,0,1,0,-3,0,7,-1,0,1,1,1,0,1,-2,-2,0,7,1,-8,7,1,0,-1,0,1,0,0,0,10,-6,-1,5,0,-1,-4,0,1,-2,-1,0,8,7,3,5,0,5,-17,6,-4,-4,-3,3,11,3,0,7,-2,6,13,-5,0,-5,2,7,-1,2,-1,6,3,15,1,-4,-2,0,-8,-9,3,2,-8,2,-2,0,2,11,-5,13,-2,0,2,-3,3,16,-6,-1,-2,-6,7,26,1],"lows":[0,35,25,-7,4,6,-2,29,15,2,7,36,4,-20,-3,-22,-15,-10,0,6,-1,4,54,-5,18,-10,13,-2,31,1,30,35,-23,-9,-40,-18,-4,10,-1,-3,14,18,29,-18,-10,-15,0,-8,-9,4,6,7,30,15,-22,-23,-10,-6,-12,-2,-22,-30,0,-2,-26,16,-8,-9,-8,-31,11,25,0,14,15,-18,17,7,36,-7,10,-22,20,14,5,-37,-33,-17,-2,0,3,15,26,-4,5,-4,3,0,-30,-24,-18,-7,28,-12,17,30,0,-3,-6,-12,-1,21,-8,7,21,-9,6,7,-20,-60,-42,-50,-1,-30,-38,-61,4,-24,-3,13,58,37,14,7,-11,-12,118,291,102,53,35,40,-45,-38,-10,-59,25,-74,-60,-40,5,63,2,22,19,14,-2,-49,10,22,51,21,10,28,23,-104,2,-9,-25,-45,12,-21,-16,-35,-42,33,55,0,6,4,-10,-1,7,14,-1,-72,0,24,-1,-13,42,8,25,23,4,-4,49,20,9,-5,30,10,-8,26,-19,-2,30,-6,-14,-10,-34,34,-9,5,9,34,8,82,26,39,-17,-6,53,-30,-9,-45,-11,62,8,16,-54,-28,-14,-17,19,14,-7,13,-1,0,14,33,-3,22,19,32,-2,6,23,11,-9,2,14,-13,-1,-19,-9,22,-6,9,-10,20,3,-17,-19,-1,-27,11,-8,-16,-50,-22,-8,1,-11,-18,-11,14,-8,18,2,24,2,-12,-20,0,17,0,8,-5,1,16,-3,-1,18,-7,20,13,-32,-14,4,25,34,9,-1,-1,-5,43,-6,-32,-12,31,-5,-4,-2,3,-11,10,-8,8,7,12,21,-17,-3,-20,-1,21,-1,-9,5,9,29,-27,4,-13,29,-15,-3,9,-25,-4,12,9,-4,-3,-7,1,-2,4,0,14,-10,-12,-33,0,5,-21,-3,-2,-15,20,18,26,0,-20,-1,13,33,9,-16,-8,-18,-12,-9,-13,-9,0,-6,-15,-6,14,-14,-8,12,-6,0,10,12,3,-11,-1,8,29,0,2,0,23,3,4,-31,-7,11,-14,-3,-6,-9,1,-8,6,20,6,7,23,15,3,-24,-3,8,5,2,9,-10,-31,-6,-26,4,-6,-8,-3,3,17,0,4,5,-8,-9,-12,-24,-3,-9,-1,9,-10,-3,-19,-5,-5,1,0,-1,-8,-11,-12,0,1,7,-8,-20,1,-1,-8,-10,-13,1,2,-1,-21,-51,-13,2,25,-7,-18,-13,1,0,10,0,-15,-7,-32,-6,2,9,14,-3,24,1,-5,3,-1,3,-13,-9,5,-1,2,9,-1,14,-5,-24,0,0,3,18,8,1,-10,-22,-1,10,21,2,-13,-9,0,16,-4,-3,-15,0,-9,-16,-6,6,-9,12,-12,0,-4,15,3,17,-12,3,-1,2,-10,-21,-6,-4,-2,24,-5,2,2,2,10,-4,4,-7,-10,-2,2,7,1,-1,-13,-7,7,9,-1,0,-1,-3,-1,1,-1,-2,0,1,-2,0,1,0,-4,1,0,-1,0,-17,5,3,-7,5,7,10,1,-2,-5,0,1,1,-1,7,-7,6,-7,-18,-100,108,6,4,-1,-5,0,-1,4,8,-7,3,-1,1,1,1,-1,0,0,6,0,0,1,-5,0,5,1,0,-3,0,0,8,-8,8,-6,4,1,-1,0,0,1,1,2,0,1,0,0,1,-2,-1,2,-3,0,0,-11,5,10,12,4,-9,0,-4,2,-3,-8,8,6,5,5,3,-2,3,10,4,-4,2,0,1,7,-1,1,-1,10,0,12,0,-3,-3,-17,0,2,2,-5,4,0,-2,0,2,6,2,8,1,0,-1,2,5,6,-1,-8,1,0,8,18],