{"timestamp":1426982400000,"multiplier":1.0E-5,"open":0.778,"high":0.77809,"low":0.778,"close":0.77809,"shift":60000,"times":[1260,1,1,1,1,1,1,1,1,1,1,1,1,1,1,1,1,1,1,1,1,1,1,1,1,1,1,1,1,1,1,1,1,1,1,1,1,1,1,1,1,1,1,1,1,1,1,1,1,1,1,1,1,1,1,1,1,1,1,1,1,1,1,1,1,1,1,1,1,1,1,1,1,1,1,1,1,1,1,1,1,1,1,1,1,1,1,1,1,1,1,1,1,1,1,1,1,1,1,1,1,1,1,1,1,1,1,1,1,1,1,1,1,1,1,1,1,1,1,1,1,1,1,1,1,1,1,1,1,1,1,1,1,1,1,1,1,1,1,1,1,1,1,1,1,1,1,1,1,1,1,1,1,1,1,1,1,1,1,1,1,1,1,1,1,1,1,1,1,1,1,1,1,1,1,1,1,1,1,1],"opens":[0,1,10,32,-1,0,-1,0,1,14,26,-15,-1,4,16,28,2,5,7,45,21,-5,12,15,-10,13,-10,4,-23,-10,1,-3,1,-1,31,-2,2,-15,1,18,10,-4,0,2,0,4,29,-33,0,11,-21,1,-3,-14,-14,-8,-6,-3,7,25,4,-26,0,-43,2,0,1,6,-6,-1,-2,1,0,2,-12,0,27,10,-1,-7,-46,-6,13,21,-11,-14,5,10,-24,1,-37,-1,28,0,11,1,-43,3,23,6,6,-27,-15,2,14,4,0,-6,-13,20,12,9,-6,-10,9,-21,0,0,-7,-5,-23,0,-7,7,-4,-3,1,9,-8,-19,-1,-9,-2,8,9,-46,35,2,-11,-14,-6,-50,39,-6,6,-30,17,12,3,1,-8,-19,-16,-8,-6,55,-20,-12,2,0,0,-9,-9,2,11,22,23,17,11,30,-32,-3,36,-31,11,29,-40,6,15,-9],"highs":[0,2,32,0,-1,1,-1,-1,31,-2,24,-22,-3,16,32,2,-2,22,32,25,5,17,-2,0,6,20,-24,11,-10,-39,1,3,-5,40,-10,10,-2,-22,19,9,0,-4,6,-3,17,23,-5,-20,-1,-4,-17,-2,1,-16,-17,-5,-8,3,30,1,4,-32,0,-35,-5,5,2,1,-8,-1,-2,2,1,0,-12,28,16,1,-9,-7,-32,-1,26,-10,-10,3,-1,-1,-25,10,-28,20,-1,18,-14,-3,-39,25,4,5,11,-35,-17,25,-2,4,-6,-6,7,10,18,-4,-6,0,-1,-22,-2,0,-7,-7,-10,-9,3,-7,-2,-2,9,-2,-3,-24,6,-16,19,-3,-1,-11,2,0,-11,-8,-12,-11,0,0,0,-12,13,3,4,-5,0,-27,-2,-12,40,-1,-20,-9,-1,4,-4,-9,-9,17,13,31,10,38,18,-8,-30,29,-1,-20,41,-3,-21,0,-7,-4],"lows":[0,1,4,37,0,-1,0,0,1,14,11,-2,1,4,16,28,2,-1,13,42,-3,8,11,18,2,7,-4,-19,-12,2,-2,-5,2,3,29,-33,18,2,0,19,6,-1,1,-6,8,3,-27,24,0,-18,7,-9,-7,-13,-8,-6,-4,1,7,18,-33,18,-49,6,-7,4,5,0,0,-9,2,6,0,-11,-1,-1,24,11,-3,-47,-10,-6,24,-8,0,-14,14,-6,-9,-38,-27,38,22,6,9,-50,2,11,0,13,-16,-4,-4,6,11,2,-8,-9,0,21,11,6,-10,0,-13,-8,3,-2,-7,-18,-4,-22,13,7,-5,-7,10,-2,-16,-1,-18,-1,1,15,-37,0,35,-10,-15,-4,-57,7,29,0,-19,-1,16,11,1,-30,8,-17,-7,-16,5,27,-1,-1,4,1,-7,-13,2,2,1,32,19,21,10,-4,-4,3,6,-4,15,-10,-5,10,-8,14],"closes":[0,2,32,-1,0,-1,1,-1,10,15,1,-2,4,16,31,3,-2,11,43,25,-8,20,8,-9,12,-6,-1,-19,-12,-1,-2,-4,1,37,-5,12,-22,-2,19,9,-4,0,0,2,4,17,-20,4,6,-22,4,-1,-19,-8,-13,-6,-4,7,22,5,-31,8,-43,0,2,1,6,-7,0,-2,0,2,0,-11,-2,30,11,-2,-8,-47,-5,12,23,-12,-11,6,4,-18,-4,-31,-6,28,0,10,2,-44,3,19,11,6,-28,-14,-1,17,5,-1,-5,-14,18,14,9,-6,-10,9,-22,0,1,-7,-6,-20,-2,-6,6,-2,-6,-2,12,-7,-19,-1,-9,-5,11,9,-46,35,0,-9,-16,-4,-50,37,-4,6,-29,16,11,5,1,-8,-19,-17,-8,-6,56,-20,-12,2,-2,1,-7,-13,2,14,14,29,14,14,31,-32,-3,35,-30,10,30,-39,5,14,-10,6],"volumes":[1.12,1.3,2.6,0.85,18.43,24.82,5.96,3.54,35.07,29.81,37.01,23.06,9.26,55.87,101.99,31.27,8.44,44.3,36.0,70.6,43.12,45.72,34.28,34.83,25.23,59.02,23.69,61.96,54.09,3.04,6.28,32.52,13.35,43.7,6.82,27.81,29.09,11.7,13.28,10.37,9.48,11.96,23.59,20.02,25.39,71.86,140.44,46.65,25.85,152.57,44.88,23.29,45.99,91.04,12.59,33.09,33.02,20.75,72.53,2.55,17.15,5.25,12.8,10.57,23.18,61.29,32.06,20.87,11.5,22.73,9.27,7.7,5.37,27.07,2.0,38.65,74.08,58.78,32.17,66.91,41.41,121.49,49.17,124.59,69.28,87.87,65.18,76.07,56.98,215.99,205.5,222.27,106.06,145.38,61.03,111.33,41.67,56.41,146.87,53.1,186.38,58.2,53.35,49.25,54.91,41.48,52.62,35.79,54.88,25.35,61.22,37.26,59.92,38.7,61.2,34.15,36.06,42.97,30.15,40.02,100.03,91.33,63.38,26.0,41.62,38.5,27.5,32.63,66.73,35.17,54.63,34.55,108.9,49.49,75.95,37.22,15.31,42.43,20.6,35.39,127.21,69.18,32.43,29.9,40.52,35.57,36.02,27.15,53.09,43.73,45.12,38.67,79.0,76.83,63.29,41.47,37.96,47.94,4.7,14.53,13.49,20.37,1.0,23.68,41.64,136.08,53.84,110.5,74.56,90.3,89.2,125.57,75.63,54.41,93.52,193.51,104.31,56.05,136.84,13.81]}