{"timestamp":1425772800000,"multiplier":0.001,"open":17882.917,"high":17882.917,"low":17880.98,"close":17880.98,"shift":60000,"times":[1324,1,1,1,1,1,1,1,1,1,1,1,1,1,1,4,1,2,1,1,1,1,1,1,2,3,1,1,3,4,2,1,2,1,1,2,1,2,3,1,1,1,1,1,1,2,1,3,2,1,1,1,1,2,1,1,1,2,1,1,1,1,1,1,1,1,1,1,1,3,6,2,2,1,1,4,1,1,1],"opens":[0,-4005,-1963,-4026,-1981,-982,1944,-920,-992,910,-2956,984,-946,-987,-5,-6036,4003,1024,5899,-2918,-993,5023,5,-64,-6,-10,2052,-5041,66,2935,-13,1002,9,3021,-968,-5,-5073,-1934,941,-1999,-947,-3029,-1992,-5005,1985,-1994,4000,5050,1977,-2980,-1065,-960,-2010,-1035,58,25,-2000,-43,998,1030,988,1962,1021,-991,987,3039,979,-44,65,-2070,-926,986,-1032,-988,-5030,2058,-1,-1015,1998],"highs":[0,-3956,-2012,-1962,-4045,-5,967,-920,-992,910,-988,-4,-996,-1917,-5,-2010,-23,7026,949,-3970,5028,968,-1961,-64,-6,3983,-1941,-4977,1949,988,15,974,2025,2010,-967,-1011,-5073,-1934,941,-1999,-947,-1975,-3046,-4009,989,1007,999,6055,972,-2980,-27,-1033,-2975,33,-1010,25,-2000,-43,998,1030,1993,957,1021,-991,3017,1009,979,1039,-1018,-2070,-926,986,-29,-1991,-5030,2981,-924,-61,4057],"lows":[0,-4011,-2986,-2048,-2970,-1975,1993,-33,1042,-3997,911,93,908,-1994,1079,-6036,3940,1087,-70,3051,-993,4026,-1022,986,37,921,-2002,-2010,1089,2003,-65,999,996,2988,-935,-4077,-1969,-1959,1007,-1072,-2001,-2956,-7990,946,40,-14,4993,5050,988,-3994,-23,-988,-1021,-1035,-996,-971,-1017,61,1961,1030,-7,2001,1977,-991,987,3039,-20,-14,18,-1054,-926,-1029,945,-4995,-985,2058,-1,-1015,1020],"closes":[0,-3056,-3941,-2000,-3018,1972,-1025,-962,1042,-3089,1069,1023,-1088,-1994,1079,-3078,982,7089,-4007,986,2949,84,-29,-7,37,1911,-2992,-2010,3036,56,947,-13,1999,1985,71,-5083,-1969,-971,19,-1072,-2001,-2956,-6974,1954,-1984,3980,999,6055,-17,-3994,931,-1942,-1021,33,-2064,-2,-1935,929,1042,1030,1993,943,1035,-991,3017,1009,-20,1961,-1957,-1054,-926,-1029,945,-4943,-1037,2981,-924,-61,66],"volumes":[0.00153,0.0051,0.00255,0.00612,0.00153,0.00459,0.00255,0.00153,5.1E-4,0.00408,0.00357,0.00306,0.00153,0.00102,5.1E-4,0.00357,0.00102,0.00612,0.00459,5.1E-4,0.00306,0.00459,0.0051,0.00102,0.00102,0.00408,0.00204,0.00204,0.00153,0.00102,0.00153,0.00102,0.00153,0.00153,0.00102,0.00255,0.00102,0.00153,0.00102,5.1E-4,0.00102,0.00306,0.00714,0.00306,0.00153,0.00204,5.1E-4,0.00102,0.00102,0.00153,0.00255,0.00153,5.1E-4,0.00102,0.00102,0.00204,0.00204,0.00153,5.1E-4,5.1E-4,0.00204,0.00153,5.1E-4,5.1E-4,0.00153,5.1E-4,0.00102,0.00408,0.00102,5.1E-4,5.1E-4,0.00255,0.00153,0.00357,5.1E-4,0.00102,5.1E-4,0.00102,0.00204]}