{"timestamp":1425168000000,"multiplier":0.001,"open":18151.65,"high":18154.607,"low":18151.65,"close":18154.607,"shift":60000,"times":[1380,1,1,1,1,1,1,1,1,1,1,1,1,1,2,4,1,1,1,1,1,1,4,2,1,3,1,1,2,2,1,2,2,1,1,1,1,1,1,1,6],"opens":[0,3971,3056,3179,-1068,7912,-1983,2146,97,-326,1279,816,-842,-1201,3307,-171,5098,1825,2249,-141,-2117,11,-2017,-778,-3952,971,-175,844,236,-1150,1274,761,-871,801,-64,-686,-1098,-122,-1056,-941,892],"highs":[0,2376,5832,-852,6718,19,177,830,3186,-2012,825,-977,-842,-1201,3307,3831,1168,3958,44,-118,-2140,11,-2017,-778,-3952,971,-175,2196,-1116,-7,131,761,86,-78,-142,-686,-172,-1048,244,-2241,892],"lows":[0,955,3894,4311,-22,5857,72,923,1320,-326,1279,-1138,189,-278,1150,1986,3779,2036,2026,112,-1899,71,-1217,-3980,-750,-248,84,1132,-1244,-21,2297,761,-1828,730,964,-686,-3215,1995,-1102,-895,892],"closes":[0,2301,5852,-1024,5866,337,-115,-184,2160,1010,851,-2886,916,-1005,2075,5063,1103,1736,1119,-7,-1899,71,-1217,-3951,-779,-248,943,273,-1244,-21,2297,761,-1156,392,630,-686,-2311,1091,-1102,-895,892],"volumes":[0.00108,0.00252,0.00252,9.0E-4,0.00162,0.0018,0.00144,0.00108,0.0018,0.00126,9.0E-4,5.4E-4,7.2E-4,1.8E-4,7.2E-4,5.4E-4,0.00126,0.00162,0.0018,7.2E-4,3.6E-4,3.6E-4,1.8E-4,0.00144,1.8E-4,3.6E-4,5.4E-4,0.00144,5.4E-4,0.00144,1.8E-4,1.8E-4,9.0E-4,7.2E-4,1.8E-4,1.8E-4,0.00108,1.8E-4,0.00126,1.8E-4,1.8E-4]}