{"timestamp":1426377600000,"multiplier":0.001,"open":1158.72,"high":1158.72,"low":1157.788,"close":1157.788,"shift":60000,"times":[1320,1,1,1,1,1,1,1,1,1,1,1,1,1,1,1,1,1,1,1,1,1,1,1,1,1,1,1,1,1,1,1,1,1,1,1,1,1,1,1,1,1,1,1,1,1,1,1,1,1,1,1,1,1,1,1,1,1,1,1,1,1,1,1,1,1,1,1,1,1,1,1,1,1,1,1,1,1,1,1,1,1,1,1,1,1,1,1,1,1,1,1,1,1,1,1,1,1,1,1,1,1,1,1,1,1,1,1,1,1,1,1,1,1,1,1,1,1,1,1],"opens":[0,-892,502,-270,56,-135,-139,-421,258,-176,-74,9,-258,-241,14,-112,-162,-199,308,151,89,280,21,-450,60,-551,94,-102,399,0,300,1,-192,141,-49,100,-69,-302,129,-259,1,-101,-40,-1,174,67,-150,0,259,-50,-299,-60,-199,58,-356,-111,-121,-8,137,141,60,-199,38,260,600,101,199,201,-100,-390,-211,23,-260,-337,223,-91,-218,82,20,-89,346,302,-151,-24,-3,2,-86,-29,112,-333,60,74,-155,232,300,49,-160,94,-127,-46,-58,-12,186,-11,-39,48,-2,-49,140,187,39,113,-129,0,-52,152,-101,100,-58,59],"highs":[0,-516,192,-125,-79,-116,-234,-54,-109,-98,-152,151,-400,-101,-126,-112,-161,108,192,100,248,152,-150,-178,-213,-409,-42,292,0,300,0,0,0,-50,108,-58,-69,-254,81,-258,0,-101,0,112,61,28,-102,261,-50,-51,-160,-198,-150,8,-355,-112,-121,305,-43,68,0,-179,279,600,100,201,199,0,-100,-390,-184,-4,-206,-141,-27,-91,-8,-111,3,280,279,21,-100,-96,14,-10,-90,82,0,-33,-166,0,78,300,48,0,-122,71,-136,-52,-45,172,-11,16,7,-25,-2,99,501,-300,167,-37,-29,-100,107,-7,-1,17,84,-49],"lows":[0,40,223,8,-56,-287,-295,0,107,-90,-150,-108,-301,52,-90,-212,-150,0,309,150,90,251,-400,0,-800,300,-91,91,400,0,200,-91,-9,-38,138,49,-289,-160,0,0,-100,-40,-47,0,90,79,-32,0,150,-240,-60,-241,34,-351,-170,13,-53,31,137,100,-138,-30,108,260,500,200,200,0,-300,-200,0,-238,-385,49,106,-192,-18,77,-47,-30,377,130,10,-33,17,-84,-2,-27,-271,-17,1,29,-30,278,293,-151,-16,12,-62,-33,-31,27,185,-58,-36,92,-48,-3,142,187,39,-17,0,-64,-14,78,-50,80,-29,0],"closes":[0,416,-136,82,-147,-161,-421,258,-100,-141,-49,-150,-259,-1,-138,-161,-201,309,100,50,390,2,-450,59,-588,137,-109,401,0,300,-1,-191,191,-100,100,0,-340,-59,-100,-1,-99,-41,-47,187,72,-90,-31,258,-50,-299,-59,-201,-7,-293,-108,-107,-24,151,110,78,-198,10,289,600,99,202,198,-100,-390,-209,23,-262,-336,223,-95,-214,99,0,-87,370,278,-161,0,-33,17,-84,-2,85,-383,110,74,-171,249,300,48,-147,25,-71,-35,-69,13,172,-11,-47,70,-27,-34,109,203,22,167,-137,-28,-40,146,-108,100,-70,70,52],"volumes":[0.02529,0.00911,0.0114,0.01376,0.0097,0.01037,0.01336,0.0285,0.01987,0.0246,0.01181,0.03121,0.01978,0.01701,0.01542,0.0124,0.0199,0.02353,0.01513,0.007,0.01293,0.01065,0.01365,0.02604,0.01971,0.00747,0.01578,0.01175,0.00682,0.00862,0.00625,0.01197,0.01098,0.02093,0.01728,0.0034,0.0115,0.01651,0.01814,0.02211,0.00716,0.00528,0.00245,0.01277,0.00255,0.00449,0.01596,0.01508,0.01694,0.01142,0.01246,0.01264,0.00372,0.01079,0.01381,0.00659,0.00481,0.01605,0.00979,0.00459,0.00677,0.00277,0.01276,0.02614,0.01573,0.00619,0.01305,0.00856,0.03241,0.01419,0.00261,0.00371,0.00896,0.0244,0.0067,0.0118,0.01288,0.00464,6.0E-4,0.01677,0.02027,0.0131,0.00245,0.00111,0.00693,0.00275,0.00335,0.01337,0.00978,0.01614,0.00537,0.00521,0.0145,0.01062,0.00386,0.00863,0.00654,0.00481,0.00556,0.00333,0.00119,0.01373,0.00111,0.00629,0.00371,7.4E-4,0.00185,0.00652,0.02221,0.00477,0.00838,0.01271,0.00926,0.00348,0.01073,0.0115,0.00607,0.00994,0.01847,0.01386]}