{"timestamp":1160870400000,"multiplier":1.0E-5,"open":1.27273,"high":1.27331,"low":1.27273,"close":1.27325,"shift":60000,"times":[1260,1,1,1,1,1,1,1,1,1,1,1,1,1,1,1,1,1,1,1,1,1,1,1,1,1,1,1,1,1,1,1,1,1,1,1,1,1,1,1,1,1,1,1,1,1,1,1,1,1,1,1,1,1,1,1,1,1,1,1,1,1,1,1,1,1,1,1,1,1,1,1,1,1,1,1,1,1,1,1,1,1,1,1,1,1,1,1,1,1,1,1,1,1,1,1,1,1,1,1,1,1,1,1,1,1,1,1,1,1,1,1,1,1,1,1,1,1,1,1,1,1,1,1,1,1,1,1,1,1,1,1,1,1,1,1,1,1,1,1,1,1,1,1,1,1,1,1,1,1,1,1,1,1,1,1,1,1,1,1,1,1,1,1,1,1,1,1,1,1,1,1,1,1,1,1,1,1,1,1],"opens":[0,47,-9,34,-42,-10,33,-23,1,-18,1,23,5,-42,17,10,-14,-1,2,6,-34,11,-19,13,26,-24,34,38,-43,32,8,-15,8,4,-5,3,35,-32,-1,-32,-4,49,-27,-23,17,1,-5,42,-15,46,-6,15,0,-15,-27,14,-17,-36,7,54,-20,21,7,2,18,-18,22,-24,6,-9,7,-7,-2,34,-34,19,-31,14,24,-2,-2,12,3,-3,9,19,1,-18,2,0,-5,-12,-15,31,-10,-14,5,1,9,-6,1,-19,13,-19,-12,31,-7,15,-32,24,-14,13,-22,-1,7,37,-29,-5,7,-9,11,-20,21,0,-27,2,7,9,-1,-10,7,-7,-5,21,-3,-1,6,-11,-4,-2,-1,-10,17,-12,-1,13,-9,20,24,-37,-3,2,7,7,-24,31,-5,-2,-20,19,-15,6,-6,-4,28,-4,-12,-22,15,7,-15,23,9,-5,1,-11,20,-12,-17,20],"highs":[0,0,16,-2,-6,-8,-1,-18,3,-14,3,6,41,-47,2,0,-8,17,-6,-10,6,-11,-42,39,-1,2,36,27,-8,-12,11,-7,-4,-1,6,-3,29,5,-30,10,-20,14,-20,15,0,-19,43,16,-1,15,2,3,8,-27,4,-15,-6,-33,35,5,-12,31,-1,5,7,-9,12,-10,-9,7,-6,18,-10,15,-19,35,-9,-8,-8,6,-5,7,14,6,5,13,-8,-11,2,2,2,-7,-16,10,-10,8,2,11,-16,-5,0,-6,-1,-8,10,-1,0,4,-17,9,-14,13,-13,10,26,-2,-29,3,6,-15,11,7,2,-9,-14,-1,5,16,-11,5,-9,20,1,-14,-2,6,-4,-5,-3,12,-11,2,1,-9,16,-14,13,28,1,-31,13,-23,10,10,-3,1,2,-10,-2,1,0,6,-8,14,1,-7,-13,-3,7,2,5,0,6,-2,2,-8,13,-6,-7,25],"lows":[0,34,-1,13,-23,-8,-5,-3,16,-10,-5,-28,20,-7,22,-6,1,2,-6,-7,-13,1,-18,-2,31,-20,37,32,-28,17,8,-1,-17,-2,2,5,27,-1,-23,-7,-4,0,0,-1,9,-6,10,31,-4,36,-5,10,-27,-1,-2,-11,-22,-5,8,5,23,19,8,1,8,-6,-4,0,-2,-3,-2,2,-2,22,-12,6,-18,14,5,-9,7,11,-2,20,9,2,-7,3,0,-1,-15,-3,-7,7,-2,-3,-2,13,-3,-12,-11,11,-11,-5,-2,6,4,-2,-6,13,0,7,-14,-6,12,-8,-3,1,-6,0,2,6,-13,26,-23,-4,5,8,-9,11,-4,0,-5,10,2,4,-2,-1,-15,10,-11,-5,8,4,-1,-3,-4,6,16,-16,-16,9,15,1,-10,2,9,-3,-14,0,12,2,-1,-8,11,-6,-13,0,2,14,-8,14,-6,-4,19,-18,27,-26,6,5],"closes":[0,1,12,-3,-26,18,-44,29,-14,-10,-1,-34,20,23,-8,-6,4,11,8,-17,-11,11,-44,47,-13,14,26,2,3,1,0,0,-25,5,4,13,18,-9,-16,14,-13,-16,-1,26,-14,-12,57,20,4,8,8,-4,-42,0,27,-41,18,-23,21,-3,9,30,-16,22,-12,3,-4,4,-12,15,-4,20,-15,-3,1,-7,33,-5,-19,-7,15,1,4,16,13,-4,-8,7,-5,-7,15,-32,13,0,-1,0,3,2,-8,0,-18,16,-8,-17,3,22,-2,-21,-2,9,-4,12,-15,-10,51,-40,-3,14,-18,10,-16,23,-21,18,-11,-9,11,-6,9,13,-10,21,-29,1,13,2,-13,3,0,-9,6,1,-1,-2,13,-25,29,28,-39,-12,8,3,-3,9,8,-19,11,-6,-4,-3,9,-6,4,1,9,-13,-15,4,19,1,4,3,-17,-9,22,-8,14,-15,11,25],"volumes":[147.0,104.0,198.9,184.2,112.7,115.1,251.6,258.2,136.5,164.4,176.3,232.5,113.2,148.9,132.1,71.5,191.7,202.0,200.2,113.5,190.5,215.9,132.1,148.8,83.2,20.7,146.2,179.3,122.2,118.0,218.0,88.5,37.7,114.5,131.0,120.7,239.9,225.1,115.7,141.4,234.0,222.0,197.0,196.1,228.4,83.2,86.0,177.1,104.0,101.2,150.0,155.9,129.9,228.3,86.3,85.7,79.9,79.4,52.6,225.3,206.5,173.2,115.0,87.7,135.8,117.6,154.9,194.0,181.5,196.9,143.4,251.9,113.2,159.4,258.5,194.2,153.2,279.2,197.2,187.4,92.0,151.2,237.9,108.8,169.7,164.6,214.3,202.4,215.7,170.6,194.5,154.9,83.6,175.9,140.3,171.0,80.7,157.4,165.9,327.0,316.5,100.1,224.6,133.9,189.9,213.7,48.2,196.5,180.4,139.4,55.1,178.6,129.4,214.9,123.6,120.8,104.1,293.0,164.2,71.9,96.2,79.2,179.2,63.3,209.9,90.9,192.9,221.2,150.9,114.3,114.9,151.2,71.9,139.7,180.6,250.2,216.5,123.1,125.2,239.3,205.7,249.8,151.3,121.1,221.0,62.3,129.2,141.2,47.2,172.9,209.7,145.1,162.1,201.9,178.4,136.1,197.0,229.7,109.2,133.8,205.1,273.5,154.3,164.6,150.4,206.5,42.8,176.1,156.9,145.0,115.2,154.0,87.1,160.3,143.2,61.8,178.4,138.3,228.1,189.5]}