{"timestamp":1674950400000,"multiplier":0.001,"open":7498.599,"high":7500.599,"low":7490.999,"close":7496.659,"shift":60000,"times":[1370,1,1,1,1,1,1,1,1,1,1,1,1,1,1,1,1,1,1,1,1,1,1,1,1,1,1,1,1,1,1,1,1,2,1,1,1,1,1,1,1,1,1,1,1,1,1,1,1,1,1,1,3,1,1,1,1,1,1,1,1,1,1,1,1,1,1],"opens":[0,-2940,0,4030,1970,-1000,880,460,660,-60,-600,1690,-1120,-910,-30,910,-1000,1120,1030,1310,-1000,-1460,150,-1060,2000,-60,-1970,-910,-90,1030,1370,-3340,-120,-970,2090,880,-1940,-940,910,-910,2030,-2000,-1150,30,120,-4150,90,-970,-1120,-1940,90,-30,-3120,-910,-2060,-2030,-1850,970,1970,-970,910,1120,2880,-1030,3060,1400,1000],"highs":[0,-2940,1340,2000,2000,-1000,1000,-1000,660,340,1000,2660,-4090,1060,-2000,910,-540,660,3970,-1630,-1000,-1460,150,880,120,310,-2400,-60,-940,1400,1000,-3310,-150,1060,60,1970,-2630,-370,-60,120,1000,-2000,-1000,2000,-1030,-1970,-1690,-2310,-690,-2400,90,-30,-3120,-910,-1060,-2000,-1570,1690,970,1030,-2000,2970,1000,1340,690,1970,340],"lows":[0,2540,1000,5150,880,-1030,2000,460,-340,-1120,-910,3030,-90,-910,-30,-1030,0,1090,1940,-1030,-1030,430,690,-1150,30,-30,60,-910,-90,-910,-1150,-910,1370,-430,1030,1060,-2000,0,-1030,30,1910,-3030,0,1030,-2910,-1120,0,-1970,-1000,-2030,150,-1090,-3000,-3910,1880,-2000,-940,60,850,1120,-120,2150,880,970,2460,-370,1060],"closes":[0,-2120,4460,2000,660,-1030,2370,-1000,-340,-1120,2150,1000,-1120,30,-970,-1030,1400,540,3030,-2970,-910,310,690,-150,150,-150,-940,-60,-940,1400,-3000,-430,970,0,1120,0,-1030,-940,-1060,1940,430,-3400,30,1940,-3570,-310,-1120,-1030,-1880,-2120,460,-1400,-3000,-2000,0,-2030,-940,1910,-1000,3090,-970,3000,1000,1340,690,970,-970],"volumes":[0.01248,0.00768,0.00384,9.6E-4,0.00336,0.00528,9.6E-4,4.8E-4,9.6E-4,0.0024,0.00864,0.00816,4.8E-4,0.00192,4.8E-4,0.0024,0.00144,0.0024,0.00432,0.0024,0.0072,9.6E-4,4.8E-4,0.00288,0.00288,0.00672,4.8E-4,9.6E-4,4.8E-4,0.00336,0.01008,0.00288,0.00144,0.00192,0.00144,0.00288,0.0024,0.00144,0.00432,0.00384,0.00384,0.00432,0.00288,0.00576,0.00576,0.0048,0.00624,0.0024,0.00384,9.6E-4,0.00192,0.00144,0.00144,0.00768,0.00576,0.00288,0.00336,0.00576,0.00432,0.00432,0.0024,0.00336,0.00432,0.00144,0.00144,0.00336,0.00144]}