{"timestamp":1673136000000,"multiplier":1.0E-5,"open":1.06406,"high":1.06409,"low":1.06401,"close":1.06409,"shift":60000,"times":[1320,1,1,1,1,1,1,1,1,1,1,1,1,1,1,1,3,2,1,1,4,2,2,1,1,1,1,1,1,1,1,1,1,1,1,1,1,1,1,1,1,1,1,1,1,1,1,1,1,1,1,1,1,1,1,1,1,1,1,1,1,1,1,1,1,1,1,1,1,1,1,1,1,1,1,1,1,1,1,1,1,1,1,1,1,1,1,1,1,1,1,1,1,1,1,1,1,1,1,1,1,1,1,1,1,1,1,1,1,1,1,1],"opens":[0,3,0,0,-4,-2,2,0,0,-16,10,6,0,0,1,-1,0,0,0,0,-1,1,-3,2,-2,8,-16,-5,0,-4,-1,0,6,5,1,1,-1,8,-5,-2,5,1,-6,-4,16,-13,13,-12,4,-4,2,-1,-6,59,10,18,-7,-12,-9,-1,-9,-2,0,18,1,-11,14,10,1,6,3,2,26,23,-4,-8,21,-25,0,22,9,4,11,-40,30,-15,7,-27,7,15,1,12,-10,7,-10,-7,4,4,-2,10,4,-4,-2,-2,13,8,18,-1,4,-10,-19,25],"highs":[0,1,-1,1,-5,0,1,-1,0,-16,16,0,1,0,0,0,-1,1,-1,0,0,0,0,0,1,4,-14,-7,0,-4,0,-1,16,6,-2,-7,10,7,-15,16,-12,1,-6,16,-3,0,-1,0,-8,-1,1,7,54,-1,18,-1,-1,-18,-9,0,-9,-1,33,3,-16,1,19,-8,8,5,0,23,30,18,-27,12,-1,-19,18,8,3,20,1,-19,6,-2,-12,-19,17,1,10,18,-21,6,-15,11,-6,-7,20,-3,-5,-3,0,8,10,16,12,-5,-3,-9,6,44],"lows":[0,7,1,-4,-2,0,2,0,-16,0,9,7,-3,3,0,0,0,0,0,0,-1,1,-4,0,1,-13,0,0,-6,-2,1,2,-1,5,6,1,1,-5,2,0,6,-4,-2,0,16,-13,13,-13,-1,2,0,-3,-2,58,9,11,-14,-6,-1,-8,-2,0,0,18,-11,-4,13,5,8,7,4,3,27,6,1,3,-7,0,2,22,5,10,-30,0,13,0,-18,-1,8,7,10,1,-3,4,-19,9,3,1,2,10,-6,0,2,-3,6,12,23,-1,-4,-22,2,25],"closes":[0,0,0,-4,-2,2,0,0,-16,0,16,0,0,0,0,0,0,0,0,0,0,0,0,-3,4,-12,-5,0,-5,1,-3,2,7,3,1,0,12,-8,-2,1,5,-8,-1,16,-1,1,-1,-11,4,-1,-3,-3,56,10,18,-8,-12,-9,0,-8,-3,0,17,2,-12,13,14,-1,6,3,1,27,25,-6,-7,20,-28,1,23,9,5,12,-41,29,-13,5,-25,5,16,3,9,-8,6,-7,-11,5,5,-4,11,4,-6,0,-1,12,9,16,1,4,-10,-20,22,48],"volumes":[1.78,2.2,2.64,3.08,8.36,1.78,3.96,5.28,37.88,9.0,3.14,0.88,6.62,6.16,1.32,3.52,0.44,2.2,0.44,0.44,0.88,0.88,12.27,8.5,4.67,649.43,248.54,38.32,33.88,33.28,40.5,9.0,44.1,292.29,43.92,18.0,25.2,100.62,17.28,109.05,41.76,47.7,26.97,207.46,62.1,33.48,20.7,38.7,86.14,67.68,66.06,254.57,267.91,16.9,245.53,52.51,161.49,98.4,63.38,87.98,20.89,39.72,372.96,323.6,298.62,331.61,208.98,139.09,77.38,148.48,130.58,149.81,222.02,430.97,222.04,248.33,139.54,165.97,93.62,148.6,222.16,484.72,180.23,222.32,462.3,541.04,558.6,271.52,244.26,143.74,170.82,466.35,179.55,71.92,92.64,62.0,96.46,55.82,79.28,120.62,166.88,232.56,105.06,79.88,92.78,78.58,221.73,192.48,46.46,257.67,108.11,276.04]}