{"timestamp":1673740800000,"multiplier":1.0E-5,"open":1.08288,"high":1.08306,"low":1.08279,"close":1.08306,"shift":60000,"times":[1320,2,1,1,1,1,1,1,1,1,1,1,1,1,1,1,1,1,1,1,3,3,1,2,1,2,1,1,1,1,1,1,1,1,1,1,1,1,1,1,1,1,1,1,1,1,1,1,1,1,1,1,1,1,1,1,1,1,1,1,1,1,1,1,1,1,1,1,1,1,1,1,1,1,1,1,1,1,1,1,1,1,1,1,1,1,1,1,1,1,1,1,1,1,1,1,1,1,1,1,1,1,1,1,1,1,1,1,1,1,1,1,1],"opens":[0,19,5,2,3,32,-34,0,0,0,0,0,0,0,0,0,0,0,0,0,0,0,0,-10,0,0,0,5,13,1,-6,-13,0,8,-8,15,-15,0,0,0,4,2,1,5,0,7,-7,0,3,1,-4,0,0,0,1,-6,1,-7,-13,-13,4,-3,1,3,8,10,-7,-12,-24,-10,6,-40,22,-16,23,-28,-2,-13,8,9,2,-3,1,0,23,23,20,-5,8,4,-2,-3,0,-6,2,4,-6,5,-7,-21,-6,2,-3,-22,34,-13,-9,2,-5,-2,11,-9,-13],"highs":[0,1,8,35,-1,0,-34,0,0,0,0,0,0,0,0,0,0,0,0,0,3,-3,0,-10,0,0,5,17,-3,2,-7,-11,4,1,8,1,-10,-6,1,3,6,0,1,4,5,-2,1,7,-10,-1,-3,-1,0,8,8,-14,-6,-7,-7,-9,-5,-1,-1,16,7,-2,-6,-13,-20,0,-9,-10,-1,-1,17,-32,-13,2,7,-5,9,-5,1,20,17,35,-5,10,5,0,-17,-1,-2,3,-1,-2,3,-4,-7,-17,0,-8,-3,10,2,-11,-6,0,-8,8,1,-9,-8],"lows":[0,28,4,3,3,-2,0,0,0,0,0,0,0,0,0,0,0,0,0,0,0,0,-10,0,0,0,0,5,13,-5,-13,0,0,0,0,0,0,0,0,0,0,0,7,-4,9,7,-7,0,0,0,0,0,0,-18,-3,-1,4,-6,-16,1,-1,1,-1,5,5,2,-5,-25,-20,10,-37,4,6,-10,4,-13,-1,-1,9,3,5,-5,5,-1,21,24,15,3,3,6,-6,-2,1,-4,5,-3,-1,0,-25,-3,1,-4,-18,-1,16,-4,-4,-7,-1,6,5,-14,-5],"closes":[0,1,7,3,32,-34,0,0,0,0,0,0,0,0,0,0,0,0,0,0,0,0,-10,0,0,0,5,14,0,-6,-13,0,7,-7,16,-16,0,0,0,5,-5,11,0,4,4,0,-6,5,-1,-5,0,0,0,8,-14,1,-6,-13,-12,2,-3,1,2,12,8,-7,-12,-23,-12,6,-39,24,-18,22,-26,-3,-11,5,10,0,-1,1,0,20,23,24,-6,9,2,-2,-5,5,-7,1,3,-5,5,-7,-22,-5,2,-6,-18,31,-11,-9,1,-5,-2,10,-5,-14,-1],"volumes":[7.2,3.5,2.7,23.62,3.81,18.15,8.7,8.7,2.9,2.9,2.9,5.8,5.8,2.9,11.6,14.5,2.9,8.7,2.9,14.5,10.3,2.9,5.8,5.8,104.28,10.96,51.7,16.83,18.0,38.7,230.82,699.69,442.87,182.4,238.97,178.55,115.54,22.22,23.48,30.17,76.08,31.85,93.3,131.02,39.66,18.0,31.22,182.01,62.92,50.32,12.6,4.05,1.35,300.0,196.29,443.22,254.83,108.04,335.11,566.69,329.47,132.19,178.49,216.56,271.15,197.98,413.88,296.63,247.35,241.2,220.81,190.41,87.61,123.07,149.71,182.92,82.8,92.91,110.33,45.9,71.55,56.7,43.2,101.56,54.0,131.26,118.34,115.5,84.82,76.5,128.11,61.2,7.2,64.8,87.61,39.6,39.6,115.2,327.49,180.21,83.01,81.62,157.05,109.57,68.71,30.6,53.1,36.9,36.0,35.1,48.6,95.71,141.61]}