{"timestamp":1673136000000,"multiplier":0.001,"open":7725.904,"high":7725.904,"low":7725.716,"close":7725.877,"shift":60000,"times":[1382,1,1,1,1,1,1,1,1,1,1,1,1,1,1,1,1,1,1,1,1,1,1,1,1,1,1,1,1,1,1,1,1,1,1,1,1,1,1,1,1,1,1,1,1,1,1,1,1,1,1,1,1,1,1,1,1,1],"opens":[0,-18,121,2391,865,-5359,-9,880,-240,724,115,1036,1274,1467,6,-475,-299,-1630,1127,-2991,488,-1894,-494,-6,-2122,-241,15,-1140,2369,1680,3429,1422,-1059,-1082,-1755,-200,-633,244,-616,610,-1415,364,636,320,462,1986,277,-1701,228,-514,256,-742,730,2598,515,-1409,3,-6],"highs":[0,606,2406,997,3,-5218,1559,-1001,-228,1220,588,490,2835,-395,-89,-641,-653,317,-513,-1945,-865,-1082,-487,-477,-1865,-569,-9,502,3894,1458,1971,-318,-569,-1572,-1255,-586,-39,-464,1089,-1095,-305,87,230,1083,795,1220,-388,-823,573,-1056,-6,-12,2096,482,24,-1006,515,967],"lows":[0,-4918,4700,491,-2109,-897,715,104,-995,1953,614,-124,2194,463,270,-976,-1443,983,-2361,414,-1974,484,-484,-1959,-1945,980,-965,564,2369,1680,3429,-563,-524,-1991,15,-1897,1500,-536,-497,-6,-476,518,458,509,391,1899,-1685,477,-9,-721,3,223,243,2173,197,-691,-6,515],"closes":[0,633,2400,485,-5515,21,883,-496,466,998,959,511,1953,101,-1090,514,-2437,1936,-2936,517,-2467,15,12,-2479,-378,381,-1455,1981,2187,3165,1947,-1944,-859,-1494,-203,-703,400,-287,314,-1439,503,527,0,888,1402,499,-1950,980,-502,243,-751,968,2111,488,-1000,-388,-6,1888],"volumes":[7.2E-5,0.001296,7.68E-4,0.001146,9.54E-4,6.43E-4,0.002265,0.002509,0.00197,8.92E-4,0.001462,9.54E-4,0.003365,0.002269,0.001975,0.001774,0.002037,0.001083,0.001872,0.001885,0.003432,9.23E-4,0.002326,9.59E-4,0.003502,0.001867,0.001653,0.001751,0.004038,0.001573,0.002669,0.001168,9.82E-4,0.001295,9.63E-4,0.001339,0.001079,0.001115,0.001329,6.67E-4,0.001079,8.5E-4,0.001138,0.001373,0.001,0.001862,0.001421,6.86E-4,0.002156,0.001813,0.002058,4.9E-4,3.58E-4,5.04E-4,2.16E-4,1.98E-4,4.14E-4,3.6E-4]}