{"timestamp":1673136000000,"multiplier":1.0E-5,"open":0.92735,"high":0.92812,"low":0.92717,"close":0.92717,"shift":60000,"times":[1325,1,1,1,2,1,4,1,1,1,1,2,1,1,1,1,1,3,1,1,1,1,1,1,1,1,1,1,1,1,1,1,1,1,1,1,1,1,1,1,1,4,1,1,1,1,1,1,1,1,1,1,1,1,1,1,1,1,1,1,1,1,1,1,1,1,1,1,1,1,1,1,1,1,1,1,1,1,1,1,1,1,1,1,1,1,1,1,1,1,1,1,1,1,1,1,1,1,1,1,1,1,1,1,1],"opens":[0,50,-74,37,1,1,-34,0,-5,5,-5,5,-5,5,-5,-7,11,-11,0,50,-21,0,0,62,4,-94,6,1,31,-1,-20,2,-1,-5,8,2,-2,1,3,58,-59,3,-1,-3,32,-4,20,-68,-1,-4,42,-2,-36,29,1,6,-4,-14,1,-6,10,-11,4,-9,-6,-8,-3,2,4,-11,12,3,1,-13,-1,-3,19,-5,15,-8,24,-10,-9,-21,-6,-4,6,-3,13,8,-17,-12,-20,-7,27,11,0,-32,0,-9,16,-7,4,21,-14],"highs":[0,-27,-7,-30,1,1,-34,0,-5,5,-5,5,0,0,45,-57,11,-11,52,27,-50,60,2,0,4,-88,2,33,-3,-1,-18,1,0,18,-16,3,-3,61,-57,57,-58,2,-1,16,13,37,-9,-54,2,14,6,-8,-10,1,5,5,-2,-2,-10,0,-4,-8,1,-5,-11,-7,0,5,0,-1,7,10,-14,-1,-11,14,13,1,-1,16,1,-14,-6,-24,-6,16,-11,12,6,1,-18,-15,-20,23,9,1,1,-30,-2,3,1,-1,21,-2,-14],"lows":[0,68,-74,37,-33,35,-43,9,-5,5,-5,0,-1,1,0,-7,11,-11,0,28,1,-1,0,4,7,-38,4,3,31,-1,-21,1,1,-5,7,0,1,1,3,-1,0,3,-1,-3,32,-11,-46,-1,1,0,23,-20,1,27,2,-11,-7,-2,4,-6,0,1,-5,-3,-11,-1,-13,12,-6,4,6,7,-12,0,-6,-9,21,1,-2,13,13,-23,-3,-13,-15,12,-7,14,4,-5,-8,-35,6,3,25,10,-28,-3,-8,-8,16,1,2,10,-30],"closes":[0,68,-12,-25,-33,35,-39,5,-5,5,-5,5,-6,1,22,-29,11,-11,49,-20,0,0,62,-53,1,-32,0,35,-3,-1,-20,3,0,18,-16,2,-3,62,-57,-2,1,2,-1,16,13,11,-61,-3,0,21,19,-9,-1,1,5,2,-19,-4,-1,12,-13,2,-6,-6,-10,-3,1,4,-11,13,2,3,-15,0,-3,18,-4,17,-13,26,-10,-8,-19,-8,-5,11,-8,15,9,-20,-10,-22,-8,30,9,0,-30,0,-9,13,-6,6,21,-14,-29],"volumes":[11.72,0.72,5.3,0.72,1.16,0.72,6.0,1.2,1.8,1.2,1.8,4.2,4.8,3.0,3.48,1.8,1.2,1.8,3.24,14.76,0.44,18.28,28.96,5.0,2.12,4.8,8.1,6.72,1.4,0.44,5.1,3.6,1.8,5.4,2.7,16.2,2.7,8.58,3.72,2.88,1.8,2.4,2.76,8.76,2.28,104.24,131.06,200.66,76.18,178.89,190.21,54.17,43.65,28.14,26.8,86.96,179.04,93.1,138.3,86.34,324.0,382.8,273.0,62.02,338.5,441.77,149.39,86.38,87.61,72.86,106.83,80.82,52.34,104.18,125.5,101.84,136.2,152.4,100.58,100.8,87.6,103.2,78.0,109.2,126.0,106.2,64.8,46.2,58.27,72.53,70.8,73.17,49.5,54.3,45.6,33.6,42.0,30.0,37.2,98.48,50.86,46.2,40.2,29.7,87.0]}