{"timestamp":1672531200000,"multiplier":1.0E-5,"open":1.35256,"high":1.35258,"low":1.35233,"close":1.35248,"shift":60000,"times":[1391,2,1,2,1,1,1,1,1,1,2,1,3,1,1,1,1,1,1,6,1,1,1,1,1,1,1,1,1,1,5,1,1,1,1],"opens":[0,-24,-16,-41,41,-36,9,29,1,-4,2,1,3,0,25,12,-5,-3,5,5,12,-15,4,3,-3,3,-1,3,4,0,11,2,-6,6,1],"highs":[0,-25,-16,-1,17,-45,29,1,2,-4,1,3,1,22,15,0,-5,-3,5,5,12,-15,7,0,-1,1,-1,7,0,1,10,8,-9,6,-2],"lows":[0,-1,-16,-41,41,-36,9,27,0,-1,2,1,3,0,25,12,-5,-3,5,0,1,-4,9,-1,1,3,-1,0,7,0,8,5,-6,6,-1],"closes":[0,-16,-16,0,17,-45,29,1,-2,0,1,3,1,22,15,0,-5,-3,5,5,-1,-7,12,-4,3,1,-1,7,0,1,7,11,-9,6,-4],"volumes":[11.1,3.6,3.6,3.3,5.22,2.4,2.1,6.0,4.8,1.8,1.2,2.1,1.2,3.6,2.4,0.9,0.9,0.9,0.9,2.7,4.2,4.2,2.4,2.4,2.4,1.2,1.2,3.3,0.9,1.8,1.8,7.8,3.3,3.0,2.4]}