{"timestamp":1673827200000,"multiplier":0.010000000000000002,"open":19.37,"high":19.37,"low":19.37,"close":19.37,"shift":60000,"times":[31,13,1,35,2,36,35,24,17,1,1,17,4,83,91,78,18,2,1,2,1,1,1,10,11,12,1,1,5,3,6,2,2,3,3,6,18,4,7,1,1,4,1,1,6,1,4,1,1,4,3,1,1,1,65,11,9,1,12,39,1,9,1,2,2,6,1,1,1,19,18,1,49,1,10,2,11,2,1,1,1,1,3,1,1,22,4,1,2,1,19,2,5,422,1,4,1,1],"opens":[0,1,0,-1,5,-5,6,-5,0,0,-1,5,-4,4,5,-5,6,4,-4,5,-6,6,-6,11,0,9,-4,5,-6,6,-1,1,5,-10,-5,4,-4,4,5,-1,1,-9,9,-5,4,-4,-5,1,0,0,-1,5,-5,0,5,-4,4,-5,6,5,-5,-5,-1,6,-6,0,0,1,-1,-4,4,1,-6,6,5,4,-4,4,-5,1,-1,0,6,0,-1,-5,1,0,0,-1,1,-1,1,114,1,-1,0,0],"highs":[0,1,5,-6,5,-5,6,-5,5,-1,-4,4,-4,4,5,-5,6,4,-4,5,-6,6,0,5,5,4,-4,5,-6,6,-1,1,5,-5,-10,4,-4,4,5,5,6,-16,5,-5,6,-6,0,-4,0,0,0,4,-5,0,5,-4,4,-5,6,5,-5,-5,-1,6,-5,0,4,-4,0,-5,4,1,-1,1,5,4,-4,4,-4,4,-5,1,5,0,-1,-5,6,-5,0,-1,1,-1,1,114,6,-6,0,0],"lows":[0,1,0,-1,5,-5,6,-5,0,0,-1,5,-5,5,5,-5,6,4,-4,5,-6,0,0,11,0,9,-4,5,-6,6,-1,0,1,-6,-4,4,-4,4,1,0,0,-5,7,-3,4,-4,-5,0,0,0,0,5,-5,0,5,-4,4,-5,6,5,-5,-5,-1,6,-6,0,0,1,-1,-4,-1,6,-6,6,5,4,-4,4,-5,0,0,0,1,0,4,-5,1,-1,1,-1,1,-1,0,115,1,-1,0,0],"closes":[0,1,5,-6,5,-5,6,-5,5,-1,-4,4,-5,5,5,-5,6,4,-4,5,-6,0,6,5,5,4,-4,5,-6,6,-1,1,0,-6,-4,4,-4,4,5,2,-6,-1,3,-3,6,-6,-5,0,0,0,1,4,-5,0,5,-4,4,-5,6,5,-5,-5,-1,6,-6,1,-1,1,-1,-4,0,5,-6,6,5,4,-4,4,-4,4,-5,1,0,0,4,-5,6,-6,1,-1,1,-1,0,115,1,-1,0,0],"volumes":[0.006,0.006,0.012,0.006,0.006,0.006,0.006,0.006,0.012,0.012,0.012,0.006,0.012,0.006,0.006,0.006,0.006,0.006,0.006,0.006,0.006,0.036,0.012,0.006,0.018,0.006,0.006,0.006,0.006,0.006,0.012,0.024,0.012,0.018,0.006,0.006,0.006,0.006,0.00452,0.0096,0.00619,0.012,2.0E-5,0.006,2.0E-5,0.006,0.018,0.03,0.012,0.012,0.012,0.006,0.006,0.006,0.006,0.006,0.006,0.006,0.006,0.006,0.006,0.006,0.012,0.006,0.024,0.036,0.024,0.006,0.036,0.006,0.024,0.006,0.018,0.006,0.006,0.006,0.006,0.006,0.018,0.024,0.006,0.024,0.012,0.012,0.006,0.006,0.012,0.018,0.006,0.006,0.012,0.012,0.012,0.006,0.018,0.006,0.012,0.006]}