{"timestamp":1230422400000,"multiplier":1.0E-5,"open":1.06744,"high":1.06754,"low":1.06709,"close":1.06747,"shift":60000,"times":[1320,1,1,1,1,1,1,1,1,1,1,1,1,1,1,1,1,1,1,1,1,1,1,1,1,1,1,1,1,1,1,1,1,1,1,1,1,1,1,1,1,1,1,1,1,1,1,1,1,1,1,1,1,1,1,1,1,1,1,1,1,1,1,1,1,1,1,1,1,1,1,1,1,1,1,1,1,1,1,1,1,1,1,1,1,1,1,1,1,1,1,1,1,1,1,1,1,1,1,1,1,1,1,1,1,1,1,1,1,1,1,1,1,1,1,1,1,1,1,1],"opens":[0,8,11,10,-19,-39,0,30,0,-7,-18,-10,5,-35,12,28,22,-20,-28,21,0,10,-20,5,-37,37,-30,30,0,-26,26,0,0,0,0,0,0,-34,34,0,0,-50,50,0,0,0,0,0,-5,-77,82,0,0,0,0,-40,40,0,-45,-10,-5,0,0,-14,14,0,0,0,15,-50,-5,5,0,-5,-35,-50,15,0,0,5,10,-10,-25,25,25,-15,-20,10,0,0,0,0,-5,5,0,0,-15,-5,-5,-5,30,30,-30,-10,0,-5,10,-10,-35,35,0,-65,60,5,0,0,0,30,-30,15],"highs":[0,17,11,-9,-19,-39,0,30,5,-3,-27,-10,5,5,0,0,27,-13,-12,-7,20,-10,-20,5,-17,17,3,-3,0,4,-4,0,0,0,0,0,0,-29,29,0,25,-55,30,0,0,0,0,10,-10,-36,36,0,0,0,0,-26,26,0,-45,-10,-5,0,0,-6,6,0,0,30,-15,-50,5,-5,0,-5,-35,-35,0,0,15,-10,15,-15,13,7,5,-15,0,-10,0,0,0,0,0,0,0,5,-15,-5,-10,35,30,-5,15,-55,-5,5,0,-10,3,-3,0,3,-8,5,0,0,30,15,-30,0],"lows":[0,43,9,-6,-31,-9,0,21,-1,3,-18,-10,5,-35,2,38,1,-11,-26,26,5,-34,24,5,-38,38,-44,44,0,-26,26,0,0,0,0,0,0,-66,66,0,-15,-36,51,0,0,0,0,-5,0,-81,86,0,0,0,0,-40,40,-60,-10,5,5,0,0,-35,35,0,0,-15,-35,5,5,5,0,-115,0,10,25,-5,10,5,0,0,-33,33,15,-25,0,10,0,0,0,-5,0,5,0,0,-35,0,0,0,20,15,-5,-10,0,0,0,0,-48,48,0,-65,6,59,0,0,-30,15,15,15],"closes":[0,24,-3,-9,-35,-9,0,30,-10,12,-27,-10,5,-25,27,3,27,-35,3,-5,20,-16,-9,5,-18,18,-17,17,0,-23,23,0,0,0,0,0,0,-64,64,0,-15,-22,37,0,0,0,0,5,-5,-50,50,0,0,0,0,-26,26,-55,0,-5,0,0,0,-26,26,0,0,-10,-40,10,10,-5,0,-100,10,15,0,-10,25,-10,0,0,-10,30,-5,-25,10,0,0,0,0,-5,5,0,0,5,-35,5,-5,25,45,-40,-5,-5,-5,10,-10,0,-29,29,0,-54,37,17,0,0,30,-40,25,0],"volumes":[172.6,24.6,23.6,18.2,95.0,1.6,2.8,68.6,57.0,29.2,1.2,3.0,1.6,46.8,60.4,1.6,32.4,99.8,50.8,4.8,4.0,111.6,2.8,2.8,65.6,5.6,46.4,2.8,19.2,36.0,22.8,1.6,18.8,20.0,32.8,2.8,11.2,34.6,37.6,5.6,11.4,51.8,18.8,4.8,30.0,11.2,6.4,28.8,9.6,28.4,4.8,6.4,3.2,3.2,4.8,12.8,1.6,17.6,116.2,16.4,12.8,4.4,3.2,59.8,1.6,6.4,1.6,84.8,26.2,98.4,6.2,4.4,6.0,38.8,17.0,50.0,48.0,61.8,30.0,7.4,18.4,3.0,24.0,9.2,3.6,18.4,96.8,6.0,3.0,3.0,3.0,9.0,33.0,3.0,9.0,15.8,194.8,84.2,89.2,54.0,108.2,74.0,165.2,42.0,7.6,35.8,76.6,27.2,35.8,10.4,3.2,25.4,49.8,1.6,14.4,4.8,37.2,71.0,77.2,4.8]}