{"timestamp":1228608000000,"multiplier":0.001,"open":755.086,"high":755.646,"low":755.086,"close":755.524,"shift":60000,"times":[1380,1,1,1,1,1,1,1,1,1,1,1,1,1,1,1,1,1,1,1,1,1,1,1,1,1,1,1,1,1,1,1,1,1,1,1,1,1,1,1,1,1,1,1,1,1,1,1,1,1,1,1,1,1,1,1,1,1,1,1],"opens":[0,412,-190,206,-315,432,-1045,-43,812,605,-77,52,37,534,175,-631,-188,523,-327,508,-248,759,-38,-342,320,-233,421,-157,88,164,963,-127,-160,581,331,-292,-289,98,-306,659,-490,-282,180,152,81,-272,559,215,-192,138,-227,-520,743,82,-55,-47,-72,366,-215,-78],"highs":[0,-148,143,85,9,-104,-785,945,170,86,62,21,170,528,-147,-631,317,31,161,19,401,297,92,-286,-65,140,48,88,438,516,16,132,224,314,57,-281,-402,278,43,196,-252,-54,-31,-3,-65,351,-61,204,-25,217,-485,166,307,-168,-9,-93,61,391,-373,22],"lows":[0,-260,300,73,-73,-221,-601,239,375,675,73,155,-81,415,-11,-597,13,462,-392,392,153,462,300,-409,-199,-80,651,-290,366,324,572,83,-36,187,557,-348,-303,-37,124,204,-130,-273,177,51,-81,80,161,484,-434,-24,-559,345,387,-45,92,-3,-299,885,-1082,789],"closes":[0,-434,539,-281,132,-575,-147,1006,197,86,62,-6,197,528,-630,-290,459,-41,233,-97,517,214,-256,145,-357,432,-218,3,654,651,-291,147,173,657,-212,-239,-313,108,351,-55,-297,-36,76,168,-186,472,-104,106,116,86,-1039,842,316,-322,51,-264,298,309,-319,-21],"volumes":[0.002505,0.00344,0.00294,0.0037,0.00618,0.00255,0.0041,0.00428,0.001575,0.012772,0.004289,0.00435,0.00275,0.00328,0.00406,0.008072,0.00321,0.006243,0.00254,0.00392,0.00449,0.005053,0.00413,0.0025,0.0036,0.00355,0.00304,0.00217,0.00512,0.008674,0.004211,0.00516,0.00459,0.00778,0.00267,0.00225,0.00694,0.00413,0.00498,0.00548,0.00326,0.00482,0.00319,0.00214,0.00459,0.00341,0.00537,0.0042,0.0041,0.00649,0.002815,0.00345,0.00481,0.004419,0.00258,0.00463,0.00742,0.0033,0.00453,0.00218]}