{"timestamp":1740268800000,"multiplier":1.0E-5,"open":0.90388,"high":0.90396,"low":0.90347,"close":0.90347,"shift":60000,"times":[1324,1,1,1,1,1,1,1,1,1,1,1,1,1,1,1,1,1,1,1,1,1,1,1,1,1,1,1,1,1,1,1,1,1,1,1,1,1,1,1,1,1,1,1,1,1,1,1,1,1,1,1,1,1,1,1,1,1,1,1,1,1,1,1,1,1,1,1,1,1,1,1,1,1,1,1,1,1,1,1,1,1,1,1,1,1,1,1,1,1,1,1,1,1,1,1,1,1,1,1,1,1,1,1,1,1,1,1,1,1,1,1,1,1,1,1],"opens":[0,-36,47,-10,-1,4,24,-17,0,17,-5,0,-2,1,23,0,39,-12,24,3,3,2,19,1,-21,17,-10,-12,-8,-1,-25,-6,0,3,20,19,7,18,-2,-3,0,17,2,1,3,14,36,-9,-3,-1,-19,-43,10,32,3,-26,-18,15,-17,12,6,-14,6,7,4,11,3,-16,16,21,-19,-17,4,6,-4,2,-2,-15,16,-6,-1,1,-1,14,-2,-10,-2,-6,22,1,-10,10,4,10,-16,-3,-2,8,1,1,0,2,-8,-5,2,-13,-12,-3,-3,5,5,-2,-3,10,-2,-14],"highs":[0,2,1,16,-22,18,7,-19,20,-2,-2,14,1,-2,12,30,4,15,3,3,-5,24,11,-13,-15,15,-14,6,-5,-22,-25,-6,1,23,11,23,15,-3,-4,1,12,2,1,4,8,48,-2,-11,-4,-3,-16,-23,19,6,-3,-17,3,-15,2,8,2,-2,-5,4,24,-17,5,-4,24,0,-19,-10,13,-6,-7,-1,-1,4,2,-11,1,0,11,0,-2,-1,-11,17,8,-3,-5,8,7,1,-16,1,-1,5,3,-4,4,0,-6,-7,-1,-12,-7,-5,3,5,-3,-4,8,15,-16,-16],"lows":[0,5,36,0,0,4,0,6,1,11,0,-1,0,0,1,19,9,1,39,8,1,5,18,-25,3,7,-9,-46,-3,-1,7,-6,9,1,16,25,3,14,3,-3,0,17,2,-4,7,18,16,-3,8,-17,-43,0,10,19,-29,-2,3,-21,12,16,-12,7,6,5,6,-7,1,3,17,-1,-16,0,6,-1,-5,3,-13,3,10,-7,0,3,2,5,-1,-5,-21,14,20,-10,6,7,5,-3,-7,-1,-5,14,-1,-3,5,-9,-2,0,-11,-11,-4,-1,-1,-2,5,0,3,4,-11,-13],"closes":[0,51,-10,1,4,18,-12,-1,12,1,0,-1,0,1,26,2,21,26,6,-3,0,20,1,-25,11,1,-10,-9,-5,-22,-5,0,1,20,8,19,20,-6,1,-4,19,2,2,3,5,31,9,-7,-1,-18,-43,9,32,3,-27,-16,10,-21,19,7,-14,6,9,2,11,1,-13,14,24,-21,-18,4,6,-5,2,0,-15,14,-2,-2,1,-1,11,-2,-7,-4,-5,23,1,-12,11,8,5,-14,-5,-2,7,3,2,-2,5,-9,-4,1,-12,-14,-5,-1,2,9,-5,0,8,-5,-10,-6],"volumes":[8.16,29.01,24.78,23.16,11.46,10.2,35.49,31.62,31.74,30.81,34.65,59.79,68.16,25.53,65.01,66.12,44.07,45.93,29.25,56.7,36.9,99.15,25.5,44.7,16.2,26.1,25.2,83.37,206.4,67.65,51.0,67.47,25.02,20.94,55.83,121.74,102.81,85.74,19.62,126.69,24.06,15.12,37.14,137.31,195.69,257.94,59.58,54.93,60.45,60.0,146.79,36.6,87.78,50.91,42.6,55.8,142.5,98.4,79.68,71.16,75.27,92.07,67.05,33.15,94.08,87.63,90.15,75.6,116.7,87.6,126.09,103.11,138.45,109.95,80.7,50.85,110.7,88.35,64.2,60.3,49.35,56.85,90.0,96.15,49.35,66.0,80.1,54.45,68.4,94.2,79.35,105.3,84.6,90.45,51.3,65.1,33.3,58.35,65.1,60.45,82.8,81.3,83.85,41.25,107.1,83.85,85.35,53.55,99.87,116.85,97.35,62.7,62.7,103.5,94.5,149.7]}