{"timestamp":1739664000000,"multiplier":0.001,"open":44576.963,"high":44578.403,"low":44576.963,"close":44578.403,"shift":60000,"times":[1380,2,1,1,1,1,1,1,1,1,1,1,1,1,1,1,1,1,1,1,1,1,1,1,1,1,1,1,1,1,1,1,1,1,1,1,1,1,1,1,1,1,1,1,1,1,1,1,1,1,1,1,1,1,1,1,1,1,1],"opens":[0,-10500,-1464,-1048,1548,1500,988,-11572,-5464,-3512,1512,-3464,4452,36,2224,1228,-2488,-5024,0,-464,-2536,-1928,-7024,-1488,-500,-1072,-5464,-5964,-476,1700,5264,1488,2036,1976,4512,-6000,440,1284,1728,60,4428,3784,1776,940,-1000,-464,12,3488,-1048,500,-1204,1728,2772,1288,-5072,3072,-1000,-2536,452],"highs":[0,-11940,-1012,-464,3212,-224,12,-11572,-5464,-476,-560,500,0,1012,7060,-5060,-2488,-3940,-36,-1512,-1964,-2500,-7024,-1488,2488,-3976,-4084,-4476,-3428,7464,2476,1024,2940,4084,500,-4524,0,1236,-772,7548,224,3800,1940,-2524,584,-1560,4760,-1724,476,0,248,1704,4096,-2072,-2940,952,-952,-1500,488],"lows":[0,-12500,-24,-488,1488,-4452,-8084,-2940,-3536,-4024,1560,-560,4024,2548,1464,-976,-4988,-500,-536,-3000,-512,-10024,-3476,2048,1452,-5976,-6464,-60,-7476,4748,9716,1488,1036,1036,428,512,-3940,-48,2976,2012,7000,3000,988,-988,-1952,1988,48,3916,-488,-976,1248,1728,2560,-4000,-60,2036,-4036,2024,-2048],"closes":[0,-13000,-964,548,2476,36,-9524,-6524,-4252,2500,-1772,1476,12,2012,1524,-2488,-4988,1428,-928,-2276,-2224,-6524,-6524,2024,2748,-8248,-4952,-1524,-488,8476,1440,2060,976,4060,-4584,584,1964,1236,-4772,8988,2784,2800,-48,-1024,-464,-524,5060,-2084,488,-1416,3212,1204,1512,-4012,2084,-1024,-976,-84,1072],"volumes":[9.0E-5,1.8E-4,3.15E-4,1.35E-4,8.1E-4,6.75E-4,0.00135,0.001065,3.6E-4,0.0018,0.001125,0.0018,6.75E-4,1.35E-4,0.00129,3.15E-4,4.95E-4,8.4E-4,7.05E-4,0.001455,7.2E-4,0.00138,0.00117,6.3E-4,6.3E-4,6.75E-4,0.001605,0.00147,0.001125,0.001485,5.85E-4,4.05E-4,7.5E-4,0.00108,0.001395,7.8E-4,7.2E-4,0.00126,4.95E-4,0.001935,0.001155,9.0E-4,0.00195,5.4E-4,0.00126,6.3E-4,0.001665,4.05E-4,7.2E-4,6.75E-4,2.7E-4,4.5E-4,9.9E-4,8.55E-4,5.7E-4,1.35E-4,4.05E-4,3.6E-4,9.0E-4]}