{"timestamp":1287273600000,"multiplier":1.0E-5,"open":0.9898,"high":0.98985,"low":0.98897,"close":0.98915,"shift":60000,"times":[1320,1,1,1,1,1,1,1,1,1,1,1,1,1,1,1,1,1,2,1,1,1,1,2,1,1,1,1,1,1,1,1,1,2,1,1,1,1,1,1,1,1,1,1,1,1,1,1,1,1,1,1,1,1,1,1,1,1,1,1,1,1,1,2,1,1,1,1,1,1,1,1,1,1,1,1,1,1,1,1,1,3,1,2,1,1,1,1,1,1,1,1,1,1,1,1,1,2,1,1,1,1,1,1,1,1,1,1,1,1,1,1],"opens":[0,-60,-18,-10,13,-15,-38,0,-2,-8,0,5,-18,23,-5,25,5,5,-2,42,0,-5,-7,12,5,-10,10,5,-10,5,-10,5,10,-5,15,3,2,7,3,2,-8,-6,-5,-23,12,4,-21,-22,7,-2,7,-20,-5,-20,3,7,15,-13,16,21,20,20,11,-9,-11,0,2,4,-3,12,-21,0,3,5,-2,-5,0,-5,-2,-1,-16,2,-28,-5,-20,15,-5,15,-20,-50,-39,1,4,34,-5,20,0,-2,2,-28,-59,17,-7,10,14,-18,-23,28,-1,-1,38,-30],"highs":[0,-50,-25,-10,5,-15,-30,0,0,-10,-3,0,0,10,20,-5,5,25,15,15,-10,8,-10,2,5,-10,10,5,0,-5,0,5,0,10,3,0,10,10,-8,5,-10,-5,-7,-3,-1,-3,-21,-15,1,2,6,-12,-17,-15,-2,15,7,8,20,26,5,25,-5,-5,-19,5,5,0,3,2,-10,4,-6,6,-6,0,0,-12,-1,-3,-12,-2,-28,-5,-6,1,15,0,-25,-45,-38,23,13,20,-6,7,-4,-5,0,-25,-45,0,0,20,-3,-14,7,0,10,27,-5,-21],"lows":[0,0,-7,2,8,-40,-8,-37,17,-5,0,10,-8,3,15,25,5,5,-2,27,10,-7,-3,15,0,-5,5,10,-10,0,-5,5,10,-5,15,3,2,7,-7,5,-5,-5,-33,8,9,-19,-15,-10,10,0,-12,-2,-21,-2,5,7,11,-9,16,21,20,20,10,-25,1,5,2,3,-15,0,4,-4,7,-4,0,2,-3,-6,0,-11,-10,-20,-5,-9,-11,11,-1,-5,-45,-53,9,-6,11,23,-2,25,-2,0,-20,-65,3,7,2,11,-7,-22,2,21,6,-1,11,-7],"closes":[0,-5,-20,10,0,-30,-10,-5,-23,5,5,-5,10,5,25,-5,5,15,25,0,5,-7,5,2,0,-5,5,10,-10,5,0,-5,10,8,3,2,7,8,-3,-5,-5,-5,-27,17,4,-22,-22,0,0,8,-15,-7,-19,3,-2,15,3,5,22,23,13,20,-5,-24,0,10,0,0,4,-14,3,2,3,-8,3,0,-6,-6,4,-15,0,-28,-2,-10,-1,-3,19,-20,-50,-45,5,0,38,-6,20,-5,3,-5,-20,-65,15,-3,6,20,-20,-23,30,0,-2,39,-27,5],"volumes":[40.14,26.89,16.03,2.27,2.01,6.43,6.02,40.69,18.57,8.57,11.64,4.2,4.1,12.83,13.78,1.2,1.1,19.6,11.19,25.24,5.4,16.69,10.64,1.7,6.17,0.96,3.52,1.9,7.83,3.37,4.53,6.25,1.1,6.97,3.56,1.4,5.69,10.05,8.88,13.4,8.32,11.58,24.87,12.41,6.09,27.58,12.61,12.79,6.64,5.86,21.17,15.77,23.57,8.3,0.72,3.4,1.61,21.27,30.99,22.8,6.01,20.63,8.9,20.38,2.6,4.32,7.6,6.67,17.6,46.25,8.16,33.24,4.38,60.43,8.13,17.64,14.56,18.04,8.37,8.94,12.84,18.79,5.22,9.3,3.3,3.9,4.89,26.08,17.99,39.81,3.7,24.65,13.66,60.64,44.52,41.62,14.31,5.4,22.21,74.65,15.4,33.35,39.1,29.8,45.34,40.35,52.32,27.71,33.19,62.98,33.43,120.84]}