{"timestamp":1286668800000,"multiplier":1.0E-5,"open":1.00982,"high":1.00982,"low":1.00947,"close":1.00975,"shift":60000,"times":[1260,1,1,1,1,1,1,1,1,1,1,1,1,1,1,1,1,1,1,1,1,1,1,1,1,1,1,1,1,1,1,1,1,1,1,1,1,1,1,1,1,1,1,1,1,1,1,1,1,1,1,1,1,1,1,1,1,1,1,1,1,1,1,1,1,1,1,1,1,1,1,1,1,1,1,1,1,1,1,1,1,1,1,1,1,1,1,1,1,1,1,1,1,1,1,1,1,1,1,1,1,1,1,1,1,1,1,1,1,1,1,1,1,1,1,1,1,1,1,1,1,1,1,1,1,1,1,1,1,1,1,1,1,1,1,1,1,1,1,1,1,1,1,1,1,1,1,1,1,1,1,1,1,1,1,1,1,1,1,1,1,1,1,1,1,1,1,1,1,1,1,1,1,1,1,1,1,1,1,1],"opens":[0,-32,27,0,3,0,15,0,11,-7,21,15,-37,-38,30,15,-25,52,6,7,30,-10,0,0,0,-50,10,0,0,0,5,-5,-14,14,-13,0,13,15,-12,-10,2,0,5,0,5,-5,0,0,10,-14,19,5,-10,-10,0,0,5,5,-5,25,60,-25,15,0,-10,-10,5,-5,-5,-15,-5,0,-5,0,5,5,-10,0,0,-5,-20,40,-14,14,-15,10,-5,-21,21,15,0,-10,10,-5,5,0,-5,5,0,0,5,5,-20,7,13,-16,-27,28,0,5,5,-11,11,10,5,0,-26,11,-15,0,-55,30,-5,15,-15,-10,-10,0,-10,-15,-45,5,-34,24,15,0,0,0,5,-15,0,-15,-5,30,10,-5,-10,15,10,-5,0,-5,0,-10,0,25,-5,0,0,0,0,0,0,0,-20,10,0,0,10,-5,-5,0,0,-25,0,-10,0,-10,5,-10],"highs":[0,-10,8,0,0,5,10,0,15,-5,15,15,-30,-45,39,46,0,-9,2,27,117,-117,0,0,20,-60,0,0,0,88,-73,-15,-2,2,8,-1,78,-70,13,5,-23,10,-20,0,20,-20,0,0,10,-14,34,-10,-10,-10,0,10,-5,5,20,60,0,-10,0,0,-5,-10,0,-5,0,-20,0,-5,-5,0,15,0,-15,5,-5,0,2,13,-14,14,-15,10,-5,-12,17,10,0,0,0,0,0,0,0,0,0,10,-5,5,-8,-1,9,-9,-4,4,-2,3,3,-4,14,5,0,5,-15,-5,-5,0,-30,15,-10,5,-20,5,-25,5,-15,-15,-35,-5,-13,28,-5,-5,10,-5,0,0,5,-20,15,0,5,-5,5,20,-10,-5,0,-5,0,0,15,0,0,-5,0,10,-5,0,-5,0,-13,3,0,10,0,0,-10,0,0,-20,-5,-5,0,-10,0,10],"lows":[0,1,29,0,0,3,15,0,2,-3,2,39,-59,-16,30,15,-25,44,2,19,20,0,0,0,-80,30,10,0,0,0,-3,3,-14,2,-1,0,13,15,-12,-10,2,0,5,0,0,-10,10,0,0,-15,30,5,-25,5,-5,5,5,0,0,25,-30,65,15,-10,-15,5,0,0,-5,-30,5,5,-5,0,5,-5,0,0,-19,7,-13,30,-20,15,0,0,5,-21,21,10,-15,10,5,0,0,0,0,5,0,0,5,5,-20,7,13,-16,-27,28,0,-5,15,-12,12,10,5,0,-28,3,-5,-55,-15,40,-5,0,-5,-15,5,-20,-10,-45,0,5,-29,9,25,0,5,-5,-5,-5,-10,-10,5,30,10,-15,0,5,10,5,-5,-5,5,-15,5,20,0,0,0,0,0,-15,15,-10,-10,10,0,0,10,-10,0,0,-25,-5,-5,0,-10,-5,0,0],"closes":[0,-3,5,3,0,5,10,0,15,-5,-1,31,-30,-45,35,50,0,-21,2,39,0,0,0,0,-50,10,0,0,0,0,15,-15,-8,3,1,3,11,5,-4,22,-23,-15,5,0,0,0,0,0,0,-14,39,-5,-25,5,0,10,-5,0,25,60,-30,20,0,-5,-20,10,-5,0,0,-25,5,-5,-5,0,10,-5,-5,5,-8,3,2,3,-9,4,0,0,5,-13,18,5,-5,5,0,0,0,5,-5,5,0,5,0,5,-8,-2,10,-9,-4,3,-4,6,3,-4,14,5,0,5,-24,-6,-5,-55,30,0,10,-15,-10,-15,5,-20,-5,-50,10,-5,-17,32,-10,5,10,-5,-15,0,-15,-5,30,5,5,-15,15,10,-10,5,-5,0,0,-10,25,-5,0,0,0,0,0,0,0,-10,-8,8,0,10,0,-10,0,0,-25,0,-10,0,-10,5,-10,15],"volumes":[44.4,73.8,69.2,22.4,60.9,13.2,5.6,2.8,45.8,87.0,122.3,1.0,31.6,1.0,44.5,27.0,33.1,61.0,46.5,22.6,70.4,2.0,2.1,29.5,31.3,2.0,2.0,1.25,1.0,14.8,73.2,1.0,48.3,53.0,34.9,101.2,15.4,1.0,157.8,146.1,3.0,24.6,3.0,3.0,117.4,14.0,1.0,10.4,2.2,40.8,4.0,5.0,36.8,4.2,6.0,8.2,1.6,11.0,19.8,34.4,84.4,51.8,52.0,42.6,13.6,11.4,18.0,8.2,12.2,6.2,7.8,1.6,15.0,6.6,9.8,42.8,18.0,4.0,68.2,169.3,128.8,10.1,123.2,35.8,6.4,6.8,1.6,124.4,20.5,7.9,24.6,57.6,24.4,24.0,10.0,6.0,9.2,10.4,2.0,27.6,11.6,1.6,45.0,40.0,1.6,47.9,38.4,142.2,38.2,182.7,3.2,140.2,10.8,30.4,9.7,4.8,35.4,25.0,31.5,77.4,52.2,44.0,35.4,54.8,12.0,48.4,4.2,49.0,23.6,80.6,33.1,9.0,30.9,44.0,64.5,16.8,19.1,28.0,22.6,83.7,46.3,78.3,62.4,3.6,3.6,16.4,24.6,45.4,18.2,1.6,7.5,13.2,7.9,15.0,47.8,17.1,52.1,59.8,33.5,50.1,57.1,36.8,2.0,17.3,9.0,40.1,33.6,37.9,4.0,42.1,47.2,45.0,119.0,116.5,23.2,43.0,132.4,96.6,29.0,113.4]}