{"timestamp":1586044800000,"multiplier":0.001,"open":5165.869,"high":5178.039,"low":5158.109,"close":5158.249,"shift":60000,"times":[1430,1,1,1,1,1,1,1,1,1],"opens":[0,-4650,-20750,730,4210,1080,1480,-2460,5850,-930],"highs":[0,-12030,-23210,2770,6880,-2870,760,2530,-970,3240],"lows":[0,-17790,-7150,6780,5460,-110,-980,620,5060,110],"closes":[0,-17930,2480,2770,1190,830,-2210,6380,-860,-790],"volumes":[0.01977,0.01677,0.01183,0.00624,0.00676,0.00754,0.00559,0.00299,0.00234,0.00689]}