{"timestamp":1586736000000,"multiplier":0.001,"open":5424.799,"high":5424.799,"low":5378.359,"close":5378.549,"shift":60000,"times":[1430,1,1,1,1,1,1,1,1,1],"opens":[0,-46270,2970,14440,-3720,1200,4910,60,1470,3270],"highs":[0,-39710,11500,5420,-4770,8560,-7310,1900,4210,3220],"lows":[0,-18510,18420,13380,-5360,7130,780,1230,1950,1440],"closes":[0,5070,12030,-2520,820,4570,-290,2160,3270,-4840],"volumes":[0.02787,0.02798,0.01573,0.01599,0.01118,0.01079,0.00429,0.00507,0.00793,0.00806]}