{"timestamp":1486252800000,"multiplier":1.0E-5,"open":0.99943,"high":1.00008,"low":0.99943,"close":1.00004,"shift":60000,"times":[1320,1,1,1,1,1,1,1,1,1,1,1,1,1,1,1,1,1,1,1,1,1,1,1,1,1,1,1,1,1,1,1,1,1,1,1,1,1,1,1,1,1,1,1,1,1,1,1,1,1,1,1,1,1,1,1,1,1,1,1,1,1,1,1,1,1,1,1,1,1,1,1,1,1,1,1,1,1,1,1,1,1,1,1,1,1,1,1,1,1,1,1,1,1,1,1,1,1,1,1,1,1,1,1,1,1,1,1,1,1,1,1,1,1,1,1,1,1,1,1],"opens":[0,66,-50,10,-65,45,-1,50,37,4,-20,20,-10,57,-7,-6,-2,-6,-16,7,9,5,-28,6,2,-3,2,10,5,-9,-11,-25,23,-6,1,8,0,0,0,0,-3,2,-9,1,-1,-1,0,0,-2,3,0,-2,14,0,-13,0,0,-4,-1,-50,21,-17,-9,4,-10,-24,4,-10,1,-5,-20,-6,-4,14,-10,6,0,-10,4,-4,-10,-1,5,1,4,-10,0,-5,6,5,-17,10,-3,18,1,36,-14,-2,-5,-3,10,8,-13,-9,13,-1,0,-14,0,0,-1,7,3,-4,2,-3,8,-1,-2,-14],"highs":[0,11,-35,-15,-20,15,51,20,20,-13,4,12,28,6,-13,0,-6,0,3,-8,-3,5,-28,6,2,-2,8,3,5,0,-20,9,-11,-5,9,0,0,0,0,0,-2,0,-2,-6,-1,-1,1,-1,0,1,5,21,-14,0,-7,-6,15,-17,-3,-29,4,-10,-5,-1,-9,-15,-15,-1,1,0,-24,-7,6,16,-21,-5,5,-5,0,0,-15,0,20,-6,-9,-6,-4,10,-5,0,0,5,5,5,28,6,-18,4,0,-5,10,0,-8,-6,9,0,-6,-9,4,-7,4,9,0,-5,5,-2,7,-5,-1,-9],"lows":[0,11,-6,-48,4,44,-5,55,28,-20,-6,24,5,34,6,4,-18,-1,-9,11,9,-20,-5,0,1,6,0,9,-1,-6,-41,5,19,4,0,9,0,0,0,0,-3,-1,-7,0,0,0,-1,0,-1,2,-4,3,13,1,-14,0,-4,-1,-56,2,0,-4,-2,0,-20,-25,11,-11,0,-9,-6,-9,5,4,-8,4,-9,2,7,-19,3,-4,11,-6,0,-1,-4,4,2,-7,-1,-1,8,10,7,28,-17,6,-6,-2,14,-4,-16,7,9,-3,-13,3,-1,2,-10,15,-1,-4,5,-1,4,-3,-5,-9],"closes":[0,-46,15,-56,32,5,44,37,4,-27,27,-10,57,-7,-6,5,-9,-15,-1,8,4,-14,-9,-2,7,0,8,1,6,-13,-36,29,-5,-1,10,-1,1,0,0,0,-3,-2,-4,-3,0,0,-1,1,0,0,0,12,0,1,-14,0,0,-4,-51,21,0,-20,-1,-9,-20,-10,-1,5,-4,-25,-5,-4,19,-16,6,0,-17,7,0,-11,6,0,0,4,-9,0,-6,6,-2,-9,9,1,13,-2,38,-3,-10,-6,-1,2,15,-12,-4,1,4,1,-14,-3,4,-3,7,-1,-1,0,3,6,2,-6,-9,-5],"volumes":[7.87,16.5,13.5,4.87,13.87,18.62,29.5,26.35,44.61,44.12,87.23,66.49,74.74,91.6,27.5,21.24,44.74,229.86,217.33,13.87,3.5,28.5,7.0,8.0,8.0,5.25,5.5,8.0,6.5,21.74,13.98,24.0,10.0,6.0,16.0,9.0,15.0,9.0,15.0,29.0,4.0,2.0,13.0,2.0,6.0,3.0,12.0,10.0,8.0,5.0,22.0,28.62,25.0,6.0,18.37,4.5,35.0,14.5,59.0,40.5,91.5,66.25,69.0,81.5,93.5,113.8,82.25,99.0,112.25,92.0,63.86,45.08,29.98,93.11,53.0,18.0,54.7,49.96,25.5,79.62,47.5,30.5,58.47,46.35,17.5,14.0,25.5,27.0,29.99,51.56,63.73,94.3,89.21,46.47,77.32,53.11,58.84,78.2,69.82,66.22,37.1,38.72,38.62,55.32,29.11,46.36,41.97,26.11,43.48,8.12,43.61,57.97,34.35,24.62,46.94,52.11,49.86,40.58,64.32,52.48]}