{"timestamp":1488067200000,"multiplier":1.0E-5,"open":1.00585,"high":1.00588,"low":1.00579,"close":1.00588,"shift":60000,"times":[1320,1,1,1,1,1,1,1,1,1,1,1,1,1,1,1,1,1,1,1,1,1,1,1,1,1,1,1,1,1,1,1,1,1,1,1,1,1,1,1,1,1,1,1,1,1,1,1,1,1,1,1,1,1,1,1,1,1,1,1,1,1,1,1,1,1,1,1,1,1,1,1,1,1,1,1,1,1,1,1,1,1,1,1,1,1,1,1,1,1,1,1,1,1,1,1,1,1,1,1,1,1,1,1,1,1,1,1,1,1,1,1,1,1,1,1,1,1,1,1],"opens":[0,3,-4,-2,-7,8,-4,-1,30,11,-4,2,3,-5,-6,-12,-2,-10,4,-1,10,-1,2,-2,-9,7,5,-6,4,0,2,0,-1,-3,-1,0,-2,-6,1,-3,-5,0,2,-17,-7,26,-15,-21,-12,5,-4,20,-15,11,11,-10,9,-3,-25,-15,0,-2,20,-16,41,5,-11,-3,1,1,8,6,12,-3,6,-1,9,-9,14,11,7,-1,-10,-9,-4,8,-13,-40,15,-6,-5,6,-23,5,16,-4,-8,5,-39,52,13,-6,0,-3,22,1,3,-12,6,-1,12,18,-2,10,-4,-13,-7,21,0,-20],"highs":[0,0,-2,30,-31,-2,13,10,13,11,-15,9,-4,-5,-6,-9,-4,-7,2,5,2,-1,5,-5,-2,6,-1,5,-1,1,-5,0,0,-3,-1,0,-2,-6,0,-2,-6,2,0,-17,19,0,-15,-19,1,-10,16,1,-4,23,-12,-2,0,-2,-18,-19,10,15,5,21,-4,2,-8,0,-1,0,2,20,-3,0,7,4,5,1,13,3,4,-5,-8,-7,16,-15,-12,-22,-1,-6,0,19,-30,10,-4,2,-2,-1,11,12,-2,0,-4,23,0,-2,0,10,-13,8,22,-3,7,14,-19,-9,9,1,5,-20],"lows":[0,3,-26,-15,34,-1,-1,-19,41,19,0,-1,-5,1,-15,1,-10,0,3,0,7,0,0,-9,0,9,-1,0,3,1,1,0,0,-3,-5,4,-7,-1,-1,-20,13,0,-15,0,-11,12,-19,-23,13,-17,15,-6,14,11,-7,7,10,-31,-21,-6,-18,19,8,5,41,-5,-3,-1,4,1,4,10,8,1,-2,4,2,0,3,14,14,-17,-4,0,-1,-10,-34,-4,7,0,-8,-17,8,4,-14,16,2,-43,8,53,-6,10,-10,11,14,6,-7,1,2,3,11,12,4,-3,-4,-12,6,13,-9,-4],"closes":[0,-4,2,-4,3,-11,4,28,13,-4,0,-2,2,-6,-14,1,-10,2,1,6,1,-1,0,-7,7,6,-6,1,5,1,-3,1,0,-4,0,0,-8,-1,-1,-7,0,2,-17,0,19,-15,-18,-15,6,-6,22,-16,13,10,-14,12,1,-27,-17,-5,5,24,-22,44,4,-13,0,1,0,5,4,17,-4,1,3,11,-11,17,7,8,0,-10,-9,-3,6,-11,-39,13,-5,-5,1,-19,5,17,-5,-7,4,-40,53,14,-8,1,-4,23,1,4,-14,8,-5,15,19,-2,9,-3,-13,-8,20,1,-17,-2],"volumes":[2.6,1.85,9.32,26.42,14.0,9.75,20.5,35.25,58.58,21.62,11.99,15.0,34.25,30.75,21.87,15.11,19.74,9.12,13.5,8.0,10.87,12.49,22.5,58.24,20.99,18.49,17.87,29.5,22.87,7.5,5.0,9.0,6.0,7.0,17.6,4.0,8.0,9.25,9.0,59.86,11.0,22.0,14.0,6.0,33.87,20.25,17.5,47.37,25.5,62.0,26.37,64.11,19.12,18.25,23.99,9.0,1.0,19.75,49.24,58.87,183.75,170.25,139.5,129.5,100.5,64.5,66.0,66.75,43.25,20.5,47.5,47.5,26.0,20.0,69.5,64.99,45.5,37.0,65.5,86.0,21.0,109.0,52.0,21.0,106.34,162.24,115.48,137.84,100.99,67.24,110.77,204.26,114.02,41.22,129.69,97.86,78.0,129.24,131.75,82.12,85.74,64.74,88.17,112.04,83.31,57.87,29.0,77.12,75.75,51.75,72.0,60.99,58.62,117.98,35.62,78.6,31.35,33.09,34.35,26.98]}