{"timestamp":1486857600000,"multiplier":1.0E-5,"open":1.24582,"high":1.24653,"low":1.24579,"close":1.24653,"shift":60000,"times":[1324,1,1,1,1,1,1,1,1,1,1,1,1,1,1,1,1,1,1,1,1,1,1,1,1,1,1,1,1,1,1,1,1,1,1,1,1,1,2,1,1,1,1,1,1,1,1,1,1,1,1,1,1,1,1,1,1,1,1,1,1,1,1,1,1,1,1,1,1,1,1,1,1,1,1,1,1,1,1,1,1,1,1,1,1,1,1,1,1,1,1,1,1,1,1,1,1,1,1,1,1,1,1,1,1,1,1,1,1,1,1,1,1,1,1],"opens":[0,70,-44,4,45,202,-20,5,9,-3,-3,3,44,-12,-5,-15,19,-6,1,2,-12,6,0,8,-5,-2,1,25,-13,-2,-11,1,3,0,17,-2,2,0,0,-3,1,-18,36,3,-6,-1,-21,-1,-1,-2,-7,7,3,-5,-2,12,-27,3,-9,-15,-12,2,13,3,-5,21,-15,-5,5,-16,5,-12,-1,1,7,-17,6,11,2,-9,0,2,1,-1,13,0,-2,2,15,5,11,-7,0,-15,4,5,-2,-2,-26,6,3,-28,6,0,2,12,2,0,1,-12,11,3,-8,-2,3],"highs":[0,-1,3,-43,262,-15,-15,26,-17,-3,-2,49,-3,-12,-5,3,1,-6,13,-9,-7,0,1,10,0,-9,28,-3,-10,2,-16,16,2,1,0,-2,2,0,0,-3,20,-2,4,2,-8,0,-22,-1,-1,-2,2,2,2,-5,5,2,-10,-10,-13,-15,-9,15,-2,2,17,1,-14,-3,2,-15,6,-14,8,-2,-1,-11,15,6,-8,0,2,3,-3,6,0,5,-3,19,5,3,1,-2,-6,-10,2,7,-6,-3,-17,6,-6,-19,4,-2,13,8,-9,2,5,-7,1,3,-9,1,0],"lows":[0,72,-43,4,45,181,1,5,5,-7,5,3,20,12,-21,-3,22,-11,7,-5,-5,5,-3,-39,34,10,1,11,-16,6,-3,1,3,0,15,0,3,-1,0,-2,-19,2,35,3,-6,-24,-2,3,-2,-8,1,4,-1,-2,2,-15,-15,6,-17,-14,6,2,14,-7,2,4,0,0,-12,-7,1,-2,1,-1,-9,1,5,5,-6,4,2,2,0,0,11,-2,-7,3,22,2,6,-4,-9,-21,12,15,-17,-13,1,1,-26,8,4,-1,4,12,0,1,-11,2,10,-4,-3,1,-12],"closes":[0,-2,4,-43,249,-17,0,9,-3,-8,6,46,-24,12,-20,18,0,-11,9,-7,1,0,1,2,-2,1,26,-14,-2,-9,-1,3,0,16,-1,-1,3,-1,0,-2,-19,37,3,2,-8,-22,-2,1,-1,-8,7,2,-5,-1,6,-21,2,-9,-13,-14,3,11,2,-4,24,-16,-5,5,-16,-6,0,-3,3,6,-16,4,12,3,-9,0,1,0,3,7,1,-2,-2,20,7,10,-9,-1,-12,4,2,2,-3,-25,4,4,-28,6,1,2,11,3,-2,1,-11,11,0,-4,-3,3,-14],"volumes":[6.42,3.0,9.51,2.0,8.87,39.36,5.0,23.98,19.87,3.5,4.5,29.5,47.22,1.5,16.37,24.74,4.37,4.0,10.75,21.47,33.0,9.75,21.5,39.28,45.12,8.0,27.38,13.0,32.94,13.69,25.25,25.0,23.38,29.82,36.75,4.5,3.0,2.0,6.5,2.25,21.5,32.41,12.75,8.5,31.0,19.49,17.86,6.0,11.0,17.62,17.0,22.0,23.18,65.19,56.0,104.3,128.03,66.07,66.22,36.41,32.28,29.58,6.44,31.41,64.65,44.86,27.68,17.62,72.41,53.45,40.15,18.62,47.75,46.81,61.23,31.58,44.58,62.57,40.16,51.68,66.5,87.11,52.28,39.84,33.73,64.72,88.17,83.77,95.58,47.14,68.24,75.68,143.68,60.71,56.44,61.95,74.41,83.51,85.28,103.61,107.15,61.27,49.66,35.05,54.64,53.28,20.79,23.09,69.93,62.26,42.39,44.39,36.81,44.31,44.36]}