{"timestamp":1488067200000,"multiplier":1.0E-5,"open":1.30962,"high":1.30967,"low":1.30962,"close":1.30967,"shift":60000,"times":[1320,1,1,1,1,1,1,1,1,1,1,1,1,1,1,1,1,1,1,1,1,1,1,1,1,1,1,1,1,1,1,1,1,1,1,1,1,1,1,1,1,1,1,1,1,1,1,1,1,1,1,1,1,1,1,1,1,1,1,1,1,1,1,1,1,1,1,1,1,1,1,1,1,1,1,1,1,1,1,1,1,1,1,1,1,1,1,1,1,1,1,1,1,1,1,1,1,1,1,1,1,1,1,1,1,1,1,1,1,1,1,1,1,1,1,1,1,1,1,1],"opens":[0,6,0,4,13,-11,10,-2,0,-2,0,5,12,0,-13,-4,0,-1,1,1,0,4,5,-5,-5,1,9,-10,1,1,9,-6,0,0,-1,0,0,4,-4,4,-1,0,1,0,-2,-4,2,-2,1,0,2,3,17,-6,0,-2,0,-2,-1,11,1,-19,41,14,-11,3,9,-5,0,0,6,6,21,-2,-3,-8,-6,1,4,3,6,0,6,-1,-2,3,6,7,1,2,-1,41,-13,-1,17,25,-4,9,-1,3,20,-6,3,3,24,4,0,-26,-9,10,-4,12,-7,10,-1,1,-19,12,1,6],"highs":[0,1,0,19,-2,-1,2,-4,21,-22,0,26,-10,0,-4,-13,1,0,7,0,-3,0,5,-5,-5,19,-9,2,0,-5,4,-6,0,0,0,-1,3,2,8,-3,2,-3,2,-7,-2,-2,0,0,0,4,0,18,0,-7,0,-1,0,-3,12,-2,6,23,18,-2,-13,4,3,3,-9,6,6,26,-5,1,-6,-5,-1,-1,2,5,3,7,-3,5,1,18,-13,7,3,-4,26,25,-20,19,16,7,3,4,2,21,-10,1,3,29,5,-7,-3,-17,-5,5,6,-5,4,5,-2,-5,-1,-5,6,0],"lows":[0,5,0,5,3,-1,7,0,-1,0,0,5,3,-3,-10,5,0,-1,1,1,-1,5,-1,-3,-1,1,-1,0,1,1,3,-5,4,-1,0,1,-3,2,1,-1,4,-5,-1,5,-6,-1,1,2,-3,4,-4,4,-1,16,-9,8,-3,-1,1,7,-23,9,41,3,0,1,4,-1,2,1,5,7,16,0,-13,-1,0,-2,-2,-2,19,-2,5,1,-1,4,1,7,4,2,-1,21,9,-3,10,22,6,8,-1,6,8,4,2,3,27,1,-22,-11,1,0,6,2,3,-6,14,-18,1,9,-2,11],"closes":[0,0,1,19,-11,8,-3,0,9,-9,-1,8,0,-3,-6,1,1,0,7,0,-3,0,0,-4,-1,19,-19,1,1,4,-1,-5,5,-1,0,0,0,0,4,-1,0,1,0,-2,-6,4,-2,1,0,2,3,17,-7,0,0,0,-4,-1,11,-1,-16,41,14,-11,4,0,1,5,-3,6,6,21,-3,-2,-7,-5,1,3,1,7,-1,5,2,-3,3,6,3,4,3,-1,27,2,0,19,21,-4,9,-2,4,20,-5,2,0,26,5,1,-25,-11,10,-4,13,-7,11,-9,5,-18,18,-6,6,2],"volumes":[1.11,1.12,1.11,2.99,13.86,12.24,25.5,17.0,42.86,5.61,14.84,24.22,4.5,4.62,33.09,2.49,9.49,3.25,2.37,2.12,3.99,1.75,10.99,4.37,2.99,8.74,37.83,25.36,51.87,12.5,7.25,5.12,14.35,9.85,29.07,14.59,19.86,19.61,35.35,77.43,15.46,27.55,33.34,2.12,31.28,34.07,25.54,25.57,40.29,27.33,36.83,50.09,63.84,32.5,46.75,29.0,26.0,7.5,30.74,26.0,78.24,152.38,97.78,111.41,75.67,51.03,37.75,80.48,38.03,32.55,78.84,39.1,11.36,18.99,39.09,31.93,42.71,23.1,39.98,83.7,9.5,72.5,49.5,33.5,103.64,138.76,71.81,104.59,72.7,18.12,77.07,97.76,24.82,47.32,106.09,71.7,29.94,68.58,126.7,73.76,67.68,62.18,83.92,113.7,82.17,40.96,22.74,50.23,19.0,33.02,56.7,50.72,53.42,85.07,50.14,42.62,24.18,21.97,24.85,13.25]}