{"timestamp":1289692800000,"multiplier":1.0E-5,"open":0.99891,"high":0.99891,"low":0.9989,"close":0.9989,"shift":60000,"times":[1320,1,1,1,1,1,1,1,1,1,1,1,1,1,1,1,1,1,1,1,1,1,1,1,1,1,1,1,1,1,1,1,1,1,1,1,1,1,1,1,1,1,1,1,1,1,1,1,1,1,1,1,1,1,1,1,1,1,1,1,1,1,1,1,1,1,1,1,1,1,1,1,1,1,1,1,1,1,1,1,1,1,1,1,1,1,1,1,1,1,1,1,1,1,1,1,1,1,1,1,1,1,1,1,1,1,1,1,1,1,1,1,1,1,1,1,1,1,1,1],"opens":[0,-5,4,-47,-42,7,-17,15,20,14,56,-6,-19,-16,-122,-27,-3,51,-9,-20,-41,29,5,1,-7,15,43,-16,27,-24,19,48,-73,9,7,41,-23,-30,27,64,-101,-1,63,-68,63,-12,-54,69,-100,20,49,11,10,13,-2,3,-2,21,9,16,4,-20,-2,2,7,-4,0,-5,25,-3,1,8,-7,-3,19,2,0,0,5,-6,12,-4,4,-4,6,13,30,38,-34,11,3,-14,-39,20,-19,-9,-4,3,14,-2,59,-18,0,-2,-3,1,-10,12,-13,-8,-25,26,-3,5,17,-2,-7,-12,9,-37],"highs":[0,-5,4,-46,-24,-12,0,6,58,19,8,-3,-25,-16,-99,-35,62,-29,-4,-25,-32,55,-30,27,6,-2,21,26,-15,-8,3,48,-73,40,2,15,-23,-30,27,67,-104,3,59,-68,63,-2,-64,69,-100,56,25,-1,24,-1,-2,20,-4,19,30,-17,7,-21,0,6,-1,1,-6,21,-1,6,3,-1,11,0,1,17,-20,6,5,0,0,0,1,18,-5,36,39,-6,-30,19,-3,-18,-22,11,-28,-10,4,7,11,36,12,-18,2,-4,0,-2,0,2,-8,0,-11,-1,3,16,0,3,-12,9,6,-25],"lows":[0,-4,-39,-52,6,-22,12,15,20,14,53,-21,-4,-139,-12,-11,-3,51,-28,-64,22,14,5,16,-7,15,43,-23,-27,37,14,-5,-15,9,7,19,-40,9,27,18,-55,-1,34,-39,51,-21,-33,23,-64,30,49,11,7,13,1,-24,25,17,13,7,-10,-3,4,-2,7,-2,-24,21,-10,32,-1,2,1,-3,11,9,0,0,-11,2,17,0,-19,1,22,9,31,10,-2,12,-9,-46,5,1,-18,-1,-1,10,11,1,38,-2,1,0,-19,7,1,1,-11,-28,5,23,-1,3,20,-3,-26,0,-24,-7],"closes":[0,-4,-39,-45,18,-40,28,6,20,57,8,-27,-4,-135,-15,-12,37,11,-26,-61,26,36,-23,16,7,20,21,14,-56,45,-2,18,-38,13,29,-7,-21,-10,27,23,-60,3,52,-61,59,2,-64,37,-69,57,25,-1,22,-2,1,5,11,6,32,-6,-19,-4,6,8,-5,0,-5,26,-4,2,6,-5,13,4,3,-2,-2,6,-14,20,0,0,-1,8,7,35,29,-26,1,17,-17,-46,21,-15,-13,0,0,13,1,45,-8,-2,3,-1,1,-12,10,-9,-10,-24,26,-1,-1,20,0,0,-18,7,-33,19],"volumes":[2.4,2.3,47.8,72.1,33.7,23.5,9.4,17.6,59.4,43.8,9.9,18.5,3.1,69.4,49.5,40.6,26.4,2.4,6.3,91.7,15.7,45.6,19.2,16.0,10.4,7.7,1.3,30.5,18.3,7.1,4.6,41.17134,1.2,16.0,4.0,7.6,14.6,3.0,1.4,32.90672,2.0,2.4,39.7191,2.7,36.87936,13.78904,2.1,71.12196,7.5,14.6,6.0,1.2,13.7,3.3,2.7,71.3,8.8,20.6,25.3,11.7,41.6,46.6,14.9,14.8,8.4,15.6,25.4,25.6,32.7,37.6,77.7,64.0,30.6,21.9,20.9,61.7,7.6,15.9,63.1,51.6,24.2,12.6,66.4,57.2,16.1,31.0,69.4,21.6,15.3,13.5,41.0,66.7,42.1,25.1,43.5,26.5,46.8,19.6,24.0,38.8,9.0,6.0,17.1,14.0,36.3,21.3,35.5,22.5,47.7,93.1,16.8,13.5,13.5,20.9,1.5,16.7,30.5,65.2,93.1,67.8]}