{"timestamp":1289088000000,"multiplier":1.0E-5,"open":0.96147,"high":0.96176,"low":0.96083,"close":0.96149,"shift":60000,"times":[1320,1,1,1,1,1,1,1,1,1,1,1,1,1,1,1,1,1,1,1,1,1,1,1,1,1,1,1,1,1,1,1,1,1,1,1,1,1,1,1,1,1,1,1,1,1,1,1,1,1,1,1,1,1,1,1,1,1,1,1,1,1,1,1,1,1,1,1,1,1,1,1,1,1,1,1,1,1,1,1,1,1,1,1,1,1,1,1,1,1,1,1,1,1,1,1,1,1,1,1,1,1,1,1,1,1,1,1,1,1,1,1,1,1,1,1,1,1,1,1],"opens":[0,-39,-19,31,-9,0,-4,0,31,9,-19,-2,0,-15,-1,4,35,0,-3,-18,-7,1,-4,-26,10,11,1,4,-4,-1,0,3,7,1,-1,-1,0,-6,4,-1,-41,-5,-1,5,1,0,-3,-1,1,0,0,0,-1,0,0,-1,-3,0,0,0,3,2,27,-1,1,0,32,1,0,1,3,15,-8,1,0,2,4,0,17,-16,2,29,-16,12,12,3,16,-5,9,1,3,9,-6,-1,-6,-3,-9,26,-2,0,-18,-28,-33,21,0,-17,3,-6,14,-17,2,-5,-21,-8,-10,5,-1,-5,3,-40],"highs":[0,24,-30,-49,-10,4,-8,31,9,3,-21,4,-7,-10,0,37,-4,0,-3,-18,-5,2,-5,-20,14,0,7,1,-8,0,2,13,-5,0,-1,0,0,-3,0,3,-42,-8,5,0,0,3,-6,0,0,0,0,0,0,4,-5,9,-12,0,0,0,6,25,0,0,0,43,-10,3,3,-2,16,0,-5,-1,5,0,-1,17,0,-9,27,-3,-3,11,10,-1,10,12,-7,2,14,21,-31,-1,-6,0,16,-2,-2,2,-20,-28,-12,6,0,-20,2,6,0,-14,-1,1,-27,-8,-5,0,-1,-2,0,-40],"lows":[0,7,-1,17,-3,8,-30,18,39,-10,-2,0,-15,0,-1,4,32,-4,-17,-4,-10,6,-27,2,9,12,0,0,0,0,0,3,7,-1,0,0,-9,3,3,-40,-7,0,0,5,0,-3,0,0,0,1,-1,0,0,-1,0,-1,-2,0,0,0,3,1,27,0,1,-5,33,5,-7,8,3,7,0,1,-5,7,2,2,2,-1,-1,13,2,13,11,4,5,5,10,0,4,-10,11,-6,-2,-11,2,24,0,-28,-18,-39,5,7,-8,5,-8,6,-3,0,-3,-21,-10,-15,7,0,-1,-1,-75,21],"closes":[0,-3,-26,-9,0,0,-4,31,9,-19,-2,0,-15,2,1,35,-2,-5,-14,-7,2,-6,-27,10,13,1,4,-4,-1,0,3,7,1,-1,-1,0,-6,4,-1,-40,-6,-1,5,1,0,-3,-1,1,0,0,0,-1,0,0,-1,-1,-2,0,0,1,4,27,-1,1,0,32,1,0,1,3,15,-8,4,-3,-5,11,0,17,-15,1,29,-11,8,11,1,8,9,5,1,2,10,-4,-3,-6,-3,-9,26,-2,0,-18,-28,-33,21,0,-20,6,-6,14,-17,2,-5,-21,-8,-10,5,-1,-5,3,-30,-28],"volumes":[93.2,101.4,68.2,131.3,82.5,65.4,81.7,69.5,36.0,35.7,40.9,50.9,43.4,54.9,57.3,40.0,36.0,36.0,37.5,37.5,39.1,43.8,70.2,46.2,39.8,36.0,39.8,37.5,36.0,34.5,37.5,37.5,34.5,37.5,36.0,37.5,40.5,34.5,28.5,65.3,43.6,37.5,39.0,33.0,28.5,36.0,33.0,34.5,30.0,36.0,37.5,36.0,34.5,33.0,33.0,38.1,51.9,43.1,47.9,46.3,39.0,44.3,37.5,37.5,42.2,61.5,45.3,37.5,43.5,43.6,57.4,82.6,34.5,39.1,59.7,44.3,43.3,29.5,67.8,48.7,51.0,40.5,45.1,48.8,40.5,39.8,44.4,52.5,43.2,54.2,45.7,77.4,39.8,49.2,46.4,51.3,40.9,30.4,45.0,49.7,50.8,44.3,51.8,43.5,46.5,42.9,62.6,48.1,41.3,64.1,36.0,77.4,68.5,65.1,70.1,61.6,44.4,50.1,53.2,52.8]}