{"timestamp":1615075200000,"multiplier":1.0E-5,"open":1.19177,"high":1.19177,"low":1.19176,"close":1.19176,"shift":60000,"times":[1320,1,1,1,1,1,1,1,1,1,1,1,1,1,1,1,1,1,1,1,1,1,1,1,1,1,2,1,1,3,1,5,1,1,1,1,1,1,1,1,1,1,1,1,1,1,1,1,1,1,1,1,1,1,1,1,1,1,1,1,1,1,1,1,1,1,1,1,1,1,1,1,1,1,1,1,1,1,1,1,1,1,1,1,1,1,1,1,1,1,1,1,1,1,1,1,1,1,1,1,1,1,1,1,1,1,1,1,1,1,1,1,1],"opens":[0,0,0,7,-7,0,4,-9,0,0,3,-2,9,-6,-1,0,-1,1,0,0,0,6,-6,-1,6,-7,3,6,-4,-4,0,7,-2,-2,-1,-2,4,33,-14,-2,2,-1,11,-1,5,0,0,0,0,-6,-6,2,1,-13,-7,17,25,9,-3,35,17,-7,15,-18,-16,20,15,-22,-26,3,10,6,-6,18,14,24,-2,-14,-32,24,0,7,-1,-3,8,-14,3,-3,-8,-8,-26,3,3,7,-9,-2,14,7,-5,-16,0,-10,-9,-11,1,5,5,19,-8,22,-1,-6,-1],"highs":[0,0,2,6,0,-5,4,-9,4,-5,6,2,8,0,-4,-7,-5,9,-7,-1,8,-2,-4,-3,16,-5,-2,-1,12,-19,-1,7,-2,-2,-1,-2,39,0,-16,3,11,0,-4,-1,5,0,0,1,-1,-6,-4,0,1,-11,22,14,9,2,29,19,-3,10,-3,-15,2,14,3,-25,-14,7,0,3,12,23,19,-4,-5,-14,-4,20,-5,-1,-12,7,4,-14,10,-9,-12,-11,-24,3,20,-8,-9,13,7,-5,-1,-12,-5,-10,-11,-9,5,7,17,-2,17,0,-4,-4,9],"lows":[0,0,1,1,-2,1,-5,-1,0,-3,4,0,4,-1,0,-1,0,0,0,1,0,-1,0,-1,0,0,0,0,1,0,0,7,-4,0,-1,-2,2,21,0,-2,1,0,11,-1,5,0,0,0,0,-12,0,2,-13,-13,-1,22,19,14,0,22,18,1,0,-16,-3,18,-6,-20,-12,14,11,-1,0,14,16,14,-5,-31,1,21,1,8,-2,-16,9,-5,2,-6,-8,-26,-1,-2,6,-2,-3,4,15,-18,2,-3,-6,-11,-9,0,-4,11,4,11,1,9,5,0,0],"closes":[0,1,2,-1,-1,2,-7,0,-1,1,0,10,-6,0,-1,-1,0,1,0,0,8,-9,0,-1,0,0,10,-9,0,0,0,7,-2,-2,-1,-2,36,-12,-1,1,-2,10,1,-1,5,0,0,0,0,-12,2,0,-13,-6,16,26,9,-2,35,16,-9,15,-16,-15,20,14,-24,-24,5,9,4,-5,18,16,20,-2,-11,-33,24,-1,10,-1,-4,8,-15,0,0,-9,-6,-27,1,4,8,-9,-1,10,8,-4,-16,2,-11,-11,-9,0,4,9,19,-11,23,0,-8,1,11],"volumes":[8.24,15.73,1.12,60.29,53.93,53.93,62.5775,83.14,75.3,72.28,56.93,25.48,33.14,33.18,5.24,44.97,10.5,12.0,8.25,3.0,1.5,8.25,11.99,3.0,7.1,3.36,2.99,11.22,5.97,4.5,0.75,1.88,1.87,0.37,0.94,0.75,12.65,14.39,0.75,5.19,25.31,27.71,2.25,1.5,1.5,3.0,6.75,18.75,0.75,5.22,2.98,1.48,7.05,110.45,78.62,163.9,130.1,207.74,197.01,301.97,120.4,52.83,24.83,106.97,58.99,87.39,130.94,183.83,82.81,69.88,33.14,43.44,128.35,78.6,95.93,134.66,81.8,113.91,108.0,78.2,91.39,56.42,2.25,110.2,116.37,110.59,132.91,77.37,55.87,88.44,32.45,58.11,69.78,78.48,65.96,69.61,60.13,152.05,214.3,72.16,124.11,151.85,172.7,80.89,83.1,55.78,36.8,28.86,79.17,76.33,85.46,18.74,34.85]}