{"timestamp":1616889600000,"multiplier":1.0E-5,"open":1.17917,"high":1.17917,"low":1.17916,"close":1.17916,"shift":60000,"times":[1260,3,1,1,2,1,1,1,1,1,1,5,1,2,3,2,1,1,2,1,1,1,1,1,1,1,1,1,1,1,1,1,1,2,1,1,1,1,1,1,1,1,1,3,1,1,1,1,1,1,1,1,1,1,1,1,1,1,1,1,1,1,1,1,1,1,1,1,1,1,1,1,1,1,1,1,1,1,1,1,1,1,1,1,1,1,1,1,1,1,1,1,1,1,1,1,1,1,1,1,1,1,1,1,1,1,1,1,1,1,1,1,1,1,1,1,1,1,1,1,1,1,1,1,1,1,1,1,1,1,1,1,1,1,1,1,1,1,1,1,1,1,1,1,1,1,1,1,1,1,1,1,1,1,1,1,1,1,1,1,1,1,1,1,1],"opens":[0,-1,0,0,0,0,0,-2,-2,-1,5,0,0,1,-1,0,-13,-6,9,12,0,0,0,-7,10,1,-11,-7,8,-10,8,4,-13,0,0,10,0,0,-9,10,-7,3,-10,-1,1,0,22,-7,6,-4,7,5,-14,3,-4,5,-6,8,-9,5,5,9,-5,3,-10,1,0,-1,-20,2,12,6,-6,1,4,-1,8,-9,6,-10,4,-1,-6,8,2,-8,5,0,-20,7,-5,-3,-4,6,4,6,0,3,2,0,-1,5,3,-10,1,0,-9,0,6,-6,3,-4,-4,1,-12,5,-9,2,1,-1,2,9,0,5,2,-3,0,3,-3,1,-1,5,-11,-3,-7,-6,-1,-7,1,11,-2,12,-2,1,-1,-4,8,-5,1,-2,-4,-3,-1,0,-6,1,-3,15,-5,-6,-2,1,-4,-2,-6],"highs":[0,-1,0,0,0,0,0,-2,-2,4,0,0,0,1,0,-1,-9,-10,25,1,-5,0,0,3,1,0,-10,0,0,-10,8,6,-15,0,11,-1,0,0,1,0,-4,0,-10,-1,1,28,-6,4,1,-2,4,8,-14,-2,4,-5,4,7,-5,-4,13,-3,-2,-1,-7,0,0,-2,-20,13,4,5,-9,13,-6,7,-2,-4,1,-5,6,-7,5,3,-5,-3,5,-5,-12,6,-9,-3,2,6,1,0,3,7,0,-5,1,7,-1,-9,1,-1,-8,7,-1,-6,2,-4,0,-3,-7,1,-7,4,-3,9,2,-1,4,3,2,-2,3,-4,-1,0,5,-2,-11,1,-11,-4,-3,-3,8,1,8,2,-1,1,-3,4,0,-2,-2,-2,-4,-1,-3,3,-8,0,12,0,-5,-5,0,-2,-4,-2,9],"lows":[0,0,0,0,0,0,0,-5,1,-1,5,0,0,0,0,-13,-2,-4,9,8,4,0,0,-7,2,-8,6,-7,8,-10,8,0,-9,0,0,9,0,-8,0,0,3,3,-10,-1,1,0,7,7,2,-3,10,-9,-1,-8,1,6,1,-3,-5,-8,25,3,-1,-6,1,0,-1,-19,-2,4,12,3,-4,2,4,-4,2,0,-3,-4,4,-3,-1,5,-6,3,1,-14,-2,3,-6,-3,1,5,5,4,0,2,4,-2,2,-1,-1,0,0,-8,0,0,-1,1,-2,-5,-3,-7,1,-4,0,2,-2,2,-2,9,3,6,-3,1,1,0,0,-1,1,-2,-9,-3,-10,-2,-8,3,-2,12,1,11,-1,0,-3,-1,1,2,-1,-4,-11,8,-3,-2,-5,-10,11,7,-2,-4,1,-4,0,-11,4],"closes":[0,0,0,0,0,0,0,-5,1,4,0,0,0,0,0,-9,-1,-9,25,-4,0,0,0,3,1,-17,7,0,0,-10,8,2,-11,0,11,-2,0,-8,10,-10,6,0,-10,-1,1,21,-7,7,-4,7,5,-14,3,-3,4,-5,6,-10,8,4,8,-4,3,-11,3,-1,-2,-19,1,13,3,0,-4,8,-1,8,-11,4,-7,3,-1,-5,7,2,-11,8,2,-20,6,-5,-5,-3,5,5,6,-2,3,4,-1,0,2,7,-10,0,0,-9,0,7,-7,1,-3,-4,-4,-7,4,-7,3,2,-3,1,12,-4,7,2,-5,1,2,0,0,-2,7,-8,-7,-5,-10,3,-10,0,13,-2,11,0,1,1,-6,7,-6,4,-4,-2,-6,1,-2,-2,-3,-3,16,-6,-4,-4,3,-5,0,-9,16],"volumes":[1.5,2.25,2.25,1.5,2.25,3.75,0.75,4.5,0.37,5.25,0.75,2.25,0.75,2.25,3.0,3.75,15.75,0.75,6.0,78.0,1.5,0.75,1.5,100.5,4.5,5.25,1.5,1.5,0.75,0.75,0.75,4.12,0.75,0.75,5.25,3.0,1.5,3.0,3.75,3.75,1.69,0.75,0.75,1.5,0.75,20.61,102.535,125.38,15.0,23.62,16.47,55.92,31.5,188.25,99.57,82.52,27.63,72.4,56.42,72.34,36.54,29.6,14.07,21.37,7.39,7.7,73.34,52.98,4.32,10.16,9.57,4.15,12.83,8.26,8.25,14.09,18.47,7.77,30.76,35.11,34.17,13.97,15.95,29.39,20.48,9.75,33.2,31.35,9.38,53.41,33.02,37.72,27.64,26.25,6.0,6.0,21.54,45.02,17.43,5.25,8.25,12.19,26.58,1.88,3.95,59.51,0.85,42.07,20.29,1.69,22.93,73.81,25.1,47.1,23.98,39.02,9.1,9.28,54.0,62.39,86.66,6.94,11.25,7.5,32.49,14.73,41.77,12.98,6.75,6.45,9.56,18.55,25.54,36.48,34.12,34.6,30.66,35.78,34.38,22.84,29.44,3.75,3.75,6.0,5.35,20.69,18.29,4.88,4.65,22.4,68.64,16.02,23.21,49.99,22.66,48.01,17.25,13.5,20.44,32.81,10.87,22.87,10.88,21.39,18.3]}