{"timestamp":1616889600000,"multiplier":1.0E-5,"open":1.37904,"high":1.37904,"low":1.37887,"close":1.37901,"shift":60000,"times":[1260,1,2,2,1,1,1,1,1,1,1,1,1,1,1,1,1,1,1,1,1,1,1,1,1,1,1,1,1,1,1,1,1,1,1,1,1,1,1,1,1,1,2,1,1,1,1,1,1,1,1,1,1,1,1,1,1,1,1,1,1,1,1,1,1,1,1,1,1,1,1,1,1,1,1,1,1,1,1,1,1,1,1,1,1,1,1,1,1,1,1,1,1,1,1,1,1,1,1,1,1,1,1,1,1,1,1,1,1,1,1,1,1,1,1,1,1,1,1,1,1,1,1,1,1,1,1,1,1,1,1,1,1,1,1,1,1,1,1,1,1,1,1,1,1,1,1,1,1,1,1,1,1,1,1,1,1,1,1,1,1,1,1,1,1,1,1,1,1,1,1,1,1,1,1,1,1],"opens":[0,-3,0,0,0,-66,66,-4,0,19,20,-7,-18,-3,35,-7,4,-7,-25,0,0,0,0,0,0,3,0,0,-1,3,-45,45,-45,45,-46,-26,-10,8,-5,5,29,18,1,0,0,6,-3,1,-1,4,-8,3,-7,23,-4,-22,0,-30,3,20,7,6,-8,-21,6,7,0,-8,3,9,4,11,0,0,-3,-8,-13,-1,3,0,-13,21,9,-1,-1,-5,0,-2,18,1,0,-2,6,6,-9,-10,11,-3,-3,16,8,21,4,5,-4,-20,4,16,1,1,1,-2,-12,0,10,-8,0,-1,-28,-15,54,-3,-1,1,-2,4,-22,1,-10,9,-5,-6,10,22,-12,3,3,0,0,5,-8,-2,-2,2,-6,-3,-5,-5,3,-22,-3,21,1,10,-2,-7,7,2,0,-2,2,-6,-5,-3,4,-4,-5,-3,-8,8,1,-1,5,-2,0,-4,-4],"highs":[0,-3,0,0,0,27,-24,-7,0,43,12,-14,0,28,-23,-7,16,-19,-25,0,0,0,0,0,3,0,0,0,2,0,0,0,0,0,-42,-30,0,-1,-4,5,39,11,-4,0,0,22,-19,4,3,-3,-8,6,14,0,-5,3,-23,29,-29,3,3,0,-5,8,-18,1,0,-9,6,17,5,-3,3,-3,0,-9,-16,4,1,-2,7,8,3,-3,-1,-2,-3,21,-3,10,-8,-2,11,-2,-9,-2,5,-5,14,14,12,15,-6,2,-3,-20,21,1,-1,6,-4,0,-11,6,0,-5,-2,-2,-28,41,-2,-2,-1,1,-3,5,-22,0,-3,2,-5,2,25,-1,-9,1,4,-2,16,-11,-7,-2,0,-1,-6,1,-7,3,-7,-21,18,-1,10,9,-10,0,2,0,0,4,-2,-7,-4,0,-1,0,-9,-3,0,0,2,1,5,-4,-1,-2,3],"lows":[0,14,0,0,-78,8,65,0,1,7,14,-13,6,-3,18,9,-20,-9,2,0,0,0,0,0,0,3,0,-1,0,3,-45,45,-45,-91,63,1,-10,8,-5,5,29,8,10,1,0,6,-5,2,-1,-1,-2,0,-5,24,-48,16,5,-58,28,24,7,-2,-43,20,-1,11,-5,0,1,13,4,9,1,-2,-8,-11,-4,1,3,-13,0,21,8,0,-8,2,-3,0,16,3,1,-3,7,-7,-6,-2,9,0,-2,-1,23,19,8,0,-18,-1,4,13,2,1,0,-11,0,0,5,-5,0,-26,-17,0,52,-2,-1,1,-1,-18,1,-21,12,3,-4,-1,10,11,-32,34,1,-3,5,-8,4,-4,1,-6,-3,-7,-3,2,-18,-5,1,19,3,5,-6,0,8,1,-8,7,-6,-5,-10,10,-1,-4,-5,-12,6,-1,8,1,-1,2,1,-7,0],"closes":[0,0,0,0,-65,62,-2,0,1,15,15,-12,23,17,-20,0,-2,-27,2,0,0,0,0,0,3,0,0,-1,3,0,0,0,0,-37,-35,0,-3,1,-3,5,35,11,-1,1,0,9,-8,3,-2,-1,-2,1,19,0,-28,16,-15,-26,19,8,6,-6,-39,21,2,3,-7,0,10,7,13,-1,3,-7,-8,-11,-3,5,-1,-13,18,10,0,0,-8,2,-3,20,1,-1,0,1,8,-9,-9,8,0,-1,12,9,20,7,2,-2,-19,0,21,-1,1,-1,1,-13,0,10,-5,-4,2,-29,-16,54,-2,-2,1,-1,-2,-18,1,-9,7,-4,-3,0,29,-10,2,1,2,-5,10,-12,3,-4,4,-9,-3,-1,-7,6,-24,-1,19,-3,11,-1,-8,9,1,-1,-2,5,-10,-4,-4,7,-4,-5,-4,-9,9,1,1,2,1,-3,1,-7,9],"volumes":[10.08,0.23,0.22,0.42,6.99,20.52,7.5,3.75,0.75,17.06,7.12,5.25,1.5,6.9,3.19,9.0,10.19,4.5,0.25,1.28,0.64,1.28,5.76,1.28,0.9,1.14,0.99,0.82,1.76,0.69,2.13,0.23,1.21,105.34,98.34,0.25,26.91,0.9,7.6,0.44,1.69,7.52,1.5,1.5,0.75,4.27,17.14,3.19,31.08,16.2,1.87,42.94,7.7,13.54,11.22,6.71,2.7,157.0111,38.56,21.75,6.75,23.63,80.475,28.56,50.08,36.75,145.18,38.23,26.32,39.37,12.75,4.5,12.75,11.25,17.25,20.62,3.0,9.0,5.25,25.5,9.75,9.75,3.75,0.75,17.25,6.75,6.0,23.2,12.75,31.47,17.25,9.0,33.75,29.25,18.75,14.25,12.0,1.5,20.25,34.47,30.94,24.75,4.69,4.5,23.23,1.88,4.89,13.14,7.5,12.0,9.75,9.0,4.5,3.75,3.75,12.38,10.5,49.15,32.04,30.24,5.7,6.02,6.38,4.33,5.83,54.6,10.9,16.25,0.95,1.14,6.14,15.83,10.19,17.09,24.62,0.38,9.21,5.44,16.88,11.66,1.69,3.95,3.75,10.51,3.0,9.94,20.06,15.79,30.19,16.49,6.94,1.32,16.52,22.97,13.16,6.1,4.5,8.62,15.22,6.83,5.4,3.57,20.55,1.51,0.86,6.8,9.95,19.34,8.47,5.09,3.0,3.0,8.44,3.75,3.75,3.38,4.14]}