{"timestamp":1615075200000,"multiplier":0.001,"open":29251.369,"high":29341.319,"low":29251.369,"close":29326.469,"shift":60000,"times":[1380,1,1,1,1,1,1,1,1,1,1,1,1,1,1,1,1,1,1,1,1,1,1,1,1,1,1,1,1,1,1,1,1,1,1,1,1,1,1,1,1,1,1,1,1,1,1,1,1,1,1,1,1,1,1,1,1,1,1,1],"opens":[0,69900,-37270,12270,20000,15250,52000,-17100,-17420,-2000,-3680,680,-5680,18100,-4900,-3200,200,-2150,0,-7950,7850,15050,2150,-12100,6652,978,2320,-2950,-50,-298,3398,80050,-48000,2800,-29950,-4800,-250,-4750,-10200,-14850,-200,12200,7850,22000,38100,-13050,-39850,10000,-20250,-24950,-6850,-7470,-15000,4520,24800,2950,5250,14850,1950,-21900],"highs":[0,-12800,-27150,20100,14850,55100,-7900,-17100,-10150,-9270,-480,-2520,17270,-4850,-4420,-580,-50,-5000,50,1950,13100,5050,-2520,-5480,-498,8348,-5050,-50,730,-3630,98150,12480,-57680,-10000,-32800,5480,-5580,-11900,-10100,-10000,15050,1850,18150,62530,-22580,-13050,-34850,5000,-20250,-24950,200,-5000,-15250,20200,5050,12950,2050,15480,-10000,-22580],"lows":[0,27630,0,12320,24950,15250,31800,-16900,-4900,-8000,9800,-11900,6900,10150,-200,50,-7000,2680,-7730,2150,7850,10050,5200,-10150,6652,978,-978,0,-6652,6652,3398,24850,2000,-25000,-4850,3000,-5150,-14850,-8100,-1850,-4950,11800,13000,21950,13100,-33050,-9800,4850,-20100,-24850,3050,-20000,1850,8000,22000,7950,2150,14850,-19900,-12100],"closes":[0,-45150,20050,20100,6950,53050,-18150,-16900,2100,-7150,5150,-12520,27270,-8000,-1950,100,-8100,680,-2530,1800,15730,7370,-2370,-12480,6502,8348,-8348,0,978,-978,85398,-57150,7150,-30150,-4850,5100,-5000,-15100,-10100,150,5050,14800,15100,44850,-12000,-39270,1370,-10100,-25000,-9800,-12000,-8050,-2000,22000,4900,10200,10000,-250,-19900,-4370],"volumes":[0.495,0.3375,0.135,0.1275,0.0675,0.1125,0.0675,0.075,0.1275,0.06,0.03,0.06,0.0975,0.045,0.0675,0.045,0.0975,0.015,0.06,0.0975,0.105,0.06,0.0225,0.082524,4.0E-6,0.0225,0.007502,0.022502,0.082506,0.022508,0.585,0.495,0.3675,0.195,0.06,0.1125,0.12,0.06,0.09,0.03,0.2025,0.0825,0.2025,0.2925,0.2325,0.48,0.3225,0.2775,0.1575,0.135,0.225,0.2025,0.255,0.195,0.0975,0.225,0.105,0.0975,0.12,0.21]}