{"timestamp":1615680000000,"multiplier":1.0E-5,"open":0.92719,"high":0.92719,"low":0.92719,"close":0.92719,"shift":60000,"times":[1282,23,1,5,6,1,1,1,1,1,1,1,1,1,1,1,1,1,1,1,1,1,1,1,1,1,1,1,1,1,1,1,1,1,1,1,1,1,1,1,1,1,1,1,1,1,1,1,1,1,1,1,1,1,1,1,1,1,1,1,1,1,1,1,1,1,1,1,1,1,1,1,1,1,1,1,1,1,1,1,1,1,1,1,1,1,1,1,1,1,1,1,1,1,1,1,1,1,1,1,1,1,1,1,1,1,1,1,1,1,1,1,1,1,1,1,1,1,1,1,1,1,1,1,1,1,1],"opens":[0,79,17,-90,0,0,141,16,-9,10,11,1,3,2,8,0,-1,3,1,7,-6,-11,-3,19,-17,-1,-7,11,-15,-6,0,0,0,8,-19,11,0,8,19,-1,23,-3,2,0,-10,-4,0,13,-14,10,11,-3,1,15,-2,7,-7,-8,0,1,-9,-1,0,-3,-7,1,0,-2,0,3,9,2,-3,0,2,-18,-4,-3,-1,1,2,2,-3,6,1,7,9,15,3,-9,5,2,-2,3,2,-1,0,5,-9,-3,7,-3,-2,4,1,1,13,-5,0,-9,10,-8,-1,2,5,0,-7,-1,-1,1,-2,-6,0,1,2,-1,-1],"highs":[0,182,-86,-90,0,0,167,-1,-7,7,4,1,12,-8,8,18,-16,1,8,0,-6,-12,19,-3,-9,-1,-3,-1,14,-35,0,9,0,-1,22,-20,9,8,12,9,1,7,-7,1,-4,-12,15,-1,0,8,-1,0,11,2,3,1,-7,-6,0,-1,-9,-1,0,-3,-2,0,-4,2,3,6,4,0,-1,2,-5,-18,-3,-1,-1,5,-2,1,6,-5,9,8,18,0,0,-4,4,-2,1,3,-1,0,6,-2,-9,8,-4,-3,3,2,0,12,3,-7,-1,1,0,-6,-1,7,-2,0,-7,0,-2,1,-2,-6,9,-6,0,3,-5],"lows":[0,79,-95,22,-1,0,139,2,8,9,9,3,-3,-1,10,8,-6,5,3,2,-11,-1,-2,1,-7,0,-5,-4,-6,3,1,-8,8,-12,2,10,-6,14,17,2,17,-2,5,-16,-2,4,1,3,-3,6,12,-2,2,9,2,3,-8,0,-1,-7,-1,-1,-1,-7,-1,0,-1,-5,5,3,4,2,-1,2,-18,-9,3,-2,2,1,1,-2,3,4,1,9,9,10,0,-4,7,-3,3,3,-2,3,0,-3,-4,0,2,-2,2,-2,7,-8,18,-2,-7,0,1,0,-1,2,6,-6,-1,-7,4,-1,-6,1,0,0,2,-2,-1],"closes":[0,121,-116,1,-1,1,144,13,1,8,3,2,12,-9,1,8,2,-1,8,-4,-12,-1,8,-9,-1,1,5,-16,-6,0,0,8,0,-8,0,-1,8,20,-1,21,0,1,0,-8,-6,0,13,-3,0,10,0,-4,15,1,2,-3,-8,1,-1,-8,-1,-1,0,-8,2,-3,0,0,3,7,2,-1,-4,6,-20,-3,-3,-1,1,2,-2,2,6,-3,11,8,15,2,-7,4,2,-3,4,2,-1,0,5,-9,-3,8,-4,-3,5,1,1,13,-5,-1,-8,10,-8,0,1,5,0,-6,-1,-2,-1,0,-6,0,1,2,-1,-1,-1],"volumes":[0.75,17.68,3.83,2.4,20.8,14.4,16.32,15.66,7.74,13.43,18.12,7.19,9.79,10.78,2.74,24.78,7.52,47.64,29.5,20.87,19.36,6.78,44.67,29.4,27.22,64.89,48.84,55.91,195.43,70.87,23.42,157.79,120.1,68.85,96.16,95.22,216.23,112.63,136.4,42.56,19.3,140.9,55.83,134.51,121.37,74.66,44.55,60.46,73.48,74.22,50.87,31.08,71.02,59.15,78.22,19.12,30.12,9.5,22.36,11.62,18.0,19.0,17.5,28.98,17.96,18.0,14.24,101.62,134.21,145.44,119.3,51.12,102.3,48.06,70.9,171.64,60.66,38.08,15.44,40.37,40.23,67.92,27.62,8.0,153.62,21.75,52.12,52.75,47.25,61.87,240.44,123.56,335.0,157.93,199.94,5.0,72.75,151.13,124.99,65.87,258.4,25.77,335.6,288.14,79.25,54.59,69.59,142.61,29.44,102.06,100.9,614.37,404.96,393.04,2.25,9.22,1.25,18.06,12.43,36.95,12.62,3.0,35.63,61.66,6.39,130.84,249.79]}