{"timestamp":1615075200000,"multiplier":0.001,"open":1701.718,"high":1705.328,"low":1701.718,"close":1705.048,"shift":60000,"times":[1380,1,1,1,1,1,1,1,1,1,1,1,1,1,1,1,1,1,1,1,1,1,1,1,1,1,1,1,1,1,1,1,1,1,1,1,1,1,1,1,1,1,1,1,1,1,1,1,1,1,1,1,1,1,1,1,1,1,1,1],"opens":[0,3400,650,670,1271,-1661,640,1260,250,-750,-937,210,207,640,-270,-367,1504,289,734,2710,-1360,430,1060,110,-80,-597,-87,-30,84,-559,-455,-276,736,-1150,880,-1093,-532,-11,50,-195,380,-335,87,1013,-583,-490,-1437,397,-597,90,-883,-100,-381,295,-174,200,750,-70,-110,630],"highs":[0,1050,60,2580,-1170,-780,980,230,-50,-770,-577,357,340,447,-637,1127,473,500,4390,-1650,-400,590,276,300,-530,-290,-80,-220,-126,-600,-329,809,-484,40,-6,-1364,-525,99,-19,409,-10,-530,1186,-129,-640,-481,-720,-296,-510,230,-614,-396,-243,0,90,730,-120,49,591,-90],"lows":[0,3190,560,940,-1384,974,580,1180,-917,-250,-270,213,144,550,-367,-10,1474,203,930,850,140,-110,1530,-90,-280,106,-170,-533,-37,-160,-1093,447,-114,-130,-23,-722,-225,185,-208,257,-40,-160,290,447,-831,-1269,160,-250,-210,-580,-130,-250,-50,-80,170,280,350,90,120,330],"closes":[0,756,624,1413,-1673,530,1250,310,-870,-790,130,180,670,-290,-357,1504,243,780,2740,-1370,410,1090,50,-120,-527,-87,-30,224,-779,-355,-265,769,-1214,774,-977,-593,41,49,-189,380,-341,87,1013,-593,-510,-1420,510,-681,74,-790,-193,-380,270,-111,151,780,-90,-140,669,-99],"volumes":[0.14564,0.10296,0.07125,0.09795,0.09221,0.10805,0.08025,0.06293,0.05715,0.0426,0.0464,0.03606,0.03484,0.054,0.03572,0.05878,0.06379,0.03863,0.11198,0.06687,0.03795,0.04856,0.03889,0.0293,0.0393,0.02977,0.0274,0.02255,0.022,0.02119,0.0422,0.03813,0.02038,0.03188,0.02896,0.03634,0.04038,0.02714,0.03057,0.04433,0.04507,0.03783,0.07433,0.05264,0.04792,0.07273,0.0424,0.04176,0.03407,0.04832,0.03013,0.05417,0.03201,0.04378,0.02934,0.04922,0.03955,0.0353,0.02798,0.03716]}