{"timestamp":1616284800000,"multiplier":0.001,"open":1746.009,"high":1746.928,"low":1744.658,"close":1745.438,"shift":60000,"times":[1320,1,1,1,1,1,1,1,1,1,1,1,1,1,1,1,1,1,1,1,1,1,1,1,1,1,1,1,1,1,1,1,1,1,1,1,1,1,1,1,1,1,1,1,1,1,1,1,1,1,1,1,1,1,1,1,1,1,1,1,1,1,1,1,1,1,1,1,1,1,1,1,1,1,1,1,1,1,1,1,1,1,1,1,1,1,1,1,1,1,1,1,1,1,1,1,1,1,1,1,1,1,1,1,1,1,1,1,1,1,1,1,1,1,1,1,1,1,1,1],"opens":[0,-581,-1510,-150,-130,-60,210,320,-900,-90,20,110,-190,-220,-1013,-197,-463,-100,-427,57,-290,320,-747,-73,100,180,430,-270,-250,-60,-210,1150,-190,-300,583,117,-10,-40,90,830,-67,-350,0,-330,70,130,-80,-580,-440,-70,-270,-220,17,813,-480,-480,210,-390,-520,-840,-220,460,650,300,0,190,280,40,400,20,-200,-3,170,303,-230,-220,-489,-681,335,-70,-25,1,-241,310,10,-80,140,-60,437,-10,-20,180,-380,-117,40,410,-190,-50,-40,-100,137,-517,30,-60,340,360,-413,-297,-43,-20,80,-110,-50,-280,-70,-200,-310,180,-117,110],"highs":[0,-1500,-1170,-290,-10,110,90,160,-845,-195,40,-70,-40,-260,-870,240,-1010,-113,-117,-193,-37,-123,-277,-140,-110,417,30,-190,-360,-30,950,20,-40,73,230,80,7,-7,757,20,-157,40,-310,-130,80,-50,-190,-550,-460,11,-371,10,600,80,-540,-110,-180,-90,-770,-679,379,300,420,140,-50,370,-80,410,150,-90,-240,230,371,-131,10,-380,-490,-200,-85,-120,425,-500,105,55,-120,150,-20,397,10,-27,57,150,-220,-257,310,50,-180,20,-130,130,-143,-417,20,240,310,0,-413,-127,-113,-30,430,-510,20,-310,-150,-67,-120,180,-90,-220],"lows":[0,-1160,-30,-679,110,420,469,-590,-620,370,70,0,-270,-1293,40,-427,-493,-87,140,-273,10,-487,-50,-20,57,320,-10,-60,-440,-420,570,930,-480,70,690,110,-50,0,-10,683,-360,230,-460,110,90,-10,-540,-430,-70,-230,-480,110,130,150,-290,-10,-220,-650,-860,-40,-70,300,800,70,120,400,-240,390,390,-50,-400,440,10,190,-190,-469,-781,100,170,40,10,-410,98,232,30,70,10,70,367,20,-80,-120,-197,100,30,210,-60,-199,66,0,-470,-7,70,20,320,-3,-327,-120,-73,-150,220,-150,-160,-10,-460,-47,-175,165,20,-130],"closes":[0,-1600,-90,-200,-20,241,339,-910,-60,10,80,-160,-233,-980,-227,-540,-23,-427,50,-293,340,-687,-163,113,177,440,-270,-230,-70,-240,1130,-150,-300,573,120,-33,50,30,800,-107,-260,-20,-330,80,120,-110,-570,-430,-60,-240,-250,10,820,-480,-480,200,-380,-520,-840,-200,440,650,280,20,171,339,-140,540,10,-190,-10,220,330,-310,-230,-469,-681,335,-80,-15,1,-241,310,-60,50,80,-60,407,10,-30,180,-347,-150,57,303,-90,-53,-190,63,197,-577,30,-50,330,360,-383,-327,-43,0,33,-93,-50,-260,-10,-250,-267,127,-87,70,-90],"volumes":[0.128035,0.12559,0.08104,0.03175,0.0826,0.06492,0.04433,0.04366,0.05556,0.03515,0.0259,0.02072,0.0333,0.0528,0.04004,0.05634,0.06216,0.03774,0.03256,0.04625,0.0481,0.0451,0.04899,0.04329,0.02886,0.02405,0.03081,0.02711,0.03032,0.05891,0.06735,0.03552,0.04033,0.03108,0.03404,0.01665,0.02849,0.03219,0.0464,0.02557,0.02775,0.02923,0.02368,0.01961,0.01184,0.02812,0.02205,0.02664,0.01184,0.01803,0.03604,0.02553,0.03124,0.0242,0.03205,0.03642,0.03663,0.04237,0.05608,0.03981,0.07437,0.05498,0.03937,0.0336,0.0344,0.04553,0.03034,0.02516,0.02087,0.0168,0.03034,0.01806,0.03026,0.03121,0.02632,0.02365,0.03255,0.01804,0.01493,0.01254,0.02964,0.02821,0.0298,0.02772,0.01776,0.01103,0.00955,0.02912,0.01406,0.01258,0.01591,0.03774,0.02945,0.01687,0.01887,0.02023,0.02812,0.0224,0.01961,0.02886,0.03145,0.02183,0.02516,0.01887,0.01443,0.01517,0.03182,0.02849,0.02072,0.03293,0.03663,0.02232,0.04015,0.01369,0.05125,0.05254,0.03666,0.03864,0.02314,0.0233]}