{"timestamp":1211500800000,"multiplier":1.0E-5,"open":0.95741,"high":0.95747,"low":0.95738,"close":0.95747,"shift":60000,"times":[2,2,1,4,1,1,3,1,2,1,1,1,1,3,1,1,1,1,1,1,1,2,1,1,1,2,1,1,1,1,1,1,1,1,2,1,1,1,1,2,1,1,1,1,1,1,1,1,1,1,1,1,1,1,1,1,1,1,1,1,1,1,1,1,1,1,1,1,1,1,1,1,1,1,1,1,1,1,2,1,1,1,1,1,2,2,1,1,1,1,1,1,1,1,1,1,1,1,1,1,1,1,2,2,1,1,1,1,1,1,1,1,1,1,1,1,1,1,1,1,1,1,1,1,1,1,1,1,1,1,1,1,1,1,1,1,1,1,1,1,1,1,1,1,1,1,1,1,1,1,1,1,1,1,1,1,1,1,1,1,1,1,1,1,1,1,1,1,1,1,1,1,1,1,1,1,1,1,1,1,1,1,1,1,1,1,1,1,1,1,1,1,1,1,1,1,1,1,1,1,1,1,1,1,1,1,1,1,1,1,1,1,1,1,1,1,1,1,1,1,1,1,1,1,1,1,1,1,1,1,1,1,1,1,1,1,1,1,1,1,1,1,1,1,1,1,1,1,1,1,2,1,1,1,1,1,1,1,1,1,1,1,1,1,1,1,1,1,1,1,1,1,1,1,1,1,1,1,1,1,1,1,1,1,1,1,1,1,1,1,1,1,1,1,1,1,1,1,1,1,1,1,1,1,1,1,1,1,1,1,1,1,1,1,1,1,1,1,1,1,2,1,1,1,1,1,1,1,1,1,1,1,1,2,1,1,1,1,1,1,1,1,1,1,1,1,1,1,1,1,1,1,1,1,1,1,1,1,1,1,1,1,1,1,1,1,1,1,1,1,1,1,1,1,1,1,1,1,1,1,1,1,1,1,1,1,1,1,1,1,1,1,1,1,1,1,1,1,1,1,1,1,1,1,1,1,1,1,1,1,1,1,1,1,1,1,1,1,2,1,1,1,1,1,1,1,1,1,1,1,1,1,1,1,1,1,1,1,1,1,1,1,1,1,1,1,1,1,1,1,1,1,1,1,1,1,1,1,1,1,1,1,1,1,1,1,1,1,1,1,1,1,1,1,1,1,1,1,1,1,1,1,1,1,1,1,1,1,1,1,1,2,1,1,1,1,1,1,1,1,1,1,1,1,1,1,1,1,1,1,1,1,1,1,1,1,1,1,1,1,1,1,1,1,1,1,1,1,1,1,1,1,1,1,1,1,1,1,1,1,1,1,1,1,1,1,1,1,1,1,1,1,1,1,1,1,1,1,1,1,1,1,1,1,1,1,1,1,1,1,1,1,1,1,1,1,1,1,1,1,1,1,1,1,1,1,1,1,1,1,1,1,1,1,1,1,1,1,1,1,1,1,1,1,1,1,1,1,1,1,1,1,1,1,1,1,1,1,1,1,1,1,1,1,1,1,1,1,1,1,1,1,1,1,1,1,1,1,1,1,1,1,1,1,1,1,1,1,1,1,1,1,1,1,1,1,1,1,1,1,1,1,1,1,1,1,1,1,1,1,1,1,1,1,1,1,1,1,1,1,1,1,1,1,1,1,1,1,1,1,1,1,1,1,1,1,1,1,2,1,1,1,1,1,1,2,1,1,1,1,1,1,1,2,1,1,1,1,1,1,1,2,1,1,1,1,1,1,1,1,1,4,1,1,2,1,1,1,1,1,1,1,1,1,1,1,1,1,1,1,1,1,1,1,1,1,1,1,2,1,1,1,1,1,1,1,1,1,1,1,2,1,1,3,2,1,1,1,1,1,1,2,1,1,1,1,1,1,1,1,1,1,1,1,1,2,1,1,1,1,1,1,1,1,2,1,2,1,1,1,1,1,1,1,1,1,1,1,1,1,1,1,1,1,1,1,1,1,1,1,3,1,1,1,1,1,1,1,2,1,1,1,1,1,3,1,1,1,1,1,1,1,1,1,1,1,1,1,1,1,1,2,1,1,3,1,3,1,1,1,1,1,1,1,1,1,1,3,1,1,1,1,1,1,1,1,1,1,2,2,1,1,1,1,1,2,3,1,1,1,1],"opens":[0,8,-2,-8,8,-6,-12,-5,0,3,10,24,3,2,-2,-5,0,-2,-10,-3,5,-1,-6,-23,-2,15,-13,5,-13,16,-2,12,-8,8,2,8,12,8,0,10,2,3,-13,-2,-3,-7,5,-5,5,-1,13,3,-3,2,9,-5,-10,0,-9,-6,-11,5,-12,-11,-1,32,-20,12,-4,19,23,18,-1,0,5,-2,-13,-2,-6,6,-3,-5,-12,7,0,3,5,-10,0,2,2,3,-3,1,23,2,-13,10,-3,-2,-2,-7,4,0,-17,20,-8,0,2,-2,8,-10,-6,-12,-8,16,-3,8,-13,2,-7,-4,-1,-2,5,-5,4,16,-23,3,2,8,-10,10,-8,10,8,-21,15,16,-23,-1,11,10,10,5,8,-6,5,-3,-6,4,-4,11,-1,46,64,-20,-10,-10,7,13,-32,17,22,-6,-18,-23,1,33,-22,25,15,-20,8,5,5,-5,9,-4,0,-13,-25,20,-7,-5,-20,5,8,10,-3,35,0,-8,-33,-10,-14,2,11,22,27,-31,11,68,12,11,9,18,0,-15,72,16,-3,50,-10,-48,-7,-5,-13,-2,10,-40,5,13,-31,35,45,-18,-32,25,20,4,19,10,19,1,37,15,-40,-17,-15,40,-6,-10,5,-12,-7,40,-3,23,-10,-7,-1,-98,8,8,47,-17,-9,-17,20,-9,0,0,-18,3,1,11,-38,-16,-1,-6,8,13,2,-2,0,1,-21,-30,35,13,4,16,-13,-37,60,-10,-9,-9,-40,18,-31,-7,8,7,-6,19,11,-4,-10,3,-9,6,-6,9,1,-1,10,-18,20,28,25,-8,2,3,-15,-2,-40,5,2,-20,-12,-4,34,-6,-12,8,-19,59,-10,25,25,-20,-10,-8,5,-28,6,-20,-3,-8,6,2,8,-18,5,0,-2,34,14,11,3,3,-2,49,-13,3,58,-32,-10,9,-35,-30,-2,5,0,-10,-28,-21,29,-10,-15,2,-7,-3,0,5,18,3,10,-13,-8,-22,-3,3,2,-2,2,27,30,21,-13,13,17,-3,5,31,-6,1,5,30,2,0,8,-10,0,2,-2,-20,5,2,-5,0,3,12,3,5,-18,-10,-5,1,-3,0,0,0,13,-3,-13,8,7,8,21,-9,-39,-28,21,-2,23,0,-16,0,-14,6,-11,-12,-18,-12,-15,5,15,-5,0,3,2,5,7,13,0,12,-5,14,-1,-12,4,7,1,0,0,20,7,-7,1,-1,0,-3,3,-1,-12,10,0,-10,-12,-3,0,-2,-8,5,15,15,0,-1,-1,5,25,-7,-3,5,16,-6,-11,-5,6,0,33,12,2,3,-15,-26,1,-5,5,-4,4,-7,89,-5,10,15,29,60,-26,-50,5,2,5,3,0,-5,2,0,3,0,-25,-5,10,10,-4,-4,0,2,3,-7,0,0,10,-12,7,-13,10,8,-6,-2,0,-7,-8,5,-5,3,-10,10,12,-12,0,10,22,0,-22,3,17,-27,-12,34,-33,10,-20,-10,-9,7,-20,-23,3,-10,17,-32,2,3,10,-20,-11,35,-32,-2,5,-8,5,0,18,-14,4,0,-15,-15,10,-9,-5,4,-6,2,16,3,-6,-4,-14,11,0,-18,12,-1,-4,2,7,31,0,-5,8,5,5,19,-24,5,24,25,-27,-38,-5,-21,-7,15,-2,13,20,-3,-17,15,-6,11,-7,6,17,-7,1,4,-3,-9,-1,3,-5,14,-24,-8,18,10,0,-5,2,0,7,-11,-17,-9,-5,-15,-15,-2,5,11,-7,2,3,-9,-32,-34,1,32,-27,-45,9,21,-17,7,10,5,2,-1,25,13,-9,-4,-21,11,-6,10,0,6,0,4,5,-15,-1,-9,10,5,-46,0,1,2,48,-21,6,2,20,8,25,-1,-10,7,-6,0,-5,0,5,5,-4,-10,14,24,-9,-3,18,19,23,8,-6,6,-37,-28,5,-8,0,-3,-5,3,-20,-35,2,6,0,-11,1,-6,18,-1,-1,-4,3,1,16,19,-30,-5,-15,-3,-5,-16,-4,17,5,3,-1,3,33,-8,-12,0,-17,26,-2,-3,-6,12,1,-1,-32,12,-7,3,-1,8,1,4,0,0,5,-8,2,-23,-5,-5,-1,5,-19,0,-4,-1,-4,-13,-17,-2,7,0,3,6,39,-8,-4,-5,-1,1,1,1,6,-1,2,4,14,-8,5,-7,6,-22,-16,7,16,-9,9,-5,-2,6,-8,13,2,8,-6,-12,1,-1,-3,-9,-21,1,8,7,-2,-6,-11,9,-21,3,2,-1,-1,6,-4,-6,1,-1,7,13,-3,13,-4,1,-6,8,0,-7,15,-1,-8,-16,5,-8,-2,25,-3,-2,5,-5,-2],"highs":[0,2,-2,-8,8,0,-18,0,0,8,20,4,6,0,-3,-3,6,-8,-10,-2,2,0,-7,-23,18,-5,-3,-2,0,10,0,0,0,0,14,11,-3,8,0,10,10,-3,-15,0,-5,3,0,0,-5,15,0,0,2,18,-12,-3,-3,-9,-9,-4,-3,-5,-2,-18,10,25,-7,0,2,38,10,0,0,0,2,0,-12,-3,3,-3,-5,-2,-8,3,4,-4,5,-6,-4,2,2,3,0,23,10,-10,-8,5,-3,-2,0,-2,10,-13,-3,6,-6,0,0,16,-10,0,0,-10,-10,0,6,4,-15,-1,-7,3,0,-3,3,0,0,10,-17,9,8,-10,0,0,10,2,8,-14,8,6,-20,2,20,20,0,-2,2,-1,-2,1,2,-2,0,10,32,69,2,-3,-30,1,14,-1,-4,30,-20,-5,-15,-20,30,0,2,18,10,-20,0,0,10,0,0,0,0,-20,-8,17,-19,-10,0,0,35,-22,27,10,-10,-13,-33,-4,-10,10,20,30,-8,-15,53,30,20,0,10,10,-10,60,40,-20,20,20,-9,-39,-17,-5,-10,22,-14,-28,7,3,-3,45,8,-23,-7,20,2,8,20,40,-20,52,28,-28,-32,-25,25,0,0,4,-14,-10,30,3,11,6,-5,-5,-8,-87,-3,58,-3,-7,-19,21,-12,-10,10,-10,-18,3,15,0,-45,-15,-3,6,7,9,1,-8,18,-11,-26,-1,20,15,3,0,-13,7,16,-10,-8,-9,-23,0,-20,-10,10,0,10,10,3,-1,-12,0,0,10,-3,3,-6,-1,7,4,23,33,-5,5,-8,0,-12,-5,-35,2,5,-17,0,2,30,-12,-20,40,0,0,20,10,10,-20,-10,0,0,-25,5,-25,-3,-2,4,6,0,-3,-5,-3,33,20,18,0,0,-10,72,-20,0,38,10,-37,7,-8,-35,-27,-3,3,0,-9,-28,20,-12,-11,-13,3,14,-26,4,18,2,32,-20,10,-12,-42,7,-5,10,-10,30,33,12,23,-20,20,10,0,10,10,10,-6,26,10,2,8,-8,-12,0,2,8,-25,15,-10,-1,3,8,10,-5,0,-15,-13,-3,6,-10,0,0,7,6,-3,-6,7,19,20,-9,-9,-22,-23,13,10,0,-3,-15,-1,-6,0,-10,-15,-18,-12,0,10,3,-11,-2,12,-2,10,10,0,10,5,5,4,-4,-10,12,-2,2,-2,30,0,0,0,-8,4,-6,-3,3,17,-17,10,-10,-13,-12,-1,0,-4,0,10,20,2,-2,0,0,22,8,-10,0,22,-1,-1,-10,-10,10,22,18,0,10,-10,-15,-25,0,0,0,0,0,84,6,0,30,10,70,-9,-26,-45,0,10,10,10,-20,0,0,10,0,-10,-20,0,13,-3,20,-28,8,0,0,-8,11,7,-10,0,0,-8,20,-2,-12,2,-5,-10,-3,8,-10,0,0,20,-8,-2,0,20,10,0,-20,20,-6,-24,10,12,-27,-3,-2,-20,0,-10,-18,-12,-7,17,-10,-28,-2,10,0,-20,25,-1,-14,-10,-5,0,0,5,10,2,-12,0,-15,-5,12,-20,3,-4,-1,13,7,0,-10,1,-1,0,0,-20,15,-5,3,2,25,13,-9,1,13,6,32,-23,-18,22,31,0,-32,-16,-10,-20,0,-7,9,18,17,-7,-10,2,-2,10,-16,27,-1,0,5,5,-18,8,-10,0,2,2,-24,20,10,-10,0,2,-3,7,4,-10,-11,-22,-5,-12,-14,3,8,3,-5,5,-6,-8,-33,-26,23,2,-25,-37,39,-9,-19,31,-11,-5,5,21,15,0,0,-16,-9,0,2,3,7,-3,1,10,-2,-8,-8,-8,9,5,-45,2,3,40,5,-21,26,5,4,28,0,-3,0,0,-9,2,-7,12,0,5,-11,1,40,-13,-7,15,17,21,17,0,-10,3,-25,-33,-2,-3,-5,6,-14,11,-28,-35,40,-32,0,-11,1,17,-3,-3,0,-1,0,14,13,10,-30,-7,-15,-3,-5,-16,18,-5,5,3,-1,46,1,-18,-8,-4,9,2,-5,-3,13,2,-4,-5,-25,6,-5,0,6,6,-1,6,-5,0,5,-3,-3,-23,-5,-5,2,5,-21,-1,-4,-1,-4,-13,-17,9,1,0,16,36,-9,-8,-4,-5,-1,1,1,6,1,-1,5,14,1,-6,3,-3,2,-22,-11,25,-7,1,-1,6,-5,5,-5,8,6,2,-9,-6,-5,0,-4,-6,-24,8,1,7,5,-13,-10,8,-17,-1,2,-1,4,1,-4,-6,1,-1,22,1,4,4,-2,0,0,0,0,3,5,-1,-4,-14,-1,-8,18,5,0,0,0,-5,-2],