{"timestamp":1211673600000,"multiplier":1.0E-5,"open":1.0242,"high":1.0242,"low":1.02399,"close":1.02412,"shift":60000,"times":[1260,1,1,1,1,1,1,1,1,1,1,1,1,1,1,1,1,1,1,1,1,1,1,1,1,1,1,1,1,1,1,1,1,1,1,1,1,1,1,1,1,1,1,1,1,1,1,1,1,1,1,1,1,1,1,1,1,1,1,1,1,1,1,1,1,1,1,1,1,1,1,1,1,1,1,1,1,1,1,1,1,1,1,1,1,1,1,1,1,1,1,1,1,1,1,1,1,1,1,1,1,1,1,1,1,1,1,1,1,1,1,1,1,1,1,1,1,1,1,1,1,1,1,1,1,1,1,1,1,1,1,1,1,1,1,1,1,1,1,1,1,1,1,1,1,1,1,1,1,1,1,1,1,1,1,1,1,1,1,1,1,1,1,1,1,1,1,1,1,1,1,1,1,1,1,1,1,1,1,1],"opens":[0,-9,4,-12,-8,-2,1,23,-16,12,-8,4,11,-20,-2,-32,-6,23,24,-7,-33,11,19,-47,0,30,12,-5,-3,-2,-20,-57,17,15,2,40,13,4,-9,-7,3,-8,5,0,-12,10,8,-3,-15,2,10,10,-3,-2,5,2,-17,-5,-5,6,29,40,0,-22,7,25,10,-8,18,-5,0,5,0,-5,-28,33,0,-5,5,0,10,-10,30,15,-5,5,5,10,10,-30,30,5,5,10,0,-10,0,10,10,-5,5,5,10,-5,5,-5,0,-5,5,0,10,-30,0,0,0,-10,10,-10,-10,-10,10,-50,10,30,-20,-59,34,-5,0,0,-10,-40,25,-35,-20,40,0,-10,0,0,0,0,10,-10,10,10,0,20,-20,0,0,0,20,-20,0,0,0,0,0,0,10,0,0,0,-20,0,0,-30,-10,10,-10,-10,0,-4,-15,29,0,-30,-10,0],"highs":[0,5,-10,-3,-11,7,4,5,-6,10,0,7,-8,-9,-13,-8,-30,37,16,-13,-33,25,21,-63,30,0,18,4,-18,-1,-1,-64,22,1,5,37,9,4,7,-23,6,-1,0,0,0,2,-1,-1,2,-11,4,10,7,-4,-3,12,-22,-10,0,8,62,0,10,-16,16,10,10,-15,15,20,10,-30,0,0,-16,16,0,0,0,0,30,-20,45,-10,-5,15,0,25,-5,-19,19,5,10,0,0,10,0,0,10,-10,10,0,20,-10,0,-10,10,0,20,0,-20,-30,0,0,0,0,0,-10,-10,0,0,-40,30,0,-20,-36,106,-95,-5,0,-10,-15,0,-15,0,0,0,-10,0,0,0,10,0,0,10,10,20,-10,-20,0,0,20,0,-10,-10,0,0,0,0,0,10,0,0,0,-20,0,0,-10,-10,-10,-10,-10,10,-10,11,9,-10,-30,10,-20],"lows":[0,-9,10,3,-9,-6,-2,5,6,1,-12,20,-3,-29,-15,4,-3,21,15,-12,-24,18,19,-47,0,30,12,-5,-14,2,-13,-62,22,8,-6,43,11,-1,9,-6,-13,1,5,-1,-4,7,-3,-3,-2,0,13,10,-4,-5,1,8,-15,-10,0,-11,46,10,0,-27,42,15,20,-10,20,-5,0,5,0,-5,-36,31,10,-5,5,0,10,-15,35,15,-5,5,5,10,10,-30,30,5,5,0,0,-10,10,10,-10,0,5,20,5,0,0,0,-20,15,-5,10,-30,0,10,0,-10,-10,0,-35,15,5,-45,-10,30,-10,20,-67,27,10,0,-20,-30,0,-40,0,0,10,25,5,0,0,0,0,0,0,10,10,0,0,0,0,0,0,-10,10,0,0,0,0,0,0,10,0,0,0,-25,5,-30,0,-10,0,-10,0,0,-10,-10,30,-40,10,-10,-10],"closes":[0,-1,-11,5,-7,10,1,-1,-4,3,-4,20,-18,-24,-8,-10,-3,31,6,-13,-19,27,18,-60,0,30,18,1,-26,5,4,-82,40,-2,2,39,11,-3,16,-23,-10,14,-4,-8,13,2,-7,-3,-10,1,12,10,1,-7,1,17,-22,-15,0,-2,77,-10,-5,3,22,10,5,-15,20,-5,5,0,0,0,-21,21,0,0,0,0,30,-25,40,0,-5,15,0,20,0,-29,29,5,10,0,-10,0,10,10,-10,10,0,10,0,0,0,0,-10,20,20,-20,-40,10,0,0,-10,10,-10,-30,5,15,-50,10,30,-20,0,-36,6,0,0,-5,-45,25,-35,-20,40,-10,0,0,0,0,0,10,-10,10,10,0,30,-30,0,0,0,20,-20,0,0,0,0,0,0,0,10,0,0,0,-20,0,-30,0,-10,0,-10,0,10,-20,21,-1,-30,0,-10,0],"volumes":[25.0,93.6,54.5,17.8,28.1,130.9,31.3,101.0,124.0,61.9,85.5,227.1,108.9,275.0,166.8,170.3,0.9,82.6,148.4,245.2,192.9,64.8,133.0,14.4,43.9,14.4,15.0,119.7,314.8,431.0,309.3,277.7,46.1,107.6,464.4,646.3,109.7,162.8,364.9,16.0,292.2,170.6,70.9,64.3,116.5,68.4,110.3,91.6,27.4,47.6,31.6,0.9,130.2,84.9,94.9,75.2,206.2,192.9,255.6,417.2,118.4,125.0,260.6,99.5,92.3,87.9,136.8,411.9,45.6,32.4,19.9,1.4,0.6,14.8,436.8,58.4,12.4,4.9,32.6,20.9,33.7,480.2,19.2,2.4,5.6,2.4,5.6,135.1,12.6,346.1,12.6,21.8,57.5,151.2,52.9,188.6,113.0,105.0,534.3,190.9,89.8,14.4,153.9,175.0,87.5,91.8,232.1,132.4,308.7,88.2,233.9,182.3,10.0,63.0,45.2,291.8,441.2,308.4,291.6,48.3,126.6,64.5,66.3,15.0,0.9,333.2,431.9,195.4,9.6,293.6,583.7,623.8,694.2,467.5,496.2,643.7,156.1,14.4,4.8,59.8,106.6,105.3,51.7,220.5,282.5,332.1,522.3,277.1,336.6,122.4,292.7,129.7,762.6,249.6,60.8,58.5,77.7,137.1,20.1,117.0,2.8,0.8,0.8,3.0,65.3,167.7,195.8,432.6,433.2,158.2,318.5,98.6,137.6,104.2,767.0,38.5,531.4,20.0,377.0,236.1]}