{"timestamp":1545523200000,"multiplier":0.001,"open":5407.37,"high":5429.87,"low":5407.37,"close":5415.37,"shift":60000,"times":[1370,1,1,1,1,1,1,1,1,1,1,1,1,1,1,1,1,1,1,1,1,1,1,1,1,1,1,1,1,1,1,1,1,1,1,1,1,1,1,1,1,1,1,1,1,1,1,1,1,1,1,1,1,1,1,1,1,1,1,1,1,1,1,1,1,1,1,1,1,1],"opens":[0,8000,3499,2001,1000,1999,-999,-1001,1000,-2099,-2401,1,1500,6000,-900,-100,-3000,499,-4000,-400,-3099,499,-500,-1999,5500,2100,3400,-2001,3000,6300,3701,2999,1001,999,2000,1501,4800,-4301,-2999,999,3101,-5600,-500,-1501,-1500,6000,500,3000,3500,501,399,-6799,5899,-499,2499,4001,-500,-1001,-1500,2001,2000,500,499,5501,2500,-4101,-2400,601,3199,-1299],"highs":[0,-7000,-2000,2999,4501,-4500,-1000,2000,-2000,-1000,2000,-2001,3001,2000,-1,1,-1000,-3501,-2499,-1700,-2300,0,-1001,4001,4500,-201,701,1000,7299,2701,2999,1001,999,2001,3000,3300,1000,-5300,-2001,5001,300,-5300,-1501,-2499,5000,3000,-1,3000,1,4000,-2000,-3000,3999,1,3000,1000,-1000,0,-500,1500,2000,3000,1999,3001,-1000,-3001,1,3000,-2000,4000],"lows":[0,6000,5499,2000,1000,-1000,500,-1500,0,-1000,-500,-1000,2500,3500,1000,-3500,901,-3401,-1099,-3401,0,-900,-1600,0,7000,2100,-800,-799,5300,4999,5701,2500,-1000,3000,2399,600,2100,-7099,800,3500,-2901,-800,-1599,-5001,4000,6500,-3000,5901,3099,900,-4800,-2000,5901,-901,2000,4900,-899,-2001,-600,1500,1500,3001,499,2101,1900,-3001,-899,1999,900,100],"closes":[0,2500,2999,1001,2999,-2000,-1000,1001,-1001,-1999,-1,0,5000,0,0,-3000,1000,-4500,-499,-3000,0,-1,-3000,6101,3900,999,-1700,3701,6299,2800,3900,1001,999,2001,1999,4301,-3301,-3999,999,5001,-6000,-1001,-1000,-3000,7001,999,1100,3401,499,2001,-6001,3001,1000,3000,3000,0,-1001,-2900,2900,2001,2000,1099,3900,3000,-4499,-2501,3001,300,-1300,3999],"volumes":[0.00492,0.00222,6.0E-4,0.00144,0.00342,8.4E-4,4.8E-4,0.0018,0.00162,0.00144,0.00474,0.00396,0.00456,0.00354,0.00138,0.00198,0.0048,0.00108,0.003,0.00216,0.00138,0.00156,0.00264,0.00492,0.00468,0.00246,0.00234,0.00234,0.00312,0.00306,0.00246,0.00114,0.00234,0.00222,0.00258,0.00228,0.00462,0.00504,0.00312,0.00276,0.00444,0.00414,0.0033,0.00306,0.0033,0.00258,0.00342,0.00168,0.00114,0.00222,0.00294,0.00336,0.00156,0.0021,0.00138,6.6E-4,0.00132,0.0033,0.0027,0.00276,0.00144,0.00228,0.00168,0.0039,7.2E-4,0.00156,0.00246,0.00204,0.00174,0.0027]}