{"timestamp":1543708800000,"multiplier":0.001,"open":11466.81,"high":11473.11,"low":11465.81,"close":11472.11,"shift":60000,"times":[1383,1,1,1,1,1,1,1,1,1,1,1,1,1,1,1,1,1,1,1,1,1,1,1,1,1,1,1,1,1,1,1,1,1,1,1,1,1,1,1,1,1,1,1,1,1,1,1,1,1,1,1,2,1,1,1],"opens":[0,4700,-20900,2000,1700,6400,9200,-1000,15800,-2100,2100,-1100,8400,-4900,-1900,-3000,-1900,-7100,-4100,-3100,-1100,-2100,1100,-3200,2100,1100,4200,-8400,-4200,4200,-2100,4000,-3100,-2100,0,-11100,-1000,2100,-4200,0,-1000,-1100,1600,500,-5200,2100,-1100,8100,2100,3100,-2100,0,2600,1000,-1500,-1100],"highs":[0,0,-19400,5200,3900,7100,0,19000,-2100,5700,-3600,4200,1000,-3800,-5100,200,-1900,-9100,-5300,-1000,-1100,-500,-2100,-1600,2100,6300,-3100,-8400,0,0,1900,0,-3100,-2100,0,-11100,2200,-1100,-4200,0,0,0,0,0,-3100,1500,5500,2100,4200,-600,-2600,2100,1500,1600,-3100,0],"lows":[0,-16200,-600,3600,200,7900,7100,1100,10500,3200,1000,0,1400,200,-6100,1200,-4100,-7100,-5200,1000,-2100,0,-3100,-1100,4200,1100,-4200,-4200,-1100,2100,0,-1200,1100,-1100,-10000,-3100,2100,-2100,0,-1000,-2100,1000,0,-3100,0,2100,-1100,7000,3200,1000,-1100,500,2700,0,-1100,-1000],"closes":[0,-21500,2000,1200,6900,8100,100,15800,-2100,2100,-1100,7400,-3900,-1900,-3000,-1900,-4100,-7100,-3100,-1100,-1000,1000,-4200,2100,1100,4200,-8400,-3200,3200,-1100,3000,-3100,-2100,0,-11100,-1000,2100,-3100,-1100,-1000,-1100,1600,500,-4200,1100,0,7000,2100,3100,-1100,-1000,2100,1500,-1500,-1100,-1000],"volumes":[0.026857,0.04154,0.02597,0.02526,0.03441,0.021,0.02759,0.06507,0.05569,0.04265,0.03086,0.02643,0.02472,0.04711,0.02293,0.0129,0.02287,0.01199,0.01989,0.02364,0.01253,0.01489,0.02023,0.03333,0.00898,0.01702,0.01375,0.00733,0.01219,0.00912,0.00898,0.00679,0.00412,0.00179,0.01213,0.00574,0.01452,0.00804,5.4E-4,7.1E-4,0.00787,0.01145,0.01003,0.00463,0.00449,0.01074,0.01577,0.01594,0.0079,0.00716,0.00196,0.01722,0.0052,0.01702,7.1E-4,0.00966]}