{"timestamp":1545523200000,"multiplier":0.001,"open":22334.969,"high":22365.97,"low":22313.47,"close":22317.97,"shift":60000,"times":[1380,1,1,1,1,1,1,1,1,1,1,1,1,1,1,1,1,1,1,1,1,1,1,1,1,1,1,1,1,1,1,1,1,1,1,1,1,1,1,1,1,1,1,1,1,1,1,1,1,1,1,1,1,1,1,1,1,1,1,1],"opens":[0,-16500,22500,28001,2500,5999,-8999,-2000,-10501,-9500,-20000,-6499,-4501,-19500,18001,11000,9499,-8000,10001,-2501,1,-3501,3501,-1501,10001,8500,19500,9499,-2000,5500,13500,-15499,-21000,-16000,7000,20999,-3999,999,9500,9500,22001,-5501,15000,-16499,27999,20500,15000,1501,-21500,-3500,-9000,16999,-15000,-15999,-2500,-18001,2501,2999,6500,501],"highs":[0,-14501,27001,-3000,7000,-3000,-6000,-7000,-10501,-8500,-12000,-10999,-8501,500,9501,8999,1500,501,1500,1000,-2000,-501,-2999,8500,12000,20999,11000,4500,-4999,12500,-1501,-15499,-19500,-10000,23500,1999,-3499,7499,7001,33000,-8000,12499,-1499,10499,27000,7001,500,-1000,-20001,3500,-9500,9000,-15000,-13999,-4500,-10500,1999,3501,1500,13999],"lows":[0,3500,23999,16000,13501,-10001,1500,-9000,-9500,-17499,-6001,-10999,-14500,1499,18001,11000,1000,-1000,2500,-4000,5499,-499,3499,500,9001,7499,15500,13000,500,500,6500,-23499,-22001,500,9501,16499,-3500,3501,12499,10000,9000,2500,4000,-499,26999,21000,5500,-15499,1000,-14501,5501,500,-12501,-9500,-14999,2500,1500,4499,3500,3501],"closes":[0,22500,28500,2999,6000,-10499,-1,-11999,-9500,-18500,-7001,-5500,-19500,19500,10501,8499,-7000,10000,-3000,-4499,1500,1499,-500,10000,9501,20499,8001,-1500,4499,13001,-5000,-29500,-16500,7000,21500,-3500,-1501,9000,10500,24000,-7500,16001,-16501,19000,28501,15999,0,-19500,-3999,-8000,6499,-1999,-19001,-6000,-13500,1,3499,3501,3000,12999],"volumes":[0.03696,0.0307,0.02768,0.02176,0.02032,0.02096,0.01232,0.00704,0.01488,0.00624,0.02704,0.01568,0.01408,0.024,0.01744,0.01472,0.01008,0.01408,0.01072,0.01216,0.01376,0.00864,0.00208,0.00448,0.0152,0.01424,0.02048,0.01504,0.00704,0.01184,0.01056,0.01264,0.02032,0.00976,0.01584,0.0096,0.0128,0.01088,0.0112,0.01616,0.0136,0.01056,0.01552,0.0176,0.0176,0.01808,0.0168,0.0136,0.00768,0.00944,0.00944,0.00736,0.00592,0.01216,0.00896,0.01168,0.00896,0.00848,0.00768,0.01248]}