{"timestamp":1546128000000,"multiplier":0.001,"open":23221.469,"high":23221.469,"low":23204.969,"close":23220.47,"shift":60000,"times":[1380,1,1,1,1,1,1,1,1,1,1,1,1,1,1,1,1,1,1,1,1,1,1,1,1,1,1,1,1,1,1,1,1,1,1,1,1,1,1,1,1,1,1,1,1,1,1,1,1,1,1,1,1,1,1,1,1,1,1,1],"opens":[0,3501,7999,14501,-2500,-501,-15500,-10500,-4500,6000,-499,11500,-501,-16000,-1500,-2499,6999,12501,1999,4501,20499,-5999,-4001,-6999,-7500,-8001,10000,2501,-5501,6001,-4000,3999,-2499,-2500,-7001,-9000,500,-4000,-2500,501,-501,-3000,-15500,-3999,-2500,-4000,14000,6999,-5999,-1501,-3499,-7001,7500,7501,8999,7501,-500,-11501,-2499,-1],"highs":[0,17001,23500,-11001,-3999,-2501,-15500,-7499,5999,-4500,13500,1501,-7501,-14000,-2999,2999,12501,4499,3500,21000,501,-7500,-4001,-4499,-10000,6500,3000,-4000,499,-999,5999,-3499,-2501,-4999,-7001,-2999,-5501,-2499,-2001,-499,-1501,-3000,-14500,-4000,-3499,10499,6001,999,-6499,0,-5000,2499,6001,10000,6500,1000,-2000,-11000,-500,-1501],"lows":[0,20001,7499,2001,4999,-13500,-7500,-5000,0,500,5500,11000,-23499,3999,-3500,3001,6999,10500,500,8001,14499,-11000,-2499,-4500,-10001,1000,10500,-3000,-4500,6000,-500,501,-1001,-5999,-10001,500,-4000,-2500,-2499,1499,-1000,-16500,-2500,-5000,-3500,1001,11499,0,1500,-2500,-7999,-2500,8499,9501,8999,4500,-9499,-5000,1499,-6500],"closes":[0,12999,14500,-3999,999,-17000,-9500,-4999,8000,1499,7501,1000,-16501,-2500,-2499,6499,12501,3500,4499,20500,-6000,-2000,-10000,-6499,-8001,10500,2500,-3999,3999,-3999,5000,-4500,-1500,-7000,-8501,0,-4000,-3500,500,500,-3000,-15499,-3501,-3000,-4999,14500,5500,-5000,-1500,-2501,-7000,7501,7499,9500,7001,-1501,-11499,-2501,1500,-7999],"volumes":[0.01284,0.02316,0.02016,0.01524,0.00636,0.01092,0.01056,0.00744,0.00936,0.0054,0.00912,0.0048,0.0108,0.0048,0.00708,0.00384,0.00552,0.00636,0.00444,0.00888,0.01056,0.00912,0.0072,0.00396,0.00552,0.00672,0.00636,0.00468,0.00576,0.00384,0.00804,0.00372,0.00288,0.0048,0.00792,0.00504,0.0054,0.00228,0.00612,0.00432,0.00204,0.00864,0.00432,0.0078,0.0078,0.00816,0.00876,0.006,0.0018,0.00288,0.00696,0.00756,0.00876,0.006,0.00516,0.003,0.00456,0.00336,0.00156,0.00324]}