{"timestamp":1543708800000,"multiplier":1.0E-5,"open":0.99809,"high":0.99813,"low":0.99809,"close":0.99812,"shift":60000,"times":[1320,1,1,1,1,1,1,1,1,1,1,1,1,1,1,1,1,1,1,1,1,1,1,1,1,1,1,1,1,1,1,1,1,1,1,1,1,1,1,1,1,1,1,1,2,1,1,1,1,1,1,1,1,1,1,1,1,1,1,1,1,1,1,1,1,1,1,1,1,1,1,1,1,1,1,1,1,1,1,1,1,1,1,1,1,1,1,1,1,1,1,1,1,1,1,1,1,1,1,1,1,1,1,1,1,1,1,1,1,1,1,1,1,1,1,2,1,1],"opens":[0,3,0,-7,53,0,2,38,2,40,2,-30,-31,17,-1,-16,0,0,-18,10,11,2,3,-1,1,21,0,-2,3,4,-3,18,12,-30,8,1,-7,12,15,-12,-83,68,5,-3,0,0,-1,1,0,4,0,-4,7,5,6,0,1,-1,1,2,4,15,-24,1,-1,-3,-5,2,-1,1,0,-5,2,-2,-1,-5,0,0,-3,2,1,3,1,6,-1,-19,-6,-4,1,-9,-13,0,-10,0,-10,-10,0,0,7,1,1,-1,0,1,0,-1,-6,-1,2,1,-1,5,-1,0,0,5,1,-1],"highs":[0,6,-7,27,19,12,24,41,13,1,-7,-29,-19,7,-1,-19,0,0,-5,7,1,16,-11,11,9,1,0,-2,13,-6,15,12,0,-21,1,3,9,7,0,0,-30,9,2,-6,0,0,0,0,3,3,-2,12,-4,5,5,-3,0,2,4,10,-1,6,-14,-7,-3,-3,-3,0,0,1,-1,0,-3,-1,0,-6,-1,1,-2,1,4,-1,9,-2,-1,-19,-6,-1,-1,-10,-12,-1,-10,0,-9,-9,-2,7,4,-3,1,0,-1,1,0,0,-7,0,5,-3,4,0,-1,1,7,-1,-1,-1],"lows":[0,2,-44,5,86,0,-6,46,-3,45,-59,0,0,9,-9,0,0,-22,1,12,7,-5,15,-1,1,21,-2,0,3,1,-3,-24,15,9,3,-38,34,4,26,-92,0,63,7,0,0,-1,0,0,1,0,-1,1,1,11,5,1,0,-3,4,-12,2,7,-6,4,-5,-1,0,2,-1,-1,-4,1,-1,-6,-1,2,0,-7,4,2,-1,5,1,6,-18,-12,-2,2,-8,-12,-1,-10,0,-11,-9,0,0,0,7,1,1,-1,0,1,0,-7,-1,-1,3,-1,0,4,-1,2,0,5,0,-1],"closes":[0,6,-51,44,47,0,36,41,6,0,-49,2,0,-4,-9,0,0,-18,9,11,0,-9,15,10,10,1,-2,0,3,1,18,12,-30,8,2,3,0,12,1,-92,64,10,-4,0,0,0,0,0,0,0,1,15,-4,5,5,-4,0,1,5,1,4,-13,2,-4,-3,-3,2,0,0,0,-6,4,-4,2,-6,0,-1,-5,4,1,4,-1,7,0,-18,-8,-4,3,-11,-12,-1,-10,0,-9,-11,0,0,7,2,-1,1,-1,0,1,0,-7,-1,-1,4,-1,5,-2,-1,3,7,-2,-1,0],"volumes":[16.5,6.75,3.0,9.75,4.94,7.89,22.75,15.5,20.99,6.12,65.97,6.6,2.6,38.88,13.0,1.8,1.1,23.5,37.0,14.5,8.74,6.0,1.0,103.37,100.87,1.5,2.25,3.75,10.4,6.0,62.0,37.62,54.0,50.0,30.0,96.5,34.75,25.5,6.0,57.39,16.25,14.0,13.0,2.0,17.0,8.5,12.5,11.5,8.62,17.36,15.48,48.97,56.74,36.22,43.99,12.36,31.85,19.49,43.25,146.51,123.69,35.16,73.06,13.61,16.74,13.12,3.37,1.25,6.62,18.87,22.75,15.61,27.11,29.24,29.73,5.0,3.49,25.86,10.68,10.69,14.5,1.25,14.25,3.44,39.37,33.84,49.29,9.5,13.19,22.55,7.24,19.61,1.87,24.04,20.61,38.83,2.5,12.25,27.09,5.99,1.25,4.49,5.36,2.5,2.5,21.79,5.36,26.94,41.0,8.06,17.62,6.5,8.0,4.25,7.37,11.87,4.36,15.1]}