{"timestamp":1544313600000,"multiplier":0.001,"open":1249.675,"high":1250.035,"low":1249.615,"close":1250.035,"shift":60000,"times":[1380,1,1,1,1,1,1,1,1,1,1,1,1,1,1,1,1,1,1,1,1,1,1,1,1,1,1,1,1,1,1,1,1,1,1,1,1,1,1,1,1,1,1,1,1,1,1,1,1,1,1,1,1,1,1,1,1,1,1,1],"opens":[0,340,50,550,-7,-233,-430,120,-470,200,3,187,-10,63,-150,-310,100,220,-3,183,140,10,-120,-93,10,-17,-70,0,-33,-77,-180,-133,113,-60,37,30,-117,10,-3,-197,-143,-260,0,310,90,43,-200,57,210,43,37,153,-440,7,-100,-100,-107,7,103,-103],"highs":[0,100,493,200,-210,-243,-220,-90,-230,-40,190,0,83,-30,-140,-20,20,70,-10,500,-240,90,-140,-143,0,13,0,0,-100,-100,-190,7,-27,0,47,-7,-140,40,-43,-197,-143,-160,250,100,-7,57,-187,330,10,-93,183,200,-373,-160,-200,-100,0,13,7,-107],"lows":[0,10,440,333,-103,-370,20,-370,-50,233,40,177,-100,3,-343,43,0,247,23,110,147,-30,-127,-30,0,0,20,0,-240,-63,-127,7,-60,103,-30,-13,0,-17,-163,-160,-250,-150,150,293,-33,-17,-33,90,130,40,120,-410,-77,57,-50,-140,33,7,-7,7],"closes":[0,40,553,-93,-140,-470,80,-370,170,-40,220,-10,63,-160,-300,200,80,90,10,267,-37,-80,-90,0,0,10,-90,0,-200,-90,-140,120,-10,7,10,-120,3,7,-190,-150,-260,-100,430,70,0,-107,20,197,113,-63,183,-440,7,-100,-100,-100,3,97,-107,17],"volumes":[0.0025,0.00588,0.00508,0.00535,0.00684,0.00662,0.0018,0.0068,0.0039,8.5E-4,0.00928,2.0E-4,0.00593,0.00433,0.00891,0.01606,0.007,0.00912,0.00586,0.01488,0.02001,0.02409,0.02046,0.00505,0.0054,0.0063,0.00224,0.00339,0.00972,0.00482,0.00928,0.01122,0.00267,0.02498,0.0176,0.01276,0.01337,0.0094,0.00771,0.01311,0.00999,0.01152,0.00786,0.00901,0.01951,0.0235,0.02136,0.01055,0.01507,0.00871,0.0099,0.04661,0.0252,0.0543,0.01482,0.02562,0.02831,0.02971,0.011,0.0141]}