{"timestamp":1607817600000,"multiplier":1.0E-5,"open":0.75489,"high":0.75491,"low":0.75484,"close":0.75487,"shift":60000,"times":[1320,1,1,1,1,1,1,1,1,1,1,1,1,1,1,1,1,1,1,1,1,1,1,1,1,1,1,1,1,1,1,1,1,1,1,1,1,1,1,1,1,1,1,1,1,1,1,1,1,1,1,1,1,1,1,1,1,1,1,1,1,1,1,1,1,1,1,1,1,1,1,1,1,1,1,1,1,1,1,1,1,1,1,1,1,1,1,1,1,1,1,1,1,1,1,1,1,1,1,1,1,1,1,1,1,1,1,1,1,1,1,1,1,1,1,1,1,1,1,1],"opens":[0,-1,3,1,22,3,0,-4,-3,1,6,-8,1,1,1,24,0,-11,-5,44,-25,16,18,-26,-4,10,-9,-10,-2,5,-2,7,-2,0,0,12,-3,-5,-10,7,-1,-3,0,-10,-31,-1,1,3,12,5,-3,7,3,-1,-5,-1,-3,-2,-1,-16,-20,34,-3,-2,-3,18,-16,5,29,-1,-4,-2,3,3,17,-6,-4,-6,8,-11,-3,12,-1,0,-4,-19,16,-5,-13,9,-6,-3,0,3,-10,-22,3,4,-4,3,0,-2,2,-10,-9,12,-9,4,5,0,1,11,-5,5,-3,4,15,-3,-9,-2],"highs":[0,0,2,20,4,0,0,-4,-2,6,5,-11,1,-1,40,-15,0,-11,1,57,-44,40,5,-32,1,5,-14,-9,11,-9,30,-25,0,-1,17,0,-3,-11,-2,-1,0,-4,0,-10,-31,-1,6,12,2,1,5,8,-6,1,-7,0,-4,-1,-2,-16,11,26,-20,-8,22,-6,-11,29,3,-5,-4,1,6,15,0,1,-8,4,-6,-8,7,8,-9,2,-6,-7,5,-7,-4,0,-6,4,0,-4,-9,-19,7,-3,-2,3,-3,2,-2,-9,2,0,-4,4,2,-1,20,-9,1,1,2,13,7,-11,-5,-5],"lows":[0,4,3,1,22,2,-4,-1,-1,-3,-1,-4,8,1,1,23,-11,1,-5,11,7,17,-27,0,5,4,-2,-4,1,4,-1,5,-1,1,-13,17,-11,-6,7,7,-6,2,-14,-28,0,0,0,4,12,1,1,7,0,-3,-1,-3,-2,0,-21,-17,-2,29,1,-2,0,3,0,5,19,2,0,0,1,3,10,-4,-2,0,-4,-1,-2,4,1,2,-18,-1,12,-13,-7,10,-17,2,9,-2,-37,10,5,2,-4,2,-1,-2,-2,-13,3,3,-1,5,4,0,2,4,2,1,1,2,14,-9,-3,-6],"closes":[0,2,4,19,5,0,-5,-1,0,6,-9,3,1,-1,24,0,-11,1,-4,13,5,39,-31,-4,10,-9,-9,-3,6,-1,5,-1,1,-1,17,-9,-2,-16,11,-1,-6,2,-14,-28,1,-1,6,12,-1,3,5,4,-2,-4,-1,-4,-2,0,-20,-18,30,1,-1,-3,19,-17,6,29,0,-8,0,3,3,17,-6,-3,-5,6,-12,-1,12,0,-2,-4,-18,12,-2,-10,5,-3,-4,0,1,-7,-25,5,4,-3,0,2,-3,1,-8,-11,11,-5,1,6,0,1,11,-6,7,-4,5,14,-3,-9,1,-9],"volumes":[56.97,14.61,3.75,14.61,2.44,6.0,3.38,5.33,2.29,2.31,27.04,13.2,5.0,3.0,19.25,2.0,14.1,1.0,25.12,44.87,4.0,16.88,58.67,24.44,21.64,13.5,4.0,6.37,49.28,16.0,22.33,14.79,18.63,9.2,17.75,28.19,29.19,18.56,11.3,5.0,16.04,1.0,13.49,17.06,13.5,1.0,5.25,7.12,16.46,17.9,15.1,20.75,4.47,12.69,8.86,6.61,4.5,7.74,37.74,29.62,59.93,36.09,85.09,72.81,36.66,39.48,15.93,47.18,41.75,28.12,12.25,13.0,40.5,55.76,62.57,110.34,62.38,71.56,24.57,36.07,32.25,52.0,37.01,33.32,47.38,34.43,26.62,31.5,49.23,16.87,80.5,74.47,52.81,20.57,99.88,31.57,23.68,12.38,10.9,23.49,22.37,41.5,28.26,40.21,32.94,28.56,23.62,30.44,16.25,6.0,42.35,23.57,34.36,18.06,22.52,54.45,47.37,24.44,15.89,26.51]}