{"timestamp":1608854400000,"multiplier":1.0E-5,"open":0.75919,"high":0.75919,"low":0.75918,"close":0.75918,"shift":60000,"times":[0,1,1,1,1,1,1,1,1,1,1,1,1,1,1,1,1,1,1,1,1,1,1,1,1,1,1,1,1,1,1,1,1,1,1,1,1,1,1,1,1,1,1,1,2,2,1,1,1,1,1,1,1,1,1,1,1,1,1,1,1,1,1,1,1,1,1,1,1,1,1,1,1,1,1,1,2,2,1,1,1,1,1,1,1,1,1,1,1,1,2,1,2,1,1,1,1,2,1,1,1,1,1,1,1,1,1,1,1,1,1,1,1,1,1,1,1,1,1,1,1,1,2,1,1,1,1,1,1,3,1,1,1,1,1,1,2,1,1,1,1,1,1,1,4,1,1,1,1,1,1,1,1,2,1,1,1,1,1,1,1,1,1,1,1,1,1,1,1,1,1,1,1,1,1,1,1,1,1,1,1,1,1,1,1,1,1,1,1,1,1,1,1,1,1,1,1,1,2,1,1,1,1,1,1,1,1,1,1,1,1,1,1,4,1,1,1,1,1,1,2,1,1,1,1,1,1,1,1,1,2,1,1,1,1,1,1,1,1,1,1,1,2,1,1,1,1,1,1,1,1,1,1,1,1,1,1,3,1,1,1,1,4,1,2,1,1,1,1,1,1,1,1,1,1,1,1,1,1,1,1,1,1,1,1,1,1,1,1,1,1,1,1,1,1,3,1,4,1,2,2,1,1,4,1,2,1,1,2,2,1,1,2,1,1,1,1,1,1,1,1,2,1,1,1,2,1,2,1,1,1,1,1,1,2,1,1,1,1,1,1,1,1,1,1,1,1,1,1,1,1,1,1,2,1,1,1,1,2,2,1,1,1,1,1,1,1,1,3,1,1,1,1,1,1,1,1,1,1,1,1,1,1,2,1,1,2,1,1,1,1,1,1,1,1,1,2,1,1,1,7,9,1,1,1,7],"opens":[0,1,1,-8,5,-5,-67,14,-3,-24,20,17,-7,1,-33,21,-6,0,1,0,-6,4,-3,5,15,-42,31,1,41,-36,-37,43,0,-7,-37,44,-43,37,6,0,0,-10,-2,-51,0,-1,48,-47,42,16,0,-14,-1,-20,4,-14,0,-6,-20,42,-16,-10,1,0,-9,-1,-7,8,-8,0,0,30,-15,-1,0,8,-1,9,1,13,-10,-3,-4,-3,1,-1,0,19,0,0,0,-5,11,-18,50,-16,1,-1,5,-27,-1,23,0,1,-4,-20,10,-5,-13,1,0,3,-3,0,13,0,0,-14,20,10,-11,2,-15,13,-1,1,0,5,0,2,0,0,-5,1,0,0,-1,4,1,0,0,0,0,0,0,0,-1,1,0,0,0,0,-1,1,0,-12,-4,0,1,0,-5,0,0,-1,17,-4,1,10,-2,-1,11,-23,0,-9,4,19,-14,-8,-1,1,0,8,-9,1,15,0,16,2,10,-1,0,45,9,1,-1,37,1,-2,-3,-5,0,1,-1,0,0,0,0,0,0,0,0,0,0,0,0,0,0,0,-7,0,15,-8,17,-17,0,0,0,3,-3,0,-3,6,-22,16,-38,17,-2,25,-3,7,-5,-4,-1,-16,-1,0,1,1,-2,-1,2,-1,2,1,-1,5,-4,0,3,-3,-14,-9,4,-5,16,-6,11,-3,0,9,-3,0,1,2,0,0,0,0,0,0,0,0,-1,36,-2,1,0,0,5,1,0,0,0,0,0,0,0,0,0,0,0,0,13,6,-7,1,6,-6,0,0,0,0,0,2,-3,1,-1,1,0,13,-14,10,-9,13,-14,1,-4,17,-22,-5,0,14,-1,1,13,-13,36,-6,6,-7,1,0,-1,7,-6,1,0,-4,0,0,-2,0,1,0,0,0,0,0,-1,-2,-1,-1,6,0,4,0,34,-42,1,0,3,0,0,0,0,0,-1,9,19,20,-11,-12,-7,-1,0,0,13,4,4,-8,0,3,-1,1,-15,11,-1,1,4,0,3,-4,0,1,0,-4],"highs":[0,1,1,-8,15,-12,-39,-8,-9,-25,18,17,-2,-4,5,-17,-6,1,0,0,-6,7,-3,7,11,-43,43,30,0,-30,-43,43,0,-7,7,0,-6,6,0,0,0,-10,-2,0,-3,0,-1,-4,0,15,0,-14,-1,-16,0,-14,0,-6,22,0,-16,0,-9,0,-9,22,-22,0,-8,0,15,15,-15,-1,9,-1,0,14,14,-3,-13,-2,-5,-1,0,-2,16,3,0,0,0,6,0,0,32,-15,0,0,4,-27,27,-5,1,0,-4,-1,16,-30,-12,0,0,3,-3,22,-9,0,0,-14,30,0,-11,2,-2,0,0,0,7,-2,2,0,0,0,-5,1,0,0,0,4,0,0,0,0,0,0,0,0,-1,1,0,0,0,0,0,0,0,-12,-4,1,0,3,-8,8,-8,19,-3,-4,1,12,-4,10,0,6,-29,-5,1,21,-17,-8,0,0,8,0,-8,20,-5,16,5,7,0,-1,34,26,-6,1,-1,41,-3,-2,-3,-5,0,1,-1,0,0,0,0,0,0,1,-1,0,0,0,0,0,0,0,-7,0,15,-8,17,-17,0,0,0,3,-3,0,-3,6,-22,16,-38,17,4,20,2,1,3,-12,-1,-16,1,0,0,0,-2,2,0,1,-1,5,-5,5,-4,0,3,-3,-8,-15,4,-5,16,6,0,-4,9,0,-3,1,2,0,0,0,0,0,0,0,0,0,35,0,-1,0,0,6,0,0,0,0,0,0,0,0,0,0,0,0,0,19,-6,6,-7,1,6,-6,0,0,0,0,0,3,-4,1,12,1,-13,13,-14,10,0,4,-14,7,-10,17,-22,-4,26,-13,-1,1,13,23,0,5,-5,-6,0,0,6,0,0,-5,0,-4,0,0,-1,-1,1,0,0,0,0,0,-1,-2,-1,0,5,4,0,0,34,-42,1,3,0,0,0,0,0,0,3,30,20,-6,-11,-12,-7,-1,0,0,18,-1,4,11,-16,0,0,0,-5,1,-1,1,4,0,3,-4,14,-13,0,-4],"lows":[0,-6,9,-8,5,-84,-30,44,1,-16,20,1,9,0,-32,14,1,-6,-40,38,3,-20,21,5,15,-42,31,1,10,-5,-37,43,0,-7,-37,44,-43,37,6,-1,-39,30,-2,-51,0,-1,44,-43,41,17,-16,2,-21,-63,52,1,-6,-21,1,26,0,-10,1,-10,1,-8,0,0,-1,1,-1,16,-1,0,0,8,-1,2,7,0,1,-10,2,0,0,0,0,18,2,0,0,-13,0,0,40,-5,0,0,5,-28,0,23,0,1,-24,0,-8,0,0,0,0,4,-3,0,13,-13,13,-14,20,-1,-3,-15,5,13,-1,1,0,5,0,2,0,0,-5,1,0,0,-1,4,0,0,0,0,0,0,0,0,0,1,-1,0,0,1,-1,1,-22,10,-4,0,1,0,-5,0,0,-1,14,-1,-4,0,13,-1,4,-17,-7,-14,17,5,-8,-1,0,0,0,1,-1,1,14,1,15,-1,9,4,-1,30,25,0,0,37,1,-2,-8,-1,1,-1,1,0,0,0,0,0,0,-1,1,0,0,0,0,0,0,-8,1,-3,18,-8,3,-3,0,0,0,3,-3,0,-3,-2,-52,5,11,17,-3,22,1,2,-3,-1,-42,25,-2,0,0,1,-1,0,0,0,3,1,-1,4,-3,0,3,-3,-19,-4,4,-5,16,-6,8,-2,1,6,0,0,2,1,0,0,0,0,0,0,0,0,0,34,0,0,0,0,6,0,0,0,1,0,0,0,0,0,0,0,-1,0,14,6,-7,1,-1,1,0,0,0,-1,1,0,-1,0,0,1,0,13,-14,1,0,12,-13,1,-4,-6,-4,0,0,14,-1,1,13,-13,30,-1,0,0,0,0,0,0,1,-3,0,0,-1,1,-2,0,1,0,0,0,0,0,-4,1,-1,-1,6,0,3,-7,1,-1,1,0,2,0,0,0,0,0,0,4,6,27,0,-24,5,-1,0,0,13,4,4,-12,3,4,-1,1,-15,11,-1,1,4,0,3,-4,0,1,0,-5],"closes":[0,-6,9,-8,15,-84,33,-20,3,-25,18,1,14,-5,6,-17,-6,1,0,-9,3,7,-3,7,10,-42,43,30,-31,1,-43,43,0,-7,6,1,-6,6,0,-1,-9,0,-2,0,-3,0,-5,0,-2,17,-16,2,-20,3,-15,1,-6,-20,42,-16,0,0,-9,-9,0,-8,8,-8,-1,1,15,0,-1,0,9,-1,-1,13,-3,3,-2,-5,-3,1,-1,0,16,3,0,0,0,6,-18,18,21,-4,0,0,4,-28,28,-5,0,1,-24,10,-6,-11,0,0,-1,4,-3,22,-9,0,0,-14,30,-11,-3,-15,18,0,0,0,7,-2,2,0,0,0,-5,1,0,0,0,4,0,0,0,0,0,0,0,-1,0,1,0,-1,1,0,0,0,-22,10,-4,1,0,3,-8,8,-8,19,-6,-1,-4,17,-4,10,-7,-16,-8,-14,18,4,-8,0,0,-1,8,-7,0,20,-5,16,5,2,5,-1,34,26,-6,0,0,41,-3,-2,-7,-1,0,-1,1,0,0,0,0,0,0,1,-1,0,0,0,0,0,0,-8,1,-3,18,-8,3,-3,0,0,0,3,-3,0,-3,-2,-30,-5,-1,17,4,15,7,-4,-2,-2,-14,-3,1,-2,-1,3,-3,2,-1,3,-1,5,-5,4,-3,0,3,-3,-18,-5,4,-5,16,6,-4,0,9,-4,0,2,1,0,1,0,-1,1,0,-1,1,0,35,-1,-1,1,0,6,-1,1,0,-1,1,0,0,0,0,0,0,0,-1,20,-6,6,-7,1,-1,1,0,0,0,-1,1,1,-2,0,13,1,-13,13,-14,1,0,12,-13,7,-10,-6,-3,0,26,-13,-1,1,13,23,-6,6,-6,-1,1,-1,6,-6,2,-4,0,0,-1,1,-1,-1,1,0,0,0,0,0,-4,1,-1,0,5,4,0,-8,1,-1,1,3,0,0,0,0,-1,1,2,31,4,-1,0,-19,0,-1,0,0,18,-1,4,5,-14,4,0,0,-5,1,-1,1,4,0,3,-4,14,-13,0,-5],"volumes":[5.55,2.6,3.14,1.0,2.6,7.63,19.81,1.9,1.81,3.14,1.57,2.01,4.74,3.7,2.6,4.17,1.57,5.14,5.19,4.94,1.95,10.8,4.02,6.37,4.8,1.0,5.17,2.72,3.35,1.97,1.0,1.6,1.6,1.0,8.2,1.6,1.37,1.97,3.7,4.8,11.82,1.6,1.6,3.6,5.64,2.6,3.64,3.35,9.6,2.75,2.6,5.05,47.43,27.76,10.1,3.2,6.9,7.2,19.54,4.95,1.6,3.6,1.0,3.0,2.0,11.14,2.0,2.0,4.0,1.25,5.25,3.12,4.0,1.25,3.0,2.25,3.0,9.25,37.5,11.45,34.5,31.0,54.04,61.68,52.32,47.04,36.32,6.75,2.0,2.0,1.0,3.5,24.5,38.44,12.5,9.75,12.75,1.87,1.25,28.0,19.5,0.75,2.24,1.25,1.87,3.84,14.6,19.9,79.92,20.5,2.12,1.25,1.5,1.19,2.1,4.2,3.2,1.0,24.02,86.9,8.2,1.37,3.0,1.0,4.25,2.5,6.25,1.5,2.1,1.25,2.5,2.5,1.37,2.0,2.2,1.0,10.7,2.35,16.8,52.64,52.64,23.52,5.85,7.62,17.5,6.25,1.0,1.0,18.0,26.0,18.0,11.5,10.5,1.75,4.2,1.25,1.0,4.0,3.0,2.25,3.2,6.05,3.2,6.05,3.1,1.0,2.25,8.5,2.7,4.85,24.25,28.37,15.25,43.62,2.7,10.15,8.5,6.3,9.2,14.4,13.4,5.95,2.1,2.35,4.1,28.6,13.0,8.19,10.0,4.0,8.62,10.25,1.6,2.7,1.0,4.7,1.37,2.32,5.85,3.6,1.0,4.55,2.35,2.7,3.1,2.5,4.5,3.0,2.35,4.0,1.0,4.75,1.0,1.25,2.1,2.1,1.0,2.0,1.75,2.0,0.19,8.5,8.95,1.5,1.0,1.5,1.0,1.25,1.25,1.0,1.25,3.1,6.7,8.2,1.0,1.25,23.7,3.75,2.0,5.5,25.0,1.0,8.55,1.35,46.0,43.0,42.0,9.75,43.5,59.5,60.0,43.0,1.0,3.5,1.0,2.5,1.0,1.5,2.5,1.0,8.0,1.0,1.25,1.0,1.25,5.5,46.0,54.48,51.75,53.31,51.52,62.12,52.0,46.75,69.25,3.0,2.0,47.0,69.25,68.5,43.0,46.0,21.5,33.25,42.0,42.0,40.0,71.75,56.25,55.0,40.0,27.0,3.5,2.0,1.0,3.75,2.75,1.75,2.0,1.0,3.75,6.5,2.1,1.25,1.0,1.1,3.2,3.71,1.1,1.0,1.1,3.7,1.25,6.0,1.0,5.75,2.25,3.75,1.0,1.25,1.0,2.5,3.5,2.5,1.0,2.25,2.2,7.0,36.75,64.5,42.0,2.1,1.5,1.0,2.5,21.25,55.5,48.75,61.75,73.5,36.0,70.5,64.25,44.0,5.5,4.0,4.5,1.0,4.0,1.0,3.0,1.25,1.0,3.0,3.25,1.0,1.5,4.75,2.0,1.25,1.0,3.0,1.0,38.0,60.0,53.0,5.25,1.0,1.0,49.75,48.75,41.0,55.0,52.0,60.75,55.25,29.25,6.12,8.87,3.0,2.25,3.5,1.0,1.0,2.0,1.0,2.0,2.0,2.0,17.36,9.92,1.0,2.0,1.0,2.0,1.0,1.0,1.0,2.0,1.0,2.0,1.0,2.0,1.0,1.0,2.0]}