{"timestamp":1607212800000,"multiplier":1.0E-5,"open":1.21308,"high":1.21308,"low":1.21304,"close":1.21305,"shift":60000,"times":[1320,1,1,1,1,1,1,1,1,1,1,1,1,1,1,1,1,1,1,1,1,1,1,1,1,1,1,1,1,1,1,1,1,1,1,1,1,1,1,1,1,1,1,1,1,1,1,1,1,1,1,1,1,1,1,1,1,1,1,1,1,1,1,1,1,1,1,1,1,1,1,1,1,1,1,1,1,1,1,1,1,1,1,1,1,1,1,1,1,1,1,1,1,1,1,1,1,1,1,1,1,1,1,1,1,1,1,1,1,1,1,1,1,1,1,1,1,1,1,1],"opens":[0,-3,-4,-5,1,-39,1,-3,-3,4,-4,18,1,-9,-18,-24,-25,12,22,-4,-8,1,1,-3,-2,2,-19,13,0,-10,4,-3,-1,4,9,3,-5,0,0,8,4,-4,-3,0,4,9,18,-1,-1,-14,1,5,3,16,4,2,6,-1,1,1,-1,29,-6,-18,11,-12,22,12,0,0,-10,4,-1,-2,5,-6,-11,-21,-13,-14,14,5,12,-6,-2,-2,-12,-5,15,-6,17,15,6,-11,-18,-16,-6,0,1,-2,-6,-2,2,0,3,1,-6,-12,-1,11,6,-2,-13,-1,2,3,-3,-1,-14,-3],"highs":[0,-3,-2,1,-5,-34,-5,-4,1,0,14,29,-3,-32,-5,-25,-15,11,1,-6,-7,1,0,-3,-2,2,-4,-2,0,-10,4,-3,2,13,6,-2,-6,-2,10,0,2,-5,-1,3,8,22,8,-11,-1,-8,-3,10,9,9,-2,7,0,-2,3,1,52,-22,-10,-6,-1,10,11,5,-2,-1,0,-7,-1,16,-10,-9,-8,-19,-18,1,4,10,3,-6,-2,-3,-12,14,-2,9,15,6,2,-13,-18,-7,-10,-4,0,-2,-4,-1,1,-1,6,-3,-6,-11,14,2,2,-2,-13,0,1,0,-1,-3,-10,-6],"lows":[0,-8,-2,1,-37,0,-2,-3,-10,6,4,1,13,-29,-8,-34,-1,13,16,-7,0,1,-3,2,-2,-10,-7,13,-10,0,0,1,-1,3,8,0,0,0,0,5,1,-1,-14,13,5,6,16,3,-15,-4,6,-1,3,21,5,1,6,0,0,0,1,19,-17,2,0,-4,25,9,3,-11,0,5,-2,0,-5,-9,-18,-13,-15,-4,18,4,2,3,-5,-9,-5,0,8,1,17,3,7,-21,-15,-5,-2,0,1,-9,-1,3,-3,5,0,-6,-9,-1,1,10,4,-15,0,1,0,5,-5,-14,-2,-5],"closes":[0,-6,-3,3,-41,2,-4,-3,1,-1,18,-2,2,-11,-23,-41,16,19,-5,-7,0,-1,-3,2,-2,-10,6,0,-10,0,0,1,2,9,4,-5,1,-1,10,-5,5,-5,-1,6,7,23,-4,1,-18,1,3,10,11,5,2,6,-1,0,2,0,28,-6,-18,11,-12,21,12,0,1,-11,6,-2,-2,5,-7,-9,-21,-13,-15,13,5,11,-5,1,-3,-13,-4,16,-9,17,16,6,-11,-21,-15,-5,3,-3,-1,-5,-5,5,2,-2,5,-6,-14,1,11,3,1,-13,-2,-1,5,0,-2,-16,-3,0],"volumes":[16.83,29.98,51.37,7.07,144.16,30.69,3.8275,3.435,34.285,17.86,53.25,78.58,40.9,26.8171,7.1174,44.4197,26.8,25.5575,18.78,7.26,9.99,5.3,1.54,2.74,0.8,2.91,5.98,2.47,3.39,2.04,14.01,0.8,13.51,25.68,28.18,13.74,4.93,11.16,26.3,8.37,5.18,8.22,54.02,6.28,10.7,15.24,28.0,7.03,31.38,38.85,12.99,11.31,32.68,8.58,2.25,13.52,21.02,6.0,16.87,18.52,152.76,123.57,84.53,48.68,55.4,37.17,13.96,85.05,48.66,39.76,42.13,2.81,11.7,68.02,99.39,35.65,185.65,139.55,82.76,256.19,198.95,188.79,150.63,33.99,153.65,86.11,90.76,168.68,212.81,143.7,26.85,62.65,55.17,43.78,112.91,248.97,237.77,113.41,142.88,96.2,91.46,25.27,23.38,19.15,183.89,140.47,86.35,65.91,219.02,57.79,37.87,110.91,67.93,69.95,37.51,12.07,145.14,146.5,79.02,95.67]}