{"timestamp":1609027200000,"multiplier":1.0E-5,"open":1.35452,"high":1.35452,"low":1.35452,"close":1.35452,"shift":60000,"times":[1320,1,1,3,1,1,1,1,1,1,1,1,1,1,1,1,1,1,1,1,1,1,1,1,1,1,1,1,1,1,1,2,1,1,3,3,1,1,1,1,1,1,1,1,1,1,1,1,1,1,1,1,1,1,1,1,1,1,1,1,1,1,1,1,1,1,1,1,1,1,1,1,1,1,1,1,1,1,1,1,1,1,1,1,1,1,1,1,1,1,1,1,1,1,1,1,1,1,1,1,1,1,1,1,1,1,1,1,1,1,1,1,1],"opens":[0,9,1,17,-5,16,15,-26,-4,-1,2,-5,1,41,-7,-14,21,12,-30,-31,8,0,-1,0,0,1,12,4,6,24,-36,-10,4,-4,4,-2,11,-1,1,9,43,-28,12,-26,6,1,9,2,-23,-4,6,0,2,2,-4,-14,-7,-15,17,25,24,72,8,-45,3,-33,19,5,-39,2,-2,0,-3,-1,-5,6,47,-30,40,14,10,8,31,19,-16,24,-11,-5,-2,-19,4,1,2,27,5,-6,-1,-2,1,14,13,2,-31,0,7,15,10,0,8,24,-9,7,-16],"highs":[0,9,1,33,0,14,-1,-22,-9,37,-38,-4,40,17,-23,6,17,-4,-24,-9,-7,-3,0,2,3,1,-4,9,63,-37,-37,-10,4,-4,4,12,-3,2,11,42,0,-28,24,-28,0,4,8,51,-77,-1,-1,3,0,5,-2,-9,-14,1,23,37,57,11,14,-57,0,-12,1,1,-36,1,10,-13,-2,12,-20,63,4,-6,14,69,-45,30,24,-6,7,6,-10,-9,-5,-11,-1,-3,35,1,-2,-6,0,5,6,26,-9,-1,-31,10,15,3,12,-2,33,-6,4,-5,-17],"lows":[0,9,1,9,2,7,-1,-3,-52,47,0,0,0,35,-46,31,21,-37,-11,-3,10,1,-1,0,-11,11,1,0,8,-5,1,-4,4,-4,4,-5,14,-1,1,-1,14,-15,-15,26,-4,9,4,-32,12,2,-4,2,-10,16,-33,12,-12,-2,18,21,26,59,-20,-1,-33,2,12,-27,-5,8,-26,18,-1,-2,-17,23,15,2,40,13,9,7,33,-7,10,8,1,-4,-19,0,4,3,2,25,-4,-18,19,1,0,15,10,-25,-3,2,7,15,9,-3,10,4,11,-11,-6],"closes":[0,9,1,33,-4,17,-28,-4,-2,2,-4,0,37,-2,-11,16,17,-28,-37,25,-11,4,0,2,3,-2,-13,21,22,-32,-7,-4,4,-4,4,8,1,0,0,54,-31,-6,-6,-1,4,13,4,-23,-6,4,-2,1,-3,13,-19,-11,-13,15,27,22,71,12,-46,2,-33,21,2,-36,1,-1,-1,-3,-4,-1,-5,57,-33,38,14,14,3,32,23,-15,23,-17,1,-1,-20,5,1,-1,28,6,-1,-5,-3,1,13,10,6,-29,-3,7,17,5,3,7,25,-10,8,-15,0],"volumes":[0.75,0.75,0.75,72.75,21.0,40.5,15.0,6.37,29.29,19.5,12.0,7.5,30.86,27.77,75.49,49.14,24.75,90.17,55.29,35.57,13.34,3.0,2.25,3.75,5.44,30.27,3.0,30.11,74.14,29.51,1.87,0.75,0.75,0.75,0.75,5.43,0.94,2.62,13.93,145.14,179.7,186.62,184.06,68.24,67.3,85.54,304.04,288.94,229.1,193.46,290.19,222.66,340.21,231.34,326.66,184.12,291.15,123.44,37.8,62.94,31.16,39.24,30.92,4.54,27.4,32.83,26.02,30.98,17.46,44.64,31.55,12.36,7.51,43.33,87.93,82.5,87.09,17.25,12.0,72.76,37.36,32.85,29.45,74.04,30.01,21.26,33.09,15.82,105.46,79.29,21.42,0.75,16.5,14.25,14.44,37.38,12.75,7.35,9.75,51.69,11.1,26.38,9.39,16.7,14.25,13.88,20.44,27.19,71.07,56.91,9.62,32.66,2.85]}