{"timestamp":1114905600000,"multiplier":1.0E-5,"open":1.19534,"high":1.19599,"low":1.19534,"close":1.19599,"shift":60000,"times":[1260,1,1,1,1,1,1,1,1,1,1,1,1,1,1,1,1,1,1,1,1,1,1,1,1,1,1,1,1,1,1,1,1,1,2,1,1,1,1,1,1,1,1,1,1,1,1,1,1,1,1,1,1,1,1,1,1,1,1,1,1,1,1,1,1,1,1,1,1,1,1,1,1,1,1,1,1,1,1,1,1,1,1,1,1,1,1,1,1,1,1,1,1,1,1,1,1,1,1,1,1,1,1,1,1,1,1,1,1,1,1,1,1,1,1,1,1,1,1,1,1,1,1,1,1,1,1,1,1,1,1,1,1,1,1,1,1,1,1,1,1,1,1,1,1,1,1,1,1,1,1,1,1,1,1,1,1,1,1,1,1,1,1,1,1,1,1,1,1,1,1,1,1,1,1,1,1,1,1],"opens":[0,71,-37,24,-2,-1,10,3,6,-14,4,8,-4,1,-11,8,-9,-4,14,-6,-7,2,15,15,-9,-3,10,-6,-16,2,-11,-27,19,-7,11,2,-17,9,13,-32,17,8,-16,-5,-8,13,15,-14,12,30,-22,-17,9,25,0,7,-10,-8,11,-20,8,-7,-9,5,8,-15,-20,30,-8,1,-30,-10,-6,6,14,-16,27,-30,14,-17,12,-2,32,-1,16,-1,4,0,9,13,-22,-3,2,13,-11,14,-12,11,23,8,-9,8,-27,11,16,11,-19,-17,13,-12,21,-16,22,-10,-14,-8,8,-3,3,-4,-22,15,2,19,-5,44,8,17,-30,8,-9,24,-6,26,-20,18,-3,-30,-18,43,-49,13,56,-27,20,-10,27,-22,9,-6,0,-2,24,-18,15,-14,5,-6,3,-13,-17,3,15,11,-6,-14,12,-6,18,-13,24,-13,0,6,9,4,0,-15,-10],"highs":[0,6,-25,18,-3,-5,9,8,5,-11,8,-3,3,-6,1,1,-14,1,9,-2,7,10,0,9,-8,3,3,-10,-5,-10,-6,-9,-4,-4,13,9,-16,2,11,-24,18,0,-10,-8,2,6,4,3,23,2,-22,1,35,-10,0,0,-7,-3,16,-26,-1,0,-4,-7,12,-8,3,2,-14,1,-12,-23,-2,16,-5,-2,28,-22,3,-18,5,39,-8,16,8,-15,4,13,6,3,-17,8,-12,11,-1,4,32,-23,13,12,-8,3,3,-5,3,10,-8,-14,1,-7,20,-8,8,-1,-13,-7,-3,0,20,-16,-5,35,-24,6,32,8,11,7,-18,-3,4,10,26,5,5,-5,-4,-20,6,15,-8,3,8,1,-9,10,7,2,-1,-1,3,-14,23,-9,4,-18,2,6,4,-12,-4,5,12,-15,-6,2,-4,10,2,2,11,-9,4,15,-6,7,-2,-5,-6],"lows":[0,59,-30,22,1,-3,5,6,6,-15,13,-17,18,-18,1,0,-7,0,19,-6,-2,-5,16,-5,11,3,-3,-14,-5,-13,6,-26,12,-4,12,6,-12,6,0,-17,19,10,-19,-10,0,9,-10,11,16,10,-24,5,9,-2,-1,9,8,-8,10,-24,6,-4,1,-10,3,-4,-9,17,-24,-16,8,-9,1,6,-15,12,18,-20,0,-20,14,13,10,17,5,-10,28,-6,-10,3,13,-6,-7,1,10,5,0,-3,11,5,8,-13,-1,16,4,16,-13,-18,13,-19,15,-3,-2,3,-3,-6,-4,2,6,-7,-14,3,15,19,-6,25,8,5,-3,-4,2,7,17,7,-10,14,2,-46,6,17,-30,20,24,-2,14,-7,2,-2,-36,40,14,-2,14,-13,11,-23,-1,7,4,-10,-11,4,11,6,-14,-1,-4,8,13,-9,4,14,-5,11,-5,4,-3,-1,-13],"closes":[0,1,-20,7,5,-8,14,3,-1,-13,16,-22,21,0,-5,-14,-4,-4,22,-5,9,14,-2,0,-10,7,13,-26,3,-27,4,4,-18,8,17,-11,-12,18,-4,-12,10,6,-19,-10,15,5,-9,20,15,-10,-24,14,15,11,-5,1,3,-4,19,-32,-7,-7,4,-13,6,-1,12,-10,-20,-12,0,3,-3,12,-21,10,22,-12,-18,8,5,39,-12,20,-9,-22,28,-1,-15,12,4,-6,4,-8,21,-8,21,-11,1,11,0,0,22,-6,-3,8,-5,-9,-3,-12,29,-7,-18,1,7,-16,2,8,0,-10,8,36,-24,6,31,1,14,-17,11,-3,4,2,34,-20,30,-14,1,-45,10,37,-5,-8,-14,15,0,8,-16,27,-19,-6,31,-10,8,6,-1,-20,-1,7,6,-25,2,6,22,-13,-14,12,-18,24,-6,-2,-4,13,6,10,1,-3,-1,5,-7],"volumes":[175.8,111.9,140.1,132.1,123.2,90.0,113.1,184.8,139.0,164.7,110.8,148.2,170.7,162.7,143.7,182.1,36.3,169.3,162.5,176.6,125.7,162.9,109.2,121.5,146.6,287.7,210.8,93.6,146.4,72.2,98.9,159.5,242.2,196.0,86.8,233.2,247.6,49.0,135.0,146.6,170.6,192.9,195.9,108.7,149.9,102.2,247.7,196.7,64.9,139.4,182.9,266.0,178.7,116.7,167.3,179.9,126.4,102.8,238.8,106.2,212.8,194.1,161.7,54.3,94.4,134.8,356.9,297.1,97.9,93.7,346.4,126.8,173.9,220.4,281.5,178.5,312.1,167.9,310.7,99.2,203.4,143.3,172.6,258.1,93.0,129.8,14.9,141.6,103.4,93.3,136.6,98.3,133.8,78.0,42.4,260.6,296.3,193.9,169.1,224.3,252.1,137.5,119.6,278.8,44.0,137.9,249.4,134.4,135.6,155.9,196.9,222.6,180.7,101.6,145.1,143.4,59.5,75.6,196.6,128.3,84.7,264.7,134.1,81.5,156.2,94.9,121.3,173.0,55.7,72.7,124.3,155.7,221.2,144.7,269.4,184.4,159.2,110.1,190.6,431.2,123.7,111.9,233.3,125.5,54.6,125.4,124.9,136.9,264.4,112.5,194.4,138.5,135.1,141.3,107.6,205.4,111.1,201.0,184.6,170.4,110.8,110.0,191.7,140.8,93.0,106.4,165.6,122.4,226.2,149.7,147.7,265.9,172.2,120.6,181.1,161.4,117.9,156.2,137.3]}