{"timestamp":1728172800000,"multiplier":1.0E-5,"open":0.67869,"high":0.6787,"low":0.67869,"close":0.6787,"shift":60000,"times":[1264,1,1,1,1,1,1,1,1,1,1,1,1,1,1,1,1,1,1,1,1,1,1,1,1,1,1,1,1,1,1,1,1,1,1,1,1,1,1,1,1,1,1,1,1,1,1,1,1,1,1,1,1,1,1,1,1,1,1,1,1,1,1,1,1,1,1,1,1,1,1,1,1,1,1,1,1,1,1,1,1,1,1,1,1,1,1,1,1,1,1,1,1,1,1,1,1,1,1,1,1,1,1,1,1,1,1,1,1,1,1,1,1,1,1,1,1,1,1,1,1,1,1,1,1,1,1,1,1,1,1,1,1,1,1,1,1,1,1,1,1,1,1,1,1,1,1,1,1,1,1,1,1,1,2,1,1,1,1,1,1,1,1,1,1,1,1,1,1,1,1,1,1,1,1],"opens":[0,1,-4,6,-2,1,-1,1,0,0,-1,1,0,-3,0,0,14,-3,6,1,-4,4,7,44,16,3,-4,0,0,3,-2,12,0,-16,-3,-1,0,0,14,0,3,-1,14,-11,5,-3,1,4,1,8,-1,-5,2,2,-2,0,1,-1,-26,14,31,3,-35,40,-8,5,-7,2,-7,-2,-13,8,28,11,19,-4,13,-17,9,-5,14,10,6,-2,2,-1,-5,-3,-14,8,-5,-21,2,0,-6,8,-6,2,6,0,0,0,3,7,5,-1,-4,-19,3,-4,5,6,1,-5,2,-4,0,5,-11,1,7,1,-1,2,-8,-4,-5,9,-12,2,-3,4,-11,-2,5,3,-7,0,3,-2,-11,-12,1,11,7,-5,2,5,-4,8,-4,-1,-5,3,-7,14,-15,8,-1,-1,-1,3,-3,1,-9,-6,0,-6,-6,0,17,12,-5,4,-8],"highs":[0,0,1,1,-1,0,-1,1,0,0,0,9,-6,1,-7,5,11,1,3,-2,-4,12,-1,65,-2,0,0,-4,4,-1,11,-1,1,-17,-3,-1,0,0,20,0,-3,-1,14,6,-12,2,31,-24,2,1,-2,-2,-1,2,-2,0,11,-9,-15,31,8,-3,5,1,-4,1,-6,0,-8,-2,-10,39,7,23,-1,5,5,-13,-1,13,7,9,6,-9,4,-4,-5,-5,-3,-3,-5,-20,1,0,1,3,-4,8,0,-2,0,1,7,4,6,-5,-5,-15,-1,8,-1,9,-7,1,-1,-3,7,-7,-8,11,-2,-1,-2,3,-6,-5,0,2,-10,2,1,-3,-9,1,4,2,-7,2,-1,-3,-10,-12,13,8,-2,1,2,-1,4,1,-5,-2,-1,-1,6,3,-8,1,-2,6,1,-6,1,-3,-6,-6,-4,-6,-3,13,14,0,-1,0,-9],"lows":[0,-4,1,5,-1,0,0,1,0,0,-1,0,1,-3,0,0,7,2,8,1,-6,1,12,44,14,5,-4,0,0,3,-19,29,-22,-28,30,0,0,0,1,13,3,-1,2,1,4,-2,-3,7,-6,9,1,0,2,0,0,-1,-15,-10,0,14,28,-31,1,33,0,-2,0,-6,-3,-7,-11,15,16,23,14,0,-3,-6,3,5,15,6,9,-7,5,-4,-15,-2,-3,4,-17,-1,-1,-7,3,5,-3,4,5,0,-3,0,5,7,1,-1,-18,1,-1,0,4,5,-5,2,-7,2,2,-10,3,2,3,3,-4,-1,-2,-8,3,-5,-1,3,-1,-4,-6,1,1,1,-3,-1,2,-8,-14,-5,7,10,2,1,2,-4,0,9,-2,-8,4,-5,0,1,-1,2,3,-2,2,-2,1,-8,-6,0,-9,-7,0,3,19,8,-1,-6,-11],"closes":[0,-5,6,1,-1,0,-1,1,0,0,0,-1,1,4,-7,5,11,-2,6,-2,-5,13,-1,62,-4,5,-4,0,4,-1,11,-1,-13,-6,0,-1,0,0,19,1,-3,-1,2,11,-6,3,-2,9,1,-3,-1,2,-1,0,0,0,0,-26,13,31,4,-33,39,-9,6,-6,1,-9,-2,-8,-1,34,12,18,-6,15,-18,10,-5,14,9,5,-1,3,-2,-7,1,-15,7,-5,-21,0,2,-6,7,-4,3,4,0,0,-1,4,6,5,0,-3,-21,3,-2,3,6,2,-3,2,-6,-2,8,-15,3,11,-2,-3,3,-7,-2,-8,9,-12,2,0,3,-9,-6,6,3,-6,-3,5,1,-13,-14,1,14,6,-5,-1,6,-3,9,-4,0,-11,8,-8,13,-13,7,1,-2,1,1,-5,4,-11,-7,1,-4,-9,0,17,14,-5,3,-9,-12],"volumes":[2.1,3.0,2.4,6.0,2.4,3.0,0.9,0.9,2.4,2.4,2.4,14.7,5.7,6.36,2.4,2.4,9.6,9.9,3.0,1.8,4.02,8.76,1.2,10.2,6.0,1.8,8.41,2.06,4.63,1.8,36.32,9.9,27.45,21.03,5.1,1.35,1.95,2.25,38.54,5.7,1.2,1.56,2.4,12.15,3.6,4.05,56.32,13.2,55.86,36.27,9.74,7.04,1.57,11.7,6.51,6.28,116.2,88.65,49.5,52.2,38.85,56.7,52.8,32.4,21.9,56.25,18.9,24.3,12.6,16.8,34.2,146.7,91.5,110.1,68.1,82.5,157.8,82.8,104.7,97.2,60.9,80.7,63.3,49.8,42.0,42.0,86.1,63.3,47.7,42.9,23.7,21.0,20.4,43.2,21.0,12.6,28.8,18.0,8.4,14.4,7.8,15.6,21.6,12.6,31.8,33.0,44.55,24.3,13.8,37.8,21.0,31.65,19.5,31.2,28.2,28.8,39.0,42.9,20.4,129.45,49.8,21.3,16.8,14.7,25.5,24.3,16.8,42.0,51.9,31.2,30.0,12.0,16.2,14.4,36.0,31.2,23.1,38.4,38.4,36.6,35.1,29.1,26.7,26.1,17.1,17.4,32.4,26.1,18.0,15.0,13.2,17.1,8.4,12.3,26.7,29.4,30.0,33.9,9.6,25.2,56.25,74.7,43.8,33.6,19.2,18.0,20.4,32.4,37.05,95.85,19.2,12.0,10.8,15.6,31.2]}