{"timestamp":1728172800000,"multiplier":1.0E-5,"open":1.35553,"high":1.35553,"low":1.35553,"close":1.35553,"shift":60000,"times":[1264,1,1,1,1,2,1,1,1,1,1,1,1,1,1,1,1,1,1,1,1,1,1,1,1,1,1,1,1,1,1,1,1,1,1,1,1,1,1,1,1,1,1,1,1,1,1,1,1,1,1,1,1,1,1,1,1,1,1,1,1,1,1,1,1,1,1,1,1,1,1,1,1,1,1,1,1,1,1,1,1,1,1,1,1,1,1,1,1,1,1,1,1,1,1,1,1,1,1,1,1,1,1,1,1,1,1,1,1,1,1,1,1,1,1,1,1,1,1,1,1,1,1,1,1,1,1,1,1,1,1,1,1,1,1,1,1,1,1,1,1,1,1,1,1,1,1,1,1,1,1,1,1,1,1,1,1,1,1,1,1,1,1,1,1,1,1,1,1,1,1,1,1,1,1],"opens":[0,64,-33,-32,14,-14,0,49,-8,-19,27,7,5,5,5,-10,-12,-33,58,-7,-5,1,-7,-11,17,6,69,5,0,4,1,-3,10,-6,-20,-90,122,20,0,0,0,-17,2,-2,9,2,0,8,-2,0,0,-6,0,6,0,4,8,43,-10,-40,3,41,-8,2,9,1,-3,2,1,17,3,-18,-3,-18,9,-19,12,-3,8,-5,-8,-2,-5,8,-5,-6,29,14,-10,-6,4,-5,9,-1,0,-3,-1,-8,-5,2,-3,-1,0,-6,3,1,10,1,0,0,-7,1,-1,1,3,0,4,13,-10,-1,2,0,-6,-1,7,6,-10,9,0,5,1,8,-4,-3,3,1,-1,-1,2,7,3,-4,-7,-2,0,7,-2,1,-7,4,2,5,-5,5,-3,-5,9,-6,1,3,-6,-4,0,3,7,3,5,4,10,-9,-14,-7,4,-5,5],"highs":[0,70,-39,11,-29,69,-35,11,-18,-19,50,3,3,-10,17,-14,-22,10,27,0,-11,-12,5,3,10,55,3,3,3,2,0,5,3,1,-27,30,12,10,3,-3,-1,-10,4,1,2,-1,7,1,-3,0,0,-1,1,0,31,-3,25,2,-11,-32,34,3,-5,9,-1,0,0,0,14,8,6,-16,-12,-9,0,-8,6,2,-2,-6,-3,-7,5,0,-6,26,13,0,-8,-6,-1,6,0,6,-9,2,-4,-9,-3,-1,-2,-1,0,-2,1,7,3,-1,0,0,-3,2,-1,4,3,-4,18,-4,-9,1,0,0,-8,6,2,4,0,5,-1,0,10,-1,-4,-2,3,0,1,0,5,4,1,-4,-7,0,7,-3,4,-3,-4,2,7,-2,1,-1,-3,3,0,-3,1,0,-5,-2,0,9,2,3,6,10,-1,-9,-13,-4,0,3,8],"lows":[0,26,-33,6,0,0,0,40,0,-18,20,-2,20,-20,10,9,-19,-24,53,-22,-6,22,-23,0,12,12,68,-9,19,3,-4,3,9,-25,-91,1,118,18,6,0,-17,-18,20,-4,11,2,0,6,0,0,0,-6,-4,10,0,0,12,30,-35,-3,4,18,15,2,8,-2,1,1,2,16,-21,5,-20,1,-13,2,10,-2,3,-6,-3,-9,5,3,-11,5,29,-2,5,-6,2,-2,6,2,-7,2,-7,-9,4,-2,0,-4,-3,-1,1,5,10,1,-5,-3,-3,3,0,1,4,-7,11,1,-6,7,0,1,-9,1,5,1,-1,9,0,2,4,5,-7,-1,2,3,0,0,3,2,5,-8,-3,1,-3,6,2,-7,0,3,4,0,0,0,-3,0,1,-1,4,-5,-4,-2,-1,8,4,6,5,4,4,-16,-8,-1,1,-1,3],"closes":[0,26,-33,47,-41,40,8,-8,0,-18,50,-18,8,6,-18,13,-17,13,11,-23,-1,17,-23,0,21,74,3,-1,8,1,0,6,3,1,-119,119,15,10,-1,0,-16,6,4,1,2,-1,6,-2,0,1,-1,0,1,-1,0,11,43,-10,-37,1,39,-5,3,6,2,-4,2,1,15,3,-10,-7,-20,10,-18,11,-3,7,-4,-8,-3,-5,10,-6,-9,31,14,-6,-4,-1,-3,7,0,0,-3,-2,-8,-6,4,-5,0,-1,-6,4,-1,11,3,-1,-1,-7,4,-1,3,4,-4,1,17,-12,-2,3,1,-2,-5,6,2,-5,9,1,3,0,9,-3,-5,2,2,-1,-1,2,7,3,-2,-8,-2,1,7,-2,0,-7,5,0,7,-5,5,-4,-5,9,-6,1,2,-4,-7,4,0,10,2,2,6,10,-6,-16,-7,3,-3,3,11],"volumes":[0.9,7.5,1.35,3.99,2.4,25.47,2.1,9.21,2.04,0.9,11.7,15.12,11.85,15.87,17.85,10.8,5.52,4.2,11.55,9.6,15.84,1.2,14.82,16.32,12.24,21.39,7.65,15.3,2.1,4.35,8.1,2.85,1.8,13.2,2.1,15.72,10.35,9.0,5.67,4.41,8.22,9.27,2.37,6.9,6.75,6.6,9.33,5.76,1.68,3.36,2.52,1.8,5.04,4.68,34.11,50.61,38.25,30.15,24.3,31.5,60.0,42.45,19.2,14.4,15.6,15.6,13.2,12.0,33.6,28.8,97.35,78.0,74.4,76.8,80.4,51.6,66.0,48.0,50.4,31.2,46.8,37.2,56.4,63.9,21.3,93.6,76.8,40.95,42.0,30.0,12.0,22.95,14.4,36.0,26.55,27.6,91.26,46.65,3.6,3.75,6.15,19.02,10.8,20.4,13.95,4.8,4.8,4.2,15.75,17.25,12.3,25.35,15.3,70.47,74.4,91.44,125.67,69.3,112.77,59.4,57.57,28.05,93.54,53.1,51.84,7.5,7.2,7.35,9.15,8.4,22.8,8.4,10.95,16.05,10.8,8.4,14.7,12.0,16.38,39.6,27.6,15.6,46.8,10.8,25.2,22.8,34.8,39.6,37.2,31.2,31.2,18.0,15.6,21.6,30.0,24.0,13.2,25.2,15.6,38.4,44.4,40.8,38.4,39.6,37.2,32.4,13.2,20.4,46.8,24.57,11.25,13.35,27.78,37.08,14.4]}