{"timestamp":1435449600000,"multiplier":1.0E-5,"open":1.56934,"high":1.56995,"low":1.56865,"close":1.56866,"shift":60000,"times":[1260,1,1,1,1,1,1,1,1,1,1,1,1,1,1,1,1,1,1,1,1,1,1,1,1,1,1,1,1,1,1,1,1,1,1,1,1,1,1,1,1,1,1,1,1,1,1,1,1,1,1,1,1,1,1,1,1,1,1,1,1,1,1,1,1,1,1,1,1,1,1,1,1,1,1,1,1,1,1,1,1,1,1,1,1,1,1,1,1,1,1,1,1,1,1,1,1,1,1,1,1,1,1,1,1,1,1,1,1,1,1,1,1,1,1,1,1,1,1,1,1,1,1,1,1,1,1,1,1,1,1,1,1,1,1,1,1,1,1,1,1,1,1,1,1,1,1,1,1,1,1,1,1,1,1,1,1,1,1,1,1,1,1,1,1,1,1,1,1,1,1,1,1,1,1,1,1,1,1,1],"opens":[0,81,-23,12,3,-39,20,-20,1,4,-101,-11,-47,25,-50,25,-70,-30,38,68,-13,-21,10,-19,1,5,19,4,10,5,-6,11,-30,-9,-17,14,1,-15,4,-36,-97,20,52,-8,63,-44,29,-55,46,88,45,9,9,-21,0,-2,-120,-37,97,-91,90,-20,77,-10,-151,9,77,-55,113,2,-51,-57,-7,148,16,78,20,-12,-21,-15,-130,27,-12,11,107,51,-99,83,11,14,-14,52,26,-50,60,119,54,-34,10,-18,1,-17,-56,42,-23,18,77,12,-67,-59,-16,-1,-17,-59,2,-1,20,6,-5,7,-1,31,0,44,-40,4,-1,-5,24,-8,28,18,-11,-7,-1,-19,-23,0,8,0,-7,19,5,-6,-8,-23,-8,-8,-52,10,-6,-26,-25,6,26,10,8,-28,13,-22,-10,-8,-2,23,22,-10,-28,-39,16,11,14,29,-46,-36,11,-23,-25,2,-7,-2],"highs":[0,75,-75,11,1,-18,-1,-9,0,-1,-102,1,-9,-29,-18,9,-67,9,53,-5,-13,-21,10,-6,11,1,10,7,7,10,-2,-8,6,-11,-41,4,1,5,-16,-28,-34,11,13,38,11,-12,-4,-2,94,18,45,-8,70,25,-64,17,-41,-63,9,85,-95,72,-23,-50,-78,31,-15,137,-62,-18,-51,-20,111,67,46,87,-37,-68,-14,-1,-70,-12,-44,108,52,-1,17,98,-89,13,38,42,-14,-22,121,87,-35,-21,2,13,-35,-13,-18,5,-7,75,11,9,-71,-64,-11,9,-32,-50,-5,17,22,-12,9,-8,28,13,37,-7,-37,13,-9,16,0,37,0,0,-11,-7,0,-18,-25,12,-1,0,9,5,2,-8,-7,-24,-6,-10,-42,3,-3,-16,-32,32,1,14,-6,-12,-3,-22,-10,-6,21,24,-3,-10,-29,-18,5,16,69,-41,-46,-13,-12,-23,-22,2,13,-11],"lows":[0,124,0,9,-143,96,15,2,0,-96,-15,-55,-60,40,-19,-19,-30,0,38,49,-13,-20,-5,-4,7,-5,31,-8,24,7,-1,-35,1,-11,-3,14,-15,-4,-41,-94,-4,16,44,23,9,-14,3,-71,31,169,33,-2,27,-155,114,-49,-127,42,-1,7,-84,154,62,-146,-11,-75,111,6,89,-27,-55,-30,23,138,26,56,24,-27,-36,-99,2,11,-6,21,94,-59,24,67,17,-19,23,58,-23,-14,59,128,6,19,-6,-4,-28,-42,0,-3,21,19,33,-42,-30,-20,-17,2,-58,2,-5,4,22,-1,0,9,-9,33,6,11,-12,8,-22,9,24,0,18,14,-11,4,-24,-25,-4,-4,18,-3,0,14,-1,-17,-16,2,-8,-54,0,6,-28,-23,-19,25,26,9,-24,5,-9,-10,-13,-4,6,24,8,-39,-33,8,16,10,12,-13,-47,11,-12,-40,5,3,-15,2],"closes":[0,123,1,15,-39,22,-20,0,5,-101,-11,-39,5,-39,26,-70,-30,38,68,-11,-20,-5,-7,-2,9,18,6,-1,11,-2,8,-29,-13,-13,11,0,-12,8,-47,-75,11,52,-5,61,-54,36,-52,53,76,41,13,4,48,-53,-13,-72,-111,122,-90,233,-163,77,-11,-148,7,76,-54,111,4,-51,-55,-9,155,10,77,14,-6,-21,-15,-130,33,-17,8,109,51,-99,83,7,19,0,37,49,-72,59,121,51,-32,12,-19,4,-27,-51,41,-22,18,74,15,-73,-51,-18,-1,-17,-58,2,-2,20,6,-5,7,0,30,-6,49,-32,-5,3,-17,32,-5,31,14,-10,-8,-1,-20,-22,0,10,1,-10,19,5,-6,-8,-23,-7,-9,-54,12,-6,-26,-25,9,25,7,9,-28,13,-22,-9,-9,-2,23,22,-11,-27,-41,21,6,16,30,-47,-39,16,-25,-25,2,-7,-2,-13],"volumes":[16.5,17.24,8.99,14.25,29.5,46.5,30.25,114.25,67.25,47.74,71.25,45.25,82.99,22.0,57.75,120.47,103.44,154.03,81.37,26.25,12.5,13.75,21.37,62.05,109.13,77.18,32.0,23.0,27.26,37.21,51.08,72.39,55.72,66.0,39.73,5.02,56.84,43.95,61.62,126.11,95.45,65.64,60.57,111.92,102.1,90.96,153.44,135.81,171.73,59.57,57.75,104.25,119.0,140.72,55.75,72.7,87.54,29.49,75.35,20.68,145.9,141.4,70.81,97.47,319.98,138.7,100.05,146.83,97.27,92.15,81.5,148.79,148.05,226.08,159.09,130.02,68.62,99.59,66.64,194.57,174.68,147.03,135.37,101.74,97.18,137.89,149.19,157.87,237.13,167.36,114.81,150.59,103.6,131.74,181.73,168.78,80.54,27.48,40.7,81.09,45.35,84.83,104.39,109.88,38.27,65.42,127.13,130.47,71.98,40.5,29.5,32.62,53.89,24.86,40.88,52.0,59.97,33.58,33.12,14.23,63.22,31.47,54.32,46.69,54.13,32.0,26.87,49.7,25.49,47.31,39.99,28.31,26.87,16.0,52.84,44.05,40.21,31.07,12.0,26.26,33.13,22.63,39.64,34.57,47.36,53.68,52.02,30.9,52.63,20.45,49.45,91.31,51.82,43.73,65.23,63.22,78.05,64.69,61.52,33.12,46.5,83.87,73.2,64.3,32.2,76.83,99.0,43.33,26.0,25.25,81.57,51.48,43.76,42.55,58.8,86.1,45.29,48.03,53.62,53.22]}