{"timestamp":1701561600000,"multiplier":1.0E-5,"open":0.89957,"high":0.89992,"low":0.89929,"close":0.89992,"shift":60000,"times":[1320,1,1,3,1,1,1,1,1,1,1,1,1,1,1,1,1,1,1,1,1,1,1,1,1,1,1,1,1,1,1,1,1,1,1,1,1,1,1,1,1,1,1,1,1,1,1,1,1,1,1,1,1,1,1,1,1,1,1,1,1,1,1,1,1,1,1,1,1,1,1,1,1,1,1,1,1,1,1,1,1,1,1,1,1,1,1,1,1,1,1,1,1,1,1,1,1,1,1,1,1,1,1,1,1,1,1,1,1,1,1,1,1,1,1,1,1,1],"opens":[0,36,-2,-1,1,4,-10,-1,24,-54,46,14,34,-88,25,1,-12,8,-18,25,-9,-4,5,-2,-15,-18,4,-4,5,1,7,0,24,2,-3,2,0,-1,0,9,-3,16,0,-2,1,-16,-8,8,9,-7,4,0,2,-13,26,-3,-4,-11,3,84,-55,2,5,22,5,-16,-13,-2,27,12,-4,11,-3,14,9,14,21,8,-21,19,4,-4,-8,8,-3,26,5,-1,-9,14,-6,-11,18,-4,-16,-3,-9,-6,14,-1,-10,-8,5,3,11,8,5,6,-13,-3,1,-8,3,-2,22,-21,-8,14],"highs":[0,1,-2,-1,6,0,-11,24,1,-10,66,-18,0,-39,-23,0,-1,5,-1,0,-5,-7,5,-3,-13,-13,-3,0,8,0,1,15,12,1,-3,0,0,0,8,0,13,3,-3,-1,2,-13,-4,21,28,-4,-32,-1,-1,12,4,4,-4,-7,73,0,-39,12,0,11,-6,-19,-12,30,7,-1,10,1,8,9,26,18,4,-1,1,4,0,-4,-8,4,20,7,15,-16,18,-16,-6,13,-3,-3,-17,1,-6,0,7,-10,-9,3,-2,14,6,2,7,-1,-10,1,7,-13,-2,17,0,-17,4,-2],"lows":[0,61,0,0,1,4,-12,-8,-22,0,46,14,-54,-1,27,-24,11,-7,-1,10,-7,5,3,-11,-2,-19,0,3,5,1,7,-1,24,0,0,0,0,-3,4,8,-2,15,-12,-1,-6,-5,0,3,6,-26,28,-2,-6,0,18,-18,-3,8,3,30,-9,13,4,22,-28,1,-3,4,28,-3,2,16,0,7,13,17,21,-16,-14,23,12,-7,-1,3,2,17,2,3,-1,5,-10,-1,14,-12,-7,-3,-17,9,12,-15,0,-10,14,1,13,7,3,-3,-7,-1,-1,-7,-2,8,-1,-12,6,-6],"closes":[0,1,-2,-1,6,0,-12,25,-56,47,14,34,-69,7,0,-12,8,3,4,-6,-7,-4,5,-13,-2,-9,-4,1,2,0,7,12,15,-4,2,0,-2,1,8,0,14,0,-1,0,-17,-7,8,8,-7,4,0,3,-12,25,-2,-17,1,3,80,-49,2,5,21,1,-15,-15,2,26,13,-4,14,-7,16,6,16,22,8,-25,23,4,-5,-6,5,-3,28,5,-1,-9,14,-12,-7,20,-4,-15,-4,-9,-7,15,-4,-10,-5,4,4,12,7,4,4,-10,-2,-3,-4,2,-3,22,-23,-7,15,-12],"volumes":[9.9,3.6,6.3,1.2,22.44,13.6,14.68,31.39,59.94,54.12,89.15,31.71,71.4,117.92,54.88,86.53,34.13,53.12,50.35,72.45,46.63,20.4,42.0,36.26,5.35,7.98,18.44,19.88,20.4,12.32,3.15,20.02,25.05,49.95,87.87,27.0,11.55,24.6,18.72,3.6,53.9,37.2,34.4,20.05,51.56,55.96,52.8,179.33,152.27,156.62,104.04,96.73,151.84,188.65,122.04,177.74,149.0,94.47,159.1,117.0,142.05,136.05,121.35,92.55,108.45,91.2,69.45,104.55,48.6,33.6,60.45,37.8,29.4,45.45,138.6,142.8,93.75,121.8,138.0,160.8,134.7,88.8,33.6,32.4,69.0,191.26,194.34,67.65,118.5,69.51,42.72,85.68,85.08,61.2,54.0,37.2,82.65,48.6,40.8,76.65,26.4,47.4,24.12,33.6,25.2,24.0,25.2,60.66,52.92,59.06,92.48,46.92,55.32,35.4,43.2,57.0,40.8,71.1]}