{"timestamp":1630800000000,"multiplier":1.0E-5,"open":0.74531,"high":0.74531,"low":0.74514,"close":0.74515,"shift":60000,"times":[1267,1,1,1,1,1,1,1,1,1,1,1,1,1,1,1,1,1,1,2,1,2,1,1,1,1,1,1,1,1,1,1,1,1,1,1,1,1,1,1,1,1,1,1,1,1,1,1,1,1,1,1,1,1,1,1,1,1,1,1,1,1,1,1,1,1,1,1,1,1,1,1,1,1,1,1,1,1,1,1,1,1,1,1,1,1,1,1,1,1,1,1,1,1,1,1,1,1,1,1,1,1,1,1,1,1,1,1,1,1,1,1,1,1,1,1,1,1,1,1,1,1,1,1,1,1,1,1,1,1,1,1,1,1,1,1,1,1,1,1,1,1,1,1,1,1,1,1,1,1,1,1,2,1,1,1,1,1,1,1,1,1,1,1,1,1,1,1,1,1],"opens":[0,-20,5,-2,-4,0,1,-6,-10,0,9,-6,4,3,-2,0,1,1,-1,0,0,0,-1,0,1,0,-1,-2,-3,1,0,16,-3,-6,1,-1,0,4,-3,-1,3,-2,-3,-1,0,5,-6,-1,2,2,1,13,0,23,-8,-1,9,1,-1,-3,-1,1,0,1,-20,3,-1,1,1,-1,-1,-1,5,-11,5,0,-1,-6,1,-9,-3,1,0,-1,5,6,-3,-4,-4,5,-9,-2,-6,-3,12,-1,0,3,-3,5,2,-5,-5,-5,8,5,0,0,-4,-3,1,3,-3,6,7,-1,-1,3,4,-5,4,-8,2,-3,-1,-6,-5,12,1,-7,-5,3,-2,0,2,1,-7,3,1,-1,-1,0,0,-3,-7,-9,9,-1,-1,3,-3,-3,3,3,-4,2,-6,1,-5,-9,-11,0,4,-4,-5,1,-3,0,-7,-9],"highs":[0,-16,1,-1,-5,1,0,-6,-9,12,-4,-2,0,6,-2,-2,0,1,0,0,-1,0,0,-1,1,0,3,-5,-3,0,1,15,-3,-5,0,0,1,2,-3,2,0,-2,-3,0,1,3,-6,1,6,-3,24,14,-3,1,-8,5,4,0,-1,-2,-1,0,0,1,-16,2,-3,2,-1,0,-1,2,1,-6,0,0,0,-5,0,-10,-2,3,-3,0,11,7,-9,0,-4,0,-8,-2,-8,9,0,0,6,0,0,2,-2,-5,-5,3,4,1,8,-8,-3,-2,2,5,-2,5,4,-3,1,9,-4,0,-1,-2,-3,-4,-1,-6,8,2,-2,-7,1,-1,-3,1,3,-2,-2,-1,0,-1,1,-2,0,-2,-8,-2,3,0,0,0,-3,-2,5,3,-4,3,-8,-1,-4,-9,-12,13,-7,-5,-5,0,-2,-1,-5,-7],"lows":[0,-4,4,-3,-1,0,1,-16,0,0,4,-1,2,-1,4,0,1,1,-3,2,0,-1,-1,1,1,0,-2,-4,0,0,0,13,-2,-3,1,-2,1,1,-1,-1,1,-2,-1,-1,1,-1,0,-2,3,2,0,11,3,14,-1,1,9,0,-3,0,-1,1,0,-18,-3,4,0,-4,6,-5,2,0,-7,-2,8,0,-4,-5,-5,-7,2,-2,4,-1,4,0,-5,1,-3,-1,0,-3,-9,1,12,-2,1,0,0,5,-4,-5,-7,3,8,5,0,-4,0,-4,2,2,-3,7,4,-1,2,2,-3,3,-3,-2,-4,4,-5,-8,1,12,-5,-10,4,2,-2,0,3,-8,2,3,1,-2,-1,1,-1,-11,-8,-3,10,2,-3,0,-1,-5,7,4,-6,-3,1,-8,-5,-11,-7,7,-1,-4,0,-2,-6,-1,-9,-5],"closes":[0,0,-1,-3,-1,1,0,-16,1,8,-4,2,-2,8,-5,1,0,1,0,0,-1,-1,-1,1,1,0,-2,-3,0,-1,1,12,-2,-2,0,0,1,-1,-1,3,-3,-2,0,-1,2,-3,0,0,6,-3,11,7,17,-6,-2,6,5,0,-4,1,-1,0,0,-18,2,1,-1,1,0,-1,0,2,-8,3,0,0,-4,-1,-9,-6,3,0,0,-1,12,-8,-3,-1,5,-8,0,-4,-9,12,1,-1,3,-3,6,1,-6,-3,-8,10,4,1,1,-4,0,-2,1,0,4,5,3,-5,4,5,-7,7,-8,3,-7,2,-5,-8,12,4,-7,-8,4,-1,-2,2,4,-11,6,0,0,-2,-1,1,-1,-9,-10,8,-1,2,2,-4,-1,0,5,1,-6,-2,1,-5,-10,-11,-3,9,-5,-6,1,-3,-2,-3,-10,-5],"volumes":[4.75,6.75,2.5,3.0,2.0,2.0,3.0,9.62,15.5,13.5,10.81,15.24,7.5,21.37,5.0,5.5,1.0,2.0,6.0,3.0,1.25,4.5,8.0,3.0,1.25,4.5,18.37,16.5,124.0,161.22,139.29,10.0,4.0,3.5,1.5,8.0,4.5,3.5,2.5,21.0,20.0,16.0,16.25,25.5,16.0,5.74,2.5,5.0,5.5,8.5,6.92,29.65,31.62,17.04,5.82,4.67,0.93,4.69,3.39,3.76,3.38,1.5,4.38,24.79,18.34,11.49,4.37,12.61,1.25,30.14,8.18,4.87,19.37,12.01,2.12,1.0,10.38,12.41,15.93,27.96,8.68,47.63,9.19,32.94,19.06,27.8,25.18,20.81,35.54,33.12,8.37,26.53,23.4,28.18,2.12,13.12,23.44,16.25,13.57,8.45,7.69,12.18,29.34,7.76,19.74,7.25,14.62,11.0,8.44,9.94,7.5,22.56,23.51,19.57,22.82,21.2,13.5,46.01,31.69,24.62,16.43,15.38,29.31,4.19,9.19,22.57,25.07,5.0,33.45,33.49,44.94,22.38,6.63,9.5,27.88,22.26,9.88,3.88,1.0,5.76,18.87,1.69,9.07,56.84,36.15,50.3,16.48,8.44,13.39,11.1,5.52,8.21,10.94,6.13,22.26,76.87,20.1,45.25,34.44,69.46,70.33,67.56,34.07,19.57,6.76,26.25,31.82,37.71,51.21,34.98]}