{"timestamp":1632614400000,"multiplier":1.0E-5,"open":0.91676,"high":0.9169,"low":0.91676,"close":0.91685,"shift":60000,"times":[1265,1,6,3,2,1,1,1,1,1,1,1,1,2,1,1,1,1,1,10,1,1,1,6,8,1,1,1,1,1,1,1,1,1,1,1,1,1,1,1,1,1,1,1,1,1,1,1,1,1,1,1,1,1,1,1,1,1,1,1,1,1,1,1,1,1,1,1,1,1,1,1,1,1,1,1,1,1,1,1,1,1,1,1,1,1,1,1,1,1,1,1,1,1,1,1,1,1,1,1,1,1,1,1,1,1,1,1,1,1,1,1,1,1,1,1,1,1,1,1,1,1,1,1,1,1,1,1,1,1,1,1,1,1,1,1,1,1,1,1,1,1,1,1,1],"opens":[0,9,21,-44,60,6,-4,1,-91,83,18,2,-1,0,-1,16,0,-1,-60,103,0,0,71,-11,-8,-1,1,1,16,3,-5,-5,-1,1,-13,1,3,-8,4,3,-3,14,-1,-6,6,13,-7,2,-10,4,4,-2,2,-5,-5,-2,18,5,-5,-3,-10,-5,3,7,9,3,6,-1,4,-1,5,6,-10,-9,2,-2,-3,5,7,1,-7,-2,2,-2,1,1,0,-1,6,-5,2,4,3,3,0,17,-6,-2,4,13,-13,-3,2,-8,7,-4,0,0,1,2,-5,3,-3,1,9,-6,-2,3,-4,2,-6,6,-1,0,-6,-2,6,5,6,-5,-11,7,-6,2,-2,3,-1,12,-9,-4,1,18,5,0,-18],"highs":[0,17,4,11,6,0,-3,0,-7,-1,20,0,0,-1,15,0,0,-1,-58,101,0,49,25,-14,-8,31,-23,10,4,6,-10,-8,0,0,-6,-3,0,-6,9,-2,11,-1,-2,1,14,-2,-6,3,-5,8,-5,-2,0,-1,-5,13,5,5,-3,-11,-4,-8,8,8,7,3,5,-1,-2,4,9,-2,-10,-7,-1,2,-2,7,4,-3,-5,-3,1,3,-1,-2,0,8,-1,-3,4,4,1,2,13,3,0,0,8,-1,-11,-4,1,-4,3,1,1,-6,3,0,-1,1,-3,10,-2,-6,1,1,-2,-1,0,2,-2,-1,-6,5,12,-3,1,-5,-3,-1,-4,3,-5,3,11,1,-10,-3,19,15,-4,-7,-11],"lows":[0,9,21,-44,60,3,-1,1,-93,85,2,18,-2,1,-1,16,-1,-63,3,103,-1,1,40,1,11,-13,-3,14,19,-2,-5,-2,0,-10,-2,-2,-11,7,7,-5,5,9,-2,0,1,12,-6,-8,2,7,2,-3,-2,-3,-2,0,13,-1,3,-14,-4,0,6,7,9,3,5,0,2,-4,10,-5,-9,-2,1,2,-3,3,7,-3,-5,2,0,0,-1,-7,5,4,1,0,2,2,0,7,1,11,-3,1,3,-3,-1,-1,-4,0,8,-4,0,0,-1,-2,1,-1,0,2,4,-11,1,4,0,-3,-1,4,3,-7,-2,1,6,5,-6,-5,0,1,0,1,0,-5,7,1,-4,1,-1,17,9,-23,4],"closes":[0,22,4,11,5,-2,0,0,-8,0,20,0,-2,1,14,1,0,-62,3,101,-1,50,-9,1,11,-12,13,14,4,-4,-5,-2,0,-9,0,1,-6,0,5,1,8,4,-8,7,11,-4,-1,-10,6,3,-2,2,-7,-1,-3,17,6,-4,-5,-7,-9,4,8,8,4,5,-1,3,1,4,6,-11,-8,2,-2,3,-1,6,0,-4,-5,3,-1,3,-4,3,-3,9,-5,0,5,2,5,-1,16,-5,-2,3,14,-13,-3,1,-8,4,4,-3,-1,0,2,-5,4,-4,0,13,-7,-4,1,-2,1,-4,6,-1,0,-6,-3,6,6,5,-4,-11,8,-6,1,-2,0,-1,14,-9,-5,3,18,5,2,-20,-1],"volumes":[2.46,3.49,3.75,8.99,3.75,2.25,4.5,1.5,12.25,0.75,6.75,0.75,4.5,1.5,2.25,0.75,6.0,5.5,5.0,1.0,2.0,6.0,12.0,1.44,0.49,72.34,31.8,25.43,5.61,12.37,15.35,1.5,5.24,6.0,19.1,12.92,50.35,7.5,29.87,21.06,21.31,19.69,17.56,7.25,13.25,12.0,25.0,35.31,15.13,17.06,11.5,15.75,17.5,34.99,18.56,49.37,35.74,36.35,19.12,41.38,23.38,26.35,24.36,13.5,26.75,14.62,13.0,12.12,6.0,19.36,19.36,13.62,15.96,18.24,15.12,5.87,8.33,9.12,18.0,11.0,14.96,8.25,7.0,12.25,11.07,66.54,18.24,25.26,23.1,8.12,21.96,20.0,26.72,17.5,48.1,56.46,45.98,38.1,52.58,27.24,27.24,4.5,12.5,6.5,1.0,19.12,13.96,4.74,6.12,6.0,5.62,10.0,9.74,9.12,7.6,23.79,21.64,11.4,12.6,13.02,20.44,17.2,5.1,9.68,12.26,17.82,29.42,19.38,29.25,32.98,17.79,15.1,5.52,9.52,2.32,21.9,28.54,33.89,13.04,10.44,51.72,66.12,29.5,31.68,30.9]}