{"timestamp":1630800000000,"multiplier":1.0E-5,"open":0.93244,"high":0.93244,"low":0.93244,"close":0.93244,"shift":60000,"times":[1270,2,1,1,1,1,1,1,1,1,1,1,1,2,1,1,1,1,1,1,1,1,1,1,1,1,1,1,1,1,1,1,1,1,1,1,1,1,1,1,1,1,1,1,1,1,1,1,1,1,1,1,1,1,1,1,1,1,1,1,1,1,1,1,1,1,1,1,1,1,1,1,1,1,1,1,1,1,1,1,1,1,1,1,1,1,1,1,1,1,1,1,1,1,1,1,1,1,1,1,1,1,1,1,1,1,1,1,1,1,1,1,1,1,1,1,1,1,1,1,1,1,1,1,1,1,1,1,1,1,1,1,1,1,1,1,1,1,1,1,1,1,1,1,1,1,1,1,1,1,1,1,1,1,1,1,1,1,1,1,1,1,1,1,1,1,1,1],"opens":[0,-32,6,52,-13,0,-1,13,16,-9,15,1,0,1,10,-10,-1,0,-1,-1,-1,0,3,0,-12,2,3,2,-1,-2,9,1,-1,0,1,1,0,1,0,1,-3,1,2,-4,8,13,8,1,2,34,8,-8,1,8,0,3,-9,-1,2,-2,-1,-8,0,1,-2,2,-2,19,-5,-1,-10,2,-4,1,-3,-1,-5,-2,1,-18,0,0,9,-8,2,0,1,-4,2,-11,-1,8,1,-3,-3,-1,5,3,-7,7,-4,8,3,-2,-12,-3,0,6,-2,-1,-1,6,-2,-1,1,3,-11,7,-2,-1,-3,-2,-5,-1,8,-2,-9,3,4,-1,1,-2,-2,-11,6,1,1,-3,3,-1,2,-1,1,6,-3,-1,3,-7,-1,-2,3,8,-3,0,-4,1,-3,-5,-10,0,4,-1,-2,-1,-6,-1,-3,-10],"highs":[0,-27,61,-8,-13,0,15,13,0,6,5,-4,2,11,3,-15,-1,0,-1,1,-2,2,0,0,-9,1,1,2,8,-11,11,-1,1,0,0,0,6,-3,0,-1,-3,3,1,-5,19,15,-4,21,34,-9,-2,-7,9,5,-5,2,-8,-1,1,-2,2,-8,0,-2,5,-5,21,-4,-3,-3,-8,0,-2,2,-4,-1,-6,1,-1,-20,0,9,2,-5,9,0,-5,-6,-2,-10,9,-1,-1,0,-2,2,4,-3,-2,3,6,1,1,-3,-11,-4,6,0,4,-7,7,0,-4,1,4,-3,-1,1,-3,-4,-3,-1,-5,9,-3,-2,-4,5,-2,0,1,-1,-5,-4,1,-1,1,0,0,-1,5,3,0,0,2,-3,0,-7,-1,0,10,0,-2,4,-7,-2,-2,-3,-8,4,-5,-1,-2,-1,-5,-2,-3,-5],"lows":[0,-32,6,38,0,-23,-1,37,7,0,15,0,0,0,-1,2,0,0,-2,-2,-1,2,3,-11,-1,2,3,1,0,-2,9,0,0,-1,1,-3,3,2,0,-2,1,1,-3,0,9,13,6,-5,1,38,8,-3,1,8,-3,-5,0,1,0,-1,-8,-3,1,1,-2,2,0,12,-1,-10,-4,5,-1,-2,-2,-4,-4,0,-17,1,0,1,-1,-5,9,-3,0,-2,-2,-7,0,9,-5,0,-2,0,6,-3,-6,7,1,7,2,-13,-1,-2,1,4,-1,-6,5,1,2,-1,-4,-3,1,6,-2,-8,3,-4,-5,3,4,-7,-3,5,3,1,-2,-2,-14,0,9,2,-4,2,2,-2,1,0,-2,6,1,-2,0,-4,-5,4,3,3,-1,-2,1,-7,1,-12,-6,7,0,-1,1,-6,-6,0,-10,-4],"closes":[0,-27,52,-12,0,0,14,12,-7,15,1,-1,2,12,-15,2,0,0,-2,1,-4,4,1,-10,1,1,1,1,3,-5,10,-1,2,-1,1,-2,2,1,1,-3,0,3,-5,0,20,8,2,-7,43,8,-3,-4,10,4,-4,-5,-4,1,0,0,-9,2,-1,-1,6,-6,19,-6,2,-11,0,-3,1,-2,-2,-4,-6,4,-19,0,-1,8,-8,5,1,-1,-4,3,-5,-8,8,1,-6,0,1,5,2,-7,3,-1,8,4,-2,-14,-1,0,4,1,-2,-2,8,-3,-2,1,3,-12,10,-3,1,-7,-1,-4,-3,9,-1,-10,2,5,0,0,-2,-1,-16,10,1,0,-2,3,-1,0,2,0,6,-4,2,1,-5,-4,0,1,9,-3,-2,0,0,-2,-6,-10,-4,8,-3,-1,-1,-6,1,-5,-9,-7],"volumes":[2.0,6.5,4.75,5.0,5.0,6.0,7.5,15.0,22.0,13.5,7.0,5.5,7.0,10.0,36.98,3.0,2.5,1.0,2.0,16.0,3.9,8.6,1.5,21.75,3.75,4.8,1.0,4.95,8.75,1.25,7.85,2.0,4.8,29.4,24.0,23.8,34.95,42.75,22.0,16.95,1.0,14.0,9.0,3.0,6.75,23.64,16.34,27.22,54.77,35.77,10.24,2.25,2.59,4.27,9.74,5.78,11.22,3.74,3.12,5.36,25.4,17.86,14.74,6.0,19.28,9.12,45.66,14.74,15.42,20.86,31.48,4.5,9.36,16.0,14.37,14.5,31.67,29.5,56.8,7.5,15.0,14.62,18.0,30.42,12.62,32.31,52.18,13.5,26.19,21.51,21.5,5.5,14.13,13.75,25.87,11.36,6.57,5.0,17.79,17.34,10.24,12.5,6.0,34.14,9.12,5.12,14.12,5.0,20.44,31.52,21.9,32.88,14.0,16.94,59.97,32.97,21.79,12.11,22.72,31.42,6.24,7.0,15.93,23.04,17.17,26.92,50.56,40.5,23.69,9.48,11.98,29.31,24.65,19.09,7.25,2.75,12.57,14.69,2.6,5.12,35.45,38.12,33.8,22.37,21.9,9.32,11.42,7.46,12.74,3.34,19.97,14.14,22.24,46.27,18.87,27.87,29.33,39.23,56.63,56.29,34.9,30.62,4.2,24.74,39.53,33.01,52.71,49.21]}