{"timestamp":1632009600000,"multiplier":1.0E-5,"open":0.92648,"high":0.92648,"low":0.92644,"close":0.92644,"shift":60000,"times":[1264,1,1,1,1,1,1,1,1,1,1,1,1,1,1,1,1,2,1,2,1,1,1,1,1,1,1,1,1,1,1,1,1,1,1,1,1,1,2,1,1,1,1,1,1,1,1,1,1,1,1,1,1,1,1,1,1,1,1,1,1,1,1,1,1,1,1,1,1,1,1,1,1,1,1,1,1,1,1,1,1,1,1,1,1,1,1,1,1,1,1,1,1,1,1,1,1,1,1,1,1,1,1,1,1,1,1,1,1,1,1,1,1,1,1,1,1,1,1,1,1,1,1,1,1,1,1,1,1,1,1,1,1,1,1,1,1,1,1,1,1,1,1,1,1,1,1,1,1,1,1,1,1,1,1,1,1,1,1,1,1,1,1,1,1,1,1,1,1,1,1,1,1],"opens":[0,-28,0,0,0,19,-17,36,-10,4,-2,2,12,0,-24,5,2,4,-1,-4,15,-21,-11,50,-11,1,-1,-29,34,4,-27,0,36,-10,4,-25,29,-29,0,7,-7,-1,34,-35,-39,-2,14,0,-10,-4,-5,4,26,37,-62,114,12,-5,-3,6,6,9,-3,-2,-6,7,-9,16,2,-11,2,-9,12,0,4,-5,9,-10,-1,-8,0,-2,1,-3,-2,19,1,4,-21,5,1,-1,0,7,-1,11,2,6,-3,-3,7,-8,-2,2,-4,-2,19,6,-9,2,-11,-13,-15,-2,-5,-10,3,6,7,-6,0,1,3,0,-1,-3,-5,3,-3,-4,-1,0,-6,-3,2,0,14,4,6,-4,2,3,4,-2,-3,0,4,1,-8,2,8,0,-2,-5,-13,1,0,-6,6,4,-4,3,-3,4,9,-8,4,10,-2,-2,-4,-6,-1],"highs":[0,-28,0,0,27,2,-5,17,2,-11,-1,23,-10,10,-19,-4,0,4,-5,10,13,-3,5,4,-8,-2,2,3,1,2,-27,1,35,-6,0,-24,28,-2,0,-20,19,13,-5,-10,-65,73,-61,61,-2,0,-72,61,2,2,52,20,-8,-8,-2,11,8,2,-5,-2,6,-5,10,5,-5,-1,-9,-1,7,-1,3,4,-1,-4,-4,-9,-2,-1,0,0,16,1,4,-2,-16,2,1,1,4,0,10,2,9,-3,-2,2,3,-8,0,-2,-5,27,-2,-2,2,-9,-9,-15,-11,-2,-6,-10,12,-3,6,-8,2,0,5,0,0,-6,2,-5,-2,-5,0,0,-4,-2,-2,15,-1,7,8,-4,0,5,-1,1,-5,2,3,7,-15,12,-1,0,-4,-4,-9,1,-5,3,1,3,-3,5,-6,12,-2,-1,7,1,-2,-3,-4,-5,4],"lows":[0,-24,0,-1,1,0,2,14,1,15,-2,2,12,-31,7,5,2,4,-1,-4,-6,-16,5,-10,-2,10,4,8,2,7,2,-1,1,1,3,1,24,-25,1,0,-1,0,-2,-32,-7,-1,11,-6,-1,-11,-37,-90,130,-21,14,125,3,-1,1,5,8,6,-9,0,1,-1,-1,11,-9,-8,5,1,7,-2,4,2,-3,1,-7,-4,2,-3,-5,-2,3,20,-1,-17,3,5,0,-3,3,5,1,7,6,2,-4,1,0,-3,1,-6,1,1,16,0,0,-14,-19,-4,-4,-6,-6,-6,8,6,2,-5,0,4,2,-1,-4,1,-8,5,-6,0,0,-5,-2,-9,8,1,12,7,3,-2,3,1,-2,1,1,-3,6,-7,1,3,6,0,-4,-14,0,0,-5,0,6,1,-1,3,-5,4,3,-1,5,8,-2,-5,-4,-7,2],"closes":[0,-24,0,-1,28,-27,17,1,25,-11,-1,23,-10,-31,22,-5,1,3,-4,10,6,4,-38,-13,50,0,-38,11,33,-25,0,0,28,-24,0,2,24,-26,6,-4,-1,34,-37,27,-66,11,2,-9,64,-73,3,63,2,-77,128,7,-5,1,2,9,9,-2,-4,-3,6,-7,15,1,-11,4,-10,7,5,-1,0,7,-10,0,-6,-1,-2,0,-6,1,19,1,4,-22,6,2,1,-4,9,-3,11,2,8,-4,-5,9,-8,0,0,-5,-2,22,2,-7,3,-13,-12,-15,-3,-4,-9,2,7,1,2,-7,6,-1,4,-3,-2,1,-2,-3,-3,-4,2,-7,1,-2,-2,10,4,9,0,0,3,5,-2,-4,2,2,1,-8,2,10,-2,0,-5,-13,0,0,-6,6,0,1,1,2,-1,9,-7,6,6,0,-1,-6,-4,-5,0],"volumes":[1.49,1.0,1.0,2.0,5.0,6.0,4.0,16.99,13.0,1.0,2.0,18.5,1.5,12.75,2.0,5.0,2.0,3.0,1.0,3.0,21.0,15.0,3.0,4.5,19.75,8.0,9.0,12.0,15.0,4.0,1.0,6.0,42.0,8.0,4.0,2.0,11.0,6.0,30.0,43.0,11.0,53.0,23.0,22.5,3.0,12.5,9.0,11.5,6.0,16.49,17.76,31.79,30.56,85.23,70.54,42.32,7.0,5.1,5.55,11.63,13.52,6.68,13.18,12.49,23.41,10.88,52.96,44.46,41.6,48.43,40.11,13.12,16.0,22.0,16.81,21.86,38.62,7.0,30.2,14.34,8.12,4.0,11.12,33.41,31.0,12.24,24.64,26.12,4.0,10.07,11.36,27.87,16.22,59.64,25.72,18.96,11.72,22.42,20.49,15.02,19.98,15.86,6.81,17.24,3.24,33.16,28.17,24.37,26.68,46.84,59.32,68.36,41.92,71.99,52.61,21.84,30.86,6.43,31.34,8.36,13.67,8.86,16.48,24.35,37.91,10.24,31.7,11.1,19.54,6.3,38.96,7.36,10.12,29.33,15.22,40.37,7.0,12.36,17.12,17.86,8.12,16.67,20.47,18.95,10.6,21.54,24.1,54.73,10.8,34.28,22.01,26.52,12.41,34.07,21.98,32.04,15.52,30.89,25.39,11.95,10.43,10.37,23.94,19.2,17.08,15.5,21.52,13.08,35.52,12.28,19.64,40.46,37.24]}