{"timestamp":1632009600000,"multiplier":1.0E-5,"open":1.17288,"high":1.17305,"low":1.17288,"close":1.17297,"shift":60000,"times":[1260,1,1,1,1,1,1,1,1,1,1,1,1,2,1,1,1,1,1,1,1,1,1,1,1,1,1,1,1,1,1,1,1,1,1,1,1,1,1,1,1,1,1,1,2,1,1,1,1,1,1,1,1,1,1,1,1,1,1,1,1,1,1,1,1,1,1,1,1,1,2,1,1,1,1,1,1,1,1,1,1,1,1,1,1,1,1,1,2,1,1,1,1,2,1,1,1,1,1,2,1,1,1,1,1,1,1,1,1,1,1,1,1,2,1,1,1,1,1,1,1,1,1,1,1,1,1,1,1,1,1,1,2,2,1,1,1,1,1,1,1,1,1,1,1,1,1,1,2,1,1,1,1,1,1,1,1,1,1,1,1,1,1,1,4,1,1],"opens":[0,9,-34,-4,-4,2,4,9,-5,0,19,-6,-3,0,8,-8,6,-8,0,-5,0,7,10,-9,0,3,1,-4,10,-1,-3,5,-5,0,2,-3,2,-1,-1,-1,3,-2,3,1,-2,2,-2,9,-8,7,-5,0,-9,11,-1,-9,-2,-5,-1,1,6,3,-6,4,3,3,-1,-13,2,1,-3,-3,5,-21,-10,-3,3,2,-1,4,-9,0,1,-4,5,0,-4,-1,3,1,1,9,-2,3,1,6,1,11,3,-2,-8,0,1,-2,2,-3,-1,4,4,4,-3,-1,1,4,0,13,-7,-6,-2,-7,0,0,1,5,-1,0,2,6,-3,0,4,1,-2,-3,3,-1,0,0,2,2,-1,-2,1,-4,-3,-4,2,-3,2,1,-1,-3,0,8,-1,-3,-3,-2,1,3,2,1,-3,8,-2,2,15],"highs":[0,-7,-24,-14,-3,5,17,-3,-11,18,1,1,0,0,-1,-9,6,-8,0,-2,13,-1,3,-10,7,-2,-1,6,0,4,-3,1,-6,0,7,-1,10,-13,-4,4,-1,0,0,2,-2,8,-2,2,0,-1,0,-2,-1,1,-2,-9,9,-16,11,-3,5,-4,1,1,4,-1,-2,-12,2,0,-3,1,1,-21,-10,0,5,-3,0,3,-9,4,-1,-2,1,0,-3,2,-1,2,11,-1,2,1,8,4,4,5,1,-5,-7,0,1,-2,1,-3,3,2,5,2,-4,1,-1,5,17,-5,-7,-6,-2,-7,0,0,5,1,-1,2,7,-1,-2,4,-1,1,-2,1,0,-1,0,0,1,4,-3,-1,0,-4,-3,-2,0,4,-4,1,-2,-3,8,0,0,-3,-4,-2,1,9,-3,0,3,2,0,16,4],"lows":[0,-26,-19,12,-1,-4,1,19,-5,0,18,-8,0,0,8,-8,-4,2,-5,0,0,7,6,-5,0,3,1,-4,4,-3,4,0,1,0,1,-2,0,1,-1,-1,2,-1,0,0,2,1,-1,1,-1,0,0,-7,1,10,0,-11,-6,1,-17,10,13,-3,0,4,2,-3,-5,-2,2,-1,-6,0,-16,-13,-4,6,3,-1,2,-5,0,0,-4,1,5,-4,-2,1,3,1,1,8,-3,1,4,7,-4,16,-2,-4,-1,-3,1,1,-1,-2,0,5,4,-4,5,-1,1,0,4,7,-11,3,-7,-2,0,1,1,5,-4,3,2,4,-2,1,3,2,-5,-5,6,0,0,1,1,1,-1,0,0,-4,-5,-3,4,-4,2,2,-5,0,0,5,-1,-2,0,-2,1,3,2,1,-3,6,-1,3,14],"closes":[0,-33,9,-18,2,4,18,-3,-11,17,1,-1,3,-1,0,-9,-4,2,-5,3,13,-2,-1,-5,6,-2,0,6,-3,1,-3,1,0,0,1,0,3,-1,-4,4,-1,0,-3,2,1,0,6,-1,3,-2,-7,-7,11,2,-2,-11,-6,1,1,2,7,-7,2,6,3,-1,-12,-1,1,-1,-4,4,-22,-9,-1,2,3,-1,0,-6,0,1,-5,5,1,-1,-5,5,-1,2,11,-3,1,-2,9,2,11,4,-5,-4,-1,0,-3,2,-1,-3,4,3,5,-3,1,1,-1,3,15,-7,-6,-2,-7,-2,1,0,5,1,-2,2,8,-3,-2,6,-1,1,-5,2,-1,0,0,2,0,2,-1,0,-1,-4,-4,0,0,2,-3,1,-5,0,8,-2,-2,-2,0,-2,1,6,-1,1,3,0,2,16,2],"volumes":[4.55,10.73,11.62,13.48,3.01,4.88,3.33,1.11,4.85,5.24,0.74,4.47,2.6,2.99,0.74,0.75,2.25,0.38,0.94,0.94,4.48,2.24,1.48,0.75,1.86,1.48,0.37,7.1,4.12,4.5,1.87,5.06,0.75,1.69,2.25,3.75,6.16,2.99,0.75,2.62,1.49,3.73,1.12,9.84,1.12,15.0,9.3,25.83,25.19,31.96,21.8,15.74,1.48,1.11,0.37,0.56,4.07,0.74,111.8,91.82,13.67,8.25,9.81,6.18,12.74,22.88,10.13,2.63,2.64,3.01,6.75,28.89,37.5,38.68,15.0,2.25,5.25,6.0,1.5,10.5,10.5,4.5,7.5,3.75,2.25,8.25,12.0,4.5,1.5,3.75,15.0,2.25,19.13,10.5,26.88,18.39,17.63,8.07,16.89,5.44,3.75,7.32,3.95,1.5,3.0,2.25,6.0,1.5,3.0,7.69,2.25,12.37,0.75,17.26,18.01,7.51,15.2,2.44,6.94,2.25,2.25,0.75,2.25,0.75,4.69,2.25,6.0,2.25,3.75,4.5,3.75,0.75,2.25,12.0,4.12,9.34,7.44,4.2,7.19,7.31,17.97,2.24,2.21,4.14,5.89,4.57,0.75,9.99,4.5,2.25,3.0,2.32,9.21,6.0,5.25,5.25,0.75,0.75,0.75,4.5,2.25,0.75,3.75,2.25,3.0,12.37,14.35]}