{"timestamp":1631404800000,"multiplier":1.0E-5,"open":1.38303,"high":1.38345,"low":1.38303,"close":1.38313,"shift":60000,"times":[1270,1,2,1,1,2,4,1,1,3,1,1,1,1,1,1,1,1,1,1,1,1,1,1,1,1,1,1,1,1,1,1,1,1,1,1,1,1,1,1,1,1,1,1,1,1,1,1,1,1,1,1,1,1,1,1,1,1,1,1,1,1,1,1,1,1,1,1,1,1,1,1,1,1,1,1,1,1,1,1,1,1,1,1,1,1,2,1,1,2,1,2,1,1,1,1,1,1,1,1,1,1,1,1,1,1,1,1,1,1,1,1,1,1,1,1,1,1,1,1,1,1,1,1,1,1,1,1,1,1,1,1,1,1,1,1,1,1,1,1,1,1,1,1,1,1,1,2,1,1,1,1,1,1,1,1,1,1,1],"opens":[0,10,1,0,2,-2,0,0,0,15,-15,2,7,4,7,-20,0,0,0,0,0,0,20,0,-3,0,0,-1,0,17,-16,0,-1,1,-5,9,-1,1,-7,1,6,-1,0,1,38,-28,2,-3,-2,-15,-1,-4,2,5,2,-1,1,20,2,1,0,-5,2,-4,4,10,0,0,0,-11,-1,2,-4,3,4,-2,0,8,-8,3,-6,1,0,0,7,2,-2,-8,1,2,1,-4,1,1,-1,4,-4,-7,-2,8,0,0,-1,1,2,4,2,10,8,2,-1,-6,2,3,-3,-1,5,4,2,-1,-10,4,-3,23,-12,1,7,-5,5,3,-1,7,-7,4,2,10,-5,3,2,-9,-9,7,1,-7,0,-11,1,-2,14,2,-6,-5,1,-6,1,-3,-1,-12,7],"highs":[0,-32,1,23,-14,-9,0,3,-3,15,14,-27,13,13,-6,-22,0,0,0,5,-5,21,0,-1,-3,0,0,0,15,1,-16,0,-1,1,4,0,0,0,-7,6,1,-1,1,45,-7,-27,1,-3,8,-25,1,-4,5,14,-11,-1,19,14,-10,0,0,0,-2,-4,14,1,-2,1,-1,-10,2,-2,-4,12,-3,2,3,1,-2,-5,-4,1,-1,-1,10,0,-3,2,-4,-3,1,-3,4,-1,5,-4,-3,-8,7,-1,4,-2,4,-1,1,3,7,12,-1,1,-1,-5,1,3,-3,1,13,-6,3,-2,-5,-1,21,-1,-11,0,7,0,3,0,10,-4,-6,5,9,1,-2,4,-2,-9,-7,15,-9,-7,1,-11,1,11,7,-5,-5,0,-5,-5,0,0,-4,-4,12],"lows":[0,10,1,0,0,0,0,0,0,15,-15,0,9,-9,0,0,0,0,0,0,0,0,20,-4,0,1,0,-1,0,1,-1,0,0,1,-6,9,0,1,-7,0,6,0,0,1,6,0,6,-3,-18,0,-4,0,-2,8,2,-4,5,18,4,1,-6,0,-1,0,0,12,1,0,-8,-4,1,-2,-1,3,2,-1,2,-1,0,-2,0,1,0,-1,8,1,-8,-1,1,2,1,-12,6,1,2,-1,-10,1,-5,9,0,3,-1,3,-3,8,3,10,7,1,-3,-2,1,0,0,0,5,4,1,-8,-4,2,1,11,0,-3,7,-1,5,2,0,-1,0,5,2,8,-3,3,-6,-10,0,6,-4,-1,-10,-3,2,-2,15,-5,-5,1,-6,1,-3,1,-17,3,8],"closes":[0,0,1,0,0,0,0,3,-3,15,-15,0,15,12,-27,0,0,0,0,0,0,21,-1,-3,-1,1,0,0,15,-15,-1,1,-1,1,4,-1,1,0,-7,6,0,0,1,24,-18,5,1,-3,-17,0,-4,1,5,2,-1,0,20,3,1,0,-6,5,-5,0,14,-1,-1,1,-8,-2,1,-5,-1,9,0,-3,6,-7,2,-4,2,0,-1,-1,11,0,-10,2,1,-1,1,-3,0,1,3,-4,-10,2,8,-3,3,-2,3,0,4,1,9,12,-1,1,-5,-1,0,0,0,2,8,-1,1,-8,2,-1,22,-13,1,0,3,3,2,2,9,-11,1,5,10,0,-1,2,-8,-8,0,6,-6,-1,-10,-1,2,11,3,-7,-6,3,-6,0,-4,1,-13,7,11],"volumes":[6.01,0.4,1.0,24.25,25.67,2.8,4.03,4.03,5.42,1.25,6.81,2.64,2.5,38.06,30.27,38.07,56.4,74.73,78.96,32.0,2.82,21.18,5.25,4.5,2.25,2.25,1.5,6.75,4.5,4.5,19.5,21.0,1.5,2.25,6.75,3.0,3.0,0.75,0.75,7.5,3.75,2.25,3.75,40.44,32.02,20.4525,0.37,0.75,47.37,6.7,25.22,2.23,4.87,27.37,10.51,25.12,17.25,41.99,2.25,0.75,12.75,4.5,5.25,1.5,17.25,14.25,4.5,10.5,15.75,9.75,4.5,3.0,2.25,28.65,13.64,34.11,17.98,19.11,22.5,4.5,3.0,5.25,5.25,2.24,6.94,5.09,14.62,28.56,12.0,0.75,1.5,25.86,24.94,28.11,9.05,61.2,37.01,9.0,36.49,18.2,40.48,19.5,21.75,13.5,13.5,6.0,14.25,11.25,5.25,3.75,9.0,4.5,1.5,14.25,7.5,3.75,19.5,2.25,3.0,9.0,15.0,12.0,18.0,13.5,1.5,10.5,4.69,5.62,4.5,2.25,19.5,9.75,4.57,5.25,11.69,4.8,3.75,6.75,6.74,19.14,1.5,17.24,12.75,0.82,11.32,11.39,3.21,12.26,1.0,11.75,4.42,5.69,5.39,1.5,6.35,2.35,75.53,14.25,21.89]}