{"timestamp":1631404800000,"multiplier":0.001,"open":7024.507,"high":7024.507,"low":7022.098,"close":7022.877,"shift":60000,"times":[1322,1,1,1,1,1,1,1,1,1,1,1,1,1,1,1,1,1,1,1,1,1,1,1,1,1,1,1,1,1,1,1,1,1,1,1,1,1,1,1,1,1,1,1,1,1,1,1,1,1,1,1,1,1,1,1,1,1,1,1,1,1,1,1,1,1,1,3,1,1,2,4,2,1,1,1,1,1,1,1,1,1,1,1,1,1,1,1,2,1,1,1,1,1,1,1,1,1,1,1,1,1,1,1,1,1,1,1,1,1],"opens":[0,-2612,-1803,-1693,-913,-2885,812,-806,409,3079,-18,400,1636,976,-1415,0,-364,1979,-376,682,1194,-388,376,-1203,-1085,1124,-700,-314,693,1124,-821,-682,373,291,415,-709,1133,-42,415,415,1597,406,-824,394,1322,-1104,218,-415,403,3,800,695,1014,-3,-621,-285,-806,3,785,-776,-1215,412,-15,397,794,24,667,412,6,-215,-903,-385,-997,-612,800,-3,3,1206,727,779,-409,809,2194,606,794,397,-388,-6,-1591,412,794,-415,-490,93,-406,218,582,400,-397,806,609,-227,1136,-2714,-513,403,-90,-519,-381,-498],"highs":[0,-2603,-1615,-1373,-1403,-2214,114,3,3458,39,-36,1024,1915,-509,-1224,-409,1921,-306,327,758,415,-388,376,-1178,-289,303,-700,-33,1536,0,-821,-321,330,-27,415,-412,1236,379,-9,1221,409,391,-427,1803,-484,-489,-397,-415,403,394,1912,-15,412,-194,-206,-700,-806,418,691,-1097,-815,421,-424,809,382,706,21,379,12,-24,-1103,-275,-1107,-194,788,788,-367,379,1091,415,12,3209,-15,809,400,467,-461,-424,-1591,809,397,-415,-173,188,-397,92,800,-89,-9,1115,-9,373,433,-2612,-9,6,-299,-119,-776,-303],"lows":[0,-2188,-1821,-797,-3076,-42,18,-12,836,2658,-1200,1212,2427,-33,-1164,-18,412,773,406,794,703,-373,364,-1073,-809,412,406,-314,687,12,-806,394,400,291,-178,-116,1097,-6,39,791,785,391,3,394,430,-427,433,-415,-418,394,821,779,1118,-703,15,-827,-373,-24,394,-764,-833,412,403,397,510,308,9,685,191,-1288,370,-1182,-815,-367,1170,-3,-800,2009,727,86,284,809,794,1600,1197,230,-230,-1191,-394,412,-36,-382,-9,-6,9,6,394,406,-3,806,15,367,-2300,12,3,21,-433,27,-697,-33],"closes":[0,-2582,-2206,-690,-2422,24,-809,1224,3064,-806,618,1507,1081,-773,-791,358,1921,-1079,800,1058,-367,367,-397,-1073,394,-791,406,-33,1303,-885,-806,412,394,279,18,-15,1203,412,-397,1609,409,-18,-403,1182,-370,-427,433,-415,-21,818,821,783,308,-718,324,-700,-809,812,-21,-1185,-421,0,403,809,98,875,136,-9,400,-1402,275,-1182,-409,15,788,788,-367,379,1091,-278,705,2812,-1630,2424,603,170,-203,-1388,-394,809,-433,-382,-9,215,179,-3,421,415,-18,1100,-112,500,-2573,3,382,-779,-433,27,-697,-33],"volumes":[0.00333,0.00555,0.00666,0.00703,0.00777,0.0074,0.00259,0.00222,0.00592,0.00222,0.00481,0.00555,0.00814,0.00518,0.0037,0.00148,0.00407,0.00259,0.00185,0.00148,0.00259,0.00185,0.00333,0.00555,0.00407,0.00148,3.7E-4,7.4E-4,0.00481,0.00148,0.00259,0.00185,0.00259,3.7E-4,0.00148,7.4E-4,0.00185,0.0037,0.00185,0.00222,0.00185,0.00148,0.00111,0.00518,0.00111,0.00333,3.7E-4,3.7E-4,0.00148,0.00148,0.00777,0.00481,0.0037,0.00185,0.00259,0.00148,0.00148,0.00259,0.00222,0.00111,0.00185,0.00148,3.7E-4,7.4E-4,7.4E-4,0.00148,0.00296,0.00148,0.00111,0.0037,3.7E-4,0.00333,0.00148,0.0037,7.4E-4,0.00148,0.00148,3.7E-4,7.4E-4,0.00259,7.4E-4,0.00814,0.00444,0.00629,0.00555,0.00407,0.00481,0.00148,3.7E-4,7.4E-4,0.00111,0.00148,0.00407,0.00592,0.00148,0.00444,0.00518,0.00111,0.00185,0.00518,0.00444,0.00222,0.00962,0.00481,0.00444,0.00703,0.00555,0.00185,0.0037,0.00148]}