{"timestamp":1745107200000,"multiplier":1.0E-5,"open":1.32698,"high":1.3272,"low":1.32698,"close":1.32714,"shift":60000,"times":[1260,1,1,1,2,1,1,1,1,1,1,1,1,1,1,1,1,1,1,3,1,1,1,1,1,1,1,1,5,1,1,1,1,1,1,1,1,1,1,1,1,1,1,1,1,1,1,1,1,1,1,1,1,1,1,1,1,1,1,1,1,1,1,1,1,1,1,1,1,1,1,1,1,1,1,1,1,1,1,1,1,1,1,1,1,1,1,1,1,1,1,1,1,1,1,1,1,1,1,1,1,1,1,1,1,1,1,1,1,1,1,1,1,1,1,1,1,1,1,1,1,1,1,1,1,1,1,1,1,1,1,1,1,1,1,1,1,1,1,1,1,1,1,1,1,1,1,1,1,1,1,1,1,1,1,1,1,1,1,1,1,1,1,1,1,1,1,1,1,1,1,1,1],"opens":[0,36,-2,-4,-6,0,26,9,1,-10,5,2,0,-11,19,30,-30,-1,1,17,-2,-21,6,-6,-3,3,-4,42,14,-28,-14,-15,65,-29,59,16,-2,5,-61,-14,-6,-5,-3,-4,8,2,-4,-11,18,4,-24,17,-8,2,6,0,14,15,25,93,9,14,14,-10,8,4,-10,-21,-5,0,-14,48,-13,-4,18,-3,4,0,43,-15,-24,-21,-8,-21,44,31,7,10,-7,-5,-7,-23,37,-29,16,-6,14,3,15,-6,4,3,3,-4,-3,14,7,-2,6,-3,-19,-17,26,3,12,-8,2,0,0,2,-1,3,-3,-4,3,-1,-1,-16,10,-5,16,1,-2,9,7,-6,0,-11,10,-19,-9,9,22,-15,-1,9,7,26,5,0,-1,-2,-1,1,1,0,3,-10,1,-13,9,10,25,24,33,21,0,-24,-9,-30,21,5,-29],"highs":[0,14,-2,-4,-6,31,19,-6,-3,-3,-7,22,-18,29,7,0,-6,-16,-8,17,-2,-14,-1,1,-7,1,38,-1,14,-27,9,4,35,18,13,5,6,-4,-63,-13,2,-14,-3,9,12,10,-29,9,1,1,-24,17,-8,11,-2,27,2,31,110,10,-7,20,-8,0,6,-5,-10,-16,-3,10,23,-5,-10,11,6,16,-4,36,-9,-15,-24,-23,-2,17,39,4,6,-2,1,-1,-16,7,16,-13,-9,7,10,9,3,-5,1,5,-1,-3,12,5,0,1,1,-3,-17,10,7,8,0,-8,7,1,-6,4,0,2,-5,1,-4,2,-4,2,-2,12,0,1,0,10,5,-9,-4,-2,-1,-18,-1,26,-3,3,-12,32,12,1,-3,2,2,-7,6,1,-8,6,-4,-6,8,-7,0,27,24,39,17,9,-9,-22,-8,-8,0,-1,10],"lows":[0,34,-3,-1,-6,-5,27,4,9,-9,4,2,-2,-8,19,25,-25,-1,1,-6,1,-1,6,-6,-13,13,-4,42,0,-14,-14,-16,50,-14,48,0,21,-55,-18,6,-13,-11,-3,11,1,0,5,-11,18,-9,-12,11,-7,-13,27,0,-1,30,25,93,9,-2,7,-1,22,-20,-11,-21,16,-22,4,37,0,0,8,8,-9,13,24,-29,-16,-6,-23,-1,42,32,-3,10,-9,2,-20,-3,4,5,-2,-22,42,13,5,1,1,4,1,-12,12,6,11,0,-4,-14,-16,-1,29,1,5,-3,1,2,-3,2,5,1,-5,0,-7,9,-18,2,3,1,13,-1,4,6,1,-2,-10,-4,-1,-15,-7,22,2,3,0,10,5,27,-1,2,1,-2,2,0,-2,3,-8,-1,-10,-2,9,10,28,23,30,19,-18,-18,-24,2,11,-15,0],"closes":[0,20,-5,-1,-6,28,21,-15,7,-15,4,2,3,29,7,-5,-1,-16,-8,11,-16,6,-1,1,-20,14,38,-1,1,-14,9,4,6,47,4,11,5,-58,-20,-1,2,-13,-16,16,5,-9,5,3,7,-12,-12,18,-14,-2,17,13,15,24,96,8,13,13,-9,9,3,-10,-21,-2,-2,-15,48,-14,-5,19,-9,11,2,42,-16,-25,-21,-8,-24,47,33,1,16,-8,-11,-2,-21,30,-22,14,-8,17,3,13,-4,2,4,6,-7,-2,14,8,1,1,-3,-20,-13,21,7,10,-9,2,3,-1,-1,2,0,0,-4,5,-3,0,-15,10,-8,17,2,-2,8,6,-4,0,-12,9,-16,-11,9,22,-15,-1,8,9,24,5,0,0,-1,-2,1,2,-1,2,-10,3,-13,9,7,26,25,34,20,1,-25,-9,-31,25,3,-32,21],"volumes":[3.96,3.15,1.35,0.45,0.9,37.8,17.01,13.95,4.95,5.4,0.9,4.05,15.3,22.71,5.4,3.6,2.7,1.26,0.9,5.22,2.16,2.7,0.9,5.4,4.5,6.3,3.6,1.8,9.45,1.8,6.3,2.7,2.7,3.33,4.77,6.3,4.23,4.08,1.8,0.99,1.89,1.35,3.48,1.11,3.45,7.11,1.8,6.3,2.7,1.8,1.35,2.7,3.6,110.34,9.45,109.35,120.24,67.5,64.8,71.1,61.2,83.25,75.6,71.1,36.9,64.8,78.3,104.4,77.4,133.2,150.75,95.85,53.1,87.3,76.5,152.1,218.7,170.55,154.92,135.0,100.8,74.7,83.7,110.34,121.5,92.7,89.88,67.92,120.37,87.69,67.23,60.12,88.95,70.5,96.87,128.38,97.74,90.24,74.76,85.5,74.01,49.62,63.99,72.57,65.37,86.4,58.5,58.5,80.88,148.44,173.76,146.61,63.03,115.83,45.9,252.06,157.86,261.72,176.52,122.7,73.08,64.59,127.2,62.82,45.9,19.8,64.89,57.6,55.35,52.2,39.6,91.44,48.93,46.89,80.07,58.5,47.7,37.44,89.28,72.96,45.81,67.5,71.94,53.73,62.07,49.38,105.67,64.8,90.99,58.57,62.61,35.61,45.12,41.75,61.62,32.19,58.62,53.7,100.8,78.3,56.7,53.22,162.66,99.0,52.95,75.03,49.05,100.8,97.2,66.6,63.9,117.09,116.01]}