{"timestamp":1744502400000,"multiplier":1.0E-5,"open":1.30827,"high":1.30827,"low":1.30826,"close":1.30826,"shift":60000,"times":[1261,1,1,3,1,1,1,1,1,1,2,1,1,1,1,1,1,1,1,1,1,1,1,2,1,1,1,1,1,1,1,1,1,1,1,1,1,1,1,1,1,1,1,2,3,1,2,3,1,1,1,1,1,1,1,1,1,1,1,1,1,1,1,1,1,1,1,1,1,1,1,1,1,1,1,1,1,1,1,1,1,1,1,1,1,1,1,1,1,1,1,1,1,1,1,1,1,1,1,1,1,1,1,1,1,1,1,1,1,1,1,1,1,1,1,1,1,1,1,1,1,1,1,1,1,1,1,1,1,1,1,1,1,1,1,1,1,1,1,1,1,1,1,1,1,1,1,1,1,1,1,1,1,1,1,1,1,1,1,1,1,1,1,1,1,1,1,1,1],"opens":[0,0,0,7,5,-28,27,6,-32,-1,-3,47,-62,45,0,-18,15,6,12,-31,40,-8,-32,-1,1,22,7,-7,14,-14,7,-7,27,40,-58,12,4,-5,-60,4,37,16,3,-16,-3,1,-3,14,25,-12,-60,-56,5,-55,40,-13,-47,10,-12,6,-27,-18,12,-18,-4,40,35,1,61,6,28,-3,17,-1,-7,-12,42,-32,38,-16,42,-7,-21,36,-39,3,1,-23,8,-5,27,38,-3,-29,-33,9,26,-15,8,3,28,4,-36,-1,-35,-23,-23,6,22,-10,33,-12,-15,-10,2,24,13,22,-21,-4,2,-23,-7,7,-32,36,5,2,10,7,-25,2,-2,-9,17,3,-24,-11,-10,10,0,3,13,-26,6,-17,-5,29,7,-7,-1,2,13,8,46,21,-4,24,-9,-17,3,-31,4,-23,18,0,0,8,-16],"highs":[0,0,0,28,-16,-28,28,5,-32,0,44,0,-18,1,10,-2,0,0,6,-12,21,-8,-4,-3,-25,41,-12,6,6,-5,-7,14,42,26,-64,0,0,-5,-60,41,16,0,4,-17,-2,0,1,27,8,-12,-55,-46,-10,-9,0,-19,-21,0,-11,-10,-13,-10,-11,-1,19,35,14,60,27,6,-6,11,0,18,-22,33,-9,9,0,28,3,0,9,-9,-13,-18,-3,-16,2,24,45,2,-15,-16,-39,29,3,-1,-9,34,9,-10,-34,-2,-36,-23,-16,22,0,34,-8,-15,2,-14,14,12,25,2,-10,-18,9,-28,6,-6,20,-1,-5,6,8,3,-22,-3,-8,10,15,-6,-32,4,-4,5,-8,9,14,-24,-11,-16,27,9,-6,0,-5,12,12,54,12,9,22,-11,3,-15,-12,-31,6,-5,0,0,11,-4,-5],"lows":[0,1,0,6,6,-28,27,6,-32,-6,2,30,-45,45,-46,23,20,-5,23,-31,39,-11,-28,-4,4,21,8,-7,13,-13,0,-1,28,-9,-9,-21,27,-55,0,0,41,16,3,-19,0,1,-4,-12,52,-198,67,-3,-46,-27,45,-41,-1,-1,0,-24,-15,-2,-2,-2,-5,45,25,12,50,12,12,15,5,4,-21,10,11,0,26,-10,21,0,-7,-19,14,6,-28,-11,10,15,19,35,-21,-34,-1,8,6,9,-9,18,24,-30,-18,-17,-30,-15,-13,8,20,-2,25,-22,-8,-1,8,3,29,3,2,-39,12,-10,-13,-2,-1,36,-10,8,9,-13,-7,1,-12,12,15,-16,-14,-8,-9,11,4,2,-5,-8,-21,-11,20,28,-14,6,5,-8,20,10,46,2,-5,27,-6,-5,-26,-10,-5,1,-4,13,3,-12,0],"closes":[0,1,0,28,-16,-28,28,5,-32,0,44,-17,-1,1,-1,9,0,0,6,-12,20,-11,0,-3,-25,41,-12,6,6,-5,-10,17,42,-40,1,-6,1,-59,0,41,16,0,4,-20,1,0,-4,26,14,-72,-58,8,-57,41,-6,-49,3,-3,-6,-22,-20,14,-19,-2,39,35,2,50,3,41,-4,17,0,-8,-10,41,-33,39,-12,40,-8,-21,35,-39,8,-4,-23,7,-5,28,38,-1,-32,-31,7,27,-14,8,1,28,2,-35,2,-39,-20,-23,7,20,-10,35,-13,-16,-15,13,18,14,21,-22,1,-4,-21,-11,14,-31,29,13,-1,6,6,-24,3,2,-10,16,0,-19,-14,-9,10,-1,5,11,-22,-2,-11,-7,28,9,-9,-2,3,11,11,47,19,-1,25,-15,-7,-1,-35,2,-18,16,1,0,10,-17,7],"volumes":[1.8,0.9,0.9,1.71,0.36,2.7,0.72,0.9,2.7,5.4,2.25,1.44,2.07,0.54,2.43,1.35,2.7,3.15,0.45,1.8,0.9,1.35,1.8,2.25,0.9,3.06,0.9,1.71,1.35,3.51,2.52,8.73,5.4,8.91,1.89,2.43,1.08,1.17,0.9,7.47,6.3,0.9,1.8,1.8,2.25,0.9,4.5,32.85,0.9,91.34,64.8,60.75,102.15,118.86,9.87,7.23,3.45,5.13,7.86,30.03,42.84,20.79,29.04,28.68,84.27,95.88,109.8,132.99,113.91,110.43,117.16,197.01,200.01,92.46,141.87,140.94,185.29,150.42,131.94,206.77,156.6,177.17,189.65,171.45,137.7,81.9,103.5,100.98,90.87,96.3,47.88,111.81,71.77,82.8,45.9,45.0,49.72,63.9,54.0,68.4,68.4,49.5,40.5,73.8,91.89,79.74,111.6,118.89,91.71,80.81,75.63,239.67,267.75,194.94,103.05,122.92,87.3,66.01,29.02,148.5,127.8,151.65,93.6,104.4,75.93,44.1,117.03,31.86,52.02,93.15,78.3,66.6,72.9,48.6,69.3,61.65,68.4,73.2,134.49,71.31,20.7,62.1,69.84,49.59,22.23,42.24,78.75,28.26,82.56,89.19,14.85,97.74,64.8,90.57,136.89,196.38,134.55,97.5,94.95,124.65,101.01,79.29,70.2,72.0,106.29,109.98,62.55,61.09,76.95]}