{"timestamp":1745712000000,"multiplier":1.0E-5,"open":0.82794,"high":0.82794,"low":0.8278,"close":0.8278,"shift":60000,"times":[1262,1,1,1,1,1,1,1,1,1,2,1,1,1,1,1,1,1,1,1,1,1,1,6,1,1,1,1,1,1,1,4,1,1,1,1,1,4,1,1,1,1,1,1,1,1,1,1,1,1,1,1,1,1,1,1,1,1,1,1,1,1,1,1,1,1,1,1,1,1,1,1,1,1,1,1,1,1,1,1,1,1,1,1,1,1,1,1,1,1,1,1,1,1,1,1,1,1,1,1,1,1,1,1,1,1,1,1,1,1,1,1,1,1,1,1,1,1,1,1,1,1,1,1,1,1,1,1,1,1,1,1,1,1,1,1,1,1,1,1,1,1,1,1,1,1,1,1,1,1,1,1,1,1,1,1,1,1,1,1,1,1,1,1,1,1],"opens":[0,4,-45,17,3,-7,2,22,-13,-11,5,44,8,-15,7,-61,23,-1,-22,-12,-21,-4,0,-113,64,-2,0,-45,0,-27,74,0,-69,4,6,1,-6,4,60,78,5,-5,25,3,22,3,14,-49,0,-2,2,22,-11,18,-10,20,3,1,-2,0,8,2,-20,-10,1,23,-1,-7,10,20,1,16,-6,-2,4,2,29,29,-36,-9,-1,1,1,-1,13,-2,-1,-19,0,12,-1,-11,-3,-2,4,4,7,-3,-1,-6,8,-10,-7,-2,1,9,-6,-15,0,-3,-1,18,-8,-16,-11,-5,25,3,-13,17,8,3,-6,0,-1,-9,-2,2,8,0,-1,-6,1,5,-6,-15,5,7,-3,7,-7,0,-2,-12,-14,-6,-2,20,-12,10,-8,-7,6,4,8,-1,4,-1,7,1,-8,11,2,23,7,-14],"highs":[0,4,-41,13,3,-7,33,-9,-13,-7,20,46,7,-25,0,-41,0,0,-23,-12,-21,-4,0,-48,-1,1,-3,3,-48,47,0,0,-69,74,-2,-61,2,-4,138,47,-35,45,-9,-20,38,-8,9,-49,6,-6,3,32,17,-1,3,-5,6,-11,7,-1,2,0,-21,0,32,-14,-1,4,17,1,14,4,-8,2,3,29,47,-19,-36,-5,-4,2,4,10,7,-8,-7,-17,12,-2,0,-8,-5,1,4,8,-2,-2,-1,1,0,-4,-9,0,3,4,-9,-12,-2,-4,19,7,-15,-17,-12,17,25,-14,3,4,5,-2,-2,-3,-2,-9,1,8,2,-3,-1,1,-1,1,-7,-11,11,-1,1,1,-3,-1,-5,-12,-13,-6,18,-1,-1,0,-6,7,-1,4,6,9,-13,7,8,-7,4,9,12,8,8,-9],"lows":[0,17,-44,17,-1,-3,2,22,-13,-11,3,45,-11,5,7,-61,22,-22,-12,-21,-2,-2,-110,-3,64,-47,0,0,-18,-9,74,0,-69,-1,11,1,-6,4,60,78,0,0,25,2,-2,20,-41,12,-1,0,3,2,9,7,-1,-4,14,15,-9,5,1,-22,5,-7,6,21,-9,3,10,21,1,-1,7,2,-8,11,32,-12,-9,-2,0,4,0,3,8,1,-19,-2,3,8,-6,-6,-7,6,4,4,-1,0,-3,-2,1,-8,-2,1,1,3,-15,-3,-1,-5,0,15,-17,-9,-13,4,23,-2,-3,16,6,-3,1,1,-12,-1,-2,6,5,-1,-1,-9,7,-2,-14,1,5,4,0,-1,-2,3,-16,-13,-7,-1,-1,4,6,4,-7,-4,4,8,7,0,3,0,2,-2,0,9,2,18,-1,-4],"closes":[0,18,-41,13,-1,-3,27,-3,-13,-7,20,24,26,-25,2,-40,0,-23,-12,-21,-2,-2,-110,62,-1,0,-47,48,-66,65,0,0,-69,74,-2,-61,2,-4,138,5,-5,25,2,1,26,2,-30,-8,1,-1,3,10,39,-34,29,-21,18,-2,0,8,-2,-20,-2,-2,21,-1,-7,9,22,0,16,-6,-2,4,3,27,31,-38,-10,1,1,1,-1,14,-3,-2,-19,-1,14,0,-10,-6,-5,9,3,7,-4,0,-7,8,-8,-9,0,4,4,-3,-14,-2,-5,1,19,-9,-18,-9,-4,19,6,-9,13,7,7,-10,0,1,-10,-2,2,9,-1,-1,-3,-2,6,-6,-15,3,7,0,5,-6,-2,3,-14,-14,-6,-2,20,-19,17,-7,-6,2,5,5,3,5,-2,8,-1,-8,11,2,22,8,-15,11],"volumes":[4.16,1.35,1.57,3.26,0.74,0.37,6.85,0.93,4.89,2.0,2.37,6.0,12.78,5.82,2.01,5.93,5.76,15.39,12.58,4.75,3.31,1.11,2.59,2.47,1.05,10.63,1.93,5.31,1.11,3.07,0.45,0.45,1.2,11.85,2.85,1.8,0.74,0.37,8.55,18.42,17.61,34.26,15.45,4.35,12.6,7.65,55.8,16.2,18.0,36.9,23.19,20.07,12.27,12.15,37.92,82.38,133.37,16.2,99.24,112.32,98.46,316.65,174.6,293.7,73.8,118.8,165.6,116.4,84.0,64.8,80.4,79.8,34.8,18.0,37.2,82.8,137.4,96.37,40.2,75.0,57.6,39.0,75.6,52.92,51.3,22.8,34.8,36.0,67.2,32.4,22.8,45.3,29.4,18.0,19.8,22.2,18.6,25.5,35.1,48.3,27.14,44.4,27.6,29.4,31.2,26.97,52.51,22.57,41.47,40.2,42.95,50.6,51.45,67.81,35.61,27.4,96.09,28.95,56.22,54.0,28.8,39.6,21.6,19.2,25.2,24.0,34.8,26.52,24.0,20.4,14.4,30.66,13.2,20.55,26.4,8.4,22.59,9.6,17.25,12.24,17.64,12.6,25.8,27.0,16.8,12.0,28.92,33.6,26.4,12.82,25.89,45.09,25.8,20.4,26.52,42.6,16.2,28.2,48.72,35.32,29.4,52.8,54.6,78.0,76.2,44.1]}