{"timestamp":1246752000000,"multiplier":1.0E-5,"open":0.79324,"high":0.79336,"low":0.79313,"close":0.79318,"shift":60000,"times":[1320,1,1,1,1,2,1,1,1,1,2,1,2,1,1,1,1,1,1,1,1,1,1,1,1,1,1,1,1,1,1,1,1,1,1,1,1,1,1,1,1,1,1,1,1,1,1,1,1,1,1,1,1,1,1,1,1,1,1,1,1,1,1,1,1,1,1,1,1,1,1,1,1,1,1,1,2,1,1,2,1,1,1,1,1,1,1,1,1,1,1,1,1,1,1,1,1,2,1,1,1,1,1,1,1,1,1,1,1,1,1,1,1,1],"opens":[0,-1,21,46,-11,-18,-15,0,-10,5,17,15,-5,-17,-5,-15,-10,-58,23,-20,-20,-78,30,-15,10,-7,-25,3,15,-55,17,-3,15,0,5,7,1,25,10,-20,2,8,36,-5,-18,-3,38,12,14,-4,27,15,-10,10,-22,-20,5,12,-6,-11,20,30,22,13,-13,-7,20,-10,0,-5,0,-15,-10,-10,-20,5,15,0,-10,0,5,0,20,0,0,-15,-5,-15,20,-10,-35,15,-9,14,2,-9,5,-10,-5,5,45,15,40,20,15,-10,-5,0,-3,-10,0,0,5,5],"highs":[0,3,65,-14,-6,-23,-5,-10,-10,17,15,5,-5,-12,-10,-10,-15,-23,-12,-20,-20,-48,10,0,-15,-7,-20,23,-10,-26,5,0,10,0,11,-8,25,20,5,-35,20,15,15,-10,-10,13,25,7,8,12,28,-6,10,-5,-27,-20,32,8,-29,9,27,25,10,15,-25,13,15,-15,-10,10,-15,-15,-5,-15,-20,15,10,-5,-10,15,-5,5,10,10,-5,-15,-10,10,-5,-5,-15,0,-3,3,3,-5,-5,-10,5,50,5,35,30,5,20,-20,-10,10,-8,-5,-5,0,5,0],"lows":[0,5,21,40,-18,-20,5,-5,-5,5,12,15,-20,-12,0,-15,-53,-5,8,-20,-99,-4,30,5,-2,-45,20,8,-38,-3,15,0,0,10,3,8,7,15,5,-20,10,15,30,-25,0,5,38,7,10,5,27,10,-5,-22,-15,5,5,12,-27,10,20,30,22,5,-7,-5,15,-5,-5,0,-30,10,-25,-5,-5,5,15,-15,0,5,0,0,15,5,-5,-5,-25,-5,20,-35,0,5,1,14,-2,-5,0,-15,0,10,45,10,40,21,14,-10,-15,15,-13,0,0,-5,5,5],"closes":[0,21,65,-20,-18,-25,10,-10,-5,17,15,5,-20,-2,-15,-10,-58,25,-22,-20,-78,20,-5,10,-17,-15,0,-2,-38,22,0,10,-10,15,3,1,19,20,-20,-5,15,25,0,-20,-5,33,25,0,9,18,27,-10,6,-33,-5,-5,22,-2,-25,20,32,20,15,-5,-7,10,0,0,-5,0,-25,0,-25,-5,-5,15,10,-20,0,15,0,5,5,0,0,-10,-25,20,0,-35,5,-5,10,5,-2,5,-10,-5,-5,55,5,40,30,5,0,-5,-10,7,-10,0,0,-5,5,0],"volumes":[54.15,15.47,17.29,8.06,17.82,9.88,3.9,1.91,1.3,6.13,4.94,3.33,17.1,14.17,2.81,14.16,15.65,9.03,4.6,9.44,73.84,34.59,26.4,18.96,6.95,28.29,5.26,36.82,32.04,27.36,17.12,8.67,19.57,15.63,27.97,13.72,28.1,25.75,18.96,34.17,52.7,19.84,15.55,14.94,12.31,6.08,8.76,14.35,8.35,12.15,22.4,3.1,16.62,29.05,9.81,0.88,20.48,8.15,15.41,12.72,22.39,18.02,10.32,8.0,3.0,13.23,21.01,8.38,6.4,7.92,26.55,3.4,21.61,2.4,0.75,10.71,6.6,13.0,4.59,7.35,4.56,13.84,11.37,6.56,12.24,5.75,12.9,45.12,46.82,30.44,11.31,22.16,22.25,14.33,18.18,3.3,2.67,17.26,15.43,28.71,25.16,20.19,17.58,10.03,16.18,10.4,8.89,7.53,9.78,20.97,10.7,24.11,21.98,7.6]}