{"timestamp":1248566400000,"multiplier":1.0E-5,"open":1.6467,"high":1.647,"low":1.64666,"close":1.64676,"shift":60000,"times":[1260,1,1,1,1,1,1,1,1,1,1,1,1,1,1,1,1,1,1,1,1,1,1,1,1,1,1,1,1,1,1,1,1,1,1,1,1,1,1,1,1,1,1,1,1,1,1,1,1,1,1,1,1,1,1,1,1,1,1,1,1,1,1,1,1,1,1,1,1,1,1,1,1,1,1,1,1,1,1,1,1,1,1,1,1,1,1,1,1,1,1,1,1,1,1,1,1,1,1,1,1,1,1,1,1,1,1,1,1,1,1,1,1,1,1,1,1,1,1,1,1,1,1,1,1,1,1,1,1,1,1,1,1,1,1,1,1,1,1,1,1,1,1,1,1,1,1,1,1,1,1,1,1,1,1,1,1,1,1,1,1,1,1,1,1,1,1,1,1,1,1,1,1,1,1,1,1,1,1,1],"opens":[0,15,0,-35,15,0,-13,13,10,0,0,-15,0,10,-10,-20,-20,-10,-35,40,-25,-25,5,0,-10,0,0,15,0,-15,15,-70,20,-35,-25,25,-10,-15,20,0,-30,-15,-15,-10,15,15,20,0,25,5,-75,0,30,-15,20,0,10,-10,30,-45,-5,20,0,0,20,-75,10,-30,0,0,-20,-5,-15,5,-60,0,0,0,35,-20,-5,20,-5,-5,-5,5,0,-10,10,-20,-20,0,0,10,-10,-10,10,-10,0,13,-13,55,-15,5,-10,-5,15,-5,-10,-5,-50,-5,25,15,15,-10,15,0,-20,30,10,5,0,10,0,0,5,0,10,-15,5,-5,-5,-35,-35,-50,-30,10,-5,-15,0,0,-5,10,5,25,0,-50,-10,10,20,-5,10,0,-10,0,-5,10,0,0,0,5,-30,0,5,-5,0,-50,-20,5,0,-10,5,0,10,7,8,0,0,-15],"highs":[0,-15,0,-35,15,0,-13,23,0,0,0,-15,0,10,0,-30,-20,-5,-16,16,-25,-25,5,0,-10,5,-5,15,0,-3,3,-50,0,-35,0,0,-10,0,5,0,-30,-15,-15,0,40,-5,5,0,25,5,-75,0,35,35,-35,70,-60,10,10,-45,25,-10,20,-5,5,-5,-60,-30,0,5,-5,-25,-15,5,-60,0,25,15,-5,-15,-3,13,-5,-5,0,0,5,0,5,-30,-20,25,-15,0,-10,5,-5,-10,20,1,44,-10,-5,-5,-10,10,0,-5,-10,-5,-40,20,20,20,-5,-10,0,0,10,35,-20,0,10,0,0,15,-10,0,10,-15,5,-5,-5,-35,-25,-50,-25,10,-10,-20,0,-5,5,10,15,5,5,-45,0,0,20,0,-5,0,-10,0,-5,10,20,-20,5,0,-15,0,0,-15,0,-40,0,-10,-15,-5,0,10,15,-3,3,0,0,-15],"lows":[0,19,-20,-15,15,0,-23,23,10,0,0,-15,0,0,-20,-15,-10,-5,-35,40,-45,-5,5,-5,-5,0,0,15,0,-15,-65,10,-105,90,-40,30,-5,-10,20,-20,-25,-5,-20,0,15,10,25,0,25,-65,-30,0,55,-30,35,0,-30,30,30,-45,-5,20,-10,-10,-35,-10,20,-30,0,-20,-15,-10,-25,-30,5,0,-5,5,35,-25,0,15,-10,5,-10,10,-10,0,10,-20,-20,0,-20,5,5,0,0,0,0,7,-7,30,-5,5,0,0,10,-10,-10,-55,10,-5,15,25,-30,25,20,5,-20,30,10,5,0,10,0,0,5,0,-5,0,0,-5,-25,-85,-20,-45,10,20,-10,-5,-5,0,0,10,0,10,15,-60,5,10,10,5,10,-10,0,-5,0,0,5,5,0,-15,-10,0,0,0,-50,-10,-10,-10,5,-5,-5,15,10,-15,30,0,-15,-5],"closes":[0,9,-20,-15,15,0,-15,25,0,0,0,-15,0,0,5,-35,-15,0,-29,29,-45,-5,5,-5,-5,5,-5,15,0,-8,-62,20,-40,5,0,-10,-5,5,5,-20,-25,-5,-20,0,25,20,5,0,25,-65,-30,25,35,0,0,10,-40,50,10,-45,20,-5,0,-15,-40,10,0,-30,0,-5,-20,-15,-30,-20,-5,0,10,30,-5,-15,-5,10,-10,5,0,0,5,-5,10,-30,-20,15,-30,15,-10,10,-10,0,20,1,44,-15,-5,-15,0,15,-5,-10,-10,-45,5,25,10,20,-20,15,0,0,10,10,5,0,10,0,0,10,-5,0,5,-10,0,-5,-25,-45,-45,-35,10,-5,-10,0,-5,-5,10,5,20,5,-5,-55,5,15,5,10,0,-10,0,-5,0,10,0,0,5,-20,5,0,-15,0,-50,-10,-5,0,-5,0,-10,20,15,-25,25,0,-15,-5],"volumes":[36.8,4.8,3.2,19.2,3.2,3.2,25.2,9.6,1.6,1.6,1.6,17.0,4.0,5.6,34.8,9.8,4.8,4.8,11.0,1.6,5.8,5.2,1.6,3.2,3.6,8.4,6.8,1.6,1.6,20.8,47.2,7.8,34.2,1.0,9.6,4.0,3.6,8.6,6.0,2.6,15.2,2.6,4.6,5.8,12.4,18.6,5.8,9.2,2.0,31.6,7.8,10.2,3.0,10.0,2.0,23.4,3.6,3.0,3.0,3.2,31.4,13.4,25.4,60.6,22.2,62.0,1.0,4.0,1.0,84.9,39.5,7.0,6.6,21.2,6.3,9.2,66.6,15.5,3.0,54.0,42.0,9.0,10.4,10.0,11.6,3.2,18.0,17.6,20.8,1.0,26.6,60.8,75.7,15.6,23.2,13.6,41.8,34.4,8.8,84.4,42.0,62.8,39.0,23.0,15.2,7.8,5.6,27.8,53.2,28.8,26.2,17.7,25.8,17.4,69.0,22.4,10.0,7.0,44.4,107.4,36.2,32.0,39.0,24.0,19.2,32.8,40.0,4.8,43.2,9.6,14.4,54.4,36.8,236.8,252.0,297.6,132.8,102.4,49.0,39.0,98.8,45.6,57.4,73.0,52.2,59.4,76.8,175.4,93.0,35.2,60.0,40.0,4.8,10.6,59.2,30.4,15.0,80.2,89.2,61.0,36.0,30.4,114.0,18.2,32.2,14.4,293.2,175.2,86.8,312.4,76.2,136.8,239.2,103.2,69.4,64.4,9.6,46.4,44.8,17.6]}