{"timestamp":1248566400000,"multiplier":1.0E-5,"open":1.08502,"high":1.08517,"low":1.08487,"close":1.08516,"shift":60000,"times":[1260,1,1,1,1,1,1,1,1,1,1,1,1,1,1,1,1,1,1,1,1,1,1,1,1,1,1,1,1,1,1,1,1,1,1,1,1,1,1,1,1,1,1,1,1,1,1,1,1,1,1,1,1,1,1,1,1,1,1,1,1,1,1,1,1,1,1,1,1,1,1,1,1,1,1,1,1,1,1,1,1,1,1,1,1,1,1,1,1,1,1,1,1,1,1,1,1,1,1,1,1,1,1,1,1,1,1,1,1,1,1,1,1,1,1,1,1,1,1,1,1,1,1,1,1,1,1,1,1,1,1,1,1,1,1,1,1,1,1,1,1,1,1,1,1,1,1,1,1,1,1,1,1,1,1,1,1,1,1,1,1,1,1,1,1,1,1,1,1,1,1,1,1,1,1,1,1,1,1,1],"opens":[0,23,-15,0,0,0,40,-10,-30,45,2,-22,45,-35,-35,-4,79,-10,0,5,-30,25,0,0,-25,-5,0,30,5,-35,0,-55,45,0,-5,-10,0,39,-17,-32,42,8,-62,47,-155,20,0,140,-140,93,40,12,2,-7,4,-6,-33,15,-5,33,-33,5,-5,33,-53,20,-10,-10,-85,10,10,55,-20,8,2,-10,10,-15,0,10,40,0,-5,25,-20,0,10,-20,-15,45,-50,60,5,5,-10,30,0,0,0,0,0,0,0,0,0,0,0,0,0,-25,-10,35,-20,-15,35,-10,-20,10,15,-10,25,10,-10,-15,35,0,0,0,0,0,0,0,5,-10,10,0,5,0,-5,0,0,30,-15,0,5,5,5,30,-5,-5,5,-10,5,-32,17,20,-15,45,-10,0,-55,-20,35,-10,25,-27,32,20,30,-15,20,-10,15,20,-25,-5,20,-5,-10,5],"highs":[0,18,-25,5,-5,0,61,-15,-46,47,17,-9,15,-35,-35,20,55,-5,3,-3,-30,25,0,0,-25,-5,0,40,0,-40,0,-15,5,0,-5,10,-20,42,-1,-51,42,8,-58,63,-175,20,0,150,-65,45,5,23,-5,2,-11,-6,-33,15,-5,35,-35,5,-5,33,-38,15,-20,-10,-25,-35,50,0,-20,25,6,-31,10,0,25,10,20,-5,5,0,-5,0,45,-65,0,25,-5,25,35,0,-15,0,0,0,0,0,0,0,0,0,0,0,0,0,0,-20,15,10,-10,0,5,-10,-10,5,10,5,30,0,0,0,0,0,0,0,10,5,-15,10,0,0,-5,0,5,0,0,0,30,15,-5,10,-25,0,30,10,-15,0,0,0,0,-21,26,5,20,0,-10,0,-37,-11,28,0,10,-32,47,25,10,0,-5,15,20,0,-20,-5,5,5,-5,5],"lows":[0,31,-8,-30,30,0,40,-32,-8,-6,53,-22,22,-12,-35,-4,74,-5,-5,-19,-21,45,0,0,-25,-15,10,23,12,-35,0,-55,45,0,-25,10,0,10,11,-31,-3,38,-63,63,-155,15,0,123,-118,93,7,30,15,-5,-38,36,-33,15,-5,33,-33,5,-5,-7,-18,15,-10,-75,-75,75,5,60,-20,8,-2,-6,-5,0,0,5,0,40,0,0,0,0,-20,5,-5,35,-40,60,-40,45,-5,30,0,0,0,0,0,0,0,0,0,0,0,0,0,-45,10,0,5,-10,-5,10,5,-5,20,-5,0,25,-10,0,35,0,0,0,0,-5,5,0,-20,15,10,0,0,0,0,0,0,30,-25,10,5,5,0,-5,15,-5,15,-15,0,-15,20,5,-5,40,0,-50,-5,-23,28,0,0,-16,46,20,30,-15,5,5,15,20,-30,0,0,5,0,0],"closes":[0,14,-20,0,0,0,61,-15,-46,-6,59,2,6,-26,-35,20,50,-5,5,-21,-14,30,0,0,-25,-15,10,38,2,-40,0,-15,5,0,-25,20,-10,42,-1,-51,-3,50,-62,70,-175,15,0,152,-62,14,1,53,-8,8,-51,36,-33,15,-5,33,-33,5,-5,5,-17,2,-10,-65,30,-25,50,0,-20,18,-5,-13,-5,15,-15,50,10,5,-5,-15,0,20,20,-40,0,15,-10,40,0,0,20,0,0,0,0,0,0,0,0,0,0,0,0,0,0,-35,30,-5,-10,15,-10,-15,10,5,0,10,25,0,10,0,0,0,0,0,0,0,0,0,-15,20,0,0,0,5,0,0,30,15,-25,30,-25,0,25,-10,10,-5,5,-25,0,1,4,30,10,0,0,-50,-5,-23,58,-30,0,0,45,35,10,-20,0,10,40,-10,-20,5,5,-10,0,0],"volumes":[53.4,88.6,9.6,14.4,6.4,4.8,28.0,33.6,4.8,121.2,65.4,8.0,72.0,4.8,4.8,35.2,44.0,16.0,86.0,84.4,11.2,6.6,15.2,20.0,4.8,7.2,1.6,56.4,28.4,3.2,27.2,4.8,3.2,4.8,3.2,9.6,1.6,94.4,108.2,3.2,51.0,73.6,55.4,66.4,1.6,6.4,6.4,166.6,3.2,60.2,134.8,87.6,87.7,63.0,152.2,36.0,1.6,1.6,4.8,76.0,4.8,2.0,8.0,78.0,182.4,43.2,17.6,19.4,131.4,28.8,41.2,12.8,1.6,41.6,64.0,4.8,11.4,4.2,38.2,20.2,23.2,12.0,15.2,9.0,7.0,11.6,53.4,12.6,15.8,2.0,17.2,24.6,40.2,10.6,5.0,6.0,21.4,10.6,10.2,2.8,1.4,8.4,1.4,2.8,18.6,12.0,1.4,5.2,7.2,29.8,11.6,40.2,15.4,30.0,15.4,18.6,5.6,20.2,7.0,48.4,136.2,25.6,42.0,18.2,7.0,5.6,11.8,8.2,7.6,24.6,5.8,11.4,30.4,16.0,7.0,5.0,3.2,4.0,27.8,12.8,39.0,10.2,21.4,13.2,19.2,16.6,114.6,82.4,15.6,26.2,12.6,22.6,21.8,36.6,34.6,34.8,47.6,8.4,4.0,22.8,54.4,21.6,13.2,12.0,19.6,27.6,26.6,72.0,8.4,39.4,4.2,23.8,42.2,29.4,20.0,14.4,14.4,12.2,12.0,84.2]}