{"timestamp":1247356800000,"multiplier":1.0E-5,"open":1.08587,"high":1.08587,"low":1.08497,"close":1.08497,"shift":60000,"times":[1260,1,1,1,1,1,1,1,1,1,1,1,1,1,1,1,1,1,1,1,1,1,1,1,1,1,1,1,1,1,1,1,1,1,1,1,1,1,1,1,1,1,1,1,1,1,1,1,1,1,1,1,1,1,1,1,1,1,1,1,1,1,1,1,1,1,1,1,1,1,1,1,1,1,1,1,1,1,1,1,1,1,1,1,1,1,1,1,1,1,1,1,1,1,1,1,1,1,1,1,1,1,1,1,1,1,1,1,1,1,1,1,1,1,1,1,1,1,1,1,1,1,1,1,1,1,1,1,1,1,1,1,1,1,1,1,1,1,1,1,1,1,1,1,1,1,1,1,1,1,1,1,1,1,1,1,1,1,1,1,1,1,1,1,1,1,1,1,1,1,1,1,1,1,1,1,1,1,1,1],"opens":[0,-100,27,-64,68,0,0,-6,3,5,2,-2,-60,-5,-3,40,-58,82,-56,62,-86,24,0,58,-5,-43,-13,8,-5,0,0,52,10,-62,-5,58,-58,0,51,9,-80,-10,2,8,5,-3,23,-9,9,0,5,-30,10,10,5,10,-10,0,15,-20,20,-10,0,5,-5,20,20,10,-20,0,-12,17,-5,5,20,-35,10,0,5,-10,5,-5,5,-27,17,-4,14,2,3,-10,-9,9,15,-10,0,0,0,10,-20,-20,20,0,-5,-23,18,-5,0,-5,-10,5,10,-5,5,0,5,0,-5,-60,-5,-15,10,-5,10,10,5,5,15,-10,-5,0,5,-30,-10,0,5,-5,5,15,0,0,10,-25,5,10,10,-25,5,-10,0,10,0,0,-5,-5,15,-20,0,5,10,0,-10,5,0,0,5,5,0,5,0,-15,-5,0,-10,10,0,-50,15,5,5,0],"highs":[0,-83,60,-58,16,3,0,-3,5,0,0,-2,-65,5,23,43,-21,7,-57,65,-17,-48,0,58,-3,-40,45,-55,-5,0,0,65,0,-65,-5,65,-65,0,70,3,-93,-10,7,3,5,5,15,56,-56,0,10,-35,10,20,-5,10,-10,30,-15,-20,20,-10,5,5,5,25,10,0,-20,0,-10,15,0,20,0,-25,5,-5,5,-5,0,0,10,-19,8,3,-2,12,-7,-10,0,0,15,-10,0,0,10,0,-10,-10,0,0,-5,-2,2,-10,0,-5,5,10,0,-10,0,15,0,-10,-5,-60,-5,10,-5,5,10,5,0,10,0,-10,0,5,0,-25,-5,0,-10,-5,20,5,5,10,-10,-25,35,-10,0,-20,0,-5,15,10,-10,-5,-10,-5,20,-20,0,10,20,-20,-5,5,5,-10,10,5,10,-10,0,-10,-5,-5,0,0,0,-30,10,0,5,-5],"lows":[0,-38,14,-23,63,5,0,-6,-2,0,5,5,-60,-5,-8,45,-58,34,-8,55,-79,24,0,55,-3,-42,-13,3,0,0,0,52,0,-52,-5,57,-57,0,44,9,-73,-10,2,8,-8,-7,40,-9,-16,25,5,-30,10,10,5,10,-10,0,0,-5,5,5,-5,5,-5,25,15,-15,10,0,-17,17,-20,25,-15,0,10,0,-5,0,5,-5,5,-32,14,-6,24,-3,0,-2,-42,42,0,5,0,0,0,-15,5,-20,10,-10,10,-22,22,-5,-10,-5,0,5,0,5,5,0,5,-15,-55,-15,-5,0,5,-5,20,10,5,5,5,-5,0,0,-5,-20,-15,0,0,-5,10,10,10,0,-30,5,10,0,5,-5,5,-10,0,0,0,-5,0,5,-5,0,0,5,10,-5,-5,5,-10,10,5,0,0,10,-20,5,-5,-10,0,5,-45,0,15,5,5,0],"closes":[0,7,18,-16,16,-2,5,-12,7,0,2,0,-62,0,-13,84,-21,-29,-21,55,-7,-48,0,55,-2,-38,45,-60,0,0,0,65,-13,-52,-5,57,-57,0,57,4,-81,-10,7,3,-8,18,15,42,-62,20,10,-35,10,20,-5,10,-10,10,-10,-5,10,0,5,0,10,25,0,-15,5,0,-17,17,-5,30,-35,10,0,0,0,0,0,0,0,-17,-1,1,17,0,0,-5,-15,15,0,5,0,0,10,-20,0,0,0,-5,0,-18,18,-10,-5,-10,15,10,-20,10,0,5,0,-15,-50,-15,-5,15,-10,5,15,15,0,10,-10,0,-5,5,-10,-10,-15,0,-5,0,5,20,5,-10,-30,15,15,10,-20,-5,5,-10,20,-10,5,-15,0,0,0,-5,5,10,0,-5,-5,5,0,0,10,0,5,0,-20,10,-10,-10,5,5,-40,5,0,10,0,0],"volumes":[20.0,58.6,128.8,76.4,52.0,61.8,97.6,84.8,248.0,320.7,341.0,9.2,2.4,8.8,560.4,307.0,401.8,378.4,1.6,98.0,242.0,4.8,3.2,35.2,64.8,4.8,320.0,5.6,3.2,3.2,1.6,108.2,405.2,2.4,1.6,226.8,1.6,1.6,905.4,1068.0,1.6,1.6,3.2,1.6,3.2,32.8,16.0,1179.2,8.8,1.6,28.0,4.8,4.8,7.2,1.6,2.4,32.8,43.2,7.2,1.6,27.6,2.6,8.0,5.0,23.4,31.0,26.6,63.2,17.6,38.4,156.8,17.0,27.4,41.6,31.4,48.8,36.4,9.6,46.4,123.2,27.2,22.4,20.2,57.6,384.1,339.9,4.8,256.2,394.0,3.2,40.8,3.2,4.8,19.2,6.4,9.6,18.4,84.4,83.2,17.2,61.4,64.6,26.0,306.9,5.4,10.2,29.6,73.6,47.2,21.8,51.3,18.6,22.0,54.8,35.5,41.2,185.8,85.4,81.4,128.3,146.0,191.0,189.2,49.0,75.0,112.8,74.4,43.6,39.8,50.2,88.6,13.6,52.8,38.0,90.4,50.6,59.7,83.0,90.8,32.2,24.0,58.6,206.6,164.0,105.6,77.0,9.6,62.4,79.0,289.6,178.4,225.2,102.0,56.6,355.2,96.4,94.4,147.2,105.0,25.8,233.2,33.0,268.2,15.2,8.2,31.6,63.8,17.6,40.4,66.4,47.2,84.2,52.8,28.8,231.2,85.2,121.8,83.0,28.2,40.8]}