{"timestamp":1259452800000,"multiplier":1.0E-5,"open":1.50094,"high":1.50139,"low":1.50092,"close":1.50127,"shift":60000,"times":[1320,1,1,1,1,1,1,1,1,1,1,1,1,1,1,1,1,1,1,1,1,1,1,1,1,1,1,1,1,1,1,1,1,1,1,1,1,1,1,1,1,1,1,1,1,1,1,1,1,1,1,1,1,1,1,1,1,1,1,1,1,1,1,1,1,1,1,1,1,1,1,1,1,1,1,1,1,1,1,1,1,1,1,1,1,1,1,1,1,1,1,1,1,1,1,1,1,1,1,1,1,1,1,1,1,1,1,1,1,1,1,1,1,1,1,1,1,1,1,1],"opens":[0,15,-9,-6,-13,3,10,38,-33,-6,6,43,6,8,0,-11,21,-24,15,-22,-22,12,-12,-12,-39,50,-18,-4,-5,46,-23,3,-29,5,2,12,-28,20,-1,4,-24,19,-20,-5,15,31,-41,10,-2,2,-18,25,-3,-22,-18,6,46,-16,-15,48,-16,-18,-16,34,-12,26,-16,4,-29,-1,-68,-2,28,-8,29,28,-33,-40,2,7,-46,-80,-35,-5,-90,2,-20,-29,-87,90,47,-23,-5,48,20,-2,7,-24,52,9,0,3,9,47,39,-27,1,24,12,-25,12,23,-2,95,-5,-25,-17,-3,-25,-8],"highs":[0,-14,-19,-6,3,-2,4,47,-38,10,1,33,39,-27,-6,30,-5,-39,9,-6,-16,-5,-13,-7,2,-2,8,13,-14,17,-14,-9,9,-13,-7,4,1,-4,-1,3,-10,13,-33,25,10,2,-18,16,-8,3,-3,-7,2,-11,-25,41,-1,-14,40,-5,-23,-13,-2,21,8,15,-18,-10,-6,-23,-59,32,4,11,10,10,-30,-24,-8,1,-31,-82,-45,-13,-73,-9,-22,-32,11,43,1,-10,43,16,-10,0,6,20,9,3,8,13,32,64,9,-36,22,-1,-4,-19,16,17,88,7,3,-4,-31,-5,-35,-11],"lows":[0,-6,4,-20,5,-4,-17,33,11,-6,1,30,22,-6,4,1,6,-59,29,5,-12,2,-32,-5,-16,29,2,-4,-9,-6,-2,-5,8,11,0,-3,-10,6,-1,4,-19,20,-22,5,6,18,-28,17,-9,7,-16,18,-1,-28,-10,7,18,1,-9,38,-27,-5,-10,23,-2,33,-26,2,-25,-62,-24,25,25,-10,25,-11,-25,-7,-6,-9,-65,-45,-74,-29,-37,1,-47,-63,3,77,19,14,-1,46,-10,3,22,-17,37,4,9,10,16,47,25,-24,10,20,-26,3,2,14,31,44,1,10,-16,-5,-31,-14],"closes":[0,-41,4,0,0,-19,34,-14,7,12,11,36,19,-6,-26,33,-27,-18,-1,7,-12,-3,-40,8,17,-11,21,8,-7,-25,1,-13,33,-10,-14,-6,20,-26,19,0,-3,10,-40,35,10,-7,-20,-1,-1,-2,18,-17,10,-31,2,29,-4,-3,30,1,-28,-10,-1,15,18,1,-4,-11,-20,-78,6,42,0,12,8,-37,-11,-3,-18,6,-87,-37,-48,-46,-44,-6,-25,-84,98,35,-15,8,49,1,-17,22,-2,26,-2,14,6,6,43,58,-19,-4,15,-8,-32,11,26,-16,110,4,-28,24,-16,-12,-40,-26],"volumes":[18.5,23.9,19.4,29.4,26.4,22.1,21.6,20.9,22.8,61.9,22.6,19.3,15.6,31.2,19.2,30.4,23.7,23.2,27.6,26.9,21.1,28.6,28.8,69.7,16.2,25.6,27.1,44.8,27.8,33.8,17.9,18.2,17.3,26.9,18.1,15.4,22.2,24.1,19.8,23.5,19.1,16.4,43.3,16.2,20.4,22.4,27.2,29.2,25.3,33.8,23.0,17.1,18.2,24.3,34.5,23.3,21.7,21.6,18.4,27.0,20.7,13.2,21.8,56.7,19.6,52.8,22.9,14.0,18.4,13.1,20.5,26.0,15.5,76.2,18.5,45.4,16.5,27.4,15.9,21.5,22.4,15.2,26.8,21.5,31.3,27.5,29.7,27.7,22.6,24.5,23.1,16.5,13.8,21.1,25.3,23.7,17.5,22.7,23.9,23.8,18.2,12.1,33.9,24.0,25.4,17.9,21.9,41.5,20.6,17.4,22.6,17.1,28.7,23.4,26.2,19.8,22.5,21.6,14.8,12.5]}