{"timestamp":1258848000000,"multiplier":1.0E-5,"open":1.64965,"high":1.65005,"low":1.64965,"close":1.65,"shift":60000,"times":[1320,1,1,1,1,1,1,1,1,1,1,1,1,1,1,1,1,1,1,1,1,1,1,1,1,1,1,1,1,1,1,1,1,1,1,1,1,1,1,1,1,1,1,1,1,1,1,1,1,1,1,1,1,1,1,1,1,1,1,1,1,1,1,1,1,1,1,1,1,1,1,1,1,1,1,1,1,1,1,1,1,1,1,1,1,1,1,1,1,1,1,1,1,1,1,1,1,1,1,1,1,1,1,1,1,1,1,1,1,1,1,1,1,1,1,1,1,1,1,1],"opens":[0,35,2,8,5,-5,0,-55,-5,5,-5,0,-5,0,-20,10,5,-15,-15,-65,-80,-10,20,10,20,-10,10,-10,10,0,5,-16,26,-5,-23,16,-3,-1,-9,15,0,-10,15,-5,-25,0,0,0,-30,-5,20,15,-50,75,-10,-50,0,-20,-5,5,25,5,5,-5,-5,20,25,5,0,20,35,5,-15,0,0,15,15,25,0,5,20,-5,0,25,-10,25,-55,-15,-10,-5,-15,10,20,-5,15,5,-10,0,5,5,0,-40,10,-10,65,0,5,-115,110,-45,-10,35,55,-25,-10,25,0,45,-15,20],"highs":[0,10,-11,6,5,-5,0,5,-65,30,-25,-5,-5,5,-25,15,5,-20,-15,-65,-80,-10,45,10,-5,-10,10,-10,10,0,5,9,1,-5,-7,10,9,-10,-3,-4,0,0,10,-5,-30,0,0,5,-35,-5,40,-5,25,0,-10,-50,0,-20,5,5,15,10,0,10,-5,5,30,0,25,30,0,5,-15,15,-5,25,60,-10,0,0,-5,-5,25,5,10,0,-55,-15,-10,0,5,5,5,10,5,-5,-5,0,5,0,0,-15,-15,65,60,-65,0,-5,0,-30,0,70,5,-25,10,5,35,40,-30,-5],"lows":[0,35,-5,15,5,-5,-55,0,-5,5,-5,0,-5,0,-20,0,-10,-10,-95,-40,-15,-5,5,30,15,-5,10,-18,18,0,0,-19,24,5,-23,-1,-2,-3,4,20,0,-14,9,-50,25,5,-5,-35,5,-5,10,-15,-25,85,-65,15,-30,5,0,5,25,0,0,-5,5,15,30,0,5,15,-5,35,0,-5,5,10,0,45,-5,10,5,5,0,15,5,-55,5,-15,-10,-10,10,10,15,0,10,-10,5,-5,10,10,-45,0,-10,10,70,-60,-65,15,65,-45,35,35,30,-10,-10,30,5,25,5,10],"closes":[0,15,-20,15,5,-5,-55,0,-5,5,0,-5,-5,5,-25,0,0,-10,-75,-70,-5,-15,5,50,-5,-5,10,-15,15,0,5,-7,12,0,-22,18,-13,-1,-7,20,0,-14,19,-30,-5,5,0,-30,-5,-5,40,-45,70,-10,-45,-5,-20,-5,10,5,15,10,-5,-5,5,15,25,5,25,30,-5,-5,0,5,5,20,30,-5,5,25,-10,0,25,-5,20,-65,-5,-20,5,-15,10,15,0,15,5,-10,5,0,5,0,-40,10,-10,70,5,-5,-115,110,-45,-5,15,70,-25,-5,25,0,40,-15,20,-10],"volumes":[11.0,5.0,19.2,1.6,1.0,4.8,9.6,17.3,1.6,6.0,2.7,1.6,1.0,7.0,2.0,7.4,23.7,9.2,18.2,27.7,7.5,10.7,32.9,28.4,6.0,9.6,1.0,23.0,1.0,1.0,13.8,40.4,6.0,2.2,26.3,21.0,34.8,22.8,60.1,4.4,2.2,49.6,26.4,30.0,29.7,2.0,12.4,38.2,20.4,5.2,39.5,14.4,36.5,16.5,37.9,13.9,69.4,4.3,6.1,7.7,7.0,14.5,27.1,44.4,21.4,19.6,18.8,23.7,43.1,108.3,36.6,43.0,6.0,30.3,35.2,56.5,102.6,34.2,76.4,146.2,57.7,27.4,54.2,30.2,50.1,54.38,14.0,42.0,40.2,70.4,61.4,34.8,19.0,21.0,30.0,64.2,65.6,157.8,80.0,6.2,92.8,68.2,144.7,110.2,99.6,113.1,67.0,70.9,30.1,115.6,31.2,55.8,39.1,29.5,85.2,34.8,67.0,232.9,48.0,56.3]}