{"timestamp":1258848000000,"multiplier":0.001,"open":1149.335,"high":1150.769,"low":1149.233,"close":1150.769,"shift":60000,"times":[1380,1,1,1,1,1,1,1,1,1,1,1,1,1,1,1,1,1,1,1,1,1,1,1,1,1,1,1,1,1,1,1,1,1,1,1,1,1,1,1,1,1,1,1,1,1,1,1,1,1,1,1,1,1,1,1,1,1,1,1],"opens":[0,1559,3122,934,1219,226,322,313,57,-153,-49,159,-368,121,649,-188,22,-65,130,-35,368,-302,-702,-248,193,-458,342,-108,-372,412,147,-58,381,172,-217,231,122,0,96,-175,-295,576,-208,-422,-10,-220,98,-123,769,308,23,-251,-355,-151,667,181,-24,85,-62,-162],"highs":[0,3098,1018,1193,264,488,155,200,-98,-123,119,-39,-86,717,-229,-111,92,-52,-5,387,-79,-251,-753,-62,7,-141,186,-219,83,95,25,347,19,63,-51,282,27,2,67,61,117,-167,174,-410,-394,-144,12,641,403,-90,99,-327,-355,789,-7,21,-90,201,-218,-38],"lows":[0,1661,3122,934,835,285,175,443,-12,19,155,-194,-82,223,-130,190,367,-211,-559,817,-60,-363,-623,-60,-208,-179,507,-404,93,304,71,175,176,8,42,207,174,-113,-11,-543,375,298,-305,-282,-15,-198,135,58,769,-781,846,-539,-103,151,667,126,-86,120,-212,39],"closes":[0,3098,1018,1193,264,488,155,34,-73,18,71,-379,238,669,-314,-4,-21,151,-59,441,-314,-595,-511,275,-415,281,-182,-415,537,136,-43,439,-2,23,55,282,-5,-55,-83,-499,832,-310,-356,50,-229,-12,-111,764,302,-83,-42,-402,-347,728,312,-65,40,6,-255,175],"volumes":[0.00573,0.01361,0.00487,0.004371,0.00653,0.004891,0.00248,0.00486,0.00271,0.00523,0.00334,0.00357,0.00401,0.00218,0.00694,0.00767,0.00632,0.0061,0.00737,0.00593,0.00882,0.00518,0.0047,0.00327,0.0093,0.004052,0.00463,0.00296,0.00715,0.00468,0.004434,0.00518,0.00297,0.003105,0.00694,0.00414,0.0033,0.0063,0.00774,0.00718,0.00673,0.00435,0.00595,0.005368,0.00902,0.00438,0.00267,0.00512,0.003674,0.00598,0.003723,0.00358,0.00417,0.00564,0.00618,0.007045,0.00209,0.00342,0.00368,0.00534]}