{"timestamp":1430611200000,"multiplier":1.0E-5,"open":0.9516,"high":0.95184,"low":0.9516,"close":0.95184,"shift":60000,"times":[1260,1,1,1,2,1,1,1,1,1,1,1,1,1,1,1,1,1,1,1,1,1,1,1,1,1,1,1,1,1,1,1,1,1,1,1,1,1,1,1,1,1,1,1,1,1,1,1,1,1,1,1,1,1,1,1,1,1,1,1,1,1,1,1,1,1,1,1,1,1,1,1,1,1,1,1,1,1,1,1,1,1,1,1,1,1,1,1,1,1,1,1,1,1,1,1,1,1,1,1,1,1,1,1,1,1,1,1,1,1,1,1,1,1,1,1,1,1,1,1,1,1,1,1,1,1,1,1,1,1,1,1,1,1,1,1,1,1,1,1,1,1,1,1,1,1,1,1,1,1,1,1,1,1,1,1,1,1,1,1,1,1,1,1,1,1,1,1,1,1,1,1,1,1,1,1,1,1,1],"opens":[0,24,2,-10,2,24,0,56,3,2,-8,6,2,-9,-3,3,5,-7,-54,8,5,-1,0,5,5,8,-30,4,21,-15,19,45,0,50,-4,0,-75,29,20,-4,4,-5,0,-5,11,-5,-16,0,25,15,-50,0,0,-5,0,10,-5,-19,-1,5,89,-42,-21,-18,2,6,24,-24,9,-12,2,-6,2,2,-11,3,-1,10,-2,-1,-24,27,-23,-1,3,4,-8,-5,7,6,3,26,1,28,15,1,-11,-9,15,9,14,17,2,-36,39,-21,-13,-2,-8,-25,-38,-16,13,-19,16,9,-22,10,-3,10,-30,-2,-3,9,-6,6,5,5,-20,-11,2,31,-2,-16,11,2,12,11,-52,25,7,-1,1,12,6,1,-6,-2,3,9,-6,-5,-7,-1,1,7,1,5,0,7,9,-1,2,-6,6,0,1,0,-2,2,-21,7,-13,-4,2,8,-4,-27,10],"highs":[0,2,0,4,-9,40,37,8,-3,0,-1,-1,5,-12,2,13,-10,-7,-45,4,0,-1,5,5,8,0,-20,5,10,5,45,0,50,10,-10,-5,-30,5,0,0,0,-5,0,5,5,-10,-15,35,15,-10,-50,0,0,-5,10,-1,-4,-15,5,80,3,-40,-21,-18,8,22,0,-17,8,-1,-15,-6,2,3,-10,20,-15,18,15,-16,-34,26,-27,9,3,-6,-8,8,4,0,24,10,28,12,1,-5,-11,6,24,9,7,5,-3,3,0,-21,-13,-1,-9,-25,-38,-3,0,4,6,-4,-11,0,0,6,-30,0,14,-10,20,0,0,-10,-19,-6,29,2,-1,-8,8,-1,21,-5,3,-26,13,-11,22,-3,0,3,-2,-2,3,3,-6,2,-14,-1,10,-1,6,3,2,12,-2,-1,2,24,-24,1,15,-5,-10,2,-15,3,-10,-2,1,0,-4,-8,-9],"lows":[0,24,-15,0,7,16,-4,28,45,2,-32,30,2,-9,-3,3,-2,-47,-44,45,-11,15,-22,27,1,-18,0,4,6,-16,30,25,25,30,10,-70,0,30,15,-5,1,4,-10,-15,25,-20,5,-4,29,-35,0,0,-5,0,0,-5,-10,-24,24,5,47,-30,-6,-17,16,4,-2,4,-7,2,-11,7,3,-3,-5,3,-3,12,-2,-26,-2,9,-3,-2,4,-5,-5,2,3,10,1,19,1,37,10,-14,-1,0,16,4,19,6,-23,-1,15,-10,-7,-3,-26,-39,-17,3,-5,-1,16,-12,-3,3,-25,-10,6,14,-4,-6,7,-6,20,-19,-12,5,1,15,-10,9,-7,7,25,-47,6,20,11,-4,5,9,8,-2,-6,2,3,6,-13,-1,-3,-2,1,9,1,-1,3,11,8,-3,-8,7,4,0,0,-2,3,-24,3,-2,-15,2,9,4,-30,-4,-28],"closes":[0,2,-7,11,-9,19,58,3,2,0,-6,4,5,-12,0,6,-8,-42,-4,5,-16,15,5,5,8,-30,5,10,-5,20,45,-1,51,-6,0,-75,31,20,0,0,-5,0,-5,9,-5,-14,0,25,15,-50,0,0,-5,0,10,-5,-21,1,5,85,-39,-25,-8,-6,6,26,-28,11,-14,6,-6,-2,3,-2,-4,2,3,7,0,-29,5,1,-2,5,1,-8,-5,9,2,5,25,0,34,11,1,-10,-11,16,14,6,19,6,-39,38,-19,-14,-1,-10,-26,-39,-17,17,-19,23,2,-22,11,-5,-5,-20,1,5,4,-5,4,1,10,-21,-8,0,32,-3,-15,10,-1,10,21,-59,24,7,2,0,16,3,-1,-2,-6,8,3,1,-10,-2,-6,-2,9,3,4,4,3,6,3,-3,-7,13,-2,-1,1,-2,4,-25,11,-10,-9,1,11,-4,-27,12,-42],"volumes":[0.4,0.2,1.79,2.06,24.88,38.39,59.33,54.57,2.3,2.3,14.48,3.15,48.45,4.64,13.21,20.88,15.05,20.96,23.0,6.96,4.32,4.57,9.23,9.28,102.16,7.11,21.44,30.62,57.42,65.06,101.44,58.66,64.55,61.29,41.15,149.57,74.93,54.73,34.61,63.58,37.46,64.14,47.43,61.47,67.88,49.58,70.6,113.74,105.63,79.01,88.74,69.58,45.06,36.51,41.15,44.24,52.64,73.16,18.31,14.17,8.8,7.1,8.02,100.99,48.74,41.76,60.23,10.11,32.09,60.03,73.52,46.19,6.96,136.14,4.64,35.85,10.41,70.58,106.18,62.47,61.9,38.05,14.83,27.73,51.13,277.57,102.38,21.99,40.27,21.55,47.25,111.25,105.75,102.58,63.16,59.99,100.45,75.61,75.51,118.75,109.68,75.33,250.65,94.38,79.05,43.01,26.99,21.52,25.55,42.13,55.63,67.37,54.86,43.23,41.44,29.2,21.26,77.83,140.66,107.62,21.35,43.56,58.8,74.41,136.69,134.23,135.46,108.21,99.75,142.2,117.65,121.69,130.15,34.97,76.41,56.85,19.35,121.17,174.89,25.2,19.69,17.89,51.74,27.27,13.64,13.92,34.34,13.64,56.7,9.22,8.46,13.44,10.22,10.76,20.87,10.07,12.32,46.14,25.16,15.29,4.6,14.7,15.73,57.79,4.6,32.73,42.81,32.52,4.49,24.01,26.09,36.2,43.3,34.81,16.84,9.24,57.37,34.0,84.42]}