{"timestamp":1431820800000,"multiplier":1.0E-5,"open":0.91429,"high":0.91429,"low":0.91429,"close":0.91429,"shift":60000,"times":[1261,1,2,1,1,1,1,1,1,1,1,1,1,1,1,1,1,1,1,1,1,1,2,1,1,2,1,1,1,1,1,3,1,4,1,1,1,2,1,1,1,1,1,1,1,1,1,1,1,1,1,1,1,1,1,1,1,1,1,1,1,1,1,1,2,1,1,1,1,1,1,1,1,1,1,1,1,1,1,1,1,1,1,1,1,1,1,1,1,1,1,1,1,1,1,1,1,1,1,1,1,1,1,1,1,1,1,1,1,1,1,1,1,1,1,1,1,1,1,1,1,1,1,1,1,1,1,1,1,1,1,1,1,1,1,1,1,1,1,1,1,1,1,1,1,1,1,1,1,1,1,1,1,1,1,1,1,1,1,1,1,1,1,1,1,1,1,1,1],"opens":[0,53,-4,-17,110,-45,0,-18,-12,-11,61,-36,-14,2,-1,-2,4,2,2,26,-20,10,-1,-7,6,3,4,-1,-2,-8,33,-16,-20,0,1,-1,10,0,4,-2,-2,-7,-6,9,1,-8,0,-9,13,-8,23,121,-12,2,-3,-33,1,-16,-1,8,-4,-15,0,2,-1,-12,-14,-1,-3,3,3,-8,6,3,-1,1,2,-6,3,-1,0,4,-6,2,-2,1,-2,0,-1,-6,-1,-1,-5,-3,1,-5,5,2,-2,0,1,1,0,-2,-2,4,12,0,-1,18,0,-3,-4,-1,-2,-1,0,0,0,1,-3,-1,0,-1,1,0,0,0,-2,1,1,0,0,0,6,2,0,0,1,0,10,2,-5,-2,0,3,-2,0,0,0,0,-1,5,2,-2,-14,1,-3,-4,-2,-1,-1,-3,4,-10,1,0,-2,2],"highs":[0,53,-4,-16,117,-40,-13,-18,-12,50,0,-36,-12,1,-1,1,3,4,0,29,-26,10,-1,0,0,8,-2,0,1,21,0,-16,-20,0,12,-4,3,8,7,-14,0,3,0,-1,-6,-9,9,-4,9,6,123,18,-9,-14,-11,-30,-2,-16,17,-10,2,-21,3,0,-2,-12,-14,8,0,-5,0,-2,1,1,0,1,1,7,-10,-1,7,-1,-4,-2,-1,0,-2,0,-1,-6,-1,-1,-4,0,-3,0,1,1,-1,0,3,-2,0,-1,1,12,0,0,11,7,-1,-3,-3,6,-9,-1,0,0,-1,1,-3,-1,4,-4,0,0,0,0,-1,2,-1,0,0,7,2,0,0,0,1,17,-6,6,-9,-4,10,-7,-2,1,0,-1,0,3,3,0,-2,-13,0,-2,-5,-2,-1,-1,1,1,-10,3,-3,3,-2],"lows":[0,53,-4,-17,48,17,-37,2,-6,0,41,-51,20,1,-10,9,3,3,2,3,1,12,-1,-7,6,3,3,-3,-7,0,1,-4,-7,7,-1,1,4,-2,3,-2,0,-4,-2,-7,0,9,-12,3,5,-1,24,90,-4,15,-35,7,-35,21,0,-9,-4,2,0,0,-17,-11,1,-7,3,5,-6,-6,13,2,-1,2,-1,-12,12,-1,0,-4,2,1,-1,0,-2,-2,-4,0,-3,-7,-2,2,-5,1,5,0,0,-1,1,0,2,-2,-2,3,13,-1,0,15,0,-5,1,-8,5,-5,3,0,0,-7,5,0,-1,0,1,0,0,-2,0,1,1,0,0,0,4,0,-1,5,1,0,8,0,-3,0,0,1,-1,1,0,0,-1,-1,6,-2,-12,-2,1,-12,4,0,0,-4,0,-9,3,0,0,-2,0],"closes":[0,53,-4,-17,66,6,-18,-19,-7,57,-20,-30,2,0,-4,5,3,4,0,2,-1,12,-1,0,0,6,-1,-3,-7,33,-32,-4,-3,3,-1,2,3,-2,11,-10,8,4,0,-7,-9,0,-9,13,0,15,124,-19,5,0,-35,1,-16,-1,8,-6,-14,1,0,2,-14,-13,-2,-2,5,2,-9,7,0,2,-2,3,-2,1,-1,-1,7,-11,4,-1,0,-1,-2,-2,-4,0,-2,-4,-4,4,-9,6,1,-1,1,-2,4,-3,2,-1,0,13,0,0,11,6,-3,-5,1,-8,5,-2,0,0,1,-3,0,0,-1,1,0,0,0,-2,1,1,0,0,0,6,3,-1,0,1,0,9,3,-4,-3,0,3,-1,-2,2,-1,0,-1,4,3,-2,-14,1,-2,-5,-2,-1,0,-3,3,-10,1,-1,0,0,-2],"volumes":[0.37,1.0,0.75,11.46,17.6,7.97,13.29,4.07,12.54,19.61,15.0,31.54,27.0,18.5,18.0,10.0,10.0,12.12,4.0,9.75,2.0,2.0,2.0,2.0,2.0,3.0,3.75,6.25,7.0,16.25,14.74,13.02,7.75,3.0,15.44,15.91,10.18,28.37,31.37,16.16,12.08,21.26,2.9,6.36,32.21,9.24,58.53,34.14,57.43,29.48,29.84,17.25,21.38,16.5,26.3,16.6,31.79,14.0,55.5,80.05,30.0,6.0,23.0,12.0,35.75,35.92,4.64,18.79,29.44,11.77,13.98,71.28,15.28,4.69,9.79,2.8,4.99,21.39,8.44,1.15,19.26,26.66,15.73,14.12,4.19,5.83,8.02,4.45,9.0,1.15,6.6,11.09,24.05,3.84,12.88,10.77,6.52,7.14,3.57,16.36,17.42,8.73,2.62,4.07,15.96,24.51,2.32,10.47,25.83,17.74,25.8,14.32,11.58,29.47,6.98,31.24,8.0,12.0,5.0,26.56,56.33,3.45,23.81,15.85,15.3,1.37,13.7,19.29,25.36,17.6,2.07,8.36,2.74,14.93,11.34,13.37,24.98,3.0,5.24,21.06,20.55,9.37,8.47,13.7,10.58,10.43,6.34,3.24,3.51,7.61,20.66,14.3,2.79,11.81,15.28,8.94,10.17,34.97,23.04,22.51,36.0,39.64,20.81,37.48,14.62,14.77,3.1,56.95,27.54]}