{"timestamp":1431820800000,"multiplier":0.001,"open":1223.859,"high":1223.859,"low":1223.809,"close":1223.809,"shift":60000,"times":[1326,1,1,1,1,1,1,1,1,1,1,1,1,1,1,1,1,1,1,1,1,2,2,1,1,1,1,1,2,1,1,1,1,1,1,1,1,1,1,1,1,1,1,1,1,1,1,1,1,1,1,1,1,1,1,1,1,1,1,1,1,1,1,1,1,1,1,1,1,1,1,1,1,1,1,1,1,1,1,1,1,1,1,1,1,1,1,1,1,1,1,1,1,1,1,1,1,1,1,1,1,1,1,1,1,1,1,1,1,1,1],"opens":[0,-1,0,-50,-50,101,0,0,-130,30,-101,50,-50,-49,-101,100,0,-100,51,50,-1,-100,381,-19,-191,-71,1,-50,49,50,322,-100,99,-21,121,101,128,22,499,101,100,99,-99,-1,1,-101,200,101,-200,100,0,-171,110,149,-49,-140,1,0,-100,99,1,-161,60,-61,1,61,100,-89,-63,0,21,-100,30,-150,-300,-101,-48,-52,-199,-41,12,-12,-150,51,156,27,16,40,-102,-107,64,-30,-150,16,-111,-89,-11,80,50,50,98,97,-151,149,35,-75,39,8,-92,34,-281],"highs":[0,0,-1,-50,0,151,100,-151,-50,51,-150,0,-50,-100,-50,199,-100,-100,50,1,99,1,200,-39,-190,28,-99,-50,50,371,0,0,0,128,222,0,100,399,101,100,100,0,-100,100,-100,100,100,99,-199,0,0,-61,161,-12,-49,-139,0,0,0,0,0,-62,-38,-50,50,100,7,-83,25,0,50,-50,-100,-200,-201,-198,40,-142,-150,-39,50,-99,-52,125,57,-23,32,49,-152,12,-55,-30,-93,-27,-94,-120,74,71,-5,152,98,50,-60,140,-123,-51,82,-59,0,-45,-88],"lows":[0,-251,200,-199,0,300,-51,-49,-31,-70,0,50,-100,-50,-50,100,-50,-100,100,1,49,-149,430,-309,-121,149,1,-151,50,150,221,-170,200,49,121,100,79,72,199,400,100,-50,-50,0,0,-100,192,8,-100,200,-200,0,140,60,-100,0,0,-100,0,0,0,-100,1,19,19,61,12,-112,49,0,-300,100,-199,-101,-100,-49,-51,-199,-50,0,-41,-200,100,50,141,31,12,-43,-71,-39,50,-151,-49,-51,-234,59,-2,147,50,38,110,-15,-39,129,-28,-29,76,-92,0,-246,-41],"closes":[0,0,49,-149,99,100,51,-200,49,-99,49,-50,-49,-101,1,150,-150,-51,50,1,50,100,191,-220,-121,149,-99,-101,101,370,-100,101,-22,122,79,120,100,450,100,100,101,-101,0,0,-99,200,99,-200,0,100,-99,39,160,-60,-139,-1,0,-100,101,-1,-99,0,-62,2,59,100,-88,-63,0,11,-100,40,-150,-300,-101,-39,-61,-199,-41,0,0,-150,51,174,23,11,16,-64,-91,50,-39,-151,18,-118,-90,-35,10,128,28,129,74,-76,75,100,-127,28,63,-131,35,-237,163],"volumes":[0.002,0.021,0.008,0.009,0.011,0.003,0.009,0.011,0.017,0.013,0.019,0.003,0.005,0.002,0.002,0.009,0.016,0.005,0.005,0.002,0.004,0.007,0.00319,0.00999,0.00742,0.003,0.001,0.005,0.006,0.00546,0.00441,0.01372,0.01367,0.01265,0.01741,0.01344,0.02356,0.01316,0.03199,0.02923,0.02775,0.01987,0.01608,0.01698,0.0092,0.01665,0.01435,0.01361,0.01289,0.00785,0.01101,0.02556,0.01752,0.0186,0.0161,0.0055,0.00352,0.01454,0.00876,0.01338,0.00777,0.01599,0.0092,0.01967,0.01337,0.00918,0.01689,0.02685,0.02587,0.02257,0.06838,0.03731,0.0379,0.04124,0.02944,0.02565,0.02726,0.03525,0.04425,0.02443,0.02889,0.01775,0.02488,0.02188,0.00621,0.00222,0.00297,0.00703,0.00148,0.0056,7.4E-4,0.00556,0.00773,0.00281,0.01276,0.00296,0.01183,0.0063,0.00148,0.0051,0.0063,0.00999,0.00631,0.0054,0.00222,0.00555,0.00562,0.00891,0.01334,0.02408,0.00852]}