{"timestamp":1244332800000,"multiplier":1.0E-5,"open":0.7974,"high":0.79763,"low":0.79729,"close":0.79736,"shift":60000,"times":[1320,1,1,1,1,1,1,1,1,1,1,1,1,1,1,1,1,1,1,1,1,1,2,1,1,1,1,1,1,1,2,1,1,1,1,1,1,1,1,1,1,1,1,1,1,1,1,1,1,1,1,1,1,1,1,1,1,1,1,1,1,1,1,1,2,1,1,1,1,1,1,1,1,1,1,1,1,1,1,1,1,1,1,1,1,1,1,1,1,1,1,1,1,1,1,1,1,1,1,1,1,1,1,1,1,1,1,1,1,3,1,1,1,1,1],"opens":[0,2,-9,1,17,0,-2,-10,14,-1,-18,-5,3,14,-13,-1,0,-30,-2,-24,25,-6,0,15,-5,-10,-3,23,25,6,-2,12,-17,13,-1,-15,-11,0,14,10,-14,1,9,-1,10,-3,-2,3,-2,-2,-9,-8,-6,-12,-3,-17,-6,9,-5,47,-11,7,-9,-5,4,-1,-6,9,4,-21,-9,-10,0,0,-22,-8,17,-9,22,-3,26,11,17,0,-5,0,-1,0,8,28,38,-14,21,-7,0,-8,8,-17,-12,-10,0,-7,1,1,-4,-5,-4,7,-28,13,5,13,-15,-9,-4],"highs":[0,-21,2,15,-7,12,-12,2,10,-12,-6,-7,25,-12,9,-20,-9,-11,-2,-17,-1,-6,10,5,0,-10,15,20,15,-4,14,-4,4,0,-9,-15,-1,4,9,10,-23,14,5,11,-11,-1,-4,16,-7,-8,-11,-8,-6,-12,2,-15,0,0,40,10,-11,-4,-10,-2,7,-7,7,9,-9,-21,-9,-8,0,0,-22,10,-3,8,8,17,12,28,0,-8,0,-6,-1,7,50,20,-3,5,8,-9,-3,-2,2,-10,-20,-8,0,-2,-6,1,-4,-3,0,1,-26,11,15,3,-15,-3,-5],"lows":[0,-5,8,2,15,0,-25,10,18,-13,-8,-7,-18,26,-3,-5,-22,-20,-6,0,24,-10,5,10,-5,-10,2,23,17,4,8,-24,19,13,-27,5,-11,1,15,-10,5,6,9,-1,6,0,-5,0,-3,-2,-5,-15,0,-9,-16,-2,-7,1,3,30,3,-8,5,0,4,-1,-8,6,-11,-20,-2,2,0,-20,-10,-2,9,-2,5,17,26,11,3,9,0,-2,0,1,8,27,24,1,18,-9,-6,2,-13,-5,-13,-1,-4,-5,5,-6,-5,0,-4,-21,3,2,16,-7,-10,2,-2],"closes":[0,-4,0,22,-2,0,-18,15,4,-14,-8,2,19,-20,-3,5,-31,-2,-24,25,-2,-10,15,5,-10,-10,20,22,18,-8,18,-25,15,2,-20,-2,-10,10,12,-12,2,10,12,6,-8,0,-7,13,-13,-5,-5,-5,-10,-9,-11,0,0,-8,47,-16,12,-5,-7,0,7,-7,0,8,-21,-18,0,0,0,-22,-5,15,-13,18,5,20,12,20,0,0,-3,-5,0,8,28,42,-18,20,-1,-3,-10,1,-8,-10,-11,0,-4,2,-6,-6,-5,0,0,-25,5,11,15,-10,-10,0,0],"volumes":[33.65,10.62,6.57,10.16,2.58,13.04,35.25,17.59,9.4,6.7,28.35,19.7,58.27,33.51,20.26,37.19,18.08,58.4,59.09,56.19,2.28,1.73,4.69,4.4,6.94,7.35,15.71,35.58,8.96,13.2,7.43,23.75,15.65,9.32,28.41,6.07,29.82,20.15,34.92,31.66,3.67,10.08,1.49,11.71,6.03,29.55,3.3,26.23,11.31,10.37,10.86,11.84,4.65,3.78,15.02,4.18,5.21,21.9,94.39,88.84,18.89,60.92,8.12,11.53,27.46,0.94,11.03,35.97,24.83,28.39,66.56,6.5,50.93,29.86,53.58,7.88,10.4,30.39,24.42,21.77,5.8,15.55,23.02,8.15,5.59,6.32,4.1,5.71,55.26,40.47,21.34,11.21,15.72,18.99,32.52,10.76,26.14,19.41,36.04,11.13,23.62,20.96,1.2,27.45,4.9,3.77,15.27,25.7,4.22,9.51,11.03,26.7,28.32,11.17,24.85]}