{"timestamp":1245542400000,"multiplier":1.0E-5,"open":1.65046,"high":1.65109,"low":1.65032,"close":1.65035,"shift":60000,"times":[1260,1,1,1,1,1,1,1,1,1,1,1,1,1,1,1,1,1,1,1,1,1,1,1,1,1,1,1,1,1,1,1,1,1,1,1,1,1,1,1,1,1,1,1,1,1,1,1,1,1,1,1,1,1,1,1,1,1,1,1,1,1,1,1,1,1,1,1,1,1,1,1,1,1,1,1,1,1,1,1,1,1,1,1,1,1,1,1,1,1,1,1,1,1,1,1,1,1,1,1,1,1,1,1,1,1,1,1,1,1,1,1,1,1,1,1,1,1,1,1,1,1,1,1,1,1,1,1,1,1,1,1,1,1,1,1,1,1,1,1,1,1,1,1,1,1,1,1,1,1,1,1,1,1,1,1,1,1,1,1,1,1,1,1,1,1,1,1,1,1,1,1,1,1,1,1,1,1,1,1],"opens":[0,-6,25,65,-50,40,-38,28,-15,25,10,-20,-15,8,7,0,0,0,-15,5,5,-42,16,0,-34,60,0,-54,59,-40,0,-19,-6,25,-26,8,18,-19,19,-17,0,17,-20,2,18,-19,29,-43,28,25,-40,50,-62,62,-45,-10,-45,0,13,12,-15,0,-65,40,20,-60,-5,-30,20,0,10,-30,10,-5,-5,5,0,-5,0,0,-10,-100,20,-85,50,15,-20,0,0,-15,-40,-15,0,0,-15,-75,-25,-15,35,5,-40,50,0,-15,5,10,10,50,60,10,-5,25,10,-20,5,-35,-115,20,-15,95,-40,-25,15,-20,-23,0,15,8,-23,-15,8,30,0,-65,20,-5,15,15,0,-17,17,30,40,-5,-25,-10,-10,15,5,5,-25,0,0,-16,11,15,0,5,-5,0,30,20,10,10,10,45,10,15,40,-20,0,0,-35,30,-30,40,0,-41,46,-25],"highs":[0,-69,80,10,-10,0,-38,28,0,25,-5,-20,-15,8,7,0,0,0,-5,-5,5,-42,54,-25,-32,45,5,-30,30,-40,0,-13,5,8,-26,10,36,-12,-8,-17,12,5,-20,3,17,4,6,-26,15,21,-40,50,-62,62,-45,-10,-30,-15,15,20,-25,40,-60,15,0,-60,-5,-10,0,0,25,-25,-10,10,0,-15,10,-15,0,0,-10,-75,-5,-50,35,0,-25,5,0,-20,-40,-15,0,0,-15,-65,35,-55,110,-80,30,-40,0,10,0,10,-5,60,45,20,0,20,0,0,-15,-35,-115,20,80,0,-35,-30,15,-5,-25,-12,23,-1,-20,0,21,-1,0,-35,0,5,35,-25,0,-11,41,20,20,-5,0,-20,25,-35,5,5,-25,0,0,-16,26,25,-25,5,-5,50,8,7,35,-15,15,25,15,50,15,-25,-10,0,-5,0,15,-5,5,-17,17,-25],"lows":[0,-12,45,15,0,20,-44,34,5,25,-55,45,-15,-37,52,0,0,0,-15,-10,20,-43,17,-16,-18,55,0,-60,30,0,0,-54,29,25,-39,9,30,-57,57,-47,28,19,-35,8,27,-57,67,-47,32,25,-55,65,-73,23,0,-140,90,0,-31,56,-15,-10,-55,40,-95,20,30,-35,15,-15,-10,15,5,-5,0,5,-5,0,0,-5,-140,35,-5,-60,35,5,5,0,0,-50,-20,0,0,-15,-100,-10,-10,5,35,-25,-10,30,10,-20,20,10,10,45,20,50,0,15,0,0,-40,-95,-25,20,-15,55,5,-15,10,-15,-55,24,10,1,-43,25,8,30,-95,30,15,0,5,25,0,-46,36,40,40,-30,-10,-10,0,10,-34,24,0,0,0,-68,63,10,0,5,0,0,8,42,0,5,25,20,35,-10,10,25,5,-45,0,-10,10,45,10,-58,43,-25],"closes":[0,0,85,-40,15,10,-41,31,15,25,-25,0,-15,-37,52,0,0,0,-5,-20,20,-43,55,-43,-19,45,0,-20,-10,0,0,-19,11,8,-39,23,26,-2,-8,-19,14,5,-35,8,27,4,6,-26,14,22,-55,65,-73,28,-5,-70,35,-15,-31,66,-25,-5,-15,15,-75,15,-5,-20,0,10,0,0,-15,-5,20,-15,-5,0,0,-5,-105,20,-25,-45,50,-10,-10,5,-5,-50,-20,0,0,-15,-75,-20,-10,20,10,-30,40,0,-10,0,5,25,-5,60,30,35,0,20,-20,0,-40,-95,-25,20,95,-40,-10,-15,10,-15,-22,0,7,15,-21,1,-3,23,-60,15,-5,20,0,10,0,-11,41,20,20,-15,-20,-15,10,0,10,-20,0,0,0,-16,26,-5,0,5,0,50,0,0,20,10,20,10,30,50,-30,10,0,-50,30,-40,65,0,5,-32,12,-25],"volumes":[55.4,12.0,9.6,16.8,31.2,48.9,16.0,64.2,18.8,7.4,18.0,1.0,3.2,6.0,3.2,3.2,6.4,3.2,6.4,5.0,6.4,5.8,47.6,51.2,74.4,9.6,39.4,20.0,52.8,24.8,7.2,10.2,32.2,10.4,8.8,20.6,34.8,26.0,7.2,21.0,30.8,7.2,7.2,36.4,7.2,59.6,2.2,22.4,35.2,2.2,5.0,2.2,2.0,61.8,11.2,7.8,7.2,7.2,25.4,35.4,25.6,12.0,4.2,12.8,21.2,52.0,1.6,26.2,4.8,11.8,26.8,15.2,11.2,20.0,26.4,6.4,72.4,56.8,16.0,7.2,62.6,18.4,8.0,14.4,49.2,15.6,8.0,9.6,18.6,22.4,10.4,2.0,3.0,5.0,9.4,43.6,56.8,44.0,39.0,21.4,36.2,32.0,11.2,55.2,53.4,4.8,11.2,30.4,54.0,7.8,5.2,7.2,12.4,22.6,5.0,91.4,19.2,27.8,57.0,7.6,14.4,7.2,4.8,33.6,27.2,45.4,45.0,20.0,41.0,33.0,51.0,20.0,101.4,26.7,41.3,32.0,55.0,8.8,4.0,11.2,54.8,91.0,8.0,67.6,97.2,54.2,46.4,7.6,24.4,77.4,4.0,16.0,20.0,27.2,105.6,34.0,11.6,76.8,168.0,100.0,21.0,149.6,146.6,100.4,73.6,11.2,9.0,109.3,124.2,32.6,10.8,61.4,75.4,25.0,27.8,18.0,5.0,21.2,13.0,102.2]}