{"timestamp":1633824000000,"multiplier":1.0E-5,"open":1.15674,"high":1.15685,"low":1.15662,"close":1.15662,"shift":60000,"times":[1260,1,1,1,1,1,1,1,1,1,1,1,1,1,1,1,1,1,1,1,1,1,1,1,1,1,1,1,1,1,1,1,1,1,1,1,1,1,1,1,1,1,1,1,1,1,1,1,1,1,1,1,1,1,1,1,1,1,1,1,1,1,1,1,1,1,1,1,1,1,1,1,1,1,1,1,1,1,1,1,1,1,1,1,1,1,1,1,1,1,1,1,1,1,1,1,1,1,1,1,1,1,1,1,1,1,1,1,1,1,1,1,1,1,1,1,1,1,1,1,1,1,1,1,1,1,1,1,1,1,1,1,1,1,1,2,1,1,1,1,1,1,1,1,1,1,1,1,1,1,1,1,1,1,1,1,1,1,1,1,1,1,1,1,1,1,1,1,1,1,1,1,1,1,1,1,1,1,1],"opens":[0,-11,2,37,-2,0,1,-1,0,0,14,0,1,0,0,-2,0,0,0,0,0,0,0,0,0,0,0,0,0,0,0,0,0,0,3,-1,-2,0,0,0,0,0,2,-2,0,2,0,0,1,-3,2,-2,2,0,-2,0,0,2,-2,0,0,31,-1,1,-9,6,2,0,-1,-4,-1,6,-12,0,0,-3,-9,3,0,-2,6,-6,-5,3,6,-1,1,-11,0,-7,0,-4,-2,3,-1,-1,-1,1,-2,-4,-2,-1,8,5,3,-2,0,-1,3,-1,-1,-3,4,0,-1,3,-8,-4,-1,-1,-1,1,0,2,-6,0,-5,-8,5,-2,1,4,-1,-2,-3,3,-7,0,1,3,1,1,-1,1,-8,3,1,-1,-1,0,-3,-12,-6,0,4,2,0,3,-12,-1,0,-1,-13,5,3,-4,3,-5,3,6,2,-1,4,-5,-1,9,3,-2,-1],"highs":[0,-22,43,1,10,-4,0,0,0,6,-3,4,-5,2,-2,-2,0,0,0,0,0,0,0,0,0,0,0,1,0,-1,0,0,0,3,0,0,-3,0,0,0,0,3,0,-3,0,3,0,0,0,0,0,0,0,0,-1,-1,2,0,-1,4,27,13,-12,-2,-5,5,-2,1,-2,-2,5,-2,-12,3,-2,3,-13,3,-2,1,4,-8,-5,5,4,3,-3,-11,0,-2,5,-10,-2,-1,-1,0,0,2,-5,-2,-4,5,7,5,-2,-1,-1,1,1,-1,0,0,0,0,4,-2,-6,-6,0,0,0,-1,1,0,-6,5,-7,-5,-1,-1,3,2,-2,-2,-2,2,-7,0,4,1,1,2,-3,1,-5,0,2,-1,-2,0,-3,-11,-6,0,10,-5,0,9,-18,-1,0,-1,-9,8,-4,0,-1,-2,5,4,-1,5,-2,-1,3,2,4,-4,0],"lows":[0,1,2,29,6,0,1,-10,9,0,14,0,1,-2,0,0,0,0,0,0,0,0,0,0,0,0,0,0,0,0,0,0,0,0,2,-2,0,0,0,0,0,0,2,-2,0,2,0,0,-2,0,2,-2,2,-2,0,0,0,0,0,0,0,29,-2,-5,0,6,-2,2,-4,-2,1,-7,0,-1,-1,-11,2,3,-1,0,0,-7,2,3,1,4,-10,0,-8,1,-5,-1,0,1,-2,0,0,2,-13,2,3,-1,7,5,3,-2,-1,-2,6,-4,0,-2,5,-4,0,-2,-4,-1,-1,-3,2,1,0,-3,-1,-5,-8,0,0,1,3,4,-4,-1,-1,0,-5,1,0,4,1,0,-1,-4,-4,5,0,-1,-1,0,-14,-5,-1,0,4,2,-1,-5,-14,9,-1,-13,0,6,-3,2,0,-2,0,9,1,-3,0,-1,2,8,1,-3,0],"closes":[0,1,32,3,2,13,0,0,0,0,3,-1,0,0,-2,0,0,0,0,0,0,0,0,0,0,0,0,0,0,0,0,0,0,2,0,-2,0,0,0,0,0,2,0,-2,0,2,0,0,-2,2,0,0,0,-2,0,0,2,-2,0,2,29,-2,3,-9,4,3,0,1,-7,-2,9,-15,2,-2,-1,-10,3,3,-3,3,-4,-6,1,5,3,3,-13,0,-7,0,-3,-2,3,-3,0,0,1,1,-10,-2,2,4,7,6,-3,0,-1,1,1,-1,-3,3,0,0,2,-7,-4,-1,-1,-4,4,0,0,-4,-1,-3,-10,6,-2,0,3,1,-3,-1,-1,-1,-4,0,0,5,1,0,-1,-5,0,1,0,0,-1,-1,-14,-5,0,0,5,0,0,-6,-5,0,-1,-13,5,6,-5,3,-3,0,5,4,-2,5,-7,-1,9,2,0,0,-4],"volumes":[3.33,4.1,11.04,9.79,18.42,18.04,14.19,12.64,3.76,12.3,6.97,9.22,7.19,16.08,11.79,5.3,15.9,13.75,12.6,10.5,17.85,10.5,26.32,15.6,12.48,19.24,21.06,23.52,22.74,21.06,13.78,13.52,14.49,19.86,12.0,12.07,8.32,16.9,8.29,15.45,15.72,6.84,11.47,1.03,9.27,6.75,6.75,17.25,15.28,18.56,6.75,7.31,15.75,27.96,40.56,28.5,33.65,17.17,20.2,29.7,146.97,73.84,36.59,25.85,6.18,15.0,18.19,7.88,7.5,12.19,13.87,14.25,6.0,25.5,21.94,25.92,9.01,11.28,5.48,3.95,17.82,36.45,1.13,17.44,5.81,8.25,29.65,11.27,14.62,12.39,42.1,19.3,4.69,6.0,14.44,15.22,15.65,3.37,31.16,12.75,0.75,16.35,9.37,10.88,2.25,9.19,6.95,6.19,0.75,4.5,3.75,6.76,0.94,8.26,39.41,34.65,5.51,7.4,9.19,9.78,30.52,3.19,17.64,13.97,4.5,28.67,41.95,16.5,19.69,13.5,6.56,3.0,5.99,3.75,4.12,4.95,3.75,0.75,3.94,5.62,1.5,5.25,6.07,15.51,15.89,0.75,3.0,4.64,4.57,2.51,27.77,10.55,1.5,1.57,10.71,0.75,3.0,13.59,42.69,2.96,15.93,28.98,12.17,13.51,11.32,5.44,3.75,3.0,14.24,3.0,2.25,9.75,6.0,19.13,17.85,3.37,6.75,8.25,8.25]}