{"timestamp":1635638400000,"multiplier":1.0E-5,"open":1.15576,"high":1.1558,"low":1.15562,"close":1.1558,"shift":60000,"times":[1260,1,1,1,1,1,1,1,1,1,1,1,1,1,1,1,1,1,1,1,1,1,1,1,1,1,2,1,1,1,1,1,1,1,1,1,1,1,1,1,1,1,1,1,1,1,1,1,1,1,1,1,1,1,1,1,1,1,1,1,1,1,1,1,1,1,1,1,1,1,1,1,1,1,1,1,1,1,1,1,1,1,1,1,1,1,1,1,1,1,1,1,1,1,1,1,1,1,1,1,1,1,1,1,1,1,1,1,1,1,1,1,1,1,1,1,1,1,1,1,1,1,1,1,1,1,1,1,1,1,1,1,1,1,1,1,1,2,1,1,1,2,1,1,1,1,1,1,1,1,1,1,1,1,1,1,1,1,1,1,1,1,1,1,1,1,1,1,1,1,1,1,1,1,1,1,1],"opens":[0,4,0,0,0,0,23,-5,1,1,-1,20,1,-1,-1,0,12,2,-14,7,-4,0,-2,0,-2,1,0,-1,0,0,2,-2,1,2,-2,2,-2,-2,0,2,3,-1,0,0,0,0,15,-12,3,0,0,0,-2,4,1,5,-2,-1,1,-7,-29,4,-16,-4,10,2,-3,6,0,0,6,-7,5,-1,7,7,-4,0,5,1,-7,-4,-3,2,-1,1,3,3,-12,3,-3,5,4,0,-4,2,-4,2,1,4,-5,-2,2,-1,-13,-1,0,3,2,12,5,2,2,-1,-2,3,0,-1,-1,-2,2,-18,6,0,3,8,4,1,-7,-2,7,3,0,1,0,-2,4,0,0,1,6,-10,0,3,-1,-2,2,-6,-4,1,2,0,1,0,-3,-3,2,-3,4,-9,2,11,-4,4,-7,-5,-8,0,-11,-13,5,3,6,1,-4,1,-24],"highs":[0,0,1,-1,0,27,-4,0,-4,1,26,-7,2,-2,-1,11,3,0,-5,-2,-4,6,-8,0,-2,2,-1,0,0,0,1,-2,2,2,9,-10,0,-3,4,-3,4,-2,0,0,9,7,-1,-9,0,0,1,-1,1,1,7,0,-2,0,4,5,-41,-1,-16,5,8,-5,6,3,-3,20,-17,0,8,-3,7,0,-2,2,4,-1,-8,-4,-4,2,2,-1,6,0,-8,-2,1,9,-3,-1,-2,0,0,-2,6,-1,-5,1,-1,0,-13,-2,3,1,12,5,5,0,4,-3,-1,1,2,-4,1,1,-3,-13,1,0,11,4,1,0,-6,3,7,-3,0,1,0,2,0,0,1,4,4,-12,5,0,-2,-2,1,-6,-3,2,1,-1,2,-1,-3,-1,0,1,0,-6,12,-1,2,-3,-7,-5,-4,-2,-11,-10,4,4,6,-4,0,-3,-18],"lows":[0,18,0,0,0,0,23,-5,0,0,0,21,0,-1,-1,1,4,-2,-2,5,-7,3,-1,0,-1,1,-1,0,0,0,0,0,1,0,0,2,-3,-5,3,3,2,0,0,0,-2,2,2,-4,2,1,5,-7,5,3,2,2,-1,1,-3,-53,13,-4,-4,-5,15,-3,-4,8,2,1,-8,3,6,1,7,1,4,-2,2,-2,-3,-4,-5,2,5,0,4,-9,-1,2,-1,5,-2,-2,3,0,-2,3,1,-2,1,-2,-2,-10,-3,2,0,3,2,12,4,1,4,-4,1,3,0,-1,-6,-9,-5,-6,12,0,4,8,4,-5,-5,1,5,4,0,2,-7,5,5,0,0,1,-1,-4,1,3,-3,0,-2,-6,-1,2,2,0,1,-3,-4,0,0,0,-6,1,2,6,1,-4,-3,-9,-1,-9,-15,1,5,3,6,-4,-1,-24,3],"closes":[0,0,0,0,0,23,0,-5,0,0,22,-1,0,-1,-1,12,3,-12,5,-2,-7,4,-1,0,-2,2,-2,1,0,-1,1,-1,2,-1,1,1,-3,-1,5,-3,2,0,0,0,2,13,-12,3,-2,2,1,-3,3,1,7,-4,0,1,-4,-32,5,-17,-3,8,3,-4,10,0,-5,9,-9,5,-1,8,6,-3,0,5,-1,-6,-2,-4,-1,1,1,1,6,-10,3,-3,2,8,-3,-6,4,-3,0,1,6,-7,1,1,-3,-11,-2,0,3,0,13,5,3,1,1,-4,4,1,-1,-1,-5,4,-19,6,1,-1,12,4,0,-5,-1,4,6,-4,0,2,-2,5,0,0,0,5,-5,-4,6,-2,-3,1,-3,-6,0,2,2,-1,2,-4,-2,0,-1,3,-10,4,9,-2,6,-11,-3,-9,0,-10,-15,5,3,6,3,-4,-1,-26,9],"volumes":[4.3,1.0,3.24,2.0,2.0,4.01,3.75,4.86,4.11,1.49,26.26,0.95,2.63,1.69,3.0,6.0,10.49,9.94,5.05,0.56,4.12,2.42,3.75,4.5,2.99,2.24,4.49,5.24,8.61,4.12,3.93,1.69,2.8,4.26,10.55,0.37,5.8,3.73,9.5,1.12,6.37,6.76,0.94,4.5,21.15,27.91,23.41,11.39,5.51,7.6,4.5,8.35,20.08,8.54,4.5,15.06,21.41,10.27,19.63,267.74,76.87,107.88,34.05,31.3,16.5,6.0,69.35,51.88,33.71,38.62,41.63,30.74,42.74,13.5,16.12,13.69,7.49,10.3,18.94,12.93,15.51,17.04,38.73,14.56,13.12,6.0,6.75,34.07,11.96,3.38,6.63,12.75,22.8,21.59,6.0,5.82,18.34,0.75,23.5,16.64,0.75,6.26,8.65,45.83,10.97,1.87,2.62,5.82,11.23,8.41,18.1,16.92,21.98,27.29,9.75,1.88,2.44,0.94,13.2,48.98,26.86,48.48,7.5,3.37,14.82,7.31,5.25,20.2,8.63,15.87,20.58,30.82,7.13,3.56,35.02,22.82,1.5,3.38,3.0,7.12,13.9,2.32,6.0,9.36,8.38,3.0,10.75,35.56,10.0,10.85,1.5,3.75,2.62,9.26,7.3,24.86,8.05,8.61,28.41,2.25,20.14,27.21,8.8,49.88,24.13,27.77,38.89,81.56,52.48,13.5,12.75,6.37,6.75,9.19,7.5,30.84,6.07]}