{"timestamp":1633219200000,"multiplier":1.0E-5,"open":1.15954,"high":1.15954,"low":1.15932,"close":1.15932,"shift":60000,"times":[1260,1,1,1,1,1,1,1,1,1,1,1,1,1,1,1,1,1,1,1,1,1,1,1,1,1,1,1,1,2,1,1,1,1,1,1,1,1,1,1,1,1,1,1,1,1,1,1,1,1,1,1,1,1,1,1,1,1,1,1,1,1,1,1,1,1,1,1,1,1,1,1,1,1,1,1,1,1,1,1,1,1,1,1,1,1,1,1,1,1,1,1,1,1,1,1,1,1,1,1,1,1,1,1,1,1,1,1,1,1,1,1,1,1,1,1,1,1,1,1,1,1,1,1,1,1,1,1,1,1,1,1,2,1,1,1,1,1,2,1,1,1,1,1,1,1,1,1,1,1,1,1,1,1,1,1,1,1,1,1,1,1,1,1,1,1,1,1,1,1,1,1,1,1,1,1,1],"opens":[0,-22,21,0,-1,6,-9,22,-26,-1,23,1,10,-17,10,-9,-1,4,0,-1,1,0,-1,3,7,0,2,0,-18,1,8,-7,0,0,1,0,4,5,12,-16,17,-11,2,-9,8,-9,-12,5,0,-1,2,-1,0,-10,5,7,-5,1,-6,4,15,15,8,-4,24,5,15,-3,9,-4,9,0,5,3,-2,1,-2,1,9,1,14,0,7,-3,-9,8,3,12,-5,2,13,-1,0,-21,-7,4,2,-4,-2,-1,1,-1,-2,-1,-2,4,2,-3,3,-2,-1,-2,3,17,0,-7,-4,1,-3,2,-5,1,-1,1,2,-6,4,0,1,10,-5,4,-7,2,4,0,-1,2,-6,-4,5,1,12,-1,4,-4,0,0,0,2,2,-5,2,3,-3,5,10,4,-6,-8,2,8,-10,-6,-4,0,-1,-3,3,-9,5,2,1,2,-3,-3,-9],"highs":[0,-7,6,25,-13,2,7,0,-29,-1,37,-1,1,-11,2,1,-8,0,5,0,-1,-4,3,6,1,0,3,0,-11,-5,5,0,0,-6,7,1,2,12,1,-4,3,-5,-3,-2,3,-7,-12,1,-1,0,1,0,2,-13,13,-1,-2,-2,-3,22,12,4,2,17,13,16,-3,3,1,4,-1,5,10,-5,-2,-1,-2,11,0,13,1,13,-2,-7,-1,5,11,0,-1,12,8,-9,-2,-21,-2,3,-2,-4,-2,-1,1,-1,-2,1,-2,5,-1,0,1,-3,0,0,16,2,-1,-4,-5,-1,0,2,-8,1,0,4,-2,-6,5,-1,9,2,-3,2,-6,5,1,-1,1,0,-6,0,7,5,5,1,-1,-2,-2,3,-1,1,1,-3,3,0,-1,14,3,0,-6,-5,7,1,-7,-7,-3,-3,1,-3,0,-2,0,2,3,-2,-3,-3,-9],"lows":[0,0,5,-6,21,-10,7,-5,-2,2,23,-2,-1,-4,3,-4,1,0,2,0,3,-1,0,0,7,0,5,-18,0,0,0,2,-4,0,5,0,0,5,0,0,-2,-4,6,-7,4,-11,0,3,-3,4,1,-5,5,-10,1,6,-2,0,-11,-4,30,13,6,1,24,1,15,1,7,-2,9,0,5,0,0,2,-2,1,9,0,13,1,4,-12,1,-4,18,9,-4,0,14,0,-15,-13,2,2,2,-5,0,0,1,-1,-4,0,-1,4,0,-2,3,-2,-7,5,3,16,-5,-4,-1,-5,3,-2,-4,4,-1,1,-5,1,4,-1,1,4,-2,2,-3,4,4,-3,2,-3,-6,-3,9,1,11,0,-1,-3,0,3,1,1,-1,-2,2,-1,1,5,11,-3,-5,-3,-1,4,-11,-2,1,0,-7,2,-4,-2,6,1,2,0,-5,-6,-8],"closes":[0,15,6,-1,13,-16,22,-27,-2,2,24,12,-10,-4,-3,-4,6,0,-3,7,-2,-3,1,9,-2,3,2,-19,0,0,4,-2,1,-5,6,-1,8,8,-11,14,-16,5,-1,4,-9,-7,1,1,-6,5,0,-1,3,-12,11,-4,2,-4,0,17,16,5,-2,20,8,17,-6,7,1,8,-1,5,2,-2,1,1,-2,10,0,11,2,7,-2,-7,5,5,13,-4,0,14,-3,2,-18,-11,2,4,-2,-3,-1,-1,1,-1,-2,-2,1,3,0,1,1,-4,-3,4,16,1,-6,-4,-1,-5,3,-2,-1,1,-1,5,-9,1,5,-2,10,-2,1,-4,0,5,1,-1,1,-5,-5,4,3,9,2,3,-4,1,-2,0,3,1,-2,0,2,-4,4,13,4,-5,-6,0,6,-7,-8,-4,1,0,-8,5,-7,6,0,1,3,-3,-5,-6,-6],"volumes":[4.44,4.49,10.8,11.12,1.72,7.77,3.37,9.65,1.93,0.82,24.0,12.35,25.13,9.45,11.7,19.58,6.0,5.44,8.59,16.27,19.2,3.35,15.6,11.61,25.39,21.99,8.68,12.8,6.27,2.25,5.79,11.04,11.31,3.0,8.67,8.51,10.08,30.13,6.54,20.73,43.09,55.5,49.59,41.38,54.43,14.91,5.56,1.48,3.0,2.23,1.85,3.72,2.59,0.75,2.98,2.22,3.7,1.85,2.22,131.17,28.94,26.08,11.08,12.57,54.42,43.38,34.82,14.93,7.5,10.13,3.38,7.96,46.3,10.12,14.25,1.5,1.5,19.6,52.74,28.95,3.75,20.17,39.46,32.81,27.82,76.41,20.24,29.99,17.72,115.52,54.65,6.94,43.22,39.1,13.99,42.02,10.51,17.25,4.5,1.5,0.75,2.91,6.47,13.2,8.82,38.0,128.35,6.85,9.57,3.19,24.03,8.1,24.84,10.63,57.24,39.48,22.43,20.45,15.35,41.29,28.25,0.75,5.62,4.12,11.32,0.75,2.25,2.06,9.38,10.87,6.75,12.46,5.81,12.93,1.5,12.07,11.58,47.23,54.88,21.29,43.27,20.92,18.75,9.75,17.44,23.15,9.85,14.33,2.25,5.42,11.22,6.37,13.01,21.24,6.45,15.6,4.76,9.44,12.11,7.96,29.19,25.57,30.57,16.31,11.42,2.44,27.86,16.26,18.45,26.81,9.02,26.7,17.29,5.12,13.37,19.56,19.62]}