{"timestamp":1634428800000,"multiplier":1.0E-5,"open":1.23641,"high":1.23641,"low":1.23641,"close":1.23641,"shift":60000,"times":[1268,4,1,1,1,1,1,1,4,1,1,1,1,1,1,1,1,1,1,1,1,1,1,1,1,1,1,1,1,1,1,1,1,1,1,1,1,1,1,1,1,1,1,1,1,2,1,1,1,1,1,1,1,1,1,1,1,1,1,1,1,1,1,1,1,1,1,1,1,1,1,1,1,1,1,1,1,1,1,1,1,1,1,1,1,1,1,1,1,1,1,1,1,1,1,1,1,1,1,1,1,1,1,1,1,1,1,1,1,1,1,1,1,1,1,1,1,1,1,1,1,1,1,1,1,1,1,1,1,1,1,1,1,1,1,1,1,1,1,1,2,1,1,1,1,1,1,1,1,1,1,1,1,1,1,1,1,1,1,1,1,1,1,1],"opens":[0,-63,23,-23,13,27,0,-20,27,0,-15,-2,-2,-4,-1,1,0,85,-84,3,2,2,5,75,4,-75,0,1,-3,0,76,-95,4,2,90,1,0,-92,1,19,1,-1,-18,3,74,-48,-38,-22,13,-23,-4,2,-14,4,-47,-8,-11,19,2,5,8,19,10,-15,7,0,15,10,1,18,9,-1,-13,17,7,-12,-2,-12,15,15,15,-1,4,-1,0,0,0,6,-6,0,6,8,0,-4,4,1,-2,-5,0,3,10,-1,2,-6,18,11,20,12,-5,1,-9,-3,-27,12,-12,0,12,-11,-4,-5,-1,0,8,2,-2,0,9,17,0,14,-7,5,-5,2,1,-16,14,6,-3,13,-4,4,-5,-5,3,-8,6,18,0,-3,14,-5,-6,0,0,1,-4,-7,7,-1,-2,6,14,-3],"highs":[0,-40,0,18,-1,0,0,13,-5,-1,-15,-2,-2,-4,0,0,89,-4,-83,4,0,83,0,4,-1,-75,76,-1,-77,77,-1,7,2,-7,0,0,0,-91,25,-5,0,0,-10,68,2,-40,-47,-10,0,-19,-5,0,2,-12,-45,-9,8,6,0,8,26,17,0,-9,-2,6,15,-5,16,10,2,-4,-1,12,0,-12,-2,1,19,12,1,10,-6,-2,0,0,5,1,-6,6,9,-1,0,-3,9,-3,-4,-5,2,10,1,3,-2,11,16,18,11,13,-16,-2,-8,-4,-13,-2,-9,5,5,-12,-4,-4,0,7,2,2,4,5,11,12,4,7,-9,2,-6,9,-7,-1,7,0,16,-9,1,-1,-5,0,-1,0,16,3,-4,11,1,0,-6,1,-2,-4,-4,-7,7,5,-4,16,0,10],"lows":[0,-63,2,-2,13,27,0,-20,26,-13,-3,-1,-4,-1,-1,-1,2,1,0,3,2,2,5,1,1,2,0,-1,-1,-7,-8,-4,4,2,-8,2,-1,2,5,19,0,-19,0,-2,-1,-5,-22,0,-15,-5,6,-13,0,-43,-22,2,0,21,1,5,5,23,-8,2,5,1,13,14,0,12,12,-11,1,17,-7,-4,-11,2,16,15,7,-5,13,1,-2,2,0,1,-2,2,6,8,-6,2,3,-1,-3,-2,1,2,8,0,-4,2,16,13,19,8,-5,-3,-11,-21,1,-3,-1,3,2,-6,-4,-2,2,1,8,-6,5,1,1,24,-1,9,-13,10,3,2,-15,-6,18,3,2,10,-1,-2,-7,3,-3,-2,6,16,-1,0,3,4,-6,2,-3,-4,-3,0,0,4,-4,10,9,2],"closes":[0,-40,-21,39,-1,0,0,6,0,-13,-3,-1,-4,-1,0,-1,90,-88,1,4,0,8,-1,1,3,0,76,-77,-1,-7,-8,92,1,0,-1,1,-93,1,20,0,0,-19,4,74,-77,-9,-21,11,-24,-3,3,-15,8,-51,-7,-13,21,1,4,10,18,12,-17,3,3,12,14,2,17,8,-2,-11,13,12,-13,1,-15,12,20,12,-5,9,2,-2,-1,0,6,-5,-1,6,9,0,-3,-1,9,-6,-4,-2,3,10,-1,2,-6,18,11,22,10,-4,2,-10,1,-31,14,-15,-2,11,-7,-4,-7,-1,3,7,2,-3,2,9,14,4,12,-7,4,-4,0,3,-16,16,3,1,10,-3,4,-7,-2,3,-5,1,19,1,-5,12,0,-5,-2,3,-6,-4,-5,0,4,1,3,16,-4,12],"volumes":[0.75,2.74,1.37,2.49,1.12,0.37,0.37,9.0,3.0,5.5,1.75,2.75,1.5,1.0,3.0,3.0,2.86,4.37,3.0,3.0,5.0,9.39,6.01,4.51,4.88,1.75,8.64,8.14,1.0,10.7,12.82,18.66,6.32,8.19,31.95,38.62,43.32,35.5,26.6,20.88,29.58,26.67,40.25,31.24,48.22,68.38,29.35,55.23,83.76,75.14,21.38,39.79,44.37,50.61,51.8,53.99,108.24,42.48,41.19,54.0,48.61,66.36,42.22,49.11,63.89,43.35,80.55,13.61,44.36,28.5,23.37,26.52,8.0,13.0,13.5,15.0,31.8,15.5,24.0,24.5,5.49,27.89,17.5,5.0,9.0,4.5,8.0,6.0,5.0,8.25,12.0,1.0,13.0,6.0,10.24,22.72,13.1,4.74,4.36,10.62,5.12,12.36,10.24,31.99,28.23,47.35,36.58,32.77,18.12,14.25,40.99,43.25,18.0,35.0,23.0,20.5,20.5,20.0,21.0,17.0,16.0,4.0,19.0,17.0,41.0,19.0,40.37,35.0,34.12,13.87,28.25,29.0,6.0,21.0,30.0,37.8,18.0,30.4,35.89,9.47,5.9,16.2,12.62,9.0,24.0,14.3,20.17,20.07,5.69,38.43,42.5,30.12,26.25,16.57,25.8,17.7,11.65,3.25,10.1,12.1,17.58,38.14,24.3,16.0]}