{"timestamp":1654387200000,"multiplier":0.001,"open":7205.689,"high":7209.689,"low":7197.659,"close":7208.689,"shift":60000,"times":[1430,1,1,1,1,1,1,1,1,1],"opens":[0,3850,-910,1000,370,2630,-2940,-690,-2310,-1690],"highs":[0,940,-30,-970,2370,630,-2940,880,-2970,-30],"lows":[0,9030,1940,-630,0,1000,-1460,0,-2000,-540],"closes":[0,970,940,-1600,3000,-1340,-3000,-30,-2090,150],"volumes":[0.02352,0.0072,0.00144,0.00288,0.00576,0.0072,0.00336,0.00576,0.00192,0.00624]}