{"timestamp":1655596800000,"multiplier":1.0E-5,"open":1.04731,"high":1.04739,"low":1.04731,"close":1.04737,"shift":60000,"times":[1260,1,1,1,1,1,1,1,1,1,1,1,1,1,1,1,1,1,1,1,1,1,1,1,1,1,1,1,1,1,1,1,1,1,1,1,1,1,1,1,1,1,1,1,1,1,1,1,1,1,1,1,1,1,1,1,1,1,1,1,1,1,1,1,1,1,1,1,1,1,1,1,1,1,1,1,1,1,1,1,1,1,1,1,1,1,1,1,1,1,1,1,1,1,1,1,1,1,1,1,1,1,1,1,1,1,1,1,1,1,1,1,1,1,1,2,1,1,1,1,1,1,1,1,1,1,1,1,1,1,1,1,1,1,1,1,1,1,1,1,1,1,1,1,1,1,1,1,1,1,1,1,1,1,1,1,1,1,1,1,1,1,1,1,1,1,1,1,1,1,1,1,1,1,1,1,1,1,1],"opens":[0,14,15,29,1,7,10,8,3,-10,47,-45,40,-2,-6,9,4,-9,6,5,25,0,3,2,-14,6,6,10,-4,6,-1,-2,26,-29,-3,-29,2,-25,2,-6,9,14,14,11,-13,-13,10,5,4,1,3,-6,0,0,1,9,-5,4,-3,-2,5,5,-13,-23,-34,-9,-27,-11,-22,13,3,47,23,15,7,-10,3,15,-21,0,14,-21,0,-6,-9,-1,21,9,9,-21,8,1,6,7,15,-2,17,-26,7,-2,7,14,6,-1,-11,12,7,0,-7,-10,13,3,9,-9,0,8,-14,4,7,0,-8,-2,17,0,-16,0,-5,-12,-14,27,6,-19,-1,5,-1,-7,-5,4,-6,-21,6,-5,9,-3,24,-3,-2,-4,12,-7,0,6,6,11,-1,-20,-5,-4,4,14,25,-1,1,4,5,-8,-9,1,-9,8,12,1,5,-12,3,0,-3,11,-22],"highs":[0,21,29,0,6,21,0,2,0,42,-5,-12,7,-2,-2,10,-1,1,1,25,0,0,7,-2,-6,5,12,-2,0,1,15,13,-5,-28,-4,-26,0,-22,20,-7,3,14,16,-6,-13,-5,9,7,0,0,-1,-6,1,1,-1,9,-5,4,-3,0,37,-24,-12,-29,-31,-12,-25,-12,-8,10,37,21,21,6,16,-21,11,0,-20,10,4,-21,1,-8,-6,17,11,5,5,-18,7,2,11,26,3,5,-8,-17,10,1,5,11,-4,1,-2,2,16,-10,-7,2,5,9,-1,-9,9,-1,-9,6,2,-2,-6,17,-3,-1,-11,1,-9,-9,11,2,6,-14,-10,7,-4,0,-5,-3,-3,-21,9,1,-3,30,-9,4,-9,30,-16,-9,9,-3,15,-2,-1,-19,-4,4,8,25,7,-5,4,7,-2,-8,-1,-9,0,15,-4,12,-2,-12,2,-2,11,-1,-20],"lows":[0,-2,28,32,1,7,10,8,-6,-1,-1,3,40,-2,-6,6,-2,0,6,4,20,-20,26,-1,-8,4,1,17,-4,5,-2,-5,1,-1,-31,-2,-28,8,-6,2,-5,17,25,-2,-15,2,7,8,1,4,-2,-2,1,0,1,5,-1,1,-1,-1,3,-9,-24,-29,-11,-37,0,-22,0,4,11,48,23,14,-1,-8,8,-9,3,1,-9,-1,-2,-10,-1,1,20,10,-13,1,1,1,12,7,14,-19,5,5,4,1,7,13,-2,-6,3,7,11,-9,-5,-3,13,3,0,1,0,-7,1,4,6,-11,2,0,13,-22,8,-4,-24,-8,5,27,-12,-3,2,-2,0,-5,-1,-2,-22,0,2,-1,4,3,18,1,-9,6,2,-6,9,5,5,11,-15,-10,-9,0,10,4,34,-5,5,5,-5,-14,6,-12,0,13,7,6,-9,-1,1,-2,4,-12,-6],"closes":[0,23,29,0,6,12,9,2,-9,44,-46,36,7,-2,-2,9,-9,10,1,25,-6,3,4,-2,-2,-2,19,-1,1,0,-1,23,-28,-1,-31,4,-25,2,-9,2,23,14,12,-14,-15,10,9,7,-4,3,-5,-2,2,1,-1,5,-1,1,-1,1,8,-15,-20,-34,-10,-35,-3,-22,12,5,43,21,19,5,-6,0,16,-20,-1,12,-21,3,-6,-10,1,19,11,5,-19,7,3,6,10,14,-3,17,-27,7,-3,8,13,7,-1,-13,12,3,5,-5,-8,9,3,5,-5,1,8,-13,3,6,0,-5,-2,15,-1,-15,1,-7,-10,-16,28,4,-18,1,-1,6,-9,-5,6,-6,-23,1,-1,11,-5,28,-8,4,-10,14,-7,0,8,-1,18,-2,-16,-10,-5,6,13,25,-1,1,3,6,-8,-8,1,-13,9,13,1,8,-14,0,0,0,11,-23,2],"volumes":[8.08,11.62,54.94,0.99,1.12,5.66,4.44,0.44,1.12,7.19,12.45,1.57,0.45,0.9,1.12,2.7,6.97,3.15,1.35,8.1,3.15,7.87,9.9,6.75,5.62,13.04,32.45,12.8,9.9,4.5,16.16,18.22,13.5,4.5,22.03,4.95,20.312,6.3,14.49,25.52,15.48,12.79,3.6,2.7,6.52,9.0,22.94,6.3,6.3,4.5,1.8,1.8,2.7,1.8,1.8,1.57,0.9,1.8,1.57,1.34,152.86,90.71,174.82,141.07,51.75,94.05,82.44,77.85,48.59,109.78,82.93,72.0,80.72,53.55,43.64,84.87,69.16,52.2,56.25,92.25,40.5,27.9,31.95,46.79,46.8,57.97,52.86,23.85,68.85,9.0,98.32,34.2,66.81,125.72,68.81,97.86,47.25,14.4,28.8,31.5,33.3,54.45,27.9,42.66,14.4,18.9,32.4,30.6,18.9,18.9,13.5,26.23,18.0,0.9,28.62,9.4,32.4,12.6,5.4,34.78,9.36,52.29,22.6,82.66,56.7,57.6,55.02,103.23,44.91,21.82,36.58,49.95,7.2,23.76,16.02,34.69,12.37,51.93,84.49,32.21,59.12,45.36,22.5,54.72,47.0,41.3,22.54,110.43,64.24,39.28,46.35,17.68,59.93,22.5,32.21,49.14,37.06,50.85,74.16,92.39,57.72,29.37,18.75,43.54,27.59,72.79,49.72,39.83,119.6,86.64,29.79,41.98,33.61,22.68,29.07,53.34,23.97,55.6,38.09]}