{"timestamp":1656201600000,"multiplier":1.0E-5,"open":0.95577,"high":0.95738,"low":0.95577,"close":0.95738,"shift":60000,"times":[1290,1,1,1,1,1,1,1,1,1,1,1,1,1,1,1,1,1,1,1,1,1,1,1,1,1,1,1,1,1,1,1,1,1,1,1,1,1,1,1,1,1,1,1,1,1,1,1,1,1,1,1,1,1,1,1,1,1,1,1,1,1,1,1,1,1,1,1,1,1,1,1,1,1,1,1,1,1,1,1,1,1,1,1,1,1,1,1,1,1,1,1,1,1,1,1,1,1,1,1,1,1,1,1,1,1,1,1,1,1,1,1,1,1,1,1,1,1,1,1,1,1,1,1,1,1,1,1,1,1,1,1,1,1,1,1,1,1,1,1,1,1,1,1,1,1,1,1,1,1],"opens":[0,123,37,15,-28,4,11,5,1,5,0,1,-1,-1,1,1,-1,7,0,0,-15,13,0,0,1,16,-12,0,-8,44,-19,17,3,-6,17,-3,5,-2,-15,5,6,-10,-6,-9,0,3,0,0,-3,-1,26,-3,6,3,7,0,3,-19,-3,0,7,-12,-28,3,15,-12,-1,9,-13,-7,0,-15,6,18,-3,-15,-3,-2,-11,-6,-4,-6,-2,-5,-3,-2,-2,-13,-12,-3,-16,-4,-4,14,2,-1,17,-2,-12,-17,12,-27,5,-11,13,17,6,7,4,-2,20,13,17,0,20,-8,-17,-2,-12,-2,-16,0,-11,-13,28,11,-4,0,-2,0,3,-3,-3,-3,1,1,-11,-20,10,1,10,-1,-2,9,24,4,1,-3,4,8],"highs":[0,-1,15,2,0,0,7,1,-12,0,0,1,-1,1,0,0,6,1,-1,0,-1,-1,27,-27,40,-3,-32,6,18,22,1,-3,-1,13,-7,4,-1,-4,-9,8,-2,-8,-9,-6,0,1,8,-5,-4,19,6,-4,7,7,1,-1,6,-20,-5,10,-3,-9,-24,11,4,-15,-1,16,-21,-6,-1,-9,16,4,-5,-15,-3,-1,-12,-6,-4,-5,-1,-7,-3,-2,-1,-14,-12,-2,-13,5,-9,11,-3,33,-17,1,-8,-10,26,-43,0,-3,17,3,8,5,-1,22,12,15,5,14,2,-9,-15,-4,-9,-6,-13,-3,-10,15,9,1,0,2,-7,7,4,-9,-6,2,0,-3,-11,-10,2,8,1,1,5,20,20,-10,0,1,9,0],"lows":[0,104,19,24,-1,5,9,6,2,4,1,-1,1,-2,1,2,-1,6,1,-16,1,13,-1,1,1,16,-12,0,-27,63,-77,69,-1,1,-12,29,-3,-10,1,3,-4,-9,-9,0,-1,2,7,-5,-3,4,26,-3,6,3,7,-1,-14,-2,-4,0,-7,-24,-3,6,-5,5,1,-5,-12,5,-14,1,5,14,-5,-31,17,1,-22,4,-8,-1,-9,1,-4,-3,-12,-10,-6,-16,-3,-6,2,14,-1,2,6,-2,-18,-1,-2,-27,0,7,9,19,6,-1,8,6,15,15,18,-2,15,-17,-7,-4,-11,-9,-6,-7,-11,0,27,9,-3,0,-4,0,5,-8,-1,0,1,-10,-18,-2,7,6,4,3,0,9,20,6,-4,2,6,2],"closes":[0,-1,15,1,0,1,7,-16,4,1,0,-1,1,-2,3,0,5,1,0,-16,15,-1,27,-27,39,-3,-31,6,-7,47,-12,2,-4,16,-5,7,-2,-13,2,6,-6,-13,-4,-2,2,-5,9,-6,0,23,3,-1,6,8,1,-2,-14,0,-6,7,-10,-27,-4,18,-10,0,1,-5,-7,-2,-12,1,20,0,-8,-11,-2,0,-17,-1,-8,0,-9,0,-4,-1,-14,-10,-4,-18,-3,-5,8,9,-2,19,-8,-6,-18,14,-17,-6,-17,20,12,8,7,4,0,20,12,17,3,15,-6,-16,-3,-10,-4,-15,-1,-12,-12,28,10,-2,-2,-1,-1,5,-1,-9,0,2,0,-12,-19,9,3,8,0,-2,8,21,7,3,-4,4,9,-2],"volumes":[40.17,41.95,66.52,8.88,15.36,1.64,28.9,18.44,13.5,2.7,0.9,3.0,2.4,8.7,19.2,2.4,8.1,13.2,0.9,39.56,8.1,6.9,15.34,0.9,14.9,22.18,0.9,3.6,2.68,12.76,183.28,110.34,136.5,125.46,71.7,71.1,56.4,179.46,84.58,119.4,172.94,77.4,100.8,55.2,61.76,61.8,75.6,63.6,10.2,19.41,8.4,3.0,10.2,35.08,3.6,4.8,27.0,14.4,3.6,20.4,87.74,69.0,28.8,39.9,61.2,13.2,6.0,48.44,77.63,4.8,21.9,16.8,41.1,20.4,7.2,36.14,8.4,7.2,45.6,2.4,12.0,4.8,9.6,2.4,3.6,9.6,16.8,25.64,10.02,19.48,29.4,27.6,13.2,12.0,25.48,30.66,10.8,14.4,70.76,78.66,79.12,80.36,48.14,70.32,172.54,215.2,191.06,120.22,138.94,120.96,204.64,292.86,149.34,228.36,149.76,152.54,83.54,75.48,154.12,132.4,83.76,35.8,79.51,102.74,70.1,22.2,71.27,66.04,39.44,60.23,80.65,89.75,52.27,61.94,78.6,133.92,109.92,81.39,67.07,89.94,104.18,63.19,46.43,100.77,115.67,32.64,66.43,75.36,55.65,34.84]}