{"timestamp":1185667200000,"multiplier":1.0E-5,"open":0.90463,"high":0.90495,"low":0.90463,"close":0.90495,"shift":60000,"times":[1260,1,1,1,1,1,1,1,1,1,1,1,1,1,1,1,1,1,1,1,1,1,1,1,1,1,1,1,1,1,1,1,1,1,1,1,1,1,1,1,1,1,1,1,1,1,3,1,1,1,1,1,1,1,1,1,1,1,1,1,1,1,1,1,1,1,1,1,1,1,1,1,1,1,1,1,1,1,1,1,1,1,1,1,1,1,1,1,1,1,1,1,1,1,1,1,1,1,1,1,1,1,1,1,1,1,1,1,1,1,1,1,1,1,1,1,1,1,1,1,1,1,1,1,1,1,1,1,1,1,1,2,1,1,1,1,1,1,1,1,1,1,1,1,1,1,1,1,1,1,1,1,1,1,1,1,1,1,1,1,1,1,1,1,1,1,1,1,1,1,1,1,1,1,1,1,1],"opens":[0,74,-63,-12,46,-27,-2,-9,-32,-7,31,-6,1,7,-9,28,-7,-2,-15,-29,-12,-6,-19,12,14,-54,-42,-43,-39,9,30,21,11,1,-9,-7,-18,94,-79,-46,10,10,35,15,-18,12,4,-2,-1,-17,-22,-6,19,-28,20,6,-1,-6,9,-17,-30,-20,0,10,-14,-16,6,-3,1,7,3,-5,-5,-1,35,15,-25,-53,2,-1,5,14,-6,3,39,79,45,37,-27,-7,-12,-9,-2,12,-5,3,42,23,15,97,0,89,-19,-13,-7,3,31,11,-2,14,30,-15,-2,36,35,13,-5,0,-9,5,38,-58,9,20,-5,-33,-91,-26,13,5,-296,221,89,-11,14,-5,-5,1,13,15,12,16,8,-26,-30,11,6,-241,179,63,-55,-33,-4,-8,-14,-7,35,26,30,38,-27,4,-1,4,-16,9,8,-7,35,11,0,-11,15,4,-4,-15,-1],"highs":[0,54,-75,-12,80,-61,-2,-7,-33,23,0,0,2,0,19,0,-1,-8,-15,-29,-4,-14,-11,29,-11,-54,-42,-43,-31,19,28,24,-3,-4,1,-17,33,56,-92,-41,13,27,26,-1,-5,4,1,-4,-1,-16,-19,10,-1,-9,5,6,-3,2,-1,-17,-30,-13,5,-2,-14,-6,-2,-2,4,8,-4,-1,-8,25,25,12,-39,-53,3,1,14,6,-8,24,74,56,30,42,-50,-8,-13,-7,8,3,-8,46,17,12,91,19,72,16,-21,-14,-2,17,34,-6,0,41,-5,-13,27,29,25,4,-4,-2,-13,43,11,-68,31,-2,-1,-38,-78,-24,-2,15,-220,230,-6,0,12,-12,-4,7,20,4,22,8,6,-31,-17,-2,17,-179,176,-7,-55,-33,-4,-4,-18,20,22,31,60,-11,-24,12,1,-9,-14,21,0,8,58,-28,-5,-3,16,4,-13,-3,-9],"lows":[0,42,-69,26,46,-36,-3,-26,-10,-2,25,0,1,-5,3,21,-1,-10,-32,-5,-19,-21,5,12,-34,-37,-50,-42,-4,12,30,21,11,-14,3,-19,-3,16,-43,-7,13,10,35,-4,1,8,8,-10,-5,-21,-10,-5,-9,3,18,6,-1,-4,0,-34,-27,1,2,-3,-17,-6,4,4,2,7,-3,-2,-7,4,35,12,-61,-33,18,-4,11,4,3,4,39,79,45,22,-17,-13,-14,-4,6,8,-7,9,33,32,15,95,2,78,-16,-12,0,3,31,3,0,20,14,1,-2,36,35,11,-6,0,-17,16,-6,-21,16,12,-18,-95,-25,-22,16,-119,-242,301,77,1,12,-6,-4,3,13,13,14,11,-5,-40,2,6,-104,-185,238,22,-38,-20,-1,0,-25,4,35,26,30,12,-1,4,-1,-13,-3,13,-1,2,35,7,-14,4,18,3,-19,0,0],"closes":[0,10,-69,26,47,-28,-10,-28,-10,29,-5,0,7,-12,31,-7,-1,-10,-32,-5,-5,-32,8,26,-54,-37,-50,-42,7,19,28,18,3,-17,1,-19,48,-35,-43,1,9,31,26,-20,11,3,4,-7,-9,-21,-10,18,-32,22,1,4,-1,2,-6,-34,-22,-4,14,-15,-17,7,-9,5,7,8,-7,-5,-5,29,25,-5,-61,-20,8,2,14,-8,4,26,74,56,30,2,-17,-13,-10,-7,17,-4,-3,48,17,7,96,12,79,1,-16,-12,2,21,22,-8,14,41,-21,3,27,29,25,-3,-4,0,-19,54,-44,-13,31,-8,-21,-95,-25,6,-4,-127,-76,230,-15,9,1,-3,-7,12,20,4,22,8,-17,-39,13,-2,-108,-53,174,-46,-38,-14,-7,1,-25,30,22,31,55,-32,0,3,8,-22,1,15,-7,23,28,2,-19,11,14,-4,-19,0,4],"volumes":[0.041172,0.203937,0.159909,0.035614,0.259115,0.230519,0.193531,0.218729,0.163816,0.150578,0.307885,0.159452,0.154452,0.162192,0.342488,0.148151,0.130349,0.161313,0.100943,0.100352,0.111336,0.091707,0.107662,0.186887,0.145083,0.17614,0.180611,0.131898,0.278766,0.176559,0.125147,0.130678,0.119248,0.226523,0.171725,0.135945,0.142361,0.192527,0.197196,0.286126,0.184426,0.075557,0.181723,0.082602,0.13589,0.190414,0.150275,0.10638,0.166126,0.109351,0.145285,0.089251,0.198071,0.170578,0.240144,0.162674,0.09042,0.132515,0.115353,0.197606,0.170281,0.085297,0.066994,0.141782,0.156117,0.290831,0.097608,0.203471,0.319287,0.298189,0.127381,0.177258,0.217003,0.188533,0.215443,0.214577,0.119787,0.352585,0.123055,0.109946,0.169577,0.207849,0.137446,0.154552,0.146479,0.149866,0.101517,0.188825,0.220474,0.279693,0.156182,0.178122,0.147215,0.150757,0.172728,0.256489,0.174832,0.133353,0.150515,0.189328,0.194905,0.137015,0.147862,0.128616,0.19292,0.117403,0.285334,0.102029,0.177896,0.286476,0.304487,0.480642,0.163098,0.227235,0.064177,0.17741,0.225062,0.177204,0.123075,0.118874,0.197439,0.208509,0.148125,0.239711,0.177994,0.162631,0.23817,0.209296,0.14435,0.136764,0.223216,0.166434,0.137348,0.159188,0.177794,0.130067,0.131627,0.148828,0.172338,0.125741,0.177446,0.272673,0.171456,0.146825,0.123183,0.138411,0.209834,0.191287,0.165142,0.101842,0.108595,0.111162,0.125308,0.095689,0.126757,0.108497,0.190876,0.112733,0.14791,0.199409,0.110835,0.154805,0.115469,0.184191,0.146814,0.196812,0.204786,0.178896,0.191454,0.092598,0.142385,0.18439,0.062982,0.133274,0.129284,0.244815,0.124689]}