{"timestamp":1184457600000,"multiplier":0.001,"open":666.857,"high":666.857,"low":666.587,"close":666.593,"shift":60000,"times":[1320,1,1,1,2,1,1,1,1,1,1,1,1,1,1,1,1,1,1,1,1,1,1,1,2,1,1,1,2,1,1,1,2,3,1,1,1,1,1,1,1,2,1,2,1,1,1,4,2,1,2,2,2,1,1,1,2,1,1,1,1,1,2,1,1,1,2,1,1,1,1,1,1,1,1,2,1,3,2,3,1,1,1,1,1,1,1,1,1,1,1,2,1,1,1],"opens":[0,-232,-125,-201,-51,-50,-18,15,52,150,123,137,131,-18,-113,238,-277,-23,-22,-33,-17,84,88,-43,45,-36,-124,-14,147,43,134,-24,-166,-34,7,-19,34,2,58,-107,49,101,-50,-65,262,-75,-122,49,-25,25,-52,-255,155,-62,40,100,72,-43,18,9,166,-198,-42,192,-284,105,79,82,-134,-40,41,105,127,19,50,-4,-215,120,0,-1,-118,-63,54,200,-13,91,-197,-54,-157,-25,182,-125,101,6,-56],"highs":[0,-232,-125,-198,-30,-67,-25,18,75,274,115,160,-34,-18,16,109,-277,-23,7,55,-87,37,238,-186,43,-41,-124,-7,290,54,23,-68,-149,17,-67,-7,22,50,10,-107,125,114,-139,199,15,-92,0,32,-26,-53,-78,48,-108,2,158,24,-74,-43,43,32,143,-223,222,-72,-150,178,-30,-16,-134,-40,158,79,62,130,-87,-4,52,-23,11,-136,-118,-46,215,174,-162,88,-197,-3,-144,103,83,-43,-18,-50,-34],"lows":[0,-97,-173,-47,-126,26,-105,80,98,80,100,218,147,-265,100,-97,18,-22,-52,-56,109,-8,107,30,45,-180,5,-10,158,13,40,-76,-14,-10,7,-110,53,74,-49,0,24,101,-176,86,140,-37,-64,68,-18,-50,-250,18,93,0,40,100,-50,36,38,32,-40,-71,30,-101,16,82,102,-124,-30,62,12,134,46,85,29,-248,35,121,5,-102,-150,54,94,164,-36,-101,-175,24,-76,45,166,-109,86,-104,66],"closes":[0,-103,-173,-15,-49,-83,-72,99,76,150,239,160,-34,-75,60,-138,-49,-39,12,-80,68,11,112,-11,43,-165,-15,-10,183,102,-74,-76,33,-33,-17,-7,-3,28,-11,-39,25,124,-80,230,-77,-22,-101,98,25,-72,-326,148,-37,72,190,-72,-76,12,61,52,0,-85,232,-372,126,142,30,-201,-7,18,103,79,10,100,14,-248,234,73,-123,-100,-127,9,269,-1,-49,-101,-100,-49,-50,149,50,-100,73,-47,-3],"volumes":[0.00437,0.00394,0.00468,0.00271,0.00246,0.003336,0.00105,0.00284,8.5E-4,0.00387,0.00417,0.00345,4.7E-4,0.00317,0.00297,0.00638,0.00121,0.0057,0.00208,0.00208,0.00148,0.00281,0.00415,3.9E-4,4.1E-4,0.00387,6.0E-4,0.00201,0.00338,0.00457,0.00389,0.00248,0.00238,0.00304,4.2E-4,0.00273,0.00356,0.00198,0.00548,0.00191,0.00393,0.00668,0.00225,0.00217,0.00371,0.00317,0.00388,0.0041,0.00398,0.00414,0.00732,0.00455,0.00205,0.00326,9.5E-4,0.002769,0.00527,9.07E-4,0.00137,6.2E-4,0.00671,0.0049,0.00419,0.00224,9.5E-4,0.00606,6.4E-4,0.00315,0.00477,1.6E-4,0.00185,8.4E-4,0.00189,0.00442,9.2E-4,0.00409,0.00465,0.00612,0.003767,0.004718,0.0019,0.0024,0.00344,0.00364,0.00302,0.003789,0.00305,0.003657,0.00299,0.0011,0.00328,0.003707,0.0024,0.00297,0.00335]}