{"timestamp":1506211200000,"multiplier":0.001,"open":1297.972,"high":1298.021,"low":1297.211,"close":1297.642,"shift":60000,"times":[1320,1,1,1,1,1,1,1,1,1,1,1,1,1,1,1,1,1,1,1,1,1,1,1,1,1,1,1,1,1,1,1,1,1,1,1,1,1,1,1,1,1,1,1,1,1,1,1,1,1,1,1,1,1,1,1,1,1,1,1,1,1,1,1,1,1,1,1,1,1,1,1,1,1,1,1,1,1,1,1,1,1,1,1,1,1,1,1,1,1,1,1,1,1,1,1,1,1,1,1,1,1,1,1,1,1,1,1,1,1,1,1,1,1,1,1,1,1,1,1],"opens":[0,-391,-180,-709,-380,-221,201,-461,-99,70,70,119,40,-59,-673,-238,-879,350,-310,-101,300,-390,-709,-860,560,200,-201,-269,369,50,251,-301,0,-99,-191,90,100,101,-1,200,130,-30,1,0,-1,-109,-91,-169,-110,139,50,-100,-30,40,121,20,-31,-19,110,99,30,60,200,210,-10,10,-200,-85,95,-99,-270,-10,160,-101,31,320,-301,-253,-37,-53,-1666,359,400,-179,-271,181,10,96,200,181,-181,-267,171,196,1,43,239,-90,48,73,-100,117,-117,89,10,-199,-201,-200,-100,201,-101,201,-381,81,-201,121,89,30,57,-37],"highs":[0,-430,-190,-680,-240,-189,0,-350,-40,30,440,-340,0,-30,-670,-210,-590,90,-400,239,260,-689,-500,-310,0,0,-200,100,100,300,-100,-300,0,-100,-41,41,100,10,210,110,20,-11,-9,110,-130,-80,-130,-150,19,41,40,-110,80,89,10,-9,20,179,1,0,0,200,200,10,19,-19,-200,30,9,-40,-209,100,-1,-160,557,-246,-220,-270,-90,-31,-1044,121,-5,-45,-189,19,40,203,197,11,-207,-80,176,91,-1,271,-1,-56,210,-100,-54,54,-54,-46,0,-200,-191,-137,28,100,31,-31,-273,99,-110,21,29,61,33,90],"lows":[0,-230,-633,-327,-320,170,-190,-89,66,-50,263,0,20,-550,-322,-960,-321,41,260,82,-100,-799,-851,71,410,109,-339,76,381,42,0,-333,121,-157,69,100,20,80,100,200,100,-113,113,0,-100,-100,-170,-119,-114,223,90,-100,-70,70,100,0,10,-9,86,100,-50,113,150,108,92,-100,-100,25,-5,-412,52,81,69,-100,120,-29,-231,-50,-20,-3603,1923,300,200,-209,-101,277,-37,100,268,-77,-201,30,161,109,-90,217,150,3,30,0,0,0,0,67,-267,-300,-100,0,0,100,-100,-80,-20,-290,-62,362,100,30,-2,22],"closes":[0,-240,-710,-400,-200,199,-439,-121,91,49,110,50,-80,-610,-279,-881,350,-310,-99,300,-390,-711,-860,560,200,-199,-271,371,50,249,-299,0,-161,-119,80,100,99,1,200,130,-20,-11,0,1,-71,-129,-171,-110,120,71,-1,-100,0,120,30,-29,-1,240,-60,101,-1,200,201,0,9,-209,-96,116,-81,-309,39,130,-69,-1,320,-320,-220,-49,-41,-1629,310,399,-159,-291,201,-11,97,200,181,-181,-266,169,197,1,32,251,-90,47,72,-99,127,-128,91,10,-201,-200,-199,-101,200,-100,200,-380,80,-199,120,89,31,56,-36,89],"volumes":[0.14597,0.11631,0.09692,0.09739,0.12008,0.09202,0.09863,0.0811,0.04366,0.06054,0.0553,0.04975,0.05647,0.07712,0.09292,0.07726,0.06508,0.03573,0.02834,0.03145,0.07823,0.06427,0.11597,0.07155,0.03521,0.05399,0.05011,0.03324,0.03994,0.02674,0.02123,0.02875,0.03971,0.05203,0.03961,0.02079,0.05526,0.04552,0.03235,0.04706,0.02624,0.02466,0.01498,0.01819,0.04603,0.0411,0.02959,0.03599,0.04199,0.03132,0.02692,0.0359,0.0559,0.02427,0.02391,0.02167,0.02499,0.02523,0.0422,0.03383,0.02928,0.02493,0.06403,0.06832,0.04964,0.04896,0.05136,0.01984,0.03627,0.05766,0.06095,0.06496,0.05627,0.05551,0.06319,0.06812,0.0614,0.0636,0.02396,0.11241,0.09917,0.08884,0.07369,0.06078,0.06243,0.03815,0.03552,0.04422,0.03568,0.04167,0.0658,0.04665,0.03779,0.05068,0.05191,0.04623,0.0356,0.03773,0.0407,0.03037,0.02629,0.02516,0.02709,0.01483,0.02982,0.06641,0.07929,0.06182,0.05304,0.02709,0.05211,0.05608,0.06808,0.15313,0.13469,0.03578,0.02552,0.04078,0.02701,0.03552]}