{"timestamp":1505606400000,"multiplier":0.001,"open":1319.288,"high":1319.891,"low":1318.308,"close":1319.481,"shift":60000,"times":[1320,1,1,1,1,1,1,1,1,1,1,1,1,1,1,1,1,1,1,1,1,1,1,1,1,1,1,1,1,1,1,1,1,1,1,1,1,1,1,1,1,1,1,1,1,1,1,1,1,1,1,1,1,1,1,1,1,1,1,1,1,1,1,1,1,1,1,1,1,1,1,1,1,1,1,1,1,1,1,1,1,1,1,1,1,1,1,1,1,1,1,1,1,1,1,1,1,1,1,1,1,1,1,1,1,1,1,1,1,1,1,1,1,1,1,1,1,1,1,1],"opens":[0,194,-961,-390,201,-11,301,-1,-740,0,-110,0,50,350,-119,20,-100,-71,-110,1,10,-1,20,70,101,0,-1,-100,-80,-119,200,-10,99,101,0,-100,100,-201,101,-443,283,-41,11,90,19,-20,120,-20,11,-1,-9,-1,-100,0,0,10,21,-131,-141,-19,-183,4,-160,-50,129,21,-150,-151,100,0,111,-163,-67,-10,-51,101,-1,120,1,19,80,-370,1,197,163,219,7,-150,-79,0,-17,-53,-207,-81,31,-21,-9,-20,-11,-2,132,-240,-189,-131,-200,260,50,-720,200,210,31,-671,17,34,60,200,99,101,-100,25],"highs":[0,-320,-640,-599,190,100,0,100,-821,111,-100,-90,319,120,-179,-10,-70,-10,-100,-90,90,-20,130,-10,0,9,-9,-100,-60,60,9,181,0,9,10,-19,19,-100,-9,-170,10,-1,51,29,-9,130,0,-21,10,10,-49,30,-111,1,0,10,0,-100,-172,-18,-120,10,-181,11,110,-70,-140,-40,10,220,-83,-207,109,-89,-10,-1,101,0,9,61,0,-341,178,163,210,26,90,-180,-139,-17,126,-196,-101,-160,1,-1,1,-31,91,9,0,-220,-99,-234,144,179,-209,-440,160,30,-11,-410,-89,-81,191,109,91,0,-76,216],"lows":[0,53,-292,-711,750,64,97,-541,43,-100,-193,94,56,393,-50,-162,82,-110,-49,19,1,-214,264,89,100,0,-100,-100,-100,0,-160,250,10,290,-242,52,-69,9,-50,-242,-10,252,0,100,0,-250,350,0,0,-200,200,-199,99,-163,163,0,-139,-121,-290,107,-307,-33,103,-192,333,-151,-139,-74,110,83,-42,-238,101,29,-20,91,9,120,0,10,-280,-60,60,198,163,219,-173,-57,-69,-1,-10,-200,-90,1,-11,0,-19,-1,1,-30,-211,-40,-170,-1993,1784,179,-640,50,140,50,-642,252,0,20,110,100,200,0,0,26],"closes":[0,-1070,-260,181,-11,300,-100,-649,-1,-99,-1,51,319,-90,20,-100,-80,-109,9,10,-9,80,20,99,0,1,-100,-80,-111,190,-10,101,99,0,-100,100,-200,120,-210,10,-19,9,90,21,-21,121,-21,10,1,-11,1,-161,61,0,-1,30,-129,-130,-30,-184,4,-161,-50,100,50,-150,-139,89,1,129,-182,-88,10,-29,79,11,110,-1,10,91,-370,-1,198,173,210,6,-157,-72,-18,1,-53,-208,-79,10,9,-20,-10,-13,-9,103,-203,-198,-123,-206,260,49,-740,200,231,50,-691,58,13,39,200,101,99,-99,24,165],"volumes":[0.08841,0.06817,0.09891,0.165555,0.08488,0.04626,0.02531,0.05653,0.06421,0.05549,0.04985,0.06789,0.04466,0.04842,0.0366,0.03165,0.02965,0.02777,0.02105,0.0143,0.02415,0.00976,0.02155,0.01348,0.01406,0.01263,0.01469,0.01155,0.03123,0.02334,0.02894,0.03749,0.02173,0.0126,0.03337,0.04881,0.05002,0.02187,0.02918,0.03518,0.02432,0.01685,0.0246,0.02464,0.01719,0.03043,0.02171,0.02201,0.02582,0.01642,0.01372,0.0339,0.0179,0.01795,0.01719,0.01419,0.00852,0.01153,0.01247,0.01342,0.02948,0.02904,0.06871,0.05272,0.03961,0.0397,0.06827,0.04738,0.02628,0.03744,0.02249,0.05249,0.04117,0.04168,0.04708,0.04326,0.02072,0.01072,0.01075,0.01677,0.01906,0.02371,0.03016,0.02147,0.02554,0.01855,0.02149,0.03102,0.02993,0.0203,0.03986,0.04908,0.03497,0.03484,0.02436,0.02833,0.03127,0.03156,0.04029,0.04214,0.07098,0.05242,0.04385,0.11018,0.03411,0.05184,0.13194,0.1015,0.09419,0.10752,0.16159,0.08526,0.06883,0.05303,0.04719,0.05141,0.05639,0.02751,0.04782,0.06538]}