{"timestamp":1231632000000,"multiplier":1.0E-5,"open":1.18711,"high":1.18711,"low":1.18678,"close":1.18701,"shift":60000,"times":[1320,1,1,1,1,1,1,1,1,1,1,1,1,1,1,1,1,1,1,1,1,1,1,1,1,1,1,1,1,1,1,1,1,1,1,1,1,1,1,1,1,1,1,1,1,1,1,1,1,1,1,1,1,1,1,1,1,1,1,1,1,1,1,1,1,1,1,1,1,1,1,1,1,1,1,1,1,1,1,1,1,1,1,1,1,1,1,1,1,1,1,1,1,1,1,1,1,1,1,1,1,1,1,1,1,1,1,1,1,1,1,1,1,1,1,1,1,1,1,1],"opens":[0,-13,3,7,-28,-15,25,-5,-28,16,22,30,5,-2,77,-50,-21,36,-15,-15,-25,100,75,0,19,7,3,19,-12,9,0,10,0,7,0,11,10,-23,-10,32,-2,-48,58,-20,0,-15,10,3,-31,18,5,-5,-5,10,-20,0,10,-5,0,10,3,12,140,10,45,-10,10,-20,-15,-5,-30,5,0,-20,-62,42,0,0,0,-10,-40,0,5,-5,0,0,15,-17,12,-10,0,35,15,0,0,-85,0,25,10,0,-30,0,0,5,-15,15,-15,-7,32,-5,0,10,-22,-25,46,11,-22,22,10,-2],"highs":[0,5,-3,6,-3,-17,2,1,-19,-4,26,20,5,-2,112,-85,9,11,-20,-15,65,80,30,45,3,-5,-34,14,4,-7,0,30,-15,10,13,-2,2,-23,15,7,-2,-8,18,-20,0,-10,12,0,-28,26,-10,0,-10,10,-20,10,0,26,-31,10,22,168,0,20,35,-45,30,-25,5,0,-30,-35,0,-20,-38,18,0,0,0,-10,-40,5,0,-5,0,15,0,-17,42,-35,-5,35,15,0,0,-60,0,10,0,0,-30,0,10,10,-10,15,0,5,-15,-5,35,-25,-3,-28,43,-2,-22,32,0,33],"lows":[0,5,-14,1,10,-15,-1,21,-28,-13,51,30,5,-10,0,35,-21,-4,20,-10,-25,60,55,55,13,15,-6,3,-3,28,0,10,0,-6,13,5,-15,-2,0,12,18,-48,28,10,-20,5,7,-2,-51,41,10,-5,-13,-7,5,0,5,0,0,10,-14,29,125,15,55,-145,75,20,5,-25,-10,15,-35,-5,-42,42,0,0,-10,-45,5,-5,5,0,0,0,-5,3,-3,5,0,35,15,0,-105,10,10,25,10,-45,10,0,0,10,-15,5,-5,-10,30,0,0,10,-22,-25,46,11,-22,22,0,-7],"closes":[0,-15,-8,23,1,-33,21,0,-7,-39,61,20,5,-10,90,-55,2,-7,0,-10,0,140,10,45,-37,31,-6,-13,8,17,0,10,5,5,13,3,-10,-21,25,5,0,-8,-12,10,-5,-10,10,7,-28,16,0,0,-18,-7,5,10,-5,2,-2,10,22,128,25,25,40,-45,-20,-15,5,-25,5,0,-30,-10,-31,31,0,0,-10,-45,5,0,0,0,0,15,-15,-2,-3,5,0,35,15,0,-105,20,25,10,0,-30,0,0,10,10,-10,15,0,-15,0,0,10,0,-21,-22,44,9,-22,32,-10,10],"volumes":[25.4,26.2,16.8,38.2,17.4,13.6,17.8,9.6,22.4,29.0,4.8,17.8,32.0,11.2,51.0,3.0,12.0,8.4,2.0,1.0,36.8,73.6,51.2,152.2,19.4,24.4,25.6,7.2,16.8,3.0,3.0,39.6,27.2,23.6,44.0,21.0,44.0,9.4,5.6,16.8,1.0,4.8,4.0,3.0,34.0,10.8,16.6,6.0,16.8,29.8,6.4,10.8,7.2,6.4,3.2,17.0,10.8,24.8,9.2,3.2,20.8,86.2,53.0,86.2,131.2,57.8,44.6,16.8,10.6,23.2,15.8,3.2,9.4,6.4,8.0,1.6,1.6,1.6,4.6,12.2,3.0,77.4,6.0,1.6,3.2,14.2,30.4,2.4,69.0,13.8,11.0,1.0,4.0,9.0,18.6,36.2,36.4,26.8,19.2,33.2,33.2,20.4,37.2,40.6,11.2,71.2,32.0,39.2,4.6,4.8,41.2,3.0,31.2,25.6,22.4,1.6,3.2,9.6,2.6,48.0]}