{"timestamp":1647129600000,"multiplier":1.0E-5,"open":1.27183,"high":1.27183,"low":1.27183,"close":1.27183,"shift":60000,"times":[1272,3,2,1,1,1,2,1,1,4,1,1,1,1,1,1,1,1,1,3,1,1,1,1,1,1,1,1,1,1,1,1,1,2,1,1,1,1,1,1,1,1,1,1,1,1,1,1,1,1,1,1,1,1,1,1,1,1,1,1,1,1,1,1,1,1,1,1,1,1,1,1,1,1,1,1,1,1,1,1,1,1,1,1,1,1,1,1,1,1,1,1,1,1,1,1,1,1,1,1,1,1,1,1,1,1,1,1,1,1,1,1,1,1,1,1,1,1,1,1,1,1,1,1,1,1,1,1,1,1,1,1,1,1,1,1,1,1,1,1,1,1,1,1,1,1,1,1,1,1,1,1,1,1,1,1,1,1],"opens":[0,-1,18,4,-2,-2,29,-28,0,28,0,1,0,4,-2,0,1,1,-1,-1,1,36,-37,0,-3,-5,5,-5,6,93,-48,56,-1,-12,1,2,0,1,9,44,-2,17,2,-4,-13,-1,24,3,-2,12,-3,8,-9,2,11,-8,-9,-15,3,-7,-2,7,-11,15,9,-4,10,6,-8,3,-2,7,1,-3,8,-3,5,4,2,2,-11,9,-3,7,7,-1,-11,1,2,-5,1,-1,-11,-12,-8,4,-18,-4,-1,-9,6,2,0,6,1,-9,-9,-3,-12,12,9,1,-13,0,9,-9,-9,23,1,-11,-6,-5,-2,-16,-15,-30,14,1,15,-19,-2,3,-1,6,38,-11,9,11,-14,-4,-8,-3,-4,4,-9,5,-11,-3,0,-4,1,6,7,2,11,5,-5,34],"highs":[0,-1,23,63,-66,-2,29,0,-28,29,0,0,4,1,0,-1,0,0,-1,0,35,1,-37,1,-4,-5,5,1,78,15,12,-4,0,-2,-9,2,-1,10,41,29,-28,32,-8,3,6,-21,27,-11,15,-5,7,0,-9,10,1,-8,-9,-7,-1,0,-1,-5,15,0,-1,6,7,1,9,-8,2,0,-2,3,0,1,13,-5,-2,4,-5,12,-7,6,1,-1,-8,5,1,-10,0,-1,-9,-12,-4,-2,-17,-5,3,-5,1,5,4,3,-5,-10,0,-11,4,6,2,-1,-15,15,-1,-12,14,3,-3,-6,-12,-4,-3,-14,-17,-7,-7,18,-2,-4,-12,-2,1,37,10,-7,16,-6,-14,-5,-7,2,-4,-1,-4,0,-11,2,8,-9,-1,8,4,11,2,2,27,3],"lows":[0,-1,18,4,-3,-2,30,-28,0,28,0,0,0,5,-2,0,1,0,-1,0,1,-1,0,-3,0,-5,5,-5,6,39,6,-2,35,6,5,1,1,1,8,42,0,12,-8,0,-1,-1,19,-8,9,8,6,-5,-1,2,-3,3,-21,-3,1,0,-8,5,0,15,-7,10,12,-5,2,-4,3,0,7,1,-9,13,6,4,0,-7,-6,9,3,7,3,-10,-1,2,-4,0,0,-9,-10,-8,-2,-15,-3,-10,5,-4,2,2,3,6,-7,-11,-1,-21,9,7,-7,9,-10,4,0,0,-5,11,2,0,-10,-7,-12,-21,-23,1,12,-4,1,1,-1,1,0,7,23,2,10,-1,-9,-8,-8,4,-3,-4,-8,4,-7,3,-2,-1,1,3,10,-1,10,5,0,16],"closes":[0,-1,21,65,-67,-2,30,0,-28,29,-1,0,5,0,-1,1,0,-1,-1,0,36,-36,0,-3,0,-5,5,1,77,-11,39,-4,0,-17,6,1,0,2,41,12,-3,19,-6,-9,0,8,15,-2,14,-5,6,-6,-2,11,-4,-8,-17,7,-9,0,8,-15,15,8,-5,13,7,-10,3,-8,17,-4,-3,9,-2,4,5,0,1,-8,7,0,5,5,1,-12,1,5,-10,0,0,-9,-10,-8,0,-17,1,-5,-4,1,1,1,7,1,-8,-11,-1,-15,14,9,4,-16,-1,11,-8,-7,16,2,-9,-2,-8,-3,-14,-16,-30,14,0,16,-18,-1,2,-1,-1,39,-6,8,12,-14,-9,-2,-4,-3,2,-9,5,-12,0,-3,-2,0,7,6,0,13,6,-6,34,-11],"volumes":[1.2,1.2,8.4,2.4,3.6,2.4,0.9,2.1,1.2,1.8,5.4,8.4,14.4,7.2,7.2,7.2,7.2,6.0,2.4,6.0,3.6,6.0,1.2,10.8,4.8,1.2,4.8,6.0,7.25,5.69,4.06,9.86,4.59,4.8,6.4,6.4,1.6,4.73,20.69,33.27,8.62,31.02,16.83,25.69,37.93,12.05,28.1,12.6,33.0,9.6,18.0,19.2,9.6,30.6,22.29,6.6,21.61,32.4,28.05,28.5,32.19,13.8,27.77,15.6,25.2,16.81,9.12,33.31,45.66,19.6,66.07,28.67,17.4,28.87,45.35,22.45,51.58,9.3,9.52,12.9,11.2,31.57,19.98,13.97,7.72,25.43,50.25,37.18,47.24,25.2,74.4,36.6,60.6,71.3,89.95,99.59,94.35,33.0,50.69,37.6,177.68,51.22,40.11,66.8,84.9,86.37,75.83,82.48,37.06,54.23,68.86,78.6,119.17,87.97,86.85,28.57,50.05,42.69,49.57,39.52,48.04,77.72,205.51,96.82,187.34,240.51,79.49,67.2,141.07,106.25,100.88,163.74,22.15,168.22,126.44,137.94,80.02,84.23,91.43,159.97,146.77,187.39,187.81,148.43,160.32,98.3,79.56,124.56,140.15,137.55,178.32,202.74,100.45,113.36,46.07,120.13,147.01,102.07]}