{"timestamp":1345334400000,"multiplier":1.0E-5,"open":1.03136,"high":1.03151,"low":1.03112,"close":1.03151,"shift":60000,"times":[1260,1,1,1,1,1,1,1,1,1,1,1,1,1,1,1,1,1,1,1,1,1,1,1,1,1,1,1,1,1,1,1,1,1,1,1,1,1,1,1,1,1,1,1,1,1,1,1,1,1,1,1,1,1,1,1,1,1,1,1,1,1,1,1,1,1,1,1,1,1,1,1,1,1,1,1,1,1,1,1,1,1,1,1,1,1,1,1,1,1,1,1,1,1,1,1,1,1,1,1,1,1,1,1,1,1,1,1,1,1,1,1,1,1,1,1,1,1,1,1,1,1,1,1,1,1,1,1,1,1,1,1,1,1,1,1,1,1,1,1,1,1,1,1,1,1,1,1,1,1,1,1,1,1,1,1,1,1,1,1,1,1,1,1,1,1,1,1,1,1,1,1,1,1,1,1,1,1,1,1],"opens":[0,-11,17,9,-90,-38,-5,29,-2,-32,36,-3,-14,12,1,-3,-12,29,-27,10,-10,5,1,-21,25,4,-8,21,-44,25,-1,8,22,-16,-39,32,5,11,-14,-5,-30,4,51,-18,15,-50,37,29,-2,6,24,4,3,15,24,-39,8,2,12,-18,17,-59,-14,12,0,9,7,-29,11,-16,-34,11,-5,1,2,-2,6,11,14,-21,2,-5,0,8,-11,-9,3,20,8,7,6,0,-13,-2,15,-21,-3,-8,18,1,-6,-2,-11,-10,-2,14,-32,8,-3,-53,12,45,-6,7,0,-2,14,-11,9,-10,-18,10,-20,5,2,-7,10,-11,21,-14,-1,2,2,6,-9,8,-57,52,2,5,-7,21,-28,-15,14,7,12,0,0,30,-3,-2,15,-25,34,-1,11,2,-2,15,-17,10,1,2,6,41,8,1,-4,3,-2,6,11,-16,-12,6,26,-1,-5,3],"highs":[0,-4,9,-5,-90,15,-14,0,7,-3,0,-20,13,0,1,-3,17,0,-23,24,-26,1,2,1,0,-5,2,46,-47,11,-6,30,-13,-18,3,6,41,-26,-15,-7,-1,14,0,12,-15,-6,22,32,-18,23,11,1,4,6,15,-27,14,3,-6,-4,7,-39,-7,-8,21,-11,-5,-18,0,-1,-26,0,-2,-2,-11,8,7,17,-1,-7,1,-7,-1,1,-2,-5,15,6,9,5,-9,0,0,0,0,0,-9,-1,-4,13,0,-10,0,-20,0,0,-20,10,1,-58,67,-10,0,0,0,0,0,10,0,0,-20,0,-10,0,0,0,0,0,0,0,0,0,0,10,-10,-6,-15,21,20,-10,0,0,-10,-10,20,0,0,0,10,10,7,6,-3,6,11,14,8,-5,4,-4,1,12,-5,20,27,-4,18,-4,2,-3,6,-1,1,-6,-13,21,5,6,-8,4],"lows":[0,10,-4,-36,-78,13,-11,-8,10,2,3,10,9,12,0,-17,3,5,-3,8,-25,21,2,-21,19,-4,5,6,-28,25,-1,8,-5,-27,-1,32,-21,24,-3,-4,-29,4,33,0,-1,-34,37,23,4,6,21,2,5,-6,3,6,0,10,-2,-7,-48,-15,7,11,1,-4,-1,-6,0,-36,-2,11,-5,-4,-15,5,6,18,8,-13,3,-2,-1,0,-10,1,2,21,8,-4,-10,14,-7,0,7,-8,-36,25,2,17,-6,-4,-14,-6,-8,-8,-3,2,-43,-7,12,38,0,7,1,-8,0,9,8,-24,-3,-7,-3,0,1,-1,1,-2,1,1,-3,3,7,-7,1,-49,4,51,3,-1,-1,-1,-6,-15,8,13,2,-1,1,13,13,4,-12,7,22,11,2,10,-5,-3,5,3,3,4,9,25,15,7,-1,1,0,1,1,-15,-2,10,15,4,-2,2],"closes":[0,-29,34,-45,-90,2,19,-44,16,31,-9,4,16,-10,-2,-17,28,-20,2,3,-8,8,1,-3,-2,1,1,5,-10,7,1,16,-11,-31,26,7,11,-9,-4,-3,-4,29,-18,2,-3,-4,22,24,3,24,9,-12,4,9,-2,2,8,-10,-2,2,-35,-37,36,-3,-14,5,-10,-6,2,-31,3,-1,9,-18,-15,30,7,1,14,-23,-2,-2,0,13,-24,9,20,-1,18,8,-20,-1,-6,-2,7,-5,-13,22,-4,1,-7,-3,-15,-5,2,-13,-9,8,-48,-7,55,-4,-2,8,0,-2,-6,16,3,-9,0,-23,3,-10,1,19,0,-15,-5,1,9,-4,2,2,1,-54,34,29,0,-4,14,0,-23,-19,28,-6,20,0,-11,17,3,11,-22,35,0,15,3,0,15,-22,7,26,-15,3,37,7,19,-15,18,-18,15,-14,2,-16,4,17,5,12,-12,4],"volumes":[42.92,32.93,61.43,30.6,66.24,99.97,58.45,45.65,67.02,36.23,55.56,50.95,75.61,111.93,122.74,145.38,41.63,21.7,55.86,51.3,77.4,66.94,68.82,73.4,56.84,81.7,58.84,52.87,41.9,48.17,36.34,50.95,52.59,22.73,41.06,64.51,44.44,54.28,45.01,53.88,58.13,45.76,43.0,58.46,68.76,41.36,74.15,115.79,35.13,51.52,35.65,34.21,40.22,62.52,53.04,12.16,61.59,25.36,25.15,48.52,153.33,71.69,94.86,15.14,50.46,61.04,67.03,23.39,19.41,51.02,43.56,52.25,25.79,21.81,37.73,85.39,171.33,99.89,59.45,58.84,57.34,27.13,26.82,48.14,39.37,68.55,57.78,51.32,53.65,69.15,38.38205,30.42586,62.25597,69.59614,52.9793,58.07032,65.576082,67.706977,64.6,45.9106,85.53238,80.65178,104.86914,157.69345,51.04137,60.01561,88.88582,62.08752,75.189212,42.62093,93.90109,77.21237,74.06445,69.63952,51.36336,118.00204,139.05167,57.53074,79.68842,57.16184,57.85053,40.41652,34.50804,50.09474,49.38693,33.52539,35.4932,52.04722,45.0921,38.68562,60.63907,44.62753,31.25246,45.0731,30.2594,25.213216,36.852502,81.06989,85.30371,16.82983,80.92995,66.61566,36.14035,84.92237,118.8127,77.79038,72.0428,92.20691,48.37038,40.58952,28.87,39.3,32.01,69.13,37.22,57.43,85.88,26.3,55.8,63.13,81.19,56.46,25.51,136.45,143.61,56.65,56.97,37.27,63.36,57.95,47.99,31.04,40.34,34.69,29.22,89.9,40.8,37.4,38.53,78.55]}