{"timestamp":1344729600000,"multiplier":1.0E-5,"open":0.99123,"high":0.99135,"low":0.99082,"close":0.99134,"shift":60000,"times":[1260,1,1,1,1,1,1,1,1,1,1,1,1,1,1,1,1,1,1,1,1,1,1,1,1,1,1,1,1,1,1,1,1,1,1,1,1,1,1,1,1,1,1,1,1,1,1,1,1,1,1,1,1,1,1,1,1,1,1,1,1,1,1,1,1,1,1,1,1,1,1,1,1,1,1,1,1,1,1,1,1,1,1,1,1,1,1,1,1,1,1,1,1,1,1,1,1,1,1,1,1,1,1,1,1,1,1,1,1,1,1,1,1,1,1,1,1,1,1,1,1,1,1,1,1,1,1,1,1,1,1,1,1,1,1,1,1,1,1,1,1,1,1,1,1,1,1,1,1,1,1,1,1,1,1,1,1,1,1,1,1,1,1,1,1,1,1,1,1,1,1,1,1,1,1,1,1,1,1,1],"opens":[0,17,7,-20,0,-19,6,-15,3,-25,5,24,-4,-1,-18,-4,4,-6,-1,-3,-4,12,0,0,-7,4,2,-1,1,-2,0,0,0,3,-2,-1,0,0,8,-21,21,3,0,-2,4,-2,2,0,0,5,0,4,0,-35,37,14,-7,-3,1,0,3,-6,4,1,11,-10,-16,20,0,3,0,-3,1,-1,3,-2,-1,0,0,1,-1,0,1,1,-1,1,-1,-4,4,0,2,-1,-2,-6,0,3,1,0,-1,1,-16,15,0,-4,-1,0,0,16,1,2,-1,-1,1,-4,-2,5,1,-1,0,1,-9,3,-1,5,-1,3,-2,-3,3,0,1,6,0,1,-5,4,-1,-4,2,4,-10,6,-1,1,-2,0,0,4,0,0,-1,0,0,0,-1,-1,-3,0,1,-1,-6,-1,10,2,-2,0,1,0,1,-3,1,1,10,3,-2,1,1,0,14,6],"highs":[0,7,5,-20,19,-14,-5,-10,-10,-30,29,0,-2,-3,-18,-3,4,-7,-1,-1,15,-9,0,0,-7,4,2,1,-1,-2,1,-1,0,3,-2,-1,0,8,5,-17,12,5,3,-7,6,7,-7,-2,5,0,5,-1,3,-13,32,-6,-7,-2,2,-2,3,-1,0,21,-10,-5,-11,11,8,-3,2,-4,2,-6,4,-1,-3,3,-2,0,-1,1,1,0,0,0,0,5,-6,0,2,0,-3,-6,4,7,-7,1,0,-1,-12,12,0,-5,0,1,16,1,2,0,-2,0,-1,-4,5,-1,0,1,-2,1,-5,0,1,2,0,2,2,0,-2,0,6,2,-1,-1,2,-1,-2,-3,8,-4,-4,1,-1,0,1,2,0,0,0,0,0,0,-1,-1,0,0,-3,0,1,-3,-4,9,0,0,0,0,-1,1,0,-3,3,12,1,-1,0,0,2,12,8,-1],"lows":[0,45,-5,5,-33,2,3,-21,23,-24,5,21,-4,-18,-9,2,9,-7,-3,0,-4,12,0,0,-8,5,2,-1,1,-2,0,0,0,3,-3,0,0,0,3,-17,22,1,-1,0,3,-1,3,-1,0,6,0,4,0,-35,37,11,-6,-1,0,1,-16,13,4,1,5,-4,-23,25,2,-4,3,0,0,1,-1,0,1,-1,0,0,0,0,2,0,0,0,-4,0,4,-1,2,0,-8,-1,0,4,0,1,-1,0,-25,25,-5,0,0,0,0,16,1,2,-1,-2,-3,-9,8,5,-2,2,0,-9,1,1,1,1,3,1,-1,-2,2,-2,0,2,6,-2,0,2,-3,-10,12,-6,0,2,2,0,-4,4,-1,4,0,-1,-1,0,0,-6,5,-4,2,0,-2,-7,2,0,9,2,-2,0,0,1,-3,1,0,2,11,-1,0,1,1,2,13,6],"closes":[0,8,-15,0,-17,10,-21,1,1,-24,29,-3,-4,-16,-5,0,6,-8,-3,1,7,0,0,0,-8,5,2,0,0,-2,1,-1,0,3,-3,0,0,8,5,-24,19,3,-3,0,5,0,0,0,5,0,5,-1,2,-12,26,-1,-7,-1,0,0,-4,6,-1,22,-16,0,-13,11,4,0,-3,1,1,-1,3,-3,0,2,-2,0,0,1,1,-1,1,-1,-4,3,1,-1,2,1,-9,0,3,1,-1,1,0,-1,-25,25,-5,0,1,-1,18,1,0,0,0,-1,-4,-1,5,0,-3,3,-1,-9,4,1,1,1,1,0,0,0,0,0,7,0,1,-5,4,-2,-3,0,8,-11,3,1,0,-1,0,1,3,0,0,-1,0,-1,0,-2,2,-3,-1,0,-1,-7,2,10,0,0,0,-2,2,0,-3,0,2,11,3,-2,-2,4,0,14,7,0],"volumes":[23.25,3.31,1.96,0.69,28.29,32.25,33.75,62.25,10.5,1.43,14.93,4.5,7.5,23.25,15.02,25.15,7.9,4.5,4.5,6.01,21.58,2.25,5.63,6.38,42.0,1.13,1.13,3.39,3.39,5.65,5.65,2.26,1.13,2.26,8.28,4.52,4.5,19.15,18.0,23.25,1.5,18.49,33.0,4.5,15.0,24.75,8.26,21.0,27.11,8.66,12.41,4.2,6.3,48.75,36.15,6.0,11.25,7.05,22.2,0.75,37.87,2.26,6.01,22.6,5.12,3.39,87.19,34.7,38.99,88.44,92.17,42.19,41.82,13.93,43.51,61.58,17.32,77.57,18.77,24.43,19.21,11.3,19.21,10.17,10.17,13.56,31.98,21.91,3.39,9.41,20.34,19.21,18.07,18.08,36.13,40.6,15.03,13.14,24.78,24.48,48.0,6.78,23.3,18.45,2.26,21.06,93.31,21.38,6.75,7.5,3.75,16.88,11.64,36.68,28.52,4.5,2.63,15.01,1.13,13.77,7.89,7.15,11.14,24.43,3.01,2.63,14.52,28.97,10.91,10.77,59.81,52.5,22.5,12.0,67.5,82.5,54.0,48.0,30.75,59.25,43.5,70.5,15.0,18.0,92.25,51.0,52.5,28.5,30.0,22.5,36.75,42.0,60.0,81.75,47.25,35.25,45.0,34.5,69.75,46.5,29.25,62.25,15.0,3.75,30.0,21.75,32.25,12.0,71.25,6.0,35.25,87.75,24.38,20.25,16.13,26.63,28.13,67.5,72.38,17.25]}