{"timestamp":1689465600000,"multiplier":0.001,"open":7412.81,"high":7413.174,"low":7412.613,"close":7412.613,"shift":60000,"times":[1322,1,1,1,1,1,1,1,1,1,1,1,1,1,1,1,1,1,1,1,1,1,1,2,1,1,1,1,2,1,1,1,1,1,1,2,1,1,1,1,1,1,1,1,1,1,1,1,1,2,1,1,1,1,1,1,1,1,1,2,1,1,1,1,1,1,2,2,1,1,1,1,1,1,1,1,1,2,1,1,1,1,1,1,1,1,2,1,1,1,1,1,1,1,1,1,1,1,1,1,1,1,1,1,1,1,1,1,1],"opens":[0,185,-1012,-2220,914,303,-395,-843,-1574,-1241,-191,-182,810,-15,-1222,819,-15,1903,628,1019,-27,53,-740,-526,410,-816,9,834,595,404,206,-425,-385,-601,-21,-171,406,-216,-598,-1115,-1620,200,712,-615,621,92,-510,-583,1,-222,714,327,-446,30,413,-314,-122,197,-161,27,-466,21,-416,-15,-275,-113,358,-245,-507,-407,103,985,434,-718,-101,-9,-804,589,-170,610,-228,-412,822,425,0,382,16,21,-9,-216,419,0,-12,218,802,813,-1202,-843,-394,18,-831,0,-394,185,209,843,93,102,-185],"highs":[0,-179,-803,-791,-427,513,-504,-798,-1528,-1299,-404,810,810,-1210,410,-434,1940,827,409,578,-114,-473,-740,-72,72,-466,790,407,489,-89,82,0,-867,-336,-76,-421,409,21,-812,-1141,-1220,367,809,-406,6,0,-439,-820,204,652,3,-12,56,-410,769,-759,200,156,-430,15,-427,0,-3,-446,-275,715,-470,-245,-507,-379,1494,25,-25,-434,-385,6,-397,780,-383,416,-321,-100,427,395,98,311,-11,510,-86,-439,418,107,85,634,813,-6,-706,-1339,36,398,-1626,6,95,315,0,412,195,215,-15],"lows":[0,-815,-812,-1223,401,427,-633,-1426,-1207,-1223,3,419,840,-825,-412,795,9,1903,425,1222,-30,-367,-831,-12,-379,-27,9,834,577,233,-30,0,-1216,39,-24,23,-28,15,-1635,-1620,9,316,509,-412,388,-158,-221,-831,6,197,613,6,-6,30,374,-334,-63,197,-161,-840,9,188,-206,-594,-207,413,358,-346,-1231,-364,885,576,42,-452,419,-819,3,407,0,433,-21,-412,431,801,-422,422,413,21,-33,-192,201,-422,425,400,808,-410,-397,-413,-403,-373,-828,-9,15,3,391,416,-9,431,15],"closes":[0,-415,-812,-391,-425,517,-1117,-1438,-1198,-801,394,837,-9,-1216,908,-307,2140,409,803,390,-372,-394,-409,-203,-615,412,403,388,409,0,194,-197,-821,-173,-191,-33,24,-15,-1215,-1597,-429,835,33,391,-233,-179,-421,-432,-11,455,15,12,444,-456,388,-391,259,156,-430,-852,9,425,-318,-513,24,401,-67,-346,-1222,113,993,795,-407,0,-397,-780,386,403,12,389,-397,3,403,404,-6,409,10,510,-510,-15,418,-400,592,634,807,-1002,-633,-413,-391,-385,-828,421,6,404,0,379,126,-95,388],"volumes":[1.68E-4,3.12E-4,4.08E-4,0.001659,0.001501,0.001106,0.001659,0.00316,0.002607,0.002054,0.002607,6.32E-4,0.001106,6.32E-4,0.001264,7.9E-4,9.36E-4,7.35E-4,0.001051,5.48E-4,7.65E-4,1.15E-4,5.71E-4,3.28E-4,4.74E-4,2.79E-4,7.23E-4,2.61E-4,5.41E-4,5.6E-4,9.31E-4,2.61E-4,0.00167,7.47E-4,5.22E-4,2.4E-5,1.39E-4,4.55E-4,0.001452,0.001314,9.38E-4,9.07E-4,4.08E-4,2.31E-4,0.001051,0.001021,6.19E-4,8.36E-4,3.73E-4,7.85E-4,4.13E-4,1.64E-4,3.59E-4,1.76E-4,9.11E-4,9.7E-5,4.92E-4,1.64E-4,9.7E-5,2.8E-4,5.01E-4,3.24E-4,9.45E-4,4.82E-4,7.65E-4,2.75E-4,2.4E-5,1.28E-4,7.68E-4,7.08E-4,5.88E-4,0.001057,4.74E-4,7.9E-4,1.58E-4,0.001343,0.001106,0.001422,3.16E-4,6.32E-4,2.37E-4,3.16E-4,4.74E-4,1.58E-4,9.48E-4,9.48E-4,7.9E-5,3.16E-4,0.001738,1.58E-4,6.32E-4,0.001659,0.001027,0.001817,0.002212,9.48E-4,0.001027,1.58E-4,0.002686,0.003239,3.95E-4,8.69E-4,3.16E-4,0.001106,3.16E-4,5.53E-4,9.48E-4,0.001027,3.02E-4]}