{"timestamp":1689465600000,"multiplier":1.0E-5,"open":0.85837,"high":0.85837,"low":0.85837,"close":0.85837,"shift":60000,"times":[1267,1,1,2,1,2,1,1,1,1,1,1,1,1,1,1,1,1,1,3,16,1,1,1,1,3,1,4,1,1,1,1,1,1,1,1,1,1,1,1,1,1,1,1,1,1,1,1,1,1,1,1,1,1,1,1,1,1,1,1,1,1,1,1,1,1,1,1,1,1,1,1,1,1,1,1,1,1,1,1,1,1,1,1,1,1,1,1,1,1,1,1,1,1,1,1,1,1,1,1,1,1,1,1,1,1,1,1,1,1,1,1,1,1,1,1,1,1,1,1,1,1,1,1,1,1,1,1,1,1,1,1,1,1,1,1,1,1,1,1,1,1,1,1,1,1,1,1,1],"opens":[0,50,0,-24,55,30,83,-20,-27,14,-7,18,-2,2,-2,5,-2,2,-1,7,50,1,-1,-18,2,0,0,-2,85,28,8,11,-13,16,5,10,0,2,0,2,41,-19,0,-1,1,3,8,8,-14,-6,-5,-11,-1,-2,-6,-24,13,-6,-4,5,4,4,-9,-8,-3,0,3,5,-5,4,1,1,8,0,13,0,0,0,-5,1,3,-1,-8,1,-6,3,0,2,0,-6,6,4,4,17,-12,7,11,-18,-2,1,1,-5,-6,5,-1,-10,1,-5,4,-2,0,2,-2,1,0,1,-2,0,0,1,-1,0,0,1,-1,-2,4,2,-2,1,0,-4,-1,3,-1,-3,5,10,2,-4,2,-6,1,11,0,0,0,0,-1],"highs":[0,50,0,23,38,83,10,-30,-8,0,5,1,0,1,6,-3,-1,0,1,46,9,1,0,-15,-2,0,3,64,33,29,16,-15,-5,10,13,0,0,3,1,42,-1,-16,-2,0,6,5,10,-2,-12,-9,-5,-11,0,-3,-6,-6,-1,-8,2,6,1,-2,-8,-5,1,-7,4,5,-2,2,3,0,5,8,4,2,-2,1,-5,3,4,-4,-5,-1,-4,0,1,1,-1,0,12,0,16,-1,-7,11,0,-16,-2,3,-3,-3,-3,0,-1,-6,-3,0,0,1,-2,0,0,3,-4,2,-2,0,1,-1,0,0,0,1,-1,3,-2,5,-4,0,0,-3,2,1,0,0,10,1,0,-1,-1,-5,11,0,0,0,0,0,-1],"lows":[0,50,-31,0,62,30,61,-34,7,16,-27,38,-2,-33,30,6,0,2,-1,7,50,1,-22,3,2,-1,1,-3,86,-9,35,6,2,12,7,12,0,2,0,1,18,3,0,-1,1,5,8,-5,-7,-8,-8,-2,-3,-5,-22,-1,7,-5,1,3,3,-6,-4,-3,0,0,0,3,-2,5,2,1,6,2,9,3,-1,-3,-3,4,1,-10,2,-3,-3,2,2,-2,-2,-4,11,4,4,5,0,1,-1,-2,-10,8,-4,-5,-1,0,-1,-3,-4,-2,3,1,-1,2,0,-1,1,0,-2,2,-2,1,0,1,-4,3,-2,1,3,0,-1,1,-2,-2,0,3,-3,0,5,9,-3,1,-4,0,2,10,-1,-3,4,1,-4],"closes":[0,50,-31,0,92,82,-20,-26,19,0,5,1,0,0,3,1,-1,0,0,46,10,1,-19,2,0,-1,4,64,33,19,11,-13,8,10,13,0,0,3,0,43,-19,-2,-1,2,3,9,8,-14,-7,-6,-9,-2,-2,-5,-22,10,-5,-6,5,6,4,-10,-7,-3,-1,1,4,0,3,0,3,2,2,11,4,0,0,-4,-3,6,-2,-10,5,-5,1,-2,3,1,-7,7,4,5,15,-11,6,11,-17,-2,-2,4,-5,-7,4,1,-8,0,-6,4,-1,0,0,0,0,-1,0,2,-2,0,1,-1,1,0,0,-1,-2,4,-1,1,1,-1,-3,-1,3,-1,-3,5,10,2,-4,1,-5,1,11,0,-1,1,0,0,-4],"volumes":[2.25,0.5,1.0,5.9,2.6,15.3,18.9,23.5,21.3,8.1,15.6,0.9,2.7,5.1,21.6,6.3,3.6,0.9,4.5,14.4,0.9,0.9,9.9,5.4,2.7,2.7,4.5,15.0,2.1,37.08,18.47,13.95,10.8,16.28,19.78,1.2,1.2,8.4,8.97,67.26,82.76,35.53,27.56,61.29,119.62,38.78,34.05,97.05,71.46,49.09,75.53,53.4,82.45,17.4,20.4,39.0,30.6,67.8,32.4,58.8,28.8,27.6,43.2,33.6,25.2,6.0,48.0,32.4,27.6,44.4,8.4,31.2,30.0,9.6,21.6,32.4,21.6,96.0,63.6,115.2,27.9,60.0,43.8,55.5,119.7,50.1,46.2,324.0,621.0,688.57,498.75,449.1,526.95,459.45,567.45,544.05,867.15,297.0,542.7,171.9,291.3,97.5,109.5,271.2,49.2,36.0,66.3,62.4,56.4,79.8,138.3,225.6,32.4,165.9,361.8,22.8,116.7,42.0,68.4,18.0,375.6,30.0,256.8,115.5,219.0,64.2,147.6,75.9,87.6,45.6,172.8,49.2,62.4,127.2,82.8,63.6,30.0,60.0,120.0,56.4,208.8,326.4,89.7,7.2,120.0,341.1,57.6,3.6,9.6]}