{"timestamp":1689465600000,"multiplier":0.001,"open":1954.048,"high":1955.024,"low":1953.998,"close":1954.634,"shift":60000,"times":[1320,1,1,1,1,1,1,1,1,1,1,1,1,1,1,1,1,1,1,1,1,1,1,1,1,1,1,1,1,1,1,1,1,1,1,1,1,1,1,1,1,1,1,1,1,1,1,1,1,1,1,1,1,1,1,1,1,1,1,1,1,1,1,1,1,1,1,1,1,1,1,1,1,1,1,1,1,1,1,1,1,1,1,1,1,1,1,1,1,1,1,1,1,1,1,1,1,1,1,1,1,1,1,1,1,1,1,1,1,1,1,1,1,1,1,1,1,1,1,1],"opens":[0,536,564,116,-516,76,-419,20,-120,-410,150,-260,400,-180,-30,-120,-70,120,-190,170,200,280,0,-360,-161,350,0,-150,-120,-40,-70,-380,90,-40,110,-36,170,277,-260,89,161,10,-190,-230,30,-230,-190,-40,190,-30,150,-140,-100,-250,160,90,-190,-20,-70,-97,86,-506,-124,-140,-536,286,-480,-200,500,160,121,-90,60,30,0,-150,-50,-220,220,-50,130,100,120,-240,-40,100,-150,200,0,-50,60,70,40,270,-280,-30,200,-140,30,-20,-420,10,140,110,20,120,290,30,-120,-110,400,40,340,60,0,100,130,-190,-20,20],"highs":[0,670,-220,-210,-300,-49,-430,-60,-90,-290,0,150,110,-300,150,-300,60,-10,70,110,300,-20,0,-260,99,40,0,-200,-10,-140,40,-360,210,-140,40,44,267,200,-360,140,120,-90,-80,-280,-20,-240,-150,100,10,300,-180,-140,-100,-70,90,-20,-100,-110,-70,-11,20,-490,-70,-220,-110,-150,-470,300,140,220,-89,-30,250,-220,0,-90,-100,70,-80,130,60,250,-140,-230,50,20,60,10,-20,10,160,-60,340,50,-350,150,30,-90,-10,-90,-340,110,70,120,100,260,30,-30,-130,290,-20,400,50,20,70,200,-20,-230,80,160],"lows":[0,586,540,-376,0,-483,80,-120,-380,30,-200,30,270,-170,-11,-529,440,-10,20,40,330,220,-240,-231,10,240,-150,-40,-40,-70,-420,0,100,-30,80,20,170,20,-9,110,150,-320,-60,-10,-190,-330,10,80,160,-80,50,0,-360,-10,120,0,0,-190,19,-40,-440,-150,-56,-594,-10,-206,-174,40,390,250,-149,50,210,-210,10,-220,0,30,100,50,110,110,-170,30,-150,210,-210,310,-120,40,80,-90,210,-10,-130,100,30,-110,40,-330,-60,70,110,130,-100,270,180,10,-140,30,260,170,280,100,40,70,-60,-70,80,20],"closes":[0,514,0,-400,46,-329,-90,-10,-480,160,-260,400,-190,-20,-120,-70,130,-190,170,180,260,20,-290,-231,370,-20,-150,-120,-20,-90,-340,60,-20,90,-40,174,267,-260,79,121,100,-190,-250,30,-230,-180,-60,150,20,170,-160,-50,-330,160,130,-160,-40,-110,-71,40,-476,-44,-206,-564,300,-470,-190,480,150,0,11,90,50,-40,-190,0,-230,320,-150,160,-30,250,-230,-60,70,-20,90,10,-30,60,50,30,290,-290,-60,250,-180,90,-50,-400,0,130,110,20,110,270,50,-110,-80,360,0,400,30,10,100,100,-170,-20,20,190],"volumes":[0.03374,0.01737,0.01125,0.0189,0.00954,0.00636,0.00669,0.00516,0.01068,0.00372,0.00648,0.006,0.00864,0.00636,0.00405,0.00789,0.00372,0.00408,0.00513,0.00717,0.00828,0.00324,0.00216,0.00711,0.02871,0.0144,0.0234,0.0099,0.01755,0.0081,0.02466,0.0135,0.0261,0.02664,0.02781,0.01899,0.01686,0.00669,0.00906,0.00309,0.0024,0.00336,0.00525,0.00216,0.00144,0.00324,0.00216,0.00216,0.00324,0.00288,0.00204,4.8E-4,0.00336,0.00264,0.00156,0.00336,0.00144,0.00228,0.00147,0.00756,0.03657,0.03195,0.03189,0.03549,0.03717,0.03408,0.02361,0.0189,0.01935,0.02295,0.00648,0.003,0.0018,0.00348,0.0024,0.0048,0.00396,0.00576,0.0048,0.00288,0.0018,0.00432,0.0024,0.00228,0.00468,0.00132,0.0036,0.0036,0.00216,0.00348,0.00516,0.00396,0.003,0.00348,0.0048,0.00252,0.00552,0.0042,0.00516,0.0063,0.0048,0.00408,0.00312,0.00408,0.00696,0.0078,0.00372,0.00144,0.003,0.0042,0.00324,0.00492,0.006,0.00312,9.6E-4,0.00324,0.00336,0.00204,0.00384,0.00432]}