{"timestamp":1660435200000,"multiplier":0.001,"open":7059.569,"high":7062.689,"low":7056.539,"close":7058.689,"shift":60000,"times":[1430,1,1,1,1,1,1,1,1,1],"opens":[0,0,-1880,-5090,0,-970,-2030,1030,-970,-1660],"highs":[0,-3120,-1880,-3000,-2000,-1060,370,-340,-1120,1060],"lows":[0,2460,-7430,1030,-4060,-1000,2060,-60,-2910,1370],"closes":[0,310,-7430,2030,-910,-4060,3030,-1060,-1910,970],"volumes":[0.02016,9.6E-4,0.00336,0.00144,0.0048,0.00576,0.0024,0.00624,0.0048,0.00528]}