{"timestamp":1661644800000,"multiplier":0.001,"open":1736.068,"high":1736.518,"low":1735.444,"close":1735.775,"shift":60000,"times":[1320,1,1,1,1,1,1,1,1,1,1,1,1,1,1,1,1,1,1,1,1,1,1,1,1,1,1,1,1,1,1,1,1,1,1,1,1,1,1,1,1,1,1,1,1,1,1,1,1,1,1,1,1,1,1,1,1,1,1,1,1,1,1,1,1,1,1,1,1,1,1,1,1,1,1,1,1,1,1,1,1,1,1,1,1,1,1,1,1,1,1,1,1,1,1,1,1,1,1,1,1,1,1,1,1,1,1,1,1,1,1,1,1,1,1,1,1,1,1,1],"opens":[0,-293,1013,-1320,-70,-480,140,1530,140,836,-16,316,-379,479,100,-100,-796,-80,60,-176,96,-30,326,-356,140,-64,164,260,-220,-250,20,60,-70,-210,-40,-694,330,-350,104,-360,190,-370,-424,354,80,50,-390,-250,-260,-34,604,130,30,-120,-210,-10,190,0,-80,50,430,310,-310,-270,300,130,-110,-90,150,120,-240,-100,-140,146,-590,220,244,330,-333,-413,176,-223,-100,89,-139,-227,-164,120,754,-130,-54,-440,-120,-400,561,149,-110,-350,4,-464,50,210,-106,560,220,50,-344,-106,276,80,-180,-306,280,60,236,-520,310,110,-340,180],"highs":[0,650,-380,-1320,-70,-150,1330,200,1430,-344,100,0,100,204,80,-384,-700,-100,134,110,160,-120,30,-30,0,-200,380,100,-440,-230,300,-160,60,-230,-160,-340,-94,-186,30,-140,-100,-390,40,70,20,-40,-283,0,-637,640,50,110,-80,-120,150,-180,0,0,-80,370,910,-490,-120,-100,100,0,-90,-90,280,30,-260,-170,-53,59,-230,164,530,-220,-293,-191,-116,-200,220,-263,133,-320,7,473,220,-270,-84,-146,-50,-203,243,197,-401,-50,-296,-144,-20,234,200,220,86,-36,-306,156,126,-50,-210,84,16,210,-50,-230,190,-60,-216,56],"lows":[0,204,-384,-566,-380,190,460,1093,660,527,-400,706,-106,516,-516,-384,24,-530,340,74,-84,76,44,-100,240,-220,320,-110,-90,-210,220,-70,-170,-30,-684,0,20,-40,-276,-60,-80,-550,100,360,30,-320,-370,-510,286,34,500,140,-140,-80,50,-10,200,-80,-20,0,350,140,-270,-100,300,130,-100,-120,280,-180,-110,-174,0,-440,14,206,334,-104,-306,-94,-66,-270,50,-1500,1406,-146,16,-6,686,-300,-250,-20,-420,60,390,-140,-20,-160,-400,20,-10,10,254,530,-10,-94,-180,110,220,-50,-300,24,140,170,-234,-110,330,-276,-54,114],"closes":[0,1003,-1180,-180,-490,140,1510,143,843,0,294,-294,400,100,-100,-700,-176,76,-196,120,-50,400,-430,240,-80,50,310,-260,-220,10,100,-110,-214,-46,-684,330,-310,80,-396,230,-370,-430,340,90,80,-430,-220,-350,-10,650,120,60,-160,-200,-10,190,0,-80,-10,380,480,-370,-280,290,150,-110,-60,20,220,-290,10,-210,97,-541,230,230,344,-444,-306,-94,-6,-83,169,-256,-204,10,4,636,0,-70,-409,-191,-360,561,139,-110,-360,14,-454,20,240,-176,650,200,106,-360,-100,250,60,-140,-346,280,60,266,-530,270,130,-400,140,-40],"volumes":[0.05084,0.04556,0.0394,0.03524,0.01873,0.0084,0.0122,0.00948,0.01297,0.00972,0.02309,0.01452,0.00613,0.01175,0.01175,0.01137,0.00747,0.01877,0.01659,0.01309,0.02024,0.01038,0.01143,0.00612,0.00972,0.01311,0.01274,0.01105,0.00954,0.00719,0.00836,0.00688,0.01127,0.01114,0.01088,0.01256,0.00535,0.00735,0.00679,0.00683,0.00912,0.01555,0.00938,0.00517,0.00488,0.00784,0.01207,0.01734,0.00954,0.00797,0.0114,0.00749,0.00779,0.00532,0.00889,0.00323,0.00234,0.00411,0.00312,0.01046,0.02424,0.0097,0.00849,0.01078,0.00898,0.0039,0.00842,0.00662,0.00321,0.00572,0.00923,0.00583,0.00707,0.01041,0.0114,0.00578,0.01187,0.01339,0.01056,0.02758,0.01822,0.04029,0.03626,0.04116,0.02202,0.01624,0.01232,0.0139,0.01002,0.01372,0.02396,0.01891,0.0151,0.01154,0.01472,0.0185,0.01966,0.01186,0.01403,0.01146,0.0113,0.01483,0.0146,0.00743,0.01316,0.01674,0.01472,0.01024,0.01078,0.01098,0.00874,0.01239,0.01166,0.02248,0.01086,0.01022,0.01122,0.01248,0.01196,0.00666]}