{"timestamp":1514764800000,"multiplier":1.0E-5,"open":0.97849,"high":0.97873,"low":0.97844,"close":0.97844,"shift":60000,"times":[1324,1,1,1,1,1,1,1,1,1,1,1,1,1,1,1,1,1,1,1,1,1,1,1,1,1,1,1,1,1,1,1,1,1,1,1,1,1,1,1,1,1,1,1,1,1,1,1,1,1,1,1,1,1,1,1,1,1,1,1,1,1,1,1,1,1,1,1,1,1,1,1,1,1,1,1,1,1,1,1,1,1,1,1,1,1,1,1,1,1,1,1,1,1,1,1,1,1,1,1,1,1,1,1,1,1,1,1,1,1,1,1,1,1,1,1],"opens":[0,-1,-44,-12,5,21,-14,-5,17,22,4,13,-26,5,-43,31,-2,19,13,-9,16,-13,6,2,3,-1,5,3,-5,-3,4,0,4,-7,0,4,-13,9,-7,1,27,10,1,-2,4,0,4,-1,4,24,28,30,21,-1,45,-16,52,-27,12,-24,0,0,-21,-48,13,7,-3,-15,38,-3,40,-39,-5,-25,4,4,-14,5,-18,10,-22,-2,-19,9,-7,1,0,6,-13,-5,-13,12,-9,-2,5,-24,-11,-24,32,-17,-14,4,7,16,-11,11,-16,1,14,4,21,1,0,9,5,2],"highs":[0,-25,-34,-15,20,1,-15,11,64,-36,37,-22,-22,-3,-23,15,33,-6,1,5,1,-6,2,1,1,1,13,-6,-6,9,-7,5,-1,-9,6,-1,-4,0,-4,21,18,-2,0,0,3,0,1,4,33,22,25,24,-1,45,9,22,18,-26,4,-28,9,5,-30,-44,8,0,0,38,0,19,-1,-13,-19,-12,-11,-4,-3,9,-18,-6,-19,11,-24,3,0,-1,-1,-4,-6,-10,4,-1,-3,-2,-1,-30,-11,9,2,-19,-11,7,16,0,3,-3,-10,10,1,30,1,-5,8,9,8,-6],"lows":[0,-1,-51,0,5,7,-12,7,17,16,-6,-1,3,-41,4,26,3,19,0,4,3,-1,7,2,2,0,-8,10,1,-3,3,0,-3,-1,-8,1,-3,4,-5,5,29,7,3,-1,1,-9,13,0,4,23,30,31,13,-9,45,0,-6,15,3,-5,-11,-4,-48,-7,16,-1,-15,3,36,5,-12,1,-29,4,1,-10,7,-15,0,-17,4,-15,0,-6,3,-8,10,-9,-6,-8,2,3,-5,3,-25,-5,-39,14,15,-10,-10,7,10,2,2,-10,-6,14,11,7,18,1,3,2,11,-6],"closes":[0,-1,-29,-15,20,-15,-5,17,17,10,12,-25,4,-41,18,13,21,8,-14,19,-12,6,1,4,-1,3,2,-1,-1,-1,1,6,-9,-1,6,-11,8,-8,2,23,14,1,-1,0,4,0,2,4,20,33,27,21,-1,45,-15,49,-32,20,-24,0,-5,-15,-48,11,9,-5,-15,38,-1,40,-40,-10,-19,4,5,-15,2,-16,9,-28,5,-18,8,-7,1,0,6,-8,-10,-13,12,-9,-2,4,-24,-10,-24,32,-16,-11,0,1,22,-11,6,-10,0,15,0,24,0,1,9,4,1,-2],"volumes":[4.0,15.28,15.69,7.38,16.18,11.62,9.63,6.0,74.92,22.89,50.56,30.25,13.62,18.63,32.04,77.34,68.48,7.24,10.0,24.0,20.37,23.37,9.0,6.0,6.0,3.0,29.12,10.0,5.0,17.0,14.0,14.0,18.0,7.0,31.0,33.0,29.0,21.0,41.0,43.0,24.0,20.0,9.0,20.0,36.37,20.12,19.0,29.0,54.0,47.0,56.0,61.0,63.0,101.37,68.5,113.75,145.25,158.1,128.0,117.69,130.42,220.92,212.93,138.97,119.14,99.59,130.53,172.68,86.72,59.51,210.92,101.36,80.74,201.91,90.51,107.21,108.84,88.28,124.26,87.4,68.4,82.73,28.83,93.51,65.89,84.95,116.79,108.69,88.94,50.07,71.59,94.0,123.22,100.08,107.65,74.26,101.41,96.41,60.19,53.16,34.42,32.42,42.7,37.57,27.09,26.53,58.17,50.56,28.51,85.67,56.47,33.27,36.03,36.88,51.82,35.08]}