{"timestamp":1516492800000,"multiplier":1.0E-5,"open":1.22702,"high":1.22726,"low":1.22693,"close":1.2271,"shift":60000,"times":[1320,1,1,1,1,1,1,1,1,1,1,1,1,1,1,1,1,1,1,1,1,1,1,1,1,1,1,1,1,1,1,1,1,1,1,1,1,1,1,1,1,1,1,1,1,1,1,1,1,1,1,1,1,1,1,1,1,1,1,1,1,1,1,1,1,1,1,1,1,1,1,1,1,1,1,1,1,1,1,1,1,1,1,1,1,1,1,1,1,1,1,1,1,1,1,1,1,1,1,1,1,1,1,1,1,1,1,1,1,1,1,1,1,1,1,1,1,1,1,1],"opens":[0,-8,-38,-9,17,-11,-16,-16,1,2,-5,13,-8,-5,-13,9,-3,5,-6,-9,-1,0,1,35,-27,-3,-4,-29,3,-24,9,3,-3,1,19,1,32,-34,21,-35,0,1,2,-13,1,4,15,5,19,0,-5,-2,29,-11,0,2,-2,2,-16,3,-11,-11,-21,12,10,4,-17,6,-9,-6,8,1,-8,-8,-11,-42,-47,-48,-9,19,60,-27,2,9,4,1,2,-12,-2,17,3,18,15,17,-2,-15,-6,3,-16,1,14,5,5,-2,2,15,-3,-7,19,2,-5,8,3,11,16,1,16,-4,-35,13],"highs":[0,-13,-46,-6,3,-11,-7,-11,-11,0,-5,14,-9,-4,2,-7,3,-1,-5,-10,0,4,37,-6,-24,7,-17,-18,-8,-13,5,-4,-1,17,3,31,0,-4,-9,-35,1,0,2,-11,10,10,3,21,-2,0,-5,31,-4,-11,2,1,0,-1,-16,7,-7,-19,-9,11,7,-4,-8,-2,-8,2,-1,0,-4,-12,-11,-41,-44,-50,9,60,10,-21,-2,2,15,-5,-9,-9,18,2,10,21,15,7,-6,-13,-8,-1,-16,15,6,4,4,-4,17,-2,4,-3,26,-16,1,8,10,12,7,12,0,-4,-22,2],"lows":[0,-34,-23,9,-5,-6,-15,2,-7,-2,0,9,-7,-7,-5,4,2,-6,-1,-1,0,0,0,3,4,-7,-26,0,-22,1,6,1,2,-2,12,8,1,0,-22,8,0,1,-10,-1,1,4,11,9,17,-3,-2,-2,17,2,0,0,0,-13,-9,0,-9,-22,0,12,6,-13,2,-3,-5,-6,11,-11,0,-15,-53,-32,-48,-65,56,19,36,-11,10,6,3,1,-6,-3,-4,20,5,18,15,14,-12,-18,2,-10,-2,8,14,4,3,-1,4,6,-2,-4,22,-5,0,12,3,6,20,0,8,-30,-1,15],"closes":[0,-51,-12,10,-7,-13,-18,5,0,-6,-3,10,-7,-11,8,-4,5,-4,-10,-1,0,1,35,-27,-3,-2,-31,6,-27,4,8,-3,1,18,-1,34,-33,21,-35,0,1,0,-10,0,5,14,5,19,-1,-4,-1,31,-14,0,2,0,-2,-14,-6,-2,-10,-22,12,10,3,-16,6,-8,-8,8,2,-8,-8,-9,-43,-46,-50,-9,19,61,-25,-5,13,4,-1,5,-13,0,15,2,16,15,21,-2,-14,-10,5,-17,-3,19,5,5,-1,1,16,-6,-5,11,10,-4,5,5,11,14,3,16,-3,-36,13,1],"volumes":[8.56,58.1,24.75,9.37,29.95,72.48,69.5,35.74,25.59,59.84,101.63,41.81,41.59,64.47,80.82,60.8,103.12,48.99,19.35,43.5,29.57,33.8,62.05,60.2,22.12,112.63,151.33,47.65,90.18,55.39,63.87,34.3,43.46,61.6,57.56,45.0,63.66,126.8,53.71,13.97,6.21,5.61,36.16,9.79,45.7,57.3,35.0,80.24,21.72,31.11,28.74,50.23,33.34,39.3,159.79,87.95,44.02,118.5,51.48,72.23,118.34,122.67,74.26,64.92,144.14,110.31,130.92,83.54,141.52,91.97,49.11,98.36,54.79,91.91,198.72,187.37,177.12,279.85,135.84,194.36,118.93,182.26,87.83,45.18,100.56,46.64,79.0,47.48,93.55,84.48,81.11,93.43,86.6,129.91,112.02,167.89,101.63,113.77,76.62,58.18,57.73,33.11,79.17,43.1,51.45,117.78,106.24,83.79,134.2,80.05,50.68,51.96,89.01,88.31,144.67,121.65,113.64,120.89,91.49,24.92]}