{"timestamp":1515283200000,"multiplier":1.0E-5,"open":1.20265,"high":1.20266,"low":1.20259,"close":1.20261,"shift":60000,"times":[1320,1,1,1,1,1,1,1,1,1,1,1,1,1,1,1,1,1,1,1,1,1,1,1,1,1,1,1,1,1,1,1,1,1,1,1,1,1,1,1,1,1,1,1,1,1,1,1,1,1,1,1,1,1,1,1,1,1,1,1,1,1,1,1,1,1,1,1,1,1,1,1,1,1,1,1,1,1,1,1,1,1,1,1,1,1,1,1,1,1,1,1,1,1,1,1,1,1,1,1,1,1,1,1,1,1,1,1,1,1,1,1,1,1,1,1,1,1,1,1],"opens":[0,-3,13,-4,4,2,4,18,20,5,31,-11,-2,6,-3,-40,16,4,0,1,-11,14,9,-2,0,-2,0,2,-3,2,0,6,1,0,-3,-1,-11,-6,-3,-24,4,9,-4,2,-1,2,8,2,2,1,5,-5,-1,1,-3,-1,10,-5,0,2,-9,51,6,-3,-1,11,0,-10,-6,-3,1,-2,-4,1,-1,0,0,0,3,-1,-1,8,-10,24,9,-3,0,-5,-2,4,-2,0,-1,-4,-1,-2,-1,-1,0,-6,6,3,1,1,4,7,-4,-29,-1,1,11,0,-1,0,-5,10,5,1,-1,2],"highs":[0,6,3,-4,6,4,16,21,16,16,7,-12,5,-2,-3,-24,4,1,1,0,1,12,-1,-1,0,-3,0,1,-2,1,5,2,1,-1,-3,-1,-5,-12,-3,-20,8,1,-2,0,1,14,-3,2,2,2,1,-4,0,-1,-1,7,0,-5,3,0,50,-3,9,-11,9,0,3,-11,-8,5,-7,1,-5,1,-3,0,1,1,3,3,5,-4,15,12,0,-3,-2,-5,0,3,-4,-1,1,-5,-1,-1,-3,-1,0,0,5,1,0,4,6,4,-8,-28,0,10,0,0,1,-1,5,5,2,-2,1,0],"lows":[0,3,12,-3,4,2,-6,28,16,7,19,-1,2,0,-37,-13,16,16,-2,-9,2,14,5,2,-1,-1,0,-1,0,2,-1,7,1,-5,1,-23,6,-4,-25,-3,6,7,1,0,1,2,8,2,2,1,0,-2,0,-1,-4,-3,10,0,-6,1,-1,41,13,-4,3,1,-2,-7,1,-7,4,-5,2,0,0,-4,4,0,-1,2,-1,-2,1,23,2,5,-11,4,0,2,-1,1,-6,0,-4,1,-2,1,-5,-1,5,4,0,1,5,6,-37,0,4,0,11,0,0,-4,-1,9,6,0,0,0],"closes":[0,11,2,-3,6,3,17,21,16,16,-9,2,5,-4,-39,16,4,0,2,-13,14,11,-2,1,-3,-1,1,-1,0,1,5,2,0,-4,0,-11,-6,-3,-24,3,9,-3,1,-1,3,9,1,2,2,3,-4,-2,3,-3,-5,12,-3,-1,2,-8,50,6,-3,-1,11,0,-7,-9,-2,-3,0,-4,2,-1,0,0,0,0,3,-1,7,-10,24,10,-1,-3,-5,-1,3,-2,0,0,-4,-2,-3,0,-1,0,-5,4,4,0,2,5,5,5,-37,-1,1,10,1,-1,1,-5,10,4,0,0,1,-1],"volumes":[6.75,5.25,3.0,0.75,7.94,10.77,28.99,30.01,51.13,45.57,26.24,34.03,26.22,37.36,36.26,48.36,42.05,21.43,20.29,29.63,22.43,54.59,16.02,20.6,21.21,10.69,2.83,17.57,4.42,4.78,28.86,45.34,34.93,48.74,4.64,42.03,56.74,18.3,79.24,171.48,111.37,50.38,17.37,30.44,23.83,61.86,9.39,26.09,51.3,30.91,28.57,32.02,13.76,78.5,110.11,91.02,63.37,16.24,141.03,79.27,184.21,163.34,106.94,79.81,65.78,70.41,102.38,86.2,36.56,71.2,52.1,64.26,36.12,26.48,29.72,55.69,14.88,16.24,72.64,54.33,56.43,58.08,108.85,107.22,141.12,113.06,75.77,35.05,14.94,55.72,38.44,10.49,68.24,55.05,20.05,21.87,61.42,52.31,27.05,30.13,32.62,41.16,20.06,54.25,60.44,38.25,83.58,77.63,15.55,82.87,28.48,3.93,44.85,10.44,68.03,78.29,51.88,54.75,39.68,42.44]}