{"timestamp":1514764800000,"multiplier":1.0E-5,"open":1.35065,"high":1.35065,"low":1.35062,"close":1.35062,"shift":60000,"times":[1320,2,1,1,1,1,1,1,1,1,1,1,1,1,1,1,1,1,2,1,1,1,1,1,1,1,1,1,1,1,1,1,1,1,1,1,1,1,1,1,1,1,1,1,1,1,1,1,1,1,1,1,1,1,1,1,1,1,1,1,1,1,1,1,1,1,1,1,1,1,1,1,1,1,1,1,1,1,1,1,1,1,1,1,1,1,1,1,1,1,1,1,1,1,1,1,1,1,1,1,1,1,1,1,1,1,1,1,1,1,1,1,1,1,1,1,1,1],"opens":[0,-40,0,0,0,1,-1,0,0,0,0,-80,29,-6,57,0,-24,-31,56,-79,-2,1,1,22,57,-45,2,0,0,-1,-14,94,-25,24,8,-122,18,1,18,71,60,-168,0,0,39,-40,50,-4,22,-7,-50,58,-10,18,-1,2,150,-3,-60,38,-19,5,-15,17,-63,42,10,-9,0,17,-11,6,22,35,-6,3,-58,11,15,11,-7,14,9,-17,5,-1,-4,12,4,-1,-6,8,-35,16,-26,7,-14,4,5,-7,4,10,-12,11,12,-13,1,-8,-8,3,-10,-4,1,0,4,-1,0,-17],"highs":[0,-40,1,0,0,0,-1,0,1,-1,0,-80,80,0,1,-1,-21,-34,56,-79,21,1,1,56,0,-1,-42,0,1,-2,76,4,-2,15,29,-157,21,17,115,-45,60,-168,29,-29,39,11,-1,-4,22,-7,8,0,8,0,1,150,0,10,-13,-20,4,-19,1,0,-3,-3,17,-31,17,6,-9,24,55,-24,-3,0,-51,22,10,4,1,22,-6,-10,-1,-5,14,-5,5,-2,4,-5,-13,-8,-12,-7,-10,9,4,-6,10,-5,-4,18,-3,-11,0,-7,-2,0,-13,-4,0,3,1,0,-2,-15],"lows":[0,-37,0,0,0,0,0,0,0,0,0,-80,29,-6,57,-23,-34,0,58,-79,-2,1,1,18,11,5,1,0,-4,-10,-15,104,-89,20,-41,0,0,18,12,78,-74,-34,0,0,31,-32,50,-19,27,3,-50,12,36,17,0,0,79,10,-52,69,2,-21,10,-57,-9,47,15,-1,-1,10,-6,12,21,21,8,-65,11,3,16,5,-10,9,10,3,0,-9,2,19,2,-8,3,-44,-2,9,-3,-6,-1,6,-2,0,4,-1,-6,17,-1,-1,-4,-14,4,-8,-6,3,-3,0,6,-8,-15,1],"closes":[0,-37,1,0,0,-1,0,0,0,0,0,-80,80,0,0,-23,-30,-4,58,-79,21,1,0,57,-50,5,1,0,0,-13,88,0,3,15,-128,0,18,19,1,70,-74,-34,29,-29,31,17,1,-19,27,3,8,-9,17,-1,2,149,-3,-58,40,-22,5,-16,18,-64,43,-3,4,0,17,-11,5,27,31,-6,3,-58,7,18,14,-15,20,8,-16,5,-1,-2,11,2,-1,-5,8,-32,11,-24,7,-14,4,5,-8,5,10,-12,8,14,-12,1,-6,-14,4,-7,-4,2,-1,4,-2,1,-19,-3],"volumes":[3.75,1.85,2.22,1.11,2.59,3.7,1.11,1.11,2.22,0.74,0.37,5.49,4.6,2.24,2.59,1.48,28.14,2.0,0.74,1.37,3.37,4.37,7.12,4.59,3.59,4.09,3.36,3.36,10.0,7.0,24.0,11.0,16.24,6.38,27.16,5.79,27.58,51.5,65.05,0.15,1.05,1.37,4.24,1.37,1.5,3.62,1.5,1.5,4.5,0.3,8.0,11.25,17.25,15.0,22.25,34.75,22.75,41.56,76.16,78.12,151.87,92.75,121.76,256.44,153.59,179.53,98.58,61.52,97.05,54.0,44.62,52.98,116.7,102.32,54.86,119.01,126.23,101.62,92.6,91.82,74.4,102.62,78.98,100.5,92.0,126.84,144.1,64.18,72.87,72.99,60.18,220.52,207.17,107.0,122.75,144.19,159.87,159.62,316.99,89.58,45.72,69.32,104.1,50.87,156.75,94.04,83.12,42.42,33.0,67.75,40.14,41.87,45.65,37.96,56.0,48.94,114.44,36.25]}