{"timestamp":1515888000000,"multiplier":0.001,"open":1336.621,"high":1336.942,"low":1336.372,"close":1336.442,"shift":60000,"times":[1380,1,1,1,1,1,1,1,1,1,1,1,1,1,1,1,1,1,1,1,1,1,1,1,1,1,1,1,1,1,1,1,1,1,1,1,1,1,1,1,1,1,1,1,1,1,1,1,1,1,1,1,1,1,1,1,1,1,1,1],"opens":[0,-170,-550,411,110,-321,171,477,93,-91,371,166,370,-139,-231,-147,90,-90,-80,-159,-101,-370,-110,251,69,131,-170,-181,431,220,180,120,-251,-170,-10,-199,-11,67,34,206,293,-300,-140,-160,138,3,-64,170,123,-159,77,263,-101,0,1,-74,10,-127,167,-127],"highs":[0,-390,-220,280,-181,-109,700,0,-171,540,-42,703,-343,-181,-240,-56,20,-110,-60,-161,1,-400,140,99,21,80,-254,254,240,189,210,-69,-270,-210,140,-350,67,99,134,290,77,-377,-141,67,20,30,-6,89,10,-83,281,-10,-90,100,-101,-39,-41,81,-17,-151],"lows":[0,-530,49,420,-229,-11,201,277,92,98,300,169,250,-149,-221,1,23,-44,-107,-160,-289,-291,100,250,60,-100,-110,0,420,231,179,-280,-20,-60,-153,-57,-50,167,1,232,0,-200,-100,-99,226,-210,-37,270,-50,60,0,290,0,-69,-11,-50,-60,0,-3,-77],"closes":[0,-551,440,111,-340,169,701,-131,-89,369,167,453,-243,-189,-151,74,-90,0,-131,-129,-360,-200,309,130,10,-179,-163,422,230,170,120,-230,-189,-10,-201,-10,77,24,206,293,-300,-140,-159,176,-20,-87,201,89,-99,7,299,-100,-10,-7,-73,3,-113,131,-38,-179],"volumes":[0.08888,0.09402,0.04608,0.05233,0.05847,0.06503,0.08653,0.04567,0.02127,0.04124,0.02197,0.0721,0.05783,0.02496,0.02476,0.01178,0.02176,0.01821,0.0216,0.02868,0.05238,0.04035,0.05672,0.04583,0.03276,0.03738,0.04403,0.06655,0.0543,0.03686,0.0699,0.04667,0.02876,0.01362,0.02954,0.0151,0.01771,0.01752,0.01409,0.0309,0.02368,0.02747,0.01821,0.03109,0.02975,0.04189,0.02975,0.01165,0.0137,0.01991,0.02516,0.02553,0.00508,0.01819,0.01165,0.00736,0.00977,0.02084,0.02141,0.00778]}