{"timestamp":1105228800000,"multiplier":1.0E-5,"open":1.30579,"high":1.30625,"low":1.3057,"close":1.30614,"shift":60000,"times":[1320,1,1,1,1,1,1,1,1,1,1,1,1,1,1,1,1,1,1,1,1,1,1,1,1,1,1,1,1,1,1,1,1,1,1,1,1,1,1,1,1,1,1,1,1,1,1,1,1,1,1,1,1,1,1,1,1,1,1,1,1,1,1,1,1,1,1,1,1,1,1,1,1,1,1,1,1,1,1,1,1,1,1,1,1,1,1,1,1,1,1,1,1,1,1,1,1,1,1,1,1,1,1,1,1,1,1,1,1,1,1,1,1,1,1,1,1,1,1,1],"opens":[0,28,8,18,12,5,-7,-16,5,8,-23,-7,2,-26,-35,10,-6,11,-17,15,-2,-29,2,-12,-11,13,-2,7,-43,33,-17,20,-4,13,-6,-10,-4,5,-6,-12,13,-28,21,11,12,-27,12,-23,16,-1,-3,10,8,18,-21,9,-7,19,-19,15,-20,9,-22,24,-3,17,1,-10,-23,19,1,-3,-8,18,-1,5,-1,6,1,7,-25,-1,5,-3,-4,2,5,-10,2,13,9,-14,20,-11,-17,18,-3,-14,8,-7,-45,55,2,-2,-14,7,12,-9,3,18,55,30,-15,18,10,-12,30,19,24,10],"highs":[0,-12,7,30,6,-6,2,-15,5,7,-8,-17,13,-41,-20,1,-13,14,-12,12,-8,-22,3,-15,-15,6,6,2,-6,-1,1,-4,14,-1,-1,-10,2,2,-5,-24,23,5,0,-3,12,-2,-8,-8,-11,13,12,2,1,0,2,-6,21,4,-6,-6,-15,-1,2,-3,2,17,-9,-5,-4,5,8,-9,3,13,9,-2,-2,13,-19,1,-11,2,3,-7,6,-2,-3,4,-6,3,4,-2,13,4,-12,-2,-8,-9,17,-14,-5,8,6,3,2,-18,12,-8,49,26,31,6,3,14,0,-5,23,27,10,7],"lows":[0,17,16,15,15,-12,-2,-7,7,-24,18,-4,-12,-64,18,-12,8,1,-10,20,-16,-22,4,-18,-6,-1,19,-7,-24,25,-9,3,10,-5,7,-28,17,-2,5,-27,13,-12,9,-2,12,-2,2,-13,-14,21,5,-17,19,-10,23,-28,20,14,-4,8,-17,-12,3,1,15,11,-9,3,-27,15,7,-9,8,17,0,-10,6,-7,3,-6,-6,6,1,-4,1,-14,19,-10,3,12,-2,1,2,-1,-5,-1,-15,8,9,-10,-34,41,6,-14,3,-6,11,2,10,19,55,-15,30,10,18,-43,49,23,18,10],"closes":[0,-11,17,21,0,-17,-3,-4,7,-29,42,-17,-22,-58,26,-25,13,-6,-6,17,-17,-14,-4,-15,5,-13,28,-18,17,-15,-5,-2,24,-19,8,-6,13,-2,-7,-34,13,3,24,-31,11,11,7,0,-45,23,18,-32,43,-31,25,-32,63,-29,23,-11,-16,-16,21,-19,19,8,-11,13,-13,-6,8,-16,29,-3,3,-14,18,3,-19,-3,18,-20,10,-14,10,-23,20,-11,6,16,-3,-4,1,1,5,-13,-15,14,11,-18,-3,12,4,-4,1,-9,10,0,34,40,26,3,5,5,18,-46,57,24,12,4],"volumes":[565.9,599.3,603.2,536.0,677.5,574.3,212.0,407.1,539.5,367.3,916.3,602.8,440.8,449.1,433.9,543.1,635.3,873.5,345.2,816.4,246.7,451.0,389.8,415.4,597.0,428.2,839.7,459.3,230.7,772.7,514.7,434.5,396.2,531.7,792.0,736.7,466.5,496.1,424.4,316.7,396.8,708.5,690.8,401.4,530.2,691.7,503.8,543.2,504.3,458.0,417.3,461.4,251.1,336.6,353.6,394.0,343.0,345.1,580.0,453.5,501.9,312.4,556.4,519.8,541.0,520.9,205.6,743.1,584.9,581.8,926.5,262.2,473.7,311.2,818.0,466.0,317.0,751.0,453.8,794.7,933.7,648.6,648.5,526.3,374.0,537.6,579.5,385.0,478.7,594.4,511.0,573.0,612.8,628.9,550.4,268.0,188.6,496.5,589.0,304.6,386.0,740.1,532.7,734.3,459.7,388.0,730.3,412.3,367.3,367.3,707.3,822.5,733.8,446.8,398.7,499.9,600.0,418.3,607.6,396.4]}