{"timestamp":1233446400000,"multiplier":1.0E-5,"open":1.4467,"high":1.44696,"low":1.44667,"close":1.44696,"shift":60000,"times":[1320,1,1,1,1,1,1,1,1,1,1,1,1,1,1,1,1,1,1,1,1,1,1,1,1,1,1,1,1,1,1,1,1,1,1,1,1,1,1,1,1,1,1,1,1,1,1,1,1,1,1,1,1,1,1,1,1,1,1,1,1,1,1,1,1,1,1,1,1,1,1,1,1,1,1,1,1,1,1,1,1,1,1,1,1,1,1,1,1,1,1,1,1,1,1,1,1,1,1,1,1,1,1,1,1,1,1,1,1,1,1,1,1,1,1,1,1,1,1,1],"opens":[0,24,6,-10,-70,165,10,-55,0,-5,15,0,0,10,-10,25,-30,20,10,-25,15,25,20,0,5,15,0,-20,-5,-55,-20,-5,40,20,-30,0,0,20,10,-10,0,5,-20,-25,-40,5,-60,-100,-55,-20,5,0,-15,-10,-35,0,15,-45,-65,-35,60,-40,20,5,-35,-10,0,105,-10,85,45,35,35,35,15,5,5,5,40,-45,0,-25,-5,-25,75,-75,20,-5,15,-35,-20,-35,-10,40,-10,-115,10,140,-190,10,-110,-115,35,55,-70,0,-115,-5,0,-10,5,-230,-30,20,-35,25,20,-35,25,-10],"highs":[0,47,-23,-30,95,10,75,-115,-5,20,0,-20,20,0,-20,35,-40,30,0,-25,25,40,0,-5,15,10,-5,-20,20,-75,30,-5,0,5,-15,30,-25,0,10,-5,35,-35,25,-70,-40,10,-65,-100,-20,-30,-5,-15,-10,-15,-35,50,5,-80,-70,10,15,-20,35,-5,-55,-15,80,35,65,45,50,20,15,35,15,30,-35,60,-15,-45,15,-5,65,-75,20,-45,-10,10,25,-55,75,-70,-35,5,5,-115,150,40,-250,65,-150,-105,105,-40,-35,-35,-25,0,-55,15,-60,-230,45,-20,-20,-5,0,35,-35,25],"lows":[0,-11,-21,55,-70,165,-5,-40,-20,15,15,0,0,0,0,25,-34,24,-10,-5,5,35,20,0,5,-5,0,-5,-65,-15,-5,5,0,0,0,10,20,20,-5,5,-5,-25,-10,-50,10,-20,-185,-20,-20,10,-5,-30,25,-50,10,-15,-20,5,-115,10,25,0,10,-10,-10,-10,0,10,85,80,0,75,45,-5,35,15,5,-5,-15,10,-30,-5,-75,40,5,30,-25,40,-25,0,-45,-105,45,65,-135,-20,25,-25,10,-115,-115,0,45,-30,-5,-105,5,0,-10,-10,-245,-45,5,-20,50,-10,20,-5,-10,5],"closes":[0,-15,-1,10,95,10,0,-45,-20,40,0,-20,15,5,-20,28,-37,34,-20,-5,5,55,5,-5,15,5,-20,-5,-65,-15,40,15,-25,-5,0,5,20,0,-5,10,-10,5,-40,-40,0,-20,-135,-70,-20,20,0,-25,10,-45,0,15,-50,5,-115,60,-15,10,5,-25,-10,-10,55,45,75,50,35,35,10,25,30,-20,15,20,-20,-20,-30,10,-30,70,-60,25,-5,15,-40,5,-45,-30,45,5,-115,5,130,-195,10,-115,-115,40,65,-75,20,-125,-15,0,-5,-10,-215,-30,55,-75,35,5,-25,25,-30,40],"volumes":[84.2,21.4,9.0,1.0,6.2,3.0,29.0,4.0,11.0,4.4,3.4,2.4,10.8,10.2,2.4,10.4,6.6,4.0,16.0,2.4,4.0,8.4,8.2,1.6,3.0,16.2,4.4,2.6,20.6,14.0,19.0,17.4,18.6,19.6,6.4,25.2,4.0,12.2,24.0,2.0,49.0,4.0,26.6,15.2,4.0,13.4,50.432,23.2,15.0,15.4,19.0,49.6,7.0,10.0,18.0,33.0,31.0,3.0,71.0,33.4,42.8,44.6,43.4,21.8,8.4,1.0,28.2,139.6,79.4,72.4,62.0,9.0,11.0,9.0,40.6,18.2,26.2,48.8,82.8,21.6,26.0,49.8,101.8,105.4,52.8,70.6,50.0,38.6,81.6,53.2,97.4,104.9,64.4,49.2,104.4,63.6,159.4,78.0,4.8,71.4,37.4,79.2,145.7,170.2,105.0,98.9,62.0,41.1,64.0,196.6,194.8,172.1,83.8,58.8,24.4,56.4,38.6,81.4,73.4,55.8]}