{"timestamp":1233446400000,"multiplier":1.0E-5,"open":1.22814,"high":1.22814,"low":1.22784,"close":1.22784,"shift":60000,"times":[1320,1,1,1,1,1,1,1,1,1,1,1,1,1,1,1,1,1,1,1,1,1,1,1,1,1,1,1,1,1,1,1,1,1,1,1,1,1,1,1,1,1,1,1,1,1,1,1,1,1,1,1,1,1,1,1,1,1,1,1,1,1,1,1,1,1,1,1,1,1,1,1,1,1,1,1,1,1,1,1,1,1,1,1,1,1,1,1,1,1,1,1,1,1,1,1,1,1,1,1,1,1,1,1,1,1,1,1,1,1,1,1,1,1,1,1,1,1,1,1],"opens":[0,-16,-3,10,-40,0,5,-15,21,-6,-155,-75,-66,24,-2,17,-7,-3,-13,30,-10,181,-136,25,84,7,14,-125,103,18,24,17,12,-17,-6,19,-105,71,-29,7,13,6,-3,-10,18,-21,193,0,-105,-245,20,90,50,0,0,-20,10,35,-30,10,-10,20,50,0,0,0,35,65,-75,-30,-18,18,55,0,-20,-25,-15,-35,-60,25,10,0,-40,40,-25,-36,66,0,-71,-14,80,-83,3,0,5,-5,0,10,-55,100,0,-43,10,8,65,0,40,30,-10,5,0,0,35,-40,0,0,5,-15,-6,26],"highs":[0,-8,14,-15,-5,-35,5,0,55,-55,-30,-190,-14,-23,-1,8,-1,-6,2,110,-115,193,-143,80,40,6,-1,-60,45,50,5,10,-1,-10,0,6,-105,71,-17,4,4,16,-13,2,6,-8,180,55,-5,-400,80,155,-75,0,0,0,-10,64,-59,65,-40,45,0,0,0,0,95,5,-75,-30,4,51,0,0,-15,-30,-15,-35,-59,24,10,0,-28,33,-20,1,19,0,-46,21,20,-60,-5,-10,0,0,10,-5,15,30,10,-53,24,144,-85,0,80,-10,-5,0,0,5,60,-40,-25,0,0,-10,6,24],"lows":[0,-51,49,-22,-20,25,-20,10,21,-276,-10,25,-41,24,-4,3,-1,-3,-5,32,-10,173,-148,45,81,8,2,-111,103,7,33,5,0,0,3,5,-91,61,-21,-7,4,26,-12,0,5,-22,211,-275,-35,-40,20,65,75,0,-25,5,10,14,-9,-10,10,20,50,0,0,0,5,45,-60,5,-18,18,55,0,-75,10,-35,5,-82,47,10,0,-40,40,-48,-56,64,-60,23,-3,-20,6,9,5,0,0,-5,-50,10,60,0,-33,22,26,65,0,8,17,35,0,0,0,5,-5,0,0,0,-25,3,32],"closes":[0,-51,75,-33,-20,10,-15,20,55,-245,-60,-5,18,-20,-13,6,13,-6,2,110,-115,178,-138,90,40,5,-14,-86,80,13,42,8,-11,-9,16,-4,-95,61,-13,10,-19,31,-19,12,5,-32,209,-275,-35,-40,80,155,-75,0,-25,25,-10,47,-42,60,-35,45,0,0,0,0,95,-45,-55,0,-16,71,0,0,-45,-15,-35,0,-82,47,10,0,-35,40,-20,-89,64,-60,36,44,-80,33,-18,5,0,5,5,-45,60,-10,0,-32,32,80,0,0,70,-5,-5,0,0,10,15,-15,-10,0,0,-5,-17,47],"volumes":[14.0,26.0,40.6,6.8,6.6,1.0,9.6,3.4,65.6,25.0,20.6,8.8,31.2,4.8,17.6,20.8,9.6,13.0,19.2,21.2,3.0,4.0,19.0,24.2,31.2,21.6,16.8,6.0,7.2,113.6,111.8,52.4,45.6,13.0,23.2,35.0,1.0,7.2,12.0,34.4,18.8,16.8,16.8,20.8,15.4,21.6,6.6,43.2,61.2,2.4,4.0,13.8,3.2,3.2,12.2,3.8,2.4,52.6,9.6,120.0,32.4,13.6,4.0,4.0,2.0,2.0,19.0,23.4,30.0,4.8,35.6,22.2,7.2,24.0,68.2,18.8,21.0,3.0,22.0,7.2,2.4,12.0,15.0,7.2,34.0,74.6,7.2,8.8,51.8,3.4,5.0,60.8,41.6,14.4,42.4,32.0,31.2,38.8,35.6,6.8,6.8,18.0,27.8,36.0,4.8,2.4,41.2,44.0,26.4,16.6,13.6,16.0,69.6,23.0,5.8,5.8,3.4,85.2,25.6,5.6]}