{"timestamp":1217116800000,"multiplier":1.0E-5,"open":0.97276,"high":0.97364,"low":0.97276,"close":0.97364,"shift":60000,"times":[1260,1,1,1,1,1,1,2,1,1,2,2,1,1,2,1,2,1,1,1,1,2,3,3,1,1,1,1,1,1,1,1,1,1,1,1,1,1,1,3,1,1,1,1,1,1,1,1,1,1,1,1,1,1,1,1,1,1,1,1,1,1,1,1,1,1,1,1,1,1,1,1,1,1,1,1,1,1,1,1,1,1,1,1,1,1,1,1,1,1,1,1,1,1,1,1,1,1,1,1,1,1,1,1,1,1,1,1,1,1,1,1,1,1,1,1,1,1,1,1,1,1,1,1,1,1,1,1,1,1,1,1,1,1,1,1,1,1,1,1,1,1,1,1,1,1,1,1,1,1,1,1,1,1,1,1,1,1,1,1,1,1,1,1,1,1,1,1],"opens":[0,83,5,-46,10,13,-39,44,9,6,35,-26,-50,36,7,-4,-20,-19,-13,-4,-3,-4,-5,7,-25,28,20,-1,30,-38,-22,14,19,9,-12,12,-9,-11,9,3,-69,-52,-12,14,57,-49,-6,-2,-6,10,3,15,-4,-3,-9,9,-15,-10,-3,-18,-30,-39,0,-3,19,-8,-1,4,-8,3,24,-11,8,-11,18,9,3,7,-20,3,14,11,-21,5,9,5,8,-13,9,4,-25,29,9,24,5,18,-30,7,4,-38,36,20,12,6,24,19,-19,-28,-8,24,-4,-14,-19,4,-10,5,17,-10,17,-21,-19,35,6,8,-6,29,2,38,-23,-11,8,-8,14,-4,5,-5,-10,-4,-7,-8,1,7,6,3,-20,22,-17,-6,6,-14,-17,17,-14,11,14,1,8,-10,11,-5,-5,10,4,12,-5,-17,-9,-22],"highs":[0,3,10,-59,32,-9,-3,16,18,12,12,-23,-40,38,-6,-6,-20,-19,-3,-14,4,-9,3,-3,0,40,-17,7,26,-42,-9,14,18,-3,-2,2,4,-4,-11,23,-89,-52,2,32,25,-48,-4,-5,0,4,20,1,9,-19,5,-4,-15,-11,2,-23,-30,-28,-11,7,21,-17,1,-1,-8,21,6,-6,3,6,10,7,2,1,-14,13,7,5,-21,10,7,11,4,-15,4,12,-15,22,14,14,29,-13,-22,-1,12,-18,23,12,15,9,32,-2,-19,-27,14,1,3,-21,-17,2,-6,12,24,-7,-4,-21,9,8,13,0,25,-2,34,6,-14,-20,12,0,7,-3,-1,-5,-10,-4,-7,-1,-3,12,4,-3,3,-1,-17,5,-4,-15,-2,2,-3,13,1,8,9,-12,5,-1,0,3,14,0,-5,-17,-9,-19],"lows":[0,64,10,-53,31,-8,-25,45,15,-14,37,-32,-26,36,6,-26,-1,-42,14,-14,7,-7,-2,-23,5,28,17,-7,31,-51,-1,14,19,0,-3,-1,-2,-5,3,-21,-74,-30,1,14,20,-12,-15,-7,8,4,9,2,9,-15,3,-3,-7,-10,-7,-34,-38,-7,-3,-2,19,-17,8,-1,-10,12,11,1,5,-7,18,8,2,-9,-2,3,14,-5,-9,9,8,6,-5,0,9,-9,-12,29,9,21,8,-13,1,-3,5,-38,45,20,9,6,27,7,-34,-7,-2,17,-7,-22,-6,2,-10,12,17,-10,-1,-23,1,32,9,2,0,20,11,21,-9,-23,15,-1,15,-4,-1,-9,-8,-7,-4,-12,0,20,3,-15,1,15,-23,7,-8,-21,4,8,-5,11,7,8,3,-10,7,4,-5,10,3,-5,-1,-11,-36,-21],"closes":[0,3,-17,-40,36,-26,18,16,18,12,-6,-32,-13,29,1,-27,-1,-36,13,-11,2,-10,8,-33,26,40,-16,10,14,-51,12,14,18,-12,7,-11,-2,15,-17,-21,-74,-30,14,33,-12,-11,-5,-18,13,5,20,-15,17,-21,15,-17,-2,-15,-7,-33,-39,-7,-3,10,7,-3,1,-8,-6,26,-7,5,1,10,10,-1,10,-17,2,15,6,-13,-5,13,3,15,-17,4,6,-10,7,20,16,8,31,-40,6,2,-5,-1,23,10,17,9,30,-12,-32,-9,21,1,-14,-22,1,-4,0,7,16,6,-22,-23,29,8,9,0,29,-8,40,-11,-9,-13,5,12,2,2,-4,-10,-10,-5,-6,5,-1,5,9,-20,22,-8,-23,13,-14,-21,19,-7,5,14,-2,11,-4,1,0,4,-2,5,14,-3,-16,-9,-29,-30],"volumes":[1.940305,8.155611,9.279726,7.181527,7.936662,3.127673,1.343287,7.342018,2.724743,2.946963,3.625558,6.582064,2.825787,9.689064,5.476464,4.744481,0.302381,2.492015,4.100047,12.023075,6.694792,5.916523,0.312275,10.893009,5.671265,3.643414,6.709332,5.931377,3.786471,9.456659,7.741565,2.557825,0.992944,8.262063,6.746569,3.625243,6.614976,3.733165,2.903239,3.195253,0.428713,4.86264,10.559078,0.401568,0.639163,0.469393,9.892393,10.135909,6.009319,3.12147,1.358299,10.359833,2.444612,10.139334,3.605933,7.481406,5.018451,1.019369,3.447744,3.78766,2.533892,7.411778,0.318056,2.553781,8.29939,5.774595,5.972063,0.697616,3.040726,7.635523,0.92496,4.531127,0.218615,7.988284,0.421882,6.406311,3.601648,6.076353,5.43936,2.062579,7.279598,3.861695,7.492087,0.868228,4.274716,2.605423,11.5006,5.292362,0.338974,10.140533,2.417542,8.395945,5.099236,1.046706,5.604326,13.817486,2.402875,4.373223,0.692423,7.767514,0.557792,8.294265,7.102901,5.347625,6.073517,4.418141,10.110306,2.955027,5.311764,3.003983,8.051783,5.432297,5.043859,2.958781,0.589842,8.752989,8.417679,6.948665,11.314839,2.702439,10.631296,1.169571,3.775449,2.973836,4.61449,5.759894,4.017159,2.60556,7.78669,4.979383,8.980062,8.919074,2.550592,7.619908,2.665172,1.328652,7.540697,3.202205,0.560673,3.289341,3.931219,4.954779,6.977514,5.218209,0.589425,0.79819,8.026994,9.721603,8.595804,6.335746,0.321781,2.218733,3.782926,6.312611,7.189849,8.98335,6.79795,2.696039,4.957785,2.372828,8.050908,0.369729,5.722345,7.138886,7.403823,1.074286,9.746856,5.860541]}