{"timestamp":1215907200000,"multiplier":1.0E-5,"open":1.59498,"high":1.59677,"low":1.59498,"close":1.59675,"shift":60000,"times":[1260,1,1,1,1,1,1,1,1,1,1,1,1,1,1,1,1,1,1,1,1,1,1,1,1,1,1,1,1,1,1,1,1,1,1,1,1,1,1,1,1,1,1,1,1,1,1,1,1,1,1,1,1,1,1,1,1,1,1,1,1,1,1,1,1,1,1,1,1,1,1,1,1,1,1,1,1,1,1,1,1,1,1,1,1,1,1,1,1,1,1,1,1,1,1,1,1,1,1,1,1,1,1,1,1,1,1,1,1,1,1,1,1,1,1,1,1,1,1,1,1,1,1,1,1,1,1,1,1,1,1,1,1,1,1,1,1,1,1,1,1,1,1,1,1,1,1,1,1,1,1,1,1,1,1,1,1,1,1,1,1,1,1,1,1,1,1,1,1,1,1,1,1,1,1,1,1,1,1,1],"opens":[0,172,-20,-22,-17,-34,8,-22,-3,-3,2,23,35,-21,1,15,6,26,-46,-20,12,-19,7,-6,4,18,-47,21,-11,26,-24,-1,5,3,1,30,-19,4,-19,12,-4,6,3,44,-35,19,5,-21,8,23,2,21,4,26,-8,7,-13,-26,3,-7,-6,-50,-208,-62,18,-5,29,-19,-46,-9,54,-21,4,-3,2,0,-22,-66,6,-7,-1,-2,-24,-38,49,-25,-9,-49,-8,-58,26,19,30,5,-15,-21,49,5,-18,31,3,17,18,6,-24,-13,-72,-13,-6,-11,3,26,22,7,-13,11,-14,5,6,-24,15,-14,57,-38,16,4,21,8,-30,13,20,-20,-2,-15,81,-15,-22,26,34,-54,-5,-18,-65,44,13,17,-7,40,63,-60,37,-6,-13,-8,-19,10,7,2,-17,-22,46,53,7,-3,-28,-4,25,-22,15,13,7,-21,0,-16,-39,-38,-49,-44,-4,-62],"highs":[0,3,2,-18,-39,-8,0,-27,-12,4,5,36,13,-27,26,-12,16,10,-38,-10,-1,1,-2,-22,21,22,5,-34,-4,2,-5,-4,30,-3,7,2,-10,-5,-16,-8,22,0,22,15,8,-12,-10,6,7,-4,25,8,18,13,14,-7,-33,-7,-5,-1,-1,-58,-188,-67,6,30,-8,18,-85,45,11,-13,-15,11,6,-37,-10,-58,-3,8,8,-14,-35,-11,16,-19,4,-50,-33,-30,26,64,-9,-5,-27,40,1,7,17,-18,20,13,22,-24,-9,-11,-53,-28,-4,-18,40,18,-5,12,-16,-2,12,-21,5,-11,-3,75,-15,0,-14,20,7,-6,-3,3,9,-18,-1,66,0,-20,15,-11,16,-31,-12,-8,-58,42,27,-6,41,0,33,-5,-11,-4,2,-5,-5,3,-12,-2,-13,15,20,70,1,-26,-2,2,-1,0,21,-3,-3,-16,-5,-13,-58,-24,-47,-38,8,-94],"lows":[0,144,-27,-38,-27,-10,35,-23,-8,0,0,12,27,-9,16,-19,35,3,-59,10,-5,16,-4,-14,9,2,-17,2,-3,15,-9,1,9,-3,-4,10,10,-22,3,-2,17,-1,3,7,7,9,-9,5,1,-6,21,20,5,21,0,-13,-20,-5,0,-2,-47,-169,-103,3,-1,14,2,-32,-50,28,22,8,16,-5,5,-24,-64,-3,-5,-4,-4,-25,-51,31,3,8,-35,-66,-24,-1,16,31,41,-35,-30,16,20,20,7,-3,31,10,14,-7,-7,-70,-16,-26,6,-13,10,25,22,2,-6,-9,5,-6,3,-13,1,0,40,-2,-5,3,29,-20,4,4,2,-2,-9,12,48,-13,9,-8,-18,5,-16,-43,-2,1,43,5,17,13,19,8,22,-24,-5,-2,-23,4,13,9,-24,-16,58,24,2,11,-11,5,-8,9,14,0,-16,-18,4,-23,-40,-64,-44,6,-55,-58],"closes":[0,-7,-27,-37,-27,3,5,-17,-6,-2,4,59,-25,4,16,-7,25,-14,-48,13,-17,17,-16,-4,27,-12,-10,-22,18,-1,-5,-9,11,8,17,-3,-4,-2,-8,-18,21,2,11,20,17,2,-33,11,4,21,21,-1,7,7,27,-11,-38,-7,-5,13,-47,-187,-94,7,3,34,-22,-28,-28,38,-9,-3,-2,16,-4,-14,-73,-2,5,-4,-1,-28,-39,12,7,-13,-25,-31,-46,4,9,70,4,-40,-20,57,-6,13,4,10,0,30,22,-39,-5,-55,-11,-34,4,-30,52,16,18,-33,22,-24,11,-16,-6,14,7,46,-26,12,6,15,-7,-21,15,24,-14,-15,-3,68,-9,-4,27,-14,-27,-14,8,-50,-16,52,2,14,20,1,1,41,-6,-17,-5,1,-10,26,-13,-22,-25,40,16,56,17,-36,6,0,-18,25,36,-41,-10,-5,6,-49,-48,-27,-60,5,-75,-22],"volumes":[463.4,598.7,658.2,421.0,125.2,324.0,58.6,64.3,91.2,129.3,478.7,65.8,260.4,325.1,477.5,86.0,133.1,57.4,230.4,398.8,621.4,153.8,575.9,338.7,415.3,267.9,750.6,467.3,432.4,753.5375,510.9,879.6,497.3,756.3,563.5,849.4,166.5,195.4,402.2,573.537,489.2,1071.2,295.3,236.7,497.8,810.7,894.6,771.4,538.375,615.4,510.7,355.1,242.7,158.1,267.4,65.2,61.4,193.0,53.4,393.2,652.1,510.4,365.5,554.0,497.3,258.1,253.0,208.2,411.0,595.1,886.1,199.3,233.0,518.1,335.4,67.8,209.5,185.5,484.6,506.3,83.3,256.6,431.6,252.5,81.7,63.9,449.1,731.2,205.1,450.1,517.3,808.2,70.1,196.2,281.2,913.7,305.4,789.3,356.0,435.9,265.1,477.7,728.137,152.9,540.3,977.6,494.6,76.0,160.8,397.2,564.6,594.3,295.2,148.7,311.1,419.9,629.9,320.1,348.3,460.5,618.7,853.8,818.9,931.3,1298.4,860.4,453.3,450.8,834.445,1335.1,620.0,920.9,788.2,301.4,477.2,468.1,337.6,446.3,198.6,602.3,440.0,453.4,385.8,433.2,296.9,107.5,172.5,184.4,512.0,101.1,41.8,429.7,532.8,92.2,435.2,368.5,496.0,500.6,646.8,704.3,65.5,455.4,340.1,276.7,343.6,367.5,160.3,235.3,447.8,728.6,613.175,475.8,510.8,151.6,372.5,214.6,417.6,493.2,308.837,473.9]}