{"timestamp":1480809600000,"multiplier":1.0E-5,"open":0.74507,"high":0.74507,"low":0.74506,"close":0.74506,"shift":60000,"times":[1320,1,1,1,1,1,1,1,1,1,1,1,1,1,1,1,1,1,1,1,1,1,1,1,1,1,1,1,1,1,1,1,1,1,1,1,1,1,1,1,1,1,1,1,1,1,1,1,1,1,1,1,1,1,1,1,1,1,1,1,1,1,1,1,1,1,1,1,1,1,1,1,1,1,1,1,1,1,1,1,1,1,1,1,1,1,1,1,1,1,1,1,1,1,1,1,1,1,1,1,1,1,1,1,1,1,1,1,1,1,1,1,1,1,1,1,1,1,1,1],"opens":[0,-51,31,9,-21,-43,72,78,-18,-87,47,-40,28,-60,9,0,-38,3,-18,0,4,7,1,4,1,-22,-28,-1,-13,1,19,-17,2,0,3,1,-1,1,-31,-25,-5,29,-10,-37,32,19,-55,25,-15,13,-17,7,17,31,-65,-18,-9,0,4,-38,-90,132,-7,-38,13,47,-28,25,-27,97,-42,-46,-6,1,19,15,-7,-58,-20,-4,0,-18,-2,-34,22,-3,32,1,9,10,19,12,4,16,56,20,28,-45,-32,9,2,0,27,-17,14,61,13,-13,23,-27,-32,-45,31,29,8,-32,51,27,-3,-21],"highs":[0,-20,10,-1,-1,9,79,17,-36,-39,18,-23,-8,-51,1,1,-21,-16,-2,17,-21,0,0,4,8,-26,-22,-10,-7,-2,27,-26,1,0,2,2,6,-7,-28,38,-25,-17,2,-11,31,8,-55,-1,-2,1,-13,19,33,-1,-44,-11,-28,-3,-3,-38,45,25,-35,-14,35,1,56,-40,50,1,-38,-35,-13,46,1,-9,-18,-53,11,-23,-12,16,-36,-6,9,33,-10,0,17,30,-4,15,6,65,41,17,-26,-41,-23,7,24,-2,-3,21,50,7,-7,30,-21,-25,-34,0,16,21,-14,29,27,-2,7,-37],"lows":[0,-50,14,26,-49,-42,79,66,-73,-14,18,3,-41,8,-48,-6,24,-19,5,-3,7,8,-16,21,-63,14,0,-17,0,4,-7,8,3,-6,8,1,0,-34,-21,-35,30,20,-38,0,-34,30,-4,12,0,2,-9,12,16,-49,-5,-6,0,-13,-21,-101,11,92,-21,5,24,7,1,-1,3,32,-17,-8,-1,-4,3,18,-45,-32,5,0,-26,6,-39,8,3,18,25,-33,36,24,16,1,-2,36,56,15,-20,-32,-1,-6,20,-5,3,14,18,33,10,13,-8,-16,-65,-7,30,39,-46,33,49,24,-23,-17],"closes":[0,-30,19,1,-49,53,81,-18,-82,44,-44,22,-60,18,-9,-30,2,-16,0,3,8,1,-1,5,-20,-29,2,-16,2,2,0,1,1,0,1,2,-1,-29,-26,-6,30,-9,-36,35,12,-53,18,-10,14,-12,1,19,30,-59,-23,-9,0,7,-39,-103,145,-8,-42,18,44,-27,23,-23,94,-39,-43,-5,-4,9,23,3,-64,-24,7,-7,-29,4,-31,21,-9,42,-2,4,13,20,10,6,17,59,16,28,-44,-35,9,4,0,28,-18,15,62,9,-3,19,-32,-23,-54,31,31,9,-36,51,29,-3,-22,-13],"volumes":[3.75,4.5,12.79,0.75,17.99,59.06,39.44,58.19,23.5,42.03,232.87,69.7,19.87,97.5,52.82,64.11,148.81,27.06,37.59,72.96,10.32,13.9,11.63,6.32,35.44,13.06,10.86,24.81,17.77,6.81,50.46,20.27,9.43,29.21,5.11,11.35,6.68,62.88,40.84,109.01,83.91,7.98,55.33,45.75,164.2,57.48,80.0,15.44,20.44,85.63,14.5,10.94,47.12,118.55,195.88,81.25,59.73,33.27,164.15,126.49,271.67,220.53,172.19,134.62,117.87,163.9,246.87,294.57,217.87,231.12,249.43,452.65,332.57,469.97,317.87,317.67,262.15,169.69,308.11,235.14,185.18,268.26,351.07,245.15,162.3,206.93,120.71,211.47,198.19,313.43,306.54,245.05,168.62,390.17,229.2,259.08,314.28,159.45,263.84,226.12,287.41,216.89,127.77,137.15,155.29,147.53,95.66,168.1,85.28,77.85,135.35,176.87,211.85,170.07,198.22,242.09,100.36,66.56,171.38,88.76]}