{"timestamp":1482624000000,"multiplier":1.0E-5,"open":0.96864,"high":0.96864,"low":0.96864,"close":0.96864,"shift":60000,"times":[1326,2,1,1,1,1,1,1,1,1,1,2,1,1,1,1,1,1,1,1,1,2,1,1,1,1,1,1,1,1,1,1,1,1,1,1,1,1,1,1,1,1,1,2,1,1,1,1,1,1,1,1,1,1,1,1,1,1,1,1,1,1,1,1,1,1,1,1,1,1,1,1,1,1,1,1,1,1,1,1,1,1,1,1,1,1,1,1,1,1,1,1,1,1,1,1,1,1,1,1,1,1,1,1,1,1,1,1,1,1],"opens":[0,-1,6,0,3,76,-9,1,-3,7,-3,-1,-46,44,7,13,-41,34,2,-4,7,-40,30,-22,-15,5,-4,-60,-17,29,1,-1,2,-21,21,0,0,-25,-5,0,8,0,1,-5,5,1,3,0,-3,0,5,71,53,-79,35,-37,39,6,-36,3,107,-50,66,10,-4,5,1,-3,13,-63,-2,54,17,-9,11,16,-69,-37,52,-5,0,0,0,29,12,-17,1,5,-1,-4,0,7,1,2,0,5,-5,-1,1,5,5,-10,-6,6,-16,6,0,-2,-6,-33],"highs":[0,7,-2,2,68,9,-9,1,5,-1,0,16,-10,-10,20,11,-18,-2,3,4,0,-11,-1,-20,-10,-2,-4,-60,15,-2,0,2,0,-1,1,0,0,-26,-5,0,8,5,-3,-1,6,4,-6,0,-3,0,114,16,0,-41,2,6,13,-6,-44,199,-7,-71,14,0,-2,3,3,12,-6,-57,61,2,3,7,10,1,3,-26,-19,-6,0,13,3,28,-17,-6,0,-5,0,0,0,5,0,4,-4,5,0,0,0,10,-5,-6,0,-4,-5,0,-5,6,-11,-30],"lows":[0,-11,16,0,3,66,1,0,-2,3,1,-1,-46,41,3,20,-41,27,6,-2,8,-40,10,-14,-3,-3,-54,-18,-1,29,0,0,2,-21,21,0,0,-30,0,-1,0,9,0,-4,5,0,0,-1,0,0,7,63,-28,-5,10,-35,76,-65,30,2,64,-7,73,5,1,3,-4,-2,-49,-2,-3,44,24,-17,27,-72,-104,75,60,0,0,0,0,16,10,-7,6,1,-1,0,0,8,-16,18,0,0,-9,9,0,-9,5,-6,5,-12,1,5,0,-7,-32,0],"closes":[0,7,-2,0,70,2,-2,0,6,-1,0,2,-6,-1,15,17,-19,-2,4,4,0,-14,-18,-14,-2,-3,-55,-18,30,-2,0,2,1,-1,1,-1,0,-30,0,-1,9,4,-3,0,0,4,0,0,-4,1,114,16,-89,48,-31,33,10,-43,1,107,-49,64,14,-7,4,4,-5,15,-65,-1,58,12,-4,8,14,-85,-22,56,-7,0,-1,1,29,11,-15,5,-1,1,-1,0,-4,9,1,0,-1,1,4,-4,0,10,-10,-6,6,-16,5,0,0,-8,-31,-1],"volumes":[0.75,3.0,1.0,3.0,16.0,7.75,1.0,2.0,15.0,12.0,8.0,8.0,16.75,11.0,52.0,5.25,4.0,9.0,5.0,10.0,3.0,11.0,18.0,13.25,10.97,4.99,18.33,11.12,8.0,8.0,8.0,8.0,2.0,2.0,6.0,3.0,6.0,11.12,5.0,4.5,5.5,9.0,7.0,3.0,6.0,16.37,7.5,7.5,8.0,6.0,34.2,27.0,208.75,256.5,227.0,208.75,105.0,163.75,11.5,42.75,80.15,35.38,13.58,14.33,6.6,15.07,21.43,21.18,30.59,146.5,120.6,13.21,70.75,48.1,38.39,199.95,99.66,60.34,58.99,37.7,28.5,50.11,49.86,119.91,41.12,45.73,47.5,49.0,50.5,75.5,89.5,81.0,78.0,39.0,28.0,50.0,86.0,52.0,49.0,67.0,65.0,74.5,64.0,63.0,99.5,69.0,35.0,31.0,49.5,54.0]}