{"timestamp":1482019200000,"multiplier":1.0E-5,"open":1.04385,"high":1.0439,"low":1.04385,"close":1.0439,"shift":60000,"times":[1321,1,1,1,1,1,1,1,1,1,1,1,1,1,1,1,1,1,1,1,1,1,1,1,1,1,1,1,1,1,1,1,1,1,1,1,1,1,1,1,1,1,1,1,1,1,1,1,2,1,1,1,1,1,1,1,1,1,1,1,1,1,1,1,1,1,1,1,1,1,1,1,1,1,1,1,1,1,1,1,1,1,1,1,1,1,1,1,1,1,1,1,1,1,1,1,1,1,1,1,1,1,1,1,1,1,1,1,1,1,1,1,1,1,1,1,1,1],"opens":[0,3,1,-1,-18,13,5,42,-2,36,4,-20,12,-52,30,6,8,-12,-10,11,27,-3,-6,-34,-1,4,17,15,-24,-6,-10,2,2,8,40,-8,4,4,-3,13,-5,0,-1,1,-4,-5,-9,-1,-2,-3,1,-1,7,0,0,1,-5,1,8,40,-7,-12,0,0,7,6,21,11,-15,2,-3,5,44,-20,-23,-13,-6,-4,-3,-1,2,-2,-2,3,2,-1,-1,-2,3,-3,-4,1,-1,0,-1,-11,10,-10,1,0,-1,2,2,24,-7,-7,-8,1,4,0,-6,-2,-2,-1,-2,-5,0,-4],"highs":[0,2,0,1,-4,10,30,1,26,24,-12,-8,0,-26,9,9,0,-12,-4,33,-1,-3,-6,-31,1,21,11,-1,-24,-6,-5,-1,8,41,2,-7,4,1,9,0,0,-5,0,0,-4,8,-21,-2,0,-3,0,5,0,0,1,0,-4,9,45,-6,-6,-12,-1,5,16,17,16,-8,-8,-4,9,33,8,-26,-17,-19,2,-10,-5,3,-1,-3,2,-1,5,-4,2,-1,0,-3,-1,-2,0,-2,0,-3,3,-8,0,-1,0,2,23,6,-13,-6,-6,3,-1,0,-5,-1,-4,-1,-1,-4,-1,-3],"lows":[0,3,0,-18,0,3,9,48,-2,34,-14,0,-42,0,32,6,-7,-3,-4,11,25,-6,-46,7,3,4,15,-8,-5,-12,1,2,2,8,32,1,3,5,-10,16,-1,-1,0,1,-14,-8,2,1,-5,0,0,0,4,2,0,-3,0,1,7,27,-7,0,-4,6,7,6,21,-5,-4,2,0,7,24,-29,-6,-15,4,-5,-1,-1,1,-1,1,2,0,-1,1,-2,0,-4,-1,1,-1,0,-12,1,0,0,-2,2,0,3,1,15,-4,-10,0,2,4,-6,-2,-3,-4,0,-2,0,-4,0],"closes":[0,-1,3,-22,12,-9,56,1,26,14,-22,11,-53,28,9,9,-12,-6,2,33,-3,-6,-36,1,4,18,13,-25,-5,-10,0,3,8,42,-10,4,5,1,8,-2,-2,-1,1,0,-12,-9,1,1,-5,1,-1,7,-3,3,1,-5,1,8,41,-7,-14,1,-2,6,6,24,11,-15,4,-5,4,43,-18,-25,-10,-7,-2,-6,-1,2,-1,-1,2,-1,2,-2,0,0,0,-6,1,0,0,-1,-11,9,-10,3,-1,-1,3,1,24,-7,-7,-9,1,6,-1,-6,-2,-2,-1,-2,-5,1,-5,0],"volumes":[4.11,7.5,10.12,12.12,14.34,68.82,90.73,1.5,25.97,26.79,12.13,7.25,43.06,16.45,8.12,19.12,61.59,17.0,11.75,42.75,11.37,14.49,37.36,33.98,5.5,18.5,6.75,13.75,8.25,20.68,30.09,39.31,23.99,24.68,24.73,6.75,22.98,2.5,60.95,57.96,32.12,34.5,31.25,13.0,38.63,43.25,12.74,3.62,15.25,118.8,187.29,48.35,6.44,8.97,13.59,7.24,25.24,22.95,155.44,100.76,64.83,170.28,27.39,56.01,109.92,95.48,244.99,179.35,171.47,157.55,120.19,92.12,84.99,44.16,197.35,193.58,206.09,126.87,15.95,121.0,127.83,49.99,18.13,82.74,113.36,73.23,19.54,26.38,62.16,33.95,67.84,89.76,208.8,188.73,204.22,44.98,105.29,117.5,205.47,48.94,52.97,226.98,149.2,101.62,177.7,235.87,151.8,60.81,142.75,121.06,168.43,92.89,80.21,84.68,95.82,28.68,32.63,17.06]}