{"timestamp":1417910400000,"multiplier":1.0E-5,"open":0.83043,"high":0.83051,"low":0.83041,"close":0.8305,"shift":60000,"times":[1320,1,1,1,1,1,1,1,1,1,1,1,1,1,1,1,1,1,1,1,1,1,1,1,1,1,1,1,1,1,1,1,1,1,1,1,1,1,1,1,1,1,1,1,1,1,1,1,1,1,1,1,1,1,1,1,1,1,1,1,1,1,1,1,1,1,1,1,1,1,1,1,1,1,1,1,1,1,1,1,1,1,1,1,1,1,1,1,1,1,1,1,1,1,1,1,1,1,1,1,1,1,1,1,1,1,1,1,1,1,1,1,1,1,1,1,1,1,1,1],"opens":[0,7,32,3,2,-10,-32,3,35,14,0,-1,-10,2,12,-7,2,0,4,-9,-2,13,2,12,-6,-13,2,-6,7,18,15,-14,10,-9,-3,0,2,1,5,-2,-5,-1,-7,10,-6,2,9,-39,-1,9,-11,-17,10,-7,-14,-2,-48,-9,-13,0,-30,13,-2,0,3,16,2,-8,3,9,3,-2,-22,-12,5,25,1,-12,11,4,3,-1,8,-4,4,8,4,10,-6,-1,2,3,-9,3,6,0,-1,-36,11,-10,4,19,21,5,0,8,2,-4,12,1,24,19,3,-12,-6,-6,0,1,-1,-6],"highs":[0,26,18,-8,0,-8,-31,26,24,-1,0,0,-7,11,0,-8,2,0,4,-9,11,10,23,-19,-6,-5,0,-4,23,10,12,2,-19,-7,-4,-1,2,10,0,-6,-5,-1,4,-1,-3,8,0,-39,14,0,-11,-8,-1,-11,-5,3,-53,-10,-3,-16,-2,-16,5,-5,16,6,20,-23,15,-8,2,-1,-26,-6,35,-6,-2,-1,2,7,-1,7,8,-9,14,6,0,2,1,-6,2,-1,-4,2,3,-1,-1,-23,6,-14,19,25,2,0,8,1,8,6,10,15,17,2,-3,-11,-6,0,-4,0,-1,0],"lows":[0,9,32,-13,1,-53,28,-1,39,8,6,-11,0,2,5,0,1,1,-2,-3,-2,6,9,7,-18,-1,-1,-5,6,17,-2,12,-1,0,-1,0,2,0,2,-7,0,-12,7,1,2,-1,-25,-5,3,-2,-20,-5,-4,-3,-2,-44,-10,-18,-21,-7,3,7,-1,5,2,18,-10,-2,9,10,0,-20,-18,3,7,24,-11,1,11,1,1,4,5,-8,11,5,7,9,-8,1,3,-6,0,-4,11,-6,-29,0,1,-4,8,14,22,7,2,7,-1,0,11,0,26,14,-9,-2,-12,2,0,-2,0,-3],"closes":[0,27,17,-9,-10,-30,3,26,23,-1,1,-11,4,9,-6,0,1,1,-1,-4,9,4,12,-5,-14,2,-6,5,22,13,-14,6,-5,-2,0,-1,2,10,-8,-4,-2,-3,7,-5,3,8,-39,0,14,-17,-19,12,-7,-14,-2,-49,-8,-13,-1,-28,8,0,2,3,16,-1,-5,5,7,1,-1,-20,-13,6,23,2,-12,11,4,4,-4,10,-2,4,6,4,10,2,-9,2,3,-9,5,2,2,0,-37,9,-8,4,16,23,6,0,9,1,-4,12,1,25,18,3,-12,-6,-6,0,2,-2,-4,-2],"volumes":[17.62,12.0,9.0,24.35,26.27,110.66,17.29,27.67,33.0,6.0,4.0,5.0,10.66,14.59,10.37,5.2,3.0,2.0,5.0,3.34,23.39,41.97,65.07,13.25,42.81,83.55,61.63,110.76,57.7,55.4,92.2,55.87,15.54,9.81,10.26,2.17,9.73,29.74,19.49,13.62,23.77,57.6,30.69,58.98,18.09,42.23,76.93,64.58,35.55,54.52,106.98,63.38,62.77,66.14,102.57,116.8,134.13,121.8,92.9,103.59,207.47,99.48,106.27,32.17,90.82,21.21,91.76,32.47,76.43,19.48,70.71,70.65,54.79,128.49,142.69,110.02,118.46,96.54,4.87,56.7,145.99,46.99,160.65,72.61,152.29,47.1,34.0,14.0,123.83,30.04,15.22,15.5,9.37,42.41,13.84,19.65,176.93,115.72,111.88,132.1,111.78,127.84,49.49,43.62,44.25,16.34,46.41,64.95,108.62,90.71,96.92,74.89,56.95,24.96,80.69,118.24,147.35,171.32,142.34,147.14]}