{"timestamp":1419724800000,"multiplier":0.001,"open":5412.5,"high":5416.0,"low":5412.5,"close":5415.0,"shift":60000,"times":[1370,1,1,1,1,1,2,1,1,1,1,1,1,1,1,1,1,1,1,1,1,1,1,1,1,1,1,1,1,1,1,1,1,1,1,1,1,1,1,1,2,1,1,1,1,1,1,1,1,1,1,1,1,1,1,1,1,1,2,1,1,1,1,1,1,1,1],"opens":[0,2000,-6500,-3000,1000,500,0,3500,0,500,5000,3500,-500,4500,2000,2000,500,4000,-5500,-4000,-5000,-500,830,1670,3000,-2000,-1720,-5280,1000,2370,7630,4000,2000,1000,-580,-3920,-1500,-5670,1170,-1500,0,-2000,1000,1000,1000,1000,-1000,4330,2170,-2500,-530,-3970,500,-2440,2440,6440,970,-1410,2480,-240,-240,500,1000,-500,-1500,-1500,1000],"highs":[0,-1500,-6500,-2000,1000,0,1500,2500,-1000,12000,1000,-2000,2000,1000,2000,3000,5000,-2000,-5000,-4000,-4000,-1000,1000,2000,1000,-1000,-2720,-3280,2000,6000,6000,2000,1000,1000,-2580,-3420,-2000,-3000,0,-2000,-1000,-1000,1000,2000,0,0,3330,3670,-1000,-2000,-1530,-1470,-2000,-1000,8000,2000,-1590,-410,3000,-1760,1760,2000,-2000,-1000,-1000,-2000,4000],"lows":[0,-4000,-3000,-2500,1500,1500,0,2500,0,2000,5000,2500,500,3000,500,4400,1100,-2500,-3500,-4240,-2260,0,1500,1880,1120,-1500,-4610,-1390,1000,1800,8200,5000,1500,0,-2500,-3000,-5200,200,-500,-1000,-1000,-1000,500,2310,690,620,380,4330,-830,-960,-3040,0,-1840,-160,1500,7000,-1500,460,3040,-1550,-950,3000,0,-120,-2990,-1390,3000],"closes":[0,-6500,-3000,0,1500,-1000,2500,2000,-1500,13000,-5000,2320,3130,50,3500,3000,4000,-8000,-3500,-4240,740,0,0,1500,0,-1500,-4610,110,2870,5930,6700,500,0,0,-2060,-1440,-7000,3000,-3500,0,-2000,-1000,1500,1500,1000,120,4710,3170,-4000,500,-3000,-1500,-1500,-500,8940,560,-2000,500,2740,-1240,3000,330,-1830,-120,-2880,-1000,3890],"volumes":[6.12E-4,8.84E-4,2.04E-4,0.001122,5.1E-4,1.36E-4,2.38E-4,4.76E-4,3.06E-4,6.53E-4,4.43E-4,0.001036,0.002304,5.18E-4,0.002222,0.001036,0.002045,0.002619,0.002871,0.002353,0.002229,8.45E-4,4.77E-4,7.77E-4,4.43E-4,5.52E-4,0.00163,0.001213,0.001303,0.002924,0.001077,3.27E-4,9.88E-4,9.2E-4,0.001247,5.86E-4,0.001404,5.59E-4,4.7E-4,3.68E-4,4.09E-4,6.27E-4,8.11E-4,0.001111,8.86E-4,4.43E-4,0.001302,0.00137,3.2E-4,0.001261,7.71E-4,3.68E-4,4.43E-4,3.28E-4,0.001752,0.002079,0.001322,6.61E-4,7.43E-4,9.61E-4,0.001261,0.001711,1.43E-4,1.5E-4,8.52E-4,0.001036,0.001159]}