{"timestamp":1418515200000,"multiplier":1.0E-5,"open":1.57221,"high":1.57221,"low":1.57199,"close":1.57199,"shift":60000,"times":[1320,1,1,1,1,1,1,1,1,1,1,1,1,1,1,1,1,1,1,1,1,1,1,1,1,1,1,1,1,1,1,1,1,1,1,1,1,1,1,1,1,1,1,1,1,1,1,1,1,1,1,1,1,1,1,1,1,1,1,1,1,1,1,1,1,1,1,1,1,1,1,1,1,1,1,1,1,1,1,1,1,1,1,1,1,1,1,1,1,1,1,1,1,1,1,1,1,1,1,1,1,1,1,1,1,1,1,1,1,1,1,1,1,1,1,1,1,1,1,1],"opens":[0,-37,19,7,13,-26,59,-83,7,4,5,19,-64,-13,2,12,-40,5,-3,23,-11,9,10,3,6,5,-7,-13,4,9,3,9,-10,-19,55,29,-10,-9,13,3,21,-2,1,-1,5,-4,10,-3,7,-9,2,1,16,0,13,8,20,-30,10,4,-8,-47,24,5,26,19,-3,14,-27,0,50,-9,-1,0,-2,18,-1,-3,-15,3,8,14,0,-30,5,34,-9,-40,38,-19,-7,-15,-9,0,-5,10,17,19,20,-11,-34,1,-4,-11,-4,-6,-5,-1,31,-29,8,-5,-17,13,19,-15,-9,-18,-21,-9],"highs":[0,-18,8,15,-3,37,-4,-78,24,5,26,-25,-64,-7,4,6,-10,-19,17,-4,-2,5,9,4,5,2,-6,-12,11,4,23,-12,33,4,13,11,-17,3,0,21,0,-1,3,60,-58,7,4,5,-1,-11,1,28,-11,7,45,-11,10,-8,-21,2,-1,-32,12,30,18,-10,12,0,-11,32,9,-7,-10,-1,24,8,-11,-9,-1,2,11,-2,12,-23,23,-2,-2,-4,9,-33,-3,-20,-9,0,7,15,20,26,-6,-2,-44,6,-9,-9,-6,-1,-10,32,-2,-21,0,-5,-4,36,-17,-15,-9,-11,-27,-1],"lows":[0,-15,15,11,-14,-8,-104,89,-21,25,12,-45,-32,0,7,-23,9,-1,1,10,1,9,9,6,6,-15,-24,14,-2,9,20,-12,-12,-7,66,9,-2,-2,8,6,25,0,-25,22,0,5,4,3,0,-3,-1,3,13,4,11,7,-58,11,19,29,-65,14,12,12,33,11,-6,-7,-18,19,22,6,2,4,3,21,-3,-18,1,-16,23,22,-36,0,2,33,-39,-2,12,2,-15,-10,0,-4,-9,19,17,19,7,-31,-22,10,-4,-3,-6,-9,-4,7,-13,13,1,-16,-3,19,-2,-7,-16,-19,-13,2],"closes":[0,4,8,15,-30,60,-83,5,6,7,20,-67,-16,4,9,-28,-6,-2,22,-7,9,5,6,6,5,-6,-16,7,9,3,9,-21,-8,59,25,-11,-4,9,-1,25,-3,2,-2,8,-1,6,-7,12,-9,1,1,16,1,5,14,23,-33,30,-17,-6,-47,23,12,18,19,-2,15,-31,1,51,-7,-2,0,-2,19,-2,0,-18,3,9,15,-2,-31,1,42,-12,-40,41,-22,-7,-15,-10,0,-4,8,19,17,23,-12,-33,-6,2,-12,-2,-7,-5,-1,31,-29,8,-5,-17,13,19,-15,-8,-21,-19,-9,1],"volumes":[0.5,0.6,1.0,0.4,38.68,588.25,243.46,5.4,144.58,267.52,31.99,120.72,279.11,260.71,245.5,228.2,109.98,294.25,133.23,108.53,64.64,52.92,79.99,112.91,78.67,248.58,423.29,394.47,314.93,111.37,81.0,107.11,433.52,254.8,316.02,158.22,166.16,207.34,223.48,82.98,88.42,126.79,93.43,246.48,41.6,143.83,151.05,128.34,49.15,94.45,75.56,117.77,94.38,52.85,379.93,143.51,384.06,461.63,130.64,82.48,190.88,125.88,128.51,124.16,141.95,101.78,135.7,138.51,120.24,192.21,218.53,187.29,111.26,92.14,175.92,187.43,128.93,92.27,102.7,112.53,141.02,59.32,137.68,113.3,166.79,110.08,184.73,160.74,112.52,47.83,45.38,42.28,68.83,54.42,83.98,82.97,61.04,75.7,75.61,112.53,111.01,67.02,73.25,75.84,38.05,59.35,43.15,139.7,100.38,71.51,48.14,78.01,100.14,100.16,76.67,90.86,87.88,73.78,88.09,90.19]}