{"timestamp":1419724800000,"multiplier":1.0E-5,"open":1.16132,"high":1.16132,"low":1.16117,"close":1.16123,"shift":60000,"times":[1320,1,1,2,1,1,1,2,1,1,2,1,1,1,1,1,1,1,1,1,1,1,1,1,1,1,1,1,1,2,1,1,1,3,1,1,1,1,1,1,1,1,1,1,1,1,1,1,1,1,1,1,1,2,1,1,1,1,1,1,1,1,1,1,1,1,1,1,1,1,1,1,1,1,1,1,1,1,1,1,1,1,1,1,1,1,1,1,1,1,1,1,1,1,1,1,1,1,1,1,1,1,1,1,1,1,1,1,1,1,1,1,1],"opens":[0,7,4,-3,5,-6,4,0,-2,-2,0,19,-8,66,36,-76,6,6,-3,8,1,27,21,-30,-19,-32,1,7,-1,1,-2,6,1,-4,0,-1,11,16,-1,1,20,5,-2,-9,40,11,-6,1,11,-1,-5,1,3,0,3,13,0,10,4,-6,1,4,12,8,-1,-1,2,0,-1,1,2,-1,-1,0,-1,0,0,0,0,0,0,-10,3,0,2,0,-3,2,-3,-3,0,-2,0,-1,-4,9,0,-11,7,1,-8,2,5,1,-3,9,-7,5,2,-1,0,12,2],"highs":[0,10,1,-3,5,-1,0,-1,-1,-1,20,0,56,35,0,-68,3,1,30,-25,27,19,21,-41,-26,-27,-4,7,-1,6,-2,6,-2,-6,0,15,11,0,0,20,8,-1,-3,38,5,5,-9,9,-1,-1,-2,1,1,3,14,3,8,-3,4,1,2,8,11,-3,-1,1,0,0,0,3,-1,1,-1,-2,-1,0,0,0,1,-1,0,-4,-3,3,-1,1,-2,2,-3,-5,0,-2,0,-1,5,0,0,-10,8,-1,1,-2,7,-6,8,-2,-3,5,-2,-1,12,3,1],"lows":[0,6,19,-2,-1,-1,2,1,-3,1,0,3,0,74,-62,0,28,2,-1,5,6,27,-22,-5,-32,-1,1,0,6,-2,1,6,0,-4,1,-1,11,15,0,1,17,-1,-3,0,41,5,0,1,6,-1,0,0,4,-38,16,29,9,7,6,-11,7,4,9,9,0,0,2,-15,14,1,0,0,-1,0,0,0,0,0,0,0,-11,0,4,0,0,1,-2,0,-6,-1,-10,11,-1,-4,0,9,-11,0,7,1,-9,3,5,-2,-3,11,-6,5,1,0,-2,14,2],"closes":[0,19,0,-2,0,0,2,-1,-2,0,22,-11,66,36,-76,6,5,-3,14,-9,31,19,-32,-13,-32,2,-2,0,6,-2,6,1,0,-4,1,15,11,-1,1,20,2,-1,0,41,2,-5,1,12,-6,-1,3,1,1,-10,26,-1,10,-3,6,-3,3,12,7,0,0,1,0,-1,1,1,-1,0,0,-1,0,0,0,0,0,0,-10,3,0,0,0,1,0,-2,-4,-1,-2,1,-1,-4,9,0,-11,1,8,-1,1,-2,1,-3,11,-3,-2,3,-1,0,10,5,-1],"volumes":[3.37,9.4,0.2,1.37,32.59,55.04,24.24,10.64,27.97,15.89,19.03,38.6,99.38,31.07,58.88,87.24,22.03,30.65,47.43,17.01,22.06,18.96,58.96,36.57,17.86,13.33,2.14,4.67,3.38,15.48,3.12,34.17,44.92,4.42,1.74,4.72,11.63,20.64,14.64,4.39,60.3,62.85,56.05,52.73,30.62,55.26,58.92,22.55,6.6,9.64,7.28,10.5,2.14,66.99,36.22,31.99,19.57,9.75,5.0,54.1,33.54,54.42,85.06,102.01,127.49,96.34,61.35,68.47,83.63,74.36,77.22,89.76,112.5,74.82,49.43,118.85,176.34,160.26,67.31,63.3,49.01,67.78,108.02,28.65,10.04,9.89,12.34,13.13,17.89,8.88,16.61,5.0,7.44,30.58,19.97,8.0,28.63,44.92,5.0,7.0,12.52,6.5,20.22,11.73,58.84,2.74,23.36,23.82,32.27,3.26,39.67,14.2,22.43]}