{"timestamp":1322352000000,"multiplier":1.0E-5,"open":1.54875,"high":1.54875,"low":1.54852,"close":1.54854,"shift":60000,"times":[1320,1,1,1,1,1,1,1,1,1,1,1,1,1,1,1,1,1,1,1,1,1,1,1,1,1,1,1,1,1,1,1,1,1,1,1,1,1,1,1,1,1,1,1,1,1,1,1,1,1,1,1,1,1,1,1,1,1,1,1,1,1,1,1,1,1,1,1,1,1,1,1,1,1,1,1,1,1,1,1,1,1,1,1,1,1,1,1,1,1,1,1,1,1,1,1,1,1,1,1,1,1,1,1,1,1,1,1,1,1,1,1,1,1,1,1,1,1,1,1],"opens":[0,-23,-30,-89,-72,55,2,-14,19,6,79,11,-16,5,-1,2,-3,-12,36,11,9,51,-30,57,-41,19,-1,1,11,1,10,28,8,4,14,-20,3,-9,3,-2,-1,-41,39,2,-2,-1,5,-1,1,8,-75,-17,30,32,14,-2,7,-29,2,1,7,-45,-29,-5,-7,2,-16,-112,8,71,47,-44,20,54,7,12,5,5,-4,24,-4,-10,-4,0,7,-2,-3,2,-18,-3,-7,8,-4,9,7,7,35,9,-6,0,-6,-2,-3,6,-24,-3,3,-6,-8,-65,-17,-20,23,-6,-14,-6,26,1,16,-13],"highs":[0,-23,-30,-89,-10,2,4,-6,79,13,24,-20,-10,-1,1,4,2,20,8,16,60,-9,18,0,-4,-14,-3,27,15,-19,26,48,-33,9,9,-20,-2,-7,-1,1,-2,1,-1,-2,-2,4,0,0,10,-2,-75,12,35,19,-1,-1,0,-11,-15,7,1,-46,-1,-10,-26,-2,-15,-93,54,65,-13,-1,58,-20,17,18,-7,3,35,-22,-2,-12,0,1,0,-1,0,-1,-18,-4,6,-2,6,4,7,43,1,2,-7,0,-8,1,2,-2,-22,0,-2,-5,-9,-64,-14,-1,5,-10,-11,27,-8,49,-1,4],"lows":[0,-37,-100,-69,15,52,-13,4,12,-1,93,-6,1,5,-1,-4,-8,-1,29,9,7,30,2,22,-6,18,0,-3,15,1,10,21,10,7,-4,-5,-1,0,0,-10,-31,-1,40,-2,1,-2,-27,31,2,-68,-15,-1,29,31,3,9,-23,-7,8,6,-72,-46,35,1,-2,-9,-124,12,8,41,31,1,21,45,14,9,4,2,3,21,-13,0,-7,7,2,0,-3,-16,-9,1,-1,0,2,13,6,6,37,-22,17,-2,-11,9,1,-29,8,0,-4,-8,-73,-14,-18,-3,14,-20,4,6,20,4,-49,27],"closes":[0,-30,-109,-62,63,0,-12,19,3,84,7,-12,1,2,-1,-2,-10,39,8,7,52,-30,57,-35,12,3,-2,11,3,8,21,15,1,15,-18,3,-9,3,-2,-1,-41,40,1,-3,1,4,-2,2,10,-77,-17,29,35,10,3,4,-29,8,-5,7,-46,-28,-11,-1,2,-15,-119,15,54,63,-46,22,46,15,14,3,0,3,20,-1,-11,-4,-3,10,-2,-3,2,-18,-3,-7,8,-4,12,4,7,35,9,-3,-1,-8,-2,-3,6,-22,-3,1,-7,-7,-65,-17,-20,23,-16,-2,-8,26,-4,21,-23,15],"volumes":[70.5,39.75,51.75,23.25,24.76,46.92,94.5,51.0,44.31,129.63,72.23,10.5,14.25,2.25,6.0,43.5,28.88,33.49,20.25,54.0,114.02,75.82,109.96,78.05,61.74,33.76,13.5,46.96,29.22,54.0,45.43,67.88,63.75,26.64,51.0,44.82,52.76,36.03,28.88,40.51,90.11,100.53,67.5,45.0,28.5,60.75,70.22,48.0,32.25,69.04,49.5,31.5,60.0,73.5,53.25,42.0,86.25,117.29,90.0,46.59,174.18,115.76,134.93,113.81,34.14,79.69,137.85,88.78,121.16,153.49,124.97,133.26,194.3,111.91,70.64,152.29,136.53,168.24,128.28,43.88,124.5,90.75,60.75,51.75,60.0,42.0,86.25,81.47,113.25,52.5,126.01,113.2,82.5,96.0,124.5,77.05,76.88,91.5,64.5,33.0,100.5,45.0,21.14,90.4,33.0,60.0,86.26,47.42,124.38,175.71,153.0,114.57,140.26,159.78,108.61,136.29,107.25,95.64,181.03,107.94]}