{"timestamp":1296950400000,"multiplier":1.0E-5,"open":1.01307,"high":1.01307,"low":1.01307,"close":1.01307,"shift":60000,"times":[1320,1,1,1,1,1,1,1,1,1,1,1,1,1,1,1,1,1,1,1,1,1,1,1,1,1,1,1,1,1,1,1,1,1,1,1,1,1,1,1,1,1,1,1,1,1,1,1,1,1,1,1,1,1,1,1,1,1,1,1,1,1,1,1,1,1,1,1,1,1,1,1,1,1,1,1,1,1,1,1,1,1,1,1,1,1,1,1,1,1,1,1,1,1,1,1,1,1,1,1,1,1,1,1,1,1,1,1,1,1,1,1,1,1,1,1,1,1,1,1],"opens":[0,0,2,4,12,25,-5,2,-40,33,13,8,-2,8,-11,8,27,-4,18,0,0,3,-12,-5,1,-14,-5,9,15,13,-7,-4,11,0,-4,1,-4,3,0,-4,1,4,-4,1,-2,-5,29,-16,5,-29,3,-15,3,0,-2,-34,39,-22,11,-21,-10,18,-8,8,7,1,-10,-4,-5,-15,0,5,-10,-15,0,0,4,1,0,-14,-2,-1,3,4,2,-11,-2,13,1,8,3,-3,-1,0,-23,-6,-2,-2,-1,-6,3,6,5,-7,9,1,-8,4,6,10,-12,-8,-1,-11,0,-2,4,-40,20,-16],"highs":[0,1,8,23,12,-1,-2,-1,-9,18,10,4,3,-6,0,17,21,0,0,1,4,-2,-7,-10,1,-14,3,11,17,1,-7,4,3,0,-4,1,-4,3,0,-3,0,4,-4,1,-2,24,5,-21,12,-33,0,-8,7,-10,-3,0,18,-29,5,-20,2,7,-2,9,-1,0,-10,2,-11,-10,6,-6,-10,-8,-3,0,16,-5,-6,-14,-6,5,6,5,-5,4,-1,-5,9,2,0,-3,0,-1,-18,-5,9,-13,-7,-4,11,-1,2,4,1,-2,2,0,10,0,-11,-9,-1,-11,0,-2,4,-16,6,-20],"lows":[0,0,1,5,12,24,-4,-31,-7,33,-20,41,-2,-15,3,17,27,-4,18,0,0,-23,5,4,-14,-11,1,15,15,5,-3,-5,16,-4,0,-2,-8,10,-4,0,1,0,0,-9,-6,-3,29,-4,-24,-8,2,-6,2,-1,-32,-7,21,1,-7,-7,-10,8,0,14,7,-14,-11,4,-18,0,6,-5,-15,-6,6,-7,10,-5,-23,12,1,-1,-2,5,-10,-2,6,12,2,8,1,-2,0,-22,-16,7,-8,4,-8,3,2,7,-10,5,9,-4,0,4,6,-1,-9,-1,-20,5,4,-3,-36,1,8,-4],"closes":[0,1,3,14,22,2,-2,-33,17,24,2,11,1,-16,9,22,9,12,0,0,1,-10,-5,0,-14,-7,11,11,17,-7,-3,8,3,-4,0,-2,-4,6,-4,1,0,1,-1,-3,-8,34,-12,-4,-17,-4,-9,1,0,-6,-32,32,-18,6,-12,-7,7,-2,7,9,-1,-10,-8,-1,-15,5,-5,-5,-15,-6,8,2,1,-5,-14,2,1,0,0,10,-18,3,13,1,8,3,-2,-2,0,-22,-6,-3,2,-4,-5,0,8,1,-8,8,7,-9,4,6,10,-11,-9,-1,-11,0,0,-3,-36,23,-14,-3],"volumes":[3.01,2.56,10.63,28.75,23.98,5.18,9.66,29.12,36.29,19.58,24.79,9.02,11.47,4.89,11.29,21.22,28.34,31.51,1.5,10.5,14.25,42.39,39.19,4.5,21.75,24.19,24.38,12.01,13.5,10.5,9.0,58.33,1.5,4.69,1.5,8.25,18.76,4.5,23.63,3.0,6.75,6.19,3.75,13.13,21.88,63.13,20.83,1.13,13.9,12.13,2.79,3.9,19.54,4.52,38.41,20.31,48.53,4.02,12.58,9.0,43.95,24.7,27.38,9.76,15.82,115.39,12.58,38.73,52.31,39.86,29.87,46.43,28.87,28.95,6.56,30.81,48.84,42.97,63.62,71.17,30.0,31.81,28.51,27.65,58.98,83.87,33.85,5.07,8.47,12.79,4.5,11.25,32.25,38.46,49.4,18.78,62.36,26.1,11.26,6.76,43.54,9.78,22.65,59.39,22.58,13.8,17.97,11.63,15.51,59.03,26.9,6.77,50.98,25.37,13.52,9.57,47.73,28.59,47.15,9.6]}