{"timestamp":1298764800000,"multiplier":1.0E-5,"open":1.61157,"high":1.61157,"low":1.61052,"close":1.61052,"shift":60000,"times":[1320,1,1,1,1,1,1,1,1,1,1,1,1,1,1,1,1,1,1,1,1,1,1,1,1,1,1,1,1,1,1,1,1,1,1,1,1,1,1,1,1,1,1,1,1,1,1,1,1,1,1,1,1,1,1,1,1,1,1,1,1,1,1,1,1,1,1,1,1,1,1,1,1,1,1,1,1,1,1,1,1,1,1,1,1,1,1,1,1,1,1,1,1,1,1,1,1,1,1,1,1,1,1,1,1,1,1,1,1,1,1,1,1,1,1,1,1,1,1,1],"opens":[0,-106,0,7,0,25,-9,-6,-28,44,0,0,0,1,-1,-5,2,3,-3,4,-4,0,0,0,0,3,0,0,-1,-26,26,-55,5,-75,-32,24,-2,6,-5,-34,-2,-1,12,-6,0,-2,-43,-2,7,6,0,-15,5,-30,0,1,-1,16,-5,-8,-30,21,16,-24,-5,-1,3,1,-7,-18,3,5,-1,8,-1,9,-6,1,15,-1,17,-4,0,2,0,-3,0,7,-1,-1,3,48,3,-5,3,13,7,0,-9,24,3,-20,2,-3,7,-3,-6,7,4,14,-11,-21,-3,-8,20,6,8,8,35,-11],"highs":[0,-106,7,0,0,25,-9,9,-18,19,0,0,0,1,10,-7,-5,1,0,5,-8,0,0,0,3,0,0,0,-1,-7,7,-50,0,-75,1,6,-13,11,-4,-25,-21,11,0,-6,1,-1,-45,5,6,0,0,-10,0,-30,0,6,10,1,1,-15,-9,11,10,-27,-2,-1,12,-13,-5,-15,3,0,6,5,2,20,-8,-11,19,8,0,-3,1,0,0,-3,11,-2,0,2,44,1,4,0,13,16,-12,0,26,-9,1,-6,3,-13,4,0,-3,15,2,0,-11,-21,8,2,18,4,-2,36,0,-11],"lows":[0,-1,-11,18,0,0,-26,33,-29,48,0,0,0,0,-5,-5,3,4,0,0,0,0,0,0,-1,3,1,-1,0,-28,-27,0,-70,-31,-10,31,0,0,-44,0,-9,-2,27,-2,-5,-40,-19,17,7,6,-29,-11,0,0,0,0,-23,21,10,-47,12,21,-6,-7,-1,-1,-10,7,-16,-1,-6,13,0,5,0,0,5,0,7,6,15,0,0,-1,0,-1,0,6,-2,2,3,48,-3,0,4,11,9,-23,14,19,-14,-2,3,0,4,-10,-5,14,1,-2,-14,-10,-9,11,20,1,4,17,18,1],"closes":[0,-1,7,0,0,0,16,9,-25,26,0,0,0,0,-5,5,-1,-2,3,-3,0,0,0,0,3,-1,1,-1,0,-22,-33,5,-75,-31,23,-2,4,-3,-37,4,-4,8,0,-2,-2,-43,-2,7,6,0,-12,2,-30,0,0,0,16,-9,1,-39,25,11,-17,-7,-1,-1,5,-6,-18,2,5,-1,6,1,7,-4,2,3,6,21,-4,0,2,0,-2,-1,5,0,0,3,47,1,-2,6,12,5,0,-12,27,2,-19,2,-2,4,2,-9,8,5,12,-9,-23,-2,-9,20,3,10,8,36,-11,0],"volumes":[3.9,1.05,29.93,3.0,8.25,4.5,123.52,9.38,146.83,1.5,4.5,1.5,1.5,9.0,31.54,19.5,10.14,10.5,22.5,12.76,28.5,5.25,2.25,8.25,9.75,3.75,6.38,5.25,1.5,108.27,90.57,87.0,182.83,71.1,48.97,45.04,7.5,100.51,126.29,80.13,111.88,95.44,19.5,15.75,44.08,97.69,89.28,11.63,24.0,7.5,53.26,61.19,13.54,24.44,26.32,7.51,48.52,24.79,6.02,67.18,37.98,13.23,26.09,45.09,13.13,23.45,45.28,31.59,96.26,78.81,61.51,28.5,25.36,30.15,15.9,44.45,37.69,6.76,37.14,41.82,51.75,25.73,17.25,33.45,46.36,44.25,56.25,43.73,28.28,49.65,59.3,12.0,34.67,26.29,24.04,45.47,39.7,81.16,70.66,23.65,86.46,93.18,43.52,20.82,31.5,48.75,54.16,44.55,104.38,41.74,113.26,113.16,101.13,69.79,60.59,51.93,50.76,48.84,80.2,26.33]}