{"timestamp":1296950400000,"multiplier":1.0E-5,"open":1.60964,"high":1.60992,"low":1.60958,"close":1.60987,"shift":60000,"times":[1320,1,1,1,1,1,1,1,1,1,1,1,1,1,1,1,1,1,1,1,1,1,1,1,1,1,1,1,1,1,1,1,1,1,1,1,1,1,1,1,1,1,1,1,1,1,1,1,1,1,1,1,1,1,1,1,1,1,1,1,1,1,1,1,1,1,1,1,1,1,1,1,1,1,1,1,1,1,1,1,1,1,1,1,1,1,1,1,1,1,1,1,1,1,1,1,1,1,1,1,1,1,1,1,1,1,1,1,1,1,1,1,1,1,1,1,1,1,1,1],"opens":[0,21,-2,-9,-4,-1,12,0,-15,-1,29,-11,-6,-16,-4,6,-5,0,40,0,-8,3,-13,-63,-1,0,-1,8,4,5,0,-9,13,10,-5,-13,36,-10,0,10,0,-5,-5,0,0,0,0,4,0,-4,0,-48,6,0,-4,16,3,-5,-5,3,18,75,-17,-12,7,0,9,-15,-1,-20,-30,10,32,-12,-6,0,0,1,-1,0,-4,-30,7,2,5,-8,0,-8,6,3,-7,0,-4,19,-28,8,-8,9,-9,-3,7,3,-3,6,8,5,4,0,0,-4,11,0,0,0,0,5,15,-7,5,0],"highs":[0,-7,-2,-9,0,-5,12,0,-6,4,20,-16,31,-53,3,1,-5,38,0,9,-14,0,-13,-63,0,-1,7,0,7,2,0,-2,18,-1,-6,23,0,-10,10,0,0,-5,-5,0,0,0,4,0,0,-4,0,-45,5,-2,7,8,0,0,-8,6,83,10,-22,-10,17,-2,-1,-2,-14,-20,-8,20,0,-12,-6,0,1,0,-1,0,-4,-11,-11,12,-5,-8,-1,-3,8,4,-15,16,-1,14,-41,26,-26,8,-8,3,17,-12,0,11,12,1,-1,7,-12,10,-3,0,2,-2,5,16,-1,-2,6,5],"lows":[0,16,-9,3,-1,-8,0,1,0,-3,1,-10,23,-24,10,1,-4,0,43,-21,14,-7,-67,-2,2,-2,1,8,4,5,-17,-13,34,-22,0,14,36,-44,34,10,-56,51,-26,21,0,0,0,4,0,-4,-43,-5,6,-14,10,11,2,-7,-5,6,-1,50,11,-1,12,2,-3,-2,-19,-30,0,8,14,2,0,0,-10,10,0,-3,-31,0,0,9,-6,1,-14,7,1,2,0,-1,-4,-9,1,0,0,0,0,-8,12,0,-2,7,9,5,4,0,-2,-3,11,-1,1,0,1,4,6,3,0,0],"closes":[0,-9,-4,-6,-1,-8,17,-10,-3,13,-18,18,19,-37,5,-1,-5,41,0,-8,3,-6,-71,0,0,-2,9,0,7,2,-11,9,18,-34,16,34,0,-10,10,0,-10,5,-5,0,0,0,4,0,0,-4,-36,-9,5,-16,21,8,-6,-4,-3,11,78,-4,-12,-13,24,2,-15,1,-22,-30,10,32,-20,2,0,0,1,-1,0,-3,-31,9,-2,7,-9,1,-8,5,3,-6,0,0,15,-28,1,-1,1,-1,1,3,6,-5,4,9,5,4,0,6,-8,9,-1,0,1,0,5,15,-7,5,0,11],"volumes":[31.6,22.05,11.79,15.75,13.69,5.25,7.91,29.87,50.38,40.33,25.25,66.95,10.62,9.76,14.7,17.45,14.59,51.87,33.75,36.38,29.25,48.75,45.38,24.9,31.05,9.0,8.55,15.83,13.5,13.5,25.5,33.38,12.0,25.14,7.14,10.89,15.0,20.88,14.61,4.5,35.84,4.5,12.6,3.42,2.28,1.14,17.71,10.17,1.13,14.46,66.92,2.63,4.13,3.75,4.5,7.5,3.0,24.83,14.12,9.39,44.38,55.73,21.47,12.43,32.77,21.47,24.86,34.99,40.81,61.43,52.5,44.35,5.25,29.35,20.34,18.08,40.11,27.43,18.08,13.56,51.22,51.78,58.89,63.12,24.0,27.0,18.0,9.23,18.79,20.39,12.54,36.65,56.06,53.41,55.15,32.1,27.0,35.63,24.0,55.68,107.33,31.23,10.17,48.53,50.75,44.81,25.97,22.75,3.39,35.13,20.08,9.9,37.67,28.65,19.32,62.72,37.88,31.93,40.19,59.44]}