{"timestamp":1297555200000,"multiplier":1.0E-5,"open":0.97425,"high":0.9744,"low":0.97387,"close":0.97419,"shift":60000,"times":[1320,1,1,1,1,1,1,1,1,1,1,1,1,1,1,1,1,1,1,1,1,1,1,1,1,1,1,1,1,1,1,1,1,1,1,1,1,1,1,1,1,1,1,1,1,1,1,1,1,1,1,1,1,1,1,1,1,1,1,1,1,1,1,1,1,1,1,1,1,1,1,1,1,1,1,1,1,1,1,1,1,1,1,1,1,1,1,1,1,1,1,1,1,1,1,1,1,1,1,1,1,1,1,1,1,1,1,1,1,1,1,1,1,1,1,1,1,1,1,1],"opens":[0,-8,-89,10,-19,-43,19,1,-6,24,-17,2,-6,-20,41,-15,11,-1,-33,5,1,3,-2,0,-5,8,24,-14,-1,-1,29,2,3,1,0,0,4,-5,-10,-10,-27,6,5,-2,12,0,3,0,0,-2,-10,9,0,-11,-1,0,25,7,-29,-13,-3,14,-14,-1,4,-25,32,-11,2,-15,7,15,8,-12,15,7,14,19,18,-5,1,-1,19,-10,5,-10,1,1,-14,1,11,15,14,-1,-2,4,5,-1,0,0,0,-18,6,19,20,-3,-8,-1,1,0,-2,-7,0,3,6,0,-3,10,-7,-13],"highs":[0,-23,-61,-18,-19,-14,-6,-2,16,57,-57,10,-30,21,4,-1,-7,-1,-29,12,-3,-4,-1,1,5,39,-18,-3,-13,29,2,2,1,1,0,0,6,-8,-10,-7,-23,5,-1,8,2,0,4,0,5,-8,-4,3,0,-9,-3,26,12,-5,-23,-16,16,-9,-11,12,-11,7,0,-12,2,-8,15,18,-6,6,0,15,20,37,-20,6,-3,12,-2,-4,-1,1,-5,-3,-10,4,17,15,5,5,-11,6,1,-1,0,0,6,-8,3,47,-12,-12,-8,-1,1,5,-3,-9,4,3,0,1,11,-1,-11,-9],"lows":[0,-89,30,-9,-58,7,12,-3,13,-2,6,5,-22,-11,13,20,10,-17,-28,17,1,3,-2,-5,0,8,10,-5,-7,9,23,9,3,1,0,0,-2,-15,-9,-26,-2,12,3,-6,17,1,3,0,-1,-20,-8,26,-9,-4,-5,6,20,-15,-15,-2,-5,-8,2,-11,-2,0,-4,9,3,1,7,8,2,-10,25,8,13,20,13,-6,1,4,10,0,-4,-1,0,-28,-1,18,11,15,4,-7,8,10,4,-3,2,0,-13,-4,4,21,3,5,-7,4,1,1,-7,-14,13,2,8,-3,0,4,-12,-12],"closes":[0,-97,18,-21,-50,22,5,1,0,0,2,4,-26,37,-15,14,-4,-16,-13,2,2,1,-1,-6,10,24,-16,-5,2,30,3,2,1,1,-1,1,-2,-6,-15,-14,-5,5,-3,10,1,1,4,0,-1,-9,2,4,-9,-3,0,26,6,-27,-15,-2,12,-16,-4,10,-25,33,-12,-6,-7,7,15,8,-12,16,6,13,21,17,-5,0,0,19,-10,5,-9,0,0,-14,2,8,16,15,-9,7,1,7,0,0,-1,0,-12,1,13,24,0,-9,-1,-3,3,-1,-7,2,1,6,0,-3,13,-9,-12,-12],"volumes":[103.0,25.21,44.79,6.0,80.8,110.93,66.3,39.0,46.45,58.03,25.17,15.82,22.93,27.74,19.84,20.64,6.0,22.88,68.25,49.5,12.75,1.5,3.0,6.75,15.75,47.63,31.13,31.5,34.88,59.25,42.0,51.0,24.75,17.25,18.75,6.0,11.25,28.29,33.0,37.5,18.0,15.0,17.25,20.25,4.5,3.75,5.25,4.5,21.75,30.75,37.5,2.25,27.75,22.5,10.5,34.5,42.75,27.75,33.75,13.5,63.54,40.02,89.01,113.28,100.8,96.15,69.87,98.88,55.46,41.4,61.5,160.64,80.26,68.27,75.03,58.99,43.23,89.83,34.5,92.7,68.88,56.12,27.29,12.56,19.54,33.71,36.46,110.1,43.44,17.74,41.05,28.47,34.43,117.79,50.86,18.16,13.58,49.65,4.5,11.25,60.2,88.75,77.03,186.18,97.51,74.25,51.75,26.25,10.5,30.75,54.28,75.47,36.24,25.13,4.89,32.52,151.55,56.02,36.02,46.87]}