{"timestamp":1219363200000,"multiplier":1.0E-5,"open":0.87707,"high":0.87708,"low":0.87707,"close":0.87708,"shift":60000,"times":[0,1,1,1,1,2,1,1,1,1,1,1,1,1,1,1,1,1,1,1,1,1,1,1,1,1,1,1,1,1,1,2,1,1,1,1,1,1,1,1,1,1,1,1,1,1,1,1,2,2,1,1,1,1,1,1,1,1,1,1,1,1,1,1,1,1,1,1,1,1,1,1,1,1,1,1,1,1,1,1,1,1,1,1,1,1,1,1,1,1,1,1,1,1,1,1,1,1,1,1,1,1,1,1,1,1,1,1,1,1,1,1,1,1,1,1,1,1,1,1,1,1,1,1,1,1,1,1,1,1,1,1,1,1,1,1,1,1,1,1,1,1,1,1,1,1,1,1,1,1,1,1,1,1,1,1,1,1,1,1,1,1,1,1,1,1,1,1,1,1,1,1,1,1,1,1,1,1,1,1,1,1,1,1,1,1,1,1,1,1,1,1,1,1,1,1,1,1,1,1,1,1,1,1,1,1,1,1,1,1,1,1,1,1,1,1,1,1,1,1,1,1,1,1,1,1,1,1,1,1,1,1,1,1,1,1,1,1,1,1,1,1,1,1,1,1,1,1,1,1,1,1,1,1,1,1,1,1,1,1,1,1,1,1,1,1,1,1,1,1,1,1,1,1,1,1,1,1,1,1,1,1,1,1,1,1,1,1,1,1,1,1,1,1,1,1,1,1,1,1,1,1,1,1,1,1,1,1,1,1,1,1,1,1,1,1,1,1,1,1,1,1,1,1,1,1,1,1,1,1,1,1,1,1,1,1,1,1,1,1,1,1,1,1,1,1,1,1,1,1,1,1,1,1,1,1,1,1,1,1,1,1,1,1,1,1,1,1,1,1,1,1,1,1,1,1,1,1,1,1,1,1,1,1,1,1,1,1,1,1,1,1,1,1,1,1,1,1,1,1,1,3,2,1,2,1,1,1,1,1,1,1,1,1,1,1,1,1,1,1,1,1,1,1,1,1,1,1,1,1,1,1,1,1,1,1,1,1,1,1,1,1,1,1,1,1,1,1,1,1,1,1,1,1,1,1,1,1,1,1,1,1,1,1,1,1,1,1,1,1,1,1,1,1,1,1,1,1,1,1,1,1,1,1,1,1,1,1,1,1,1,1,1,1,1,1,1,1,1,1,1,1,1,1,1,1,1,1,1,1,1,1,1,1,1,1,1,1,1,1,1,1,1,1,1,1,1,1,1,1,1,1,1,1,1,1,1,1,1,1,1,1,1,1,1,1,1,1,1,1,1,1,1,1,1,1,1,1,1,1,1,1,1,1,1,1,1,1,1,1,1,1,1,1,1,1,1,1,1,1,1,1,1,1,1,1,1,1,1,1,1,1,1,1,1,1,1,1,1,1,1,1,1,1,1,1,1,1,1,1,1,1,1,1,1,1,1,1,1,1,1,1,1,1,1,1,1,1,1,1,1,1,1,1,1,1,1,1,1,1,1,1,1,1,1,1,1,1,1,1,1,1,1,1,1,1,1,1,1,1,1,1,1,1,1,1,1,1,1,1,1,1,1,1,1,1,1,1,1,1,1,1,1,1,1,1,1,1,1,1,1,1,1,1,1,1,1,1,1,1,1,1,1,1,1,1,1,1,1,1,1,1,1,2,1,1,1,1,1,1,1,1,1,1,1,1,1,1,1,1,1,1,1,1,1,1,1,1,1,1,1,1,1,1,1,1,1,2,1,1,1,1,1,1,1,1,1,1,1,1,2,1,2,2,1,1,1,1,1,1,1,1,1,1,1,1,1,1,1,1,1,1,1,1,1,1,1,1,1,3,1,1,1,1,1,2,1,1,1,1,1,1,1,1,1,2,1,1,1,2,2,1,1,1,1,1,1,1,1,1,1,1,1,1,1,1,1,1,1,1,1,1,1,1,1,1,1,1,1,1,1,1,1,1,1,1,1,1,1,1,1,1,1,1,1,1,1,1,1,1,1,1,1,1,1,1,1,1,1,1,1,1,1,1,1,1,1,1,1,1,1,1,1,1,2,1,1,1,1,1,3,1,1,1,1,1,1,1,1,1,1,2,1,1,1,1,3,1,1,1,2,1,1,1,2,1,1,1,1,1,1,1,1,1,1,1,2,1,2,1,2],"opens":[0,-3,4,-6,5,-9,0,-12,3,-7,6,11,20,13,6,19,13,13,35,17,5,17,-12,8,20,12,-18,3,-13,-4,-9,-7,3,-3,11,-5,5,-10,0,-8,3,-3,0,-2,7,0,2,0,9,12,10,-11,13,-3,18,2,11,-1,-9,5,12,-5,22,-10,10,10,-10,6,34,-2,-8,-4,10,7,2,25,-1,-32,-16,-15,1,19,-9,3,-5,11,13,-3,9,18,13,4,-5,-9,0,39,0,5,-3,2,-4,-23,18,-20,5,-9,-11,5,6,-1,10,1,9,-2,-5,0,0,8,1,11,-5,-29,-24,7,-2,0,-20,-57,-22,0,0,-7,-30,-10,-41,12,20,10,-2,20,-2,0,42,14,-14,-13,-18,-8,-4,0,12,6,27,-14,-16,-5,-57,23,5,20,10,2,-3,21,-10,0,23,1,-8,-46,9,11,10,23,4,-22,-3,27,-10,2,6,-18,-15,0,-10,-10,-41,-2,8,1,2,10,8,24,-14,-7,-4,1,10,-9,3,-19,-24,-8,-14,66,-20,-35,-39,8,-5,-18,0,-25,-44,-36,39,-16,-7,-4,6,-39,-24,14,30,-14,9,-44,-12,-24,37,-2,9,14,-2,-10,-22,-19,-9,-19,33,5,-11,-9,4,-13,18,20,54,-19,-5,-7,8,13,29,-2,0,-16,-21,13,-3,-17,10,13,-5,-11,-3,-12,-5,10,-4,17,-22,16,4,-35,-10,-12,-36,-11,0,11,-39,60,-58,4,-3,3,12,9,2,15,6,-8,-40,-5,-20,-57,9,5,12,10,-14,2,26,-8,-1,-1,0,8,12,8,12,-17,17,-23,-21,15,-10,0,-3,-1,14,0,0,2,-36,-4,15,3,5,-6,-2,-12,-8,20,0,-1,4,6,6,-2,-7,3,-6,12,-14,9,-10,-1,11,20,29,-10,-5,-5,-61,-3,-20,-85,-29,20,-11,1,1,8,5,4,0,-21,14,-17,34,14,6,-6,28,-28,0,-13,12,7,-15,2,-10,3,11,0,1,13,-3,8,3,12,-35,-9,-10,-9,1,1,-2,-1,54,-7,-14,-10,17,29,-55,8,28,23,12,-14,19,19,-22,24,85,-16,10,-11,2,4,-1,-5,0,-43,33,3,17,-8,-1,1,-1,10,10,-11,-20,-46,-24,6,-5,-11,-3,-20,-25,7,-28,-1,3,-55,-74,11,6,-38,12,15,0,-44,-86,10,10,10,33,-32,-38,-115,12,52,-11,-49,19,-9,20,-19,9,19,-21,11,10,9,46,18,-36,22,-59,29,-20,4,-3,12,47,-44,31,30,-16,43,-67,-4,-3,17,1,-6,-2,-38,22,-4,-26,26,-13,3,47,-4,17,0,21,14,-20,-24,-11,-14,-6,-43,-1,-9,19,-5,1,12,-5,-43,-33,-13,1,-4,3,41,30,-3,-28,12,66,-4,16,41,-1,-37,8,-11,11,30,10,11,-17,-15,-15,-11,9,-10,-1,18,-13,6,2,-9,5,-32,-7,-7,-26,-6,-13,-7,-14,-1,14,9,-23,0,-5,5,-7,-9,-1,-1,-10,5,17,-4,4,0,24,-22,12,54,0,10,-44,-2,72,-22,42,-16,6,-5,49,-67,28,-12,-25,26,-19,5,-6,-20,0,10,10,4,8,-8,-11,-9,9,-12,-1,-7,-30,5,2,-9,-1,-10,-20,-9,-17,-31,10,11,1,22,3,21,-21,-28,42,15,-8,-5,-17,26,6,-21,11,-71,2,7,2,35,-49,34,-19,-11,15,14,-8,8,0,-28,12,-23,-1,-28,-10,-19,12,26,17,-2,6,-49,43,-43,8,-17,17,1,19,-61,20,26,14,-10,-10,5,-16,-29,15,25,33,-15,32,1,-8,-5,7,0,11,14,10,0,5,7,43,10,-53,19,5,35,-3,-17,-2,-49,-9,9,32,-2,-21,-8,5,6,-11,3,-3,1,6,-15,26,-12,-7,2,24,4,20,5,-4,7,17,3,-8,18,-16,-22,30,-20,-1,1,-7,14,-7,-2,-6,-6,-12,-24,-10,-26,-1,-36,-3,-5,-18,-6,-6,-15,7,-9,5,-7,7,1,16,26,21,-1,1,2,-3,10,-3,-10,-7,0,0,-3,-8,-14,6,2,-9,7,46,-7,-8,9,0,4,3,-3,0,9,2,5,-17,-47,3,-1,-3,-10,8,-1,0,50,-1,-4,2,-59,-16,-34,-7,-8,-8,-16,-17,0,11,-11,-5,7,-6,-63,13,-54,-24,1,7,35,38,15,-47,22,3,28,-55,0,-3,-3,6,-54,9,-27,22,5,-3,21,-53,4,1,0,-3,4,12,5,16,-2,16,8,42,-9,64,-24,1,15,0,0,1,-8,8,2,0,15,-1,-2,3,-5,5,-1,1,2,-10,-2,-2,5,9,5,1,-5,-7,-7,4,4,5,-3,-6,4,0,-3,-2,5,3,-5,-22,-5,-6,5,-5,3,-1,-1,2],"highs":[0,-4,13,-9,-1,0,-8,-2,0,-9,19,11,19,11,7,23,2,35,15,20,13,0,0,14,11,0,-13,-1,-16,-4,-10,-4,4,11,-5,0,-2,-8,-2,0,-1,-7,0,0,8,17,-17,2,18,15,-5,0,10,10,19,0,-9,-1,0,8,2,30,-10,0,10,0,0,31,9,-10,-10,0,20,-9,19,40,-36,-31,-17,-6,10,1,-9,8,0,28,2,-10,20,10,1,9,-10,0,22,10,-1,6,-1,14,-10,-20,10,-7,-11,-11,-1,10,10,-9,-1,11,2,-3,0,10,-10,1,19,-7,-3,-31,1,-17,-2,-1,-20,-55,-15,10,-15,-11,-24,-16,-19,13,8,12,6,9,7,25,25,-10,-10,-10,-19,-17,-3,10,10,29,10,-29,-16,5,-49,13,17,22,-3,1,9,1,-10,24,5,-4,-9,-35,11,11,21,5,1,-1,1,9,-19,10,0,-11,-9,-16,-4,-16,-34,0,0,0,20,9,11,9,-19,-7,6,4,-3,0,-6,-19,-21,-11,56,14,-38,-3,-56,-7,0,-13,-10,-21,-42,1,5,-21,-11,3,13,-49,-3,38,-19,19,-24,-33,-13,2,1,17,20,20,-35,5,-40,0,0,-10,10,0,-18,8,-15,15,20,50,0,-19,-1,-10,30,33,-13,0,-9,-16,-5,0,-6,-3,0,11,14,-32,10,-10,4,-8,24,-16,2,-3,0,-37,-3,-19,-18,-20,-9,11,28,-7,-53,3,-3,10,14,7,2,24,0,-22,-28,-10,-17,-50,10,-2,29,-7,-10,20,0,20,-28,9,9,0,52,-30,23,-24,-2,1,-31,-5,-10,0,2,15,9,-10,4,0,-41,7,2,9,0,-8,-2,-11,11,2,1,0,16,0,0,-6,7,-7,6,10,-20,1,-7,6,20,32,8,-19,-6,-5,-48,-12,-24,-82,4,-7,-11,3,7,0,11,-9,-2,-16,9,20,20,11,-11,27,20,-38,-17,5,-7,7,-13,0,4,0,3,-3,19,-5,6,10,10,-6,-35,1,-11,-15,5,-6,6,30,20,1,-27,6,32,-2,-49,35,17,17,0,0,21,-1,3,77,11,-1,-9,-10,13,9,-18,-4,-1,-7,1,26,-9,-9,0,8,11,-1,1,-10,-20,-21,-49,8,-8,-1,-13,-15,-24,1,-19,0,-1,-45,-72,22,-1,-42,13,2,-1,-49,-35,-30,10,29,33,-58,-37,-88,40,0,-9,-41,1,33,-4,-10,10,0,-18,18,10,41,12,29,-39,-3,-25,-2,-10,-3,1,60,2,-13,28,-11,33,0,-59,-8,17,-10,0,0,-9,12,-23,-9,0,0,0,49,0,1,9,11,19,0,-25,-24,-11,-9,-11,-10,-25,5,2,-2,11,-7,-4,-44,-16,-30,10,-9,41,37,8,-19,-8,57,1,22,31,83,-83,-21,-9,31,-2,20,2,8,-25,-15,-15,5,0,-8,18,-10,10,-10,-5,-4,8,-39,0,-13,-21,-10,6,-22,-10,10,0,1,-1,-17,-3,0,0,-18,0,-2,5,17,-10,4,14,10,-4,51,7,6,30,-7,-72,99,-26,26,-9,-1,-11,42,-1,-40,11,-13,-7,-1,-14,1,-7,-10,12,28,-10,1,1,-12,10,-29,4,-12,-3,-7,-22,4,-5,0,-10,-10,-20,-9,-11,-20,2,8,20,-3,34,0,-31,15,16,15,-4,-2,10,-15,6,-1,-19,-45,14,-17,30,-3,-16,-2,-18,16,10,-9,6,-4,-3,-10,-6,-22,8,-30,-18,8,20,10,33,-23,-8,28,-34,-11,-11,1,-12,35,-8,-40,15,11,34,-10,-29,-5,-16,-2,22,30,-7,22,0,11,-13,3,-8,12,0,10,10,10,10,46,12,-10,-38,5,45,6,-18,-17,-2,-38,-5,29,-1,-4,-21,1,5,2,-16,4,5,7,-7,17,-4,-16,-6,26,-1,22,7,1,0,15,9,3,17,-4,-24,8,0,-20,10,-10,20,-13,-4,-3,-8,-6,-12,-24,-10,-26,1,-38,3,-9,0,-26,-6,-8,0,0,0,1,4,7,37,13,7,-9,0,2,0,14,-6,-9,-12,1,-1,-3,-6,-9,5,3,-10,55,-5,-8,0,6,-1,1,2,-4,5,9,2,-1,-11,-53,4,0,-5,-3,1,2,45,3,0,-3,-1,-38,-31,-29,-10,-9,-15,-12,-19,14,27,-43,0,9,-13,-43,0,-61,-12,-2,31,46,15,9,-39,1,31,4,-60,2,-6,5,-2,-41,-4,-6,4,2,31,-7,-50,-1,1,-4,-3,13,12,10,4,11,3,58,-8,51,2,-21,14,-1,1,0,0,-1,1,4,20,0,-8,-2,5,1,0,-4,3,1,-10,-3,3,5,5,7,-2,-5,-7,-7,4,14,10,-15,-5,3,-3,-3,-2,13,-5,-5,-22,-5,-6,5,-1,-1,5,2,-7],