{"timestamp":1217721600000,"multiplier":1.0E-5,"open":1.04936,"high":1.04943,"low":1.04919,"close":1.04943,"shift":60000,"times":[1260,1,1,1,1,1,1,1,1,1,1,1,1,1,1,1,1,1,1,1,1,1,1,1,1,1,1,1,1,1,1,1,1,1,1,1,1,1,1,1,1,1,1,1,1,1,1,1,1,1,1,1,1,1,1,1,1,1,1,1,1,1,1,1,1,1,1,1,1,1,1,1,1,1,1,1,1,1,1,1,1,1,1,1,1,1,1,1,1,1,1,1,1,1,1,1,1,1,1,1,1,1,1,1,1,1,1,1,1,1,1,1,1,1,1,1,1,1,1,1,1,1,1,1,1,1,1,1,1,1,1,1,1,1,1,1,1,1,1,1,1,1,1,1,1,1,1,1,1,1,1,1,1,1,1,1,1,1,1,1,1,1,1,1,1,1,1,1,1,1,1,1,1,1,1,1,1,1,1,1],"opens":[0,4,-30,-15,31,-11,24,-9,8,-5,-13,-11,11,-7,27,0,-19,27,-18,-10,11,-3,-3,-25,30,-2,2,0,-2,0,2,18,-14,6,0,0,-10,-60,-20,-10,10,0,0,0,-15,21,4,-20,2,28,-20,0,10,0,-10,0,0,0,0,10,0,0,5,-10,-5,0,10,0,0,0,0,0,-10,0,5,-15,0,0,5,-5,0,0,10,-10,0,10,0,0,0,0,0,-10,0,10,0,-10,0,10,0,-15,15,0,-10,-20,0,5,5,-10,0,0,0,0,-30,-10,0,0,0,0,0,0,30,-5,5,0,0,0,5,0,0,3,-3,0,0,5,20,0,0,0,0,0,0,10,-25,5,0,10,-10,-5,0,0,5,0,0,-5,0,0,5,0,0,0,0,0,0,10,-10,0,10,-10,0,10,0,0,20,-10,0,10,0,0,0,15],"highs":[0,3,-36,14,2,10,10,-8,2,-7,2,1,-1,3,2,0,-7,15,-18,-10,11,-1,3,-7,7,5,-1,-4,2,-5,0,18,-3,-5,0,0,-10,-60,-20,10,-10,10,4,-4,1,-1,5,-25,20,33,-43,10,10,-10,-10,0,2,-2,0,10,0,5,0,-10,5,10,-10,0,0,0,0,0,0,0,-5,-15,0,5,0,-5,0,10,0,-10,0,10,0,0,0,0,0,-10,0,10,0,-10,10,0,0,-8,8,0,-10,-20,20,-10,0,-10,5,-5,0,0,-20,-15,5,20,-30,0,5,30,-5,10,0,-10,0,10,-5,0,0,3,-3,0,5,20,0,0,0,0,0,0,10,0,-20,0,10,0,-10,0,-5,5,0,0,0,-5,5,-5,5,0,0,0,0,0,15,5,-20,30,-20,-10,10,0,0,15,5,-10,15,-5,0,0,15,5],"lows":[0,-48,-5,12,33,4,21,-15,6,-24,11,-5,11,-7,17,0,-9,10,-11,0,-4,9,-2,-23,23,-1,3,-2,2,-2,7,-8,0,18,-10,0,-60,-20,-10,0,10,0,0,-10,-5,7,18,-20,-5,-5,20,0,0,0,0,0,-25,25,-10,20,0,0,-10,0,0,0,10,0,0,-10,0,0,0,0,0,-10,0,0,5,-5,0,0,10,-10,0,0,0,0,0,10,-10,0,0,10,-10,0,0,10,0,-20,20,-25,5,-10,0,5,-5,0,-5,0,0,-15,-20,-10,10,-10,10,0,0,0,20,0,10,0,0,0,5,0,0,-20,20,0,0,5,20,0,0,0,0,0,0,-15,0,5,0,0,0,-10,5,0,5,-10,5,0,0,-5,10,0,0,0,0,0,0,0,0,0,5,-5,0,5,5,0,10,0,0,10,0,0,0,-5],"closes":[0,-38,-28,47,-13,18,8,-12,15,-32,12,8,7,-15,10,0,0,1,-11,0,6,2,2,-9,7,10,-6,1,0,-3,0,7,-1,4,0,-10,-60,-20,-10,10,0,5,5,-20,1,4,20,-25,20,-27,17,10,0,-10,0,0,-12,12,0,10,0,5,-15,0,10,10,-10,0,0,-10,10,-10,10,0,-10,-10,0,5,0,-5,0,0,10,-10,0,10,-10,0,0,10,0,-10,0,10,0,-10,10,0,0,-12,12,0,-20,-10,20,-10,-10,0,-5,5,0,-20,-20,-10,10,0,0,0,0,30,0,10,-10,0,0,5,0,0,0,0,0,0,5,20,0,0,0,0,0,0,10,-25,5,0,10,-10,0,0,-5,0,5,0,-5,0,0,-5,10,0,0,0,0,0,15,-15,0,0,5,-5,5,5,0,15,-5,0,15,-5,0,0,15,-15],"volumes":[18.2,22.1,51.2,44.3,63.3,97.8,30.1,57.7,13.7,17.0,44.6,92.6,13.3,33.7,6.1,7.2,28.5,9.5,4.2,1.6,83.8,40.6,24.5,67.6,70.2,37.5,32.3,20.2,39.4,11.1,1.0,57.5,59.9,5.4,16.2,44.7,43.3,97.4,84.4,99.8,3.0,25.5,19.5,24.7,33.9,12.6,12.8,24.8,14.0,37.0,51.2,145.5,140.1,72.1,53.1,29.5,45.6,11.8,108.9,5.8,7.8,6.0,5.0,2.0,3.0,3.0,1.8,20.4,22.0,13.8,9.8,13.0,48.5,11.1,30.8,34.6,2.1,13.7,2.0,25.5,35.6,22.4,1.0,4.2,1.6,13.4,11.4,14.4,12.4,4.0,17.0,4.2,2.6,2.0,11.6,1.6,26.5,10.9,6.2,19.8,5.4,19.6,3.0,17.9,36.8,5.0,43.8,36.8,54.0,4.0,5.6,95.4,77.6,55.9,34.7,100.0,31.4,61.4,126.4,132.5,7.0,7.0,3.0,1.0,2.0,6.0,3.0,2.0,4.0,9.0,1.0,1.0,13.4,136.1,14.7,14.7,15.1,14.7,65.2,19.0,57.5,131.0,10.6,16.0,231.0,93.0,3.2,80.6,5.4,18.2,4.0,93.1,17.6,16.6,17.6,29.7,41.6,22.4,14.3,21.5,46.1,32.0,56.7,169.4,26.3,270.0,7.0,76.0,167.0,89.4,275.1,107.6,29.5,159.3,153.5,80.4,10.1,6.0,10.6,185.2]}