{"timestamp":1503792000000,"multiplier":1.0E-5,"open":0.79222,"high":0.79232,"low":0.79222,"close":0.79224,"shift":60000,"times":[1260,1,1,1,1,1,1,1,1,1,1,1,1,1,1,1,1,1,1,1,1,1,1,1,1,1,1,1,1,1,1,1,1,1,1,1,1,1,1,1,1,1,1,1,1,1,1,1,1,1,1,1,1,2,1,1,1,2,1,1,1,1,1,1,1,1,1,1,1,1,1,1,1,1,1,1,1,1,1,1,1,1,1,1,1,1,1,1,1,1,1,1,1,1,1,1,1,1,1,1,1,1,1,1,1,1,1,1,1,1,1,1,1,1,1,1,1,1,1,1,1,1,1,1,1,1,1,1,1,1,1,1,1,1,1,1,1,1,1,1,1,1,1,1,1,1,1,1,1,1,1,1,1,1,1,1,1,1,1,1,1,1,1,1,1,1,1,1,1,1,1,1,1,1,1,1,1,1],"opens":[0,8,55,1,-21,6,-6,1,1,0,10,-12,1,0,2,10,-2,-1,0,-2,-2,0,0,1,0,0,1,-6,1,2,3,-2,7,-2,0,0,9,-1,3,-3,9,2,4,-1,6,-3,4,-22,42,-11,2,-1,0,1,-3,-12,0,11,10,20,7,17,-3,1,1,-1,-8,-1,1,-1,3,11,30,-4,-1,0,0,-16,0,0,0,0,1,10,2,-4,4,20,4,-7,16,2,4,2,-13,11,25,9,11,-23,-2,-10,43,-18,3,0,9,-8,-10,0,0,23,3,-5,-21,9,-1,-3,-10,-14,19,-3,1,-1,-10,-11,1,-9,2,7,0,14,0,10,7,2,-9,5,-16,-1,1,5,-5,11,10,-1,-7,-7,-10,6,10,19,-11,-8,-9,-2,10,-3,19,-9,-11,14,-14,-9,-5,2,8,-2,-8,0,2,-1,-6,-1,-29,-11,0,-5],"highs":[0,53,0,3,-15,-1,-6,1,0,11,1,-13,1,2,8,1,-1,-1,-1,-2,-1,-1,1,0,0,1,1,0,-2,2,-1,5,0,-1,0,1,9,0,0,2,9,11,-10,13,-8,53,-51,23,-4,-11,2,-1,0,1,-2,-13,4,22,25,12,7,6,-6,-4,-2,1,-1,-4,-1,0,8,34,10,-14,0,-4,0,-7,-8,0,-1,2,9,2,0,3,17,6,4,7,-3,6,3,-2,0,25,18,3,-3,-23,-2,34,0,-16,0,16,1,-15,-11,2,22,8,1,-12,-9,-2,-2,-2,-11,6,-1,1,-3,2,-13,-8,1,-9,9,-2,14,-1,20,2,-2,0,-5,0,-15,1,5,5,4,10,-2,-4,-6,-8,-3,12,17,-1,-10,-7,-10,9,-1,22,-4,-6,6,-9,-12,-11,-2,10,-3,-1,-6,-2,1,1,-3,-3,-30,-10,0,15],"lows":[0,8,55,-29,9,0,0,1,1,-1,-1,0,0,1,2,6,1,0,-3,-1,0,0,0,1,0,0,-10,2,4,1,2,0,5,0,0,0,8,0,-1,0,10,2,3,0,5,-37,6,5,39,-2,2,-1,0,-1,-13,0,0,11,-2,32,4,15,1,1,0,-10,0,0,2,-7,5,15,26,-1,1,-1,-15,0,-1,1,0,0,0,8,-1,0,4,16,-2,3,-3,20,3,-19,9,8,31,8,-19,0,-9,5,25,-3,3,3,2,-16,1,1,2,21,5,-28,3,6,-1,-7,-22,4,16,0,1,-8,-15,2,-10,2,-1,9,1,8,0,13,3,-2,0,-9,-4,2,-2,4,0,7,10,-8,-4,-9,0,5,9,5,-9,-3,-7,4,7,1,3,-5,0,-9,3,-14,1,4,10,-10,-2,2,-2,-2,-1,-28,-15,2,-3,0],"closes":[0,61,0,-28,15,-7,1,1,0,10,-12,1,1,1,9,0,-2,0,-2,-1,-1,0,1,0,0,1,-9,3,2,3,-1,7,-2,0,1,1,6,3,-4,6,7,3,-1,4,1,2,-22,45,-12,-2,2,-1,0,-1,-13,0,4,18,22,4,15,1,0,0,-1,-9,-2,3,-1,4,9,31,-3,-2,0,0,-15,-1,0,0,0,2,9,2,-3,3,20,4,-7,16,1,5,2,-13,11,26,7,12,-30,5,-10,44,-17,0,0,11,-8,-11,0,0,23,5,-3,-25,9,0,-4,-5,-24,24,-4,5,-4,-8,-12,0,-9,3,7,0,13,-4,14,7,2,-9,5,-16,1,-1,5,-5,7,12,3,-8,-7,-11,5,13,17,-11,-8,-9,-2,11,-2,21,-13,-12,16,-20,-2,-7,2,8,-1,-10,0,2,1,-8,1,-29,-13,3,-7,20],"volumes":[2.62,2.99,0.75,6.74,6.75,19.74,28.0,28.33,9.48,18.99,62.51,4.99,15.1,12.24,24.0,19.0,11.0,8.0,10.48,12.98,6.75,10.23,5.49,1.12,1.12,2.0,24.16,31.32,18.97,12.97,14.86,10.74,11.75,11.45,7.5,11.13,17.99,9.44,8.26,10.74,13.85,14.73,3.36,11.62,3.0,42.63,80.88,46.78,14.11,2.25,5.12,2.25,3.0,8.24,6.75,10.37,6.81,27.87,113.87,70.86,57.66,65.27,74.25,66.33,122.88,59.95,90.7,54.92,66.11,79.82,126.47,105.84,70.52,52.83,41.83,26.36,54.62,45.11,9.25,9.5,7.69,14.5,32.62,37.86,29.32,55.93,41.75,53.57,78.1,93.37,75.3,53.16,79.56,61.34,58.62,117.15,107.78,66.92,127.62,38.0,43.25,54.69,46.37,50.68,78.21,68.29,90.85,61.99,107.62,50.31,53.32,78.64,51.25,53.08,93.46,52.08,32.58,37.73,53.73,54.74,78.15,31.74,21.24,53.15,67.11,46.32,53.02,30.23,34.35,36.84,32.94,84.44,111.64,71.04,67.15,62.34,103.19,97.27,71.84,32.99,69.85,44.31,66.59,147.5,46.14,66.76,63.32,63.45,80.19,27.0,83.29,119.2,67.29,82.81,45.94,10.0,55.61,57.55,86.96,81.82,71.79,79.96,63.22,66.81,118.88,66.91,21.44,61.41,53.79,17.19,26.05,24.8,76.16,116.48,82.0,75.12,51.42,69.51]}