{"timestamp":1503187200000,"multiplier":1.0E-5,"open":1.28563,"high":1.28563,"low":1.28502,"close":1.28523,"shift":60000,"times":[1262,1,1,1,1,1,1,1,1,1,1,1,1,1,1,1,1,1,1,1,1,1,1,1,1,1,1,1,1,1,1,1,1,1,1,1,1,1,1,1,1,1,1,1,1,1,1,1,1,1,1,1,1,1,1,1,1,1,1,1,1,1,1,1,1,1,1,1,1,1,1,1,1,1,1,1,1,1,1,1,1,1,1,1,1,1,1,1,1,1,1,1,1,1,1,1,1,1,1,1,1,1,1,1,1,1,1,1,1,1,1,1,1,1,1,1,1,1,1,1,1,1,1,1,1,1,1,1,1,1,1,1,1,1,1,1,1,1,1,1,1,1,1,1,1,1,1,1,1,1,1,1,1,1,1,1,1,1,1,1,1,1,1,1,1,1,1,1,1,1,1,1,1,1,1,1,1,1],"opens":[0,-6,84,3,2,0,-1,-27,33,2,0,-31,0,-20,13,20,-12,-10,7,5,-2,0,7,3,16,-12,1,11,-1,11,0,3,-10,1,0,1,0,1,0,1,-11,-3,-5,68,-27,11,-6,-6,-2,-12,34,1,-22,-2,0,-1,-2,1,-2,17,10,31,-6,6,-7,3,0,0,-2,-10,9,12,3,0,15,23,-5,12,4,-17,11,5,2,8,3,6,4,2,-2,-10,-76,20,10,-6,-2,34,6,-4,-18,-24,20,-11,2,-12,9,12,-3,-9,2,-6,1,1,-6,-7,-2,-3,-1,-3,1,-7,0,-2,1,6,-6,-2,2,0,-21,5,-14,1,-2,9,1,-9,-12,7,-5,11,5,8,-1,-1,1,-1,8,2,-2,0,2,3,6,-1,5,-8,-17,-16,4,10,7,6,11,2,-4,-31,23,7,13,11,0,4,17,2,-5,-19,0,-15],"highs":[0,80,4,-2,1,0,-1,8,-1,1,0,-30,10,-5,9,0,-10,1,-3,6,-8,12,-1,15,0,1,1,0,7,3,2,-1,-6,-2,0,0,0,2,-1,2,-12,5,65,-5,-18,-3,-6,-6,-2,21,1,11,-32,-2,0,6,-9,1,17,11,32,-4,5,-5,-5,1,1,0,-2,5,8,15,-8,17,13,3,0,10,0,-6,15,-4,4,5,3,5,3,-1,0,-10,-58,9,0,-6,33,8,-3,-3,-18,-6,3,-10,-1,-3,14,9,-10,-7,0,2,-5,-5,-6,-5,-4,3,-6,-2,-1,-6,1,3,0,0,-6,0,0,0,-5,-10,-10,-4,8,1,5,-15,-5,0,6,8,5,0,-1,1,0,10,-2,0,-1,1,5,4,0,4,0,-8,-17,-10,10,4,9,9,0,3,-5,-7,14,6,12,4,10,0,20,-13,-5,-16,-1,-17],"lows":[0,46,87,9,2,-1,-1,-26,28,7,-41,10,-20,-9,22,-3,-2,-1,1,12,0,-7,-3,14,7,-1,1,-9,0,25,6,-8,5,1,0,1,0,1,0,1,-15,0,-9,43,0,8,-5,-4,-5,-6,34,-20,-3,-1,-1,0,-1,-1,0,17,9,26,0,-2,1,3,0,-9,-3,0,0,15,9,0,15,12,6,2,-7,4,4,12,0,6,0,12,5,-3,-13,-69,-7,25,-2,2,2,19,3,-3,-24,0,9,-8,-1,-1,9,10,-6,-5,-3,0,1,-5,-6,-4,-3,-1,0,-2,-7,0,-1,-1,2,0,-2,0,1,-22,2,-10,1,-2,0,10,-8,-12,0,2,0,9,7,5,-1,1,-1,1,9,0,-6,6,2,3,4,0,-2,-19,-20,-1,11,9,1,13,8,0,-31,1,22,8,10,13,-4,-1,22,-1,-16,-1,-16,-9],"closes":[0,109,13,0,1,-1,-1,9,-1,1,-31,1,-15,7,21,-5,-19,16,-3,-3,0,8,3,16,-1,2,1,0,7,3,1,-7,1,-2,0,0,0,1,0,2,-16,0,60,-24,13,-5,-7,-3,-6,27,1,-18,-5,-1,-1,0,-1,-1,18,8,32,-5,4,-5,1,1,1,-3,-10,9,14,1,4,12,21,-8,6,4,-11,15,7,-2,7,7,4,6,3,-3,-13,-73,18,11,-7,-2,36,8,-5,-19,-25,19,-10,1,-10,8,12,-2,-3,-1,-10,6,-5,-4,-7,-3,-3,-2,2,-4,-5,-1,-1,2,4,-6,-2,2,-1,-22,7,-15,4,-5,10,1,-9,-10,5,-5,11,6,7,-1,-2,2,-1,9,1,-2,1,1,4,5,-1,5,-6,-19,-16,6,8,4,9,11,0,-3,-30,23,8,13,11,0,2,13,6,-4,-18,0,-15,-10],"volumes":[9.36,9.0,7.0,11.25,1.5,2.25,3.0,4.25,6.25,0.75,11.75,7.0,81.25,67.0,84.5,95.5,208.75,195.25,20.25,7.0,9.0,30.75,25.25,58.11,43.74,41.99,33.49,15.0,50.74,32.75,28.0,30.0,16.0,10.5,5.0,3.0,4.0,7.0,2.0,2.75,3.0,16.0,83.16,32.74,13.0,5.0,5.0,8.0,3.0,16.25,1.5,24.5,6.25,4.0,3.0,8.5,1.0,6.0,23.22,23.57,29.57,7.88,18.13,8.25,3.0,4.0,7.5,38.25,57.0,85.19,57.19,91.26,50.45,121.41,105.73,74.29,34.87,80.18,62.92,20.04,42.62,33.42,118.37,33.39,49.33,19.14,15.14,24.7,47.45,133.82,124.2,40.62,38.61,43.2,43.43,36.8,58.08,120.2,150.61,163.12,87.04,62.04,43.24,74.9,54.47,17.12,34.11,26.45,45.37,70.17,63.38,24.5,14.5,18.5,26.5,15.43,16.0,17.37,30.96,17.6,23.09,25.24,19.5,14.49,18.67,17.12,41.97,27.99,34.37,53.46,30.79,28.12,74.62,39.01,51.8,36.28,48.24,30.12,57.31,94.39,41.5,34.0,47.12,16.25,90.39,84.19,20.0,127.0,61.15,72.73,57.5,75.36,51.41,27.91,31.6,37.45,58.77,54.01,21.87,51.48,48.43,61.58,92.68,63.43,112.06,205.84,135.65,66.6,47.78,29.43,93.86,115.29,60.48,35.0,53.4,65.0,57.31,81.59]}