{"timestamp":1503792000000,"multiplier":1.0E-5,"open":1.24744,"high":1.24744,"low":1.24743,"close":1.24744,"shift":60000,"times":[1260,1,1,1,1,1,1,1,1,1,1,1,1,1,1,1,1,1,1,1,1,1,1,1,1,1,1,1,1,1,1,1,1,2,1,1,1,1,1,1,1,1,1,1,1,1,1,1,1,1,1,1,1,1,1,1,1,1,1,1,1,1,1,1,1,1,1,1,1,1,1,1,1,1,1,1,1,1,1,1,1,1,1,1,1,1,1,1,1,1,1,1,1,1,1,1,1,1,1,1,1,1,1,1,1,1,1,1,1,1,1,1,1,1,1,1,1,1,1,1,1,1,1,1,1,1,1,1,1,1,1,1,1,1,1,1,1,1,1,1,1,1,1,1,1,1,1,1,1,1,1,1,1,1,1,1,1,1,1,1,1,1,1,1,1,1,1,1,1,1,1,1,1,1,1,1,1,1,1],"opens":[0,0,0,0,0,6,-5,0,-1,0,9,-4,4,1,1,-3,0,0,1,-1,0,0,1,-1,1,-1,0,0,0,0,0,1,-1,0,0,0,0,0,-38,-4,1,36,-2,-1,-3,0,4,-2,0,-1,2,-6,1,5,-1,-1,-3,-1,4,-2,-10,8,-5,5,-11,-1,0,-1,14,5,-6,8,0,-19,4,-8,1,-2,8,-1,-7,-1,1,17,-3,-8,-10,3,-2,-1,7,-7,2,7,3,4,-14,-10,-8,-8,2,8,7,-23,-7,7,-1,-10,4,5,11,-2,0,-16,11,2,-9,4,2,6,4,-1,1,0,0,16,8,1,0,-1,2,-14,-4,14,-2,5,14,-6,1,-1,-1,-8,-1,-5,-2,-5,-1,-3,1,4,1,-8,-11,0,5,-10,23,-27,6,-12,2,7,9,2,6,-3,3,2,-1,16,2,-3,2,5,9,6,2,1,-6],"highs":[0,0,0,0,6,0,-5,0,0,11,-3,-4,5,0,12,-13,-1,0,1,-1,1,0,0,0,0,0,0,-1,0,1,1,2,-2,-2,1,-1,0,0,-35,-6,62,-26,-2,-1,-3,0,4,-1,-1,7,-6,-6,5,1,-1,-1,-1,1,1,8,-12,0,0,5,-16,0,0,15,-4,5,7,0,-4,-16,0,-6,0,10,-5,0,0,-7,17,0,-4,-5,-10,1,-2,7,-1,-4,5,5,2,1,-12,-13,-8,-3,9,10,-7,-21,-2,1,0,-6,3,12,-1,10,-12,-5,5,-3,-7,8,2,4,1,0,-1,1,16,7,2,0,0,4,-4,-14,14,-2,0,18,-3,-2,1,-5,-1,-8,-1,-1,-6,-2,0,-3,2,1,0,-9,-9,3,2,17,-6,2,-23,-7,6,6,4,5,0,2,1,-1,14,3,0,3,2,9,5,8,-5,14,-16],"lows":[0,1,0,0,0,0,0,0,0,0,9,-4,4,1,-2,0,0,0,1,-1,0,0,0,0,0,0,0,0,0,0,0,1,-1,0,0,0,0,-40,-2,0,0,35,-2,-3,1,-1,3,0,-1,-1,1,-4,1,4,-1,-2,-2,-2,5,-11,-5,6,-4,-2,-1,-1,-1,0,12,3,1,0,-9,-3,-5,2,-1,0,7,-8,0,-2,3,12,-7,-8,-1,1,-3,2,0,0,1,7,-3,-4,-14,-9,-2,-8,5,11,-13,-8,0,3,-8,1,2,7,11,-2,-17,1,7,-4,1,3,2,5,5,0,0,1,-2,18,8,-6,6,0,-17,-2,3,1,4,12,8,-2,-1,1,-15,6,-5,-1,-5,-3,1,-2,1,2,-4,-12,-7,7,-13,8,-20,16,-6,-1,3,0,14,3,4,0,3,1,0,10,6,-1,1,1,12,8,1,-23,6],"closes":[0,0,0,0,6,-6,0,0,0,9,0,-4,5,0,-2,0,0,0,1,-1,0,1,-1,1,-1,0,1,-1,0,0,0,1,-1,0,0,0,0,-40,-2,0,41,-6,-2,-2,0,-1,3,1,-2,1,0,-5,5,0,-1,-2,-2,0,4,-5,1,-5,5,-12,0,-3,2,18,-9,5,7,1,-18,1,-7,1,-1,6,1,-9,1,0,17,-5,-4,-11,1,-1,0,6,-6,0,7,4,3,-13,-9,-9,-8,1,7,10,-23,-8,7,0,-11,4,5,11,0,-1,-18,12,2,-9,2,8,2,4,0,0,-1,1,17,7,1,0,-1,2,-14,-4,15,-7,8,14,-5,1,-1,-2,-7,-1,-5,-2,-5,-1,-1,-1,4,1,-6,-13,1,3,-9,22,-26,7,-10,-1,7,8,3,6,-3,3,2,-1,14,4,-2,3,3,9,6,1,0,-4,4],"volumes":[3.75,1.5,2.25,1.5,3.0,12.01,13.63,13.6,4.31,14.84,2.42,1.5,3.38,2.38,11.19,3.0,3.0,2.0,2.0,4.0,6.0,3.0,8.0,6.0,5.0,4.0,3.37,1.0,2.0,4.0,8.04,8.04,3.0,4.0,9.74,1.12,5.0,17.67,13.38,5.04,29.75,7.0,13.5,15.91,2.44,5.88,3.0,5.0,6.5,12.38,3.0,1.0,3.01,8.33,3.47,6.1,7.86,5.93,3.52,83.06,75.19,72.0,40.88,47.87,17.03,49.24,100.04,147.23,38.72,65.48,49.9,42.86,48.45,33.29,49.14,36.34,35.52,66.09,22.25,31.71,37.62,24.69,60.37,44.26,52.72,51.07,54.95,75.3,33.88,39.1,93.97,93.45,87.16,84.76,76.33,85.81,66.79,26.0,31.8,58.96,76.97,117.98,66.16,35.71,46.12,22.65,40.09,37.46,29.97,35.45,14.0,29.23,27.62,28.88,37.18,16.5,25.57,54.7,33.77,40.6,30.65,23.66,6.98,11.5,82.68,67.02,67.5,60.35,18.13,63.04,81.37,88.35,65.55,168.77,201.25,55.1,28.63,75.44,66.88,27.69,59.19,61.06,51.7,60.0,50.1,96.05,62.77,66.81,81.38,95.89,148.26,70.39,55.26,68.15,124.22,117.17,100.33,132.93,89.1,69.97,88.59,227.07,87.86,138.61,67.2,32.73,133.88,58.8,109.01,286.77,18.19,49.15,40.11,45.39,36.57,33.76,27.75,144.83,50.62]}