{"timestamp":1503792000000,"multiplier":0.001,"open":1292.241,"high":1292.892,"low":1292.241,"close":1292.892,"shift":60000,"times":[1320,1,1,1,1,1,1,1,1,1,1,1,1,1,1,1,1,1,1,1,1,1,1,1,1,1,1,1,1,1,1,1,1,1,1,1,1,1,1,1,1,1,1,1,1,1,1,1,1,1,1,1,1,1,1,1,1,1,1,1,1,1,1,1,1,1,1,1,1,1,1,1,1,1,1,1,1,1,1,1,1,1,1,1,1,1,1,1,1,1,1,1,1,1,1,1,1,1,1,1,1,1,1,1,1,1,1,1,1,1,1,1,1,1,1,1,1,1,1,1],"opens":[0,551,79,-300,0,-13,-70,-300,1,-1,0,0,21,0,299,100,-200,0,50,-50,100,-37,0,237,101,-101,100,-99,-161,-140,100,-300,80,-10,84,146,-99,100,-1,-199,100,-1,-29,330,400,-270,-80,69,90,121,-121,90,-90,-119,-91,-119,-30,-71,30,24,39,100,-43,100,200,401,-351,-116,119,167,-180,131,512,150,-100,-653,1604,-650,250,-221,-130,100,-159,129,-59,10,180,110,37,-80,-148,38,119,-27,-143,-206,-1,287,-316,-1,-299,-1,-189,-201,40,-180,41,-100,200,-40,-60,-100,29,-29,-111,111,-1,0,-300,11],"highs":[0,-20,0,-100,-100,-84,-100,-299,0,0,99,-30,-49,300,100,100,-200,-51,0,50,0,-20,220,160,-59,99,0,-190,-109,-101,0,-150,-49,53,146,0,1,0,-1,-149,50,-1,351,350,199,-430,30,60,161,-90,69,-100,-60,-129,-111,-100,-39,-71,53,91,196,1,-1,101,400,0,-300,-47,166,0,-60,824,249,-289,-10,817,-67,-371,-29,-201,20,-69,-31,100,0,31,320,-120,6,-117,-62,93,80,-150,-144,-6,200,-114,-206,-10,-300,-90,-200,100,-200,-200,0,100,100,-100,-100,-50,-21,-29,89,11,-51,-49,-300,110],"lows":[0,37,193,-62,-38,17,-200,-100,-99,100,99,-180,101,100,249,-50,0,-49,49,0,63,0,0,137,100,0,-20,-140,-140,-70,-130,0,53,-22,122,-52,49,50,-99,-48,47,53,-53,401,69,-80,50,80,80,-20,21,-20,-151,-30,-199,-21,-7,-63,63,27,73,57,-57,57,200,100,-117,-30,110,70,7,113,387,-277,70,-253,753,200,-200,-100,100,20,-20,120,-20,-13,204,109,-82,-111,10,40,44,-101,-200,0,-93,-387,410,-260,-72,-228,-190,61,-101,-160,0,87,164,-151,30,-29,-101,-182,172,71,17,-278,-100,0],"closes":[0,-20,-300,-1,37,-120,-300,1,-1,0,0,21,0,200,199,-200,0,50,-50,100,-36,-1,237,101,-101,100,-99,-161,-140,100,-300,80,21,52,147,-99,100,-1,-199,50,49,-29,330,400,-270,-80,69,90,121,-121,101,-101,-110,-100,-109,-47,-54,0,43,41,100,-44,100,200,401,-351,-117,121,166,-187,121,530,149,-100,-390,1340,-650,250,-170,-130,51,-101,70,-49,0,179,121,27,-48,-180,38,142,-50,-150,-200,1,286,-317,1,-301,1,-190,-200,39,-140,1,-61,160,-40,-99,-31,20,-50,-99,99,1,-1,-299,-41,50],"volumes":[0.0203,0.042225,0.03177,0.02559,0.02921,0.02516,0.01517,0.01628,0.02109,0.01813,0.01872,0.02798,0.01517,0.0185,0.02109,0.02035,0.01036,0.00814,0.00518,0.00962,0.01073,0.00851,0.01813,0.02398,0.02296,0.01629,0.01688,0.01406,0.01517,0.01258,0.01665,0.01587,0.01045,0.01103,0.00964,0.01369,0.00918,0.01332,0.00962,0.0151,0.01058,0.00903,0.0206,0.03343,0.03241,0.01318,0.01591,0.01739,0.02186,0.0248,0.02319,0.0137,0.01437,0.0148,0.02503,0.02066,0.01481,0.01888,0.01183,0.01343,0.0253,0.01754,0.01443,0.02146,0.02361,0.02109,0.02027,0.0132,0.01356,0.01164,0.01969,0.08345,0.06576,0.08928,0.08488,0.09492,0.05382,0.04354,0.0467,0.06833,0.06467,0.04799,0.01591,0.01832,0.03594,0.04416,0.04728,0.04711,0.04297,0.03488,0.04025,0.03962,0.03472,0.04664,0.07779,0.06056,0.11897,0.034,0.02016,0.04032,0.00857,0.03981,0.04302,0.05304,0.04245,0.03891,0.04152,0.03408,0.02059,0.0199,0.0222,0.00671,0.02087,0.02538,0.02408,0.01298,0.01303,0.02786,0.03284,0.03487]}