{"timestamp":1200182400000,"multiplier":1.0E-5,"open":1.10057,"high":1.10063,"low":1.10037,"close":1.10056,"shift":60000,"times":[1320,1,1,1,1,1,1,1,1,1,1,1,1,1,1,1,1,1,1,1,1,1,1,1,1,1,1,1,1,1,1,1,1,1,1,1,1,1,1,1,1,1,1,1,1,1,1,1,1,1,1,1,1,1,1,1,1,1,1,1,1,1,1,1,1,1,1,1,1,1,1,1,1,1,1,1,1,1,1,1,1,1,1,1,1,1,1,1,1,1,1,1,1,1,1,1,1,1,1,1,1,1,1,1,1,1,1,1,1,1,1,1,1,1,1,1,1,1,1,1],"opens":[0,0,-5,-26,-16,-6,13,10,-15,17,-12,-12,6,-36,-12,10,11,14,-19,25,-3,-31,-6,3,-7,-20,10,20,0,30,0,10,-20,10,-5,-5,-15,-25,0,5,-17,-1,28,-10,-5,-10,5,-5,-20,5,-5,10,-10,0,-10,-35,-5,10,-15,15,-20,10,0,-10,5,-20,0,5,5,-5,20,-10,20,0,0,0,-15,15,0,0,-10,0,10,-20,0,20,-15,-25,5,0,15,-15,5,10,-15,10,15,-10,10,-15,15,10,0,-10,30,20,25,5,0,0,10,-30,-5,-20,20,10,25,0,-10,10],"highs":[0,0,-11,32,-37,-12,4,-1,8,-16,9,-12,-1,-39,20,7,-3,1,-1,-7,11,-17,-10,19,-36,-4,2,1,40,-10,10,0,-15,10,-10,0,-15,-15,0,-5,-7,-6,18,5,-20,-10,5,-5,0,-15,5,0,-10,0,-10,-30,10,-10,-10,10,0,-10,10,-15,5,0,-10,0,10,10,-10,10,0,0,0,10,-10,20,-20,0,0,0,0,-20,30,-10,-15,-15,-5,15,0,0,0,0,-5,15,0,0,5,-5,20,0,-10,20,20,35,-5,10,0,0,0,-20,-15,0,30,5,0,0,10,-10],"lows":[0,0,-19,-37,27,-5,-31,21,6,-4,1,-15,-18,-4,4,4,-5,15,-16,-18,27,-11,-1,-12,-17,-4,20,25,0,20,5,-5,0,5,-5,-15,-30,5,0,0,-26,-2,33,-5,-10,-5,0,-25,10,-15,5,10,-10,-10,-40,-15,20,0,-5,0,0,0,-5,-15,5,0,-5,5,0,5,5,0,0,0,15,-15,5,5,0,-5,0,0,-10,0,10,-20,10,-25,15,5,-5,-10,15,-5,0,5,10,-5,0,5,15,0,-15,0,45,20,20,-5,15,-35,15,-20,-10,-10,30,15,15,0,0,-5],"closes":[0,-6,-30,-16,6,16,-35,39,7,-10,-22,4,-38,-2,-1,16,-1,-1,19,-3,-28,-11,20,-16,-28,15,7,13,30,0,10,-20,0,5,-5,-10,-30,0,5,5,-19,-4,18,-5,-10,0,0,-20,5,-5,10,-10,0,-10,-35,-5,10,-15,-5,0,10,0,-10,5,-20,15,-10,10,0,10,-10,20,0,0,0,-15,15,0,0,-10,0,10,-20,0,20,-15,-15,-10,5,15,-15,5,10,-15,10,15,-10,10,-10,10,10,0,-10,30,20,25,5,0,0,10,-30,-10,-15,20,10,25,0,-10,10,-5],"volumes":[1916.6,1749.5,2038.4,1944.001182,1882.8,1870.7,1998.2,1875.9,2018.1,2092.2,1978.6,1893.101182,2092.8,1828.8,1859.1,1778.5,1751.0,2069.8,1776.301182,2107.9,1944.7,2147.8,1918.2,1856.4,1949.9,2006.6,1872.5,69.7,544.9,600.2,148.9,319.1,70.8,31.5,61.6,79.3,290.1,159.7,120.7,143.5,3239.9,3540.9,77.2,174.5,209.9,415.7,370.0,230.2,160.2,218.9,171.0,69.0,314.6,128.9,184.1,271.1,196.7,156.6,192.3,230.0,294.2,588.4,682.3,516.0,560.6,625.1,577.1,576.8,602.3,651.0,727.2,789.8,694.8,697.2,648.8,1000.9,917.2,615.5,665.4,477.6,546.3,597.5,664.4,768.8,594.9,737.9,776.1,1277.1,928.0,825.1,404.6,800.8,681.7,705.1,336.9,280.5,576.7,728.4,545.8,767.8,578.3,1109.2,916.3,668.7,347.2,650.2,222.5,325.7,123.8,327.6,1339.8,980.5,550.3,717.3,455.1,1001.5,877.2,1015.7,800.0,760.0]}