{"timestamp":1200787200000,"multiplier":1.0E-5,"open":1.09929,"high":1.0994,"low":1.09912,"close":1.09914,"shift":60000,"times":[1320,1,1,1,1,1,1,1,1,1,1,1,1,1,1,1,1,1,1,1,1,1,1,1,1,1,1,1,1,1,1,1,1,1,1,1,1,1,1,1,1,1,1,1,1,1,1,1,1,1,1,1,1,1,1,1,1,1,1,1,1,1,1,1,1,1,1,1,1,1,1,1,1,1,1,1,1,1,1,1,1,1,1,1,1,1,1,1,1,1,1,1,1,1,1,1,1,1,1,1,1,1,1,1,1,1,1,1,1,1,1,1,1,1,1,1,1,1,1,1],"opens":[0,-22,23,7,-9,5,-21,-15,5,21,12,24,1,0,-10,0,10,0,0,0,20,5,-15,-5,20,5,-30,10,-10,0,-5,5,5,10,-10,0,5,-5,5,-5,0,0,-5,5,-5,-10,20,-5,15,0,-10,-15,30,5,-5,20,-15,0,-10,10,15,-10,10,-15,0,-5,10,15,5,15,0,0,10,15,0,0,0,10,0,0,-5,5,15,30,-20,-5,0,-5,-15,25,-25,-10,0,5,0,0,5,-20,40,-40,20,0,10,-30,10,10,0,-10,5,0,0,5,-5,15,15,25,-5,0,0,-10],"highs":[0,-4,12,2,2,-4,-14,-7,15,-4,27,6,-1,-10,0,10,-5,-5,0,20,5,5,-10,10,0,0,-10,0,-20,0,0,15,0,5,-15,0,10,-10,10,-10,0,0,-5,5,-5,10,0,10,0,0,-10,20,0,0,30,-15,-10,-5,0,20,-5,5,-5,-10,-5,5,25,-5,15,0,0,10,20,5,-5,0,5,0,0,40,-30,10,40,-5,-30,15,-20,10,-5,15,-40,-5,0,0,5,10,0,10,0,-10,0,0,0,-10,20,15,-25,-10,5,-5,0,0,15,10,30,0,-10,0,5,0],"lows":[0,-33,42,-30,-5,3,10,-13,14,14,-2,11,17,10,-10,10,-10,20,0,0,10,10,-15,0,5,-10,0,0,0,-20,0,20,5,0,0,0,5,-5,0,-15,0,-5,10,5,-10,0,20,-50,0,35,0,0,5,25,-5,0,5,-5,0,0,0,10,-5,0,-5,5,10,15,0,20,-5,5,5,15,-20,-5,30,0,10,-15,-5,15,15,20,-15,0,-5,-30,20,0,-10,-5,0,5,-10,10,-20,5,-5,10,10,-5,-5,-5,15,-5,0,-5,0,5,-5,15,-15,30,10,25,-10,10,-10,-45],"closes":[0,5,16,-2,-2,-20,-9,1,17,7,19,12,2,-10,0,10,0,0,0,20,0,10,-10,5,5,-30,10,-10,0,-20,20,5,10,-5,-5,0,5,-5,0,-15,15,-5,0,0,0,10,0,-10,20,-5,-20,30,5,-5,20,-15,0,-10,10,15,-10,15,-20,0,-5,10,15,5,15,0,0,5,20,0,0,0,10,0,0,0,0,15,35,-20,-10,0,-5,-15,25,-25,-10,0,5,-5,5,5,-20,40,-40,20,0,10,-30,15,5,5,-5,-10,0,5,5,0,10,15,25,-5,0,0,-5,-25],"volumes":[330.5,445.8,608.2,460.1,617.7,390.1,328.8,351.0,338.2,359.8,334.5,137.2,316.1,43.5,388.9,368.4,264.0,123.8,103.6,420.0,358.2,92.1,631.3,718.7,361.2,199.0,487.8,535.3,478.4,250.6,85.9,12.9,6.2,213.1,80.0,72.0,192.0,104.0,156.2,74.5,172.1,223.8,168.1,25.9,6.0,147.6,48.0,244.3,271.9,141.7,267.8,36.5,5.9,12.0,17.7,22.4,28.9,53.8,26.1,28.1,29.3,96.4,39.0,12.4,39.7,227.2,747.3,279.5,243.0,52.9,54.2,179.5,260.7,419.2,357.8,332.2,118.4,121.3,108.8,560.4,493.9,84.5,574.2,441.0,573.7,712.3,131.9,1388.7,333.6,273.9,250.2,483.0,293.0,128.6,295.7,215.5,422.7,118.2,212.5,116.1,41.3,52.4,301.5,123.0,521.1,710.3,348.9,721.1,731.9,363.2,304.4,152.2,375.8,118.2,570.7,483.2,183.9,116.4,197.9,475.8]}