{"timestamp":1384646400000,"multiplier":1.0E-5,"open":1.3496,"high":1.34974,"low":1.34957,"close":1.34964,"shift":60000,"times":[1320,1,1,1,1,1,1,1,1,1,1,1,1,1,1,1,1,1,1,1,1,1,1,1,1,1,1,1,1,1,1,1,1,1,1,1,2,1,1,1,1,1,1,1,1,1,1,1,1,1,1,1,1,1,1,1,1,1,1,1,1,1,1,1,1,1,1,1,1,1,1,1,1,1,1,1,1,1,1,1,1,1,1,1,1,1,1,1,1,1,1,1,1,1,1,1,1,1,1,1,1,1,1,1,1,1,1,1,1,1,1,1,1,1,1,1,1,1,1],"opens":[0,2,-2,5,14,-8,13,-18,12,-6,8,-3,1,-2,-8,7,-7,4,-44,4,8,28,4,-14,0,-10,1,-1,4,0,5,-3,0,1,-19,-1,6,0,0,0,0,4,-8,-1,3,-1,-2,0,0,-1,3,-1,1,-1,0,0,0,-4,-2,-14,-5,-4,-3,-23,-20,-5,-7,7,4,4,2,1,9,0,1,-1,5,-1,-22,-2,-18,7,4,-3,2,1,3,-7,8,1,-30,-9,-1,1,-3,2,-1,-8,2,-5,1,0,0,3,8,1,1,-5,4,-1,11,-1,-5,4,-2,0,1,-2,1],"highs":[0,-8,-2,11,4,4,3,-1,-2,0,0,1,0,-8,-8,7,-4,1,-40,5,34,9,-8,-14,0,-3,-6,6,5,0,-3,-3,3,-2,-19,10,-3,-2,0,0,4,0,-7,15,-14,-1,0,1,-2,13,-12,1,0,0,-2,0,1,-3,0,-11,-11,-3,-5,-23,-18,-5,2,4,-3,6,0,9,1,3,-3,5,-1,-1,-20,-4,-8,4,-3,-1,1,3,2,-2,5,-3,-29,-9,3,-3,8,-8,-1,-9,4,-4,-3,4,-4,14,-1,1,2,-3,0,8,1,-1,-2,2,-2,-1,1,0,-1],"lows":[0,2,-2,5,17,-8,-3,-8,8,4,8,-3,-4,2,-7,2,-2,-42,2,4,8,5,2,11,-13,3,1,-1,2,2,3,-1,-1,-17,-4,3,6,0,0,0,-7,1,2,-7,6,0,0,0,-1,0,0,-1,2,1,0,0,-10,0,-7,-10,-3,-3,-22,-19,-11,-2,0,7,4,1,5,0,9,1,0,0,4,-21,-3,-19,1,7,-4,3,1,4,-5,1,6,-27,-9,-3,1,-1,0,2,-10,-2,0,-2,3,0,0,3,7,1,-4,1,1,2,8,-3,0,2,0,-1,0,0,0],"closes":[0,-2,2,11,4,4,-15,9,-4,10,-3,4,-7,-2,-7,5,-2,-40,1,5,31,4,-14,0,-12,3,0,3,0,4,-1,-1,1,-19,-2,9,0,-2,0,0,4,-8,1,1,0,-3,0,0,-1,3,-3,0,2,0,0,0,-2,-2,-13,-7,-4,-4,-23,-19,-6,-6,6,3,2,5,1,9,-1,1,0,5,-1,-20,-4,-18,10,1,0,-1,1,3,-8,8,1,-29,-9,-1,1,-2,3,-1,-9,0,-4,2,-1,1,-1,14,-1,0,-6,6,0,8,-2,-3,3,-1,1,-2,0,1,-1],"volumes":[9.1,13.13,5.12,4.75,3.0,8.03,16.26,36.43,11.02,10.28,7.0,5.0,10.03,4.0,6.15,10.98,19.15,14.77,4.0,4.5,34.61,30.41,12.45,2.88,8.14,16.48,8.25,13.97,11.07,15.18,4.7,1.2,6.58,15.18,22.79,12.1,5.59,1.24,1.24,4.97,18.4,4.86,9.92,28.82,7.0,8.06,11.87,11.62,21.24,26.01,20.3,10.49,14.8,18.07,0.9,4.72,12.34,13.39,16.27,47.74,23.65,30.85,53.85,40.73,64.04,52.5,31.8,14.13,12.5,40.98,12.23,48.62,22.43,17.58,13.49,50.35,3.13,30.85,11.83,35.57,18.42,19.63,37.03,11.34,29.76,14.77,109.81,12.52,24.12,60.68,46.67,24.89,58.58,32.42,48.58,20.88,26.86,23.34,28.28,22.17,1.0,20.17,1.0,17.82,7.28,21.09,29.1,13.63,7.63,18.48,29.51,9.46,21.03,29.77,8.56,2.76,11.07,13.42,5.89]}