{"timestamp":1385251200000,"multiplier":1.0E-5,"open":0.90712,"high":0.90734,"low":0.90711,"close":0.90734,"shift":60000,"times":[1320,1,1,1,1,1,1,1,1,1,1,2,1,1,1,1,1,1,1,1,1,1,1,1,1,1,1,1,1,1,1,1,1,1,1,1,1,1,1,1,1,1,1,1,1,1,1,1,1,1,1,1,1,1,1,1,1,1,1,1,1,1,1,1,1,1,1,1,1,1,1,1,1,1,1,1,1,1,1,1,1,1,1,1,1,1,1,1,1,1,1,1,1,1,1,1,1,1,1,1,1,1,1,1,1,1,1,1,1,1,1,1,1,1,1,1,1,1,1],"opens":[0,22,-7,1,-6,11,0,-8,-4,7,0,-1,-2,0,-4,-15,-1,0,20,-3,-2,-5,-3,0,-7,5,1,-11,0,0,5,-18,3,0,0,2,-2,0,-5,1,-1,-2,-3,-5,-18,0,1,2,3,-8,1,3,-4,0,-1,3,-9,9,-2,1,2,3,7,2,5,-6,-1,0,2,0,-5,0,0,-1,-2,-5,1,0,5,-4,-3,-4,3,-2,-22,-12,5,0,14,0,7,-5,15,-8,0,8,0,-3,4,-3,6,-4,10,15,9,3,-2,-3,1,-1,4,8,1,0,2,0,-4,2,0],"highs":[0,0,-7,1,4,3,-2,-8,-1,4,0,-1,-2,0,-4,-11,-5,23,-3,0,-3,-5,-5,0,-2,0,1,-11,0,5,0,-15,0,0,0,2,-2,0,-4,0,-1,-2,-3,-5,-16,-1,5,-3,3,-7,4,-1,-3,0,1,0,4,-2,2,2,-2,10,0,11,-6,-4,-2,-2,6,-4,-5,2,-2,3,-6,-4,1,6,-2,-2,-4,-4,5,-4,-23,-7,0,15,3,2,1,12,-1,-9,2,10,-1,-2,0,4,-1,10,11,8,6,1,-5,-2,0,0,15,-4,7,-4,1,-1,-4,2,4],"lows":[0,19,-17,15,-8,13,-3,-15,5,5,2,-2,0,-10,-14,4,-2,2,15,0,-10,2,0,-7,0,5,-10,0,0,0,-15,0,5,0,0,2,-2,0,-5,0,0,-2,-11,-17,2,0,-1,3,-1,-3,1,-3,2,0,-1,-6,-1,5,0,1,5,3,7,0,-1,-1,-1,2,-1,0,-2,1,-1,-3,-6,1,0,2,-3,0,0,-4,1,-22,-20,6,6,2,13,1,1,-1,9,0,0,5,0,0,1,0,3,-1,10,11,13,1,-3,0,1,-1,2,8,3,0,2,0,-4,2,0],"closes":[0,-4,-17,15,3,4,-5,-5,-4,4,2,-2,0,-4,-15,-1,-2,25,-6,-2,-5,0,-3,-7,5,0,-10,0,0,5,-15,0,0,0,0,2,-2,0,-5,0,0,-2,-8,-20,2,1,5,-4,-1,-2,0,-2,2,0,1,-9,4,3,2,1,1,9,1,6,-5,-2,0,-1,3,-3,-2,0,-1,-3,-4,1,0,5,-7,0,-1,-3,2,-23,-16,8,0,15,0,6,-4,15,-8,0,2,3,0,4,-3,6,-3,9,15,8,4,-2,-3,1,0,-1,12,-2,3,0,2,0,-4,2,2],"volumes":[2.64,1.13,1.88,2.25,9.75,4.5,3.0,44.25,20.09,15.76,2.82,12.4,5.26,32.68,36.67,12.11,5.6,29.67,12.47,10.89,53.5,35.66,8.0,34.07,16.83,35.83,31.15,21.95,3.0,23.45,55.14,12.65,2.25,14.45,15.2,1.1,10.4,10.91,51.94,412.33,120.34,1.02,21.94,44.07,12.23,6.0,15.8,8.05,2.56,8.56,10.96,26.81,14.73,30.72,16.31,26.97,43.48,24.75,32.25,41.27,28.17,46.94,38.71,91.94,31.04,36.3,17.12,4.89,29.04,21.92,8.96,12.41,20.22,26.87,48.42,105.49,47.03,24.62,90.79,62.59,74.61,30.54,206.65,186.01,116.81,140.81,24.99,101.53,40.72,50.63,51.18,74.02,116.03,30.06,4.55,22.23,33.24,21.54,11.19,15.62,13.55,51.88,66.9,45.12,121.54,91.39,41.96,12.75,4.05,6.08,89.71,6.53,48.82,12.71,18.86,10.89,6.0,13.52,31.04]}