{"timestamp":1385251200000,"multiplier":1.0E-5,"open":1.05281,"high":1.05281,"low":1.05281,"close":1.05281,"shift":60000,"times":[1319,1,1,1,1,1,1,1,1,1,1,1,1,1,1,1,1,1,1,1,1,1,2,1,2,1,1,2,1,1,1,1,1,1,2,1,2,1,1,1,1,1,1,1,1,1,1,1,1,2,1,1,1,1,1,1,1,1,1,1,1,1,1,1,1,1,1,1,1,1,1,1,1,1,1,1,1,1,1,1,1,1,1,1,1,1,1,1,1,1,1,1,1,1,1,1,1,1,1,1,1,1,1,1,1,1,1,1,1,1,1,1,1,1,1],"opens":[0,8,11,-1,-9,-22,-23,1,0,-4,-2,2,0,0,-6,6,-1,-7,3,-4,-1,-6,1,-3,5,3,-10,-1,-1,-4,-2,0,0,-1,0,3,0,7,0,0,0,0,1,-7,1,-3,-1,1,3,-3,0,9,-1,6,0,4,-5,1,6,32,1,2,0,0,19,0,-2,-2,2,1,-14,0,4,0,-4,1,2,0,0,2,-4,-6,-5,0,10,0,9,4,29,-12,-2,-2,9,-1,1,0,8,15,15,-1,8,-5,-2,-3,0,21,38,19,-10,37,6,29,2,-19,3],"highs":[0,19,2,-3,3,-34,-21,-1,0,-4,0,2,-2,0,0,0,-1,0,-1,-4,-4,-6,1,-3,5,3,-10,-1,-1,-4,-2,0,0,-1,0,3,13,-6,0,0,0,0,1,-7,1,-3,0,0,3,-3,28,-19,5,0,26,-22,-4,9,29,1,2,0,0,29,-10,0,-2,-1,1,1,-10,1,-1,6,-7,0,4,-1,-1,0,-4,-6,-4,10,0,16,-2,28,-1,-12,-2,15,-8,0,0,10,18,11,-1,6,1,-4,-2,1,22,36,19,1,23,6,33,2,-5,-9,-6],"lows":[0,8,-5,15,-33,-21,-2,3,-6,-3,3,2,0,-10,4,6,-1,-7,-4,1,-4,-1,0,-2,5,-7,-1,0,-3,-2,-2,0,0,-1,0,3,0,7,0,0,0,0,-4,-2,-2,0,-1,1,0,0,0,9,-1,6,0,2,-3,0,6,33,1,2,0,-15,34,-15,10,1,-7,-3,-2,0,-5,3,-1,5,2,-3,3,-3,-12,2,0,0,10,0,9,1,18,-2,0,0,8,0,0,1,8,15,15,-1,3,-2,-9,4,-2,25,33,12,1,38,6,24,-10,-9,4],"closes":[0,19,2,-3,-32,-21,-3,3,-6,0,2,0,0,-10,10,0,-1,-4,-4,-2,-4,-1,0,-2,5,-7,-1,0,-3,-2,-2,0,0,-1,0,3,13,-6,0,0,0,0,-4,-2,-2,0,0,0,0,0,20,-11,5,0,3,-1,-2,6,32,1,2,0,0,19,0,-2,-3,2,0,-6,-7,5,-1,-3,3,0,0,2,0,-4,-6,-5,0,8,3,8,5,16,0,-4,0,12,-4,1,-1,10,17,11,1,6,-4,-2,-5,0,23,38,23,-16,40,6,30,0,-17,1,1],"volumes":[0.75,1.95,7.51,0.15,8.18,18.62,14.06,3.16,8.8,8.93,8.55,13.2,4.95,9.61,10.88,6.6,2.4,3.87,9.54,4.28,6.42,1.52,5.88,3.77,3.38,10.51,8.26,3.19,9.01,8.63,2.45,2.45,2.45,7.13,4.69,4.69,3.19,3.0,4.5,3.75,1.5,2.25,5.07,3.19,3.94,4.88,14.63,4.69,3.94,4.88,23.44,1.5,15.19,2.25,33.89,15.4,5.25,20.64,68.79,22.5,6.38,5.25,6.0,80.78,12.03,20.63,14.8,5.41,44.29,35.22,26.59,34.4,42.87,52.23,21.93,14.73,72.72,45.14,13.11,17.88,52.66,17.53,26.56,29.56,7.62,16.53,10.52,57.97,41.17,17.64,5.42,12.91,16.22,14.93,6.08,14.88,23.91,56.99,6.21,31.02,30.05,8.51,61.02,37.82,113.09,85.39,89.56,112.38,93.58,24.22,116.75,73.36,45.52,122.08,44.96]}