{"timestamp":1140307200000,"multiplier":1.0E-5,"open":0.84999,"high":0.84999,"low":0.84944,"close":0.84945,"shift":60000,"times":[1328,4,12,1,2,1,1,3,1,1,1,3,1,2,3,1,2,1,2,1,1,1,1,1,1,2,1,1,1,1,3,3,1,1,1,1,1,2,1,1,1,1,6,1,1,2,2,4,1,1,1,5,1,2,1,4,2,1,1,2,2],"opens":[0,-43,17,-32,6,20,-27,10,-15,16,-44,16,17,-22,0,-9,-2,43,15,62,-45,31,14,-17,-9,37,-16,-37,5,5,-10,26,-68,14,14,-49,22,14,13,17,-1,-21,-45,-21,5,55,11,-8,11,8,-26,-22,49,-6,-15,25,-23,24,-20,51,-29],"highs":[0,-18,-8,0,-1,-1,-5,-16,3,-2,-16,26,9,-8,-10,0,10,17,37,24,-1,-3,-9,-9,21,-1,-12,5,7,0,-13,-14,-15,-15,-10,-1,-2,-4,18,10,-5,-15,-7,-17,4,18,1,0,11,2,-4,2,4,-3,7,3,-6,7,16,22,-15],"lows":[0,-11,-8,-5,1,2,-8,-19,2,-2,-11,24,13,-23,2,2,3,25,23,33,-5,9,-18,2,9,-5,-3,4,9,-6,-5,-16,-19,-7,-8,-7,-2,1,10,22,-19,-4,-14,-15,3,16,7,0,10,0,-2,0,3,1,9,-2,-5,7,17,23,-21],"closes":[0,30,-30,-1,-18,41,-17,-15,18,-57,-4,22,11,4,-2,-24,30,2,26,79,-1,-48,-15,1,16,27,-22,8,32,-33,13,-16,-41,-7,7,-40,3,-4,12,31,-15,-1,-13,-13,5,44,-28,-15,55,-40,-8,48,-27,28,-35,0,-3,20,19,45,-51],"volumes":[0.144227,0.422231,0.851421,0.42557,0.431999,0.291483,1.686409,2.082403,0.69164,0.232081,1.288405,2.889297,0.414486,1.536919,0.410363,0.180144,1.310356,0.445072,0.916306,1.285121,0.454694,0.875323,1.248973,0.325555,0.66377,1.190243,1.273593,0.198518,0.830635,1.183476,0.585837,0.308041,0.992486,1.092616,0.659353,0.684957,0.719836,0.409558,0.216811,0.165537,2.178208,0.785277,1.221774,0.252222,0.194407,0.241143,0.776813,0.415151,0.855938,1.640469,2.03801,0.191359,0.40936,0.354835,0.298389,0.863031,0.226127,0.539389,0.238615,0.340201,0.250685]}