{"timestamp":1139097600000,"multiplier":1.0E-5,"open":0.85617,"high":0.85668,"low":0.85569,"close":0.85569,"shift":60000,"times":[1347,1,1,1,2,1,2,1,1,1,2,2,1,2,4,1,1,2,1,2,1,1,1,1,1,3,1,1,1,1,1,1,2,2,1,1,5,6,1,1,1,1,1,1,3,2,1,1,4,1,1,2,1,1,2,4,1],"opens":[0,-73,-40,24,-5,9,8,-49,1,-30,41,-9,-9,7,-16,-3,7,-41,24,-64,5,40,-33,36,0,30,34,-2,-17,60,-51,59,-37,-11,-9,52,-16,6,-33,26,-74,49,-7,25,18,-38,13,11,-3,-46,14,-19,12,-14,48,-22,-25],"highs":[0,-124,-14,-2,-1,11,2,-24,-24,11,0,-9,-1,-1,-16,2,8,-5,-18,-21,2,11,-2,29,8,17,17,12,13,10,0,1,-13,-8,16,0,-11,14,-2,-18,-26,11,6,17,11,3,-10,-11,1,-6,-10,4,-3,5,6,-6,-4],"lows":[0,-80,-5,-5,4,7,-5,-18,-28,16,-2,-8,4,-1,-23,5,4,-3,-21,-14,0,6,3,26,-3,27,20,13,4,21,-12,14,-19,-4,11,8,-15,11,-1,-22,-20,16,2,13,17,-1,-16,2,0,-11,-11,3,-10,11,11,-13,3],"closes":[0,-46,7,-7,4,-36,12,-1,-63,38,-3,-29,48,-41,-6,5,35,-42,11,-20,9,11,-31,45,21,-28,16,58,-11,26,-16,-9,-30,35,-4,-16,-11,58,-34,-6,-6,10,6,18,-1,-14,-36,42,3,-34,-31,23,-20,29,25,-55,45],"volumes":[4.205695,0.532005,0.397479,1.263397,0.424477,1.703155,0.23694,0.877742,0.485464,1.066834,0.35369,0.339967,1.053028,0.161894,0.52524,0.218613,0.902869,1.275274,1.111716,0.391221,0.975322,0.354265,1.411949,0.221098,0.423546,2.18498,0.375456,0.313273,1.254879,0.282639,1.480771,0.432602,0.155737,0.281695,0.341084,0.159359,1.096691,0.261508,1.19931,0.279257,0.92336,0.347099,1.858341,0.349452,2.242898,1.653846,0.336209,0.344967,0.677894,2.059929,0.821619,0.451734,0.919266,0.500857,0.356308,1.394139,0.426109]}