{"timestamp":1139702400000,"multiplier":1.0E-5,"open":1.18974,"high":1.1898,"low":1.18954,"close":1.18961,"shift":60000,"times":[1320,1,1,1,1,1,1,1,1,1,1,1,1,1,1,1,1,1,1,1,1,1,1,1,1,1,1,1,1,1,1,1,1,1,1,1,1,1,1,1,1,1,1,1,1,1,1,1,1,1,1,1,1,1,1,1,1,1,1,1,1,1,1,1,1,1,1,1,1,1,1,1,1,1,1,1,1,1,1,1,1,1,1,1,1,1,1,1,1,1,1,1,1,1,1,1,1,1,1,1,1,1,1,1,1,1,1,1,1,1,1,1,1,1,1,1,1,1,1,1],"opens":[0,1,5,-4,7,22,12,-2,-10,13,-3,1,9,-7,7,-11,11,-2,-8,-3,-7,13,-12,-10,9,-1,-2,3,-25,5,-10,13,-17,-23,4,3,2,-23,8,-5,3,-9,14,-6,-3,16,3,-7,5,-17,4,-9,-12,11,-11,3,14,-12,1,2,6,20,-27,23,1,-13,12,36,-4,20,8,-10,2,1,-11,-6,-6,-14,-9,13,3,10,3,-6,1,13,14,-2,-1,-4,-3,-9,4,0,0,6,10,-8,-2,-15,15,-12,-6,-1,-13,-5,-10,1,4,1,3,-1,-25,20,-1,-2,14,0,-8,14],"highs":[0,26,-21,2,16,17,3,-8,3,0,-1,8,0,0,0,0,2,-4,-8,0,3,0,-5,-8,2,1,-3,0,-12,-8,0,3,-7,-23,0,-3,5,-12,3,0,-3,0,0,-3,10,0,0,0,-2,-5,0,-8,-9,-1,-5,7,4,-2,-2,1,20,0,-8,9,8,-12,23,12,22,13,1,-2,-9,3,-13,-15,-6,-7,-7,6,12,2,0,3,0,18,1,-2,7,-4,-8,-3,-1,-1,8,2,14,-10,-6,-7,6,-9,-9,-5,-7,-3,-4,-10,12,-1,2,-7,-3,5,1,6,3,-2,-2,19],"lows":[0,14,4,4,-2,29,4,-6,-1,-5,10,7,-1,-1,-2,5,2,-9,-2,-4,5,-5,-1,-9,4,3,-2,1,-21,-2,-3,4,-17,-16,1,-9,2,-4,-3,5,3,-5,5,-6,6,6,4,-11,8,-9,6,-29,-2,11,-6,6,-2,0,-2,3,6,9,-8,14,2,-5,7,26,2,29,1,-3,-2,4,-17,-12,-16,-7,1,8,8,4,4,-4,7,15,-1,-5,11,-11,0,-5,3,-1,3,0,13,-9,0,-7,0,-4,-9,-13,1,-2,-12,0,10,-8,-4,5,-13,6,7,4,4,-1,-15,23],"closes":[0,21,1,4,8,17,-1,-10,14,-8,6,7,-2,2,-12,14,-1,-9,-8,6,0,0,-3,-5,-3,6,-5,0,-16,-5,3,-8,-14,-8,1,-5,-13,13,-9,2,4,-3,3,-2,12,-11,6,-3,-4,2,0,-23,9,-9,0,10,-14,6,0,2,11,-3,8,10,-8,-3,17,20,20,21,-11,4,-3,-1,-20,-3,-29,11,-2,6,12,-9,0,6,5,7,5,-11,15,-9,5,-7,-6,6,1,9,-1,-4,-3,3,-12,0,-7,-17,2,-3,-6,-3,13,-6,-4,-5,10,-5,-1,4,9,-6,11,12],"volumes":[818.5,1181.9,487.2,124.0,513.3,707.8,365.0,239.9,624.2,276.2,510.7,651.6,640.1,697.7,125.2,657.6,603.1,681.9,247.4,500.7,508.4,420.9,459.0,774.6,678.0,375.1,202.2,378.8,406.9,542.3,521.1,494.6,438.0,588.0,741.1,635.2,491.7,249.4,334.2,159.1,459.4,816.8,859.6,237.5,225.5,972.3,239.0,865.0,281.9,595.1,331.1,704.3,151.1,377.7,259.1,635.7,284.1,406.7,607.6,205.5,493.4,407.4,550.7,353.5,853.7,334.0,194.5,995.0,738.1,468.4,596.2,170.7,358.9,315.9,725.6,375.7,522.6,378.6,717.3,296.1,587.5,538.3,160.6,753.3,553.4,516.9,335.3,292.2,406.0,223.6,542.5,504.7,649.0,940.9,564.7,295.7,309.7,348.8,493.7,337.8,264.1,689.6,488.5,795.7,311.8,430.1,869.3,242.0,394.9,668.7,579.2,864.6,447.0,734.1,378.7,650.2,813.3,288.5,466.2,383.8]}