{"timestamp":1140307200000,"multiplier":0.001,"open":551.437,"high":551.649,"low":550.987,"close":551.156,"shift":60000,"times":[1380,3,6,2,3,3,4,3,2,2,1,5,1,2,2,1,1,3,2,2,2,2,3,2,2],"opens":[0,-176,108,-120,366,-259,-137,-58,407,11,39,-509,210,249,-252,-53,103,202,-171,183,-592,420,-435,-231,569],"highs":[0,24,-12,-11,4,42,-32,37,-9,29,-93,11,0,45,-62,77,-71,12,-22,29,-28,-16,-73,-89,13],"lows":[0,149,-140,43,-39,-18,171,-100,80,2,-13,-170,-33,282,-319,178,-87,151,-162,82,-110,100,-168,-124,26],"closes":[0,444,-48,-418,175,-125,456,-73,41,9,-196,-446,664,-31,-726,341,382,13,-499,-47,467,-386,-9,172,-310],"volumes":[0.00922,0.00971,0.02145,0.01398,0.01225,0.01485,0.008445,0.015143,0.01077,0.01671,0.01122,0.01061,0.00842,0.01433,0.01055,0.01302,0.013,0.018267,0.02003,0.010227,0.01046,0.008734,0.016719,0.01295,0.017304]}