{"timestamp":1570320000000,"multiplier":0.001,"open":6549.249,"high":6550.27,"low":6549.249,"close":6550.229,"shift":60000,"times":[1430,1,1,1,1,1,1,1,1,1],"opens":[0,971,119,-1900,51,1149,1790,-29,-1051,-1010],"highs":[0,89,-19,-830,160,1909,-149,-30,-1050,-250],"lows":[0,-30,-910,-850,30,2070,840,-1000,-1060,-260],"closes":[0,121,-1950,99,1151,1789,-40,-1049,-1010,759],"volumes":[0.00232,0.00361,0.00603,0.00498,0.0054,0.00465,0.00458,0.00284,0.00822,0.01747]}