{"timestamp":1570320000000,"multiplier":1.0E-5,"open":1.33226,"high":1.3324,"low":1.33226,"close":1.3324,"shift":60000,"times":[1260,1,1,1,1,1,1,1,1,1,1,1,1,1,1,1,2,2,1,1,1,1,1,1,1,1,1,1,1,1,1,1,1,1,1,1,1,1,1,1,1,2,1,1,1,3,1,1,1,1,2,1,1,1,1,1,1,1,1,1,1,1,1,1,1,1,1,1,1,1,1,1,1,1,1,1,1,1,1,1,1,1,1,1,1,1,1,1,1,1,1,1,1,1,1,1,1,1,1,1,1,1,1,1,1,1,1,1,1,1,1,1,1,1,1,1,1,1,1,1,1,1,1,1,1,1,1,1,1,1,1,1,1,1,1,1,1,1,1,1,1,1,1,1,1,1,1,1,1,1,1,1,1,1,1,1,1,1,1,1,1,1,1,1,1,1,1,1,1,1,1,1,1,1],"opens":[0,13,0,1,0,-1,1,-1,1,-5,-1,5,0,-26,1,-1,-2,0,1,4,1,0,0,-1,-2,-1,0,-3,0,1,-1,0,1,-1,1,-1,-6,7,-1,-1,0,0,0,0,0,-1,-6,1,-1,0,1,-1,5,0,2,-7,-38,-24,-5,-16,-7,-10,23,10,-27,-20,5,2,-13,-12,10,-10,11,-3,10,0,14,12,-3,-14,12,1,0,1,17,-12,4,-11,-1,-4,5,-10,1,-1,14,8,1,-6,-5,0,-4,1,0,0,1,-3,8,-8,-1,3,3,-3,1,0,4,-26,-9,9,-5,6,0,-16,0,-8,21,-23,10,1,-9,-4,13,8,0,0,-15,-3,-1,2,4,-2,6,-3,-5,0,1,1,8,7,2,-9,-1,-1,-8,-2,-6,2,14,-1,-3,3,-1,-2,4,-3,0,-6,-12,1,5,3,0,0,3,-6],"highs":[0,-1,0,1,0,-1,1,-1,1,-5,4,1,-1,-25,0,-1,-1,0,3,2,0,0,0,1,-2,-2,0,-3,0,0,-1,1,0,0,0,-1,2,-1,-1,-1,0,0,0,0,1,-2,-6,1,0,0,0,4,0,2,4,-8,-36,-29,1,-18,-10,24,-2,0,-27,-13,0,0,-13,-2,10,-6,-1,6,2,16,11,-4,1,0,-3,-1,4,15,-2,-8,0,-11,-1,4,-3,-8,5,7,8,1,8,-10,-8,1,-5,6,-4,-2,2,5,2,-10,4,1,0,-2,8,-2,-3,-25,1,1,-2,23,-23,-13,0,12,-2,-13,3,-1,-9,10,8,-2,2,-2,-14,0,2,-1,0,6,-2,-3,-4,0,1,10,6,4,-2,-9,-1,-1,-8,-2,-1,19,-9,-1,3,-2,-2,2,3,-4,-1,-7,-10,4,4,0,0,2,6,-7],"lows":[0,13,0,1,0,-1,0,0,1,-5,-1,5,0,-26,-1,-2,1,0,1,3,1,0,-1,0,-2,0,-3,0,-9,9,0,0,0,0,0,-6,0,6,-1,-3,3,0,0,-5,0,-2,0,0,0,0,0,0,5,0,-9,-37,-22,-17,-11,-14,-20,-5,23,12,-32,0,-6,-1,-1,-1,4,-1,7,1,7,4,14,3,-7,-2,13,-5,4,3,-6,11,-15,6,-7,4,-7,-1,2,1,13,7,-3,-5,0,-4,0,0,1,-3,0,1,0,0,-11,9,7,-17,12,2,-24,-7,1,-1,2,8,-16,-1,-7,1,-2,-4,14,-15,-1,-1,18,6,0,-18,2,0,-1,0,2,0,6,-6,0,0,1,1,8,6,-6,-1,-2,-7,-3,-9,2,4,12,-2,0,0,0,0,1,-1,-5,-12,0,-6,12,2,1,0,-1,-3],"closes":[0,-1,0,1,0,-1,0,0,1,-5,4,1,-1,-26,-1,-1,1,0,3,1,0,0,-1,0,-1,0,-4,0,1,-1,0,1,-1,0,0,-6,8,-2,-1,0,0,0,0,0,-2,-5,0,0,1,-1,0,5,0,2,-9,-31,-29,-5,-15,-9,-7,23,8,-27,-23,8,2,-13,-15,12,-8,9,-3,12,-4,20,11,-5,-13,11,1,-1,2,17,-11,1,-9,-1,-8,9,-12,1,1,13,9,1,-5,-5,0,-5,1,0,0,-1,-1,9,-7,-2,2,4,0,-3,-2,7,-27,-10,11,-6,5,2,-16,-1,-8,21,-23,10,1,-10,-4,14,8,-2,2,-16,-2,0,0,5,-2,5,-1,-5,0,0,1,8,6,3,-9,-1,-1,-8,-2,-6,4,12,-1,-3,3,-2,-1,2,-1,0,-6,-12,1,5,3,0,0,3,-4,1],"volumes":[2.25,1.5,1.5,0.75,1.5,0.75,2.0,2.0,1.0,7.0,5.0,1.75,1.0,9.0,8.0,15.0,2.0,2.0,6.0,9.0,7.0,10.0,21.0,14.0,19.0,12.0,15.5,5.5,18.5,8.0,7.0,8.0,5.0,8.5,7.0,16.5,12.0,12.0,4.5,18.5,1.0,3.0,1.0,5.0,10.0,7.0,1.0,5.0,7.5,3.5,2.0,2.0,3.0,9.75,31.88,39.66,40.4,49.26,68.88,79.39,124.21,137.01,89.92,52.17,61.53,186.2,101.08,114.17,92.66,81.92,65.45,80.18,199.04,145.2,65.17,54.36,31.32,24.83,54.51,45.34,28.6,43.84,53.43,33.43,57.84,23.0,37.6,9.0,13.0,28.0,19.0,40.0,40.16,64.47,63.88,18.82,57.24,72.81,26.37,32.36,11.0,25.0,12.5,13.0,56.99,48.3,72.76,14.48,44.24,27.73,12.0,64.16,42.7,41.5,178.85,80.79,23.98,51.62,91.25,85.36,114.62,87.86,72.48,109.47,107.49,124.35,87.37,75.37,62.62,137.6,88.99,15.62,88.62,48.37,20.74,48.0,28.75,39.0,42.61,46.37,36.5,17.24,13.34,23.08,57.5,107.04,38.24,65.24,97.86,39.22,42.12,44.86,46.62,86.34,69.06,61.04,43.52,66.4,84.91,112.0,275.8,166.6,98.28,141.35,53.67,90.07,78.25,92.54,46.9,85.78,45.81,56.94,97.99,144.08]}