{"timestamp":1720310400000,"multiplier":1.0E-5,"open":0.67355,"high":0.67355,"low":0.67351,"close":0.67353,"shift":60000,"times":[1260,1,1,1,1,1,1,1,1,1,1,1,1,1,1,1,1,1,1,1,1,1,1,1,1,1,1,1,1,1,1,1,1,1,1,1,1,1,1,1,1,1,1,1,1,1,1,1,1,1,1,1,1,1,1,1,1,1,1,1,1,1,1,1,1,1,1,1,1,1,1,1,1,1,1,1,1,1,1,1,1,1,1,1,1,1,1,1,1,1,1,1,1,1,1,1,1,1,1,1,1,1,1,1,1,1,1,1,1,1,1,1,1,1,1,1,1,1,1,1,1,1,1,1,1,1,1,1,1,1,1,1,1,1,1,1,1,1,1,1,1,1,1,1,1,1,1,1,1,1,1,1,1,1,1,1,1,1,1,1,1,1,1,1,1,1,1,1,1,1,1,1,1,1,1,1,1,1,1,1],"opens":[0,0,0,-1,0,-5,11,6,8,-18,25,4,1,-29,28,18,3,-5,-3,-6,0,-4,-2,1,12,5,6,-3,1,7,1,-9,-4,-1,16,11,-3,0,-9,9,-27,28,-2,-31,30,2,1,-1,-10,5,0,7,-9,8,2,-4,-4,3,-5,2,-3,38,23,-14,1,16,1,-1,-3,-4,2,-2,8,2,-2,-5,3,7,-5,-2,-6,-1,-7,-7,-6,3,-2,-1,-2,-2,-3,-7,4,1,-3,3,2,-2,5,5,-2,1,-1,-2,-2,-2,-1,1,0,1,-1,-1,3,-4,4,-2,0,0,-7,-13,7,-6,4,18,-5,1,-9,6,7,-3,2,4,1,8,-4,3,6,3,-1,3,-4,0,1,-2,-6,-4,5,0,-1,-3,0,0,0,-1,4,5,2,-5,3,2,3,-2,-11,5,2,1,3,-1,-1,1,3,-2,1,3,2,3,-3,0,-11,-7],"highs":[0,0,7,-7,5,2,15,-11,9,6,5,-1,1,-29,39,7,9,-9,-5,0,-6,-4,6,9,11,7,-7,6,-1,-2,17,-25,-1,15,3,19,-19,0,-1,1,-1,2,-1,-2,2,7,-6,4,-11,1,6,3,0,5,-4,-3,-1,1,1,-5,48,13,-6,-10,13,2,0,-2,-3,-1,-1,6,2,0,-2,0,4,1,-5,-1,-6,-2,-7,-6,-2,-1,-3,-1,-1,-3,-3,-2,-1,1,0,4,-2,4,6,-1,-2,1,-1,-2,-3,-2,2,-1,1,2,2,0,-4,0,2,-2,-1,1,-9,-4,-1,-2,19,-2,0,-4,-2,7,0,-3,4,1,5,4,-1,6,4,0,2,0,-4,3,-3,-2,-6,1,1,-1,-1,-3,1,3,-3,4,3,2,0,0,2,2,-1,-1,-8,4,3,2,0,-1,-1,4,-1,-2,4,4,0,0,5,-8,-8,-8],"lows":[0,-1,-4,8,-6,1,10,-4,19,-18,25,4,-28,0,28,-8,7,6,0,0,-2,-1,-15,14,1,15,6,-10,10,-12,8,-1,0,-1,3,18,2,-8,-1,9,-26,25,1,-31,30,2,0,-10,0,5,0,-1,-13,10,6,-10,3,2,1,-1,-5,42,8,1,2,14,3,-8,0,0,-1,1,8,0,-6,0,3,3,-1,-9,-1,-6,-5,-6,-3,1,0,0,-6,0,-7,0,3,1,-2,3,-1,-4,10,3,0,0,-2,0,-3,-1,-1,-1,0,1,-1,1,-1,0,1,0,-1,-10,-8,0,-5,6,3,14,-4,-5,1,5,2,2,2,4,2,4,-4,7,5,2,0,0,-2,1,0,-5,-5,0,5,0,-8,2,-2,2,0,1,4,4,-3,1,3,1,0,-11,1,6,2,-3,6,-1,-7,6,-7,7,2,3,2,-1,3,-11,-10,0],"closes":[0,0,2,0,-6,12,12,-18,20,6,5,-1,1,-29,39,6,-5,-6,6,-7,-2,-1,2,-2,19,10,-2,-4,2,1,-7,-2,1,16,4,-1,1,-1,1,0,-1,0,2,-2,1,7,-5,-8,1,1,2,-2,5,-2,7,-5,-1,-1,3,-8,34,27,-15,2,15,2,-1,-4,-4,1,-2,8,3,-1,-5,0,7,-2,-2,-9,1,-7,-6,-5,3,-5,-1,1,-5,0,-9,3,1,0,0,5,-4,5,5,-2,1,-1,0,-2,-3,-1,1,0,1,0,-2,2,-2,2,-2,2,-3,-7,-10,1,-3,6,19,-6,1,-10,7,7,-1,-3,5,0,5,2,2,6,3,-2,2,-2,-1,1,0,-6,-4,3,2,-1,-5,0,1,-1,0,3,4,4,-5,2,2,5,-1,-15,6,4,1,3,-1,-1,0,3,-4,3,1,2,4,-4,4,-12,-11,4],"volumes":[2.7,3.6,18.0,3.6,10.8,13.8,25.2,2.7,3.6,5.4,7.2,1.8,6.3,0.9,3.6,34.2,45.0,43.2,39.6,21.6,5.4,3.6,17.1,19.8,35.9,21.6,9.0,39.6,30.6,37.8,61.2,28.8,21.6,55.8,345.6,34.65,3.6,32.4,34.2,3.6,9.52,10.8,7.2,5.1,9.0,27.0,16.2,61.2,10.8,1.8,19.8,28.8,41.4,80.4,41.4,138.6,90.0,57.6,32.4,14.4,219.15,75.6,38.7,48.6,51.15,33.45,14.4,61.2,36.3,30.0,58.8,57.3,22.5,34.8,60.9,47.55,36.3,22.8,11.1,32.7,32.1,45.0,21.0,15.9,40.5,42.6,23.4,18.6,33.0,51.9,72.45,31.8,7.2,9.9,29.7,20.4,63.75,94.05,58.8,16.2,20.4,7.8,52.5,7.8,6.3,1.8,13.8,77.1,71.1,67.5,132.6,43.8,89.4,12.9,69.0,29.1,69.3,149.7,88.5,93.9,60.9,84.0,78.9,55.5,44.4,66.3,35.4,33.3,39.6,18.6,33.3,3.0,5.4,11.1,55.8,44.1,30.0,18.6,27.6,17.1,21.9,29.1,7.5,11.7,20.1,17.7,8.7,1.8,28.5,11.7,38.7,41.7,15.6,9.0,18.0,12.3,28.2,16.8,21.3,16.8,21.6,23.1,26.1,13.8,15.0,48.3,18.9,27.3,30.9,60.0,76.2,54.3,42.6,33.6,46.2,23.1,62.7,101.4,67.5,30.6]}