{"timestamp":1720915200000,"multiplier":0.001,"open":8017.377,"high":8019.505,"low":8008.583,"close":8008.583,"shift":60000,"times":[1430,1,1,1,1,1,1,1,1,1],"opens":[0,-8858,5046,1332,1696,-904,2936,858,-926,3036],"highs":[0,-6004,2044,1990,0,1464,1538,-532,1000,2470],"lows":[0,-2958,7000,-968,1904,2128,2904,-2032,1000,4000],"closes":[0,4918,92,2064,920,1016,1000,764,1332,936],"volumes":[0.008172,0.00897,0.00445,0.00717,0.00792,0.00298,0.00229,0.00337,0.00254,0.00367]}