{"timestamp":1722124800000,"multiplier":1.0E-5,"open":1.08553,"high":1.0856,"low":1.08548,"close":1.0856,"shift":60000,"times":[1260,1,1,1,1,1,1,1,1,1,1,1,1,1,1,1,1,2,1,1,1,1,1,1,3,1,1,1,1,1,1,3,1,1,1,1,1,1,1,1,1,1,1,1,1,1,1,1,1,1,1,1,1,1,1,1,1,1,1,1,1,1,1,1,1,1,1,1,1,1,1,1,1,1,1,1,1,1,1,1,1,1,1,1,1,1,1,1,1,1,1,1,1,1,1,1,1,1,1,1,1,1,1,1,1,1,1,1,1,1,1,1,1,1,1,1,1,1,1,1,1,1,1,1,1,1,1,1,1,1,1,1,1,1,1,1,1,1,1,1,1,1,1,1,1,1,1,1,1,1,2,1,1,1,1,1,1,1,1,1,1,1,1,1,1,1,1,1,1,1,1,1,1,1],"opens":[0,7,12,-1,-1,-8,4,-3,1,5,-6,1,1,0,4,-2,0,0,3,-1,9,-3,0,1,3,2,0,0,2,0,0,0,-5,0,0,0,6,-3,1,-6,-7,-15,-1,-15,18,-4,5,10,1,-1,-16,-3,9,-8,0,1,29,1,0,10,-17,-3,10,1,0,1,3,-2,7,1,0,0,2,-3,7,-2,-1,1,2,0,-1,1,-3,0,-2,0,-6,-1,-3,0,-3,-4,-4,2,0,7,1,3,-2,0,-1,-6,-8,-1,2,0,-2,-5,-1,0,1,1,3,-6,-2,3,5,-9,0,-4,-1,1,-2,-3,-1,0,-3,-1,-1,-1,-3,3,-3,1,2,0,1,2,2,1,1,6,0,1,-5,-10,-2,0,-1,-3,0,0,0,4,0,5,0,2,-1,-1,6,0,-2,-4,-1,4,-1,-7,0,1,-2,-4,0,-4],"highs":[0,5,8,-2,-1,-2,-1,-4,1,5,-5,0,5,1,-1,-1,-1,0,5,7,4,-7,-1,1,10,-3,0,2,-2,0,0,0,-5,0,0,6,0,-2,1,-7,6,-17,-4,0,0,0,8,1,0,1,-11,1,-2,-10,0,33,3,1,5,-1,-15,5,1,0,0,5,0,0,11,-5,5,-3,0,1,3,-3,1,1,0,0,2,-1,-3,-1,0,-2,-5,-2,-1,-1,-1,-7,-1,0,5,4,2,-1,-1,-1,0,-7,-7,-1,2,-1,-1,-5,0,0,1,4,-2,-4,-1,7,-2,-8,-1,-4,4,-4,0,-5,1,-2,-3,-1,1,-2,-3,3,-3,3,0,0,3,-1,9,-5,6,2,-1,0,-5,-10,-1,0,-2,-3,0,0,5,0,4,0,2,0,-1,5,0,2,-3,-3,3,-2,-1,-5,1,-2,-2,-4,0,-4],"lows":[0,12,12,-1,-11,0,5,-2,1,3,-4,1,1,0,2,0,0,0,2,0,9,-3,0,1,0,5,0,-1,3,0,0,-5,0,0,0,0,3,0,1,-16,-39,15,-1,-3,2,-1,2,9,2,-5,-1,2,1,0,0,-2,32,0,1,-8,-2,-2,12,0,0,1,-1,1,9,-3,3,-1,2,-2,6,-3,1,1,2,-1,-1,0,0,-2,-1,-6,0,-3,0,-1,-6,-4,0,1,0,8,1,0,0,-3,-6,-7,2,-1,-1,1,-3,-5,1,1,1,1,-2,-5,1,3,-3,-3,-3,0,1,0,-3,-4,1,-3,0,-2,1,-4,-2,0,1,1,3,0,1,2,2,1,0,7,0,-1,-15,0,-4,3,-4,0,0,0,1,4,0,3,2,1,-4,2,6,0,-6,0,-1,2,-3,-2,0,-1,-5,1,-4,-1],"closes":[0,5,8,-2,-4,-2,2,-4,1,3,-3,0,2,4,-2,0,-1,0,4,8,3,-6,-1,1,6,0,0,2,-1,0,0,-5,0,0,0,6,-3,1,0,-15,-14,2,2,2,-1,1,5,2,0,-9,-6,4,-5,-1,0,31,1,-2,8,-15,-2,10,1,0,0,5,-4,4,6,-1,1,2,-3,4,1,-2,0,3,-1,1,0,-2,0,-3,0,-6,0,-3,-1,0,-6,-4,0,0,7,3,0,0,1,-3,-6,-8,2,-1,0,-1,-3,-3,1,1,-1,6,-7,-4,3,5,-7,-2,-4,-1,2,-1,-3,-3,0,-3,0,-1,1,-5,1,-2,1,4,0,0,1,1,4,0,5,1,1,-2,-11,-3,0,-1,-5,0,0,0,5,1,3,0,3,-1,-2,7,0,-1,-6,1,3,-2,-4,-2,1,-2,-4,0,-4,-1],"volumes":[8.4,5.14,3.12,2.96,3.12,10.64,5.4,2.7,0.75,1.8,1.65,0.74,4.5,2.7,2.7,7.2,1.8,1.8,7.2,16.2,5.4,2.7,1.8,0.9,12.6,3.6,2.7,10.8,1.8,0.9,2.7,15.3,33.3,19.8,18.0,11.7,15.3,1.8,10.8,35.1,96.3,108.0,60.3,38.7,31.5,34.2,48.6,45.9,66.6,77.4,21.6,16.2,41.4,1.8,2.7,141.3,54.0,59.4,61.2,85.5,73.8,51.3,12.6,28.8,9.9,49.05,48.15,85.95,88.2,76.95,90.9,102.15,44.55,66.6,56.7,44.1,31.5,61.65,23.4,96.3,127.35,44.1,10.8,13.95,57.15,236.25,57.6,34.65,59.4,66.6,94.95,140.85,127.35,28.8,56.25,48.15,60.75,51.75,75.06,43.77,82.17,113.52,1.8,34.29,28.89,65.7,47.79,40.68,100.71,68.85,35.55,18.9,29.7,82.8,80.1,130.05,87.6,75.66,41.55,44.82,82.56,34.68,64.44,67.83,104.43,58.86,6.3,13.5,41.04,98.61,40.5,173.28,22.05,134.04,81.9,15.3,18.0,0.9,42.75,36.45,87.93,21.87,12.78,19.53,153.51,40.5,45.9,47.7,14.88,9.9,27.9,69.3,33.93,54.0,31.5,98.01,24.66,36.99,182.01,82.2,47.61,19.47,167.97,58.68,92.19,31.68,46.08,53.46,78.93,22.14,93.54,38.25,90.21,48.42]}