{"timestamp":1721520000000,"multiplier":1.0E-5,"open":1.29073,"high":1.29078,"low":1.29073,"close":1.29078,"shift":60000,"times":[1264,1,1,1,1,1,1,1,1,1,1,1,1,1,1,1,1,1,1,1,1,1,1,1,1,1,1,1,1,1,1,1,1,1,1,1,1,1,1,1,1,1,1,1,1,1,1,1,1,1,1,1,1,1,1,1,1,1,1,1,1,1,1,1,1,1,1,1,1,1,1,1,1,1,1,1,1,1,1,1,1,1,1,1,1,1,1,1,1,1,1,1,1,1,1,1,1,1,1,1,1,1,1,1,1,1,1,1,1,1,1,1,1,1,1,1,1,1,1,1,1,1,1,1,1,1,1,1,1,1,1,1,1,1,1,1,1,1,1,1,1,1,1,1,1,1,1,1,1,1,1,1,1,1,1,1,1,1,1,1,1,1,1,1,1,1,1,1,1,1,1,1,1,1,1,1],"opens":[0,35,16,40,-24,-1,-40,45,-7,0,-13,3,-10,12,-12,-7,4,-3,2,-8,3,0,-4,4,5,8,1,11,10,-6,4,4,-1,9,-33,-2,3,0,-2,-8,25,-3,2,-22,10,29,0,-9,-32,9,5,11,-26,39,-3,-29,41,21,-8,-1,10,-6,16,3,-4,2,2,0,-3,2,-1,8,13,2,8,1,9,0,5,3,3,12,-1,-1,1,1,10,8,-2,0,2,-1,6,-2,6,3,24,1,3,-6,5,2,2,1,6,2,7,-4,4,-1,2,0,3,-4,0,5,-3,3,2,-6,-6,6,-1,-4,6,-3,2,10,0,0,-1,-1,2,-2,2,-1,1,0,1,2,0,-1,13,6,8,5,-2,0,7,1,4,-4,-7,-1,-5,-3,-3,-15,12,10,-2,-8,-17,0,-1,0,-8,0,9,-1,0,1,-1,-2,-20,0],"highs":[0,46,44,12,-40,-1,-40,45,0,-7,-8,-2,2,0,-10,-2,-3,1,-2,-4,1,-1,-1,8,4,11,4,3,6,-1,12,-7,25,-9,-44,4,0,-3,-2,20,5,0,15,-25,29,8,-8,-19,-19,13,1,-1,25,16,-27,5,64,-42,-6,8,1,12,-2,1,-2,3,2,-3,-1,1,8,10,3,7,4,8,0,4,6,0,11,1,1,0,0,9,9,0,-2,2,2,2,2,3,0,24,5,1,0,-2,9,-4,5,5,0,5,1,-1,1,2,0,2,0,6,-7,2,4,2,0,-2,-1,-4,-1,0,0,0,9,0,0,-1,0,1,-1,1,0,0,1,0,1,0,0,12,9,5,4,4,-4,6,1,10,-6,-4,-5,-3,-5,-3,-3,-3,13,-2,-3,-8,-16,-1,-1,0,-8,7,6,-4,2,-1,-2,2,-20,3],"lows":[0,35,16,-4,18,-15,-24,45,-10,-10,0,3,-10,1,-15,5,0,2,-6,1,2,0,-3,4,5,3,4,8,7,2,3,-1,0,-23,-4,6,3,-4,-6,0,20,-2,-16,0,0,21,-10,-14,1,-3,4,-22,17,21,-23,7,27,24,0,7,3,0,16,0,0,0,2,-2,1,0,-1,10,10,3,10,-8,16,-1,2,9,2,13,-2,0,1,1,10,7,-3,2,2,-1,3,0,7,1,23,3,-6,3,5,0,3,3,1,7,1,2,0,3,-1,1,3,-2,-1,0,1,2,-3,-7,3,-1,2,-3,4,0,3,4,7,-2,0,-1,1,0,2,-1,1,0,0,1,0,1,11,7,8,3,-1,2,7,1,4,-13,1,-7,-3,1,-21,2,14,8,-8,-20,2,-1,-9,1,-2,2,7,-2,4,1,-7,-21,1,4],"closes":[0,46,35,-21,0,-15,-24,45,-1,-16,2,-2,0,-9,-4,-3,2,1,-8,-1,3,1,-3,5,9,2,10,6,-3,6,3,-3,11,-32,-1,4,0,-4,-8,28,-8,9,-27,3,34,5,-12,-29,8,3,7,-21,36,-2,-30,36,26,-4,-3,10,-7,16,2,-2,2,1,-1,1,-2,2,8,10,4,7,3,7,2,4,3,3,10,2,-1,0,1,8,11,0,-4,3,2,2,2,3,0,25,2,4,-6,3,6,0,3,6,0,6,-3,3,-3,5,-2,5,0,1,-3,-2,7,0,-6,-8,8,-1,-4,3,-1,4,10,-2,2,-3,1,2,-2,2,0,0,0,0,0,1,0,11,7,8,4,-1,1,6,2,5,-1,-11,0,-4,-6,0,-20,14,12,0,-9,-20,0,0,-2,-7,-1,9,0,1,2,0,-5,-20,0,4],"volumes":[2.17,4.5,5.4,15.42,12.6,8.55,0.37,0.9,5.4,12.6,9.0,0.9,2.7,8.1,12.88,87.3,249.3,76.5,5.38,6.51,14.4,4.5,9.55,9.0,11.7,18.9,15.3,18.0,36.9,37.8,47.7,45.9,50.4,71.28,35.1,29.7,18.9,16.2,24.54,43.21,19.8,31.5,60.32,48.46,192.53,369.68,454.05,45.6,25.2,127.8,189.0,108.0,38.25,284.97,170.1,300.6,145.03,40.95,25.2,27.9,23.4,27.45,27.0,22.5,16.2,16.2,17.55,16.2,11.7,17.1,19.35,20.7,43.65,27.9,7.2,18.9,13.5,27.54,32.85,20.25,39.6,2.7,18.0,18.9,6.3,12.6,15.3,9.9,8.1,7.2,9.9,11.7,22.95,15.3,3.6,9.45,28.35,4.5,11.7,10.8,8.55,7.2,8.1,11.7,24.75,7.2,19.8,8.1,4.5,7.2,9.0,9.9,5.4,9.0,43.2,45.9,78.75,76.95,64.35,77.4,71.55,76.05,67.5,96.3,79.65,74.25,41.4,25.65,4.5,27.9,37.35,30.15,9.0,21.6,9.0,17.1,15.3,24.3,12.6,10.8,18.0,76.05,72.0,40.5,36.9,17.1,10.8,5.4,2.7,23.4,0.9,22.05,15.3,9.0,14.4,3.6,30.15,15.3,20.7,5.4,35.1,43.2,2.7,6.3,27.45,9.0,22.5,18.9,15.75,14.4,10.8,1.8,18.0,34.32,13.74,11.37]}