{"timestamp":1720915200000,"multiplier":0.001,"open":8235.598,"high":8236.704,"low":8235.001,"close":8236.704,"shift":60000,"times":[1323,1,1,1,1,1,1,1,1,1,1,1,1,1,1,1,1,1,1,1,1,1,1,1,1,1,1,1,1,1,1,1,1,1,1,1,1,1,1,1,1,1,1,1,1,1,1,1,1,1,1,1,1,1,1,1,1,1,1,1,1,1,1,1,1,1,1,1,1,1,1,1,1,1,1,1,1,1,1,1,1,1,1,1,1,1,1,1,1,1,1,1,1,1,1,1,1,1,1,1,1,1,1,1,1,1,1,1,1,1,1,1,1,1,1,1],"opens":[0,401,717,-2927,3188,-4003,1100,-1088,221,906,2191,1079,-2900,-1982,-191,-397,1491,-718,3221,2403,-1612,1603,400,676,421,1109,-809,-688,470,-394,394,6,-376,394,-21,-1106,-379,409,-800,-1403,291,-685,197,-191,1467,-84,-292,409,-400,-742,303,215,185,439,-409,188,509,-321,-800,597,918,-715,97,-503,-361,-1836,597,-897,-176,909,-18,-379,185,879,-400,-285,285,433,664,6,194,709,2213,-2683,370,-409,822,-619,-579,-21,-285,709,209,867,-376,-315,-15,0,321,-209,1503,191,-481,84,-676,-15,-309,-691,-593,596,909,703,-33,621,-21,230],"highs":[0,709,391,282,-187,-3000,-389,-733,724,1388,2197,-703,-1967,-2203,-206,-318,1427,2376,1907,-89,-415,1509,400,6,1376,30,-417,417,-609,6,-397,382,-599,611,-727,-1067,-6,-3,-800,-691,-42,-661,3,679,388,724,-700,306,-697,-6,-415,809,-427,736,-312,-3,697,-400,-679,682,609,-191,-18,-1091,-308,-1516,324,-700,403,3,-18,104,178,522,-519,119,800,217,83,-116,1112,2006,-2,-2683,1097,-614,300,-416,-367,-436,830,-15,404,699,-794,95,-383,-27,306,1497,3,-15,27,-18,-591,-282,-515,-709,12,688,797,291,736,388,-391,-109],"lows":[0,173,-1985,600,-406,-1476,1073,-464,170,1124,2494,-1794,-2903,-33,-376,-221,1130,-515,4224,661,221,1579,3,718,788,-409,397,-364,-327,403,388,9,-770,382,-1097,-15,3,-409,-2182,809,-191,-203,-3,9,682,403,-397,376,-664,-42,33,485,185,400,-370,188,197,-806,-3,597,-176,379,-391,-709,-1476,-27,-706,-275,505,491,400,-394,-24,706,-3,-288,288,412,397,24,261,806,-394,-703,1100,-800,409,6,-397,-21,-682,1103,212,864,-373,-712,3,21,370,27,1367,-276,6,-21,-382,-1021,388,-785,-190,596,909,188,403,679,0,27],"closes":[0,94,-3394,3297,-3291,1189,-1210,18,1094,1388,1088,-2200,-2073,-9,-603,597,288,2839,2258,-1175,996,1091,797,-388,1791,-1370,-42,400,-270,309,-203,567,-1088,685,-1076,-282,-412,-30,-2179,1121,-903,194,6,682,-9,430,-430,430,-717,311,-415,809,-427,409,6,6,300,-688,6,682,-185,-118,-18,-1094,-1097,-3,-1067,-33,721,-9,400,3,279,400,-397,-288,1207,93,-194,279,1118,1604,-1901,-406,421,86,-83,-412,12,-436,830,-409,685,409,-391,-706,200,191,-3,1430,-6,-306,703,-718,-9,-988,107,-910,18,1085,788,0,1036,83,-395,-3],"volumes":[2.4E-4,0.00158,0.00132,9.0E-4,0.001,9.8E-4,6.0E-4,5.2E-4,6.8E-4,5.2E-4,5.4E-4,4.6E-4,9.8E-4,8.0E-4,5.2E-4,3.8E-4,5.8E-4,0.001,7.0E-4,5.2E-4,2.6E-4,4.8E-4,5.2E-4,4.4E-4,2.0E-4,6.2E-4,3.2E-4,4.8E-4,4.0E-4,5.2E-4,4.0E-4,1.4E-4,3.4E-4,1.8E-4,1.8E-4,1.0E-4,1.6E-4,2.6E-4,3.0E-4,1.6E-4,1.4E-4,1.4E-4,1.4E-4,1.0E-4,2.0E-4,2.2E-4,2.0E-4,1.0E-4,8.0E-5,1.0E-4,6.0E-5,6.0E-5,2.0E-5,2.0E-4,1.6E-4,4.0E-5,1.0E-4,2.4E-4,4.0E-5,6.0E-5,2.4E-4,1.8E-4,3.2E-4,1.6E-4,2.6E-4,6.0E-5,5.2E-4,1.2E-4,2.8E-4,4.0E-5,2.0E-5,2.2E-4,1.0E-4,1.8E-4,2.0E-5,6.0E-5,6.0E-5,3.2E-4,1.6E-4,6.0E-5,2.0E-4,4.6E-4,6.4E-4,1.4E-4,2.2E-4,1.4E-4,1.4E-4,8.0E-5,4.0E-5,2.0E-5,1.4E-4,1.2E-4,1.4E-4,1.6E-4,2.0E-5,2.6E-4,2.0E-4,6.0E-5,1.0E-4,1.8E-4,3.0E-4,1.4E-4,2.2E-4,2.4E-4,8.0E-5,1.4E-4,1.6E-4,4.0E-5,8.0E-5,8.0E-5,1.6E-4,1.8E-4,2.2E-4,3.4E-4,1.0E-4,4.0E-5]}