{"timestamp":1292112000000,"multiplier":1.0E-5,"open":0.98342,"high":0.98383,"low":0.98342,"close":0.98383,"shift":60000,"times":[1320,1,1,1,1,1,1,1,1,1,1,1,1,1,1,1,1,1,1,1,1,1,1,1,1,1,1,1,1,1,1,1,1,1,1,1,1,1,1,1,1,1,1,1,1,1,1,1,1,1,1,1,1,1,1,1,1,1,1,1,1,1,1,1,1,1,1,1,1,1,1,1,1,1,1,1,1,1,1,1,1,1,1,1,1,1,1,1,1,1,1,1,1,1,1,1,1,1,1,1,1,1,1,1,1,1,1,1,1,1,1,1,1,1,1,1,1,1,1,1],"opens":[0,51,-7,-29,-4,6,-3,-4,0,7,-14,6,2,1,3,7,2,2,-2,0,0,6,0,12,8,1,-11,-3,7,-1,-14,-3,-19,-5,11,0,-5,-1,-6,4,2,8,6,-13,1,3,-9,-5,0,0,-2,8,9,-7,-15,13,5,15,-13,2,3,7,-6,-24,-1,-8,12,-2,-1,6,0,-1,2,-3,-1,30,1,1,-1,20,-8,27,1,-7,10,-20,8,-8,-1,17,1,0,0,0,6,-4,2,-1,-4,-17,-1,-1,0,-2,-4,4,-3,-5,3,2,4,6,-5,-1,9,-8,-2,-3,-2,3],"highs":[0,10,-7,-29,-4,6,-3,-4,0,7,-14,10,10,-8,7,2,2,0,0,0,5,-1,14,16,-8,-1,3,-6,-2,-3,-14,-3,-19,6,2,-2,-4,0,-4,2,9,-1,6,-10,2,3,-11,-7,4,6,7,-2,0,-7,7,-6,24,8,-26,1,12,-1,-8,-19,4,0,-6,-2,6,-1,1,0,0,-2,34,0,1,-2,13,3,16,6,-2,3,1,-12,1,-10,12,10,-5,2,-1,9,-4,-4,2,-1,-4,-17,-1,-1,0,-1,2,-3,-2,-1,4,1,8,4,-10,6,0,-8,-2,-1,6,3],"lows":[0,-1,30,-18,-6,4,0,1,0,-6,-1,6,2,1,2,8,2,0,0,0,0,6,0,12,8,-13,1,-1,7,-15,-12,-11,-13,7,4,-2,6,-17,10,3,3,8,-8,1,1,-1,-13,3,0,-9,7,8,2,-32,17,13,5,3,-1,1,3,-1,-19,-7,-5,1,9,-5,5,5,-1,1,-2,0,0,30,1,-8,8,12,0,27,-17,10,-9,0,-5,5,-1,17,1,-2,2,0,3,-1,2,-7,-24,3,-5,5,0,-1,-5,-2,3,-1,1,0,8,1,-3,0,2,-1,-1,-7,-2,8],"closes":[0,-7,1,-24,-3,5,-1,-2,0,-1,-6,8,1,3,6,3,2,0,0,0,4,0,13,8,1,-12,-2,6,2,-17,-4,-18,-10,15,1,-5,1,-7,0,5,8,0,-6,2,2,-5,-8,-2,1,-7,12,9,-7,-15,14,2,16,-11,0,1,11,-10,-19,0,-9,13,-4,-3,8,-2,-1,2,-2,-1,30,0,7,-7,16,-3,24,4,-10,12,-19,6,-8,2,12,5,0,1,-1,6,-3,-1,2,-7,-17,1,-4,3,-1,-4,6,-7,-3,1,5,3,6,-6,0,7,-7,-2,-1,-7,6,5],"volumes":[9.0,14.6,37.919315,6.0,13.0,10.2,11.7,5.3,4.2,37.742335,1.1,7.9,42.5,75.7,39.7,10.6,7.0,9.9,5.1,3.0,19.4,2.1,26.4,43.4,13.4,29.0,28.9,28.2,5.1,9.5,42.6,58.5,34.2,26.7,28.9,27.4,4.2,20.0,21.8,36.2,24.7,3.8,12.590038,8.7,5.3,30.4,25.5,2.3,18.5,74.6,55.9,21.4,30.3,68.4,43.5,12.6,55.4,57.7,13.0,12.2,59.8,16.8,39.7,55.1,34.8,36.0,13.1,22.8,27.3,3.0,13.5,7.5,17.5,12.0,36.8,7.7,4.6,28.0,19.9,10.7,27.9,12.1,61.0,48.1,31.672664,28.1,52.0,2.3,24.9,12.3,4.6,12.9,9.8,58.3,6.8,5.0,8.4,10.6,120.7,11.7,30.2,13.1,23.1,17.0,19.3,57.0,12.9,28.9,14.0,21.2,27.5,48.9,27.8,38.2,37.3,7.9,7.0,38.8,67.8,36.7]}