{"timestamp":1293321600000,"multiplier":1.0E-5,"open":1.00775,"high":1.00783,"low":1.00745,"close":1.00761,"shift":60000,"times":[1320,1,1,1,1,1,1,1,1,1,1,1,1,1,1,1,1,1,1,1,1,1,1,1,1,1,1,1,1,1,1,1,1,1,1,1,1,1,1,1,1,1,1,1,1,1,1,1,1,1,1,1,1,1,1,1,1,1,1,1,1,1,1,1,1,1,1,1,1,1,1,1,1,1,1,1,1,1,1,1,1,1,1,1,1,1,1,1,1,1,1,1,1,1,1,1,1,1,1,1,1,1,1,1,1,1,1,1,1,1,1,1,1,1,1,1,1,1,1,1],"opens":[0,-47,-10,0,0,4,80,-84,-9,13,43,7,-23,1,51,-3,4,6,-3,3,-35,-2,-1,3,-6,0,-39,38,-45,5,40,1,10,12,0,-6,-10,1,-3,-1,1,-5,-2,4,0,-5,6,-1,6,-29,28,-30,31,0,0,-1,1,0,-1,1,5,95,19,-5,9,-1,10,8,10,-1,2,4,5,1,3,7,3,10,-11,1,-4,2,-8,1,-1,0,0,0,-19,5,3,16,13,-14,13,-1,0,7,10,-6,-5,8,6,3,-4,-4,14,9,2,3,1,1,22,25,13,-6,-5,-5,2,-1],"highs":[0,-55,-9,0,1,26,56,-82,-4,24,25,7,-21,34,16,1,6,0,-2,2,-35,-2,8,-6,-5,-1,-35,34,-41,16,26,0,22,0,0,-6,-8,0,-4,0,0,-5,0,2,17,-5,-11,-1,6,-29,29,-30,30,0,0,-1,1,0,-1,1,82,36,1,6,0,11,4,10,9,16,-1,4,-7,-4,4,14,4,1,-17,12,-15,20,-26,1,0,0,0,0,-15,10,10,14,7,-17,11,-5,9,9,-1,-6,3,6,4,3,-6,8,18,-4,1,-1,10,20,22,14,-4,-3,-8,-3,0,-1],"lows":[0,-25,-3,1,0,4,80,-84,-9,13,1,4,20,-21,59,13,4,1,2,-40,6,0,-1,-1,-3,-1,-45,46,-48,8,40,1,10,9,1,-14,0,-2,-4,3,-7,3,-2,4,-9,-1,10,0,6,-47,46,-44,45,-1,0,0,1,0,-1,1,5,95,13,0,7,1,8,11,-2,-4,17,4,5,0,4,2,3,4,0,-4,1,-13,2,5,0,-4,4,-18,-1,-4,12,12,4,-1,6,6,0,7,0,-6,4,9,3,-1,0,-1,14,9,1,0,-1,7,22,25,6,-4,-5,0,0,-1],"closes":[0,-41,-1,-1,1,27,56,-83,-3,9,-2,48,-23,-1,38,17,5,-4,3,-33,-2,0,2,-4,-3,-1,-39,40,-45,7,39,0,22,-1,-1,-12,0,-4,-2,1,-4,0,0,2,17,-21,4,0,6,-29,29,-30,30,0,-1,0,1,0,-1,1,82,36,-4,11,0,7,8,6,4,25,-1,-15,2,6,3,15,-16,4,0,-4,1,-6,-4,4,0,0,0,-15,1,-5,24,15,-15,5,6,0,7,10,-6,-5,8,6,1,-2,-1,11,9,2,0,2,6,20,27,10,-7,-4,-4,-1,1,-1],"volumes":[42.75,77.625,16.875,39.75,49.5,95.1,3.0,57.721088,64.358588,42.229294,17.108588,37.2375,22.6125,42.116794,4.73,6.7,5.36,18.76,4.02,14.74,4.02,2.68,17.42,8.04,5.36,5.36,42.75,1.34,53.25,35.25,2.68,1.34,17.42,10.72,5.36,9.38,4.02,4.02,8.04,6.7,8.04,2.68,4.02,2.68,18.76,22.78,6.7,4.02,8.04,85.875,2.68,10.875,1.34,5.36,2.68,1.34,2.68,2.68,4.02,4.02,23.42,22.55,5.36,17.42,9.38,36.21,20.17,13.36,38.86,47.02,30.59,78.55,31.29,17.54,58.08,29.44,16.4,13.88,1.56,5.37,2.31,15.55,25.31,16.37,19.13,18.23,4.5,25.52,19.87,20.03,39.55,48.68,41.34,8.11,26.74,7.0,23.91,14.96,27.55,35.52,8.87,12.28,33.63,50.9,36.76,32.44,69.29,38.37,11.1,14.72,50.13,49.78,44.43,22.02,9.96,34.51,9.43,7.18,8.2,10.61]}