{"timestamp":1291507200000,"multiplier":0.001,"open":1411.175,"high":1412.149,"low":1411.175,"close":1412.149,"shift":60000,"times":[1380,1,1,1,1,1,1,1,1,1,1,1,1,1,1,1,1,1,1,1,1,1,1,1,1,1,1,1,1,1,1,1,1,1,1,1,1,1,1,1,1,1,1,1,1,1,1,1,1,1,1,1,1,1,1,1,1,1,1,1],"opens":[0,1045,2080,-149,178,-611,-948,-1157,-31,-45,111,-170,-197,-147,218,-22,-68,-811,122,-459,-304,184,89,137,-52,-80,-142,212,85,1,94,56,-169,200,-273,130,-217,148,307,324,192,-94,-397,127,729,87,133,-56,-322,-539,-70,-63,186,-104,-77,-158,475,298,-161,-199],"highs":[0,2103,48,46,-17,-611,-948,-1157,-3,138,53,-251,45,-258,160,117,-352,-79,-505,-564,-131,117,114,138,-184,9,-49,140,-25,246,97,-192,115,-84,-143,6,-37,283,219,548,-265,-94,-337,864,15,164,-27,-56,-322,-280,-311,185,-80,-104,-77,271,536,-192,-161,-199],"lows":[0,1045,1929,2,-362,-1200,-933,-338,136,-114,198,-480,-414,309,254,100,-716,-450,7,-613,275,-163,246,327,-364,109,-297,419,-221,378,-46,-134,-29,131,-76,-112,-44,279,307,324,-183,-165,49,127,729,87,14,-196,-639,-72,1,-25,92,-109,-75,-84,498,148,-181,-771],"closes":[0,2103,-103,197,-557,-933,-1200,-86,40,97,-169,-129,-289,217,-53,23,-716,-41,-258,-513,204,117,36,134,-177,-128,163,140,-120,135,173,-123,176,-292,48,-194,111,306,265,311,-171,-171,-117,796,83,164,-83,-259,-639,-72,1,151,-81,-101,-86,368,382,-184,-81,-757],"volumes":[0.00633,0.012248,0.011667,0.00257,0.00319,0.01029,0.007399,0.006027,0.00308,0.00383,0.00545,0.010971,0.01029,0.00347,0.01043,0.006931,0.00448,0.012636,0.00579,0.005063,0.0027,0.005347,0.00585,0.001692,0.005516,0.00955,0.01002,0.00599,0.004171,0.00847,0.009744,0.01622,0.00723,0.00874,0.009077,0.004,0.00893,0.00648,0.00872,0.00498,0.00772,0.00407,5.2E-4,0.01087,0.00335,7.5E-4,0.00565,0.00195,0.00757,0.00618,0.00166,0.00568,0.0023,0.00314,0.00153,0.007078,0.00755,0.006319,0.00225,0.00661]}