{"timestamp":1109462400000,"multiplier":1.0E-5,"open":1.16137,"high":1.16156,"low":1.16137,"close":1.16141,"shift":60000,"times":[1320,1,1,1,1,1,1,1,1,1,1,1,1,1,1,1,1,1,1,1,1,1,1,1,1,1,1,1,1,1,1,1,1,1,1,1,1,1,1,1,1,1,1,1,1,1,1,1,1,1,1,1,1,1,1,1,1,1,1,1,1,1,1,1,1,1,1,1,1,1,1,1,1,1,1,1,1,1,1,1,1,1,1,1,1,1,1,1,1,1,1,1,1,1,1,1,1,1,1,1,1,1,1,1,1,1,1,1,1,1,1,1,1,1,1,1,1,1,1,1],"opens":[0,2,2,17,3,11,-8,-5,-11,9,3,13,-17,5,5,-1,-3,23,4,4,-5,15,-8,-2,21,9,25,5,-7,13,8,-13,-11,-15,17,8,2,-21,18,-16,11,-13,16,-17,25,10,0,-14,3,-2,-12,-1,13,0,-8,4,-11,-9,5,-11,14,-5,-11,6,-4,-5,12,-17,15,-5,-18,9,7,9,0,18,2,13,-25,12,0,-7,4,-8,-6,21,-14,28,-23,1,2,-2,2,-4,14,-8,15,20,-23,18,-7,7,-14,-12,35,-6,-7,4,-14,6,-5,-20,-67,45,-7,5,-26,-12,-47,2],"highs":[0,1,-2,14,-8,11,-8,-5,-5,21,4,-2,-16,9,2,4,-1,22,4,7,-11,6,1,-3,27,13,29,-5,5,-1,1,-5,-18,-9,24,5,18,-26,11,-26,37,-8,-14,-13,16,17,-11,-10,-1,-2,-10,6,5,-1,-3,0,-8,-1,4,-3,-5,-1,-15,15,-5,11,-11,3,-6,30,-44,20,-7,8,-5,25,5,8,-28,10,0,-4,7,-4,-3,8,-4,18,-23,7,11,-17,12,-4,4,6,21,0,17,-5,-18,8,11,-26,24,-13,4,-7,6,-1,-18,-20,-35,13,-1,-1,-26,-11,-45,8],"lows":[0,1,3,16,-9,3,-16,1,4,17,-6,7,-2,1,-1,1,3,19,4,8,-10,11,1,-5,26,7,17,2,6,5,-8,-4,-1,-14,5,10,1,-6,6,-4,9,-11,-8,2,19,11,-8,-3,0,-1,-3,-5,10,2,-7,-1,-10,-3,2,-12,-9,-5,-2,6,3,8,-12,4,-7,17,-23,12,6,-8,1,35,-18,21,-36,24,15,-7,-3,0,-6,12,-6,-35,19,12,5,0,-4,8,5,1,15,0,-8,6,-1,-4,5,-17,14,8,0,-11,9,-6,-24,-40,-16,24,7,-19,-32,-7,-36,1],"closes":[0,16,-12,20,-5,-2,-23,14,1,15,8,-13,-2,12,2,-3,6,15,0,3,-7,7,11,-12,36,8,32,-3,0,-14,-2,-10,1,-2,23,-3,-18,-2,2,0,5,-4,-15,13,9,20,-18,-3,0,1,-3,-7,15,2,-8,-5,-10,11,-12,8,-29,4,2,-5,22,5,-25,23,-31,55,-61,37,-9,-18,7,29,-8,11,-36,33,6,-3,-7,1,5,4,1,-46,22,12,9,-7,7,1,1,9,13,-6,-8,10,-1,-8,31,-17,2,5,-11,-11,29,-1,-41,-48,8,2,13,-27,-26,-13,-36,9],"volumes":[101.0,139.9,202.4,69.9,91.6,258.9,252.1,85.7,155.0,189.8,354.7,269.3,206.5,150.0,281.0,207.5,117.6,199.4,120.1,316.8,184.1,48.9,163.6,163.0,238.7,85.0,242.5,69.5,125.9,133.0,198.9,179.5,158.4,160.4,67.9,79.2,73.8,141.4,224.9,71.2,117.0,135.9,137.6,121.9,82.7,102.6,106.0,62.2,188.8,144.5,27.2,100.8,172.0,161.0,75.3,146.8,199.8,91.7,148.9,129.1,214.7,187.7,165.6,181.8,187.0,183.6,115.9,148.4,236.6,44.1,83.7,89.8,93.3,177.5,174.3,59.8,204.9,141.2,92.8,169.5,23.3,52.1,202.8,196.7,142.5,98.4,146.8,188.2,71.1,194.9,119.8,84.4,123.4,118.4,187.1,99.4,265.0,95.6,183.9,209.4,75.3,80.8,143.6,269.9,208.6,147.2,60.1,263.5,105.2,83.7,121.3,106.3,132.2,202.8,173.0,170.6,146.1,124.4,102.6,176.8]}