{"timestamp":1754784000000,"multiplier":1.0E-5,"open":0.89615,"high":0.89629,"low":0.89615,"close":0.89629,"shift":60000,"times":[1262,1,1,1,1,1,1,1,1,2,2,1,1,2,1,1,1,1,1,1,1,1,1,1,1,1,1,1,1,1,1,1,1,1,1,1,1,1,1,1,1,1,1,1,1,1,1,1,1,1,1,1,1,1,1,1,1,1,1,1,1,1,1,1,1,1,1,1,1,1,1,1,1,1,1,1,1,1,1,1,1,1,1,1,1,1,1,1,1,1,1,1,1,1,1,1,1,1,1,1,1,1,1,1,1,1,1,1,1,1,1,1,1,1,1,1,1,1,1,1,1,1,1,1,1,1,1,1,1,1,1,1,1,1,1,1,1,1,1,1,1,1,1,1,1,1,1,1,1,1,1,1,1,1,1,1,1,1,1,1,1,1,1,1,1,1,1,1,1,1,1,1,1,1,1],"opens":[0,14,-1,-1,2,-1,36,-2,0,-5,5,-7,-50,-11,0,-1,3,2,-1,1,0,-1,0,18,1,0,-1,0,0,-18,14,0,-1,2,-4,3,8,6,0,2,-3,-2,-2,1,2,0,0,-4,0,2,-3,0,-3,-3,0,-6,79,-8,7,-2,-8,7,4,-2,-1,-1,0,5,3,-3,7,-3,6,1,0,1,-5,1,3,-1,-1,-1,0,0,3,-10,-9,-2,0,-2,-13,0,2,1,-2,1,-4,1,2,9,-1,8,-2,-1,4,-4,2,-2,-1,-3,2,1,-3,-2,0,5,-4,-1,1,-2,-6,-4,2,-6,-6,4,-2,-2,-1,1,-6,-10,-1,-2,3,-2,-12,3,-4,-2,0,-1,0,-3,-2,-1,3,-2,3,-2,1,2,4,4,0,3,1,-6,1,1,0,3,-7,-6,7,2,-7,-1,2,7,5,0,-1,-4,0],"highs":[0,0,-1,0,1,26,9,-2,0,1,-1,-6,-51,-10,0,3,0,0,-1,1,0,0,18,0,0,1,-2,0,2,-5,0,-1,1,0,-2,9,4,2,0,2,-2,0,0,-1,-1,0,0,-2,0,0,-2,-1,-3,-3,27,51,-5,3,-3,-1,-1,1,6,5,-9,-4,10,-5,3,2,2,3,0,1,2,-2,0,0,0,-1,-2,0,1,1,2,-12,-8,-1,-2,-2,-12,2,0,1,-2,1,-2,-1,13,-3,5,2,-2,1,2,1,-3,-2,-1,-1,1,0,-3,-1,3,1,-3,7,-6,-3,-5,-1,-1,-3,-6,0,-2,-3,0,2,-8,-10,-1,3,-1,-3,-8,0,-5,-2,3,1,-2,-5,-1,1,2,-3,1,-1,5,2,8,-4,3,-1,1,-1,-2,9,-4,-3,-7,1,2,0,-6,1,8,3,2,1,5,-9,-4],"lows":[0,13,0,-1,2,-1,35,-1,0,-10,4,-1,-62,1,-1,0,3,1,0,1,0,-1,0,18,0,0,0,0,-9,-9,14,-1,0,1,-3,3,7,2,2,3,-2,-3,0,1,2,0,-3,-1,-4,6,-9,6,-5,-2,0,-6,61,8,2,2,-4,2,7,-7,0,1,2,5,1,1,1,2,3,5,0,-5,0,2,3,-4,1,-3,1,2,-9,-7,-8,3,1,-13,0,0,1,-1,1,-5,1,0,3,7,2,1,1,3,-1,-1,-1,1,-1,-1,2,-1,-1,-2,-3,-4,7,-2,-1,-5,-2,-1,-6,-5,-2,4,-6,4,-1,-6,-11,-1,1,-1,1,-8,-6,-2,0,-6,6,-1,1,-4,-4,1,1,0,4,-4,4,1,5,1,3,3,-5,0,0,2,0,-3,-8,0,4,-1,0,-8,9,6,4,1,-3,-1,-11],"closes":[0,-1,0,0,1,26,8,-1,0,1,-7,0,-62,1,-1,3,0,0,0,1,0,-1,19,0,0,1,-2,0,-7,4,-1,0,0,0,-1,8,5,1,1,0,0,0,-4,2,0,0,-3,-1,2,0,-2,-1,-5,-2,27,43,-3,6,-2,-1,0,3,6,-14,3,0,8,-3,2,5,-2,5,2,2,-1,0,-2,3,-1,0,-2,-2,2,1,-8,-9,-2,-4,1,-13,1,2,-1,-2,2,-5,3,0,11,-3,7,-1,-2,4,-3,5,-3,-3,0,-1,1,0,-2,-2,4,-5,3,-1,-2,-6,-2,2,-9,-5,3,0,-3,0,-1,-7,-11,0,1,4,-5,-8,1,-8,0,0,4,-5,2,-6,-2,-1,2,3,1,-1,4,3,1,3,3,-1,-3,-1,2,0,4,-8,-7,6,-1,-2,0,0,8,3,3,-2,-4,0,-12],"volumes":[1.8,1.8,1.2,7.65,1.8,2.55,3.0,1.2,1.2,6.6,2.4,2.4,4.56,3.96,7.56,4.8,8.77,4.89,1.98,1.98,1.8,4.59,2.76,2.58,3.96,14.16,1.38,1.38,26.9,5.4,18.0,16.95,9.0,18.0,7.46,30.64,22.44,48.61,19.8,5.4,5.4,11.4,6.0,13.8,4.8,3.6,13.8,10.8,10.29,1.8,8.23,1.8,3.6,7.8,5.4,61.2,34.2,11.88,5.32,37.88,19.32,21.7,11.52,36.97,36.56,31.99,38.64,21.27,13.8,30.36,31.04,31.89,31.74,8.28,13.8,15.18,48.93,44.7,4.14,10.86,6.9,23.97,53.88,11.76,37.65,49.62,45.24,14.4,28.8,35.31,30.96,28.92,6.9,14.04,17.04,26.46,26.04,9.96,27.6,9.66,11.04,21.38,13.8,4.14,7.93,15.0,30.36,8.28,8.28,11.04,9.66,9.66,1.38,24.72,37.02,73.44,13.41,77.64,29.43,70.08,34.23,18.72,45.93,41.01,86.73,33.6,27.51,11.79,26.31,21.9,67.77,47.01,16.5,37.89,48.81,40.05,29.58,45.78,63.96,36.84,30.81,38.88,27.75,37.8,61.05,25.14,35.67,27.63,4.14,16.56,6.9,28.98,30.36,21.37,5.52,1.38,16.68,14.52,5.64,21.3,29.7,17.94,9.66,17.37,21.12,16.56,8.4,36.03,24.49,16.56,17.94,11.04,40.92,13.45,36.52]}