{"timestamp":1755388800000,"multiplier":1.0E-5,"open":0.89842,"high":0.89878,"low":0.89842,"close":0.89877,"shift":60000,"times":[1260,1,1,1,1,1,1,1,1,1,1,1,1,2,1,2,1,1,1,1,1,1,1,1,1,1,1,1,1,1,1,1,2,1,1,1,1,1,1,1,1,1,1,1,1,1,1,1,1,1,1,1,1,1,1,1,1,1,1,1,1,1,1,1,1,1,1,1,1,1,1,1,1,1,1,1,1,1,1,1,1,1,1,1,1,1,1,1,1,1,1,1,1,1,1,1,1,1,1,1,1,1,1,1,1,1,1,1,1,1,1,1,1,1,1,1,1,1,1,1,1,1,1,1,1,1,1,1,1,1,1,1,1,1,1,1,1,1,1,1,1,1,1,1,1,1,1,1,1,1,1,1,1,1,1,1,1,1,1,1,1,1,1,1,1,1,1,1,1,1,1,1,1,1,1,1,1],"opens":[0,35,1,0,2,-9,0,7,0,-5,0,-7,-3,2,-1,0,1,-1,0,0,0,2,1,-30,0,1,2,-1,1,-2,0,0,-6,0,0,-4,0,-17,18,1,-4,0,12,-1,1,0,1,0,-1,8,-2,1,0,-4,0,2,7,8,72,1,3,-12,8,-4,-1,-2,-8,13,-3,1,-4,10,-5,5,-6,-2,2,0,0,2,-2,-3,3,-1,0,0,3,-1,1,5,5,-8,-2,0,4,1,-2,1,3,3,0,-8,-6,3,1,2,1,-2,2,5,1,-2,4,10,-9,-8,-8,-2,2,4,3,1,-8,8,2,12,-7,1,0,0,-4,4,-3,-2,-10,-7,-8,-2,5,1,-3,8,-2,0,-3,2,0,1,-5,0,2,0,0,4,1,6,0,-2,1,1,2,-4,0,0,-7,5,-3,-1,7,1,0,-1,0,4,16,1,11],"highs":[0,-1,1,0,2,-8,7,0,-1,-5,0,-7,-1,0,0,0,0,-1,1,0,2,-1,1,-28,-1,1,1,-1,1,0,-2,1,-7,1,-1,-3,-1,0,1,1,-3,11,0,0,0,1,0,0,5,2,-1,1,-1,-4,3,-1,16,71,19,-13,2,-14,10,-8,-1,-2,8,-2,5,-4,2,0,0,0,-5,2,1,-3,2,4,-5,-3,2,0,-2,3,3,1,2,7,1,-10,-1,3,-2,1,1,1,4,-1,1,-8,-6,2,4,1,0,2,2,2,1,1,10,-1,-8,-7,1,-2,-5,6,0,1,-3,5,11,-1,-5,3,-4,3,-1,-3,-3,0,-12,-7,-7,4,-2,2,4,0,-2,0,-1,1,0,1,-5,2,5,-5,6,-1,7,1,-3,2,-2,3,0,-3,-1,-1,-1,0,-3,6,0,0,0,-1,6,15,2,11,2],"lows":[0,35,1,0,2,-9,0,7,0,-5,-8,1,-12,11,-10,8,1,0,0,0,0,2,-29,0,0,0,1,0,1,-1,0,0,-6,0,-5,0,1,-17,18,-4,0,0,12,0,0,1,0,0,0,8,-2,1,-1,-3,0,2,7,-10,85,6,-5,-5,2,1,-2,-11,4,6,4,-6,1,2,1,-1,1,1,2,-2,2,-1,-2,0,1,-5,2,2,5,-1,1,5,-2,-6,-1,4,4,-6,4,1,1,4,-3,-7,-3,3,-1,4,1,-1,2,4,0,0,3,5,-19,-3,-4,4,-4,9,2,-5,1,0,10,5,-1,1,-1,1,-3,-4,3,-8,-11,-10,-1,2,6,-1,-1,7,-2,-6,2,3,1,-6,2,0,2,0,0,3,2,2,-5,7,0,1,-2,0,-3,-3,0,0,1,-3,7,-3,6,-1,0,5,15,0,10],"closes":[0,0,1,0,2,-9,8,0,-1,-5,-8,1,-1,0,-1,1,-1,0,1,0,1,0,-28,-1,0,2,0,-1,1,0,-1,1,-7,1,-5,1,-1,0,1,-3,0,12,-1,0,1,0,0,0,5,3,-1,1,-1,-4,3,-1,16,70,0,6,-5,-9,5,-1,-3,-10,17,-3,2,-7,11,-8,6,-1,-5,3,0,0,1,-1,0,-2,-1,1,-2,4,3,0,4,3,-6,-4,3,1,1,-1,0,3,4,-1,-2,-9,-3,4,4,-1,1,0,4,3,-2,3,11,-5,-16,-3,-5,3,3,4,0,-6,6,4,11,-7,1,-1,0,0,0,-3,-1,-8,-8,-10,-2,7,-1,2,4,0,-3,-6,6,1,0,-6,2,2,0,0,3,0,8,-2,-1,2,-1,4,-2,-4,0,-6,6,-3,-2,8,0,-1,0,-1,7,13,3,9,1],"volumes":[3.8,0.9,2.7,1.2,0.9,6.0,6.0,2.4,1.2,1.2,2.4,1.2,6.0,1.2,7.2,8.4,3.0,1.2,4.2,2.4,10.95,1.2,12.8,10.8,6.0,10.8,9.6,6.0,6.6,91.2,1.8,3.6,1.2,10.8,23.65,14.0,2.0,5.4,2.0,28.8,18.2,23.2,26.2,9.0,13.2,4.8,3.6,17.75,7.4,2.0,6.8,3.4,6.0,2.0,6.0,1.8,1.05,96.75,36.0,2.85,2.85,11.0,14.4,11.2,5.35,19.3,49.75,33.75,45.65,34.8,25.0,43.8,44.1,50.35,30.0,29.55,18.0,9.85,16.4,42.6,30.9,14.0,10.4,20.8,23.5,21.8,8.4,11.2,12.6,39.8,36.77,39.8,27.8,26.75,2.0,26.5,33.6,19.4,14.8,6.65,12.5,29.6,22.6,5.6,31.2,30.15,7.6,13.8,18.2,4.2,11.2,16.8,28.15,16.8,99.35,112.3,140.78,145.06,159.71,98.39,61.61,68.65,40.7,53.65,62.8,42.9,28.0,18.0,15.4,36.2,20.4,43.8,6.2,45.6,39.7,39.3,29.5,37.1,1.8,20.0,32.4,15.4,2.8,16.8,19.6,12.6,5.6,19.6,8.4,9.8,14.0,10.4,34.8,22.4,23.8,16.8,23.8,25.2,19.6,9.8,14.0,16.8,26.6,21.0,23.45,22.4,8.4,26.25,23.8,26.6,8.4,14.0,44.8,54.6,32.2,59.5,54.25]}