{"timestamp":1755388800000,"multiplier":0.001,"open":8903.657,"high":8903.999,"low":8894.657,"close":8897.999,"shift":60000,"times":[1430,1,1,1,1,1,1,1,1,1],"opens":[0,-5096,-936,4968,-1904,-1000,872,-936,-2000,2064],"highs":[0,-4438,3128,2310,-4310,-1000,2310,-2000,-1310,4310],"lows":[0,2968,-1032,3968,-1936,64,1872,-4936,936,3128],"closes":[0,658,3000,342,-3342,904,1438,-4406,2096,4310],"volumes":[0.01728,0.00336,0.00768,0.0072,0.00336,0.00336,0.0024,0.00384,0.00288,0.00576]}