{"timestamp":1754179200000,"multiplier":1.0E-5,"open":1.327,"high":1.32705,"low":1.327,"close":1.32705,"shift":60000,"times":[1264,1,1,1,2,1,1,1,1,1,1,3,1,1,1,1,1,1,1,1,1,1,1,1,1,1,1,1,1,1,1,1,1,1,1,2,1,1,1,1,1,1,1,1,1,1,1,1,1,1,1,2,1,1,1,1,1,1,1,1,1,1,1,1,1,1,1,1,1,1,1,1,1,1,1,1,1,1,1,1,1,1,1,1,1,1,1,1,1,1,1,1,1,1,1,1,1,1,1,1,1,1,1,1,1,1,1,1,1,1,1,1,1,1,1,1,1,1,1,1,1,1,1,1,1,1,1,1,1,1,1,1,1,1,1,1,1,1,1,1,1,1,1,1,1,1,1,1,1,1,1,1,1,1,1,1,1,1,1,1,1,1,1,1,1,1,1,1,1,1,1],"opens":[0,12,11,-2,14,35,0,0,-3,0,2,3,-5,-13,8,-11,-21,-13,4,2,27,33,1,-8,1,0,0,18,-1,-17,8,-1,-11,0,1,0,7,-8,5,-2,-3,-5,-47,-2,50,-20,19,-5,-44,1,-1,32,79,-20,-12,20,-18,43,-8,-7,1,-49,0,3,-22,13,2,-10,15,10,1,12,-30,21,-12,-1,6,-5,-18,-20,17,12,1,-22,-4,4,13,11,-1,5,1,-6,-21,-1,-10,16,1,-7,-2,-20,4,18,26,-21,0,-8,11,-1,22,-25,20,7,5,1,14,-15,-1,-12,-11,-1,3,4,5,20,7,0,2,2,-9,-3,-9,8,-15,-1,1,8,0,-6,-15,11,8,5,5,17,15,2,-16,7,2,10,1,8,12,2,-7,4,9,2,7,10,8,3,15,-4,9,-11,9,-10,-9,15,-3],"highs":[0,12,6,12,37,-2,0,0,-3,1,4,0,-5,-5,0,4,-36,-13,6,26,15,20,0,0,-1,-2,14,2,1,-13,0,0,-2,-9,0,8,2,-3,0,-5,-1,-7,-47,48,0,0,0,0,-49,1,3,122,-10,-15,-6,7,28,1,-16,8,-14,-33,-13,12,-20,7,-4,1,16,0,21,-12,-11,9,-11,-5,5,-8,-16,3,5,0,7,-29,12,9,5,-2,10,-4,2,-7,-10,-13,7,7,-4,-9,-4,-9,3,36,3,-17,-3,-2,13,8,1,-1,4,4,7,6,1,-13,-4,-9,-6,1,0,6,19,4,2,6,0,1,-9,-8,0,5,-11,-1,-1,6,-6,-6,-5,9,6,5,9,22,8,-6,-7,0,7,8,7,14,-3,6,-6,8,5,12,3,10,1,16,3,1,-3,2,5,-16,3,8,-3],"lows":[0,3,14,4,14,35,0,-3,0,0,2,3,-18,0,4,-7,-21,-13,4,2,27,33,-7,0,0,0,0,18,0,-21,11,-11,0,0,1,-1,7,-7,0,1,-26,20,-47,-2,30,0,0,14,-45,0,-33,66,37,1,0,10,-9,43,-30,24,-65,17,0,-19,1,10,-22,17,15,4,7,-18,-1,10,-18,8,8,-28,-13,5,17,0,-11,-8,5,5,13,4,4,4,0,-25,-1,-13,5,16,-5,-1,-25,2,5,17,-1,6,-15,2,8,8,-3,0,17,-4,19,1,-7,-1,-17,-4,2,-1,5,1,8,15,4,8,1,-5,-7,-7,-2,-10,5,-5,5,9,-18,-11,7,10,8,7,-6,28,14,-14,-4,8,6,10,0,5,16,1,-11,9,9,2,6,11,4,5,13,-2,0,-3,-4,-2,-4,-2,8],"closes":[0,12,4,14,37,-2,0,-3,0,1,4,0,-18,8,-4,8,-36,-13,6,26,11,24,-8,1,0,0,18,0,-1,-9,0,-11,-1,1,0,3,6,-3,-5,0,-7,0,-47,28,19,-19,0,20,-49,0,-35,133,-7,-20,24,-15,49,-14,-7,6,-51,-4,3,-22,12,3,-7,10,15,-7,19,-30,18,-10,0,3,-5,-20,-16,21,9,0,-24,-8,12,12,12,-6,10,-2,-1,-27,2,-12,16,1,-4,-1,-21,4,8,35,-26,3,-10,13,-1,23,-25,22,-1,11,4,10,-16,3,-16,-9,-1,3,3,10,16,6,3,-2,6,-7,-6,-8,7,-15,-2,4,5,2,-8,-14,9,7,5,8,9,20,3,-15,3,6,5,6,9,10,3,0,0,4,5,4,14,11,-2,16,-4,11,-10,7,-10,-10,12,0,5],"volumes":[2.91,6.05,1.62,6.94,3.6,2.79,4.68,1.44,1.8,5.04,2.88,0.36,1.44,3.24,1.44,2.91,0.37,1.11,2.27,3.17,16.2,9.9,3.6,21.6,12.6,9.0,18.9,25.2,20.7,28.8,14.4,18.9,24.3,5.4,0.9,12.6,9.0,9.9,23.4,3.6,7.2,0.9,0.22,21.82,13.5,13.5,12.6,1.8,4.94,6.3,17.1,112.05,199.8,57.6,45.45,30.15,35.1,42.75,25.2,27.9,49.72,29.7,31.5,38.7,20.7,28.8,95.4,54.0,22.5,11.7,46.8,54.0,47.7,18.44,44.1,24.3,10.8,22.95,63.45,18.45,18.0,24.3,63.0,33.3,27.9,36.0,16.2,13.5,23.4,18.0,18.9,20.92,28.8,14.4,29.7,30.6,22.5,6.3,20.68,27.9,12.72,28.38,56.7,36.0,37.8,36.22,23.62,33.3,61.15,32.4,34.2,84.45,59.37,7.2,15.58,17.64,39.27,27.63,26.43,19.35,16.65,31.59,17.55,18.0,24.3,8.1,19.8,24.3,18.9,13.5,14.4,27.9,18.0,35.1,6.3,25.2,34.38,49.17,11.97,27.87,13.5,7.41,22.17,23.37,18.99,14.58,33.75,7.29,13.89,9.09,9.18,23.04,2.7,11.79,23.49,19.8,13.5,31.5,27.9,21.6,30.15,32.4,31.5,24.3,13.5,33.3,32.62,19.8,20.7,39.6,33.3]}