{"timestamp":1755993600000,"multiplier":0.001,"open":3370.835,"high":3371.698,"low":3370.385,"close":3371.115,"shift":60000,"times":[1320,1,1,1,1,1,1,1,1,1,1,1,1,1,1,1,1,1,1,1,1,1,1,1,1,1,1,1,1,1,1,1,1,1,1,1,1,1,1,1,1,1,1,1,1,1,1,1,1,1,1,1,1,1,1,1,1,1,1,1,1,1,1,1,1,1,1,1,1,1,1,1,1,1,1,1,1,1,1,1,1,1,1,1,1,1,1,1,1,1,1,1,1,1,1,1,1,1,1,1,1,1,1,1,1,1,1,1,1,1,1,1,1,1,1,1,1,1,1,1],"opens":[0,250,-1620,-217,-223,-550,1050,-1677,137,440,-70,-720,-210,-180,40,240,290,510,200,-270,-490,383,-360,137,150,100,70,-90,-510,-10,-150,-180,-57,77,-77,-123,-227,-243,-40,-150,133,50,-150,87,-10,-540,330,-390,60,750,200,63,-573,210,180,483,-93,-70,-237,0,-63,363,0,-200,-300,-100,-300,-150,300,-100,1267,320,-30,-340,-380,230,10,290,70,-80,-90,-20,130,-110,30,-30,-210,-760,240,-90,403,-123,-60,-270,53,137,380,-67,-333,420,20,70,-520,120,0,-20,-110,270,990,400,440,470,-150,350,950,-570,-960,-660,80,340],"highs":[0,-613,-1130,-607,-303,790,-310,-1550,440,120,-100,-740,-270,-20,220,510,370,60,-40,-270,-50,43,-163,70,20,120,-50,-90,-470,-37,-53,-150,20,-17,0,-233,-17,-450,47,-97,300,-323,80,-107,77,-260,-90,-220,830,63,100,-33,-200,40,340,190,-100,10,-347,0,200,600,-600,-200,-200,-100,-350,100,100,1150,287,130,-210,-310,-80,30,240,20,50,-100,-60,10,110,-40,-120,-20,-230,-550,30,280,133,-123,-160,-90,40,570,-120,-50,90,50,80,-80,-440,50,-20,53,-13,1100,500,263,487,210,80,910,120,-760,-840,-700,760,-220],"lows":[0,-637,-800,-253,-470,-220,-347,-530,697,-100,-70,-757,127,130,-140,400,360,550,-330,-220,-10,23,-23,160,10,140,-20,-540,33,-53,-240,-70,-30,93,-183,-167,-363,-160,10,20,193,-123,23,-33,-530,20,-270,200,150,650,260,-440,-30,210,180,350,-110,-140,-317,-70,307,263,-320,-160,-220,-360,-50,-100,360,100,1157,230,-440,-160,-10,240,10,270,-250,250,-60,-110,170,-100,-30,-320,-610,-10,123,97,110,60,-190,-77,100,107,350,-340,0,290,60,-690,160,270,-140,-100,-10,340,950,90,860,-260,430,500,170,-540,-1010,-150,370,110],"closes":[0,-1367,-600,-123,-610,1180,-1747,97,460,-40,-700,-267,-173,80,200,270,530,250,-340,-390,340,-377,187,100,100,120,-100,-500,-40,-10,-320,-90,120,-7,-203,-230,-310,-80,-20,93,150,-243,43,67,-550,230,-380,90,800,160,120,-580,220,120,430,0,-60,-210,-157,200,200,0,-200,-300,-100,-400,50,100,100,1250,287,-20,-360,-420,230,70,200,120,-100,-30,-50,80,-60,10,-80,-350,-620,250,-90,400,-120,0,-270,-20,150,470,-110,-320,370,0,-10,-420,120,10,-60,-30,210,1050,450,360,390,50,190,1010,-410,-930,-820,-10,340,10],"volumes":[0.02439,0.01296,0.01912,0.02063,0.02681,0.01284,0.02097,0.01581,0.00939,0.00453,0.00699,0.01596,0.00336,0.00444,0.00576,0.00684,0.00696,0.00384,0.0072,0.00723,0.00444,0.0048,0.00561,0.00432,0.00396,0.00408,0.00252,0.00516,0.00552,0.00168,0.006,0.00564,0.00696,0.00456,0.0066,0.00726,0.01494,0.00828,0.00612,0.0048,0.00444,0.00456,0.00336,0.00432,0.00756,0.00504,0.00525,0.00468,0.00852,0.0048,0.0042,0.00372,0.00264,0.0024,0.00228,0.00324,0.00273,0.00465,0.00216,0.00294,0.0071,0.00648,0.00417,0.00454,0.00273,0.00849,0.00768,0.00457,0.00297,0.00846,0.00465,0.00444,0.006,0.00444,0.00408,0.00276,0.00276,0.00288,0.00624,0.0018,0.00192,0.00321,0.0078,0.00937,0.00702,0.00831,0.00468,0.00276,0.00276,0.00312,0.00405,0.0018,0.0018,0.00288,0.00252,0.0036,0.00396,0.00576,0.00276,0.00432,0.00597,0.00732,0.00648,0.00216,0.00228,0.0036,0.003,0.0078,0.00732,0.0072,0.00876,0.01224,0.00864,0.01773,0.01032,0.00636,0.00549,0.00657,0.00564,0.00312]}