{"timestamp":1761436800000,"multiplier":1.0E-5,"open":0.9161,"high":0.91613,"low":0.91575,"close":0.91587,"shift":60000,"times":[1260,1,1,1,1,1,1,1,1,1,1,1,1,1,1,1,1,1,1,1,1,1,1,1,1,1,1,1,1,1,1,1,1,1,1,1,1,1,1,1,1,1,1,1,1,1,1,1,1,1,1,1,1,1,1,1,1,1,1,1,1,1,1,1,1,1,1,1,1,1,1,1,1,1,1,1,1,1,1,1,1,1,1,1,1,1,1,1,1,1,1,1,1,1,1,1,1,1,1,1,1,1,1,1,1,1,1,1,1,1,1,1,1,1,1,1,1,1,1,1,1,1,1,1,1,1,1,1,1,1,1,1,1,1,1,1,1,1,1,1,1,1,1,1,1,1,1,1,1,1,1,1,1,1,1,1,1,1,1,1,1,1,1,1,1,1,1,1,1,1,1,1,1,1,1,1,1,1,1,1],"opens":[0,-95,3,30,-27,45,-69,38,-24,9,-6,-37,57,-7,-8,-1,-5,-38,-4,-9,11,19,4,1,18,-17,-4,-2,7,-4,-2,-16,13,10,11,2,4,-18,6,14,0,4,0,4,-10,-90,-3,2,-23,-2,13,4,2,-3,21,36,40,-12,8,14,20,23,-38,-5,-11,-6,-2,3,46,5,0,16,-2,2,-15,-4,-3,1,-25,16,4,-6,2,9,4,-2,7,2,0,2,-12,-21,-11,-6,-10,-21,0,-1,-2,-12,5,5,-18,9,-9,18,-5,-4,-19,-7,-2,-12,6,-6,-15,-1,4,5,-11,-12,2,16,-1,-2,8,-19,-10,10,8,-9,7,10,6,-2,-3,5,7,-5,3,11,-3,-6,-2,-10,-2,-9,-3,-3,12,-3,0,-3,-12,10,-3,2,3,17,1,8,-4,-4,-3,-4,-11,-2,0,2,-7,-14,4,-5,14,-10,2,-4,14,-7,14,7],"highs":[0,-88,62,-38,-22,39,-21,-8,-24,14,8,-3,2,-5,-9,0,0,-6,-2,-35,11,19,-4,15,2,-20,-3,4,3,-9,5,-12,11,11,5,2,2,0,1,2,0,2,4,2,-9,-74,-20,4,-26,30,-3,63,-21,11,29,0,0,0,8,22,50,-16,-37,1,-22,-5,0,44,2,0,13,12,-11,3,-17,-4,-1,-2,-7,5,-1,-3,8,3,14,-3,-1,-2,-2,2,-12,-21,-5,-11,-10,-18,-1,-3,-1,-10,11,-2,-10,0,21,-11,-8,-4,-17,-8,0,-10,1,1,-20,9,4,-7,-11,-7,19,6,-13,5,1,-19,0,6,3,2,5,8,1,-4,4,9,-1,4,2,-1,-3,-3,-5,-6,-6,-9,-3,11,-2,-1,1,-4,-2,0,-1,2,18,4,12,-9,-3,-3,-5,-4,-10,4,-4,-1,-7,-10,0,10,-1,-7,-1,11,1,4,11,-2],"lows":[0,-60,3,30,-27,-24,-44,58,-2,10,-42,0,3,-1,40,-59,3,0,-3,2,8,18,-16,12,-15,24,0,-1,2,-5,-12,0,11,9,12,4,-14,0,3,13,2,-13,18,-9,-68,-22,0,-21,-3,-5,13,7,-4,0,26,37,-21,12,45,12,22,-25,5,-14,-3,-6,3,5,35,1,8,18,-11,-1,-11,1,0,-21,1,13,-1,-9,13,8,0,1,7,-1,-1,-4,-29,-8,-12,-4,-15,-14,8,-2,-8,-7,10,-10,0,3,-3,12,-8,-15,-10,1,-12,0,-1,-16,-3,5,4,-7,-13,0,2,14,-11,6,-7,-10,-2,13,-1,-9,17,10,1,0,0,0,6,0,4,6,-10,3,-10,-3,-8,-6,0,0,10,-3,-1,-16,5,6,-1,2,5,14,4,0,-6,-3,-3,-6,-5,-2,-1,1,-13,-1,-5,3,5,-2,2,-3,9,-1,10,4],"closes":[0,-62,23,1,-22,-29,38,-25,1,8,-42,1,7,43,-9,-57,13,4,-20,13,-3,21,6,20,-16,-6,-2,8,-3,-7,-11,8,10,12,5,2,-18,3,17,0,3,-1,2,-4,-74,-20,1,-23,-1,12,18,62,-74,17,38,1,-11,49,8,21,27,-31,-15,-12,-6,2,-2,48,4,-1,17,1,-2,-15,0,-6,3,-27,19,4,-9,6,5,4,2,2,3,2,-3,-8,-20,-12,-4,-11,-22,1,-1,-2,-14,4,8,-18,9,-7,16,-6,-5,-19,-9,0,-10,4,-6,-15,-1,5,4,-11,-11,3,14,-3,0,8,-17,-10,8,4,-5,7,11,5,0,-4,4,9,-5,5,7,-3,-4,-2,-11,-3,-9,0,-6,12,-2,-1,-3,-11,11,-5,4,3,16,2,10,-6,-4,-5,-1,-12,-6,2,3,-7,-11,0,-5,15,-10,1,0,12,-7,11,7,0],"volumes":[6.63,4.08,10.71,1.02,5.64,31.82,64.62,21.72,20.21,15.56,30.25,24.76,7.68,6.31,1.53,10.32,7.92,18.94,19.55,17.16,19.8,23.02,33.05,46.93,30.32,13.88,15.92,106.3,30.53,7.88,42.19,20.94,25.88,47.8,42.0,199.52,39.36,24.48,14.4,83.77,61.03,34.25,27.82,80.65,62.25,65.39,31.49,82.04,276.15,90.68,46.46,33.72,56.23,284.55,26.9,76.36,43.5,73.18,24.68,4.88,186.81,138.0,41.15,51.26,77.07,109.1,70.76,169.35,111.02,157.13,69.8,105.96,93.32,84.26,110.9,85.45,84.73,94.91,97.13,59.01,70.76,83.71,66.4,54.65,152.93,148.52,106.48,90.54,84.6,60.23,131.3,121.93,121.94,96.0,115.83,83.68,71.66,61.59,86.4,100.96,85.8,88.36,75.32,51.36,66.84,90.84,63.76,61.06,41.49,30.08,74.0,43.24,24.44,75.2,63.92,40.89,38.54,42.77,124.31,100.26,217.24,154.22,96.77,65.46,55.76,110.58,87.07,91.84,101.44,112.31,40.66,54.52,79.56,43.36,59.21,69.88,53.72,38.5,54.52,16.92,62.48,38.8,45.04,35.72,63.33,44.23,17.04,50.88,26.32,41.77,33.96,64.8,55.64,42.4,52.91,31.3,66.37,77.8,70.08,69.18,50.76,43.23,53.68,58.58,56.24,81.09,53.36,54.56,29.84,35.64,49.92,62.76,30.8,24.8,31.96,63.04,56.32,195.12,146.0,136.73]}