{"timestamp":1759622400000,"multiplier":0.001,"open":9017.999,"high":9019.689,"low":9012.561,"close":9012.689,"shift":60000,"times":[1370,1,1,1,1,1,1,1,1,1,1,1,1,1,1,1,1,1,1,1,1,1,1,1,1,1,1,1,1,1,1,1,1,1,1,1,1,1,1,1,1,1,1,1,1,1,1,1,1,1,1,1,1,1,1,1,1,1,1,1,1,1,1,1,1,1,1,1,1,1],"opens":[0,-1342,3000,-5032,3374,1690,-1690,2000,0,-1406,-4968,7374,-1438,3128,-5000,2310,3000,-1342,-658,-1406,-1032,-3000,1128,-1128,438,-5000,-1406,2406,2690,-1064,-1000,-3626,-1374,2064,2872,1064,374,-2342,904,1096,-1000,5936,1000,3096,-128,1032,-3594,-1406,1064,-658,1690,0,872,-1968,-594,-2438,1000,-562,-3310,1310,-438,-1936,-64,-2936,-968,1000,-2096,128,310,-3438],"highs":[0,-1690,1658,342,-342,32,-690,4000,-3000,-1406,2096,1968,0,32,-3690,3000,1562,-936,-1626,-374,-2064,-1936,374,0,-1000,-2342,-2032,2374,690,-1064,-1000,-2064,-1000,4096,1342,0,-1000,1000,-342,32,3310,3626,-32,1096,3936,-2936,-3690,0,690,-1032,1032,936,-64,-872,-1690,658,1342,-2310,-4064,2374,594,-4968,-64,-1968,-594,-342,-2032,2374,-2000,-406],"lows":[0,2064,0,0,1936,128,1000,2310,-3406,-2032,-936,4936,1000,-872,-1000,1968,0,0,-658,-1406,-4032,1000,1000,-1000,-2562,-3438,1032,2000,1064,-1032,-2000,-3032,1032,2064,2872,32,-32,-904,904,1000,-904,5904,1032,1064,1904,-1904,-2064,0,-32,0,1438,658,-1968,904,-2000,-2936,2904,-5562,-2342,4342,-2374,374,-3406,-904,872,-968,-2000,2000,-3032,0],"closes":[0,5000,-1690,562,2438,-2310,1904,1968,-2904,-3096,5438,-1438,3438,-3310,310,2690,-1000,-1032,-658,-1406,-3000,-32,2438,-2438,-2562,-3438,2128,3310,-1342,-1032,-2000,-3032,2032,5032,1342,-2406,-32,1096,1000,-658,4000,2562,1032,32,3374,-4342,-1032,-1032,1096,-32,342,658,-1968,968,-2064,968,96,-3658,-1000,1626,-4000,374,-1438,-2872,904,-32,-2000,2064,-2968,936],"volumes":[0.01104,0.00576,0.00864,0.00912,0.00672,0.0048,0.00288,0.00864,0.00432,0.00528,0.01584,0.012,0.00624,0.00528,9.6E-4,0.0072,0.00624,0.00336,0.00144,0.0024,0.0072,0.0048,0.00432,0.00288,0.0024,0.00816,0.00384,0.0024,0.00144,0.00144,0.00192,0.00336,0.00288,0.0024,0.0024,0.00288,9.6E-4,0.00336,0.00624,0.00336,0.0096,0.00528,0.00336,0.00384,0.00624,0.00384,0.00144,0.00144,0.00432,0.00288,9.6E-4,0.00144,0.00192,0.00144,9.6E-4,0.00528,0.01056,0.00912,0.00624,0.00672,0.00576,9.6E-4,0.00768,0.0024,0.00336,0.00384,0.00384,0.00384,0.00432,0.00336]}