{"timestamp":1760227200000,"multiplier":0.001,"open":8916.561,"high":8920.689,"low":8905.593,"close":8912.657,"shift":60000,"times":[1370,1,1,1,1,1,1,1,1,1,1,1,1,1,1,1,1,1,1,1,1,1,1,1,1,1,1,1,1,1,1,1,1,1,1,1,1,1,1,1,1,1,1,1,1,1,1,1,1,1,1,1,1,1,1,1,1,1,1,1,1,1,1,1,1,1,1,1,1,1],"opens":[0,-2968,-3000,4064,-1032,-32,-6032,438,-310,-1096,32,-7064,1096,9936,-936,342,7690,3310,-1438,6128,310,658,-4032,2000,-4032,-6032,438,-5000,1000,-1310,-6690,5626,1968,-2936,-2032,-2064,438,-1310,-2128,-1000,-4872,4872,-2904,-1032,-6032,-5000,6032,3064,904,-2904,2000,-5064,-1000,3968,1968,96,2936,6096,1872,1096,-1968,-4032,2936,406,1594,1000,1096,-4064,-4626,3562],"highs":[0,-3690,-2406,64,342,-1310,-5128,32,-904,1968,4000,-10096,6096,2000,-968,5968,4342,2000,1658,4032,-690,626,-4626,1690,-5096,-5904,310,-4000,0,-1000,-438,438,1000,-3342,-1064,-1904,-690,-310,-1690,-2438,-872,1310,-2438,-1562,-6406,2064,4000,0,-1064,0,-904,-5064,2064,3872,2438,-374,4968,2406,626,1032,-1968,-32,32,1310,-342,3342,-1310,-4064,-2032,2096],"lows":[0,2968,128,1968,2936,-8904,-1128,3000,-1000,32,-6936,0,1936,6968,-562,3000,7690,-690,2562,6000,-2562,-1310,-96,-1968,-3968,-2096,-2936,-2032,-2904,-2064,-626,4690,-690,-3000,-1374,-32,-904,-1690,-1374,-3000,-3000,3968,-2000,-4032,-6904,-64,7032,2000,-2064,1000,-1936,-4032,2032,3968,1096,968,1968,5968,0,2968,-3968,-936,2032,1310,-438,3000,-5000,-3936,1374,-310],"closes":[0,-4096,5032,-968,2032,-9968,1968,-32,-968,-64,-6936,936,10064,-1000,-64,8064,2936,-594,5658,1936,-1032,-3872,1936,-4000,-3968,-2064,-2968,-936,-1064,-4626,5562,438,-3000,-2310,-2064,2064,-1064,-1936,-3064,-3000,3064,-1096,-3000,-3968,-6968,7936,3096,904,-5032,2064,-3000,-4032,5096,1904,2032,1032,5936,1968,1064,0,-4032,1406,-310,1968,1000,1032,-5128,-3936,3968,-2032],"volumes":[0.0336,0.00864,0.012,0.00912,0.00384,0.00624,0.01248,0.00288,0.00624,0.01488,0.02256,0.02016,0.01584,0.01728,0.01248,0.01632,0.00624,0.01392,0.00768,0.00864,0.01392,0.01344,0.00576,0.00768,0.0048,0.00672,0.00816,0.00528,0.01344,0.012,0.01056,0.0096,0.0072,0.00384,0.00384,0.00576,0.00336,0.00432,0.01008,0.00432,0.0144,0.01104,0.00816,0.00864,0.00432,0.01488,0.00528,0.00528,0.0024,0.00864,0.00912,0.00384,0.00576,0.0048,0.00576,0.00864,0.01008,0.00672,0.00624,0.00192,0.0048,0.00528,0.00576,0.0096,0.00432,0.00816,0.00912,0.0072,0.00192,0.0072]}