{"timestamp":1760832000000,"multiplier":1.0E-5,"open":1.34266,"high":1.34268,"low":1.34266,"close":1.34267,"shift":60000,"times":[1260,1,1,1,2,1,1,1,1,1,1,1,1,1,1,1,1,2,1,1,1,2,2,1,2,1,1,1,2,1,1,1,1,1,2,1,1,1,1,1,1,1,1,1,1,1,1,1,1,1,1,1,1,1,1,1,1,1,1,1,2,1,1,1,1,1,1,1,1,1,1,1,1,1,1,1,1,1,1,1,1,1,1,1,1,1,1,1,1,1,1,1,1,1,1,1,1,1,1,1,1,1,1,1,1,1,1,1,1,1,1,1,1,1,1,3,1,1,1,1,1,1,1,1,1,1,1,1,1,1,1,1,1,1,1,1,1,1,1,2,1,1,1,1,1,1,1,1,1,1,1,1,1,1,1,1,1,1,1,1,1,1,1,1,1,1,1,1,1],"opens":[0,2,-10,0,8,8,-1,1,3,14,-24,7,18,0,0,-1,1,0,0,0,-1,0,-19,2,15,-1,1,-1,-4,-19,-43,6,-1,36,-89,53,-38,69,2,0,-1,-5,0,-19,0,19,0,-34,28,5,-44,12,-40,23,43,6,-6,15,-4,2,13,-9,19,-2,4,-6,0,6,-1,-14,9,0,-8,0,-1,-1,-9,-2,-2,-1,4,-4,3,-6,7,-2,-2,0,10,0,7,6,4,1,1,1,-4,3,-4,5,-4,5,-1,-6,-4,4,5,-9,-9,-6,8,-7,14,-20,1,-5,-2,3,6,-4,-7,6,-7,8,9,-7,3,1,-1,-6,3,4,14,11,1,-1,-9,-1,14,-2,-7,4,1,0,8,3,3,1,0,-3,1,3,-8,-4,0,-3,0,-6,0,-2,1,-8,-7,-8,0,-6,-4,0,6],"highs":[0,0,-10,0,8,8,0,12,1,4,-24,24,1,0,0,0,0,0,0,0,0,0,-20,18,-1,-1,1,-1,-4,-19,-43,42,0,-1,-39,3,31,1,1,0,-1,-5,0,-18,22,-4,0,2,2,-4,-31,-1,-18,66,-13,3,3,-1,3,13,-2,6,6,-1,2,-8,5,0,-1,-7,4,-3,3,-3,-9,-1,-7,-4,1,3,0,-1,-3,-3,6,1,0,5,-2,4,8,6,3,5,2,-7,1,-3,-1,4,-5,6,-3,-3,-4,5,3,-11,-9,-1,3,7,0,-16,-3,-5,-1,8,0,0,-10,5,2,19,-8,-1,-4,2,2,-10,3,14,19,-5,1,-1,-6,11,-2,-1,-8,5,2,11,2,-3,7,-2,0,-5,6,0,-10,13,-17,-1,-1,0,-4,3,-7,-5,-9,-2,-5,-4,-7,8,-2],"lows":[0,-6,-2,0,4,12,-1,1,3,9,-20,8,17,1,-1,-5,6,-1,1,-1,0,0,-19,2,15,-1,1,-1,-24,-42,-5,11,-1,32,-85,53,-38,69,2,-40,39,-6,-29,-3,0,32,1,-35,25,-36,1,-36,-6,37,33,11,-1,11,0,2,3,1,13,4,-1,-3,1,3,-10,-3,9,-6,-2,-1,-1,-9,-1,-2,-8,8,-2,0,-4,-1,1,6,0,-2,4,8,7,4,5,2,1,1,-8,-2,5,2,-4,6,-2,-7,0,4,-2,-11,-8,1,2,0,-7,-1,-4,-1,-3,7,6,-10,-3,2,-1,8,0,1,-1,4,-5,-2,3,4,16,9,0,-10,1,0,11,-8,-1,7,2,0,8,3,2,-3,4,-3,1,-9,0,1,-11,0,1,-1,-8,8,-9,-7,-7,-1,-5,-4,-4,5,-1],"closes":[0,-7,-2,0,4,12,0,12,1,4,-25,25,0,1,-1,0,1,-1,1,-1,1,0,-20,18,-1,-1,1,-1,-24,-42,-5,47,-5,0,-35,3,31,1,1,-40,39,-6,-29,-3,37,-4,0,-7,7,-43,10,-45,27,46,5,-6,13,-3,1,13,-5,15,2,1,0,-4,2,2,-11,3,2,-8,2,-5,0,-10,0,-3,-1,3,-4,3,-2,1,0,2,0,10,-3,3,9,7,-1,4,0,-1,-1,-2,1,0,-1,4,-4,-7,2,6,-6,-11,-8,7,-1,11,-19,2,-9,1,-2,10,0,-10,-2,1,7,12,-10,2,3,0,-7,1,3,14,13,0,1,-12,1,16,-5,-8,2,5,2,5,5,0,1,0,1,-2,1,-5,-4,1,-6,4,-9,5,-9,4,-10,-4,-8,2,-10,-3,0,9,-8],"volumes":[8.59,0.74,0.37,0.37,1.64,3.44,5.16,5.16,3.44,7.78,0.66,2.7,1.8,1.8,3.6,4.5,0.9,1.8,1.8,4.5,1.8,2.62,0.9,2.62,0.9,2.62,0.9,0.9,5.15,2.79,1.48,2.39,2.61,2.39,1.35,1.72,6.58,4.02,0.18,4.07,1.52,4.92,16.31,13.18,10.19,1.79,0.67,23.72,12.54,54.87,39.6,27.45,49.92,99.57,67.02,46.29,20.62,4.5,14.4,9.9,9.82,26.84,15.22,12.6,13.42,4.42,13.42,12.6,19.72,18.0,7.2,7.2,21.6,16.34,4.5,13.87,11.7,7.2,29.7,18.0,7.2,13.05,7.42,13.42,47.43,23.6,15.14,15.88,17.76,8.92,9.82,8.1,7.57,17.92,9.82,7.2,43.2,5.4,11.62,6.3,6.3,9.9,7.12,7.12,5.4,4.5,8.55,9.0,8.1,11.7,6.75,9.9,18.9,7.2,12.6,2.7,7.2,5.4,0.9,9.0,6.3,7.2,41.34,42.0,97.48,37.48,26.56,47.73,25.74,59.32,69.18,62.83,44.82,28.58,33.1,82.19,51.48,31.3,20.52,14.32,9.84,3.6,6.28,4.95,8.08,1.8,11.64,13.44,7.18,4.48,25.1,11.07,14.32,55.44,38.52,48.52,30.6,45.0,17.86,15.2,19.66,27.68,117.02,57.35,16.96,87.09,48.66,41.34,46.04]}