{"timestamp":1760832000000,"multiplier":1.0E-5,"open":0.79221,"high":0.79225,"low":0.79221,"close":0.79225,"shift":60000,"times":[1262,1,1,1,1,1,1,1,1,1,1,1,1,1,1,1,1,1,1,1,1,1,1,1,1,1,1,1,1,1,1,1,1,1,1,1,1,1,1,1,1,1,1,1,1,1,1,1,1,1,1,1,1,1,1,1,1,1,1,1,1,1,1,1,1,1,1,1,1,1,1,1,1,1,1,1,1,1,1,1,1,1,2,1,1,1,1,1,1,1,1,1,1,1,1,1,1,1,1,1,1,1,1,1,1,1,1,1,1,1,1,1,1,1,1,1,1,1,1,1,1,1,1,1,1,1,1,1,1,1,1,1,1,1,1,1,1,1,1,1,1,1,1,1,1,1,1,1,1,1,1,1,1,1,1,1,1,1,1,1,1,1,1,1,1,1,1,1,1,1,1,1,1,1,1,1,1],"opens":[0,1,-2,-120,17,97,11,7,-53,-20,0,68,-48,0,-5,1,0,0,38,-36,0,31,10,-4,3,12,8,-28,7,9,-3,6,4,14,-7,-3,0,1,6,2,-3,0,-17,16,0,0,-5,1,1,24,-7,0,-5,9,2,5,-49,13,16,75,11,22,-5,9,1,-8,0,11,9,2,11,13,7,-2,1,2,-4,-9,-6,2,4,3,2,3,5,3,-2,-2,3,-6,-9,9,0,-10,5,-2,-3,-6,-3,3,-2,9,5,-1,-6,0,0,-7,3,8,-1,-3,2,5,1,-5,1,0,6,-2,6,3,-2,0,-7,-2,1,0,1,-1,-3,-3,-1,1,0,0,5,-5,-7,-14,-6,1,-4,-4,-6,0,-1,3,4,4,-1,1,2,-9,2,-1,-5,2,3,-5,-1,-3,-4,3,-7,4,9,-2,-5,5,0,4,0,6,3,-1,-4],"highs":[0,-3,-2,-103,100,2,14,-1,-32,-41,68,0,-48,0,-4,0,0,0,40,-38,48,-7,0,-2,1,20,0,-28,24,2,-8,9,18,-8,-7,3,-3,4,2,0,-2,0,-4,5,-3,0,8,-1,12,2,0,-7,7,19,-9,-6,-38,31,84,-5,18,1,2,3,-3,-7,13,13,1,6,13,7,-1,-1,7,-2,-7,-7,-6,6,2,0,4,11,-3,0,-2,7,-6,-6,0,2,0,-6,0,-3,-2,-4,-4,1,5,2,11,-7,-5,0,-1,-4,7,2,-2,-3,7,2,-1,-2,-1,6,0,1,6,-1,-2,1,-8,-1,4,-1,-2,-1,-1,-4,0,0,1,3,0,-5,-7,-14,-3,-1,-4,-5,-5,-1,0,7,4,-1,0,2,0,-8,2,1,-7,3,1,-5,2,-4,-2,-1,0,7,3,-6,1,0,2,4,2,6,1,-4,1],"lows":[0,-1,-120,-8,25,97,11,-51,-15,0,0,20,0,0,-5,1,0,0,0,2,0,31,-1,7,-37,52,-35,13,4,0,11,6,3,4,1,-2,2,0,6,-7,5,-12,-3,15,0,-8,0,4,1,25,-7,0,-5,9,0,-51,9,11,15,78,8,19,1,7,-6,1,-2,13,9,-1,12,15,1,3,2,-7,-5,1,-13,9,4,1,4,3,2,3,-7,5,-5,-8,2,8,-10,0,2,-3,-4,-2,-4,1,3,6,7,-7,1,0,-8,1,2,5,0,-4,6,4,-2,-5,3,-1,6,1,6,-1,-2,-2,-7,3,1,1,-3,-2,-2,-2,1,0,1,-1,1,-3,-10,-15,-1,0,-3,-7,-4,2,1,2,5,4,-2,2,-7,0,-3,-1,-1,3,-5,2,0,-10,2,-4,1,4,8,-8,2,3,1,5,0,5,4,-7,2],"closes":[0,-5,-120,17,100,2,12,-52,-20,0,68,-48,0,0,-4,0,0,0,0,2,29,10,-3,3,-39,60,-43,13,17,-3,6,9,10,-10,2,-1,0,6,2,-3,1,-15,11,1,0,-4,0,6,18,2,0,-7,1,5,4,-57,20,31,62,9,25,-6,8,1,-6,0,8,10,3,11,13,6,0,0,3,-4,-11,2,-5,5,3,0,2,7,3,-2,-7,8,-9,-5,8,2,-13,7,-4,-1,-7,-2,1,-1,7,1,5,-7,1,1,-7,1,8,-1,-2,0,7,2,-5,0,-1,8,-4,5,4,-1,-3,-3,-1,-1,0,1,-2,-4,0,0,0,-3,4,0,-3,-3,-10,-14,3,-5,-3,-6,-2,0,1,6,4,0,0,2,-9,0,2,-5,0,3,-6,1,2,-11,6,-9,8,5,0,-5,3,2,2,2,3,7,-2,-7,6],"volumes":[1.35,1.0,1.0,25.4,10.35,5.1,11.05,9.2,7.85,2.0,5.55,1.85,1.5,1.0,7.0,4.3,4.45,1.0,3.1,1.6,6.75,4.5,1.8,1.35,5.8,4.54,9.72,2.28,15.05,22.69,24.52,7.2,16.96,15.84,4.3,14.32,14.84,19.7,10.26,12.72,8.14,5.88,19.5,4.8,6.0,7.8,24.3,13.5,21.0,2.4,9.6,1.2,11.7,35.23,63.48,48.23,10.8,30.05,92.7,74.53,49.47,23.1,31.68,27.36,11.4,7.98,49.12,55.84,33.12,30.07,31.58,31.9,25.61,20.15,29.72,31.81,19.32,13.65,28.67,38.87,16.97,8.29,4.8,27.6,29.1,18.0,14.34,40.8,12.0,26.35,18.3,8.7,21.7,41.85,27.6,31.2,22.87,41.4,15.6,10.05,9.15,21.6,21.3,14.55,3.6,2.4,26.55,20.25,34.65,16.8,19.35,19.5,12.15,11.4,11.7,80.43,64.8,46.15,21.61,19.5,32.1,69.47,21.35,35.94,29.3,14.35,45.11,14.35,6.7,8.92,40.8,14.67,11.2,28.48,21.15,18.82,7.98,12.6,15.27,38.97,43.99,17.59,31.02,22.04,20.32,18.74,6.6,10.15,24.83,5.3,28.14,4.8,11.77,12.6,15.55,17.89,7.75,12.25,11.34,4.8,6.6,18.8,33.93,27.93,16.05,31.35,28.75,25.14,18.15,11.4,22.59,18.55,13.6,37.87,14.4,19.23,22.0]}