{"timestamp":1125792000000,"multiplier":1.0E-5,"open":1.22944,"high":1.22944,"low":1.22835,"close":1.22841,"shift":60000,"times":[1260,1,1,1,1,1,1,1,1,1,1,1,1,1,1,1,1,1,1,1,1,1,1,1,1,1,1,1,1,1,1,1,1,1,1,1,1,1,1,1,1,1,1,1,1,1,1,1,1,1,1,1,1,1,1,1,1,1,1,1,1,1,1,1,1,1,1,1,1,1,1,1,1,1,1,1,1,1,1,1,1,1,1,1,1,1,1,1,1,1,1,1,1,1,1,1,1,1,1,1,1,1,1,1,1,1,1,1,1,1,1,1,1,1,1,1,1,1,1,1,1,1,1,1,1,1,1,1,1,1,1,1,1,1,1,1,1,1,1,1,1,1,1,1,1,1,1,1,1,1,1,1,1,1,1,1,1,1,1,1,1,1,1,1,1,1,1,1,1,1,1,1,1,1,1,1,1,1,1,1],"opens":[0,-110,10,1,-2,6,1,-30,-35,-2,24,-39,6,-24,34,-26,12,17,1,39,-62,70,6,-34,8,-32,39,-19,-40,9,45,-39,-12,31,23,0,17,7,38,-30,46,-3,28,-30,2,5,-25,15,-8,-27,8,14,-20,3,30,-2,-3,5,-9,0,-48,32,23,-3,-40,13,17,15,-63,25,-6,16,-33,26,13,5,0,-1,-33,-29,48,-1,-35,16,7,-8,15,3,2,-2,2,-38,30,-13,1,0,4,-13,-16,8,-8,10,-27,5,11,-21,33,20,-20,17,-7,-3,-25,29,-54,18,-13,25,6,4,-12,6,-4,6,4,5,-12,-23,57,-42,-22,38,-8,2,-2,2,3,1,-17,3,-23,7,3,6,36,-1,-10,40,-6,-27,28,20,4,-2,-52,17,5,27,-22,2,-1,-32,-24,-9,24,-9,49,33,-39,21,-13,-22,15,0,-37,8,-13,14,-4,12],"highs":[0,-97,4,-6,0,5,0,-30,6,-24,5,-26,19,-18,18,-5,-12,11,23,11,-10,22,2,-29,7,7,14,-35,-36,27,53,-70,4,24,27,-14,21,34,21,-17,28,20,-5,-16,-2,0,-3,7,-21,-19,26,-18,-7,32,-4,-7,8,-3,10,-17,-39,23,15,-1,-31,24,-1,14,-35,2,-4,20,-29,32,7,9,0,-16,-30,8,1,-1,-12,11,-11,7,1,2,8,-8,4,-14,4,-2,-10,0,4,5,-2,-13,-18,20,-33,14,12,-29,26,21,-2,12,-14,-10,11,-2,-49,8,27,-2,-7,9,30,-22,-12,-4,13,3,-6,-4,24,-37,8,3,6,-8,3,2,-6,1,-12,-2,9,3,8,7,17,-11,17,8,2,-24,48,6,-13,3,-29,1,1,19,-12,6,-15,-32,-17,21,-6,26,35,5,-29,11,-11,-8,9,3,-28,-14,3,25,-1,14],"lows":[0,-1,4,-5,-1,12,-17,-44,2,-37,14,-1,-1,-21,20,-5,-2,18,-2,16,-24,59,5,-47,-10,16,7,-18,-20,20,10,-19,-5,25,13,-3,3,48,18,-10,8,28,1,1,-13,3,-15,15,-23,-7,13,-8,-2,7,25,-11,11,5,-9,-23,-25,5,5,-1,-12,13,4,-20,-6,31,-10,-17,4,26,-3,21,0,-15,-40,-8,48,-29,-7,16,-12,-5,14,-17,39,-24,-15,1,-17,28,-41,9,15,1,-2,-12,-23,1,4,15,1,-15,35,-11,-11,27,-1,-34,17,-18,-29,27,-1,14,1,18,-15,-3,-11,7,19,-7,-6,-27,18,-10,-12,33,-14,-11,26,-10,-18,23,-22,-18,22,8,3,4,38,-11,-3,29,-7,-24,25,31,-37,-9,0,-5,13,12,-18,8,-38,-1,-12,-3,13,9,30,0,-3,-13,5,-10,30,-15,-39,-5,5,20,-8,-12],"closes":[0,6,-3,-8,-4,12,-14,-41,21,-8,-40,-1,39,-18,-23,26,-2,-11,45,-33,34,22,-15,-12,-46,58,-9,-44,-17,37,-10,-17,19,24,20,-33,36,45,-14,18,-20,68,-28,2,-13,4,7,-11,-29,9,26,-37,-5,27,5,-4,9,6,1,-17,-32,15,-2,-19,2,1,29,-46,15,11,2,-31,20,19,6,17,-14,-8,-47,32,8,-29,8,8,-2,9,-4,-29,44,-21,-20,18,-26,33,-52,3,43,0,-6,-28,-18,-11,17,8,-5,-3,23,0,24,4,-15,-37,40,-37,-10,3,18,-10,1,21,34,-55,22,-4,-3,-5,18,-4,-18,-4,17,3,-16,-21,38,-5,-37,19,-2,-14,8,26,8,7,10,-5,18,2,-4,-15,48,9,-30,-35,7,-8,7,32,-25,0,-31,0,-5,14,-22,30,54,-25,-14,7,-21,8,7,-13,3,-37,26,15,9,14],"volumes":[138.2,76.3,34.5,144.1,102.0,63.2,191.2,127.3,131.8,226.9,82.3,185.0,188.3,294.2,180.4,205.2,79.9,227.9,130.9,56.4,64.9,187.5,99.2,242.7,135.9,177.5,83.1,177.4,234.1,48.0,172.4,114.3,95.0,263.2,286.5,73.2,193.2,231.9,180.5,124.8,155.8,144.6,166.8,211.3,405.9,153.2,154.8,209.2,235.8,179.3,147.3,67.0,137.4,148.5,114.4,115.5,121.8,104.9,175.1,110.5,156.5,206.2,205.6,91.9,88.7,178.0,144.9,87.7,130.2,60.1,200.4,280.8,180.2,193.7,207.2,189.0,226.2,147.5,226.6,116.1,31.9,104.4,134.0,71.2,130.0,126.2,202.3,76.6,103.6,166.0,125.4,66.3,239.6,177.5,105.8,177.0,189.3,157.1,123.9,269.1,148.8,144.2,233.9,147.4,52.7,137.4,152.0,83.8,51.2,174.6,216.7,109.5,192.4,120.4,111.0,269.3,110.1,62.1,130.0,84.8,163.2,235.1,137.0,34.1,149.9,122.5,124.3,244.6,248.8,189.7,185.4,120.7,122.8,225.6,245.9,208.4,128.5,171.5,221.2,228.1,73.4,161.9,116.6,92.2,150.7,111.0,214.9,172.5,185.8,136.2,146.4,131.6,183.7,264.3,108.5,161.4,283.0,177.8,85.8,326.7,83.9,96.8,89.8,207.0,65.5,214.6,118.3,276.9,137.1,175.3,89.0,183.1,22.0,197.6,134.7,131.1,141.5,176.6,172.4,187.1]}