{"timestamp":1126396800000,"multiplier":0.001,"open":448.782,"high":448.896,"low":448.285,"close":448.832,"shift":60000,"times":[1331,10,1,1,2,5,1,2,1,1,6,1,2,3,2,2,2,5,2,1,1,1,1,2,1,1,1,2,3,2,2,3,4,12,3,1,1,1,1,1,1,1,1,1,1,1,1,1,1,1,1,1,1,1],"opens":[0,-217,-156,353,152,-266,-188,360,-276,8,283,-410,417,-74,-261,113,140,-455,434,80,-176,-20,231,-5,15,-337,235,-214,237,-479,516,-530,598,-105,103,-177,161,-145,310,-191,23,-143,283,-153,-21,-532,511,-112,411,-576,378,52,-234,545],"highs":[0,-11,-17,94,-48,-59,-46,68,-44,45,-25,28,-17,36,58,-115,32,-46,-17,39,13,-20,15,25,12,-53,16,-13,2,50,-53,33,36,12,120,-49,-46,181,-58,-67,-1,73,-70,-89,18,12,208,32,-31,-8,-117,55,112,218],"lows":[0,14,-144,-102,215,-49,-221,352,-165,28,132,40,-59,-148,90,21,59,-207,126,-103,183,-101,-69,162,66,-189,-98,78,-7,-34,106,23,52,104,72,-226,66,134,71,-256,22,-64,170,-232,135,-74,150,3,255,-154,-108,106,70,150],"closes":[0,-6,-47,-523,588,-625,590,3,14,-57,54,-80,68,-360,337,9,-24,-29,65,42,2,-80,-388,111,71,201,-210,-362,237,392,-564,552,-163,174,-74,120,-426,565,-29,-588,409,219,-242,-150,54,-37,450,-29,74,-115,-337,369,-116,388],"volumes":[0.009076,0.013765,0.015058,0.014414,0.007159,0.01016,0.013861,0.011887,0.01002,0.012,0.011112,0.010656,0.00899,0.017269,0.013061,0.007564,0.010406,0.006475,0.01335,0.01175,0.01248,0.01385,0.01282,0.01387,0.00664,0.01061,0.020791,0.013501,0.01302,0.01269,0.01227,0.01147,0.020272,0.01185,0.01569,0.01559,0.01044,0.01478,0.01583,0.016142,0.01763,0.0178,0.0149,0.020414,0.01555,0.011406,0.014721,0.01416,0.01359,0.01239,0.01163,0.018654,0.020819,0.015771]}