{"timestamp":1455408000000,"multiplier":1.0E-5,"open":0.71029,"high":0.71029,"low":0.71029,"close":0.71029,"shift":60000,"times":[1320,1,2,1,1,1,1,1,1,1,1,3,1,1,1,1,1,1,1,1,1,1,1,1,1,1,1,1,1,1,1,1,1,1,1,1,1,1,1,1,1,1,1,1,1,1,1,1,1,1,1,1,1,1,1,1,1,1,1,1,1,1,1,1,1,1,1,1,1,1,1,1,1,1,1,1,1,1,1,1,1,1,1,1,1,1,1,1,1,1,1,1,1,1,1,1,1,1,1,1,1,1,1,1,1,1,1,1,1,1,1,1,1,1,1,1,1],"opens":[0,0,29,-1,-12,3,-1,7,-27,2,0,-9,10,-20,0,0,0,-1,-1,1,-1,5,-4,0,-3,28,0,32,-32,14,6,-31,-2,-1,14,-11,0,1,0,0,1,-1,8,7,7,9,-1,-1,-23,3,25,15,2,-5,-4,-5,-6,13,4,-4,26,3,14,14,-1,1,-1,6,5,13,0,8,-5,-1,-14,7,4,-7,-1,1,-2,-11,3,0,-13,3,-16,10,0,21,-23,11,-6,22,0,-26,10,-12,-6,-10,-7,0,-2,-4,3,10,17,11,-2,-22,-1,27,2,8,14,-9,3],"highs":[0,20,9,-1,-8,3,7,-4,-26,1,-1,1,0,-20,1,-1,19,-20,-1,1,0,4,-2,-2,25,1,36,0,-23,9,-3,-31,2,14,0,-12,-2,0,1,1,0,3,24,-7,10,-2,1,-2,-21,25,26,15,-12,0,-21,11,-3,3,-1,20,6,11,14,0,-1,0,6,2,22,-5,9,-3,3,0,-18,5,5,-11,-1,0,-1,-6,2,-1,-9,1,-2,-10,22,1,-14,0,17,-1,0,-19,9,-14,-7,-13,-4,-3,2,-4,8,18,11,11,-13,-22,25,5,7,13,2,-6,-1],"lows":[0,0,20,-5,-4,-6,7,-7,-10,5,0,-9,0,-10,0,0,-1,0,-1,1,-1,4,-3,-4,1,23,1,2,0,7,-17,-2,0,0,3,-5,4,2,0,-1,-1,1,4,12,1,13,-6,-19,1,3,17,21,-13,-12,17,-33,26,-2,7,7,13,14,16,0,9,4,1,6,3,11,2,-7,5,-7,-3,7,-2,-1,1,0,-13,0,2,-10,-1,-16,3,7,3,-4,2,-6,11,21,-30,2,-6,1,-14,-10,6,-4,-1,0,1,12,17,9,-18,-27,22,26,1,10,5,0,1],"closes":[0,20,9,-14,5,-3,9,-15,-11,1,-1,0,-9,-10,1,-1,-1,0,-1,1,0,3,-2,-5,29,1,28,-30,14,7,-31,-2,-1,14,-11,-1,2,0,0,2,0,2,11,8,8,-2,2,-20,-3,26,14,2,-3,-4,-5,-2,9,3,-3,26,0,16,14,0,0,-1,6,4,14,0,6,-3,-2,-12,5,3,-6,0,1,-1,-13,4,-1,-11,2,-15,9,0,21,-23,11,-7,24,-1,-25,6,-9,-6,-9,-6,-3,-1,-4,3,9,18,10,-1,-18,-8,28,3,9,14,-9,3,-2],"volumes":[0.75,8.25,3.34,15.07,24.55,118.41,50.05,21.31,7.59,5.24,1.0,3.0,2.0,2.87,17.46,7.12,19.49,1.0,1.0,1.0,2.0,4.11,6.44,17.96,44.0,39.12,50.56,102.65,36.74,48.85,49.32,21.92,30.34,60.49,61.26,60.46,29.85,15.07,16.44,25.86,36.85,23.54,56.45,70.03,58.2,28.58,33.93,60.47,36.1,66.39,94.98,162.76,115.45,91.6,29.79,90.94,95.64,169.29,123.75,157.98,236.27,100.92,87.15,100.2,97.0,39.56,38.56,67.19,149.22,194.78,176.33,154.25,79.47,63.53,48.33,51.0,44.61,12.23,6.5,8.36,30.38,56.76,52.91,57.65,47.65,75.42,33.87,17.72,91.18,80.22,24.96,59.78,65.18,10.75,50.09,65.89,65.72,13.56,54.55,40.98,23.37,14.11,37.08,13.48,20.61,14.12,41.87,19.31,37.39,65.21,66.47,70.61,72.62,85.99,32.24,47.37,24.37]}