{"timestamp":1454803200000,"multiplier":1.0E-5,"open":1.1142,"high":1.11425,"low":1.1142,"close":1.11425,"shift":60000,"times":[1320,1,1,1,1,1,1,1,1,1,1,1,1,1,1,1,1,1,1,1,1,1,1,1,1,1,1,1,1,1,1,1,1,1,1,1,1,1,1,1,1,1,1,1,1,1,1,1,1,1,1,1,1,1,1,1,1,1,1,1,1,1,1,1,1,1,1,1,1,1,1,1,1,1,1,1,1,1,1,1,1,1,1,1,1,1,1,1,1,1,1,1,1,1,1,1,1,1,1,1,1,1,1,1,1,1,1,1,1,1,1,1,1,1,1,1,1,1,1,1],"opens":[0,6,1,6,6,-3,7,4,3,3,5,-2,-9,4,2,-3,-2,1,1,0,0,2,-1,-1,0,-6,-12,-1,2,-8,1,14,3,1,0,0,0,0,6,2,-3,-4,-1,3,1,-8,1,-3,-2,4,2,4,-1,0,6,-10,0,0,2,7,6,3,0,16,-8,-4,3,-1,-1,-2,8,3,1,-13,-3,-3,-11,-3,1,-6,0,1,0,1,2,0,-13,-4,-1,-2,0,0,1,-2,1,1,1,1,3,-1,0,0,1,1,0,2,-3,1,0,8,0,-3,4,-2,-1,-3,0,3,1,6],"highs":[0,2,22,3,-13,6,2,3,8,7,-3,-5,-10,6,2,-1,-2,-3,1,0,2,0,-1,-1,0,-6,-9,0,7,-15,13,3,1,0,3,-3,0,14,-7,11,-13,-2,1,1,1,-9,2,-4,3,0,10,-6,0,5,0,-9,-1,3,6,6,15,-9,24,-5,-13,1,-2,-1,0,11,8,-11,0,-8,-6,-4,-6,-8,0,-3,0,0,1,1,0,-1,-7,-1,-7,-3,-2,1,0,-1,0,6,-2,4,-2,2,-3,2,4,-3,1,0,-1,1,6,5,-4,0,0,-2,2,-5,1,3,8,0],"lows":[0,6,-2,8,6,-3,5,7,3,3,2,-8,0,3,0,-2,0,1,1,0,0,0,1,-1,-6,-14,-3,4,-8,0,2,15,2,2,0,0,0,-1,6,-2,-3,0,0,2,-6,-1,-3,-1,1,4,-1,6,0,-1,-3,-1,0,1,2,6,6,2,2,5,-3,2,1,0,-5,2,8,0,-9,-2,-4,-12,-7,6,-6,1,0,0,0,1,-1,-8,-10,1,0,0,0,0,0,-2,3,0,0,3,2,-3,2,1,-4,5,1,-1,-1,2,0,8,-3,0,2,-1,-4,1,0,2,2,0],"closes":[0,2,0,12,-1,3,6,3,4,4,-1,-10,0,5,-2,-2,2,-1,1,0,2,-1,0,-1,-6,-11,-2,1,-6,0,14,2,2,0,1,-1,0,6,1,-3,-4,0,3,2,-9,0,-1,-2,4,0,6,-2,0,5,-8,-2,1,2,6,5,5,0,15,-6,-4,2,0,-1,-2,6,4,1,-13,-2,-4,-10,-4,1,-5,-1,1,0,2,0,0,-9,-6,0,-4,0,0,1,-1,-2,2,2,0,4,-1,0,0,1,1,1,1,-3,0,1,8,0,-2,2,1,-3,-4,1,1,3,6,-6],"volumes":[2.61,2.24,17.72,10.18,5.5,50.57,36.72,8.15,27.1,40.13,25.07,20.16,1.72,27.8,24.12,29.04,12.59,9.13,2.54,2.4,18.05,19.37,24.0,21.39,23.54,31.03,56.29,26.34,44.22,35.66,61.32,42.6,34.86,18.11,33.49,14.11,24.0,59.17,147.72,103.75,127.6,108.58,75.36,94.25,112.63,47.62,62.59,61.5,45.48,52.93,64.82,58.72,61.36,71.32,94.12,73.5,26.0,77.75,94.2,42.64,159.16,43.06,219.26,292.05,191.82,124.46,127.32,197.36,382.4,233.13,256.63,214.46,227.05,246.28,165.72,194.08,336.67,205.23,280.01,381.78,92.85,133.06,178.7,366.5,398.06,393.01,276.06,365.43,133.82,56.41,279.9,145.8,129.14,35.5,42.25,158.96,111.87,87.49,51.5,90.62,85.25,80.75,83.19,104.25,29.0,86.1,81.99,41.72,112.6,246.25,192.99,46.79,49.84,3.72,33.69,22.2,32.79,90.08,74.58,77.87]}