{"timestamp":1456617600000,"multiplier":1.0E-5,"open":1.09159,"high":1.09159,"low":1.09159,"close":1.09159,"shift":60000,"times":[1320,1,1,1,1,1,1,1,1,1,1,1,1,1,1,1,1,1,1,1,1,1,1,1,1,1,1,1,1,1,1,1,1,1,1,1,1,1,1,1,1,1,1,1,1,1,1,1,1,1,1,1,1,1,1,1,1,1,1,1,1,1,1,1,1,1,1,1,1,1,1,1,1,1,1,1,1,1,1,1,1,1,1,1,1,1,1,1,1,1,1,1,1,1,1,1,1,1,1,1,1,1,1,1,1,1,1,1,1,1,1,1,1,1,1,1,1,1,1,1],"opens":[0,0,4,33,-15,-11,7,-18,9,5,7,-2,-3,0,12,-3,3,-1,-2,-1,1,-13,0,6,1,6,1,3,3,-1,-3,0,0,3,0,2,25,-18,23,6,12,0,0,-2,1,-9,-4,-1,24,-1,-3,-14,-4,1,1,5,0,-41,-26,-8,6,11,15,-5,-11,-10,-25,-3,6,6,-22,-4,6,0,7,7,10,10,41,28,-4,40,13,-34,0,-15,-7,-11,-17,10,5,-10,1,0,-1,3,-7,24,-5,2,13,-17,7,20,-20,0,8,13,8,14,-33,13,15,-2,-2,-12,-3,-12,2,11],"highs":[0,4,33,11,-6,-10,-14,-9,8,4,8,-8,-4,3,12,-2,-2,-1,-2,0,0,-12,5,1,10,-2,2,3,0,1,-1,-4,4,0,0,38,-12,5,7,12,0,-1,0,0,0,-9,-3,37,-14,-3,-3,-14,12,-12,10,-7,4,-45,-22,-6,21,19,-11,-6,-9,-13,-15,-2,0,0,-7,-15,13,7,-5,15,7,43,29,15,19,17,-5,-32,2,-20,-7,-11,-7,5,5,-13,-1,1,1,7,10,0,-1,10,6,-13,19,-1,-20,9,9,11,16,1,-21,12,1,0,11,-27,3,-5,2,2],"lows":[0,0,4,19,-15,1,-9,0,9,5,2,-2,0,1,9,0,3,-4,-2,3,-15,1,0,7,1,7,-1,5,2,-3,0,-3,3,2,1,2,9,-2,23,6,12,-2,0,0,-12,-1,0,0,23,-4,-15,-4,2,1,-1,7,-58,-14,-3,0,2,15,8,-9,-12,-23,-8,4,1,-15,-5,0,10,0,3,10,12,11,39,23,3,34,-22,-4,-4,-10,-9,-16,0,9,-4,-5,5,-3,-6,-1,5,16,4,0,-2,-2,9,0,0,0,6,12,11,-19,0,13,13,-7,-10,-1,-15,-9,8,13],"closes":[0,4,32,-13,-14,11,-20,9,5,7,-3,-4,3,3,4,3,0,-3,1,-1,-13,2,4,2,7,0,3,2,0,-1,-1,-1,3,0,1,26,-16,21,7,11,1,-2,0,1,-9,-5,-1,27,-4,-3,-16,-2,0,2,5,0,-41,-26,-8,5,13,15,-6,-11,-10,-25,-3,6,6,-25,-1,4,2,8,3,13,8,40,31,-5,40,15,-35,1,-16,-5,-13,-14,7,5,-10,1,-1,1,2,-8,25,-4,1,12,-16,5,22,-20,0,6,11,12,15,-34,12,15,-1,-2,-13,-2,-14,4,11,2],"volumes":[2.74,11.79,40.5,35.63,53.26,65.4,78.77,27.99,21.33,30.66,32.07,31.91,55.76,21.76,12.37,23.78,4.0,15.27,25.55,17.99,79.72,38.14,62.35,59.0,27.25,39.5,47.08,33.77,7.73,20.69,15.96,16.59,36.48,54.08,30.48,78.75,74.22,71.8,32.83,39.57,8.5,76.75,78.58,83.87,101.02,95.28,111.66,91.84,25.11,48.82,89.67,61.5,55.23,91.75,74.49,42.5,144.38,115.0,65.18,28.03,211.52,330.9,150.84,111.04,122.98,90.82,158.15,164.81,139.01,202.18,209.92,223.95,160.58,235.75,290.87,134.7,72.44,166.72,179.41,166.77,455.09,402.22,445.81,288.21,451.44,281.29,146.44,158.61,117.06,177.18,89.22,83.18,219.21,209.49,226.35,168.82,218.21,126.74,96.36,87.71,149.67,86.72,146.0,214.52,220.9,74.24,36.19,17.69,72.68,60.49,76.12,50.86,26.0,78.65,204.31,140.68,146.12,134.32,84.87,159.25]}