{"timestamp":1455408000000,"multiplier":1.0E-5,"open":1.12347,"high":1.12394,"low":1.12331,"close":1.12344,"shift":60000,"times":[1320,1,1,1,1,1,1,1,1,1,1,1,1,1,1,1,1,1,1,1,1,1,1,1,1,1,1,1,1,1,1,1,1,1,1,1,1,1,1,1,1,1,1,1,1,1,1,1,1,1,1,1,1,1,1,1,1,1,1,1,1,1,1,1,1,1,1,1,1,1,1,1,1,1,1,1,1,1,1,1,1,1,1,1,1,1,1,1,1,1,1,1,1,1,1,1,1,1,1,1,1,1,1,1,1,1,1,1,1,1,1,1,1,1,1,1,1,1,1,1],"opens":[0,0,51,24,-9,-2,-5,4,2,4,1,3,-5,4,-2,5,5,-5,6,9,1,22,-3,9,-3,-7,-14,0,8,1,8,-13,6,-23,2,-35,-9,-32,13,22,54,-60,20,-17,2,6,-29,3,-1,-17,7,10,-24,1,-11,-18,4,-3,-2,32,49,-27,-13,-11,-17,5,-1,0,-8,-4,0,4,-27,-4,-35,-8,0,4,17,6,-16,-1,5,-7,8,-2,-4,5,13,-3,-21,4,1,7,2,-2,-3,-14,-12,-10,-17,15,-7,-4,-15,-1,-15,-19,1,24,0,40,0,-7,-2,-1,12,-1,-3,7],"highs":[0,-32,48,44,-33,-10,0,4,9,-5,8,-5,0,-2,13,-5,-1,3,7,3,21,1,5,0,-4,-5,-16,8,18,-7,38,-44,0,-20,-2,-35,12,-29,31,20,24,-36,-12,-18,7,-2,3,-15,-15,9,-1,-7,-23,-1,-10,-10,-5,-2,29,49,20,-46,-11,-6,-22,7,-1,-5,-7,3,-3,1,-25,-8,-33,-5,0,15,9,2,-17,1,0,1,0,-1,6,8,0,-3,-13,-3,9,3,-4,-2,0,-17,-12,-8,-3,0,-4,-2,-19,12,-30,-15,22,3,36,5,-5,-7,-2,13,1,-4,8,6],"lows":[0,16,51,15,-5,-3,1,4,1,-2,3,3,0,-3,5,5,0,0,5,7,1,22,0,0,-1,-14,0,0,8,0,-4,-1,-26,6,-30,-8,-35,1,13,14,-2,6,3,-4,5,-28,-36,39,-14,1,6,-27,10,-6,-30,0,0,10,0,34,22,-14,-12,-16,-1,5,0,-11,-1,-1,1,-30,1,-37,-3,-1,0,-12,19,-6,9,-1,-2,0,1,1,2,5,-1,-10,-3,3,5,5,-5,-2,-8,-13,-10,-17,1,8,-5,-21,3,-14,-17,-8,8,21,3,41,-14,5,-1,0,10,-3,1,3],"closes":[0,18,47,4,-3,-4,4,2,7,-5,7,-5,4,-3,6,4,-5,7,8,-1,24,-3,9,-4,-5,-15,0,8,1,9,-14,6,-23,2,-35,-9,-33,14,21,43,-51,24,-18,1,6,-28,3,-1,-18,8,11,-21,-6,-7,-20,3,0,-4,33,34,-11,-13,-13,-16,2,4,-2,-10,-2,0,4,-27,-6,-33,-7,0,2,17,7,-16,-2,5,-5,7,-2,-4,5,13,-3,-20,4,0,7,3,-3,-3,-14,-13,-9,-17,16,-6,-5,-16,-2,-15,-18,-1,27,-2,41,0,-8,-1,-1,12,-1,-3,7,-2],"volumes":[16.47,3.1,5.19,31.46,26.42,101.93,36.93,20.57,31.95,26.35,47.15,47.0,45.0,68.45,82.11,25.43,22.08,38.59,29.69,63.41,128.04,117.05,66.34,34.37,40.75,46.1,38.56,58.74,50.44,24.74,124.25,112.69,76.8,63.45,39.78,35.73,118.74,107.11,123.47,83.09,101.3,108.33,109.74,63.15,76.35,100.0,184.18,103.22,82.63,75.34,110.5,206.49,93.64,127.36,183.94,114.03,108.8,42.79,95.52,163.69,401.21,220.54,213.37,385.93,188.81,229.17,240.73,445.98,295.84,218.78,143.54,151.51,289.3,315.5,236.98,102.34,59.68,154.73,81.77,147.2,126.43,73.75,103.18,61.06,80.46,86.17,83.6,46.88,112.5,136.39,105.39,182.7,73.81,38.9,116.64,118.38,130.29,36.24,67.82,144.89,75.11,50.58,58.67,124.63,94.33,136.2,131.22,39.02,60.25,94.5,138.47,38.59,56.93,27.12,24.84,38.59,81.88,45.1,74.04,157.27]}