{"timestamp":1456012800000,"multiplier":1.0E-5,"open":1.42611,"high":1.42664,"low":1.42597,"close":1.42661,"shift":60000,"times":[1320,1,1,1,1,1,1,1,1,1,1,1,1,1,1,1,1,1,1,1,1,1,1,1,1,1,1,1,1,1,1,1,1,1,1,1,1,1,1,1,1,1,1,1,1,1,1,1,1,1,1,1,1,1,1,1,1,1,1,1,1,1,1,1,1,1,1,1,1,1,1,1,1,1,1,1,1,1,1,1,1,1,1,1,1,1,1,1,1,1,1,1,1,1,1,1,1,1,1,1,1,1,1,1,1,1,1,1,1,1,1,1,1,1,1,1,1,1,1,1],"opens":[0,43,124,40,-41,4,54,18,8,5,-9,7,2,33,-13,13,9,-37,-3,-3,22,-6,21,1,5,42,-15,20,8,-26,10,2,21,5,7,5,2,1,-4,1,-5,61,6,3,-4,-15,5,-2,-6,5,1,1,-10,-10,-28,-1,-9,-4,16,-24,-20,33,27,-31,-6,-12,-14,-6,-30,19,-20,51,21,-4,1,-7,1,3,10,-1,-11,-8,-18,-9,-32,-3,-16,-44,-34,13,4,-18,9,10,15,0,-6,-6,1,-3,-13,-3,-6,11,-15,-48,5,-15,-82,-3,11,11,4,-64,-8,-34,52,-11,3,-9],"highs":[0,115,34,38,-61,41,22,10,7,-4,12,-2,23,4,-1,4,2,-20,-9,14,6,3,4,4,40,23,-18,5,6,-14,7,25,-5,4,5,-1,3,4,-3,6,58,-4,5,-3,-5,-6,-3,1,-4,1,7,-5,-12,-10,-21,0,-16,11,1,-1,-1,19,9,-19,-28,-11,-12,-7,6,-17,53,-5,1,-1,3,-8,1,13,-2,-3,-11,1,-22,-8,-33,-7,-10,-51,-20,3,2,-7,12,9,3,-3,-6,4,0,-7,-18,-3,5,11,-26,2,-45,-14,-58,-4,-1,9,-2,-62,21,-16,1,-9,3,-6],"lows":[0,53,78,-38,44,26,71,17,-40,35,-11,25,-1,-12,42,9,-35,6,0,-1,7,6,22,3,5,27,0,5,-6,2,11,2,-8,34,7,-6,-2,2,8,-1,-1,51,16,-5,-30,10,11,-13,8,4,-1,-10,-9,-28,-3,-5,-6,0,-1,-34,10,27,-1,-3,-16,-12,-6,-28,-3,2,-1,52,14,1,-5,-4,6,3,9,-19,-10,-10,-14,-30,0,-24,-34,-38,0,14,-12,-3,9,11,16,-12,3,-1,-6,-11,-2,-6,-4,0,-50,-3,-10,-96,-2,13,16,12,-60,-41,-1,0,36,4,-7,1],"closes":[0,117,35,-35,3,50,21,9,9,-12,5,2,34,-13,13,5,-33,7,-6,14,-5,20,4,3,41,-14,20,4,-24,12,2,22,8,3,2,1,5,-7,4,-4,63,3,4,-3,-21,13,-6,-3,3,1,-3,-7,-11,-27,-1,-9,-7,4,-5,-33,42,27,-31,-4,-14,-14,-6,-30,19,-20,51,20,-3,0,-6,1,1,11,0,-14,-7,-16,-9,-37,2,-15,-45,-36,15,4,-18,7,12,15,0,-6,-5,1,-3,-14,-3,-6,10,-14,-49,6,-16,-82,1,8,11,4,-64,-6,-36,53,-12,4,-10,6],"volumes":[29.98,48.0,39.94,56.99,80.64,131.13,87.25,46.85,89.09,74.17,135.13,132.75,98.25,155.66,78.28,42.27,132.42,52.79,62.06,73.9,90.06,156.29,186.11,62.84,76.3,112.2,28.1,43.5,67.12,34.05,99.07,83.36,60.7,12.93,10.04,30.09,54.85,50.0,49.4,60.87,78.48,38.95,38.5,18.77,51.6,58.0,91.12,68.1,34.0,13.5,17.0,61.68,70.43,55.86,90.55,74.29,144.19,143.92,80.39,72.6,242.23,161.74,266.34,179.28,94.96,73.77,117.26,168.02,172.06,70.16,198.08,99.27,77.46,59.25,93.48,62.81,50.1,63.9,38.59,44.73,75.05,97.74,95.19,163.45,73.79,108.66,224.9,221.14,137.14,54.94,72.27,195.28,257.62,88.82,81.74,107.22,67.25,80.07,106.95,117.55,122.83,94.96,112.81,115.48,205.79,172.3,148.23,220.46,158.49,123.71,64.03,71.15,141.35,154.46,232.52,97.09,88.15,95.31,69.51,58.65]}