{"timestamp":1629590400000,"multiplier":1.0E-5,"open":1.36156,"high":1.36164,"low":1.36156,"close":1.36164,"shift":60000,"times":[1260,2,1,2,1,1,2,2,3,1,1,1,1,1,1,1,1,1,1,1,1,5,5,1,3,1,1,2,1,1,1,4,4,1,1,1,1,1,1,1,1,1,1,1,1,1,1,1,1,1,1,1,1,1,1,1,1,2,1,1,1,1,1,1,1,1,1,1,1,1,1,1,1,1,1,1,1,1,2,1,1,1,1,1,1,1,1,1,1,1,1,1,1,1,1,1,2,1,1,1,1,1,1,1,1,1,1,1,1,1,1,1,1,1,1,1,1,1,1,1,1,1,1,1,1,1,1,1,1,1,1,1,1,1,1,1,1,1,1,1,1,1,1,1,1,1,1,1,1,1,1,1,1,1],"opens":[0,8,0,0,0,0,0,0,0,-11,3,-8,0,0,1,6,0,-8,-14,0,0,0,0,-21,-10,15,-16,1,51,-40,-15,0,-2,0,3,18,6,49,23,7,-10,0,30,-10,20,1,1,24,8,19,6,-13,6,-41,22,2,1,-2,-8,-1,-13,-1,2,8,-5,-12,2,-12,-9,0,0,1,5,-17,-7,0,2,6,2,-2,1,4,4,0,-2,2,0,-10,20,3,1,9,-8,-7,-8,0,-1,-8,-1,-3,36,7,0,0,-8,-13,5,-2,1,-2,-2,3,1,19,2,0,-1,-1,18,-18,3,-5,0,-1,0,-8,-11,1,7,8,14,2,-13,-7,-1,-2,2,-7,4,-1,-2,-3,5,-1,8,0,8,2,-9,-13,-3,1,-7,1],"highs":[0,0,0,0,0,0,0,0,0,-8,0,-8,0,2,-1,48,-42,-7,-15,0,0,0,0,-21,-10,15,-16,82,-30,-40,-15,0,-2,0,4,23,9,61,22,-3,-17,23,8,7,3,9,15,7,28,-3,7,-21,8,-20,4,-1,-1,-2,-8,-1,-11,0,9,-2,-5,-11,1,-12,-1,0,-2,-5,5,-17,-6,-1,10,-1,1,-2,1,9,-1,0,0,0,5,6,1,3,7,1,-6,-9,-5,2,-6,-8,-1,35,9,-3,0,-1,-7,-9,2,-4,1,-2,6,-4,20,1,1,0,1,16,-2,-13,0,-7,1,-2,0,-6,-9,-2,12,17,3,9,-24,-6,-2,0,0,-2,0,-2,-2,-3,6,9,-2,6,3,0,-9,-13,-1,-1,-5,20],"lows":[0,8,0,0,0,0,0,0,0,-11,-6,0,1,-1,0,8,-8,-14,0,0,0,0,0,-32,1,-1,-2,3,0,11,-15,0,-2,0,0,21,3,23,33,15,1,0,18,-4,-22,32,-3,45,8,4,7,-1,-34,1,21,3,1,-11,-1,-14,1,-8,8,6,-13,0,-8,-12,0,0,-1,2,-11,-3,-5,1,2,6,0,0,1,4,4,-2,0,1,-8,-1,20,3,1,1,-10,-6,-1,-10,1,0,-4,2,36,5,2,-9,-12,-1,4,-1,-1,0,-1,2,2,19,2,0,-2,0,-2,2,1,-5,2,-1,-10,-11,2,1,7,8,14,-9,-8,-2,-3,1,-4,-2,4,-2,-4,0,6,-1,8,0,1,-1,-8,-6,-1,-6,0,1],"closes":[0,0,0,0,0,0,0,0,0,-8,-8,0,0,1,-2,50,-49,-15,0,0,0,0,0,-32,1,0,-3,13,-10,11,-15,0,-2,0,0,27,0,62,16,-8,-1,11,10,19,4,-2,22,11,18,5,-11,-2,-35,22,2,3,-1,-11,1,-12,-1,-2,11,-5,-13,1,-9,-12,2,-2,6,-4,-12,-1,-5,-1,10,-1,0,-1,1,9,-1,-2,2,-1,-7,19,1,3,7,-7,-8,-8,-1,-8,0,1,-5,37,10,-4,2,-8,-14,5,-1,-2,-1,0,1,1,20,2,1,0,-3,19,-21,5,-2,-5,2,-1,-10,-11,6,-2,11,16,2,-10,-8,0,-4,1,-4,3,-1,-3,-4,1,6,5,2,6,2,-9,-8,-6,0,-5,0,19],"volumes":[1.86,1.11,1.11,3.24,0.72,1.44,0.36,0.72,4.32,1.3,39.35,52.03,10.64,8.54,2.42,3.155,4.12,1.62,0.74,0.37,0.37,0.37,0.37,1.44,0.75,4.88,1.07,5.51,2.14,0.75,0.3,0.1,0.75,0.75,3.23,1.5,17.88,180.1661,240.685,18.63,4.72,30.7,22.12,15.3537,49.2824,39.6,40.3274,24.56,64.73,47.34,38.73,7.12,84.19,115.63,14.48,1.11,0.37,6.36,31.65,12.82,10.46,13.2,26.16,8.59,25.11,3.37,17.04,6.7,10.85,17.2,20.54,3.74,13.46,8.2,22.5,0.75,3.75,1.5,3.75,0.75,0.75,4.87,0.75,5.25,7.69,6.0,24.75,12.56,3.0,3.0,1.5,4.5,43.43,14.25,23.85,31.17,29.53,11.62,20.55,76.12,10.52,5.63,0.76,18.92,18.57,1.68,5.35,3.19,4.5,3.74,11.1,4.5,7.5,10.89,1.5,3.0,11.25,10.3,16.68,8.25,6.75,3.75,3.0,2.25,13.37,19.52,3.82,0.85,6.41,7.35,1.87,10.38,9.24,19.4,0.95,1.8,4.38,7.36,3.41,3.31,5.79,4.5,3.0,12.7,3.0,6.85,6.75,6.45,10.8,1.72,1.14,5.56,3.46,20.67]}