{"timestamp":1628985600000,"multiplier":1.0E-5,"open":1.38553,"high":1.38571,"low":1.38552,"close":1.38571,"shift":60000,"times":[1260,1,3,1,1,1,1,1,1,1,1,2,2,1,1,1,1,1,1,1,1,2,1,1,1,1,1,1,1,1,1,1,1,1,1,10,1,1,1,7,1,1,1,1,1,1,1,1,1,2,1,1,1,1,1,1,1,1,1,1,1,3,1,1,1,1,1,1,1,1,1,1,1,1,1,1,1,1,1,1,1,1,1,1,1,1,1,1,1,1,1,1,1,1,1,1,1,1,1,1,1,1,1,1,1,1,1,1,1,1,1,1,1,1,1,1,1,1,1,1,1,1,1,1,1,1,1,1,1,1,1,1,1,1,1,1,1,1,1,1,1,1,1,1,1,1,1,1,1,1,1,1,1,1,1,1,1],"opens":[0,32,17,0,0,0,-4,0,0,2,-2,0,0,0,0,0,0,0,0,0,0,0,0,0,0,0,-9,-12,0,-3,15,3,0,0,4,-4,11,-10,0,2,41,21,29,20,11,-26,5,-1,-1,1,0,-2,5,5,6,-4,12,2,-1,0,-2,1,2,-15,-4,-17,-4,-10,10,0,1,-2,-1,0,-18,5,2,5,3,3,0,-4,-1,4,0,-8,1,-2,1,0,2,0,2,-3,-1,-1,-11,3,0,2,4,-6,2,1,4,14,0,-2,-2,2,-1,3,-3,1,-10,0,-11,-1,-1,2,0,0,3,-4,1,-1,-1,-7,-2,2,8,2,-2,-2,1,3,-10,3,-6,2,2,-1,1,-1,2,-3,0,-6,1,-1,2,-2,-4,-8,-1,-9,2],"highs":[0,31,0,0,0,0,-4,0,16,-14,-2,0,0,0,0,0,0,0,0,0,0,0,0,0,0,0,-5,-10,-6,16,-1,3,-2,0,3,-3,10,-10,2,0,74,28,10,10,10,-33,2,-1,-1,1,0,-1,8,5,2,8,4,4,-7,0,-2,1,2,-15,-4,-17,-2,9,-9,5,-6,-2,0,1,-18,7,2,7,0,1,0,-5,7,0,-3,-8,0,1,-2,0,3,7,-3,-6,5,-6,-8,7,-3,1,1,0,-1,1,11,10,-7,-2,0,0,2,0,-3,1,-8,-2,-11,0,-2,2,0,1,2,-2,0,-1,-2,-6,1,8,0,0,-2,1,0,1,-7,0,-2,4,-3,-2,3,-1,1,-2,-1,-6,3,-2,0,-2,-3,-6,-4,-7,16],"lows":[0,33,17,0,0,-5,1,0,0,0,0,0,0,0,-2,2,0,0,0,0,0,0,0,0,0,-20,5,-6,0,-3,15,1,2,0,1,-1,11,-33,23,1,0,61,31,20,-16,-6,9,0,1,0,0,-1,5,3,-4,8,12,2,-1,0,-2,0,-12,-6,-15,-3,-23,9,13,-1,0,0,-2,-15,-2,0,6,5,1,5,-5,-1,2,3,-8,1,-8,7,1,0,0,-1,-1,3,-1,-11,-1,3,0,-2,3,-1,0,-3,9,12,1,-2,0,1,0,2,-2,-9,-11,-1,0,0,-1,1,0,-9,11,-11,9,0,-5,-5,0,1,9,1,-1,-4,3,-7,0,-4,-4,7,0,0,0,0,0,-1,-7,-3,5,-1,3,-6,-9,-1,-7,-2,3],"closes":[0,31,0,0,0,-5,1,0,0,0,0,0,0,0,0,0,0,0,0,0,0,0,0,0,0,-10,-4,-1,-6,16,-1,1,0,0,0,0,10,-33,25,-1,60,32,21,10,-27,4,1,-1,0,1,0,-1,8,5,-1,11,4,0,-3,0,-2,0,-12,-6,-15,-3,-12,13,-1,1,-3,0,0,-17,0,7,2,7,0,0,-1,-6,6,2,-11,2,-3,4,-2,0,1,1,-4,3,1,-12,1,1,1,0,-1,2,0,3,11,1,1,-2,1,1,2,0,-3,-8,-2,-11,0,1,-2,1,1,1,0,-1,1,-1,-6,-5,2,10,0,-1,-1,-4,5,-8,1,-6,5,4,-4,-2,1,0,1,-2,-5,0,0,1,0,-5,-10,-1,-6,-1,14],"volumes":[2.37,8.67,0.37,2.59,3.27,2.2192,1.35,1.27,24.58,15.35,0.9,0.74,0.74,9.0,5.4236,6.3,17.55,1.48,2.59,2.22,0.74,6.08,1.88,0.37,0.37,4.21,4.21,1.5,0.75,3.37,2.62,6.15,1.5,3.0,1.5,2.25,0.1,5.6,0.85,1.5,180.9485,217.6674,20.1,4.82,68.4,25.05,1.86,3.73,1.87,7.86,13.49,4.87,3.0,7.85,34.28,13.65,6.37,3.0,0.75,1.12,3.0,1.49,16.88,2.44,2.82,1.13,35.93,25.92,1.31,30.4,2.24,1.11,2.24,29.86,1.12,16.8,7.85,13.48,31.7,89.22,362.14,9.37,15.21,21.0,45.72,6.52,7.47,8.8,1.12,3.74,95.98,40.83,37.4,0.75,17.8,18.34,37.11,53.36,53.23,25.35,32.57,14.21,12.07,24.74,17.8,41.47,5.25,7.5,6.0,3.75,3.0,2.25,0.75,27.34,33.16,14.96,5.24,16.5,3.75,3.75,4.5,28.68,1.12,24.43,3.37,7.86,7.12,11.69,9.76,9.88,7.28,0.85,1.12,9.11,6.52,57.97,12.75,24.75,14.69,11.25,3.33,2.39,5.49,6.18,2.62,6.14,21.82,7.5,3.0,6.75,1.5,2.16,7.18,3.23,2.33,3.39,8.37]}