{"timestamp":1440892800000,"multiplier":1.0E-5,"open":1.11703,"high":1.11712,"low":1.11693,"close":1.11712,"shift":60000,"times":[1260,1,1,1,1,1,1,1,1,1,1,1,1,1,1,1,1,1,1,1,1,1,1,1,1,1,1,1,1,1,1,1,1,1,1,1,1,1,1,1,1,1,1,1,1,1,1,1,1,1,1,1,1,1,1,1,1,1,1,1,1,1,1,1,1,1,1,1,1,1,1,1,1,1,1,1,1,1,1,1,1,1,1,1,1,1,1,1,1,1,1,1,1,1,1,1,1,1,1,1,1,1,1,1,1,1,1,1,1,1,1,1,1,1,1,1,1,1,1,1,1,1,1,1,1,1,1,1,1,1,1,1,1,1,1,1,1,1,1,1,1,1,1,1,1,1,1,1,1,1,1,1,1,1,1,1,1,1,1,1,1,1,1,1,1,1,1,1,1,1,1,1,1,1,1,1,1,1,1,1],"opens":[0,36,30,-21,6,-11,-4,-20,-19,4,-3,-1,6,29,-2,-2,-18,-3,0,1,8,-1,12,-4,-4,5,-4,-3,17,-9,-1,-10,0,23,3,-1,4,-23,12,0,-7,-1,6,-2,0,-1,1,0,0,1,-1,2,-1,-1,4,13,4,7,4,-1,9,-5,0,-7,-3,22,-6,18,-3,4,15,-6,-12,20,-21,6,45,-25,25,-20,0,-1,-19,-26,9,0,39,0,4,0,8,31,10,16,-4,-17,8,44,53,10,56,-10,38,-10,9,2,-16,7,-20,8,14,-22,-20,2,-39,16,-9,-7,2,1,-8,27,16,5,-27,52,-36,-14,0,-1,-17,2,-2,-9,-2,11,10,2,9,19,58,3,-59,16,4,8,0,0,8,2,-9,-3,9,-9,3,0,-15,3,8,1,1,-1,2,-4,36,9,10,33,-5,2,-1,9,4,-3,1,8,0,-2,-27,-14],"highs":[0,62,36,-57,62,-61,-3,-29,-12,-5,0,-1,48,-16,-3,-2,-7,-5,-2,6,-4,15,-4,5,-10,10,-12,17,4,-16,7,-14,19,6,-3,1,2,-10,-1,1,-2,2,-3,0,-1,-2,5,0,0,0,1,-1,-2,3,13,6,10,0,1,22,-2,0,-13,-2,7,13,0,-1,7,9,0,4,8,23,-16,23,-10,1,1,-22,7,-3,-24,-15,6,31,27,3,-22,6,42,-2,16,0,-4,-10,48,46,59,13,13,15,22,-17,3,-10,2,-10,1,11,0,-33,-6,-12,-9,-14,-8,9,-11,2,13,27,-5,0,27,-2,-36,-13,0,-1,-15,0,-2,-9,10,11,-1,8,29,51,19,-18,-41,3,8,0,-1,12,6,7,-22,5,0,-5,0,-2,-11,8,1,1,0,0,0,43,-1,11,40,-9,-3,0,8,6,0,-1,6,-1,0,-2,-26,-1],"lows":[0,45,10,-1,-4,-2,-26,-16,-1,3,-2,1,6,23,1,-16,-3,-11,10,-1,6,-14,24,-3,-5,-2,6,-8,12,-14,0,-2,5,13,13,2,-9,-11,-2,4,4,-1,4,0,0,-1,1,0,0,1,-1,2,-3,1,4,8,5,8,7,-1,-2,-2,-3,1,0,10,-6,25,1,5,5,-9,1,0,-1,5,16,5,5,-1,-49,17,-21,8,1,2,44,1,3,-5,13,32,9,13,-21,-7,19,44,30,18,54,7,31,-9,6,-5,0,-13,-10,12,4,-27,0,-41,5,6,-8,-12,13,-7,-1,30,-3,-5,-7,14,-4,1,0,-29,10,1,-9,-1,0,11,10,0,9,20,37,-35,-2,9,12,9,0,0,8,-6,-3,0,0,0,2,-16,2,2,9,1,1,-5,0,-2,40,9,10,28,0,-1,1,9,-5,7,1,7,-1,-30,-12,-5],"closes":[0,57,-21,2,-7,-2,-22,-19,5,-3,-3,5,31,-3,-1,-8,-9,0,3,6,-4,15,-9,-3,3,-1,-1,17,-12,-1,-12,0,25,5,-5,4,-10,2,-11,9,0,2,-4,0,0,-2,1,4,0,-1,2,-1,-3,4,13,3,8,4,2,2,1,-2,-8,-1,20,-6,19,-4,5,14,-6,-12,20,-20,5,45,-29,30,-21,0,-1,-19,-27,9,1,38,1,4,2,6,31,10,14,0,-20,9,44,50,13,56,-10,38,-7,6,3,-17,7,-20,9,10,-13,-27,2,-40,18,-9,-5,0,-2,-4,24,18,5,-27,53,-37,-14,1,-1,-19,2,-1,-10,-1,11,10,1,9,21,58,1,-59,18,2,9,-1,0,8,3,-8,-3,9,-10,2,1,-16,4,9,0,2,-1,1,-6,37,10,11,34,-7,1,0,9,2,0,0,9,-1,-1,-27,-15,3],"volumes":[5.79,4.79,1.64,16.81,36.38,26.4,45.87,58.27,33.49,9.8,19.1,14.16,18.27,11.0,5.25,18.25,13.0,18.25,8.74,11.0,28.77,34.67,23.96,11.25,19.25,41.52,5.0,39.77,22.73,30.32,43.47,14.35,27.5,39.71,2.1,4.0,9.75,4.49,7.37,5.82,8.8,3.37,6.31,10.21,6.81,4.5,6.74,3.87,2.95,3.2,17.17,2.87,24.33,23.31,17.71,60.6,57.17,22.07,61.5,46.9,105.72,55.4,45.71,45.48,53.55,102.86,78.43,56.4,53.06,59.54,53.85,83.28,114.86,136.86,77.94,86.33,70.41,113.24,81.48,17.99,111.2,58.8,94.28,71.24,72.8,94.68,144.65,92.3,34.93,82.23,101.33,35.59,55.86,44.03,73.46,58.51,111.57,108.96,197.51,134.25,192.98,137.07,161.23,72.54,63.44,70.8,78.04,42.56,81.88,117.69,93.96,214.95,59.79,209.99,89.73,103.94,126.27,152.74,80.38,183.84,72.7,113.75,136.19,90.23,150.35,202.65,73.95,33.07,56.12,123.11,51.54,72.15,96.06,51.68,118.26,94.48,37.2,40.41,142.02,111.6,159.15,95.01,49.45,63.3,48.1,40.35,13.75,39.62,75.41,150.72,55.96,44.29,41.63,28.08,19.5,53.5,26.62,20.54,7.25,33.79,92.2,106.83,32.87,121.33,20.61,46.44,117.98,55.47,61.06,59.55,55.99,56.69,87.07,37.22,48.92,41.21,40.49,90.35,69.82,95.03]}