{"timestamp":1438473600000,"multiplier":1.0E-5,"open":1.30855,"high":1.30886,"low":1.30855,"close":1.30875,"shift":60000,"times":[1260,1,1,1,1,1,1,1,1,1,1,1,1,1,1,1,1,1,1,1,1,1,1,1,1,1,1,1,1,1,1,1,1,1,1,1,2,1,1,1,1,1,1,1,1,1,1,1,1,1,1,1,1,1,1,1,1,1,1,1,1,1,1,1,1,1,1,1,1,1,1,1,1,1,1,1,1,1,1,1,1,1,1,1,1,1,1,1,1,1,1,1,1,1,1,1,1,1,1,1,1,1,1,1,1,1,1,1,1,1,1,2,1,1,1,1,1,1,1,1,1,1,1,1,1,1,1,1,1,1,1,1,1,1,1,1,1,1,1,1,1,1,1,1,1,1,1,1,1,1,1,1,1,1,1,1,1,1,1,1,1,1,1,1,1,1,1,1,1,1,1,1,1,1,1,1,1,1],"opens":[0,19,-18,1,11,-11,3,1,-5,-1,1,-1,1,-6,0,0,0,0,-20,-1,1,-1,1,0,0,8,1,0,-1,0,0,0,0,1,-1,-9,-10,-8,0,1,1,0,0,15,0,0,0,0,8,0,1,0,-2,2,0,16,3,2,-10,-3,-28,-1,-6,-9,-10,1,6,4,4,0,32,19,-1,2,-3,21,-4,-9,11,-11,-3,-1,6,2,3,-7,-3,3,-3,2,-16,-16,1,0,-1,-7,-9,-1,1,0,-1,0,1,-1,-1,1,5,28,-3,-10,0,0,-1,1,15,7,4,13,17,10,-3,1,1,2,0,-8,1,1,15,12,0,33,-7,1,2,-1,-2,-7,1,9,20,1,4,6,6,4,-1,1,2,-3,-2,5,4,-2,1,12,4,1,-1,7,74,18,8,-14,27,12,12,21,-3,31,-19,10,8,-1,-2,6,23,30],"highs":[0,-6,-24,1,11,-10,3,0,-5,0,0,0,4,-10,0,0,0,0,-19,-1,0,-1,1,0,9,0,0,0,-1,0,0,0,0,1,0,-9,-11,-8,1,0,1,0,16,-1,0,0,0,9,-1,0,1,0,0,1,20,-2,0,8,-15,-4,-23,-6,0,-15,-7,5,3,6,4,24,20,11,-9,7,10,4,-7,-1,3,-11,-1,1,8,7,-8,-5,0,-1,-2,0,-14,-17,0,0,0,-8,-9,-1,1,0,0,8,-8,-1,0,9,14,24,-17,-10,0,0,0,14,1,14,12,17,7,4,-5,0,2,4,0,-9,-1,9,20,0,32,1,-6,2,-1,-1,-2,-6,8,22,-1,6,7,3,11,-6,0,2,0,-1,8,-4,2,-1,15,-2,4,-1,6,72,43,-8,-7,10,23,2,26,-3,33,-5,0,14,0,-15,6,20,37,-6],"lows":[0,2,-1,1,0,0,3,-5,0,0,0,0,-5,0,0,0,0,-20,0,-6,6,-1,1,0,-1,0,10,-1,0,0,0,0,0,1,-9,-11,-11,3,0,0,2,-1,1,15,0,0,0,0,7,0,0,0,0,1,1,16,3,-12,3,-30,-1,-10,-12,-3,0,-3,9,1,0,8,32,14,4,-3,2,17,-25,11,2,2,-3,0,6,-1,0,-4,0,-3,3,-18,-12,0,0,0,-7,-7,-3,0,0,0,0,0,1,-1,-1,-8,13,26,-9,-1,-1,0,0,1,15,7,2,15,17,6,1,1,1,2,-2,-13,6,1,10,18,1,25,1,1,1,-3,-6,0,0,10,19,2,4,6,4,0,4,1,-1,-10,8,6,3,-1,1,12,3,0,0,8,73,19,-12,6,26,10,14,17,0,2,12,8,8,-1,-7,7,25,17],"closes":[0,-18,-1,1,0,1,2,-5,1,-1,1,0,-6,0,0,0,0,-20,0,0,0,-1,1,0,8,1,0,-1,0,0,0,0,0,1,-9,-11,-8,0,1,-1,2,0,15,0,0,0,0,8,0,0,-1,0,2,-1,12,8,0,-5,-4,-28,1,-10,-8,-11,1,6,3,3,0,32,19,-2,5,-3,19,-2,-10,9,-8,-1,-3,4,4,11,-13,-5,3,-4,3,-17,-15,1,-1,0,-7,-7,-3,0,0,0,1,0,0,-1,0,4,17,9,-9,-1,0,-1,1,14,1,11,15,14,5,3,0,1,2,2,-3,-4,-3,11,19,1,32,-7,1,2,-1,-3,-6,1,8,22,-1,5,6,4,12,-9,3,0,-1,-2,5,3,0,0,9,4,4,-2,7,69,24,8,-13,23,17,7,27,-8,36,-21,13,3,3,-5,8,21,31,-14],"volumes":[3.59,6.07,1.42,0.75,2.95,7.52,11.0,43.25,54.05,28.75,31.05,37.35,14.96,5.45,5.23,1.12,6.55,9.38,5.86,10.4,6.92,3.14,37.45,31.03,41.96,8.57,2.0,4.14,1.37,1.37,3.24,3.74,4.0,1.75,33.25,12.65,11.6,3.62,8.03,7.01,6.24,14.67,9.11,2.44,5.48,2.74,4.11,16.23,3.12,3.49,3.86,4.57,6.19,4.86,24.08,13.45,1.45,13.61,4.5,15.64,4.99,3.47,63.27,17.73,70.22,42.99,33.64,63.7,59.55,38.09,19.0,41.12,9.0,27.0,37.35,18.49,135.77,36.53,46.43,6.1,11.23,16.34,23.59,16.22,31.67,39.67,21.96,15.49,14.33,24.95,16.22,5.61,3.12,5.87,19.08,9.98,3.19,1.1,2.1,2.2,2.2,9.34,1.0,3.0,6.0,31.86,30.09,22.17,7.37,2.24,3.12,2.12,2.0,6.61,1.0,12.61,10.0,21.0,22.0,20.96,5.0,25.05,18.68,12.23,11.76,22.17,10.34,27.0,65.46,36.34,67.82,36.2,18.6,13.24,10.0,13.6,32.2,25.97,30.85,46.75,7.11,20.68,47.31,20.48,27.19,51.4,9.1,28.82,17.18,33.05,22.32,25.32,22.84,9.34,24.8,23.92,7.74,13.0,16.0,112.54,146.29,44.33,42.6,26.79,26.94,19.2,76.84,17.23,56.74,62.5,34.56,55.77,51.94,31.15,39.0,56.82,48.87,58.31]}