{"timestamp":1283644800000,"multiplier":1.0E-5,"open":0.95113,"high":0.95141,"low":0.95113,"close":0.95127,"shift":60000,"times":[1260,1,1,1,1,1,1,1,1,1,1,1,1,1,1,1,1,1,1,1,1,1,1,1,1,1,1,1,1,1,1,1,1,1,1,1,1,1,1,1,1,1,1,1,1,1,1,1,1,1,1,1,1,1,1,1,1,1,1,1,1,1,1,1,1,1,1,1,1,1,1,1,1,1,1,1,1,1,1,1,1,1,1,1,1,1,1,1,1,1,1,1,1,1,1,1,1,1,1,1,1,1,1,1,1,1,1,1,1,1,1,1,1,1,1,1,1,1,1,1,1,1,1,1,1,1,1,1,1,1,1,1,1,1,1,1,1,1,1,1,1,1,1,1,1,1,1,1,1,1,1,1,1,1,1,1,1,1,1,1,1,1,1,1,1,1,1,1,1,1,1,1,1,1,1,1,1,1,1,1],"opens":[0,-32,6,34,-9,30,15,-17,-41,31,5,-44,101,-43,-37,14,25,-19,20,8,-5,11,73,-6,-56,-14,45,-60,1,15,30,-13,20,-1,-13,10,35,-29,-14,53,-52,-22,36,-5,-9,-12,29,-91,33,18,-12,-3,13,19,-48,37,-69,6,7,24,8,1,-7,7,17,-26,-11,2,-1,-2,-8,-2,26,5,17,17,-11,-12,10,-9,18,-39,18,1,1,-11,-14,13,0,51,-6,3,8,-14,1,-28,16,-3,12,-17,-12,-8,-7,-12,-21,4,10,5,-7,0,16,-11,2,3,9,-15,-28,9,16,-20,-13,-17,10,-8,-13,-32,0,-3,16,-20,2,24,14,9,-9,-12,2,3,2,0,17,7,-24,4,1,0,-15,-5,-7,2,-10,7,1,7,-12,2,9,-25,-3,3,14,0,4,-3,-4,-3,-1,9,1,4,10,0,-5,-10,5,10,-19,7,19,0],"highs":[0,-54,35,5,15,7,8,-17,-20,16,15,-60,101,-40,-3,-3,7,-21,28,2,0,85,-3,-11,-56,-14,45,-60,20,39,-11,28,-8,-16,1,47,-16,-24,-19,53,-25,-12,4,-5,-10,-11,24,-56,31,-9,-15,21,3,9,-55,37,-69,14,14,16,8,0,-11,36,-14,-22,-14,9,-9,-2,-8,27,10,3,35,-11,-10,-14,10,1,8,-27,17,-9,0,-6,10,-15,62,-12,-4,8,1,-10,2,-17,4,3,8,-15,-20,-8,-2,-16,-8,4,6,-4,-3,7,9,-5,4,-1,5,-20,-19,22,-4,-20,-7,-8,-3,-12,-13,-28,2,10,-3,-14,23,13,13,-4,-1,-16,12,-10,12,7,7,3,-26,2,5,-5,-16,-5,-4,0,0,4,-4,4,-9,10,-2,-25,1,17,8,-5,-3,8,-14,-4,3,7,4,29,-19,-1,1,-1,22,-5,-27,21,8,42],"lows":[0,-33,7,34,-9,24,-10,14,-67,57,5,-44,59,-6,-32,14,22,-16,20,3,0,10,73,-53,-8,-14,19,-43,10,15,9,8,12,5,-11,10,-2,5,-11,-7,3,-20,39,-14,0,-20,-15,-39,33,0,-1,2,15,-20,-9,-10,-22,6,7,24,4,-6,1,10,-20,0,-1,0,1,-10,-15,11,29,0,16,14,-4,-11,4,-2,-8,-13,18,-2,-16,-9,1,9,-2,38,15,3,-3,-8,-20,-1,6,5,-14,3,-13,-8,-3,-27,-1,4,10,-3,-4,5,-2,7,-4,9,-2,-43,5,10,1,-26,-20,15,1,-25,-34,2,5,-1,4,-5,6,23,15,0,-24,11,1,-3,10,0,15,-11,-5,0,1,-10,-10,-11,4,-4,1,7,0,-6,2,2,-15,-6,1,4,14,-2,6,-6,-7,2,0,7,0,2,7,1,-5,-3,4,-8,-1,6,5,10],"closes":[0,-40,32,7,16,7,-5,-4,-67,63,15,-60,59,2,-5,-1,3,-17,28,-1,1,87,-8,-51,-11,-14,19,-34,20,30,-20,23,14,-17,3,46,-46,7,-19,4,24,-12,-1,-13,-1,-7,-28,-4,30,-21,-3,21,4,-31,-15,-8,-24,14,14,16,0,-7,4,26,-22,-17,-3,3,-2,-10,-8,33,5,11,27,-13,0,-15,4,4,-8,-7,10,-2,-14,-12,16,-1,50,-10,6,8,-11,-3,-25,14,0,6,-15,-6,-11,-8,-4,-26,11,2,5,-7,3,5,-3,-2,2,12,-11,-32,9,18,-16,-21,-15,12,-12,-15,-31,0,2,17,-18,-3,23,15,10,-10,-8,-2,5,1,-1,15,8,-17,-6,6,-1,-15,-6,-8,4,-9,3,4,3,-5,0,9,-25,-4,4,16,3,-5,3,-6,-2,-3,4,3,6,11,1,-6,-3,-2,14,-21,7,19,-3,44],"volumes":[41.66656,4.0,15.2,4.0,6.4,6.0,21.0,1.0,15.4,2.0,3.0,1.0,31.07925,59.44739,12.0,3.0,7.0,1.0,3.0,9.0,5.0,25.0,6.0,30.0,1.0,1.4,22.84275,4.0,7.0,19.0,10.0,32.2,19.0,3.0,8.0,12.0,15.0,7.0,1.0,94.47796,40.5076,13.5,5.0,19.0,6.0,10.0,31.5882,9.0,11.0,20.0,26.0,16.0,3.0,35.0,1.0,46.47096,2.0,5.0,4.0,2.0,14.0,24.7,5.4,39.9,61.1,28.8,10.5,26.0,2.7,4.6,40.7,62.4,23.9,19.1,68.6,18.4,3.0,3.6,11.0,13.0,36.33526,8.7,21.5,8.0,16.4,18.0,27.7,14.0,112.5,55.4,15.3,7.2,30.1,24.1,39.7,20.8,40.8,23.7,38.0,23.4,16.0,7.0,11.0,42.0,6.0,14.0,12.0,11.9,15.8,14.0,58.8,32.2,48.3,8.0,18.6,77.4,26.2,32.0,30.4,46.5,85.2,112.7,50.8,63.1,79.9,60.2,59.9,42.0,14.1,18.8,24.1,37.0,9.0,25.0,50.8,13.8,101.5,79.2,82.6,89.3,33.7,63.2,9.9,9.4,40.2,10.4,9.6,75.4,37.6,31.7,34.2,12.4,15.2,29.6,11.2,14.6,47.4,15.6,21.4,50.2,44.5,4.0,1.0,61.2,19.7,3.4,11.5,23.0,65.7,87.3,62.6,24.2,56.0,86.1,57.9,154.5,50.3,113.1,60.8,188.2]}