{"timestamp":1285459200000,"multiplier":1.0E-5,"open":0.96052,"high":0.96068,"low":0.96044,"close":0.96065,"shift":60000,"times":[1320,1,1,1,1,2,2,1,1,1,1,2,3,1,1,1,1,1,1,1,1,2,1,1,1,1,1,1,1,1,1,1,1,1,1,1,1,1,1,1,1,1,1,1,1,1,1,1,1,1,1,1,1,1,1,1,1,1,1,1,1,2,1,2,1,1,1,1,1,1,1,1,1,1,2,1,1,1,1,1,1,1,1,1,1,1,1,1,1,1,1,1,1,2,1,1,1,1,1,1,1,1,1,1,1,1,1,1,1,1],"opens":[0,20,-20,10,-5,16,4,-3,8,18,18,-1,6,-4,2,38,0,44,-1,-5,10,4,8,4,0,-15,-47,12,-33,-26,-42,2,-11,6,3,-1,-8,9,10,-4,0,2,2,15,-34,2,12,-5,10,-8,-2,-5,-7,-8,9,-8,3,-8,0,4,2,8,-2,-3,-8,0,-1,-1,1,-18,-2,-30,-18,-23,-10,-9,4,9,-28,5,19,-1,0,5,-3,-6,10,-17,1,-15,-50,-9,25,-12,1,0,8,8,-10,1,3,19,4,1,-2,70,-2,17,-25,8],"highs":[0,4,0,-10,9,2,4,11,43,-24,15,0,1,0,39,-3,49,-5,4,-2,9,13,-4,4,0,-17,-37,3,-36,-26,-37,-3,-6,1,3,-1,1,15,-5,5,0,0,15,-5,-29,9,0,10,-5,-8,-2,-5,-7,-3,7,3,-11,-8,3,5,6,0,-2,-3,-5,0,-1,0,-3,-18,-2,-30,-16,-25,-6,-1,5,-4,-24,33,7,-21,4,1,-3,14,-10,-17,2,-16,-44,4,16,-22,7,3,1,6,-5,0,16,11,-2,0,75,20,-15,10,-30,20],"lows":[0,3,5,-17,22,16,4,-3,3,15,26,-1,6,-4,-1,21,20,39,-4,3,10,2,0,-2,3,-50,-2,-19,-26,-43,-12,3,-6,11,6,-21,12,9,10,-4,0,2,2,-17,-7,7,-7,14,5,-5,-11,1,-8,-2,3,-2,-3,-3,1,4,2,8,-4,-6,-3,-2,1,-2,-15,-3,-28,-22,-30,2,-17,5,3,-20,0,7,19,-9,8,5,-10,1,-4,-5,-11,-70,14,-5,17,-6,-2,6,4,3,-1,1,0,21,-2,8,-2,57,-3,3,-3,0],"closes":[0,-18,17,-9,16,2,4,9,11,7,18,0,1,0,39,-4,39,2,-4,10,3,15,-5,0,-8,-47,5,-26,-26,-46,1,-10,6,1,4,-7,0,13,4,0,5,-7,22,-31,-9,10,-1,9,-3,-3,-12,0,-8,3,-2,0,-4,-4,4,5,1,5,-4,-6,0,0,-1,0,-20,-1,-30,-17,-25,-8,-14,9,7,-31,6,18,2,-7,10,1,-10,5,-8,-5,-8,-53,-6,15,-3,-6,0,13,0,-2,-1,5,16,9,0,0,63,2,15,-27,7,10],"volumes":[19.52,33.98,15.9,24.42,6.09,1.1,0.82,9.16,24.57,24.14,2.4,6.97,1.0,7.55,22.71,41.09,33.16,3.91,16.37,9.18,6.05,50.08,15.5,55.39,13.49,37.7,19.85,22.78,9.06,28.22,27.91,5.56,14.02,3.26,1.8,16.77,12.64,27.38,0.82,5.08,6.9,4.11,10.03,27.05,14.73,6.51,19.31,7.1,2.98,2.53,15.49,2.71,3.61,5.9,8.67,14.73,5.85,2.67,5.32,7.5,6.68,1.9,1.74,10.33,2.57,9.24,1.94,5.56,7.78,8.2,30.68,43.42,38.83,9.1,33.23,14.42,15.0,26.7,6.08,16.9,38.54,8.7,7.94,1.2,5.22,25.83,13.82,4.8,19.62,71.31,27.96,13.42,38.03,2.68,34.4,7.55,11.11,4.46,10.33,5.36,28.05,25.29,25.64,3.0,67.1,61.6,33.51,44.3,25.33,65.77]}