{"timestamp":1284854400000,"multiplier":1.0E-5,"open":1.56482,"high":1.56541,"low":1.56475,"close":1.56541,"shift":60000,"times":[1260,1,1,1,1,1,1,1,1,1,1,1,1,1,1,1,1,1,1,1,1,1,1,1,1,1,1,1,1,1,1,1,1,1,1,1,1,1,1,1,1,1,1,1,1,1,1,1,1,1,1,1,1,1,1,1,1,1,1,1,1,1,1,1,1,1,1,1,1,1,1,1,1,1,1,1,1,1,1,1,1,1,1,1,1,1,1,1,1,1,1,1,1,1,1,1,1,1,1,1,1,1,1,1,1,1,1,1,1,1,1,1,1,1,1,1,1,1,1,1,1,1,1,1,1,1,1,1,1,1,1,1,1,1,1,1,1,1,1,1,1,1,1,1,1,1,1,1,1,1,1,1,1,1,1,1,1,1,1,1,1,1,1,1,1,1,1,1,1,1,1,1,1,1,1,1,1,1,1,1],"opens":[0,93,25,25,-25,5,0,-5,0,-20,-5,0,-10,15,-3,5,-2,-10,5,-5,5,-10,-23,18,-20,0,4,-7,-9,11,6,-15,-10,0,0,-10,-30,10,40,0,10,-10,10,-5,0,5,0,0,-5,-5,4,-4,0,0,0,-1,4,-6,13,0,-5,-5,-20,20,10,0,0,-20,-25,-5,0,-5,-10,0,0,30,-15,-5,-23,23,-5,5,-10,5,0,0,0,-5,0,0,-35,-10,10,-10,10,-10,10,15,-25,0,10,0,5,0,10,25,-5,20,0,-15,-30,0,-30,5,-15,10,0,5,5,5,-10,-10,-15,10,5,0,0,0,0,10,5,-29,24,0,0,0,-15,15,0,-31,31,-5,-5,-10,10,-5,-10,-5,-5,0,0,-15,15,5,5,-5,-5,0,5,-5,10,-19,19,-15,-5,0,-9,9,-5,0,0,0,0,0,-5,0,5,0,0,0],"highs":[0,39,30,15,-20,0,0,5,-10,0,0,-25,15,-10,9,8,-17,0,-5,0,0,-10,-8,3,-20,10,-6,-3,1,9,-1,-20,-10,0,0,-10,-20,40,10,-10,10,-10,10,0,-5,5,0,0,0,-10,17,-9,-8,0,0,17,3,-2,-8,0,15,-25,5,10,-5,10,0,-30,-25,-5,0,-5,10,-20,30,0,-15,0,-16,16,0,0,-10,5,5,-10,0,-5,0,25,-60,5,0,-5,0,10,20,-15,-20,10,-5,5,5,5,20,5,10,10,-5,-15,-20,0,-30,0,-5,-5,5,0,5,5,-10,-10,0,0,0,0,10,-10,10,5,5,-29,19,0,0,0,-15,15,0,-22,22,-5,-5,0,5,-10,-5,-10,-5,5,5,-22,12,15,5,-15,-5,5,0,0,5,-19,19,-15,-5,0,-9,9,0,-5,0,0,5,-5,-5,5,5,-5,0,40],"lows":[0,100,25,25,-30,10,-5,0,-30,10,-5,0,-10,15,-8,5,3,-10,5,-5,-5,-5,-18,3,-20,15,-11,-10,9,9,3,-20,-10,0,0,-35,5,5,45,0,10,-10,10,-5,0,5,0,-15,10,-5,0,-15,15,0,0,-3,5,-9,17,-5,-15,-20,0,25,15,0,-20,-30,-10,10,-5,-5,-5,-10,10,15,-30,5,-10,30,-5,0,-10,5,5,-5,-5,5,0,-45,0,-10,10,-30,25,0,0,0,0,5,10,-5,5,5,10,5,5,25,-20,-20,-5,-25,0,0,-10,10,0,5,0,0,-5,-20,0,10,5,0,0,0,0,10,5,-79,74,0,0,-5,-31,36,0,-44,44,-10,-10,-5,10,-10,-10,0,0,0,0,-18,18,5,0,-5,0,0,0,0,10,-33,18,-15,10,0,-20,15,0,0,0,-5,5,-5,0,0,0,0,0,5],"closes":[0,39,30,15,-20,0,-5,10,-20,10,0,-25,15,-10,-8,10,-2,0,-5,0,-10,-5,-13,-2,-5,10,-13,-18,15,9,-3,-20,0,0,-10,-25,5,40,10,-10,10,-10,10,0,-5,5,0,-10,10,-10,3,-10,7,0,0,16,-14,16,-8,-5,-10,-20,20,20,-5,5,-25,-25,-5,0,-5,-5,-5,0,30,-10,-10,-5,-7,12,-5,0,0,5,0,-10,-5,5,0,-45,0,0,0,10,-10,10,15,-25,5,5,0,0,10,5,20,-5,20,5,-15,-20,0,-35,0,-5,0,0,5,0,5,-5,-5,-20,10,5,0,0,0,0,10,5,0,-42,37,0,0,0,-29,29,0,-44,44,-10,-5,5,-5,-5,-15,0,0,0,0,-18,18,15,-10,0,-5,5,-5,5,5,-27,12,-5,0,0,-20,15,0,0,0,0,0,0,-5,5,0,-5,0,45],"volumes":[56.0,2.0,9.0,1.0,3.0,4.0,6.0,7.0,12.0,5.0,9.0,1.0,22.6,1.0,39.5,46.5,1.0,9.0,4.0,14.5,11.8,49.8,125.4,16.4,35.4,4.9,114.6,132.8,97.7,199.3,47.2,17.3,14.0,21.2,3.7,16.6,12.3,52.2,5.7,1.6,1.0,1.6,6.0,30.2,2.0,1.0,5.0,25.3,3.0,1.6,93.0,87.6,1.0,1.0,2.0,72.0,127.6,131.2,2.0,2.0,51.4,38.0,46.8,21.8,3.2,15.2,57.8,83.1,29.4,2.4,26.6,3.2,40.6,15.2,28.8,25.6,63.0,47.0,53.6,9.0,25.8,11.2,26.0,36.6,9.6,6.4,11.2,5.0,2.1,116.6,35.2,66.2,59.9,105.9,12.0,79.0,93.9,31.9,15.9,20.2,2.0,46.3,27.5,17.4,13.2,35.9,37.2,39.2,55.6,17.0,23.6,37.0,32.4,34.2,9.0,11.2,31.0,4.0,5.0,22.2,5.0,18.4,28.6,25.2,10.8,43.2,53.0,14.4,10.4,9.8,8.2,167.1,2.0,6.2,1.0,16.6,216.0,17.2,6.6,280.7,5.0,21.4,25.8,26.2,19.2,27.8,37.0,9.4,5.0,5.6,11.0,11.0,3.0,8.0,21.2,37.6,5.2,11.6,11.4,4.6,4.0,10.0,61.8,31.1,4.8,1.6,90.2,25.8,4.0,5.0,8.6,20.9,10.6,15.5,29.2,14.4,10.9,4.4,36.7,46.7]}