{"timestamp":1285459200000,"multiplier":0.001,"open":1295.946,"high":1296.758,"low":1295.946,"close":1296.598,"shift":60000,"times":[1320,1,1,1,1,1,1,1,1,1,1,1,1,1,1,1,1,1,1,1,1,1,1,1,1,1,1,1,1,1,1,1,1,1,1,1,1,1,1,1,1,1,1,1,1,1,1,1,1,1,1,1,1,1,1,1,1,1,1,1,1,1,1,3,1,1,1,1,1,1,1,2,1,1,1,1,1,1,2,1,1,1,1,1,1,1,1,1,1,1,1,1,1,1,1,1,1,1,1,1,1,1,1,1,1,1,1,1,1,1,1,1,1,1,1,1],"opens":[0,942,-451,209,172,-23,208,-69,100,84,-196,-535,28,67,-102,53,-9,-242,-629,119,92,-476,92,73,-29,-326,-197,-55,73,93,215,-117,143,-10,133,-154,-99,144,-67,164,97,-142,568,-35,260,-383,-117,-182,-180,60,137,-288,202,37,-229,194,-325,37,-51,-107,334,115,80,45,-125,-193,120,-190,266,246,752,-40,583,-448,13,71,-167,256,55,-107,51,109,259,113,-52,-268,201,128,-440,216,99,-68,-246,78,40,12,-222,-230,308,-93,32,-296,-479,-532,-143,105,230,184,337,149,67,-288,185,-214,140,75],"highs":[0,294,-296,76,141,125,-60,74,54,155,-219,-597,14,128,3,-186,11,-293,-164,-151,-4,-265,56,242,-472,-52,-342,-93,195,113,238,-177,61,58,0,-45,-32,109,-228,307,115,117,241,174,-13,-326,-5,-250,-229,93,-6,-26,18,40,64,-125,-322,103,-106,17,412,-14,107,0,-25,-275,26,-88,385,572,295,329,90,-462,290,-147,-32,225,-92,-31,24,303,163,47,-88,-129,204,23,-270,128,-20,-123,-197,126,145,-45,-373,173,35,-63,-128,-258,-423,-492,-16,61,263,272,108,170,-23,-49,-34,-98,256,-68],"lows":[0,599,-178,254,-92,223,205,-23,-71,142,-617,-126,-47,178,-13,-168,-48,-691,80,100,-174,-208,109,70,-689,98,11,-116,69,189,144,-76,130,33,11,-196,65,-18,57,202,79,-124,433,100,-76,-216,-82,-280,-141,246,-537,393,66,80,-136,-213,3,102,-278,94,374,-53,128,49,-126,-128,-70,-100,418,246,588,124,268,-410,290,-170,74,256,-91,39,-145,305,125,247,-194,-147,216,-287,-19,216,64,-167,-172,35,120,-137,-240,-40,220,-44,-128,-438,-402,-526,-55,160,161,322,232,300,-93,-196,-4,-29,212,75],"closes":[0,-53,45,242,-17,38,185,8,-65,24,-617,28,-25,31,54,-33,-259,-681,134,43,-201,-120,95,274,-878,11,144,-201,179,168,5,102,-48,204,-160,-196,223,2,-72,265,10,274,60,363,-407,-216,-82,-280,91,74,-562,426,-2,80,-123,-226,3,112,-179,218,169,229,15,-60,-214,66,-264,202,345,612,-7,631,-128,-254,139,-118,99,148,-92,47,24,235,103,102,-218,74,204,-496,211,94,-44,-150,-164,168,-8,-167,-231,282,-75,7,-215,-438,-402,-365,18,258,164,306,96,215,-191,127,-220,-59,194,154],"volumes":[0.00844,0.00428,0.0187,0.009998,0.014896,0.016003,0.00376,0.002058,0.01048,0.0032,0.00368,0.008877,0.01459,0.00435,0.01454,0.019477,0.01354,0.00622,0.00529,0.01518,0.00197,0.00306,0.00917,0.00375,0.0099,0.02384,0.00195,0.00831,0.002469,0.01562,0.00847,0.01944,0.014807,0.00428,0.01711,0.00418,0.00585,0.0019,0.00738,0.00434,0.00806,0.00387,0.00201,0.00347,0.01459,0.00808,0.017485,0.01227,0.00307,0.004788,0.0023,0.00875,0.00314,0.005496,0.00374,0.00327,0.00292,0.00333,0.00426,0.0047,0.00409,0.00231,0.00399,0.00442,0.00275,0.02386,0.02049,0.00301,0.014373,0.005193,0.0153,7.3E-4,0.00422,0.00295,0.00442,0.00353,0.00316,0.00416,0.00365,0.00299,0.00419,0.025957,0.002152,0.00326,0.0037,0.00158,0.001821,0.003374,0.00312,0.003037,0.00184,0.00281,0.00366,0.00394,0.00283,0.01808,0.00598,0.01999,0.020706,0.02077,0.013006,0.02084,0.01665,0.023455,0.016431,0.009441,0.01544,0.02466,0.0133,0.020797,0.01711,0.01769,0.01516,0.01677,0.0034,0.00427]}