{"timestamp":1284249600000,"multiplier":0.001,"open":1243.189,"high":1244.634,"low":1243.189,"close":1244.634,"shift":60000,"times":[1320,1,1,1,1,1,1,1,1,1,1,1,1,1,1,1,1,1,1,1,1,1,1,1,1,1,1,1,1,1,1,1,1,1,1,1,1,1,1,1,1,1,1,1,1,2,1,1,1,1,2,1,1,1,1,1,1,1,1,1,1,1,1,1,1,1,1,1,1,1,1,1,1,1,1,1,1,1,1,1,1,1,1,1,1,1,1,1,1,1,1,1,1,1,1,1,1,1,1,1,1,1,1,1,1,1,1,1,1,1,1,1,1,1,1,1,1,1],"opens":[0,1653,502,30,189,240,-66,-939,156,-491,-231,324,-197,283,-634,-20,-3,111,201,229,-129,-99,215,100,50,-867,597,68,-29,-17,123,-215,144,-330,-413,661,124,-141,151,15,-359,358,-717,172,577,-96,-68,-145,-141,187,97,-48,-341,324,7,-146,-23,247,221,-127,59,225,-342,223,-62,57,286,142,134,-172,11,162,-490,-60,290,-346,40,4,-244,-17,-162,-132,-256,-89,48,148,-300,435,-40,114,43,39,53,-21,269,-375,-102,-118,157,73,-279,63,-104,226,-563,-244,8,-116,20,254,-75,78,-165,-125,-18,-170,63,64],"highs":[0,619,880,-157,41,-39,-241,-785,164,-563,360,-8,-201,-62,-569,273,-218,253,59,226,-153,-70,448,-102,-126,-124,-146,328,-162,-34,223,-402,196,32,59,-4,-120,-57,203,-121,139,-140,-259,23,494,-187,-203,-145,103,269,-46,-231,28,178,-213,-12,-72,483,-103,-72,314,-85,-38,1,186,-51,330,-50,214,-326,202,-29,-490,191,39,-331,50,71,-59,-207,-249,-132,-39,46,42,-198,210,-9,125,0,99,-19,139,22,38,-262,13,-193,89,-25,-100,-26,0,32,-563,-201,255,-406,203,114,94,-134,-7,-152,-7,-202,196,38],"lows":[0,1653,502,23,162,247,-943,-221,51,-397,-34,324,-197,-276,-499,336,-93,127,112,361,-326,-114,173,415,-928,149,435,211,-135,53,14,-77,-116,-440,-17,661,-488,414,176,-608,296,-418,59,147,602,-136,-532,157,61,187,-30,-343,68,74,143,-66,3,268,-232,326,1,-47,-180,144,99,82,208,34,346,-666,525,-250,-260,101,45,-205,132,-168,-24,-296,-185,-88,-420,333,-103,18,-19,210,50,99,72,73,78,0,-184,74,-122,-53,94,-102,-71,24,-132,-209,-440,128,45,-374,271,55,131,-72,-104,-36,-259,19,64,105],"closes":[0,619,221,242,-37,180,-1026,-97,-43,-427,205,100,79,-567,-188,252,-122,174,92,136,-196,212,406,-60,-1106,792,-92,59,-114,32,53,-67,-165,-440,561,327,-461,284,121,-552,584,-829,353,168,296,-85,-293,-119,31,501,-284,-415,332,-190,143,81,-35,483,-252,42,228,-294,254,-200,9,339,228,78,97,-376,362,-449,-260,388,-242,-50,-18,-173,69,-389,30,-276,192,-237,49,-203,476,-98,-8,237,-195,105,109,90,-247,-16,-122,52,150,-263,-4,18,98,-295,-274,-243,70,-182,244,-135,322,-185,-104,-73,-300,19,302,-133],"volumes":[0.00831,0.00234,0.00965,0.00565,0.01976,0.01094,0.010367,0.01175,0.00412,0.0037,0.0096,0.00299,0.00312,0.0096,0.01854,0.00258,0.01676,0.01905,0.01088,0.00277,0.00557,0.00271,0.0049,0.00437,0.00828,0.00299,0.00328,0.00503,0.01279,0.00779,0.00385,0.00546,0.00409,0.020241,0.01065,0.01295,0.01298,0.00458,0.00302,0.00966,0.00283,0.0041,0.01218,0.01971,0.00276,0.020601,0.01177,0.00393,0.00523,0.00388,0.00377,0.00994,0.00427,0.00965,0.020898,0.00332,0.00765,0.00292,0.013619,0.007495,0.01675,0.01526,0.00358,0.018571,0.00327,0.00563,0.003874,0.004708,0.00551,0.009503,0.003863,0.00245,0.00303,0.01847,0.005347,0.00399,0.01058,0.00601,0.00573,0.00419,0.00618,0.0036,0.003497,0.00391,0.00359,0.0028,0.00355,0.00285,0.00321,0.002965,0.0096,0.00321,0.00511,0.00288,0.00404,0.00276,0.020479,0.022387,0.00628,0.01532,0.00482,0.01426,0.00537,0.003016,0.00375,0.00306,0.00247,0.00528,0.01376,0.008,0.00331,0.00556,0.00297,0.00443,0.013322,0.00844,0.00187,0.002619]}