{"timestamp":1386460800000,"multiplier":1.0E-5,"open":0.91221,"high":0.91222,"low":0.91184,"close":0.9121,"shift":60000,"times":[1320,1,1,1,1,1,1,1,1,1,1,1,1,1,1,1,1,1,1,1,1,1,1,1,1,1,1,1,1,1,1,1,1,1,1,1,1,1,1,1,1,1,1,1,1,1,1,1,1,1,1,1,1,1,1,1,1,1,1,1,1,1,1,1,1,1,1,1,1,1,1,1,1,1,1,1,1,1,1,1,1,1,1,1,1,1,1,1,1,1,1,1,1,1,1,1,1,1,1,1,1,1,1,1,1,1,1,1,1,1,1,1,1,1,1,1,1,1,1,1],"opens":[0,-7,-9,12,-8,-10,-4,7,-5,0,-6,-13,-3,7,13,13,1,2,-4,-14,-6,-3,-1,7,-4,-5,-17,0,-3,6,14,-10,8,3,3,23,-12,-10,7,17,20,2,-2,-6,6,3,-7,9,-43,49,-22,0,-9,14,14,-8,-12,-31,11,-16,-27,19,3,16,7,39,6,-33,2,-5,-14,0,-6,0,0,0,5,24,6,3,-3,-5,0,-6,-17,-8,-4,0,10,-18,-6,6,-11,18,-17,-32,0,-1,0,10,-13,-2,5,4,-5,-6,2,-10,-16,-10,-12,-11,-39,16,7,1,2,19,-31,-10],"highs":[0,-2,1,-1,1,-18,-1,0,-5,0,-6,-11,2,19,7,1,23,-21,-4,-14,-6,14,-10,18,-23,-5,-15,19,-12,-6,14,0,1,3,24,2,-7,-11,17,28,-6,0,-2,22,-22,8,-3,10,6,-7,-7,-18,8,11,0,-8,-12,-20,3,-19,3,-7,15,21,25,24,-18,-24,1,-12,-8,-4,-9,2,6,-3,29,1,3,0,-3,-5,0,4,-27,-4,-5,7,0,-11,-2,-5,15,-5,-13,-36,-3,0,12,-3,-13,3,9,-4,-6,0,-4,-10,-14,-4,-16,-15,-21,8,-3,8,14,0,-29,-5],"lows":[0,16,-1,2,-16,3,7,2,0,-2,-17,-15,-7,26,13,7,5,-5,-9,-6,-3,-7,4,3,-11,-9,0,-3,0,6,14,-22,15,8,3,-1,-3,-1,13,17,13,2,-1,0,-2,5,-1,-34,-4,31,0,-10,1,13,7,-17,-25,-9,6,-35,-27,36,7,19,15,19,-12,0,3,-15,-9,3,-5,-3,6,-11,16,25,-2,3,-7,8,-9,-10,-20,4,-2,2,-8,-16,10,-7,2,-2,-29,-10,10,-8,7,0,-6,-2,4,3,0,-6,-7,-19,-8,-12,-14,-36,0,14,7,2,-1,-8,-10,-3],"closes":[0,10,-5,-5,-17,-5,14,-5,0,-2,-16,-4,7,19,1,1,21,-17,-14,-5,-4,-7,14,-7,-3,-17,0,-3,12,-6,14,0,1,3,24,-9,-10,-1,21,20,2,-2,-6,6,-2,-1,8,-43,52,-25,0,-4,12,11,-8,-12,-30,10,-6,-37,19,4,15,8,38,5,-33,2,-3,-15,-2,-4,0,0,0,5,29,1,-1,1,-7,2,-7,-12,-13,-3,3,0,-9,-8,6,-12,19,-17,-32,0,0,-1,7,-7,-5,5,5,-6,0,-4,-9,-19,-8,-12,-11,-39,18,5,-2,5,19,-31,-10,1],"volumes":[18.49,6.2,12.05,6.2,37.03,9.21,2.76,20.32,6.02,4.5,22.64,39.0,41.09,14.75,27.04,8.0,59.01,25.78,13.96,29.46,34.24,42.61,36.28,46.85,20.5,19.33,10.0,29.68,18.6,13.51,1.0,36.14,42.96,23.42,50.7,86.77,36.76,14.56,9.14,22.29,16.07,12.63,3.75,26.29,7.99,16.74,11.36,38.77,32.25,11.99,27.59,27.48,13.29,24.53,37.1,25.78,21.61,54.79,27.04,41.76,140.66,92.91,70.16,135.61,71.64,149.73,51.41,50.25,57.92,32.26,75.63,97.16,70.62,73.43,46.11,130.97,114.78,72.97,93.64,125.11,51.39,21.54,94.07,73.76,59.0,51.72,47.52,62.44,49.95,80.25,36.43,136.47,77.8,64.62,111.16,56.52,38.65,17.46,36.98,74.43,115.56,54.8,70.52,88.51,12.15,38.27,41.91,47.52,52.85,57.28,59.17,112.78,102.31,43.43,17.81,146.49,86.99,68.41,94.38,63.18]}