{"timestamp":1387929600000,"multiplier":1.0E-5,"open":0.94778,"high":0.94786,"low":0.94778,"close":0.94786,"shift":60000,"times":[0,1,1,1,1,1,1,1,1,1,1,1,1,1,1,1,1,1,1,2,1,1,1,1,1,1,1,1,1,1,2,1,9,1,1,1,1,1,1,1,1,1,1,1,1,1,1,1,1,1,1,1,1,1,1,1,1,1,1,1,1,1,1,3,1,2,4,1,1,1,1,1,1,1,1,2,1,1,1,3,1,1,1,1,1,1,1,1,2,1,1,1,1,2,1,3,3,1,1,1,1,1,1,1,1,1,1,1,1,1,1,1,1,1,1,1,1,1,1,1,1,2,1,2,1,4,1,1,1,6,1,1,3,1,1,5,1,1,1,2,1,7,3,3,1,7,1,1,1,1,1,1,2,1,6,4,3,1,3,10,3,4,2,1,1,3,2,4,2,1,1,1,9,3,5,1,2,1,3,2,3,1,2,1,1,2,2,1,1,1,1,1,2,1,1,2,1,1,1,1,1,2,1,1,1,3,1,1,1,2,1,3,1,8,1,1,1,1,1,1,1,1,1,1,1,1,1,1,1,1,1,1,1,1,1,1,1,1,1,1,1,2,1,1,1,1,1,1,1,1,3,1,1,1,1,1,1,1,1,2,1,1,1,2,1,1,1,1,1,1,1,1,1,6,2,2,1,1,1,1,1,1,1,1,1,1,1,3,1,1,1,1,1,1,1,1,1,1,1,1,1,1,1,1,1,5,2,1,1,1,1,1,1,1,1,1,1,1,1,2,1,1,1,1,1,1,3,845,7,1,1,1,1,1,1,1,1,1,2,1,1,1,1,1,1,1,1,1,1,1,1,1,1,1,1,1,1,1,1,1,1,1,1,1,1,1,1,1,1,1,1,1,1,1,1,1,1,1,1,1,1,1,1,1,1,1,1,1,1,1,1,1,1,1,1,1,1,1,1,1,1,1,1,1,1,1,1,1,1,1,1,1,1,1,1,1,1,1,1,1,1,1,1,1,1,1,1,1,1,1,1,1,1,1,1,1],"opens":[0,6,1,37,0,-41,-2,-71,73,-117,115,-115,112,-68,0,76,-2,-1,-73,-49,114,78,-30,-4,-44,-2,2,-97,146,-39,-53,-13,-26,8,-1,-63,61,25,0,-55,56,-11,-2,-7,-15,-105,-5,18,-6,-29,43,-1,33,32,-4,-23,-13,39,30,0,-31,24,86,15,10,-55,44,-40,-6,8,-39,56,-43,-54,-13,4,-32,32,-13,-3,22,2,-17,53,-62,51,11,-62,-6,6,62,0,-9,-2,-2,2,-1,4,8,-33,0,2,32,-29,-74,52,0,0,-4,5,-6,6,0,-1,20,-14,75,-48,2,2,-9,28,-14,-2,16,-89,99,-9,13,5,-16,0,4,2,-6,6,1,34,-24,4,-19,2,-3,-5,5,13,13,-1,-2,2,-10,2,18,-31,3,-3,26,-24,25,-58,67,-72,43,20,-32,42,-47,-1,63,-21,-5,-48,3,56,-38,1,-3,40,-5,-60,0,0,19,-22,42,11,-37,1,-1,-12,-14,0,2,51,10,-60,-2,22,35,-60,21,43,6,54,-14,-54,13,-28,28,5,25,-24,-33,2,36,-11,16,-24,3,5,40,-43,43,-29,-15,14,-29,29,0,-34,3,14,18,15,20,-68,21,-13,13,-14,-7,3,24,6,-31,106,-1,6,-50,-2,32,-33,-39,6,16,-13,18,4,-5,1,5,1,1,-1,0,-11,69,-26,6,8,-22,0,30,25,-58,32,-31,10,17,14,16,-42,36,-30,-14,40,-42,47,-31,2,23,6,-15,-118,-24,97,-45,84,1,-89,47,32,-37,47,-10,-73,1,0,0,0,0,-1,1,-1,1,0,42,25,-50,24,-25,-20,96,-96,-5,5,71,-60,9,16,39,-1,-13,-34,30,1,-2,-7,6,-29,1,29,-9,-21,20,10,5,-1,4,41,8,10,-12,-25,26,2,-3,4,30,-10,-3,5,-41,-11,11,-3,-28,11,1,8,4,16,-4,4,-45,26,-5,5,27,-15,4,14,5,-7,-1,1,2,5,-11,-2,0,6,4,1,-7,18,-11,-11,5,1,-1,-11,2,-6,-3,-7,7,1,-4,-14,-4,-6,7,-14,1,13,-29,-2,-2,-1,2,-1,3,7,10,-1,3,-9,-1,-1,1,-2,21,2,-1,-32],"highs":[0,40,-40,41,-5,-1,-42,43,-41,-117,115,-3,0,7,1,0,-2,-1,-73,0,65,78,1,-35,-44,1,-1,-97,156,-49,-52,-14,-11,-5,8,-74,75,11,0,-55,56,29,-4,-45,34,-123,-23,6,17,-10,0,34,37,-5,-6,-9,-5,21,47,-21,35,86,-18,-9,10,-54,56,-53,-6,9,-10,37,-54,-54,-13,4,0,0,-10,55,-39,3,36,-1,1,4,-5,-62,63,0,-1,1,-10,-2,2,-2,0,3,8,0,-33,44,-10,-29,-2,-20,0,1,0,0,0,0,0,35,-16,50,21,-52,-4,4,-11,28,-9,18,-9,-89,99,29,-25,5,-16,0,5,1,0,31,-30,34,-24,4,-19,2,-2,20,-21,20,31,-11,-17,3,0,-9,18,-31,3,-3,26,-24,34,-5,5,-22,38,-15,-42,42,-47,51,11,-5,-21,-48,17,42,-38,1,47,4,-19,-60,0,0,19,41,-21,11,-37,1,-1,-12,-14,0,2,51,10,-60,-2,22,35,5,-44,43,10,51,-10,-40,0,-33,33,-1,25,-24,-18,28,34,-50,16,-24,24,-16,40,-43,43,-29,0,-1,20,15,-4,-43,-16,53,0,-9,20,-68,21,-13,13,-14,-7,3,70,-40,60,20,10,-5,9,-66,47,-6,-81,16,6,0,5,8,-9,10,-3,0,1,-1,0,8,50,-24,29,-17,12,-34,30,25,-56,36,-37,10,27,4,16,-42,36,-29,24,1,0,15,-40,1,23,6,-15,-118,27,46,-34,73,1,-1,-39,30,-37,47,5,-87,0,0,0,0,0,0,0,0,0,0,62,50,-95,120,-121,26,50,-96,-5,56,20,-60,15,50,-1,-1,-13,-34,31,0,-1,-8,8,0,-30,29,-8,-22,22,8,5,4,44,16,-4,7,-13,3,4,2,-3,0,24,-10,4,0,-35,35,-37,11,-41,5,8,0,24,-1,7,-3,-21,-5,21,-1,12,-17,16,6,-2,-7,0,3,3,1,-10,-2,10,0,1,0,8,2,-10,-6,2,-2,3,-15,2,-6,-3,-6,7,0,-1,-13,-8,-3,4,-13,1,12,-29,-2,1,-3,1,2,7,23,-13,19,-15,-11,0,0,-1,20,1,1,-2,-11],"lows":[0,1,6,37,-6,-108,71,-71,73,-117,115,-115,52,-8,0,-48,48,69,-69,-49,114,48,0,-4,-146,100,1,-96,146,-93,-10,-3,-25,5,2,-79,77,25,-5,-50,46,-1,-4,-11,-140,-117,138,14,-47,0,35,23,-2,19,44,-31,-5,39,15,-104,88,-4,114,15,7,-52,44,-40,-18,-86,67,56,-127,17,-25,0,-3,16,3,-3,7,17,-17,43,-52,0,62,-62,-6,6,62,0,-63,52,-52,52,-1,4,8,-33,-70,72,32,-29,-74,48,0,-1,1,-5,-1,5,1,-1,25,-14,29,-2,-5,9,-9,28,-14,-2,16,-89,99,-9,8,10,-16,0,4,2,-6,6,1,24,-14,4,-19,2,-3,-5,5,13,13,-1,-2,-3,-5,2,18,-31,3,-3,26,-24,25,-58,67,-72,42,21,-32,42,-47,-1,37,-10,1,-39,3,56,-38,1,-9,36,-6,-49,0,0,19,-25,45,11,-37,1,-1,-23,-3,0,0,53,10,-60,-2,22,35,-60,21,43,6,44,-4,-54,13,-28,28,5,1,0,-33,2,35,-13,13,-18,3,1,15,-14,43,-29,-15,14,-29,29,0,-34,3,14,18,-16,15,-32,2,4,15,-18,-3,3,24,6,-31,105,0,6,-50,-2,32,-66,-6,6,10,-7,18,-1,0,1,-6,5,8,-11,10,-11,65,-22,6,-14,0,0,30,4,-37,32,-31,10,16,15,0,-26,36,-30,-14,30,-32,36,-20,2,23,-19,-113,-1,-18,47,5,84,-89,-5,6,79,-37,47,-89,6,0,0,0,0,1,-8,7,-17,17,0,43,-36,10,-5,5,-20,96,-96,-5,5,1,10,-1,16,31,0,-1,-29,30,1,-2,-7,-1,-22,1,21,-1,-21,20,10,-3,-32,42,32,-8,12,-13,-2,22,-9,14,-24,41,0,4,-45,-1,-1,-8,-19,7,3,0,-1,9,18,4,-29,-9,20,1,5,15,-3,4,14,-9,2,2,2,2,-26,17,2,0,6,4,-12,6,5,-4,-5,0,3,-5,-4,-2,-5,-5,-5,6,1,-16,-1,-4,-7,11,-18,2,-13,-11,6,1,-1,2,-1,3,5,11,0,-6,-2,-1,0,1,-2,18,1,-40,12],"closes":[0,40,-40,41,-6,0,-42,38,-36,-117,115,-3,-60,67,1,-3,-73,69,-69,0,65,54,-5,-5,-44,1,-2,-96,156,-103,-10,-3,-14,-1,8,-74,70,16,-5,-50,46,39,-4,-45,-130,3,15,1,-47,59,-24,58,29,-13,10,-17,-12,36,31,-36,66,-60,128,-9,9,-53,56,-53,-18,20,-9,37,-107,-12,-27,0,29,-16,6,55,-54,18,35,-10,10,5,-5,-62,63,-1,0,1,-64,52,2,-2,0,3,8,0,-103,114,-10,-29,-22,0,0,0,1,0,0,-5,5,35,-16,50,-12,-22,-8,11,-11,28,-9,18,-9,-89,99,29,-30,10,-16,0,5,1,0,31,-30,24,-14,4,-19,2,-2,19,-20,20,6,10,-13,3,0,-9,18,-31,3,-3,26,-24,34,-5,5,-22,-8,21,-32,42,-47,51,5,-9,-11,-48,17,42,-38,1,32,-5,-6,-49,0,0,19,31,-11,11,-37,1,-1,-23,-3,0,0,53,10,-60,-2,22,35,0,-39,43,10,40,1,-40,0,-33,32,0,1,0,-18,28,-6,-11,11,-18,18,-14,15,-14,43,-29,0,-1,0,0,0,-12,-16,29,24,-25,0,-32,2,4,15,-18,-3,3,60,-30,60,14,6,0,0,-52,47,-76,-11,16,0,6,5,-1,0,6,1,0,1,-11,10,8,50,-24,24,-34,34,-34,30,4,-35,36,-37,10,27,4,0,-26,36,-29,15,0,5,10,-30,1,23,-19,-108,-6,28,1,16,73,-88,88,-39,30,-37,47,-88,6,-1,0,0,0,1,-1,0,0,0,0,52,-45,10,121,-121,-20,96,-96,-5,5,1,10,15,50,-1,-18,1,-31,31,0,-1,-8,-1,9,-30,21,0,-22,22,8,-2,11,44,-6,17,-7,-27,31,2,-2,4,0,15,-8,11,-41,-10,10,-5,-32,6,1,17,-2,22,3,-10,-7,-5,-5,5,20,-5,-2,18,6,-12,3,-1,4,3,-13,-1,3,7,0,4,-12,20,-11,-4,1,2,-3,-7,-4,-2,-5,-5,-1,7,-4,-14,-3,-4,-2,6,-17,2,-14,-5,0,4,-3,1,2,7,23,-14,20,-26,-2,1,-1,0,18,4,-1,-39,28],