{"timestamp":1387670400000,"multiplier":1.0E-5,"open":0.94932,"high":0.94936,"low":0.94932,"close":0.94936,"shift":60000,"times":[1320,1,1,1,1,3,4,1,1,1,1,1,1,1,1,1,1,1,1,3,4,1,1,1,2,1,3,1,1,1,1,1,1,1,1,1,1,1,1,1,1,1,1,2,1,1,1,1,1,1,1,1,1,1,1,1,1,1,1,1,1,1,1,1,1,1,1,1,1,1,1,1,1,1,1,1,1,1,1,1,1,1,1,1,1,1,1,1,1,1,1,1,1,1,1,1,1,1,1,1,1,1,1,1,1,1],"opens":[0,28,7,-1,9,-51,12,0,1,5,-35,-6,-4,29,11,-35,25,-6,0,-45,56,0,-6,0,0,-46,-9,0,56,-20,19,-77,93,-10,-26,21,-20,4,30,-42,67,10,-38,-7,-16,47,-26,10,0,4,-14,1,-15,14,-5,0,0,1,-6,1,0,5,-1,-4,4,-4,0,4,5,-5,-4,0,-8,-5,0,7,36,-12,12,0,-1,-7,13,-16,0,1,3,17,10,5,-5,-6,10,-4,-1,-20,11,0,0,-6,6,-5,-16,5,-8,1],"highs":[0,36,0,-6,11,-53,12,11,-10,5,-5,-36,-4,34,6,-35,25,10,0,5,-10,0,-1,-5,0,-46,-9,0,56,-5,4,21,10,-21,-30,30,-29,43,2,4,11,9,-38,33,-56,47,-12,-4,11,1,-21,0,-1,1,-1,0,-4,0,0,-1,1,10,-10,-1,0,1,-1,10,-5,-5,-4,0,-7,-6,10,33,0,4,-4,0,-1,6,0,-16,8,-7,20,14,1,0,0,-1,0,0,-5,-9,0,4,-4,0,0,-5,-16,5,-7,12],"lows":[0,28,2,4,1,-43,12,0,-35,41,-35,-6,-4,29,11,-35,19,0,-14,-31,51,5,-6,0,0,-46,-9,0,36,-54,53,-57,57,0,0,-9,0,14,30,-42,62,15,-38,-7,-16,16,-5,20,-4,-10,-5,-10,1,13,0,-5,1,-6,1,5,0,5,-5,0,-9,8,-10,11,5,-5,-5,-5,1,-5,1,7,22,2,12,-8,-4,4,2,-5,-1,1,4,17,10,0,-6,0,-1,2,-6,-10,6,5,-19,13,1,-5,-16,10,-8,0],"closes":[0,31,5,-6,1,-43,12,1,-36,41,-5,-36,-4,34,6,-35,19,6,10,-10,0,5,-1,-5,0,-46,-9,0,36,15,-16,29,-29,21,-21,0,0,35,11,4,6,14,-38,1,-24,27,4,0,3,-13,1,-19,18,-5,5,-5,1,-10,10,-5,5,10,-15,4,-5,1,4,5,0,-9,0,-10,1,-4,10,33,-14,18,-4,-1,-11,17,-11,-5,5,-5,21,14,1,-5,-6,10,-10,5,-5,-4,0,0,-17,17,-5,-1,-17,7,-7,12],"volumes":[1.5,3.0,4.5,0.75,3.0,1.38,5.75,11.0,2.38,1.0,3.38,1.38,1.38,5.0,3.0,1.38,8.0,12.0,6.0,8.23,3.0,1.0,3.0,1.0,2.0,1.05,1.13,1.28,5.0,4.25,6.0,22.31,25.02,8.76,2.0,12.51,5.0,32.53,12.0,3.9,10.0,3.0,1.5,10.25,1.75,21.0,32.52,17.0,13.25,41.86,11.0,16.65,26.38,13.0,7.0,9.0,9.0,15.0,5.0,7.0,6.0,4.0,13.7,5.63,14.83,14.43,5.33,11.0,6.0,5.0,7.0,12.49,6.99,18.18,21.22,22.14,6.5,14.33,2.0,9.81,5.5,12.06,3.33,2.0,13.24,3.63,29.72,12.0,3.18,3.15,9.0,17.38,9.43,11.3,8.36,10.16,8.0,9.0,12.17,5.0,7.0,9.0,15.82,3.0,17.49,16.16]}