{"timestamp":1751760000000,"multiplier":1.0E-5,"open":1.17793,"high":1.17794,"low":1.17793,"close":1.17794,"shift":60000,"times":[1260,1,1,1,1,1,1,1,1,1,1,1,1,1,1,1,1,1,1,1,1,1,1,1,1,1,1,1,1,1,1,1,1,1,1,1,1,1,1,1,1,1,1,1,1,1,1,1,1,2,1,1,1,1,1,1,1,1,1,1,1,1,1,1,1,1,1,1,1,1,1,1,1,1,1,1,1,1,1,1,1,1,1,1,1,1,1,1,1,1,1,1,1,1,1,1,1,1,1,1,1,1,1,1,1,1,1,1,1,1,1,1,1,1,1,1,1,1,1,1,1,1,1,1,1,1,1,1,1,1,1,1,1,1,1,1,1,1,1,1,2,1,1,1,1,1,1,1,1,1,1,1,1,1,1,1,1,1,1,1,1,1,1,1,1,1,1,1,1,1,1,1,1,1,1,1,1,1],"opens":[0,0,1,13,6,-1,-12,6,-5,-2,6,-10,1,15,1,4,-8,-3,-1,-1,-1,3,-7,11,-4,-6,0,-1,1,0,-7,3,0,1,1,0,0,0,-13,9,1,0,2,1,9,-3,0,-1,-1,10,0,-9,2,-3,2,-2,1,-8,5,-7,-34,37,-10,-1,1,-11,-16,-16,2,2,8,13,5,-3,3,12,-3,6,-2,-1,1,3,-8,-6,0,14,5,3,5,4,8,-1,-2,-3,-1,-2,2,-6,0,0,-1,-2,-1,2,-2,1,10,6,-4,1,-3,-14,3,-6,0,6,-2,1,1,4,8,9,1,0,0,-11,0,-1,-8,4,4,4,-2,-10,-1,-1,4,3,0,2,-8,8,-9,-10,-3,2,5,7,-1,-7,-5,-4,-1,1,19,6,-5,-3,12,-4,-6,-8,-4,6,-24,3,-18,1,2,5,4,4,-5,10,5,23,-3,11],"highs":[0,-1,14,0,16,2,-18,0,-1,-1,1,-11,18,4,-5,4,-4,-7,-1,5,-4,0,6,-2,-4,-6,0,-1,1,1,-3,-1,1,1,0,0,0,0,-4,1,0,2,0,8,4,-1,-1,-5,-1,11,-1,-3,-1,-4,2,0,-3,-8,5,-6,7,-4,-9,-2,2,-13,-16,-14,2,4,16,17,-7,-5,12,2,3,1,-4,1,-1,5,-10,-6,14,5,2,3,6,3,9,-1,-5,-3,0,0,-1,-6,1,1,-3,-2,1,0,4,4,8,-1,-3,2,-4,-9,-3,0,0,0,0,0,1,19,2,2,-2,0,3,-12,-2,-1,-6,10,0,0,-2,-10,-1,4,4,0,3,-3,-4,4,-9,-10,0,5,4,2,-1,0,-10,-2,-4,21,7,-3,-5,6,4,-5,0,-14,2,0,-19,1,-15,2,6,-1,0,5,10,-6,32,-2,8,-1],"lows":[0,0,1,-1,16,-9,-2,8,-8,0,7,-10,1,11,-3,5,-5,-1,0,0,-1,1,-7,8,-5,-1,0,0,1,-11,0,7,0,-7,9,-8,8,-22,5,6,7,-6,8,2,1,5,-2,-3,0,13,-10,1,-3,1,-1,-1,0,-4,-9,-27,-1,22,0,4,-19,-6,-26,2,8,2,7,16,1,1,3,9,-9,13,-5,0,0,-1,-3,-5,1,16,4,1,3,4,12,-3,-6,2,-1,0,-6,-5,6,-2,-3,-1,1,-4,6,0,8,4,1,0,-18,1,-7,5,-4,8,0,1,-3,8,8,8,0,-4,-6,0,1,-8,-4,7,4,4,-9,-4,-5,4,4,3,-2,-1,-8,5,-12,-3,0,3,3,8,-8,-4,-4,-6,1,5,15,5,-6,3,7,-7,-8,-3,1,-27,6,-14,-1,-1,6,6,1,0,2,1,14,18,2,-7],"closes":[0,-1,13,-8,15,-13,7,0,-9,7,1,-11,15,7,-8,3,-7,-2,0,1,1,-2,5,-3,-6,-1,1,-1,1,-9,-2,8,0,2,0,-1,1,-13,7,2,1,-5,6,9,2,1,-6,-4,1,13,-5,1,-9,1,4,-5,-1,-4,-5,-27,31,-8,-3,1,-7,-18,-18,4,-1,7,15,7,-4,2,13,-2,5,-1,0,1,-5,-2,-2,-5,16,4,1,2,4,7,8,-4,-3,0,0,0,-9,0,1,-1,-3,2,-2,0,1,10,8,-5,1,-1,-14,2,-7,1,3,0,1,1,0,13,6,5,-2,-1,-7,-2,-1,-8,1,7,3,0,-9,-4,-2,3,5,2,3,-8,0,-3,-12,-3,1,7,5,2,-8,-5,-4,-6,1,26,3,-4,-5,11,0,-7,-10,-3,5,-23,4,-20,2,3,8,-1,3,-2,10,0,27,-1,11,-12],"volumes":[5.28,0.9,8.82,2.82,17.52,7.59,9.06,2.7,18.12,11.52,5.22,0.45,18.3,10.44,3.24,17.07,13.59,5.28,3.15,11.01,6.24,1.35,5.28,9.6,0.87,4.2,1.68,1.32,2.16,24.9,11.28,1.8,7.98,23.28,2.7,4.71,0.9,13.59,59.91,8.82,5.22,6.24,11.52,12.48,14.31,2.7,16.35,1.62,3.24,2.7,12.48,5.28,8.25,2.64,20.55,5.04,2.52,0.9,7.2,111.39,76.44,40.5,22.95,4.95,37.74,11.25,68.89,15.3,9.45,10.35,14.4,22.05,16.2,5.4,12.78,4.86,32.94,14.4,14.4,13.5,14.4,24.3,6.3,10.8,26.55,24.75,9.9,23.4,34.2,22.5,13.5,30.15,22.86,4.5,9.0,3.6,21.9,10.8,5.4,14.4,16.14,12.15,12.15,22.95,11.7,10.8,28.8,12.6,4.44,8.49,47.64,25.5,23.07,18.99,22.5,7.65,4.95,4.5,17.13,88.23,44.31,10.8,4.5,19.76,11.25,5.4,0.9,5.85,9.0,9.9,6.3,1.8,10.53,2.7,9.0,5.4,5.4,3.6,6.3,8.1,14.79,5.85,11.25,2.7,6.3,9.0,10.8,3.6,21.48,23.4,12.6,17.19,5.4,18.9,14.4,5.19,17.43,25.2,18.09,16.32,22.71,11.7,17.1,60.87,27.0,24.84,16.2,16.23,19.8,9.18,9.99,11.01,27.9,36.0,32.7,18.39,9.03,33.42]}