{"timestamp":1752969600000,"multiplier":1.0E-5,"open":1.16236,"high":1.16239,"low":1.16235,"close":1.16239,"shift":60000,"times":[1264,1,1,1,1,1,1,1,1,1,1,1,1,1,1,1,1,1,1,1,1,1,1,1,1,1,1,1,1,1,1,1,1,1,1,1,1,1,1,1,1,1,1,1,1,1,1,1,1,1,1,1,1,1,1,1,1,1,1,1,1,1,1,1,1,1,1,1,1,1,1,1,1,1,1,1,1,1,1,1,1,1,1,1,1,1,1,1,1,1,1,1,1,1,1,1,1,1,1,1,1,1,1,1,1,1,1,1,1,1,1,1,1,1,1,1,1,1,1,1,1,1,1,1,1,1,1,1,1,1,1,1,1,1,1,1,1,1,1,1,1,1,1,1,1,1,1,1,1,1,1,1,1,1,1,1,1,1,1,1,1,1,1,1,1,1,1,1,1,1,1,1,1,1,1,1],"opens":[0,15,5,3,2,8,-1,5,-42,30,13,-17,8,14,-8,-6,-8,2,2,0,0,1,0,-2,1,-2,9,-4,-3,18,-2,-13,-2,-1,4,-1,51,-12,0,19,-2,11,-11,-2,1,-7,-2,9,11,-5,-3,1,-2,11,-6,7,3,-36,11,-2,-14,-29,3,11,-6,24,0,-30,27,-9,16,3,3,-8,-16,11,-9,1,5,-11,16,0,4,-10,4,-3,-11,5,-7,-2,-10,-1,-3,-3,1,3,-2,-3,-12,-2,-1,5,-7,-2,-2,-7,-5,-2,5,3,4,4,-4,4,14,2,4,20,3,-3,-5,-20,-6,-3,5,5,3,1,-6,21,-12,7,1,8,6,-5,8,11,-1,-13,4,5,5,1,15,-11,-5,2,3,4,-23,-4,8,1,4,-1,2,5,-15,-8,-1,10,-1,-6,-5,7,-4,3,6,10,-2,16,1,-5,-3,-11],"highs":[0,17,0,5,4,14,-5,5,-16,13,-2,43,-44,6,-7,-7,-5,0,1,0,0,1,0,-1,0,7,0,-3,17,0,3,-19,2,1,1,49,-4,-11,34,-13,-5,11,-11,9,-4,-11,11,9,0,-4,-5,7,-1,1,-2,5,5,-21,7,-16,-8,-13,-4,-4,35,-18,2,15,-17,13,9,-14,4,-10,5,-3,-16,7,11,-7,0,12,-8,-5,-1,1,-9,-1,-4,-5,-7,0,-7,3,-3,2,0,-6,-10,-4,4,0,1,-7,-5,-3,-8,7,-2,5,5,4,-3,10,6,3,16,15,-10,-3,0,-25,-1,-3,4,5,2,-2,10,6,-6,4,6,0,5,5,11,0,-2,-9,10,-4,4,10,5,-10,-5,5,6,-2,-24,2,3,6,-1,-1,13,-5,-17,-5,6,3,-4,-1,-2,1,3,-2,12,0,16,4,-5,-4,0,-11],"lows":[0,16,5,3,2,7,0,-31,-6,30,-4,-2,10,0,4,-13,-5,8,2,0,-1,1,-2,0,1,-1,6,-1,-7,22,-18,2,-4,-7,6,4,36,-1,-1,18,-2,2,-2,-1,-2,-1,2,9,-1,2,2,-4,3,5,-1,0,-26,-9,19,-15,-44,9,6,1,6,25,-34,5,-2,18,5,9,3,-24,7,-11,7,3,0,-2,15,-2,-10,6,-14,6,-1,1,-6,-9,-1,-4,-7,5,-1,-5,6,-11,-2,-22,16,-13,12,-10,-9,6,-5,2,-1,9,4,0,0,4,12,2,4,22,-8,-2,-18,-6,-2,1,6,5,3,-4,-1,10,-1,5,3,4,4,1,8,1,-5,0,4,-3,13,2,5,-4,-5,3,5,-19,-6,0,6,5,4,-1,2,-9,-18,6,2,10,-7,-10,5,5,-3,1,9,4,4,13,-3,-3,0,-12],"closes":[0,17,0,5,4,6,1,6,-18,16,-18,7,8,-3,-1,-11,2,0,1,0,0,0,0,0,-1,7,-2,0,16,1,-18,0,1,2,-6,48,-5,-4,27,-13,6,-1,-1,-6,2,-6,12,11,-9,1,1,-1,8,-5,4,-2,-29,15,-3,-15,-32,2,12,-5,25,0,-31,30,-9,13,4,1,-4,-18,13,-11,-5,11,-8,13,-1,7,-11,0,-6,-4,5,-4,-6,-9,0,-4,-9,5,1,-1,3,-13,-3,-7,9,-6,0,-8,-6,-2,-1,8,-2,5,1,-2,3,14,3,3,19,5,-5,-4,-22,-4,0,3,4,5,2,-6,14,-6,5,2,8,1,0,9,10,1,-16,4,5,2,3,12,-5,-4,-3,7,6,-24,-8,6,5,5,-1,0,6,-14,-11,-1,10,2,-7,-6,6,0,1,4,11,-2,18,4,-11,-2,5,-13],"volumes":[2.92,3.52,2.01,1.62,1.62,6.37,8.55,7.71,37.4,3.65,16.95,13.65,2.3,5.65,3.8,11.35,21.75,1.9,3.8,1.9,2.85,13.6,9.35,2.8,2.85,9.0,11.7,6.45,27.5,2.85,28.55,17.4,56.75,45.2,44.02,41.4,14.4,57.3,36.45,9.9,9.9,12.6,5.4,48.85,51.95,12.7,23.7,27.95,43.75,62.35,11.35,28.25,21.35,13.0,9.0,5.4,133.48,167.1,81.95,93.6,274.57,125.75,60.15,31.35,81.6,11.7,49.5,44.45,115.9,54.2,118.82,38.8,36.1,157.9,110.55,54.75,14.4,28.8,90.9,14.4,1.8,24.3,29.07,13.5,40.5,36.0,9.0,9.0,13.5,18.0,13.5,18.9,15.3,11.7,18.0,17.1,28.8,14.4,8.1,52.65,41.85,96.3,37.8,38.73,46.8,25.2,11.79,11.75,27.76,22.23,23.5,36.48,26.1,17.1,29.7,17.1,23.79,44.13,22.59,11.82,19.35,21.15,14.67,5.52,7.2,2.82,4.5,10.26,9.0,21.96,2.16,26.91,21.33,8.97,19.35,33.78,21.3,26.9,18.33,10.8,12.15,21.03,7.2,15.3,7.5,6.39,18.18,7.2,4.5,36.18,26.1,10.8,10.8,5.4,4.5,1.8,24.51,17.22,21.9,18.99,13.23,13.68,5.04,23.61,9.0,9.9,9.12,12.72,15.03,19.79,43.04,12.6,7.29,9.21,28.89,16.72]}