{"timestamp":1753574400000,"multiplier":1.0E-5,"open":1.34238,"high":1.34263,"low":1.34228,"close":1.34261,"shift":60000,"times":[1260,1,1,1,2,1,1,1,1,1,1,1,1,1,1,1,1,1,1,1,1,1,1,1,1,1,1,1,1,1,1,1,1,1,1,2,1,1,1,1,1,2,1,1,1,1,1,1,1,1,1,1,1,1,1,1,1,1,1,1,1,1,1,1,1,1,1,1,1,1,1,1,1,1,1,1,1,1,1,1,1,1,1,1,1,1,1,1,1,1,1,1,1,1,1,1,1,1,1,1,1,1,1,1,1,1,1,1,1,1,1,1,1,1,1,1,1,1,1,1,1,1,1,1,1,1,1,1,1,1,1,1,1,1,1,1,1,1,1,1,1,1,1,1,1,1,1,1,1,1,1,1,1,1,1,1,1,1,1,1,1,1,1,1,1,1,1,1,1,1,1,1,1,1,1,1,1],"opens":[0,22,3,0,1,0,0,0,6,3,4,0,0,1,-1,5,0,10,-2,-1,0,0,1,20,-1,1,1,6,9,2,0,3,21,0,3,9,13,-6,4,0,-1,0,0,1,6,-7,7,10,4,4,4,-9,5,-9,-1,0,1,0,8,62,-18,7,3,-17,-28,-40,0,-29,-24,14,-12,-1,-18,34,-5,-24,8,0,12,-3,10,8,13,1,-28,-9,2,9,-3,-4,12,1,10,11,-5,2,4,-7,7,-9,4,-11,-4,-7,5,-1,1,2,2,-1,2,2,3,23,-5,-8,-10,-1,-8,12,14,2,-2,1,0,-9,5,-7,-21,0,13,-3,-9,18,12,-12,3,4,5,10,14,16,2,10,5,-8,1,9,-11,5,-2,9,-6,-1,-2,7,3,-5,-16,1,-11,4,-1,-4,20,-18,8,5,-4,-10,-4,-6,11,-15,7,-8,3],"highs":[0,1,0,-1,1,0,0,7,2,4,1,-1,0,1,8,4,0,2,-2,0,-1,1,20,0,0,1,5,11,-1,2,0,13,14,13,-7,13,3,-2,3,-3,0,-1,0,1,6,-7,7,14,5,3,4,-7,-1,-9,0,0,0,19,61,-8,-7,-1,2,-21,-28,-28,-4,-33,-13,0,-6,-8,14,4,-4,-17,-1,9,4,9,6,17,12,-17,-27,-2,3,12,-15,6,15,2,8,5,0,-4,1,6,-8,-7,2,-8,-7,-1,1,8,-3,-3,2,-1,3,7,18,3,-8,-8,-3,-7,6,13,-2,3,5,-2,-5,0,0,-11,-16,8,0,0,10,9,4,-14,9,2,9,17,12,11,8,0,-2,0,1,10,-17,3,7,-1,1,-8,6,1,6,-10,-15,0,-7,8,-9,17,0,-11,7,2,-8,-10,-3,4,0,-10,11,-12,0],"lows":[0,32,3,0,1,0,0,0,4,4,5,0,0,1,-1,-4,9,8,0,-1,0,0,1,19,0,1,0,7,8,2,-12,13,6,3,14,13,-7,14,3,1,-1,0,0,0,7,-7,1,16,4,-5,-1,4,-4,0,0,0,0,-18,27,41,1,-2,-6,-31,-37,-4,-24,-19,-10,-3,2,-9,0,22,-15,-5,10,-3,12,-2,12,8,10,-32,-14,14,-1,8,-13,6,15,2,5,9,-6,8,-1,0,-3,-5,-1,-6,-8,-3,9,0,2,-3,2,2,2,2,5,21,-11,-11,1,-26,17,12,9,3,-1,1,-7,1,-3,-19,-6,5,1,1,-1,18,0,-8,10,4,5,8,17,15,1,9,-3,-2,5,-2,-15,17,1,3,-3,-3,3,8,-7,-12,0,-13,2,6,-17,12,1,-4,13,-3,-9,-1,-11,5,-3,-2,0,-7,8],"closes":[0,3,-1,0,1,0,0,6,3,3,2,-1,0,1,3,1,8,0,0,0,-1,1,20,0,-1,1,5,11,0,2,0,3,3,16,9,15,-9,10,0,0,0,-1,0,0,7,-7,6,11,8,4,4,-9,-9,1,0,-1,1,16,61,-22,0,7,-14,-33,-36,-2,-30,-19,11,-13,1,-17,29,-2,-23,5,1,9,3,5,12,11,2,-28,-11,6,3,-1,-9,16,1,10,11,-2,-1,5,-6,10,-6,-4,-9,0,-11,6,-3,3,0,1,1,2,3,5,20,1,-12,-9,-2,-16,21,8,3,0,3,-3,-9,7,-7,-21,-6,17,-3,-6,17,11,-12,2,4,5,11,15,14,3,9,7,-8,-1,9,-11,1,3,8,-5,0,-2,7,1,-5,-15,-1,-12,6,2,-5,19,-19,8,6,-7,-9,-2,-7,12,-14,4,-4,-2,3],"volumes":[12.62,2.54,5.98,1.27,3.07,2.01,0.74,8.78,5.4,4.5,1.8,1.8,0.9,0.9,19.8,48.2,10.8,1.8,3.6,2.7,1.8,1.8,17.1,7.2,7.2,3.6,9.9,13.08,2.7,10.8,8.1,16.65,18.0,16.69,9.0,1.8,18.93,3.6,3.6,0.9,1.8,0.9,0.9,2.25,1.36,0.9,3.62,4.5,18.9,7.47,11.3,19.61,10.81,13.5,12.15,16.21,12.15,148.59,169.15,203.9,85.89,90.1,71.91,36.58,25.24,28.36,27.48,25.2,13.06,36.47,29.7,31.52,28.8,35.14,25.2,16.2,7.2,11.7,18.0,19.8,5.4,27.92,51.32,42.07,63.9,19.8,25.66,31.96,26.01,26.0,40.26,23.86,30.78,24.74,61.31,9.0,13.8,30.6,22.52,17.69,33.54,35.64,17.62,27.92,26.1,36.9,16.2,18.9,10.8,14.4,16.2,9.9,20.7,12.6,30.43,15.3,9.46,67.68,31.28,61.89,28.48,16.24,43.32,47.02,32.54,7.68,47.84,22.5,38.7,43.66,22.06,48.6,46.8,45.46,47.7,75.6,32.4,47.7,44.1,29.25,49.06,32.52,50.58,19.89,57.6,43.66,11.82,23.14,66.45,49.77,25.53,42.67,49.26,17.94,24.57,2.67,17.92,23.11,2.1,17.55,12.09,11.32,59.33,42.76,48.62,22.5,45.46,31.96,24.79,36.99,73.52,12.6,10.36,44.29,71.36,75.18,8.1]}