{"timestamp":1751760000000,"multiplier":1.0E-5,"open":1.35822,"high":1.35986,"low":1.35815,"close":1.35986,"shift":60000,"times":[1264,1,1,1,1,1,1,1,1,1,1,1,1,2,1,1,1,1,1,1,1,1,1,1,1,1,1,1,1,1,1,1,1,1,1,1,1,1,1,1,1,1,1,1,1,1,1,1,1,1,1,1,1,1,1,1,1,1,1,1,1,1,1,1,1,1,1,1,1,1,1,1,1,1,1,1,1,1,1,1,1,1,1,1,1,1,1,1,1,1,1,1,1,1,1,1,1,1,1,1,1,1,1,1,1,1,1,1,1,1,1,1,1,1,1,1,1,1,1,1,1,1,1,1,1,1,1,1,1,1,1,1,1,1,1,1,1,1,1,1,1,1,1,1,1,1,1,1,1,1,1,1,1,1,1,1,1,1,1,1,1,1,1,1,1,1,1,1,1,1,1,1,1,1,1],"opens":[0,134,45,4,-16,2,21,-9,11,1,-1,4,-1,-5,-5,0,-47,-35,6,2,-8,-8,1,7,-45,44,27,-42,1,44,-24,41,-12,1,6,1,-8,2,5,-8,8,-9,16,-15,1,4,12,-11,15,2,-6,-13,0,1,-2,2,55,-14,11,-4,2,12,1,9,-10,10,5,2,-4,13,1,-8,3,2,-6,6,0,0,-5,1,2,-4,-8,-3,8,-2,2,-5,17,5,8,5,-3,0,1,0,-2,6,1,-1,2,-1,-11,-14,2,-7,0,-1,2,11,-2,6,-3,-2,1,-16,-23,-6,4,11,2,9,-1,-2,5,2,-7,0,-1,4,1,5,-1,-8,3,5,1,-1,-8,-3,8,0,1,-2,-4,0,14,9,-2,5,-4,-6,-10,3,0,-11,3,2,7,2,-2,8,1,10,-10,1,-2,2,-3,3,-5,-9,-3,-2,-9],"highs":[0,15,3,16,-30,29,-6,7,-6,5,-5,5,-1,-6,-4,0,-48,-28,1,1,-9,-7,7,0,-1,28,6,-47,42,8,1,9,-10,6,2,-2,-7,10,-2,-2,0,-2,9,-14,13,9,-5,6,0,-1,-6,-12,1,1,-3,65,-9,15,-17,-2,17,-4,11,-1,-4,10,-1,1,7,2,0,-4,4,-2,-1,1,-1,0,-5,5,0,-6,-8,-3,8,5,-5,6,13,7,5,0,0,3,-5,0,3,2,0,3,-3,0,-12,-12,0,-7,1,-1,12,2,2,0,-1,-1,3,-21,-16,-7,12,6,6,-3,-2,4,2,-1,-3,-4,3,0,6,1,-2,-2,3,-1,1,2,-11,5,0,0,1,-2,-3,16,5,2,2,0,-3,-7,-5,0,-2,-8,5,-1,8,-1,6,3,8,0,-6,-3,0,0,1,0,-5,-10,-2,-3,0],"lows":[0,141,45,4,-16,2,6,-2,12,8,-1,0,-2,-13,8,-50,-45,13,-1,-19,3,6,4,7,-45,36,34,-41,1,44,-24,27,0,3,2,2,-5,1,-5,3,7,-8,6,-5,1,4,12,-11,10,4,-27,4,6,-4,-3,-6,46,9,8,0,0,13,2,-2,1,10,5,-4,-1,15,-5,-1,3,-6,2,6,0,-7,1,2,-3,-7,-4,0,5,1,-2,0,17,3,8,3,0,1,-1,2,-2,5,1,0,0,-10,-13,-1,-6,1,-1,0,2,9,-6,6,1,-1,-13,-28,-3,0,5,11,1,9,-4,1,6,-5,-2,2,-1,3,2,5,-10,0,4,3,2,-9,-5,3,8,0,-3,1,-4,1,11,6,3,1,-8,-10,3,1,-6,-5,4,0,10,0,0,8,1,2,-2,-2,0,-1,0,-6,0,-16,7,-9,-1],"closes":[0,15,2,17,-30,23,0,6,-5,5,-5,5,-7,-5,0,-47,-35,6,2,-8,-8,1,7,0,-28,55,1,-44,44,8,0,-1,0,7,0,-2,-5,5,-8,9,-1,-8,6,-4,12,3,1,4,1,-1,-16,-6,4,0,-6,63,-13,7,0,1,10,2,12,-13,9,10,-1,-3,11,1,-6,2,5,-8,5,0,0,-4,-2,6,-6,-8,-4,1,5,4,-6,11,12,7,5,-3,0,0,-1,2,3,0,2,1,-2,-9,-14,0,-7,1,-1,1,10,1,4,-2,-2,1,-15,-25,-6,5,12,5,4,0,-3,7,-1,-4,-3,2,2,1,6,0,-10,4,5,0,0,-8,-2,7,0,0,-3,1,-4,13,10,-1,4,-3,-8,-8,2,3,-10,0,2,2,8,-3,8,3,8,-8,-2,-2,2,-1,3,-8,-3,-7,-2,-9,6],"volumes":[9.3,11.1,7.2,3.9,0.9,4.05,6.54,5.7,3.9,2.4,0.9,7.2,8.4,18.63,3.96,18.93,30.9,9.6,8.4,27.9,9.66,2.79,3.15,0.45,12.15,11.85,18.91,3.6,16.76,11.4,41.4,46.95,15.3,22.2,52.95,21.9,1.8,36.9,43.05,13.8,6.6,7.2,3.6,1.8,20.1,10.8,4.8,12.3,50.55,15.6,96.3,53.4,10.2,25.2,21.6,106.11,81.0,106.2,91.35,120.0,75.9,9.15,25.2,19.35,18.75,13.2,4.8,19.2,34.2,9.6,43.2,15.6,16.8,12.0,8.4,6.0,3.6,27.6,4.8,12.6,12.0,34.2,7.2,10.8,15.6,20.4,14.4,15.6,18.0,24.0,22.8,27.9,24.0,45.6,26.4,15.6,28.8,6.0,12.0,12.0,3.6,12.0,25.65,16.8,7.2,1.2,8.4,2.4,36.99,32.34,53.28,38.16,28.8,31.95,56.55,156.3,75.6,28.2,50.7,51.42,56.31,23.85,26.88,28.83,61.65,37.2,19.95,1.2,10.74,6.0,23.22,7.5,32.55,56.52,21.75,21.45,40.8,73.5,79.53,18.0,6.3,2.4,8.4,2.4,11.4,64.5,43.29,43.65,25.17,13.92,19.35,15.6,10.92,7.92,16.8,18.75,10.95,14.07,4.8,7.2,16.47,3.6,14.4,14.4,11.04,22.02,21.09,37.26,66.81,56.52,37.98,59.73,22.2,37.62,31.08]}