{"timestamp":1752019200000,"multiplier":0.010000000000000002,"open":17.87,"high":17.87,"low":17.87,"close":17.87,"shift":60000,"times":[14,7,20,15,3,1,2,1,1,1,7,49,158,1,1,93,36,4,24,62,13,36,7,2,2,88,6,13,1,59,6,2,1,13,15,1,2,11,1,5,1,1,5,10,1,6,1,1,16,2,8,3,9,5,1,2,1,2,1,8,2,1,1,3,1,1,2,1,1,5,1,1,1,2,1,1,1,2,1,1,1,1,1,1,7,1,3,1,1,2,2,1,5,2,4,7,1,6,7,1,8,8,3,1,9,9,2,6,1,15,1,4,2,1,9,2,3,4,12,1,1,15,2,1,11,8,5,1,1,1,1,16,28,28,6,18,4,6,11,5,2,5,5,11,1,106],"opens":[0,-5,1,4,-5,1,0,-1,5,-5,0,-4,-6,0,1,-5,-5,-5,4,0,-4,-1,-4,5,-6,-4,5,0,-5,2,0,0,0,0,0,-17,-6,-5,6,-5,4,-5,5,5,-4,4,-9,-1,-4,4,6,-5,5,-1,1,0,5,-6,0,6,4,6,4,0,5,-4,-5,-5,5,-6,6,4,-10,10,1,-6,-4,4,5,1,-6,5,-9,5,-10,0,9,-5,1,9,-4,-6,-4,-5,-1,6,-5,-5,4,-4,-6,5,6,-1,0,-9,5,-1,-4,-1,6,5,-6,6,-1,1,-11,-4,5,0,-5,-5,4,0,-4,-5,4,-5,6,-1,0,-9,4,5,-4,-5,5,-6,6,4,1,5,-5,4,-5,5],"highs":[0,0,-4,4,-5,6,-1,-4,4,1,-6,-4,-1,0,1,-10,-5,-5,4,0,1,-6,-4,5,-5,-5,5,0,-5,2,0,0,0,0,0,-17,-6,-5,6,-5,4,-5,5,5,1,-1,-4,-6,1,-1,6,-5,5,5,0,0,0,0,-6,6,4,6,5,-1,6,-5,-5,0,0,-6,6,5,-6,6,0,-1,-4,0,4,1,0,-1,-4,0,-5,0,5,0,0,4,-4,-1,-9,-1,-5,10,-9,-5,4,-4,-6,6,5,-1,0,-9,5,-1,1,-6,6,5,-6,6,-1,1,-11,1,0,0,-5,-5,4,0,1,-10,4,-5,6,-1,0,-4,-1,5,-4,-5,5,-6,6,4,1,5,-5,4,-5,5],"lows":[0,-5,1,4,-5,1,-1,0,5,-5,0,-4,-6,0,0,-4,-5,-5,0,4,-4,-1,-4,-1,0,-5,1,5,-5,2,0,0,0,0,-22,5,-6,-5,0,1,4,-5,5,5,-5,1,-5,-1,-5,5,6,-5,5,-1,1,0,5,-6,0,6,4,1,4,5,0,1,-5,-6,6,-6,6,-1,-5,5,1,-6,0,5,0,1,-1,1,-6,0,-4,-1,6,-1,1,9,-4,-6,-4,-6,0,5,-4,-5,4,-4,-6,0,5,0,0,-4,0,4,-4,-1,6,5,-6,0,1,-1,-5,-5,0,6,-5,-5,-1,5,-4,-5,4,-5,0,1,0,-6,5,5,-4,-5,5,-6,6,4,1,5,-5,4,-5,5],"closes":[0,0,-4,4,-5,6,-1,-5,5,1,-6,-4,-1,-4,0,-5,-5,-5,0,4,1,-6,-4,-1,1,-6,1,5,-5,2,0,0,0,0,-22,5,-6,-5,6,-5,4,-5,5,5,-5,1,0,-6,-4,4,6,-5,5,5,0,-5,5,0,-6,6,4,6,-1,5,6,-5,-5,-6,6,-6,6,0,-1,0,6,-6,0,1,-1,6,-5,0,-5,0,0,0,5,-6,5,5,-4,-5,-5,-1,-5,5,-4,-5,4,-4,-6,6,-1,0,0,-4,0,4,1,-6,6,5,-6,0,1,-1,-5,-5,0,6,-5,-5,-1,5,-4,-5,4,-5,0,1,0,-6,5,5,-4,-5,5,-6,6,4,1,5,-5,4,-5,5],"volumes":[0.006,0.012,0.006,0.006,0.006,0.012,0.03,0.018,0.006,0.012,0.006,0.006,0.03,0.018,0.024,0.006,0.006,0.006,0.012,0.006,0.012,0.006,0.006,0.012,0.018,0.012,0.012,0.006,0.006,1.0E-5,1.0E-5,1.0E-5,1.0E-5,1.0E-5,0.00602,0.006,0.006,0.012,0.018,0.006,0.006,0.006,0.006,0.006,0.03,0.012,0.018,0.006,0.042,0.006,0.006,0.006,0.006,0.012,0.012,0.018,0.006,0.048,0.012,0.006,0.006,0.018,0.042,0.006,0.03,0.006,0.006,0.03,0.006,0.006,0.006,0.114,0.012,0.054,0.03,0.048,0.144,0.024,0.012,0.024,0.03,0.012,0.03,0.036,0.012,0.036,0.018,0.108,0.042,0.006,0.006,0.018,0.006,0.024,0.006,0.018,0.012,0.006,0.006,0.006,0.006,0.018,0.012,0.012,0.012,0.006,0.012,0.006,0.012,0.006,0.006,0.006,0.006,0.042,0.012,0.012,0.006,0.018,0.012,0.006,0.006,0.012,0.012,0.006,0.042,0.006,0.006,0.006,0.012,0.012,0.012,0.018,0.006,0.006,0.006,0.006,0.006,0.006,0.006,0.006,0.006,0.006,0.006,0.006,0.006,0.006]}