{"timestamp":1730592000000,"multiplier":1.0E-5,"open":0.91981,"high":0.92009,"low":0.91979,"close":0.92008,"shift":60000,"times":[1320,1,1,1,1,1,1,1,1,1,1,1,1,1,1,1,1,1,1,1,1,1,1,1,1,1,1,1,1,1,1,1,1,1,1,1,1,1,1,1,1,1,1,1,1,1,1,1,1,1,1,1,1,1,1,1,1,1,1,1,1,1,1,1,1,1,1,1,1,1,1,1,1,1,1,1,1,1,1,1,1,1,1,1,1,1,1,1,1,1,1,1,1,1,1,1,1,1,1,1,1,1,1,1,1,1,1,1,1,1,1,1,1,1,1,1,1,1,1,1],"opens":[0,27,-1,-25,-19,12,-16,-50,32,58,-27,-22,-31,26,-58,15,-20,-6,-52,14,-2,-2,4,-6,20,-3,16,-5,0,1,-10,-15,-32,8,-76,10,0,2,17,-11,-2,2,-3,-3,1,1,-2,-4,-46,-9,-5,-6,3,1,-1,0,5,-4,32,13,3,-32,3,-6,-9,2,37,10,35,19,19,3,1,-13,26,-23,-6,-19,1,19,7,-2,21,19,-11,1,-40,12,14,0,-9,-11,0,1,0,-4,-7,2,-22,-9,1,-28,7,30,11,-14,-3,1,7,-9,11,-11,-1,2,-11,1,-5,0,-12,4],"highs":[0,-1,-1,-25,0,-6,-17,0,42,-2,-27,-9,-10,-8,-37,-6,-18,-6,-33,5,-14,2,0,15,9,14,-11,3,-8,3,1,0,-51,2,-65,-3,3,17,-2,-5,-2,1,-5,-4,5,-1,-3,11,-58,-5,-13,-5,3,1,-1,7,-4,29,20,-2,-4,-12,-11,-5,-8,52,-8,20,54,8,-2,11,-6,14,-9,-16,-16,-18,35,-6,12,13,14,-1,2,-11,-21,1,6,-2,-7,-10,3,-5,2,-8,1,-5,-22,-5,-4,5,3,22,3,-27,1,6,-2,-2,6,-6,-4,12,-19,-5,-4,0,-9,17],"lows":[0,-10,-15,28,-19,-30,-27,3,-6,55,-60,17,-7,-20,-10,-9,-3,-23,-27,18,1,-3,6,-6,7,8,2,-10,-1,12,-3,-44,-8,-58,-11,17,-8,12,6,-4,-1,-1,-1,0,-2,4,-1,-78,-6,19,-5,1,-2,2,1,0,1,-3,28,-2,-22,-6,14,-12,1,7,40,4,41,15,11,13,-15,-1,5,-5,-26,2,6,15,11,-2,22,7,2,-45,0,14,10,-2,-9,-5,4,-2,-1,-9,-3,-15,-7,-6,-25,-1,11,30,-11,4,-3,3,0,0,-1,-3,0,-3,-7,-3,-1,-12,1,6],"closes":[0,-1,-24,-1,-7,1,-70,39,55,-4,-63,-18,30,-57,-9,4,-4,-36,-14,6,0,-1,4,8,2,16,-5,3,-5,-7,14,-60,9,-76,8,0,3,18,-12,-4,8,-8,1,-5,3,1,0,-58,-2,-4,-8,1,2,1,1,1,-1,33,11,2,-28,1,-8,-9,0,41,9,21,33,16,7,-2,-14,29,-24,-7,-19,3,19,8,-2,19,20,-13,4,-39,9,12,3,-8,-12,1,1,-1,-5,-8,2,-20,-8,-1,-27,7,28,12,-13,-4,1,10,-10,6,-4,-2,-1,-7,-5,-3,0,-12,4,3],"volumes":[21.51,6.48,7.2,0.72,4.32,8.58,7.02,13.86,23.01,31.68,45.36,14.67,33.36,36.78,38.4,11.31,12.51,30.93,25.29,31.53,5.81,6.66,1.35,31.89,32.73,40.74,18.9,31.8,13.92,36.48,98.31,128.09,94.86,132.84,106.8,76.74,61.14,112.08,75.6,112.02,100.8,127.8,95.4,50.16,66.12,32.4,21.6,101.64,66.3,43.2,18.0,37.8,43.8,30.0,15.6,60.15,57.6,127.5,114.9,86.7,433.29,192.42,166.38,124.11,179.34,140.52,69.99,96.37,104.12,117.37,126.44,117.36,100.07,118.13,108.39,76.74,118.72,66.66,81.97,78.11,127.96,125.71,103.52,86.22,98.43,134.62,145.03,104.07,86.17,91.39,146.44,76.45,56.09,58.49,60.27,73.47,77.48,51.6,62.33,83.53,94.46,101.36,82.45,51.27,104.03,71.53,49.38,30.0,54.53,36.23,62.97,61.85,30.73,72.39,72.99,42.89,62.01,50.5,60.54,135.29]}