{"timestamp":1731801600000,"multiplier":0.001,"open":8253.561,"high":8253.561,"low":8245.593,"close":8248.561,"shift":60000,"times":[1370,1,1,3,1,2,1,1,1,1,1,1,1,1,1,1,1,1,1,1,1,1,1,1,1,1,1,1,1,1,2,1,1,1,1,1,1,1,1,1,1,1,1,1,1,1,1,1,1,1,1,1,1,1,1,1,1,1,1,1,1,1,1,1,1,1],"opens":[0,-5562,-4000,2658,-64,-1904,-2096,4032,-6936,-7128,9064,2936,3096,1000,1936,968,-1904,-3658,4562,1032,-3032,1128,-32,-3000,968,64,2310,-438,-936,1374,-1342,904,-968,1406,594,1064,-96,3438,562,3096,904,-1872,-128,0,-936,1064,-4032,342,-310,-1690,3562,-1000,0,-936,32,-1032,0,1374,-374,5000,-32,-1904,2968,-64,-1904,2310],"highs":[0,-5562,-2000,1594,-1000,-1032,128,3000,-9000,2000,1968,6904,-1904,2904,96,-96,-562,-1310,904,3064,-3096,-872,1000,-3064,1374,1690,-690,0,1000,594,-594,-1374,64,936,2936,-1904,1968,1936,3064,1000,-64,-1872,0,-128,0,438,-3310,-690,-310,1968,342,-342,-1096,-936,32,-1000,1342,626,3000,1032,-64,64,2342,0,-1000,2000],"lows":[0,-4000,1032,3000,0,-1968,-1064,-4032,-5000,-1000,9032,2968,1032,1064,2032,936,-2936,-3128,4032,2096,-1128,-1000,32,-2000,1064,1032,904,0,32,0,-32,-1000,1000,968,1032,-1000,1968,2000,2000,2032,-32,-968,0,32,-626,-1342,-2096,0,438,-1438,3000,-2904,-96,32,32,-64,1000,0,1064,3374,-406,96,2968,-658,-1310,2310],"closes":[0,-6968,3968,64,0,-1968,936,-4032,-7000,7128,2968,5000,-1032,3936,-562,-310,-4000,3000,904,-904,-1000,-96,-1000,-1032,96,4032,-2000,904,-904,1310,-1406,-1000,1000,968,3032,-1594,2626,936,3032,1000,32,-2032,0,968,-562,-2342,-2096,0,438,2000,626,-2032,-904,0,-1064,0,936,0,5064,0,-64,1096,1904,-1562,-342,1936],"volumes":[0.0216,0.00336,0.00432,0.00384,9.6E-4,0.00192,0.0024,0.0216,0.0072,0.01152,0.00432,0.00432,0.00864,0.0048,0.00816,0.00192,0.00864,0.00528,0.00432,0.00432,0.00528,0.00672,0.00624,0.00336,0.0048,0.00288,0.00384,0.0024,0.0024,0.00336,0.00336,0.00432,0.0024,0.00144,0.0024,0.00288,0.0024,0.00432,0.00432,0.0024,0.00288,0.00288,0.00288,0.00144,0.0024,0.00288,0.00192,9.6E-4,9.6E-4,0.0048,0.00336,0.00528,0.00336,0.00288,0.0024,0.0048,0.00528,0.00384,0.00336,0.00288,0.00192,0.00336,0.00384,0.00288,0.00192,0.00192]}