{"timestamp":1730592000000,"multiplier":0.001,"open":41983.603,"high":41992.899,"low":41924.899,"close":41939.199,"shift":60000,"times":[1380,1,1,1,1,1,1,1,1,1,1,1,1,1,1,1,1,1,1,1,1,1,1,1,1,1,1,1,1,1,1,1,1,1,1,1,1,1,1,1,1,1,1,1,1,1,1,1,1,1,1,1,1,1,1,1,1,1,1,1],"opens":[0,-46904,-3500,-7048,-976,15988,-1000,7536,-1596,1096,962,21478,-8952,-11084,11096,-4072,4560,940,1048,-5072,1048,-524,5272,-1248,524,440,-2940,13524,-5560,-2440,-548,2748,-1712,-6012,5452,-12,-6000,6560,-1776,-6736,-1488,-12,6952,-3452,4976,-1012,-10228,288,-12,-3572,-204,-5724,5512,2474,-8034,-5464,2000,-2764,-5212,1988],"highs":[0,-46736,-4036,-2988,8548,9500,-5524,-264,-1224,-1976,27000,-5084,-5716,-2000,-1248,3748,-260,-488,-452,-4096,2796,2776,-536,-740,9752,-5476,6224,1288,-5488,-1500,2416,572,-4988,0,2200,-2784,2284,-1200,-596,-3964,-4440,3500,1916,5524,-500,-4512,-7452,-1776,-284,-2716,2800,-2560,1500,-440,-6536,-4764,1788,-5036,-2952,-524],"lows":[0,-10724,7500,1500,1488,13524,1976,2500,940,-6464,9260,13500,-10772,24,0,4476,4560,-3084,1048,-4024,6048,428,1560,-24,1476,-3440,1964,4012,1952,-3464,1500,1012,-4036,-3012,8024,-8728,2716,2048,-6512,48,-4560,5524,1524,1976,2952,-10452,536,-1584,-2988,-512,-2488,-1928,5928,-4476,-6048,-3976,2488,-3964,-1048,-1928],"closes":[0,-9548,-3012,-1012,17572,-5012,9988,-1488,988,524,21964,-10060,-10976,12000,-5012,5548,976,1512,-5476,928,-404,3976,-1072,1796,300,-3060,11500,-3500,-2512,-1452,2464,-1464,-5060,5548,2036,-7800,7500,-3000,-7700,-1560,2024,3524,-524,4500,-1048,-11952,1024,916,-4928,2224,-6272,5976,1072,-7524,-5452,2000,-3096,-4952,2048,-4000],"volumes":[0.01143,0.008505,0.00486,0.00315,0.00351,0.004095,0.003195,0.002565,0.001575,0.002205,0.00306,0.00243,0.00261,0.002835,0.003105,0.002385,0.001755,0.002205,0.0018,0.001845,0.001575,7.2E-4,0.00117,6.75E-4,0.00306,0.00171,0.00225,0.002655,0.00189,0.00216,0.003195,0.0027,0.00225,0.0018,7.65E-4,0.00234,0.00144,0.00243,0.001305,0.001845,0.00162,0.00126,0.00135,0.00126,0.001035,0.00135,7.65E-4,7.2E-4,7.65E-4,7.65E-4,0.001575,9.9E-4,9.9E-4,0.001305,9.9E-4,0.00135,0.001125,0.00126,0.001035,8.1E-4]}