{"timestamp":1239494400000,"multiplier":1.0E-5,"open":0.72169,"high":0.72169,"low":0.72161,"close":0.72161,"shift":60000,"times":[1320,1,3,4,1,2,1,1,2,1,2,1,1,1,1,1,1,2,2,1,1,1,2,1,2,1,1,1,1,1,1,1,1,2,2,1,1,8,1,1,1,1,1,1,1,1,1,1,1,2,1,2,1,2,4,1,2,1,1,2,1,1,1,6,1,1,1,1,1,1,1,4,1,1,1,1,1,1,1,1,1,2],"opens":[0,-1,0,1,-4,-1,10,-3,2,-11,7,-5,12,3,1,1,-2,1,2,9,11,-11,3,25,10,7,6,-48,5,-1,0,3,-2,2,3,8,-8,0,-3,5,13,-5,50,10,-6,6,-13,7,1,-9,-1,-9,-34,23,10,24,-4,-5,-46,-2,-4,-1,15,7,13,-1,1,0,9,2,2,10,-10,2,8,-4,-4,3,-6,11,0,8],"highs":[0,5,-6,1,0,1,14,15,-17,-10,-3,3,27,-20,5,-3,-2,13,0,-1,11,0,19,7,24,-10,5,-43,-5,1,-1,2,-2,2,5,6,-1,-7,15,0,0,55,-8,8,5,-5,-13,13,-5,-9,-1,-3,-11,-4,33,2,-7,-5,-46,3,-9,-1,18,15,10,10,-10,-8,28,0,-5,10,-20,15,-5,-4,1,-2,5,8,-3,25],"lows":[0,0,7,-9,6,-1,-1,8,-10,1,7,-5,12,3,0,2,-2,-5,5,12,-10,10,3,20,15,7,-37,-5,5,-1,0,3,-5,5,3,-3,-2,5,-3,5,3,5,45,7,2,-17,10,7,0,-8,-11,-46,13,23,10,12,5,-63,8,0,1,-1,15,7,13,-7,7,0,1,10,2,-3,3,2,8,-10,2,-21,16,8,5,-8],"closes":[0,0,7,-7,8,1,0,11,-20,11,-3,3,9,-2,0,2,-2,12,1,-1,1,10,18,8,14,-1,-42,5,-5,0,0,2,-5,5,5,3,0,-5,7,3,-5,57,0,0,13,-20,2,13,-6,-8,-6,-36,23,0,33,-3,-5,-37,-18,0,1,-1,18,15,10,0,0,-8,15,8,-10,-3,3,15,-5,-10,7,-10,8,2,8,8],"volumes":[4.68,3.96,2.0,5.81,2.5,3.97,6.92,12.79,11.63,2.09,0.9,3.1,10.76,1.4,6.4,1.7,1.9,7.73,7.66,1.7,12.35,1.98,12.59,17.65,27.5,11.15,15.52,6.51,0.65,2.09,1.67,1.5,5.79,0.9,2.3,15.86,9.4,0.7,7.33,12.61,11.98,28.3,11.37,8.45,4.4,15.27,1.5,3.91,2.7,2.9,9.29,33.68,32.29,1.99,12.12,10.67,2.5,46.67,3.55,7.5,0.71,2.8,2.03,10.0,4.0,16.46,3.6,1.1,22.12,6.11,4.31,7.88,2.5,9.22,1.8,7.7,3.79,22.83,11.1,13.45,1.71,55.61]}