{"timestamp":1137888000000,"multiplier":1.0E-5,"open":1.27554,"high":1.27587,"low":1.27554,"close":1.27579,"shift":60000,"times":[1320,1,1,1,1,1,1,1,1,1,1,1,1,1,1,1,1,1,1,1,1,1,1,1,1,1,1,1,1,1,1,1,1,1,1,1,1,1,1,1,1,1,1,1,1,1,1,1,1,1,1,1,1,1,1,1,1,1,1,1,1,1,1,1,1,1,1,1,1,1,1,1,1,1,1,1,1,1,1,1,1,1,1,1,1,1,1,1,1,1,1,1,1,1,1,1,1,1,1,1,1,1,1,1,1,1,1,1,1,1,1,1,1,1,1,1,1,1,1,1],"opens":[0,34,-11,-12,-6,-13,1,32,-2,7,-9,2,-22,-18,-8,39,-29,6,-8,-12,-25,0,19,-1,-27,18,5,-9,-12,14,18,0,-10,-10,7,-9,16,-11,-21,20,10,-5,18,0,33,-27,5,9,0,-22,-5,21,-9,-1,3,-7,-3,5,-14,27,-30,10,15,3,-25,18,-10,-18,35,-30,-10,-24,1,-22,17,-35,18,-13,23,-11,13,7,-12,-19,10,-3,15,-3,-20,0,-4,3,-8,10,-23,-13,15,31,-9,-35,-15,-19,3,22,22,5,-15,17,-27,-6,10,1,-28,-37,-10,-17,47,-5,-29,-8],"highs":[0,1,-11,-7,-11,25,-2,3,-4,3,0,-1,-27,-4,15,1,-10,-4,-7,-22,-19,20,5,-6,-25,34,-20,-9,-10,44,-4,-3,-7,-2,-7,-1,4,8,2,-11,7,0,12,38,-12,-24,5,6,11,-15,-2,0,4,-4,-7,-7,9,-7,14,7,-6,3,-3,2,-11,6,-1,1,-1,-18,-15,-10,-16,-13,8,0,-2,-3,14,-17,18,-10,3,3,-17,-3,3,-3,3,4,-20,0,-1,10,-20,-9,29,-3,-6,-20,-8,-21,19,22,18,-28,-14,14,-20,-8,10,-6,-18,5,-44,29,-17,-3,-3,-27],"lows":[0,-8,4,4,-18,10,1,10,3,-9,13,-4,-36,12,-10,27,-14,-22,4,-48,17,6,18,-32,-6,33,-29,6,4,14,3,4,-8,-5,6,-1,-6,-8,-2,10,-3,-3,26,-1,4,13,2,-2,-5,0,-16,0,7,4,-11,1,8,-19,16,11,-22,13,2,12,-16,13,-16,-7,-11,7,-10,-17,-24,-13,5,-10,10,-5,17,0,3,-11,6,-9,4,-5,-19,12,-8,13,-15,5,-3,3,-29,-1,16,20,-34,-16,6,-32,-1,34,20,-23,0,3,-15,-5,21,-22,-34,1,-17,-10,24,-10,-4,-23],"closes":[0,-12,-12,2,-21,14,15,10,-12,2,19,-24,-30,13,24,-14,-10,-9,-6,-32,8,21,0,-43,12,27,-34,4,3,19,18,-20,-6,8,3,-3,-13,-11,35,-9,-9,4,25,40,-51,9,2,9,-11,8,-7,-11,7,0,-8,-3,13,-10,16,-9,8,1,3,-7,4,-5,-5,16,-18,-5,-27,6,-38,9,-18,15,-23,28,-14,6,7,7,-18,7,-7,4,-20,-1,-10,9,-14,6,15,-17,-15,5,28,-5,-38,-19,13,-27,39,26,-12,-35,0,4,-7,16,-9,-20,-11,-10,-21,32,-27,-2,-11,-10],"volumes":[128.4,282.0,129.1,137.3,160.4,197.1,104.3,166.6,215.6,88.7,135.6,209.5,248.0,180.4,220.5,300.7,112.3,238.6,168.2,209.0,88.9,158.2,224.4,168.7,165.7,176.4,287.4,160.5,128.9,241.5,168.3,262.6,132.2,219.3,73.0,99.9,116.9,204.4,115.7,129.1,222.6,30.3,249.1,189.5,127.3,121.9,118.4,223.5,136.0,16.8,98.1,232.4,203.8,285.8,184.9,218.6,117.5,264.2,184.1,100.2,199.0,64.7,184.0,43.3,97.1,45.5,135.8,146.9,177.5,128.4,300.1,42.5,201.2,100.8,190.3,166.6,271.1,108.3,131.0,114.8,175.5,46.5,122.4,54.8,109.7,150.6,204.0,130.2,213.7,170.1,244.1,124.9,155.6,116.3,140.3,67.5,312.0,172.5,143.0,104.9,106.8,187.8,78.9,160.7,228.0,233.9,258.7,152.7,190.9,256.8,99.5,141.6,184.3,178.7,136.2,154.5,164.8,153.7,241.1,132.0]}