{"timestamp":1136678400000,"multiplier":1.0E-5,"open":1.2694,"high":1.26945,"low":1.26938,"close":1.2694,"shift":60000,"times":[1320,1,1,1,1,1,1,1,1,1,1,1,1,1,1,1,1,1,1,1,1,1,1,1,1,1,1,1,1,1,1,1,1,1,1,1,1,1,1,1,1,1,1,1,1,1,1,1,1,1,1,1,1,1,1,1,1,1,1,1,1,1,1,1,1,1,1,1,1,1,1,1,1,1,1,1,1,1,1,1,1,1,1,1,1,1,1,1,1,1,1,1,1,1,1,1,1,1,1,1,1,1,1,1,1,1,1,1,1,1,1,1,1,1,1,1,1,1,1,1],"opens":[0,5,5,52,3,-5,0,5,-3,5,-2,-10,5,0,-2,2,-7,7,2,9,31,15,-17,8,-5,-43,2,-2,-3,1,7,-5,-4,-9,8,-5,2,-1,9,2,-18,30,-20,13,23,-3,-39,26,-4,0,0,8,-6,15,6,1,-6,2,-10,0,-3,36,-11,14,1,-13,-3,-6,15,-3,8,16,25,1,18,-7,-7,-7,6,-2,-7,-9,25,1,2,-12,-5,-32,13,6,10,-10,-3,1,2,5,-5,0,-18,6,4,1,7,-2,9,8,-8,10,-2,4,-5,13,-10,2,-15,-7,18,3,-11,14],"highs":[0,0,45,15,0,-5,5,0,-3,5,1,0,-6,5,-2,0,0,3,-6,42,17,-4,7,20,-20,-59,-3,-2,3,2,3,-3,-9,-6,5,-2,-1,12,1,-2,12,4,-10,18,8,-8,-17,8,-8,5,3,0,3,12,0,1,-2,1,-8,0,27,3,4,4,-1,-15,-1,3,1,8,2,37,9,5,8,-11,-7,-6,5,7,-16,18,6,0,0,-17,-5,-25,7,12,4,-11,0,5,3,-3,2,-7,-13,8,0,8,4,2,1,5,-2,9,-2,-1,5,3,-2,-6,-15,6,5,3,-2,8],"lows":[0,-3,15,45,0,5,-2,-1,-2,5,-2,-6,3,2,1,-3,-2,7,-5,16,31,-3,1,2,-6,-38,-1,3,-3,-2,0,5,-8,-10,5,-2,-4,9,5,-10,-1,11,-4,16,23,-42,0,20,-17,16,3,0,2,11,-2,-9,12,3,-9,0,-1,31,-11,6,5,-8,-3,-2,5,7,6,14,29,-6,18,-12,-17,8,8,-12,4,-5,25,1,2,-33,-20,-18,25,11,12,-7,-3,1,2,-5,2,-30,10,9,-1,8,7,-3,7,-9,5,12,-2,-7,11,4,-1,-17,-4,1,13,0,-3,-4],"closes":[0,0,50,15,-10,5,2,-2,0,3,5,-10,4,0,3,-5,0,2,-2,28,31,-9,7,12,-16,-53,-2,2,3,-8,10,-5,-8,-2,5,-5,-2,7,10,-20,29,-19,13,19,8,-47,22,8,-8,0,8,-3,6,12,0,-7,2,-1,-9,2,32,-4,7,8,-15,-7,5,-2,1,13,-3,39,6,11,0,-11,-7,2,0,-12,4,21,2,0,0,-21,-28,7,1,11,8,-8,0,0,2,-2,0,-19,3,11,-10,18,-1,2,4,-13,18,-1,8,-13,10,4,-1,-20,0,7,3,7,-5,12],"volumes":[101.3,183.2,219.6,227.7,60.6,2.4,82.1,158.9,176.5,177.3,227.6,253.8,157.2,154.4,176.6,240.7,237.9,292.7,91.0,229.7,94.7,140.9,50.6,124.7,104.9,155.9,196.8,7.4,90.0,108.4,117.1,85.3,39.9,207.5,150.8,116.1,196.4,252.0,207.3,105.5,168.6,96.1,231.4,10.4,113.5,128.9,48.7,92.5,195.2,96.3,15.2,204.3,265.5,107.2,110.7,248.3,87.9,126.4,279.1,163.1,171.9,147.1,206.8,96.9,143.8,90.1,37.8,256.1,236.2,161.3,83.3,239.6,74.4,108.6,174.4,54.9,204.1,101.6,156.1,87.5,2.2,99.8,92.1,44.0,229.3,62.6,173.4,123.9,194.2,176.6,20.7,19.2,75.2,142.7,180.0,92.9,160.9,253.5,205.7,145.7,159.3,100.6,36.8,130.7,150.3,121.8,67.6,267.3,106.3,173.6,74.1,200.1,178.8,287.8,146.5,94.0,171.8,110.1,151.2,151.9]}