{"timestamp":1536451200000,"multiplier":0.001,"open":11942.38,"high":11942.38,"low":11942.38,"close":11942.38,"shift":60000,"times":[1322,2,1,1,1,1,1,1,1,1,1,1,1,1,1,1,1,5,2,8,1,1,5,1,17,4,2,3,8,1,3,10,1,1,1,1,1,1,1,1,2,2,1,1,1,1,1,1,1,1,1,1,1,1,1,1,1,2],"opens":[0,-1101,1,3100,1000,5199,-2100,-999,-501,-1599,0,-1,2101,-1,1000,500,1501,-1,0,-1000,0,1001,-2000,1000,-2000,999,-999,1000,1000,1100,0,-1,-1100,-1000,-999,999,-1999,-1100,-1000,0,2100,-2101,-1000,1000,-1000,-3100,-2000,1001,-1,1001,3099,1,0,1999,0,-499,1600,-1100],"highs":[0,-1100,2099,4101,3100,999,-3099,-1000,-501,-1599,1100,1000,1000,-1,1001,3000,-1000,-1001,1001,-2001,1001,0,-1000,0,-1001,0,1,0,1000,1100,999,-1000,-1100,-1000,0,0,-1999,-1100,-1000,999,1101,-2101,1,-1,-1000,-3100,1,0,0,2100,1500,500,2099,-1099,-1,0,1101,-1100],"lows":[0,-2100,1000,3100,1000,1599,-500,0,0,-1099,-1,0,2100,0,1000,1,2000,-1,0,-1000,0,-999,0,0,-1000,0,0,0,2000,1100,-1,-1100,-1000,-999,0,-1000,-1100,-1000,-1000,1000,-1,-1000,0,0,-2100,-3600,600,1,999,1001,2100,1000,0,999,0,1,1000,-1000],"closes":[0,-1100,2099,2001,5199,-2100,-999,-1001,0,-1099,-1,2101,-1,1000,500,1501,1000,-1001,0,-1000,1001,-2000,1000,-1000,-1,-999,1000,-1,1001,1100,-1,-1100,-1000,-999,999,-1999,-1100,0,-1000,999,-1000,-1000,1000,-1000,-2100,-3000,1001,499,501,2100,1000,0,1999,-1000,1000,0,1,-1],"volumes":[4.9E-4,0.00648,0.004,0.01459,0.03181,0.01148,0.01533,0.00137,0.002,3.7E-4,0.01348,0.01011,0.00337,0.002,0.01185,0.02496,0.00137,0.001,0.00274,0.001,0.00137,0.00174,0.00137,0.00211,0.00186,7.4E-4,0.00674,0.00274,3.7E-4,0.001,0.00674,0.00237,0.00211,7.4E-4,0.002,0.00559,0.00311,0.00548,0.00685,0.002,0.00511,0.00137,0.01885,0.00137,0.00337,0.02144,0.01085,0.01048,0.00437,0.005,0.00785,0.00274,0.01485,0.01907,0.00985,0.00474,0.00411,0.00585]}