{"timestamp":1535846400000,"multiplier":1.0E-5,"open":0.96902,"high":0.96902,"low":0.96902,"close":0.96902,"shift":60000,"times":[1260,1,3,1,1,1,2,1,1,1,1,2,1,1,1,1,1,1,1,1,1,1,1,1,1,1,1,1,1,1,1,1,1,1,1,1,1,1,1,1,1,1,1,1,1,1,1,1,1,2,1,1,1,1,1,1,1,1,1,1,1,1,1,1,1,1,1,1,1,1,1,1,1,1,1,1,1,1,1,1,1,1,1,1,1,1,1,1,1,1,1,1,1,1,1,1,1,1,1,1,1,1,1,1,1,1,1,1,1,1,1,1,1,1,1,1,2,1,1,1,1,1,1,1,1,1,1,1,1,1,1,1,1,1,1,1,1,1,2,1,1,1,1,1,1,1,2,1,1,1,1,1,1,2,1,1,1,1,1,1,1,1,1,1,1,1,1,1,1,1,1],"opens":[0,43,13,-1,28,-29,28,-25,22,-27,0,28,-14,-2,0,-9,-10,1,0,3,-4,-1,1,1,-2,4,5,-2,-6,-6,-7,7,-4,1,2,-11,2,3,0,1,23,-8,-20,-14,20,4,10,-13,-5,-15,16,-3,2,3,-3,1,-3,-1,12,-1,1,-4,0,5,1,-3,-4,-8,2,1,-1,-3,-4,4,0,3,0,3,0,0,7,0,-2,-9,2,1,0,9,-4,1,-1,1,-5,6,2,4,-2,0,0,0,1,0,1,-1,1,0,-1,1,0,2,8,0,0,-1,-8,8,0,-9,2,-1,1,0,1,0,-1,1,1,-1,1,6,-11,6,8,0,1,-1,1,-1,0,-1,1,-1,-4,-8,1,-1,1,8,-2,0,-9,8,2,-1,0,-3,2,-10,1,-1,3,-1,-1,5,-3,1,-1,-7,4,7,8],"highs":[0,43,13,0,27,-29,28,-4,1,-27,0,51,-34,-5,25,-14,-27,2,-3,5,3,-7,-1,16,-11,8,1,-10,-6,-4,7,-6,-7,2,9,-2,0,-11,0,25,0,-10,-13,-3,4,18,-6,-11,-7,1,0,-2,1,3,-2,2,-4,13,-3,11,-9,-3,11,-6,1,-6,-3,-8,1,7,-7,-3,2,0,1,2,20,-18,-1,0,7,0,-2,-5,1,3,12,-2,-9,0,0,0,7,-1,1,1,-3,0,0,2,0,0,0,-1,1,0,0,0,2,8,0,0,0,-1,0,1,0,-7,0,-1,4,-3,0,0,-1,2,0,0,6,0,-8,14,-2,0,0,2,-2,0,0,-1,0,-1,-4,-8,3,0,5,1,-1,0,0,3,0,-4,0,1,-2,-9,0,2,3,-4,9,-4,-4,1,-1,-6,10,2,7],"lows":[0,43,12,0,28,-29,4,-71,92,-28,0,20,-36,23,-27,0,14,0,0,-21,21,-1,1,-1,-20,-10,19,10,-5,0,-6,3,0,1,-22,0,10,6,1,-17,0,1,-1,0,20,-15,4,8,-2,-14,14,-14,15,0,0,-14,10,1,10,-2,1,-3,0,6,-1,-7,-7,2,2,1,-10,0,2,4,-5,7,0,3,1,0,7,0,-5,-6,2,-2,3,2,2,0,0,-6,3,4,2,6,-2,0,0,0,1,0,1,-1,1,-2,1,1,-1,2,9,-1,0,-13,5,7,-5,-7,5,0,0,1,0,1,-1,-1,0,1,2,-4,-1,4,10,0,0,0,0,0,-1,-1,1,0,-11,-1,1,-3,3,6,-1,-4,-4,8,2,-1,0,-4,-8,1,1,-1,2,0,-1,2,-2,2,-4,-3,4,5,9],"closes":[0,43,13,0,27,-29,4,20,1,-28,1,21,-8,-7,17,-29,-1,0,0,1,-1,0,0,-1,4,6,-1,-9,-6,0,0,-3,0,2,-5,-1,6,-5,1,24,-8,-20,0,3,4,14,-20,2,-3,0,0,0,1,0,0,-2,-1,12,-1,0,3,-7,5,2,-3,-7,-7,3,1,1,-3,-7,4,2,3,0,0,3,0,0,7,0,-5,-5,4,-2,11,-8,3,-2,2,-6,7,5,0,1,-2,0,0,2,-1,1,0,-1,1,-2,2,0,2,7,1,0,0,-7,6,1,-7,0,-2,0,1,0,1,0,-1,2,-2,2,5,-9,2,12,0,-1,1,0,0,0,-2,0,0,0,-10,-2,2,1,5,0,-1,-5,6,0,0,-1,0,-1,-11,2,0,2,-1,0,4,-3,0,0,-4,-2,10,-2,11],"volumes":[1.5,0.37,0.57,0.38,0.75,0.19,7.5,16.91,0.75,0.38,0.57,14.25,18.84,3.0,53.58,46.99,8.52,5.7,5.64,16.58,4.76,4.76,6.58,9.58,41.7,59.67,28.42,9.0,11.88,8.2,16.23,8.33,4.76,4.76,68.32,45.11,41.71,6.19,4.5,21.37,13.55,12.57,22.34,8.93,4.0,19.67,15.0,5.0,2.0,8.56,3.25,17.26,3.0,5.82,2.25,19.89,3.38,31.3,2.09,6.98,10.35,45.81,75.91,198.03,36.33,17.19,23.8,8.06,4.88,3.69,18.09,11.89,18.49,87.56,54.5,75.39,64.28,17.18,10.35,5.65,3.99,1.19,4.73,9.63,29.04,72.43,66.06,42.67,10.08,15.98,17.26,26.61,25.45,11.84,9.95,4.82,2.44,1.19,3.69,2.44,7.45,4.82,3.57,3.63,2.88,6.57,3.63,4.76,8.45,21.35,2.38,4.07,5.26,32.06,7.14,8.33,6.01,13.59,4.76,5.95,10.2,4.76,5.95,1.19,2.38,10.02,5.95,10.71,7.14,6.95,6.01,26.41,4.76,5.95,3.57,7.51,4.76,2.38,7.14,8.83,2.38,1.19,13.06,1.19,6.32,16.38,22.33,20.75,15.26,10.69,29.69,18.8,12.05,1.87,3.19,12.75,14.69,10.26,4.76,5.0,17.43,3.94,15.54,9.69,15.62,5.95,4.63,2.63,26.07,10.88,5.07]}