{"timestamp":1536451200000,"multiplier":1.0E-5,"open":0.96822,"high":0.96838,"low":0.96822,"close":0.96838,"shift":60000,"times":[1260,1,1,1,1,1,1,1,1,1,1,1,1,1,1,1,1,1,1,1,1,1,1,1,1,1,1,1,1,1,1,1,1,1,1,1,1,1,1,1,1,1,1,1,1,1,1,1,1,1,1,1,1,1,1,3,1,1,1,1,1,1,1,1,1,1,1,1,1,1,1,1,1,1,1,1,2,2,1,1,1,1,1,1,1,2,1,1,1,1,1,1,1,1,1,1,1,2,1,1,3,1,1,1,1,1,3,1,1,1,1,1,1,1,1,1,1,2,1,1,1,1,1,1,1,1,1,1,2,1,1,2,1,1,1,1,2,1,1,1,1,1,1,1,1,3,1,1,1,1,1,1,1,1,1,1,1,1,1,1,1,1,1,1],"opens":[0,35,-2,-3,-3,0,67,-7,22,1,-47,-13,-8,1,-14,17,-12,0,22,0,-6,-1,0,0,-6,0,15,-15,53,21,1,-50,4,-12,12,-3,9,1,2,6,12,1,-2,-1,-6,-14,-3,3,13,-7,-9,14,-14,0,0,0,0,9,6,-17,4,-2,-8,8,-1,-8,2,8,-1,-6,-1,-1,0,-1,2,-2,7,0,0,-1,3,1,7,-7,1,-1,-2,1,-1,-1,0,3,-4,1,1,-1,-7,0,0,0,7,0,0,-6,-1,1,-1,0,0,0,1,-4,-6,0,0,-1,0,0,4,-4,4,-1,-5,-3,-3,0,2,1,-2,0,0,0,-6,-3,-3,7,-1,1,6,-1,2,4,1,-2,-1,-1,-1,2,-1,1,-7,-3,-1,-1,5,3,-1,2,6,5,-1,2,-13,0],"highs":[0,19,33,15,-56,66,10,10,-4,1,-47,-12,-9,1,-14,20,-15,34,-9,-3,-6,5,-6,0,-2,17,-6,38,15,15,-8,-47,2,-13,12,5,1,2,1,18,1,0,-2,20,-27,-14,12,1,3,-1,-3,-1,-12,-2,0,0,0,11,7,-14,-1,-2,-1,0,-1,-1,5,-2,-1,-6,-1,-1,0,-1,2,0,9,-4,2,1,0,6,1,-7,1,0,0,-1,-1,0,0,1,-2,1,-1,-1,-6,0,-1,0,7,0,0,-6,-1,1,0,0,0,1,-1,-4,-6,0,0,-1,1,0,3,-4,4,0,-6,-3,-2,-1,3,0,-2,0,0,0,-6,-3,2,2,0,7,-1,2,2,6,-3,-3,0,-1,0,0,-1,1,-5,-5,-1,0,8,-1,-1,9,5,-1,0,1,-13,3],"lows":[0,35,-5,-12,9,-2,62,0,22,-46,-8,-12,-1,1,-14,17,-14,2,22,0,-6,-1,0,-16,10,-1,2,-10,62,16,-43,-4,7,-12,7,2,7,3,1,7,12,-12,10,-6,-1,-13,-3,3,13,-7,-9,9,-9,0,0,0,0,8,-18,-1,11,-7,-1,5,-9,3,2,6,-2,-5,-1,0,-2,2,2,-3,8,0,0,-1,3,1,1,-1,0,-2,0,1,-1,-1,0,1,-2,1,0,-6,-1,0,0,0,5,2,-7,0,0,1,-1,0,0,-1,0,-6,-3,0,0,0,0,0,0,0,4,-9,-1,0,-2,0,2,-1,0,0,0,-6,-3,0,-6,10,-1,1,1,4,2,4,-1,-1,-4,3,-1,2,-1,-3,-5,-2,-2,1,5,2,0,2,6,3,0,-10,-1,1],"closes":[0,19,33,15,-56,66,10,-16,22,-38,-16,-12,-1,1,-14,20,-17,25,-1,0,-6,0,-1,-11,6,16,-16,52,15,6,-48,2,2,-13,11,6,0,3,0,19,1,-13,10,-5,-2,-13,12,1,3,-5,1,-5,-8,-2,0,0,0,11,-13,5,-3,-7,5,0,-9,5,6,-1,-1,-6,-1,0,0,0,2,0,8,-3,2,1,-1,7,-5,-1,1,-3,2,0,-1,0,0,-1,-1,2,-2,-6,0,-1,0,0,7,0,-7,1,-1,1,0,0,0,-1,-1,-5,-4,0,1,-1,1,0,-1,0,4,-4,-6,0,-1,-1,3,-2,0,0,0,-6,-3,0,2,2,0,6,-1,2,3,5,-5,-1,1,-1,0,0,-1,-3,-4,-3,-2,1,7,0,0,5,9,-3,2,-12,-1,1],"volumes":[2.25,0.37,1.49,7.87,0.37,5.79,10.0,6.5,0.75,8.25,2.75,4.0,1.16,1.0,2.37,5.0,3.62,48.85,4.76,1.75,2.64,17.63,1.32,34.24,18.75,7.15,6.0,15.92,7.75,16.5,50.42,15.68,2.16,1.44,10.12,7.4,8.0,2.0,2.0,16.4,2.38,3.57,2.38,29.32,2.0,1.13,5.56,4.39,2.0,4.19,2.31,6.0,2.44,1.12,1.12,1.12,2.24,2.44,38.89,20.96,9.94,16.41,9.85,7.32,28.65,9.57,18.88,7.7,14.59,3.16,14.92,16.66,22.06,5.57,1.19,9.25,10.78,4.37,6.19,28.6,4.43,3.0,7.24,1.19,3.57,8.69,4.88,4.88,8.37,9.31,13.81,4.93,12.93,4.56,4.75,6.81,2.5,4.19,2.81,7.68,12.82,8.63,12.56,4.18,1.56,1.31,3.25,2.62,2.87,8.5,6.81,14.48,5.55,14.51,4.44,3.75,11.96,3.63,3.5,1.31,3.0,13.82,9.44,2.25,2.38,7.32,3.31,3.44,1.25,1.19,2.44,4.69,4.57,1.69,25.5,1.25,12.45,13.84,23.24,9.69,4.89,12.13,16.54,9.29,21.93,4.88,25.1,2.88,2.44,9.88,13.57,5.76,4.44,6.51,11.82,4.38,17.44,19.93,5.26,7.45,5.63,16.51,5.69,10.87]}