{"timestamp":1694908800000,"multiplier":1.0E-5,"open":0.64331,"high":0.64331,"low":0.64331,"close":0.64331,"shift":60000,"times":[1264,1,1,1,1,1,1,1,1,1,1,1,1,1,1,3,4,1,1,1,1,1,1,1,1,1,1,1,1,1,1,1,1,1,1,1,1,1,1,1,1,1,1,1,1,1,1,1,1,1,1,1,1,1,1,1,1,1,1,1,1,1,1,1,2,1,1,1,1,1,1,1,1,1,1,1,4,1,1,1,1,1,1,1,1,1,1,1,1,1,1,1,1,1,1,1,1,1,1,1,1,1,1,1,1,1,1,1,1,1,1,1,1,1,1,1,1,1,1,1,1,1,1,1,1,1,1,1,1,1,1,1,1,1,1,1,1,1,1,1,1,1,1,1,2,1,1,1,1,1,1,1,1,1,1,1,1,1,1,1,1,1,1,1,1,1],"opens":[0,11,-1,0,0,1,-1,-1,1,0,-23,23,1,0,-6,-1,6,1,0,-6,0,9,0,-11,11,0,10,-7,-14,1,-52,13,-13,23,-2,-13,-3,2,6,1,0,2,-3,-9,1,3,-7,12,2,-3,-16,23,11,-8,8,3,-1,5,6,-7,1,0,0,1,3,-2,1,3,-5,4,1,0,2,5,-1,5,-3,-4,-4,-4,8,-3,-1,0,-1,-4,1,6,-4,0,-1,-1,3,-7,0,-1,3,-2,4,1,4,0,0,1,-2,-4,2,-2,-1,-1,0,3,11,1,6,-1,6,1,2,0,7,-4,0,3,-6,1,0,2,1,0,-4,3,2,-1,-3,-1,-1,5,0,-4,1,0,0,3,0,3,1,2,0,3,4,6,3,-6,4,6,-1,5,3,6,1,6,1,-4,4,-7],"highs":[0,11,-1,0,1,0,-1,0,0,0,0,1,0,0,-6,-1,7,0,0,-6,12,3,-6,0,0,12,1,-10,-13,0,-42,3,6,9,0,-20,14,-5,-4,5,-1,-1,-3,-7,-1,8,4,-4,2,-1,11,7,-2,0,6,-1,2,6,0,-6,1,-1,2,2,4,-5,4,-1,-1,2,1,0,5,3,1,0,-3,-3,-5,6,-2,-3,-1,1,0,-6,6,1,-3,-1,5,-1,-3,-4,-2,7,-5,3,-1,4,1,0,2,-2,-2,-4,3,-2,0,-2,3,16,-6,7,0,6,1,4,-3,7,2,-4,4,-1,-5,-2,5,-1,-1,0,-4,5,0,-1,0,-4,1,3,0,-4,3,1,-1,1,4,0,4,-2,0,8,8,0,0,-3,7,1,2,3,7,2,7,2,-3,2,-2,-4],"lows":[0,9,0,1,-1,1,-1,0,0,1,-23,10,13,1,-6,-1,6,1,0,-6,-1,9,0,-10,10,0,7,-17,0,-70,18,3,-5,17,-13,6,-2,2,6,1,0,-3,1,-8,1,3,-7,8,5,-20,-4,27,1,4,5,3,2,5,-2,0,2,-2,1,2,1,0,0,-1,-1,3,2,-1,4,5,-1,5,-9,-8,1,0,6,-1,-4,3,-6,1,0,6,-6,1,1,-1,-4,1,-2,1,2,-1,1,3,2,3,0,-2,1,-4,-1,-5,2,-1,2,3,11,1,6,0,3,1,3,1,3,1,0,-2,-1,0,0,3,-4,1,-1,2,3,-5,2,-6,4,1,0,0,1,-1,0,1,3,-1,5,2,-1,4,3,4,-8,7,5,4,1,5,1,6,3,5,-6,4,-4,-2],"closes":[0,10,-1,1,1,-1,0,0,-1,1,0,1,0,0,-6,-1,6,1,0,-6,12,-3,-1,1,-1,11,-4,-15,-2,-53,7,-3,17,9,-5,-16,15,-6,-3,5,-1,-4,0,-8,0,8,0,0,1,-20,26,11,-9,7,7,-4,5,5,-6,-1,3,-2,0,5,-1,0,1,-3,4,2,0,1,3,2,4,0,-5,-4,-6,8,-2,-2,0,-1,-5,1,5,0,-2,-2,1,5,-10,0,1,3,-3,4,0,4,1,0,2,-3,-1,-4,3,-5,0,-1,3,12,-1,7,1,4,2,1,0,6,-1,1,3,-7,-1,0,6,-1,-2,-2,-2,6,-1,-4,1,-2,0,1,1,-1,2,-1,2,-2,7,0,3,-1,0,4,10,2,-7,4,6,0,4,3,7,-1,10,-2,-6,8,-3,-5],"volumes":[1.2,14.4,3.6,3.6,13.2,2.1,9.6,6.0,2.4,1.2,4.5,44.55,12.0,1.2,1.2,1.2,4.8,2.4,1.2,1.2,4.8,21.6,6.0,7.2,3.0,28.95,12.0,16.95,10.8,104.76,24.1,9.2,23.77,12.6,9.95,3.7,4.3,7.14,1.3,3.1,4.4,18.77,10.19,4.0,1.3,2.32,49.58,4.2,2.4,30.0,39.09,28.22,16.81,4.44,16.8,25.0,32.84,10.79,20.57,7.64,3.6,7.2,17.99,2.4,15.0,7.2,11.55,23.92,22.2,9.74,9.6,11.4,4.8,7.2,7.2,2.4,15.6,26.32,29.4,20.24,9.52,3.52,9.0,10.8,22.2,7.2,10.8,11.92,18.0,19.8,20.4,32.32,33.6,16.8,12.0,15.22,8.4,7.2,21.6,7.2,10.8,2.4,7.2,7.2,2.4,2.42,20.31,73.75,44.08,30.21,33.91,65.5,6.59,37.21,8.24,19.64,24.01,28.12,31.2,21.36,25.2,4.8,7.2,27.6,10.2,2.4,9.6,9.6,15.6,7.2,2.4,9.6,6.0,9.6,6.0,8.4,3.6,6.0,7.2,3.6,6.0,37.2,29.76,16.64,4.8,10.2,12.0,1.2,7.72,19.42,33.82,35.16,23.4,17.1,8.62,7.74,14.17,20.1,11.4,10.8,20.04,27.56,22.64,32.39,13.87,17.02]}