{"timestamp":1695513600000,"multiplier":0.001,"open":7051.087,"high":7052.047,"low":7043.999,"close":7043.999,"shift":60000,"times":[1430,1,1,1,1,1,1,1,2],"opens":[0,-7088,1690,1970,-970,3000,880,30,-3052],"highs":[0,-2358,-3142,1112,-970,3000,2308,-1398,-2030],"lows":[0,-430,2120,1970,-970,3000,880,30,-3052],"closes":[0,5660,-3112,1112,-970,3000,2308,-1398,-2030],"volumes":[0.002408,0.00377,4.9E-4,2.7E-4,3.6E-4,6.3E-4,6.7E-4,2.7E-4,4.0E-4]}