{"timestamp":1693699200000,"multiplier":1.0E-5,"open":1.35843,"high":1.35843,"low":1.35843,"close":1.35843,"shift":60000,"times":[1264,1,1,1,1,1,1,1,1,1,1,1,1,1,1,1,1,1,1,1,1,1,1,1,1,1,1,1,1,1,1,1,1,1,1,1,1,1,2,1,1,1,1,3,1,1,1,1,1,1,1,1,1,1,1,1,1,1,1,1,2,1,1,1,1,1,1,1,1,1,1,1,1,1,1,1,2,1,1,1,1,1,1,1,1,1,1,1,1,1,1,1,1,1,1,1,4,1,1,1,2,1,1,1,1,1,1,1,1,1,1,1,1,1,1,1,1,1,1,1,1,1,1,1,1,1,1,1,1,1,1,2,1,1,1,1,1,1,1,1,1,1,1,1,1,1,1,1,1,1,1,1,1,1,1,1,1,1,1,1,1,1,1,1,1,1],"opens":[0,9,4,25,32,0,5,-5,-30,-4,6,0,4,8,-29,0,5,0,73,-6,1,5,4,1,9,4,1,-20,-4,-2,0,0,25,-20,-3,9,-6,0,0,0,0,0,4,-3,6,-6,-4,1,-7,0,0,-45,44,4,0,10,-1,1,4,4,-4,-3,3,-1,0,-5,1,-4,1,7,7,2,3,-1,8,0,6,6,-4,-3,3,-7,3,-1,-1,0,-6,-1,6,1,2,2,4,0,0,-9,0,2,2,-1,1,-1,4,-2,0,-5,1,-4,-1,-6,1,-1,1,5,2,-9,-8,5,1,9,0,0,-3,-7,0,-1,1,1,8,0,5,-6,-1,8,2,1,-1,-2,-8,4,3,-5,6,-2,2,-4,-8,3,-3,-2,-4,-1,4,2,-3,-9,1,-2,0,4,-2,-2,2,1,0,-4],"highs":[0,28,16,51,-15,-4,0,26,-58,-2,18,-6,0,0,-29,30,-25,82,-4,-11,4,5,1,14,-4,6,0,-21,-4,-2,2,9,14,-16,-7,9,-1,-5,4,1,1,3,-5,3,0,-6,-2,-1,-7,2,-2,-45,48,9,1,0,1,2,6,-1,-2,-5,3,0,-1,-5,3,-2,3,3,8,0,5,6,1,5,-1,5,-4,1,-1,-6,3,-1,-2,0,-6,5,0,1,2,8,-1,-1,0,-8,-1,11,-7,-1,2,3,-1,-1,0,-4,1,-2,-5,-5,8,-7,4,3,0,-10,-7,4,10,2,-1,-1,-3,-6,0,-2,1,8,1,4,4,-9,6,4,-1,1,-1,-2,-7,10,-4,2,-1,-1,1,-4,-7,3,-3,1,-6,1,1,1,-3,-9,1,0,0,5,-5,0,1,0,0,-4],"lows":[0,0,12,8,50,0,-2,-28,0,-4,6,-23,23,12,-29,0,5,0,68,-1,1,5,4,1,6,6,-21,-3,0,-2,2,0,9,-4,-3,7,-4,-4,4,0,0,0,-1,2,-1,-3,-3,-4,-1,2,-1,-44,44,3,-5,13,2,0,5,-8,5,0,0,1,-6,1,-1,-1,0,8,6,0,4,1,6,1,6,2,1,-3,-7,0,5,0,-1,0,-18,11,6,1,2,0,6,0,-11,-3,5,2,2,-2,1,0,0,1,0,-5,-2,-4,-4,0,0,1,-1,7,-8,-6,-2,4,3,9,-2,-1,-9,2,0,-1,1,0,9,0,-1,-1,0,8,2,-2,-2,-7,1,4,-2,0,2,2,-3,-7,0,1,-5,0,-5,1,5,-2,-6,-3,1,-8,7,-1,1,0,0,1,-2,-3],"closes":[0,27,2,41,7,-2,-7,-28,2,0,1,11,0,0,-29,20,-15,77,-9,-1,4,5,1,11,-3,8,-21,-5,-1,0,2,9,-1,-1,-7,7,-4,-4,8,-4,6,3,-10,8,-3,-7,-3,-4,0,1,-1,-44,48,-1,10,1,1,2,6,-10,2,0,2,0,-7,2,0,-3,7,3,8,0,2,9,-3,7,1,0,1,-2,-5,1,1,1,-2,0,-9,8,0,1,2,8,-1,-1,-10,2,-1,5,-1,-2,2,3,-3,1,0,-3,-5,-1,-4,-3,0,3,4,2,-10,-6,-2,5,9,4,-2,-2,-7,-1,0,-1,1,8,1,4,-4,-2,7,3,0,-2,0,-7,0,8,-5,4,-1,-1,-3,-7,0,1,-5,1,-2,2,1,-3,-6,-2,0,1,0,0,-1,1,-1,0,-1,-3],"volumes":[3.6,33.2,30.55,116.76,7.5,5.1,4.2,60.14,4.8,2.4,37.95,36.29,7.2,3.6,2.4,7.5,1.2,27.75,9.75,2.4,7.2,8.4,2.4,11.7,9.6,15.6,55.5,7.8,4.2,31.85,5.05,6.4,10.5,2.4,1.2,3.6,9.6,3.6,2.4,8.4,10.0,6.15,2.92,5.1,37.91,6.75,7.2,5.55,3.15,3.15,3.15,1.2,1.12,25.46,32.38,15.3,3.6,25.6,3.45,24.8,15.65,2.1,5.2,11.5,13.35,9.6,15.6,12.0,9.3,13.35,9.97,17.31,14.7,6.15,15.11,20.42,11.9,17.97,10.5,68.1,35.62,57.15,81.6,4.8,2.4,2.4,20.2,6.0,1.2,1.2,1.2,14.55,2.4,1.2,12.3,7.2,1.2,16.65,3.6,4.65,10.8,26.4,12.0,8.4,8.4,11.1,13.07,40.37,240.57,36.45,136.99,9.35,20.92,14.67,43.55,10.35,17.49,3.6,26.4,12.0,19.2,61.2,25.2,39.6,9.6,1.2,1.2,7.2,1.2,4.8,15.6,2.55,3.6,6.0,1.2,5.85,7.05,16.65,5.85,9.45,12.16,24.75,18.62,3.75,12.4,12.97,12.13,23.1,23.12,26.5,71.2,8.4,4.8,4.8,8.25,3.6,2.4,16.12,4.8,14.4,4.8,4.95,12.15,7.35,7.2,19.19]}