{"timestamp":1693699200000,"multiplier":0.001,"open":1939.948,"high":1940.378,"low":1939.734,"close":1940.178,"shift":60000,"times":[1320,1,1,1,1,1,1,1,1,1,1,1,1,1,1,1,1,1,1,1,1,1,1,1,1,1,1,1,1,1,1,1,1,1,1,1,1,1,1,1,1,1,1,1,1,1,1,1,1,1,1,1,1,1,1,1,1,1,1,1,1,1,1,1,1,1,1,1,1,1,1,1,1,1,1,1,1,1,1,1,1,1,1,1,1,1,1,1,1,1,1,1,1,1,1,1,1,1,1,1,1,1,1,1,1,1,1,1,1,1,1,1,1,1,1,1,1,1,1,1],"opens":[0,150,-114,120,-76,70,30,-100,90,-180,60,10,10,100,-150,-60,-80,-80,-113,60,-171,-100,41,-161,-19,240,-30,-91,100,131,-160,20,20,70,30,-10,410,140,-130,90,-220,-80,-190,10,30,-120,60,-10,20,-191,81,-20,-40,0,120,-160,30,10,0,0,-67,566,121,-170,-221,-49,-60,-10,279,94,-83,-10,-1,21,-90,33,67,10,-30,0,-100,10,-61,-30,21,-40,40,-20,129,-39,-200,-160,33,117,83,120,-13,110,-110,113,87,-100,-107,57,160,240,30,-120,160,30,-50,460,210,-560,100,-80,99,61,-110,43],"highs":[0,6,-100,-90,-96,30,0,10,-20,-110,30,10,90,20,-150,-100,-80,-44,-39,-50,-50,-90,-80,-10,50,20,-30,39,111,-20,-140,0,30,150,-60,370,130,60,-90,30,-220,-80,-180,60,0,-50,-10,40,30,-170,-20,-30,-30,100,10,-80,-20,80,-100,0,530,130,-40,-170,-220,-50,-50,353,37,-37,-53,10,43,-73,-50,80,10,-10,-30,-10,-40,-50,-60,0,20,-30,0,120,0,-50,-150,-77,17,120,110,10,143,-43,-10,70,20,-120,30,60,270,170,-150,50,120,-90,370,310,-80,-377,-70,0,96,21,-80,-30],"lows":[0,114,0,180,-174,41,83,50,-60,-40,10,50,10,-30,-13,-167,-30,-123,-141,0,-39,-51,-130,10,-6,227,-121,20,100,-109,80,0,40,70,-120,140,400,-20,30,-110,-70,-190,-90,70,-100,-20,90,0,-140,-100,150,-70,10,0,-10,-30,10,20,10,-80,0,570,-60,-210,-40,-107,47,-20,283,0,0,0,6,-69,0,33,47,10,-10,-100,-17,-73,-20,20,10,-37,37,0,63,-163,-190,20,33,0,200,107,0,-7,-53,173,-33,-180,93,57,160,240,-80,-10,100,30,10,460,-350,-20,50,-10,99,-39,-90,90],"closes":[0,-244,170,-76,70,20,-130,110,-130,30,-20,30,70,-110,-13,-100,-97,-123,100,-221,-59,-41,-100,-29,230,-10,-60,59,151,-180,20,0,30,80,-20,400,130,-100,70,-160,-90,-190,-30,70,-100,10,10,-10,-110,10,20,-80,10,110,-120,40,-50,120,-100,-80,590,100,-170,-200,-30,-80,0,270,83,-100,7,-7,17,-80,30,60,10,-10,-10,-100,10,-50,-50,30,-10,0,-10,140,-50,-190,-170,40,110,100,90,50,100,-150,110,40,-50,-160,110,150,230,50,-110,170,0,-30,430,250,-580,140,-110,83,57,-90,70,-67],"volumes":[0.01512,0.01712,0.02214,0.01971,0.01432,0.01178,0.00374,0.00286,0.00506,0.00286,0.00242,0.00418,0.00264,0.0033,6.8E-4,0.00218,0.00212,0.00632,0.00629,0.00495,0.00753,0.00846,0.00936,0.00891,0.00546,6.0E-4,0.00399,0.01053,0.00318,0.00327,0.00108,6.0E-4,2.4E-4,0.00144,0.00378,0.00216,0.00168,0.00204,0.00132,0.00132,7.2E-4,0.00132,0.0018,0.00144,0.00288,0.00276,0.00168,0.00144,0.0018,0.00249,2.4E-4,0.00108,4.8E-4,9.6E-4,0.00228,0.00192,0.00108,8.4E-4,9.0E-4,0.0027,0.04161,0.02961,0.0081,0.01872,0.00855,0.00372,9.0E-4,0.02475,0.01242,0.00756,0.01035,0.0162,0.01467,0.0072,0.00855,0.00513,0.0108,0.0036,0.0099,0.01161,0.01029,0.01575,0.00585,0.01347,0.00594,0.0153,0.00945,0.00621,0.00825,0.01323,0.02106,0.02109,0.00738,0.01011,0.01098,0.01611,0.02784,0.02043,0.0162,0.00795,0.0054,0.01401,0.01344,0.00747,0.00252,0.00288,0.0012,0.00108,0.00288,0.00132,0.00336,0.00516,0.02367,0.02082,0.00435,0.00816,0.00696,0.00883,0.00766,0.00474]}