{"timestamp":1596326400000,"multiplier":1.0E-5,"open":0.71292,"high":0.71293,"low":0.71291,"close":0.71292,"shift":60000,"times":[1260,1,1,1,1,1,1,1,1,2,1,1,1,1,1,1,1,1,1,1,1,1,1,1,1,1,1,1,1,1,1,1,1,1,1,1,1,1,1,1,1,1,1,1,1,1,1,1,1,1,1,1,1,1,1,1,1,1,1,1,1,1,1,1,1,1,1,1,1,1,1,1,1,1,1,1,1,1,1,1,1,1,1,1,1,1,1,1,1,1,1,1,1,1,1,1,1,1,1,1,1,1,1,1,1,1,1,1,1,1,1,1,1,1,1,1,1,1,1,1,1,1,1,1,1,1,1,1,1,1,1,1,1,1,1,1,1,1,1,1,1,1,1,1,1,1,1,1,1,1,1,1,1,1,1,1,1,1,1,1,1,1,1,1,1,1,1,1,1,1,1,1,1,1,1,1,1,1,1],"opens":[0,-3,-1,1,-1,9,1,14,1,0,-1,1,0,-10,0,0,-3,2,1,0,15,1,4,0,-2,1,1,-11,6,16,-17,0,-1,1,1,2,-3,-1,0,-2,-2,7,-4,-1,0,0,7,-1,-8,-3,-3,2,-2,2,2,3,0,-1,-6,12,12,2,3,11,19,-3,-4,-12,-8,31,-5,17,-2,1,4,-7,7,4,-2,9,-4,2,-1,-4,19,-3,1,-1,2,1,0,-11,-11,13,1,2,0,22,11,-8,-3,1,2,3,-9,5,0,5,7,18,-6,-3,5,3,0,7,17,-11,-1,12,2,-12,14,1,-1,-3,4,4,-8,-9,-21,-24,29,-13,0,-27,-3,-2,8,-10,1,-5,-8,0,16,16,-14,-4,7,-18,-35,17,5,38,12,14,-21,-27,0,16,-30,-9,5,-16,12,-2,8,1,21,9,5,3,12,8,-4,-10,8,21,-1],"highs":[0,-4,0,0,7,1,16,-1,1,0,0,0,0,-10,0,0,3,1,-4,0,16,4,0,0,-2,1,1,-5,0,16,-17,2,-1,0,4,-1,-4,-1,1,-3,5,0,-4,-1,0,0,7,13,-21,-4,-3,2,0,2,0,3,0,-1,11,22,-2,4,-4,22,0,-3,-2,-4,13,2,13,0,5,12,-4,-12,3,2,17,-12,-2,4,-5,16,3,-6,0,5,0,3,-6,-11,3,6,1,-4,25,10,-3,-8,1,-1,2,1,-4,1,4,7,20,1,-9,2,33,-29,3,20,0,-6,7,9,-5,0,0,5,-5,3,7,-6,-2,-15,-21,7,-2,-13,0,-16,-4,4,-5,-11,9,-15,-6,16,25,-11,-8,4,-7,-10,-25,0,40,12,14,2,-21,-21,20,-9,-29,-3,-2,-3,0,2,5,23,12,6,-4,10,8,3,-6,5,17,-2,-2],"lows":[0,-3,0,1,-1,9,1,14,1,-1,0,0,-9,0,0,0,-3,2,1,-1,16,-1,6,0,-4,0,-4,-4,2,2,2,0,-2,1,1,-4,4,-1,-2,0,-2,5,-2,-1,0,0,7,-18,9,-18,12,1,-1,2,2,3,-1,0,-6,10,-12,21,6,13,10,-23,-5,1,11,10,15,7,9,-2,0,-7,11,5,0,1,1,1,-8,5,16,0,0,0,0,-5,-1,-13,2,10,3,-3,6,19,5,-3,-6,5,4,-5,-2,6,1,3,3,16,-9,8,2,6,0,6,7,0,-6,7,0,-1,6,5,-6,5,4,-9,-7,-16,-24,-1,14,-10,-27,3,1,4,-2,-2,-4,-16,-1,11,12,-9,10,1,-19,-30,-8,21,12,35,13,-16,-21,1,4,-15,-20,-1,3,-4,5,-1,17,1,21,8,4,5,12,1,-21,14,8,17,-10],"closes":[0,-3,0,0,7,1,16,-1,1,-1,1,-1,-9,0,0,0,3,1,-4,0,15,5,0,0,-3,-1,-4,-1,2,1,0,0,0,1,2,-2,-1,-1,-2,0,5,-2,-2,-1,0,0,7,-8,0,-6,-1,1,1,2,0,3,-1,0,5,0,14,-6,18,21,0,-4,-13,-12,34,-9,23,-4,2,1,-5,8,3,-2,10,-5,2,-2,-4,20,-4,1,0,1,2,-1,-9,-12,13,-1,4,-2,24,11,-9,0,0,-1,3,-7,5,1,3,6,19,-5,-3,5,2,1,4,20,-11,5,5,2,-11,15,-1,1,-5,5,6,-13,-7,-20,-24,26,-10,0,-27,-4,-1,6,-7,0,-1,-12,-1,17,16,-14,-5,8,-19,-34,18,-1,41,12,14,-20,-31,5,15,-29,-12,11,-18,13,-4,6,3,23,5,9,0,12,6,0,-15,11,22,-1,-12],"volumes":[3.85,3.37,2.25,0.75,1.5,1.5,5.25,0.75,1.5,2.25,2.25,2.25,3.5,3.0,4.5,3.0,6.19,3.0,1.0,4.0,3.0,10.5,2.25,1.0,11.62,5.5,6.5,9.99,16.35,12.36,1.12,20.59,12.75,4.0,20.3,12.62,1.12,2.62,7.74,1.5,3.74,3.12,1.12,2.62,10.48,13.73,1.12,28.95,20.12,12.74,3.49,5.11,4.74,6.49,19.41,1.0,4.62,10.86,8.02,52.04,48.7,25.29,8.62,84.49,32.17,68.78,93.04,77.23,26.38,117.97,54.83,41.36,82.14,80.13,66.85,35.09,20.37,17.87,91.56,75.71,33.44,33.87,52.83,93.27,64.58,87.94,25.69,68.86,92.55,78.39,32.15,61.22,41.86,95.54,92.57,99.76,73.61,77.98,42.24,28.31,35.86,44.33,13.68,21.59,32.07,17.87,41.12,51.37,127.6,56.05,31.0,4.25,78.8,12.19,16.45,33.56,37.19,9.74,49.98,68.87,36.89,38.93,76.61,136.45,137.91,37.41,72.21,67.76,59.34,39.33,75.37,82.6,45.91,1047.49,147.51,93.24,47.41,59.88,62.74,23.67,63.52,102.56,77.83,76.03,73.49,57.3,54.0,50.57,167.22,101.97,3423.31,38.87,48.8,58.02,16.1,46.09,62.04,53.53,62.31,73.8,94.74,145.41,69.7,81.62,52.77,71.91,39.29,75.36,188.33,133.09,49.26,81.47,50.0,39.86,106.24,46.11,57.38,37.06,42.2]}