{"timestamp":1598745600000,"multiplier":1.0E-5,"open":0.73582,"high":0.73582,"low":0.73575,"close":0.73575,"shift":60000,"times":[1260,2,2,1,1,1,1,1,1,1,1,1,1,1,1,1,2,1,2,1,1,1,1,1,1,1,1,1,1,1,1,1,1,1,1,4,1,1,1,1,1,1,1,1,1,2,1,1,1,1,1,1,1,1,1,1,1,1,1,1,1,1,1,1,1,1,1,1,1,1,1,1,1,1,1,1,1,1,1,1,1,1,1,1,1,1,1,1,1,1,1,1,1,1,1,1,1,1,1,1,1,1,1,1,1,1,1,1,1,1,1,1,1,1,1,1,1,1,1,1,1,1,1,1,1,1,1,1,1,1,1,1,1,1,1,1,1,1,1,1,1,1,1,1,1,1,1,1,1,1,1,1,1,1,1,1,1,1,1,1,1,1,1,1,1,1,1,1,1,1,1,1],"opens":[0,6,4,-3,-1,25,-9,28,-17,-12,-5,1,-1,5,-6,-2,-2,14,1,-1,0,1,2,2,-6,8,3,5,2,-3,2,0,-2,-1,-20,0,0,1,3,-5,4,-1,-3,1,0,0,0,3,2,-2,4,-6,26,39,2,0,-9,-11,0,7,11,-3,13,-4,10,-28,0,-21,-8,1,12,-1,-1,-18,-10,1,0,3,0,-19,1,-9,1,12,30,8,2,-1,12,8,0,-15,8,5,-1,1,9,-4,-2,11,-9,-2,1,0,0,-6,8,-5,-12,1,-3,-8,1,3,-11,0,5,-1,11,-10,1,0,1,-10,-1,2,0,-13,-7,12,-11,1,8,0,9,-8,2,-4,16,21,0,-10,-1,-6,-30,0,21,9,-1,-7,1,17,-8,9,1,19,5,1,-6,4,7,5,5,-6,-1,1,6,2,21,4,-3,-1],"highs":[0,6,4,-3,3,44,-5,1,-1,-23,-9,0,28,-24,-6,-2,12,0,1,-1,0,1,8,-3,14,-9,7,-1,0,0,0,3,7,-5,-29,0,0,6,1,-4,2,-1,-4,0,0,0,7,-4,2,4,-2,25,33,2,1,0,-9,-10,9,7,2,14,-5,8,1,-31,1,-13,-16,10,2,-1,-1,-18,-9,0,7,-3,-1,-7,-11,-9,16,27,10,0,0,10,11,0,-2,-4,0,6,-2,6,2,-3,6,7,-10,1,-2,4,-9,4,3,-9,-11,0,-4,-8,6,-1,-6,-1,1,9,0,-8,-1,7,-3,-7,-5,0,0,-13,5,1,-11,8,2,8,-1,-3,2,2,29,-2,1,-12,-1,-5,-30,19,11,-1,0,-7,18,0,5,6,9,5,0,6,-3,5,5,2,1,-5,3,5,0,23,5,-4,0,-3],"lows":[0,13,4,-5,1,25,-10,-17,9,3,-1,2,-9,13,-6,-2,-2,14,1,-1,0,1,2,2,-6,8,-12,1,18,-1,2,-3,-6,-13,0,0,0,1,3,-5,3,-2,-1,0,0,1,0,0,2,0,-2,1,22,34,9,-7,-18,7,-1,8,7,1,0,9,-19,-16,-5,-7,-10,1,18,-1,-28,2,-2,1,0,-2,-12,0,-9,-4,6,13,29,3,8,-1,11,8,-15,1,5,2,0,-1,10,-6,5,0,0,1,0,1,-6,0,3,-11,-1,1,-18,0,0,2,-3,-1,5,1,0,0,2,0,-10,-2,2,2,-11,-12,1,3,-2,3,1,7,0,-2,2,-3,18,11,0,-2,-7,-27,-2,1,18,10,-8,1,2,7,0,10,0,14,11,-4,0,1,10,0,4,-2,0,-1,5,5,21,-4,1,-8],"closes":[0,13,4,-5,5,35,3,-17,-5,-5,-4,0,3,1,-6,-2,12,0,1,-1,0,1,8,-4,-4,10,4,0,-1,-1,2,5,0,-27,0,0,0,3,1,-1,0,-3,0,-1,0,1,4,-4,2,0,-2,30,34,3,-1,-7,-12,1,9,7,-2,15,-5,12,-31,-9,-11,-6,-1,10,-1,-1,-17,-8,-2,2,4,-7,-13,0,-8,0,13,29,11,-1,1,10,11,-3,-14,6,5,2,1,7,-2,-3,10,-8,-3,2,0,9,-15,8,-5,-10,-2,2,-10,-2,3,-8,-2,5,-2,12,-8,-1,0,0,-10,0,2,0,-11,-9,12,-11,1,8,2,7,-6,0,-1,7,28,-3,-7,-1,-6,-29,-1,19,10,-2,-8,2,18,-9,11,-1,20,4,0,-3,2,10,2,4,0,-6,0,8,3,22,2,-3,0,-13],"volumes":[4.12,0.37,0.19,1.49,1.69,7.87,9.19,20.46,48.26,7.75,5.25,1.5,31.32,1.25,1.25,1.0,5.94,1.25,1.5,1.25,1.94,1.25,4.75,4.25,13.75,2.5,13.87,18.0,9.25,11.12,3.12,14.37,25.99,16.13,1.0,1.0,1.0,7.81,4.25,8.5,6.25,5.87,5.0,2.0,2.0,1.0,4.74,2.5,5.24,5.12,8.5,18.56,45.63,6.95,3.38,12.01,9.2,1.89,13.39,5.72,5.89,10.08,36.83,34.4,42.87,38.74,54.65,34.7,65.87,61.63,17.44,26.32,98.08,29.0,16.37,11.25,18.5,12.74,24.41,43.11,34.72,35.82,57.62,80.0,22.94,46.14,2.5,16.5,40.51,19.45,16.89,38.53,23.7,35.49,13.12,24.98,31.3,37.63,39.14,46.93,28.81,27.51,30.67,23.38,27.0,14.75,38.12,17.5,5.19,2.25,45.1,30.85,88.51,30.51,60.06,50.54,9.62,25.99,34.85,10.06,4.0,41.18,25.48,40.93,9.5,1.25,47.49,58.06,16.69,21.31,14.49,19.06,40.5,50.5,43.17,20.43,33.51,43.77,25.5,97.69,54.88,11.63,37.24,66.33,12.98,19.9,23.94,2.69,9.32,16.25,39.88,19.56,36.87,57.05,34.5,40.25,11.0,40.81,39.24,31.69,29.72,37.64,25.3,20.43,28.46,56.34,26.56,62.62,92.11,35.5,50.11,21.56]}