{"timestamp":1597536000000,"multiplier":1.0E-5,"open":1.18389,"high":1.18396,"low":1.18386,"close":1.18396,"shift":60000,"times":[1260,5,1,1,1,1,2,1,1,1,1,1,1,1,1,1,1,1,1,1,1,2,1,1,1,1,3,1,1,1,1,1,1,1,1,1,1,1,1,1,1,1,1,1,1,1,1,1,1,1,2,1,1,1,1,1,1,1,1,1,1,1,1,1,1,1,1,1,1,1,1,1,1,1,1,1,1,1,1,1,1,1,1,1,1,1,1,1,1,1,1,1,1,1,1,1,1,1,1,1,2,1,1,1,1,1,1,1,1,1,1,1,1,1,1,1,1,1,1,1,1,1,1,1,1,1,1,1,1,1,1,1,1,1,1,1,1,1,1,1,1,1,1,1,1,1,1,1,1,1,1,1,1,1,1,1,1,1,1,1,1,1,1,1,1,1,1,1,1,1],"opens":[0,7,9,7,-16,1,-1,1,0,0,0,-2,0,0,-12,-24,-10,10,-4,4,3,2,37,24,2,-7,0,-16,16,1,-2,0,0,0,-5,-19,-69,7,2,27,-6,13,-1,0,16,0,-4,17,10,4,19,0,10,3,-3,6,-4,-10,4,2,-1,2,4,-9,-1,-8,9,-3,-7,4,4,6,5,0,8,-6,0,-4,-15,2,-1,1,-2,0,-1,6,-4,-6,0,-2,4,-4,-2,2,-4,7,-6,1,0,-2,-3,0,0,4,5,-1,0,-2,0,-2,0,8,0,6,1,12,14,-2,5,-1,8,-7,-7,-1,-1,-5,8,9,1,7,1,-2,-8,4,5,-5,3,16,-5,0,2,-3,4,1,-1,6,0,10,1,1,0,3,-5,-4,-1,6,-5,-7,4,-3,-3,8,3,0,8,18,0,-6,9,-7],"highs":[0,0,9,7,-16,1,11,-11,0,0,0,-2,0,0,-12,-24,8,-8,-4,9,-2,2,53,8,2,-7,0,0,17,-16,-2,0,0,0,-2,-22,-39,31,-3,1,-11,3,-9,16,0,0,11,6,21,-5,13,13,2,2,-3,2,-4,-4,0,1,2,2,0,-9,-1,1,0,-3,-4,6,5,9,-3,10,-3,-6,0,-4,-12,-1,0,2,0,-2,1,3,-5,-4,0,-1,6,-9,1,-1,2,1,-2,-3,0,1,-5,0,0,11,-1,-3,0,0,-1,2,4,1,6,2,10,16,-1,4,-3,8,-1,-7,-7,0,-2,4,9,1,6,4,-2,-3,-4,6,1,2,14,-3,0,-1,-3,6,-1,0,3,-1,10,8,-5,3,-1,3,-8,-4,6,-1,-5,-5,4,-3,4,8,-1,4,22,-5,0,5,-2,-2],"lows":[0,10,9,-6,-3,0,0,1,0,0,-7,5,0,0,-36,0,-10,10,-5,5,3,0,39,16,-1,4,0,-22,10,9,2,0,0,-1,-23,-71,2,1,4,24,-3,17,-2,-1,18,-5,0,14,12,-4,29,-13,16,7,-3,3,-9,1,1,4,0,0,-3,-1,-8,-1,6,-5,-3,6,4,5,5,1,4,-5,-3,-12,-2,1,0,1,-1,-2,0,3,-7,0,-2,0,0,-4,3,-3,1,-1,1,1,-4,0,0,0,0,4,5,-4,2,-1,-2,-1,-1,10,-6,9,4,12,10,2,0,4,-6,1,-2,-2,-5,1,8,7,0,10,-3,-11,3,4,0,2,3,10,-1,-1,0,1,1,5,-2,1,6,10,0,0,1,-1,-2,-3,0,2,-12,4,1,-3,0,8,1,1,7,15,-6,5,2,-5],"closes":[0,0,9,-6,-3,0,1,0,0,0,0,-2,0,0,-36,0,0,0,-5,9,-1,0,54,7,-3,0,0,0,11,-12,0,0,0,0,-24,-71,7,2,38,-15,13,1,-3,17,0,-5,13,1,15,9,13,9,6,-5,4,-3,-9,5,0,0,2,4,-9,-1,-7,7,-1,-7,2,5,6,5,1,7,-4,-5,-1,-14,0,1,0,-1,2,-3,3,-1,-8,3,-4,3,-3,-2,2,-4,5,-5,1,0,0,-3,-1,1,0,7,1,-2,0,0,-3,-1,10,0,6,-1,14,12,-2,6,-2,10,-8,-6,-1,-2,-5,9,8,1,7,0,0,-9,3,6,-6,3,17,-5,5,-3,-3,3,3,-1,6,-1,8,3,1,-2,4,-3,-3,-3,7,-5,-7,1,-1,-2,7,2,0,9,17,1,-5,9,-8,-1],"volumes":[2.25,1.13,0.19,0.57,1.5,2.25,3.94,3.0,0.75,0.75,3.75,0.75,0.75,0.75,1.5217,0.0434,1.5651,0.0868,0.0434,6.22,0.75,3.0,7.15,1.7,1.31,1.5,0.75,8.8,15.58,10.5,4.5,3.0,1.5,4.5,11.46,13.11,6.03,13.34,9.21,6.91,6.39,3.38,0.74,3.0,2.09,1.7,2.44,4.07,10.31,16.34,2.24,44.08,37.79,15.73,80.32,45.01,47.61,11.64,23.28,39.96,19.7,25.89,9.19,6.0,33.03,47.13,14.45,22.51,24.58,21.78,18.57,27.0,20.25,16.72,7.33,5.07,28.93,46.17,9.91,1.67,7.86,12.39,9.94,11.45,19.15,33.57,15.04,11.84,23.3,12.77,18.59,9.96,6.97,40.9,9.94,22.51,24.77,8.42,15.34,18.16,7.49,1.5,4.87,33.73,15.2,24.02,5.25,39.91,23.45,25.68,28.31,21.72,51.43,23.54,28.8,84.33,36.36,35.27,37.46,39.17,102.59,40.9,5.99,27.55,20.26,21.6,41.62,29.47,29.66,14.26,64.76,48.2,63.95,51.93,61.71,72.0,64.83,26.05,23.75,33.91,17.41,24.38,40.45,15.88,33.2,26.99,47.11,45.93,19.69,26.26,33.3,84.6,12.78,4.32,17.0,16.93,57.71,4.87,14.3,25.47,52.21,39.6,31.33,39.36,90.48,54.01,91.0,66.7,30.93,35.89]}