{"timestamp":1226793600000,"multiplier":1.0E-5,"open":0.6363,"high":0.6363,"low":0.63607,"close":0.63607,"shift":60000,"times":[1320,1,1,1,1,1,1,1,1,1,1,1,1,1,1,1,1,1,1,1,1,1,1,1,1,1,1,1,1,1,1,1,1,1,1,1,1,1,1,1,1,1,1,1,1,1,1,1,1,1,1,1,1,1,1,1,1,1,1,1,1,1,1,1,1,1,1,1,1,1,1,1,1,1,1,1,1,1,1,1,1,1,1,1,1,1,1,1,1,1,1,1,1,1,1,1,1,1,1,1,1,1,1,1,1,1,1,1,1,1,1,1,1,1,1,1,1,1,1,1],"opens":[0,-28,-30,73,42,20,0,12,121,46,30,95,21,-2,-14,-21,1,-25,144,10,48,119,-5,-58,33,123,-16,74,32,42,-54,22,-5,0,-13,-96,-2,3,14,-1,3,-2,10,-9,-7,-54,-4,-56,-26,-92,-15,-97,-21,-5,-21,25,-18,-66,1,6,-6,3,99,-16,3,66,21,20,-5,-80,7,-9,10,-5,27,31,20,-20,35,30,12,-122,5,-54,-40,32,-8,9,23,-53,0,20,56,8,31,17,57,-135,8,-25,1,2,3,-53,-65,-53,35,-49,-16,-48,20,-2,2,4,-30,-46,65,-44,-4,41],"highs":[0,-28,45,41,23,10,-14,130,41,43,70,54,-13,9,-25,-15,-5,118,16,41,125,-4,-5,-34,145,-13,69,3,76,-3,-24,-20,2,-8,-13,-92,-5,24,-5,8,6,-10,5,-8,-3,-61,-4,-56,-21,-86,-16,-107,-21,-5,-20,24,-5,-65,-13,17,-17,97,26,-37,59,21,48,-3,-12,-80,14,-14,4,2,114,-48,74,-28,-18,39,-9,-95,-22,-54,-16,12,7,21,-8,-43,12,54,10,34,20,65,-16,-106,-21,-22,0,8,-5,-53,-65,-9,-3,-37,-25,-38,32,-26,-4,9,-34,20,13,-55,40,16],"lows":[0,-28,-7,67,48,20,-1,13,75,74,46,97,18,-25,-22,13,-37,13,144,10,47,117,-68,8,13,124,1,69,36,-8,-1,8,5,-13,-118,17,7,3,14,-4,4,-4,3,2,-77,9,-79,-2,-73,-38,-108,-2,-15,-1,-21,11,-59,-2,-6,10,-35,18,79,13,11,66,-11,52,-89,4,-3,-2,3,-2,21,42,6,-4,7,58,-103,-10,-103,-38,29,49,1,-1,-32,6,-41,67,53,4,32,6,-99,35,-13,-3,2,3,-52,-126,-32,42,-8,-21,-61,10,13,7,-3,-22,-54,8,23,-31,26,31],"closes":[0,-27,67,41,21,3,-6,131,38,46,70,40,0,-13,-28,11,-41,154,11,46,120,-2,-59,23,134,-21,53,38,68,-61,27,-8,-6,-7,-103,-1,4,17,2,0,-3,7,-7,3,-67,4,-58,-30,-73,-38,-108,-2,-4,-12,-11,17,-75,12,-13,3,-12,106,-14,-3,65,21,32,-2,-82,1,-3,7,-10,16,53,13,-15,10,33,38,-116,-2,-64,-52,36,2,3,29,-46,-5,21,54,7,26,23,54,-140,17,-25,-3,3,3,-52,-70,-51,38,-41,-17,-54,16,0,6,-5,-22,-56,77,-46,-6,31,14],"volumes":[32.146272,14.250362,11.0,44.0,8.1,10.0,3.1,25.8,29.7,16.2,50.1,32.9,4.8,23.9,8.6,2.3,68.210111,22.4,5.6,13.3,55.7,4.8,11.24122,3.2,60.3,8.4,16.1,24.2,23.3,73.0,17.2,13.6,13.0,15.6,67.3,5.2,4.1,36.8,6.2,26.6,12.3,45.4,12.3,3.0,44.0,4.0,27.7,32.5,77.8,25.0,38.1,7.4,21.0,9.2,55.362849,30.8,16.8,6.3,4.0,7.3,10.0,35.0,27.9,10.7,14.3,2.0,17.7,12.0,64.6,8.8,14.8,17.9,11.5,6.4,48.0,12.2,64.6,17.9,30.7,6.3,81.9,52.3,102.5,77.9,10.2,20.0,59.8,59.3,58.7,52.7,39.2,34.1,25.1,56.8,52.4,84.4,121.1,61.0,15.6,10.8,8.4,5.4,49.8,156.4,65.2,47.0,127.0,81.4,62.8,56.3,37.7,22.7,19.4,33.8,17.8,211.2,164.1,91.5,91.7,85.2]}