{"timestamp":1227398400000,"multiplier":0.001,"open":798.861,"high":801.109,"low":798.861,"close":800.948,"shift":60000,"times":[1380,1,1,1,1,1,1,1,1,1,1,1,1,1,1,1,1,1,1,1,1,1,1,1,1,1,1,1,1,1,1,1,1,1,1,1,1,1,1,1,1,1,1,1,1,1,1,1,1,1,1,1,1,1,1,1,1,1,1,1],"opens":[0,2236,1123,-548,830,-712,-938,-1307,722,123,5,502,-625,-290,288,-600,-75,725,202,-182,105,22,773,-221,401,725,452,-255,40,58,27,-24,296,-295,1254,1125,292,-593,1050,-25,73,-5,-45,-255,-318,625,177,-1029,27,-724,297,-876,-222,218,-545,-398,295,-290,-112,-347],"highs":[0,1006,907,-99,-400,-700,-971,-229,297,100,-25,-98,-375,201,-453,-23,250,-177,328,297,-150,475,375,-175,900,775,-200,-406,83,201,-53,427,125,126,1731,-186,547,190,115,53,50,-328,825,-350,35,92,-423,-870,297,-276,-580,1028,-875,-478,-150,-1290,615,303,-700,-74],"lows":[0,2184,278,99,-350,72,-1135,-896,740,142,100,-215,-57,-50,-351,76,24,-19,166,251,475,72,303,-113,488,850,264,-486,350,-1,126,-275,274,197,1254,949,-606,481,610,113,-142,-56,73,86,-209,-61,-514,151,-84,-692,-1077,774,-274,-650,245,-720,28,0,-151,-354],"closes":[0,1097,403,122,-825,-601,-774,75,-98,471,-323,-128,103,-425,-81,49,-491,576,-301,651,-53,777,-174,369,601,1177,-698,43,-45,49,-21,274,-125,826,1422,-53,-25,938,115,-13,116,-578,-72,-53,102,679,-981,-231,-325,-122,-819,70,-98,-372,-333,-298,703,-275,-831,635],"volumes":[0.004176,0.0054,0.005,0.00495,0.00573,0.00355,0.00182,0.00258,0.00283,0.0065,0.00404,0.00497,0.00437,0.00571,0.00245,0.00256,0.00272,0.00404,0.00377,0.00532,0.00694,0.00382,0.00397,0.00235,0.004348,0.004043,0.00409,0.00317,0.00526,0.00247,0.00278,0.00342,0.00503,0.01026,0.00395,0.00342,0.003851,0.00596,0.00367,0.003284,0.00445,0.0027,0.00605,0.00672,0.00248,0.003033,0.00457,0.003,0.00316,0.00354,0.00294,0.01091,0.004578,0.00397,0.005596,0.003434,0.00539,0.00452,0.00246,0.00349]}