{"timestamp":1351382400000,"multiplier":1.0E-5,"open":1.03332,"high":1.033772,"low":1.03322,"close":1.03377,"shift":60000,"times":[1260,1,1,1,1,1,1,1,1,1,1,1,1,1,1,1,1,1,1,1,1,1,1,1,1,1,1,1,1,1,1,1,1,1,1,1,1,1,1,1,1,1,1,1,1,1,1,1,1,1,1,1,1,1,1,1,1,1,1,1,1,1,1,1,1,1,1,1,1,1,1,1,1,1,1,1,1,1,1,1,1,1,1,1,1,1,1,1,1,1,1,1,1,1,1,1,1,1,1,1,1,1,1,1,1,1,1,1,1,1,1,1,1,1,1,1,1,1,1,1,1,1,1,1,1,1,1,1,1,1,1,1,1,1,1,1,1,1,1,1,1,1,1,1,1,1,1,1,1,1,1,1,1,1,1,1,1,1,1,1,1,1,1,1,1,1,1,1,1,1,1,1,1,1,1,1,1,1,1,1],"opens":[0,54,-26,19,-112,8,67,4,5,6,-5,27,7,-6,1,13,15,11,2,0,0,-20,-15,15,0,16,-23,32,-1,-9,0,-24,3,-2,12,13,-16,-1,2,-1,37,7,-8,21,18,-11,-18,12,-13,-11,36,-3,-10,7,-57,1,-4,-12,-9,-1,21,11,24,10,-4,22,0,-11,40,-20,-4,-7,-20,-6,7,-4,-28,0,-13,3,9,-16,-13,11,4,-5,-15,-2,-19,12,24,34,2,10,11,8,8,-5,13,2,-21,9,-35,-12,9,14,2,8,11,6,-17,-13,6,35,-16,15,3,-18,-3,-28,-17,-35,32,-18,-13,-6,17,12,-14,16,-6,18,-2,13,-33,-5,-7,-12,15,-11,13,6,-3,-2,20,-14,-3,0,-23,1,-6,1,7,8,1,6,-5,-3,-1,2,14,1,-9,17,16,-17,32,-18,-14,4,1,-2,-2,-6,16,14,11,-1,-1,-19],"highs":[0,9,7,1,-114,72,2,8,5,1,0,16,5,3,6,25,6,2,2,-11,0,-6,-18,17,15,-2,-22,21,-1,3,0,-24,22,-21,26,-1,-15,0,12,1,27,-3,5,21,-1,-1,-14,-2,1,-3,14,-3,7,-10,-37,-4,12,10,-61,10,42,8,24,7,-8,0,-1,51,-22,-14,-10,-7,-7,5,-15,1,-20,-1,-10,1,-6,-2,-7,10,1,-17,-1,-2,-15,19,40,14,-5,17,5,6,0,1,-2,3,-10,-3,-31,5,3,8,6,6,5,1,-14,4,21,11,3,7,-6,-14,-10,-18,-36,-4,0,-9,-7,0,12,-4,12,4,13,0,-4,0,-19,-10,-1,-12,5,3,6,6,0,6,-1,-2,0,2,-25,-3,-2,-1,11,-9,3,2,2,10,-6,0,1,8,-1,16,3,12,2,-13,-2,1,0,0,-1,-11,24,8,2,1,-6,5],"lows":[0,38,0,7,-101,0,74,6,5,3,-12,24,8,4,3,12,9,6,3,-6,0,-4,-23,24,-7,20,-24,23,-25,26,0,-24,5,-3,13,9,-12,-1,2,-1,33,-2,-17,30,17,-16,0,-10,10,-11,20,-2,-25,-20,0,-3,-16,-1,-16,11,14,0,35,10,3,3,-3,8,14,-13,-4,-8,1,-12,-7,-8,-3,-6,-6,-8,3,-12,-2,13,-13,-2,-1,-21,-3,15,12,46,-3,15,7,10,-3,5,0,-3,-4,-30,-8,4,6,-1,2,15,6,-11,2,1,3,19,3,12,-7,-21,-5,-41,-24,3,-3,2,-2,-3,8,3,5,2,8,10,1,-22,-13,3,-7,-1,1,0,6,2,1,9,4,-1,-4,-16,-7,-1,0,1,-4,-2,5,-1,7,9,-1,1,1,3,0,9,13,-3,6,-4,-9,11,-3,2,-10,-9,16,11,9,3,-7,-1],"closes":[0,-17,19,-1,-110,61,12,8,18,-13,-12,29,4,6,4,24,20,-6,-10,-5,14,-18,-7,6,27,-14,-23,22,-17,17,3,-24,16,-16,38,-3,-13,-12,8,2,22,17,-19,26,5,-3,-13,-2,15,-20,15,-2,-18,-19,-4,3,-26,-1,-15,10,28,28,3,16,9,-15,-7,56,-34,-5,-12,-4,1,-1,-17,0,-2,-20,-4,-6,4,-17,6,7,-15,-1,3,-26,9,27,26,23,-11,16,22,-13,2,3,-3,9,-12,-34,-2,5,2,15,0,5,5,-14,-1,21,4,3,12,10,-7,-24,-4,-32,-43,17,-12,14,-17,13,12,-19,31,-9,26,-14,-4,-26,2,-9,-7,-2,1,3,4,-1,12,0,2,0,1,-22,-7,12,-12,2,-6,6,18,-8,-1,17,0,-13,0,5,14,1,8,9,-9,-1,-5,4,-3,3,-11,-1,22,10,-2,1,-7,7],"volumes":[72.794336,76.144506,113.146721,66.068712,84.71,95.15,65.43,44.26,21.24,47.94,53.2,27.7,8.48,27.47,40.37,85.93,46.61,54.73,103.6,59.49,45.35,18.76,43.77,30.4,87.37,30.16,24.84,27.31,56.28,35.65,46.07,76.0,38.41,41.64,34.07,25.15,15.09,33.46,51.92,56.89,27.39,57.57,84.53,32.3,27.39,42.93,69.7,41.48,66.12,63.76,52.45,18.61,54.32,20.36,25.99,28.68,87.85,53.79,25.29,10.88,53.27,53.26,50.13,49.45,40.14,49.67,105.23,198.99,65.49,54.61,81.99,28.98,27.83,70.91,86.55,53.18,19.35,38.71,65.87,71.27,87.16,52.43,53.49,52.05,102.12,60.23,36.75,83.72,80.94,64.43,125.0,133.82,56.56,59.87,60.07,69.85,69.47,34.59,20.1,53.63,65.04,105.76,62.73,108.19,48.77,135.0,104.63,46.44,70.96,56.93,141.65,126.7,98.88,118.09,90.46,80.27,115.07,76.82,99.47,223.99,181.15,102.54,141.38,123.84,106.62,187.13,82.44,83.45,88.07,66.93,61.52,73.2,40.01,101.9,95.42,87.55,109.86,45.47,81.7,97.54,68.04,34.5,41.34,42.31,33.99,25.51,37.35,43.89,45.02,79.7,94.05,26.86,24.38,19.35,18.75,31.2,38.63,21.46,42.98,29.41,15.98,28.88,19.13,39.45,33.67,49.0,18.76,55.45,65.19,64.14,28.74,51.83,90.39,58.81,43.13,74.66,39.01,30.09,27.69,55.81]}