{"timestamp":1350777600000,"multiplier":1.0E-5,"open":1.02516,"high":1.02547,"low":1.0251,"close":1.02532,"shift":60000,"times":[1260,1,1,1,1,1,1,1,1,1,1,1,1,1,1,1,1,1,1,1,1,1,1,1,1,1,1,1,1,1,1,1,1,1,1,1,1,1,1,1,1,1,1,1,1,1,1,1,1,1,1,1,1,1,1,1,1,1,1,1,1,1,1,1,1,1,1,1,1,1,1,1,1,1,1,1,1,1,1,1,1,1,1,1,1,1,1,1,1,1,1,1,1,1,1,1,1,1,1,1,1,1,1,1,1,1,1,1,1,1,1,1,1,1,1,1,1,1,1,1,1,1,1,1,1,1,1,1,1,1,1,1,1,1,1,1,1,1,1,1,1,1,1,1,1,1,1,1,1,1,1,1,1,1,1,1,1,1,1,1,1,1,1,1,1,1,1,1,1,1,1,1,1,1,1,1,1,1,1,1],"opens":[0,1,-4,14,28,-14,12,3,9,-3,0,-2,15,-3,-5,19,13,24,-14,-13,4,4,-38,0,50,-12,0,4,-4,-29,32,-13,-1,13,-1,-13,-25,27,-2,14,-26,-26,10,-2,1,-11,16,24,-22,22,19,-44,1,32,4,-1,0,6,-2,17,13,-18,11,6,4,-1,1,-38,-20,1,0,2,13,-8,13,-6,13,-13,17,-11,-18,-4,-12,14,-10,0,0,-22,-9,11,19,-19,12,-15,10,11,-23,-7,10,1,-1,6,-3,13,-11,17,-9,17,-15,15,-1,8,-13,4,-1,11,-14,9,2,-22,-16,-6,5,-8,18,-5,0,-24,0,4,-2,-2,-1,-2,-15,18,1,14,-10,5,-12,-20,-9,-5,6,0,-4,-14,-1,-21,8,-5,1,48,-2,-22,4,-12,18,-11,3,11,-35,4,-35,-6,26,-12,2,-2,-18,7,2,7,8,-8,-5,13,-4,4],"highs":[0,-17,0,25,0,-3,11,2,13,-5,1,18,-9,-11,27,9,1,14,-1,-4,3,-5,-2,-1,3,0,-1,6,-8,6,-7,-3,11,-14,13,-14,-4,8,-2,-1,-2,-39,9,1,0,-12,41,0,4,-4,7,0,1,1,4,0,-2,26,-17,12,5,-1,12,-1,5,-4,11,-46,-20,-3,3,0,1,19,0,5,-10,14,0,-5,-20,-6,-11,9,-3,-17,9,-12,-8,20,-10,-2,1,-8,13,-4,-21,1,5,4,8,6,-3,-3,4,10,0,1,-1,10,-3,-2,3,-1,9,-2,-2,4,-11,-6,-25,4,4,5,0,0,-18,-6,6,-6,-6,2,2,-4,-11,5,22,-1,0,-3,-7,-27,-4,-5,-5,-6,-4,-3,6,-17,0,-7,37,13,-1,-27,1,10,-8,2,0,-1,-19,-7,-27,11,-4,4,5,-10,-16,14,-1,4,0,-10,22,-4,-2,10],"lows":[0,7,-8,18,1,9,14,0,5,5,1,-7,-9,14,7,19,10,1,0,-2,5,3,-37,0,35,2,0,-10,2,-20,18,-11,11,0,1,-5,-22,24,1,2,-25,-16,2,6,2,-11,16,23,-21,21,7,-31,1,29,6,0,-1,7,-4,18,-13,6,14,-2,2,8,-28,-24,-7,3,0,-1,4,-4,18,-5,-2,5,13,-27,-6,-9,1,3,-3,-23,13,-16,-9,12,3,-3,1,3,0,-20,7,-1,4,3,8,5,-2,0,2,4,4,-6,-1,15,3,-5,4,1,3,-1,-2,7,-11,-29,-9,1,2,3,12,-1,-19,-4,1,-9,-3,10,-2,-5,-10,7,5,20,-8,1,-30,-9,-6,-5,3,-5,-12,-7,0,-11,7,1,2,38,-11,-9,-5,3,5,2,-9,-10,-7,-24,-10,2,8,5,-2,-10,-12,14,2,2,-6,-1,6,5,0,9],"closes":[0,-15,-3,40,-20,3,17,-2,10,0,0,13,-3,-11,38,9,-11,11,-3,-9,19,-11,-3,-2,16,-12,1,-11,8,-8,3,-8,17,-12,15,-19,-5,8,4,-2,-5,-35,20,-12,3,-12,37,1,-1,2,6,-3,1,17,-8,0,-3,7,11,4,-5,21,-2,-7,6,14,-41,-16,0,-11,4,10,-11,17,-4,0,-4,14,1,-20,-4,-17,5,10,-6,-20,11,-19,-8,30,-23,12,-8,8,0,-18,-3,0,2,19,8,-3,1,-11,17,3,-11,1,17,-4,9,-18,9,-1,1,4,1,14,-27,-22,-7,5,-7,15,-3,5,-25,-3,9,-19,17,-8,-3,-3,-4,3,20,1,-1,-6,-18,-19,-3,-11,8,-10,-4,-7,-8,4,-6,1,48,12,-20,-21,-5,4,5,4,-7,-7,-16,-24,-10,28,-13,5,-2,-15,8,0,3,-3,-6,3,11,-3,5,2],"volumes":[89.287539,38.34,9.98,25.64,25.68,35.21,25.66,32.96,43.02,53.2,18.61,51.21,41.01,16.52,40.45,14.95,47.93,16.08,28.83,80.22,33.05,17.19,65.64,43.9,40.27,119.61,45.55,64.33,42.75,46.67,30.06,26.22,57.13,18.92,34.29,18.92,52.57,85.09,89.79,41.57,28.07,20.94,35.72,63.05,83.36,28.21,41.76,28.23,108.2,72.86,45.1,125.21,124.79,69.4,89.45,80.88,34.38,55.65,86.78,92.26,86.12,81.47,105.74,99.49,59.64,43.49,94.07,120.58,118.82,72.12,50.4,50.74,72.87,160.94,99.33,106.81,58.84,93.22,147.73,205.03,93.28,58.79,36.01,42.91,58.96,77.23,40.13,69.76,126.69,127.82,86.26,94.7,83.28,45.38,49.97,119.59,44.91,53.17,85.15,27.15,80.26,95.47,80.05,55.6,60.9,36.16,40.14,69.07,63.01,48.36,48.0,81.37,52.48,56.2,62.73,81.99,109.38,54.59,165.25,190.05,156.93,157.56,149.33,58.94,122.77,200.21,82.08,141.39,178.03,81.85,113.58,56.88,113.93,110.65,85.77,57.4,113.62,91.09,98.41,147.8,194.34,197.35,203.76,172.97,86.8,54.02,181.75,171.38,250.75,300.56,107.62,65.26,121.52,188.19,74.7,77.7,67.85,68.61,51.39,69.24,91.21,83.77,63.7,109.12,121.5,197.82,108.55,113.01,148.16,50.47,56.09,73.93,73.68,85.35,153.14,118.57,58.21,103.84,125.46,101.94]}