{"timestamp":1350172800000,"multiplier":1.0E-5,"open":1.60709,"high":1.60755,"low":1.60709,"close":1.60753,"shift":60000,"times":[1260,1,1,1,1,1,1,1,1,1,1,1,1,1,1,1,1,1,1,1,1,1,1,1,1,1,1,1,1,1,1,1,1,1,1,1,1,1,1,1,1,1,1,1,1,1,1,1,1,1,1,1,1,1,1,1,1,1,1,1,1,1,1,1,1,1,1,1,1,1,1,1,1,1,1,1,1,1,1,1,1,1,1,1,1,1,1,1,1,1,1,1,1,1,1,1,1,1,1,1,1,1,1,1,1,1,1,1,1,1,1,1,1,1,1,1,1,1,1,1,1,1,1,1,1,1,1,1,1,1,1,1,1,1,1,1,1,1,1,1,1,1,1,1,1,1,1,1,1,1,1,1,1,1,1,1,1,1,1,1,1,1,1,1,1,1,1,1,1,1,1,1,1,1,1,1,1,1,1,1],"opens":[0,48,-1,-1,-5,-3,22,-34,15,-4,7,-68,3,3,0,7,-23,-5,19,6,-2,-10,2,5,0,0,-24,28,0,0,0,-2,3,-1,-21,0,34,-34,41,0,-13,8,2,0,0,0,0,7,-7,0,2,13,-18,0,4,1,-5,5,45,23,1,-11,-2,7,-4,1,-9,3,1,14,-9,-22,-22,7,4,1,0,-3,-4,-2,-2,-4,10,-6,-2,4,-5,-11,-12,0,-3,-2,15,6,-6,-1,-17,8,6,2,-5,9,8,-23,-4,0,-1,1,-3,2,1,-4,-8,1,-1,5,8,6,-2,2,0,-1,6,7,12,-5,-3,7,1,-1,-5,2,-23,-2,1,-1,-26,12,0,-1,1,5,0,4,0,-4,10,-2,-2,-3,-5,-5,0,0,-5,-11,-3,0,0,-6,-14,0,-20,0,-1,-10,-16,3,-12,-15,-9,0,2,-2,0,12,-2,-10,-1,-4],"highs":[0,2,0,0,-4,2,14,-25,18,-16,7,-65,20,-10,-7,7,-23,23,-9,6,0,-6,7,-6,0,1,-25,28,0,0,2,-4,10,-3,7,-33,34,3,15,-2,-22,8,2,0,0,3,4,0,0,-7,43,-28,-18,0,11,-5,8,49,-1,13,-1,-10,36,-11,-24,14,-16,-2,25,1,-22,7,-44,8,-4,3,-1,-4,1,-7,-2,13,-7,-6,-2,4,-5,-11,-12,0,-2,15,2,14,-15,-4,-10,6,4,-2,4,10,-2,-23,-4,0,-1,1,2,-3,1,-4,-7,0,4,8,6,1,-2,2,3,13,-9,14,2,-4,4,3,-3,-1,-3,0,-18,-3,-3,-1,-20,6,0,4,2,2,1,2,-2,6,0,-2,0,-5,-5,-5,1,1,-7,-5,-9,0,0,-6,-14,0,-20,0,0,-8,-18,5,-15,-5,-17,0,2,-4,15,-3,1,-13,1,-4],"lows":[0,41,3,0,-3,-6,25,-78,36,19,-59,-2,-24,30,0,-16,-13,6,21,0,-9,3,-9,16,-6,-1,-17,28,0,-1,1,-2,3,-9,-13,0,21,-21,36,-8,0,8,2,0,0,-1,1,7,-7,0,2,5,-10,0,-4,4,0,4,46,23,-13,-3,4,-15,15,-1,-15,13,2,2,-83,40,2,7,2,3,-3,-4,-3,0,-5,-1,3,-3,2,0,-14,-9,0,0,-10,5,14,0,-2,-17,2,6,7,-1,-13,21,-15,-5,0,0,0,-3,1,2,-3,-4,-4,1,-1,5,8,5,-1,2,0,-1,5,6,9,-3,0,6,0,-1,-5,-21,0,0,-3,-13,-10,12,-1,0,-1,5,0,2,4,-4,-2,8,0,-10,-2,-2,0,-4,-13,-5,2,0,0,-18,-3,-17,0,0,-14,-17,1,-12,-10,-8,0,0,0,0,0,12,-12,-8,0,-3],"closes":[0,-3,3,4,-4,0,16,-27,0,4,-58,-3,14,-1,-7,-16,-13,21,6,0,0,-6,-9,16,-6,7,-25,28,0,-1,3,-4,8,-9,15,-33,21,13,2,-1,-7,8,2,0,0,0,3,4,0,-7,14,-7,-10,0,5,0,9,49,-1,13,-13,0,6,2,-7,-2,-1,0,12,-10,-19,-22,5,10,-5,2,-3,-3,-4,0,-5,12,-10,0,-1,0,-13,-10,0,0,-6,15,6,-5,-1,-19,9,7,4,-6,7,9,-23,-4,-1,0,0,-2,5,-3,-3,-4,-3,0,4,8,6,1,-2,2,-1,5,3,11,1,-4,8,2,-4,-1,-1,-23,-2,1,-2,-14,-11,12,-1,0,4,2,4,-2,2,6,-4,2,-2,-10,-2,-1,-1,-4,-11,-4,1,-2,0,-18,0,-20,0,0,-12,-13,-1,-10,-15,-9,2,-2,0,0,10,2,-12,-8,3,1],"volumes":[3.0,4.5,3.75,6.0,3.77,13.39,1.56,49.57,9.92,2.48,40.1,14.13,38.69,13.46,1.43,12.04,3.1,13.88,1.73,3.23,19.28,22.87,37.97,1.51,3.01,6.03,1.28,3.01,4.52,5.5,4.96,1.73,59.54,31.61,3.79,1.2,3.01,5.37,5.18,16.61,1.73,1.13,1.5,3.75,1.5,55.36,10.58,1.35,13.66,1.36,12.72,6.78,1.36,1.35,98.35,9.76,5.35,9.86,15.7,1.5,33.23,16.13,27.36,29.6,13.93,49.65,78.35,9.39,65.39,42.89,134.54,106.65,32.57,11.71,12.01,21.16,29.25,27.75,45.37,16.5,12.6,25.63,20.64,30.2,12.38,7.5,48.55,27.25,3.38,7.2,24.12,20.44,13.28,47.6,30.02,25.53,13.84,15.2,8.12,3.76,26.25,17.26,24.95,10.15,7.14,12.04,3.39,30.99,14.38,1.13,7.6,20.27,3.38,6.39,10.91,19.56,9.56,9.02,8.87,2.26,17.94,40.7,10.15,23.89,13.28,15.99,23.32,20.33,6.0,6.0,12.99,40.19,24.45,30.12,40.6,46.49,47.55,4.5,9.0,15.02,48.86,50.48,32.39,46.19,3.02,12.03,33.46,14.34,21.85,9.12,38.1,19.84,22.48,47.89,44.71,42.07,12.04,16.55,20.34,28.49,21.45,53.27,10.17,10.01,66.28,98.3,35.74,49.56,59.84,95.0,19.42,33.94,31.85,8.58,29.29,9.04,46.83,19.13,90.8,96.02]}