{"timestamp":1272153600000,"multiplier":1.0E-5,"open":0.92486,"high":0.92493,"low":0.92486,"close":0.92493,"shift":60000,"times":[1260,1,2,1,1,1,1,1,1,1,1,1,1,1,1,1,1,1,1,1,1,1,1,1,1,1,1,1,1,1,1,1,1,1,1,1,1,1,1,1,1,1,1,1,1,1,1,1,1,1,1,1,1,1,1,1,1,1,1,1,1,1,1,1,1,1,1,1,1,1,1,1,1,1,1,1,1,1,1,1,1,1,1,1,1,1,1,1,1,1,1,1,1,1,1,1,1,1,1,1,1,1,1,1,1,1,1,1,1,1,1,1,1,1,1,1,1,1,1,1,1,1,1,1,1,1,1,1,1,1,1,1,1,1,1,1,1,1,1,1,1,1,1,1,1,1,1,1,1,1,1,1,1,1,1,1,1,1,1,1,1,1,1,1,1,1,1,1,1,1,1,1,1,1,1,1,1,1,1],"opens":[0,-37,24,-9,51,-7,5,-10,7,-17,-16,12,-6,-43,33,-13,-29,8,-19,15,-4,-6,-5,5,9,-11,-10,5,12,3,1,1,14,3,-19,-24,16,11,11,-25,-4,-3,-91,104,-13,10,1,16,-6,1,4,-5,19,-80,47,-6,-151,110,-17,8,83,49,-7,-11,6,11,-29,25,-9,8,6,8,45,-27,-15,-9,61,13,-23,6,4,-3,2,-14,5,1,8,-10,-1,10,-22,-23,2,8,-8,11,0,2,4,-2,-5,-8,8,6,-34,-10,6,2,16,1,1,0,4,-67,58,1,9,-8,10,2,-11,6,1,1,0,9,12,27,-11,-7,-18,17,2,7,0,0,-30,2,0,11,-2,-1,20,-11,8,-5,-2,-1,8,-4,12,-3,14,0,9,1,22,-16,-6,-5,1,10,-46,36,4,-1,-5,7,5,-1,-4,-1,-5,-1,7,23,-2,-15,4],"highs":[0,-44,27,1,52,-12,-4,-2,-1,-17,-9,5,1,-17,0,-13,-22,1,11,-15,-4,6,-10,-2,9,0,-21,6,17,-3,9,7,1,2,-19,-13,12,8,7,-12,-17,9,-103,104,0,10,7,-3,-1,-4,9,-5,14,-50,26,-6,-160,153,-60,91,34,28,6,-27,-1,8,-18,25,-12,1,5,47,6,-27,-14,43,11,10,-12,-4,10,-6,-2,-14,10,11,-7,-2,5,8,-34,-16,-5,8,-8,21,-10,10,-4,3,-10,-2,2,17,-45,-9,5,9,9,1,1,0,4,-8,0,2,7,3,7,-6,-3,8,-8,16,-6,10,44,-5,-21,-8,-2,2,8,1,0,-1,-28,0,10,8,-9,19,0,-5,2,-5,1,4,14,-8,9,11,-2,10,1,12,4,-16,-6,-5,11,0,-18,12,0,-1,-3,15,-5,-1,-4,-1,-5,1,30,-2,-2,-7,-4],"lows":[0,-37,3,12,46,-2,0,-33,5,0,-3,11,-37,-15,29,-34,0,-20,9,-2,4,0,-2,-2,3,-6,-2,-8,8,15,-5,9,13,-9,-32,5,14,13,-22,8,-36,29,-91,96,-43,48,1,14,-4,0,-9,9,-64,2,45,-41,-113,110,-17,8,80,45,-3,-14,12,-43,25,25,-9,-1,14,9,18,-9,-28,13,54,-12,9,3,-9,9,-12,-4,11,-9,12,-4,0,0,-30,-5,3,-10,10,11,0,2,4,-5,-4,-6,8,-27,-20,0,15,2,9,3,6,-11,-55,3,58,1,-2,3,10,-14,0,11,-6,6,2,0,20,16,-6,-22,3,1,19,-1,7,-29,-8,4,6,10,-8,4,2,9,3,-8,5,-18,24,-6,3,4,20,-5,10,5,7,-5,-6,-1,1,-49,13,36,-2,5,-8,10,5,-5,0,-1,-5,-1,7,23,-13,-8,-17],"closes":[0,-44,27,1,52,-14,-7,1,-29,9,-5,4,-31,16,-8,-31,4,-23,15,-12,7,12,-10,-9,3,13,-21,4,6,8,0,18,1,-14,-32,16,11,6,-14,8,-26,22,-103,99,5,2,10,0,1,-5,-6,11,-69,33,14,-41,-113,125,-32,91,34,13,-8,2,-1,-30,20,16,-7,5,4,41,-13,-6,-9,43,3,5,1,-6,2,-4,-12,-1,15,9,-8,-7,0,12,-41,0,-5,1,-1,21,-10,7,-1,-5,-4,0,2,-20,-24,5,7,9,6,-1,6,-11,-35,41,1,2,6,4,7,-18,9,1,-7,7,7,10,29,-9,-8,-14,7,4,10,2,-2,-29,-1,1,11,2,-9,26,-7,0,-1,-1,-2,8,-2,7,10,8,-2,12,1,13,-11,-5,-6,-1,10,-58,41,12,-6,5,-3,6,4,-4,-1,-1,-5,1,29,-1,-13,-4,-1],"volumes":[7.818269,2.4,13.776238,3.4,12.9859,9.4,4.9,32.5,13.9,97.8453,2.0,8.6,23.7,16.0,4.0,12.0,6.0,15.1,12.1,3.0,25.1316,26.40316,2.0,2.0,13.06368,21.0105,2.8,17.9,29.6,11.2,18.4,7.9,4.0,6.0,4.4,4.2,8.0,5.1,14.44896,11.7161,60.40656,26.055,1.0,52.2932,34.5712,4.0,11.0,4.0,2.0,3.0,16.1,3.4,27.7662,4.785,10.0128,6.4365,1.0,63.23408,2.4,32.2,14.4,16.8,26.4,9.6,4.8,55.35686,2.0,5.4,24.0,14.4,4.8,24.0,33.55212,10.431,28.62864,16.8,12.0,9.433,12.0,14.4,31.2,12.0,14.4,12.0,7.2,33.6,16.8,28.8,16.8,14.60332,16.8,9.6,2.4,20.85468,2.4,4.8,2.4,9.07296,2.4,7.2,9.6,4.8,2.4,38.4,31.2,14.4,2.4,4.8,7.2,9.6,2.4,12.0,22.70688,38.6,5.6,5.6,20.4,16.0,6.2,54.4,14.4,16.8,16.0,32.8,11.2,53.6,70.6,65.0,19.2,31.2,36.8,48.0,24.0,24.8,9.6,34.4,28.8,16.8,19.2,14.4,16.8,36.0,16.8,12.2,4.2,14.2,7.2,39.4,19.8,25.0,27.2,28.6,7.6,21.4,12.8,15.2,13.0,17.8,4.2,3.2,12.8,22.60674,19.9437,2.0,3.0,2.0,6.2,13.8,5.6,4.4,2.0,2.0,3.2,20.0,25.4,1.0,18.6,37.2,54.2]}