{"timestamp":1271548800000,"multiplier":1.0E-5,"open":1.3497,"high":1.3497,"low":1.34666,"close":1.34666,"shift":60000,"times":[1260,1,1,1,1,1,1,1,1,1,1,1,1,1,1,1,1,1,1,1,1,1,1,1,1,1,1,1,1,1,1,1,1,1,1,1,1,1,1,1,1,1,1,1,1,1,1,1,1,1,1,1,1,1,1,1,1,1,1,1,1,1,1,1,1,1,1,1,1,1,1,1,1,1,1,1,1,1,1,1,1,1,1,1,1,1,1,1,1,1,1,1,1,1,1,1,1,1,1,1,1,1,1,1,1,1,1,1,1,1,1,1,1,1,1,1,1,1,1,1,1,1,1,1,1,1,1,1,1,1,1,1,1,1,1,1,1,1,1,1,1,1,1,1,1,1,1,1,1,1,1,1,1,1,1,1,1,1,1,1,1,1,1,1,1,1,1,1,1,1,1,1,1,1,1,1,1,1,1,1],"opens":[0,-281,-25,2,27,-10,16,-2,-13,-1,-23,-7,37,-42,11,11,12,-23,19,1,11,-27,26,-25,20,0,4,-20,2,28,32,-9,39,34,12,-27,22,-3,-11,-6,-32,-6,4,6,16,-7,-9,6,-12,-14,26,3,-18,10,7,-6,12,-2,2,-34,-5,24,10,-13,8,-12,7,-17,-11,-32,30,-14,1,2,0,65,40,59,-29,10,-17,-14,24,25,15,19,24,0,21,8,-22,10,-25,-9,-16,17,-19,21,1,-20,11,-10,-16,9,-2,3,-5,-15,-21,2,3,-11,-17,20,-25,-25,29,6,14,4,26,-21,0,26,-2,0,2,6,-12,23,-4,-3,-11,-25,10,-10,41,-16,14,-44,14,12,-36,46,-20,10,-9,-24,26,-60,48,-11,16,-11,-9,27,1,26,-37,-27,37,-31,46,-26,12,-3,-3,2,-2,-20,-6,-7,-20,26,0,-3,-16,18,-22,-67],"highs":[0,-277,-7,7,20,-19,7,-4,-1,1,-19,26,-10,-16,-2,11,9,-6,-4,7,-3,-17,20,-7,7,-1,5,-9,5,31,12,23,23,21,13,-12,20,-7,-2,-20,-38,-9,8,11,17,18,-27,9,-29,11,-1,6,5,-10,5,21,-9,-2,1,-13,6,-8,-2,2,-9,-13,10,-8,-8,14,-26,-8,9,-1,67,20,57,4,-16,9,-18,1,30,18,10,26,18,-1,12,2,-16,-1,-25,0,-1,2,2,5,-9,-16,3,-5,4,6,-11,20,-24,-22,-17,0,3,-13,4,1,-23,5,2,14,4,17,12,-10,20,0,-6,5,11,-3,-6,13,3,-2,-16,12,-10,-12,17,-7,3,-11,-3,-6,7,7,0,4,-3,-31,14,-23,20,8,9,-28,17,12,0,13,-35,4,12,-10,12,20,-1,-10,-11,-16,-3,0,-2,0,-21,11,-3,-3,-3,-4,-15,-54],"lows":[0,-13,-4,10,16,-9,12,-21,-7,-8,-9,5,7,-5,13,-10,20,-8,-14,14,-2,-4,2,4,0,7,-7,-3,10,14,26,14,30,18,0,-2,26,-28,7,-18,-16,-27,-18,33,25,-2,-23,-13,4,4,19,8,-3,3,-19,6,30,-2,-13,-33,4,19,-16,-5,12,-3,-23,6,-21,1,14,7,-7,1,2,71,39,13,6,-12,1,-18,26,32,-24,16,58,7,18,-7,4,-11,-26,-5,-2,-2,0,-8,-9,7,-8,15,-7,4,4,3,-20,-28,-5,1,-11,6,-1,-14,-38,21,-6,10,29,13,0,10,2,-5,6,-11,-4,22,6,12,-6,4,-19,-4,7,-13,18,-4,-11,-4,8,-26,8,18,-12,4,-4,-13,-23,1,13,22,5,-23,3,28,-2,9,-19,-26,11,4,9,5,-8,11,-18,10,-23,9,-10,1,-18,4,22,-28,11,-12,-47,-29],"closes":[0,0,0,2,12,4,13,-40,24,-8,-21,43,-47,7,3,13,5,-5,-10,-1,-5,-6,20,-8,2,18,-7,-22,37,9,19,36,9,36,-12,9,11,-25,24,-51,3,-19,-9,38,-1,1,-7,0,-36,40,-9,-10,28,-19,-16,36,3,-8,-17,-20,23,-7,-5,-13,18,-21,1,-18,-6,41,-33,-1,-11,24,68,11,65,-31,-4,-13,2,13,35,17,13,35,-17,32,-4,-6,8,-15,-14,-10,8,-23,28,-28,-7,0,-1,11,7,-15,13,-6,-9,-33,-18,5,9,-4,-3,-15,-9,13,-14,27,-13,43,-29,14,25,-28,10,14,9,10,-2,4,-1,6,-45,46,-22,-6,-9,25,-40,25,-4,-41,50,-16,10,-25,11,-32,-23,36,-7,34,3,-44,45,9,0,-12,-20,3,27,-11,-17,38,-18,6,-21,-6,-18,23,-15,1,-16,6,-5,-4,-11,-5,-49,-11],"volumes":[56.2,68.3,91.3,28.8,36.1,23.3,19.6,95.4,97.8,73.3,71.4,56.9,56.8,48.7,46.1,33.8,36.3,16.5,24.4,21.2,14.3,17.8,25.4,14.5,28.1,78.2,32.5,21.8,39.0,38.1,15.4,18.3,36.0,27.5,40.1,37.2,22.6,26.9,39.9,24.9,21.6,35.2,33.2,33.8,32.5,51.0,65.8,47.4,31.6,58.7,24.0,23.9,41.0,14.7,50.7,42.7,24.9,17.1,39.3,123.7,36.6,24.0,21.3,42.1,17.0,19.4,70.8,13.6,20.5,28.7,78.1,30.2,18.3,16.2,42.2,25.1,36.8,20.0,38.4,21.4,18.4,29.6,16.6,23.9,31.0,31.7,23.3,30.1,24.1,35.3,33.8,13.2,27.5,76.1,23.4,20.0,23.2,47.0,23.0,15.7,18.4,11.9,23.8,30.6,34.6,28.1,61.3,74.0,11.9,18.2,24.5,25.3,23.5,59.8,128.1,30.9,53.3,51.5,29.9,27.0,40.1,16.2,22.7,54.4,22.9,82.5,90.8,38.1,23.5,96.7,37.0,22.0,26.3,17.8,18.7,58.5,15.3,15.9,56.9,14.2,20.2,22.8,16.8,16.2,38.3,92.4,40.3,21.8,30.4,23.5,46.3,18.7,15.4,26.7,40.7,58.5,15.4,27.5,16.2,33.8,29.3,18.3,12.3,46.9,79.9,30.6,50.2,23.5,20.9,39.2,49.7,31.8,18.6,33.3,23.6,42.4,34.4,34.1,57.7,34.4]}