{"timestamp":1272153600000,"multiplier":0.001,"open":1156.563,"high":1156.815,"low":1156.041,"close":1156.815,"shift":60000,"times":[1320,1,1,1,1,1,1,1,1,1,1,1,1,1,1,1,2,1,1,1,1,1,1,1,1,1,1,1,1,1,1,1,1,1,1,1,1,1,1,1,1,1,1,1,1,1,1,1,1,1,1,1,1,1,1,1,1,1,1,1,1,1,1,1,1,1,1,1,1,1,1,1,1,1,1,1,1,1,1,1,1,1,1,1,1,1,1,1,1,1,1,1,1,1,1,1,1,1,1,1,1,1,1,1,1,1,1,1,1,1,1,1,1,1,1,1,1,1,1],"opens":[0,203,-232,-131,-94,-910,1320,-26,150,42,-50,-113,186,-94,-76,-280,186,205,-110,59,274,-28,62,-15,66,103,31,-206,144,113,9,122,42,20,-339,-120,142,126,-274,221,-113,-221,223,-251,38,-37,381,-170,9,330,-67,-227,-291,164,-374,-66,465,-220,74,311,57,22,-456,236,128,-166,-64,122,-33,229,-20,-221,449,-109,21,-236,99,-68,127,32,-235,-165,282,-327,17,-298,-76,0,-272,-344,-500,56,201,-84,-98,108,-277,-152,51,-48,70,9,-71,412,181,334,-180,80,-757,-347,-400,-349,-285,-116,-104,370,-243,51,91],"highs":[0,-49,-111,-212,-134,321,123,175,-40,-3,24,-58,140,-9,-220,-292,432,40,33,-12,180,46,54,-98,39,240,-52,251,52,-59,119,-83,27,-90,-13,-118,-6,138,-166,21,-152,170,-45,-489,360,-4,26,97,77,-5,-67,-104,-192,220,-528,386,-111,118,-139,435,89,-170,-98,99,119,-322,183,-40,53,-19,86,84,1,179,-298,74,-107,-103,111,29,-49,-174,71,-41,-116,-245,-57,-176,-190,-200,-67,132,-401,-220,9,60,-254,-84,163,-95,108,-252,412,242,343,-59,15,-251,-667,298,-751,-357,-377,91,-171,-26,-126,12,-12],"lows":[0,-486,691,-553,-168,-126,1045,248,-69,-144,227,-182,295,-5,-471,3,298,178,-83,-114,51,297,122,-113,37,-4,205,-135,139,80,47,85,-37,-276,65,-118,99,-54,-45,85,-55,-153,44,-125,90,-26,112,-95,117,-62,97,-317,-99,91,-308,105,103,190,58,245,103,-217,-201,256,-83,-74,55,31,44,-28,58,-28,280,60,-203,-46,-14,-91,209,-123,-147,-83,101,-73,-392,12,-66,-98,-295,-460,-214,-79,260,-103,37,-127,-196,-119,125,-1,31,-103,80,283,267,96,71,-471,-503,-337,-489,-138,-187,-114,-9,105,-80,98,-152],"closes":[0,-237,-176,-190,-687,1105,-135,433,-235,184,-59,16,13,46,-382,-42,307,149,9,8,-86,307,-68,-113,37,372,-171,144,83,-122,211,82,-111,-384,65,-118,100,-55,105,55,-175,43,-152,-113,196,100,-132,0,443,-128,-258,-265,112,-172,-217,638,-521,341,-62,214,159,-273,-79,295,-244,-74,123,28,197,-76,-112,293,-41,108,-251,25,-85,99,99,-203,-147,169,-151,-60,-405,212,-191,-173,-279,-476,-189,-59,220,-108,162,-252,-129,-91,30,134,52,-163,284,117,467,-92,-75,-471,-503,-337,-489,-138,-101,-200,314,-102,-34,-5,-211],"volumes":[0.00511,0.00622,0.00412,0.00415,0.0028,0.0028,0.00346,0.00358,0.00423,0.002792,0.003689,0.00462,0.00228,0.00333,0.01867,0.00335,0.00313,0.00316,0.003987,0.00281,0.0036,0.00286,0.00391,0.0052,0.005008,0.00379,0.00451,0.00353,0.00234,0.00323,0.005872,0.002049,0.00213,0.00323,0.00597,0.003258,0.00306,0.003522,0.00324,0.00288,0.00357,0.00482,0.00348,0.00385,0.003057,0.00394,0.0028,0.00448,0.00214,0.00234,0.00434,0.002436,0.00544,0.00353,0.00386,0.00291,0.00178,0.00302,0.00305,0.00304,0.00482,0.00388,0.00416,0.003671,0.003151,0.00354,0.02224,0.00398,0.0135,0.00227,0.013211,0.00458,0.00251,0.005582,0.00355,0.003519,0.002046,0.00383,0.00367,0.00399,0.003974,0.0042,0.00345,0.028866,0.00252,0.00365,0.00309,0.00275,0.003218,0.00339,0.00491,0.00313,0.00288,0.00325,0.00359,0.00262,0.00527,0.01437,0.00425,0.00342,0.01912,0.00248,0.00285,0.020839,0.00392,0.00481,0.01475,0.002276,0.013951,0.020533,0.003838,0.00635,0.00362,0.015568,0.00242,0.00435,0.00296,0.005974,0.00525]}