{"timestamp":1270339200000,"multiplier":0.001,"open":1121.625,"high":1122.004,"low":1119.931,"close":1120.007,"shift":60000,"times":[1320,1,1,1,1,1,1,1,1,1,1,1,1,1,1,1,1,1,1,1,1,1,1,1,1,1,1,1,1,1,1,1,1,1,1,1,1,1,1,1,1,1,1,1,1,1,1,1,1,1,1,1,1,1,1,1,1,1,1,1,1,1,1,1,1,1,1,1,1,1,1,1,2,1,1,1,1,1,1,1,1,1,1,1,1,1,1,1,1,1,1,1,1,1,1,1,1,1,1,1,1,1,1,1,1,1,1,1,1,1,1,1,1,1,1,1,1,1,1],"opens":[0,-1841,-910,1308,447,360,473,439,155,313,473,188,315,293,-572,12,-399,-50,-45,68,-32,-199,60,4,124,7,-229,23,-92,-56,306,372,444,82,316,-142,330,-347,290,281,-589,264,132,379,505,270,-203,214,46,13,-48,454,-127,-174,-223,119,-196,-421,-118,587,-155,-186,-7,-304,513,-15,321,-1107,141,-610,-132,353,103,576,-395,-14,-207,22,-211,285,155,645,-429,-133,157,-514,-7,15,25,-26,-994,518,319,-356,888,1034,101,238,128,-507,-511,307,-171,-530,815,-1154,-464,302,-377,-147,-51,-19,82,-151,141,-81,21,-959,449],"highs":[0,-2220,68,1475,-660,737,133,685,107,507,269,219,148,213,-463,-144,-337,-22,1,107,-207,-57,18,4,91,105,-394,92,-158,105,524,432,100,369,204,-382,305,-38,177,120,-332,599,-284,618,240,125,228,-26,548,-447,324,-31,-51,-283,-10,-178,-247,-240,337,-49,165,-284,-229,-80,888,-334,195,-1261,144,-323,-38,93,232,323,-281,-102,-191,35,488,-233,553,64,-482,-129,183,-369,-75,217,76,-386,-298,128,13,172,1433,326,15,29,400,-849,-266,678,-640,316,-178,-1131,450,-635,241,-562,-30,64,34,-46,99,-89,53,-894,165],"lows":[0,-1030,-27,1308,-98,40,1230,324,-600,1287,114,551,226,130,-598,-372,30,51,-50,42,-90,7,-5,-62,-6,210,-338,99,-129,-44,383,426,233,190,258,-258,212,-111,449,-145,-183,234,10,483,213,381,46,99,161,-179,144,-272,401,-300,34,-228,-700,227,-176,499,-107,-345,-179,288,407,-20,-499,-511,177,-516,113,420,-114,-30,103,-82,-130,-29,-84,251,198,-59,223,-310,138,-336,18,-71,31,-713,49,518,-10,-135,853,997,-147,382,-42,-586,-166,323,-480,-192,-93,-588,-185,316,-431,-100,148,-68,86,-271,193,-221,-567,-118,233],"closes":[0,-1001,492,1157,-2,751,62,756,107,507,-28,488,176,-86,-212,-383,-205,-29,159,-158,-35,22,-144,184,-83,41,-248,109,-109,90,565,432,11,426,-155,9,229,-17,221,-311,110,112,162,659,240,-69,83,-41,371,-284,692,-488,31,-88,-195,108,-483,-24,436,-302,-69,97,-675,407,528,40,-946,-164,-170,-516,564,8,317,-13,23,-489,-48,251,-113,359,622,-144,-522,119,-196,10,-75,-98,391,-1135,303,167,-47,334,1440,191,150,-37,70,-986,11,263,-567,797,-1112,-588,639,-508,-154,-205,175,-140,55,19,58,-472,-567,270,188],"volumes":[0.00508,0.00542,0.00469,0.00579,0.00664,0.00522,0.00622,0.00503,0.00938,0.00897,0.0062,0.0059,0.00318,0.00294,0.003277,0.00339,0.00614,0.00402,0.00273,0.00362,0.00381,0.00275,0.0039,0.00327,0.00557,0.002217,0.00402,0.00262,0.00258,0.01638,0.00367,0.00343,0.0072,0.00377,0.00584,0.00359,0.00312,0.00267,0.00325,0.01038,0.00439,0.0028,0.00334,0.00229,0.00381,0.00333,0.00391,0.002317,0.004094,0.00497,0.00361,0.01015,0.00331,0.00517,0.00483,0.00352,0.00296,0.00296,0.00345,0.00506,0.00281,0.003184,0.00309,0.02169,0.01528,0.01615,0.00308,0.00438,0.00411,0.00318,0.00442,0.00323,0.00292,0.00388,0.00416,0.00316,0.0041,0.00439,0.01169,0.00271,0.00484,0.00502,0.00149,0.00642,0.00234,0.00232,0.00294,0.0047,0.00391,0.00276,0.00458,0.00431,0.003483,0.004709,0.00282,0.00431,0.00372,0.00207,0.003911,0.00397,0.00418,0.00311,0.00304,0.003011,0.003741,0.00422,0.003222,0.00263,0.00254,0.002316,0.00403,0.00386,0.00344,0.00224,0.00428,0.00589,0.00415,0.00291,0.00279]}