{"timestamp":1194739200000,"multiplier":1.0E-5,"open":0.85596,"high":0.85596,"low":0.85559,"close":0.85567,"shift":60000,"times":[1320,1,1,1,1,1,1,1,1,1,1,1,1,1,1,1,1,1,1,1,1,1,1,1,1,1,1,1,1,1,1,1,1,1,1,1,1,1,1,1,1,1,1,1,1,1,1,1,1,1,1,1,1,1,1,1,1,1,1,1,1,1,1,1,1,1,1,1,1,1,1,1,1,1,1,1,1,1,1,1,1,1,1,1,1,1,1,1,1,1,1,1,1,1,1,1,1,1,1,1,1,1,1,1,1,1,1,1,1,1,1,1,1,1,1,1,1,1,1,1],"opens":[0,-34,-23,-86,430,-447,-44,94,-7,15,7,41,-26,4,6,-46,-30,-74,-16,12,-20,13,-45,-20,25,30,5,50,26,31,1,34,6,8,-15,-13,33,5,-27,30,58,-21,-38,-1,2,-9,-3,-22,55,52,51,-63,27,-27,-31,14,20,-4,-4,7,58,-2,-6,29,-30,10,-12,-9,-5,56,10,-22,2,7,17,-16,-70,-36,11,12,-18,-78,-24,-11,-20,25,46,2,9,28,21,54,-51,-35,-25,5,18,1,-21,21,-1,-47,18,24,39,30,10,43,15,2,-17,-39,2,-65,-2,14,1,24,55,13],"highs":[0,-23,-34,112,305,-520,49,3,-4,33,25,0,-20,8,-4,-46,-28,-76,-3,-1,-7,0,-37,-5,36,-2,35,34,77,-36,25,19,8,22,-40,12,16,-3,-6,59,28,-41,-30,-9,9,-12,-7,19,54,65,-1,-33,-4,-27,-26,31,3,-3,-8,60,11,-10,22,1,-12,-8,-12,-9,37,30,-6,-15,0,21,-2,-16,-70,-29,19,-3,-18,-78,-24,-11,-9,57,3,10,24,15,70,-5,-51,-35,-20,16,13,-10,-11,17,-7,-36,22,35,36,10,41,22,4,7,-24,-37,0,-63,3,20,2,63,18,12],"lows":[0,-14,-77,-24,33,-96,11,74,9,19,7,14,-5,10,-36,-24,-63,-39,2,-10,-7,-23,-22,2,25,25,10,46,30,-2,34,23,17,2,-22,-5,38,-18,-6,32,57,-75,9,-2,-4,2,-30,9,47,60,-11,-1,1,-28,-4,14,10,6,-10,13,58,-23,15,-1,0,-1,-5,-15,5,56,-9,-4,3,7,7,-40,-69,-8,16,4,-81,-23,-20,-31,-3,40,36,12,9,28,21,18,-43,-27,-11,11,18,-18,-9,25,-35,-19,27,24,39,28,12,43,10,4,-57,-4,-43,-17,-1,18,1,24,55,13],"closes":[0,-21,-78,183,-174,-94,102,-5,3,17,42,-27,7,-2,-36,-24,-63,-37,13,-23,15,-45,-22,25,36,-5,38,31,57,-27,39,19,2,-3,-22,25,16,-26,17,59,7,-64,5,-1,-12,9,-37,50,54,65,-64,30,-25,-33,-1,33,-11,10,-15,68,6,-16,33,-29,11,-12,-5,-13,45,30,-25,4,0,21,-12,-40,-69,4,19,-10,-82,-23,-20,-20,12,57,0,10,27,15,70,-41,-43,-27,0,16,4,-20,8,12,-39,1,22,35,36,10,41,20,6,-3,-53,1,-52,-10,3,11,10,64,14,16],"volumes":[0.582917,0.313027,0.429482,0.2325,2.532949,1.697069,0.606012,0.485021,1.226872,0.241956,3.952014,0.26001,2.295871,0.287778,4.326036,0.63147,2.394792,2.205861,0.546922,3.001376,0.438765,0.23387,6.971676,0.139088,0.371024,0.764532,2.17447,0.509178,1.235721,3.281106,0.129712,3.320085,4.826464,3.780305,1.404844,0.296276,4.499516,0.202413,0.501218,0.4059,0.247124,0.735888,2.390393,0.184837,0.454397,0.486066,0.49203,1.912353,0.448217,0.381802,3.725292,0.439365,0.819285,0.342987,8.115967,0.230069,0.390168,0.180157,3.472146,2.458734,0.696213,0.481627,0.229037,0.272728,1.843238,0.287623,0.752779,2.373144,1.850222,0.571576,0.380383,2.477107,2.080667,4.090013,0.252058,2.755773,0.292037,2.605899,2.730739,4.753782,2.3903,0.609759,2.199751,0.356138,0.2176,5.069901,0.176336,0.375066,1.051707,2.180796,0.408185,1.515109,4.057782,0.290377,3.818132,3.400023,3.741378,1.385654,0.274678,0.37408,0.19162,0.324072,0.45097,0.233464,0.595669,0.341664,4.843607,0.469682,0.414112,2.72544,2.351219,0.49559,0.477817,3.360972,2.403822,0.763679,0.545531,0.214019,1.799498,2.280603]}