{"timestamp":1196380800000,"multiplier":1.0E-5,"open":0.88657,"high":0.88667,"low":0.88641,"close":0.88667,"shift":60000,"times":[0,1,1,1,1,1,1,1,1,1,1,1,1,1,1,1,1,1,1,1,1,1,1,1,1,1,1,1,1,1,1,1,1,1,1,1,1,1,1,1,1,1,1,1,1,1,1,1,1,1,1,1,1,1,1,1,1,1,1,1,1,1,1,1,1,1,1,1,1,1,1,1,1,1,1,1,1,1,1,1,1,1,1,1,1,1,1,1,1,1,1,1,1,2,1,1,1,2,1,1,1,1,1,1,1,1,1,1,2,1,1,1,1,1,1,1,2,1,1,1,1,1,1,1,1,1,1,1,1,1,1,1,1,1,1,1,1,1,1,1,1,1,1,1,1,1,1,1,1,1,1,1,1,1,1,1,1,1,1,1,1,1,1,1,1,1,1,1,1,1,1,1,1,1,1,1,1,1,1,1,1,1,1,1,1,1,1,1,2,1,1,1,1,1,1,1,1,1,1,1,1,1,1,1,1,1,1,1,1,1,1,1,1,2,1,1,1,2,1,1,1,3,1,1,1,1,1,1,1,1,1,1,1,1,1,1,2,1,1,2,1,1,1,2,1,1,1,1,1,1,1,1,1,1,1,1,1,1,1,1,1,1,1,1,1,1,1,1,1,1,1,1,1,1,1,1,1,1,1,1,1,1,1,1,1,1,1,1,1,1,1,1,1,1,1,1,1,1,1,2,1,1,1,1,1,1,1,1,1,1,1,1,1,1,1,1,1,1,1,1,1,1,1,1,1,1,1,1,1,1,1,1,1,1,1,2,1,1,1,1,1,1,1,1,1,1,1,2,1,2,1,1,2,2,1,1,1,2,1,1,1,1,1,1,3,2,1,1,1,1,1,1,1,1,1,1,1,1,1,1,1,1,1,1,1,1,2,2,1,1,1,1,2,1,1,1,1,1,1,1,1,1,1,1,1,1,1,1,1,1,1,2,3,1,1,1,1,1,1,1,1,1,1,1,1,1,1,1,1,1,1,1,1,1,1,1,1,1,1,1,1,1,1,1,1,1,1,1,1,1,1,1,1,1,2,1,1,1,2,1,1,1,3,1,1,1,1,1,1,1,1,1,1,1,1,1,1,1,1,1,1,1,1,1,1,1,1,1,1,1,1,2,1,1,1,1,1,1,1,1,1,1,1,1,1,1,1,1,1,1,1,1,1,1,1,1,1,1,1,1,1,1,1,1,1,1,1,1,1,1,1,1,1,2,1,1,1,1,1,2,1,1,1,1,1,1,1,1,1,1,1,1,1,1,1,1,1,1,1,1,1,1,1,1,1,1,1,1,1,1,1,1,1,1,1,1,1,1,1,1,1,1,1,1,1,1,1,1,1,1,1,1,1,1,1,1,1,1,1,1,1,1,1,1,1,1,1,1,1,1,1,1,1,1,1,1,1,1,1,1,1,1,1,1,1,1,1,1,1,1,1,1,1,1,1,1,1,1,1,1,1,1,1,1,1,1,1,1,1,1,1,1,1,1,1,1,1,1,1,1,1,1,1,1,1,1,1,1,1,1,1,1,1,1,1,1,1,1,1,1,1,1,1,1,1,1,1,1,1,1,1,1,1,1,1,1,1,1,1,1,1,1,1,1,1,1,1,1,1,1,1,1,1,1,1,1,1,1,1,1,1,1,1,1,1,1,1,1,1,1,1,1,1,1,1,1,1,1,1,1,1,1,1,1,1,1,1,1,1,1,2,1,1,1,1,1,1,1,1,1,1,1,1,1,1,1,1,1,1,1,1,1,1,1,1,1,1,1,1,1,1,1,1,1,1,1,1,1,1,1,1,1,1,1,1,1,1,1,1,1,1,1,1,1,1,1,1,1,1,1,1,1,1,1,1,1,1,1,1,1,1,2,1,1,1,1,1,1,1,1,1,1,1,1,1,1,2,1,1,1,1,1,1,5,1,1,1,1,1,1,1,1,1,1,1,1,1,1,1,1,1,1,1,1,1,1,1,3,1,1,1,1,1,1,1,1,2,1,1,2,3,1,1,2,1,2,1,1,1,1,1,1,1,1,1,1,1,1,1,1,1,1,4,2,1,1],"opens":[0,20,1,20,-91,70,-14,-16,-19,-30,39,-20,10,-35,-15,-9,-38,-43,7,-33,6,50,-20,-18,-12,20,10,-10,10,20,0,0,30,30,0,6,44,-10,10,0,-20,-40,-50,-10,-20,10,-28,-2,10,-30,20,20,20,0,-20,-17,58,49,20,-20,17,30,-7,-10,-34,-25,-66,-25,2,-6,44,10,20,-9,29,10,20,-10,-50,20,10,-20,30,30,-20,0,10,-9,11,-7,-15,-6,6,-19,-1,20,20,-5,15,-70,20,1,-21,10,20,20,-20,-10,-10,30,10,-10,-19,-11,-10,-10,-10,0,20,5,-15,-26,-6,-12,54,-27,8,1,-4,2,20,-5,5,15,31,54,41,-4,12,-3,32,-26,-18,6,12,38,0,9,-2,-1,-5,-6,-24,-41,-23,22,51,-14,-38,27,8,17,13,-23,-4,-24,13,10,-15,10,5,-12,-13,-20,4,16,30,20,-13,15,-19,17,3,8,19,40,-60,42,0,-1,-11,5,-15,-12,-18,10,-3,10,-12,-28,-13,-94,32,8,0,-10,-5,15,50,31,-21,-11,11,-9,-1,10,-9,-21,10,-9,0,19,10,-10,22,18,-5,20,10,2,3,-49,-1,1,19,10,0,11,-1,-59,9,-20,-9,19,1,43,56,-9,-17,-20,6,-5,5,-5,0,10,15,20,-8,21,19,-10,28,-1,1,-48,13,-10,-5,-14,-22,-24,5,5,12,10,23,-10,0,-20,-4,14,-2,-1,24,23,6,32,-22,65,10,0,-40,-10,-8,-12,10,8,2,-19,-1,74,29,-53,35,-5,-10,0,0,-32,-6,-13,1,-30,-10,-15,5,10,22,13,-10,-25,5,-5,10,-11,-20,21,-19,-6,5,-35,-13,-2,1,-3,-34,50,6,30,-4,-6,-15,0,8,7,0,10,-7,-16,3,10,-13,-8,-6,-13,20,3,-6,-10,3,-15,-2,-13,10,10,20,5,-4,0,0,1,-2,2,-2,-10,-16,-7,14,19,-10,-1,11,0,-15,-14,-1,-10,-13,10,3,-10,-4,-26,-27,-58,10,10,15,10,-3,3,5,15,0,10,10,1,-11,2,28,3,8,64,-13,8,10,20,0,0,11,19,-20,10,30,-5,-7,15,-28,0,-5,-5,-6,48,-22,-10,-33,-2,3,-6,-15,11,2,10,10,-20,0,10,-13,12,26,-40,-54,19,8,17,23,-15,-33,15,22,-12,-15,-25,-15,5,20,10,2,18,20,-7,14,18,36,-20,1,-2,-5,28,-9,-49,-30,3,-76,-22,25,-2,30,37,2,-12,-10,30,25,25,-5,5,10,30,5,-4,-6,-9,2,-8,-15,30,-6,-16,-23,2,-6,46,28,2,-12,-1,-9,-29,-8,7,-10,-5,17,55,-7,-10,-23,-7,0,0,-8,-12,0,-5,-5,10,10,0,20,30,2,14,-46,-10,30,-28,-10,-22,-9,9,-30,-2,77,-25,10,-30,-3,15,28,20,16,4,0,-20,40,40,-14,-54,-36,19,0,-17,-13,20,-65,-3,28,-10,-12,-38,-20,-25,50,-64,-6,-9,-27,8,16,-8,1,-70,61,5,12,6,5,-12,30,-18,-35,-15,31,-11,-47,27,-19,-40,14,-109,-12,-25,-29,39,24,77,-94,-24,20,42,-53,-51,70,-5,50,-14,9,40,-18,-4,-38,5,5,63,-46,-2,11,-25,-30,40,-6,-5,43,7,37,18,-13,-22,-18,48,-8,43,-3,-22,72,-5,-55,8,2,-12,9,-19,0,-25,-4,9,10,0,-57,-33,52,28,-10,1,24,-27,-32,2,-15,13,-16,0,-29,9,-5,45,-2,-1,-4,-44,-29,-50,20,-17,-23,10,30,-5,0,5,-15,-35,-36,6,-25,15,32,-9,-13,-30,10,-10,-20,-30,-20,1,-31,-25,55,7,-35,28,20,10,-9,-9,8,20,-10,-19,19,20,-6,-14,10,-9,9,-20,-10,3,37,10,20,30,25,10,-36,-81,12,-20,0,-28,-22,31,-21,-10,20,30,8,-21,-6,13,-4,-18,8,-15,5,-7,-7,6,8,50,8,-17,1,8,-10,10,-18,9,11,58,10,-5,-5,-20,5,-2,2,-5,2,-2,-8,0,-18,-5,-1,-48,0,10,-9,0,-51,0,-29,-31,0,5,12,3,0,2,5,-7,4,11,5,10,0,-19,1,8,2,-10,8,-9,-9,38,-20,-10,0,10,-9,-11,7,-7,0,-8,8,0,-10,0,-10,10,10,-20,-5,-30,5,0,0,-7,10,77,-20,35,30,-45,30,-3,-25,-2,-25,-5,5,1,4,-9,29,20,27,10,-6,-1,12,8,1,-1,20,-8,8,-10,-15,-6,-9,-10,0,-30,10,2,38,30,20,3,-25,10,-5,-8,-21,6,10,-10,20,12],"highs":[0,20,20,-9,-31,10,0,-20,-29,-1,10,-10,0,-35,-15,0,-40,-10,-30,-30,40,10,-20,-18,-2,20,10,0,0,10,10,30,40,-10,20,10,20,-20,10,0,-10,-50,-50,0,-30,10,-20,10,0,-30,40,0,10,0,-10,40,50,0,30,-10,30,-10,10,-30,-34,-6,-80,-10,-18,38,10,10,32,-12,20,30,0,-20,-40,10,10,30,20,-10,-20,10,0,10,-7,-3,-10,-10,10,-10,0,20,0,0,10,-70,30,-9,-1,0,10,20,-20,-10,0,30,0,-10,-10,-10,-20,-10,0,20,-10,5,-15,-20,0,20,10,-20,7,1,-10,12,10,4,16,27,56,41,25,-5,-10,31,-2,-29,-19,26,39,8,-6,8,-10,7,-16,-5,-25,-41,7,53,20,-34,9,-23,29,19,-15,-25,-4,-16,18,7,30,-37,3,9,-40,0,30,-10,20,30,-10,0,-8,11,-3,30,30,0,0,0,-7,-12,9,-10,-20,-10,-16,16,0,0,-15,-15,-26,-24,-30,10,-10,-10,0,53,77,-39,-21,-10,10,2,-2,0,-9,-21,10,0,0,20,0,10,10,20,7,13,-2,12,0,-59,0,37,-8,0,11,9,-10,-50,0,-10,-10,20,40,30,40,-20,-20,-20,0,10,0,-10,1,9,20,10,20,30,10,0,0,-11,31,-40,-20,-10,-10,-14,-22,-14,0,11,19,20,-5,-5,-5,-15,5,5,0,17,29,5,24,2,33,10,30,-10,-50,0,-10,0,20,-10,0,-29,81,28,20,-20,-10,-20,10,0,0,-37,-5,-28,0,-10,-30,-10,12,18,20,-5,-10,-15,-5,-5,10,-11,-9,10,-10,0,-10,-30,0,-10,-8,-4,14,20,21,7,-10,10,-30,10,10,0,0,0,10,-30,0,12,-15,-7,0,-8,8,3,-3,-8,-2,-10,0,-20,10,22,18,0,0,0,0,0,-8,8,0,-10,-20,0,20,0,0,-11,11,0,-10,-19,-1,-10,10,0,-10,-7,-7,-26,-10,-40,-10,0,30,-10,10,0,0,20,0,0,20,0,-10,10,10,20,60,0,0,10,0,10,10,20,0,10,-30,22,18,-5,15,-7,-23,0,0,-10,43,-3,-25,-10,-33,-2,10,-13,-5,8,10,20,-10,-20,10,0,2,28,0,-50,-30,11,9,30,-7,-13,-10,34,-22,-12,-15,5,-40,10,10,10,10,20,20,-10,42,28,-8,-12,-8,-2,20,10,-10,-48,-22,-12,-76,8,20,3,27,20,0,-10,0,30,40,10,0,0,10,50,-30,-4,-6,-10,0,-10,25,-10,-6,-9,-20,-8,48,30,-8,0,-2,-10,-10,-29,9,0,-20,20,50,20,-20,-20,-10,-10,0,-10,-8,-2,-10,30,-10,-20,10,0,40,10,20,0,-40,20,-10,0,-20,-27,-22,9,-10,60,10,-30,0,-30,10,20,20,20,46,-26,0,9,41,30,-44,-46,-20,10,-10,-10,0,-5,-53,8,20,-20,-17,-33,-20,20,0,-64,4,-10,-10,10,0,-20,10,-20,10,6,29,-15,0,30,-10,0,-40,20,-10,-20,-20,10,-10,-40,0,-100,-10,-40,10,30,64,16,-100,1,49,-10,-50,0,20,40,0,-10,80,-40,10,-30,-20,-10,68,2,-40,1,-5,-5,-11,10,1,19,21,29,30,-10,0,-40,40,-10,32,8,-5,45,10,-10,-30,-18,0,8,-10,-20,10,-20,0,-10,10,0,-50,10,30,0,-6,76,-55,-25,-20,-12,2,-4,1,-7,-39,29,10,10,0,0,-7,-44,-29,-18,-12,-17,-13,30,0,-4,-1,5,-10,-30,-40,7,-27,40,5,-12,-13,-30,10,0,-30,-30,-10,-9,-21,10,20,-3,-27,40,20,0,-19,9,10,0,-10,-10,20,20,-16,-14,10,-9,9,-10,-20,30,40,-20,40,40,10,0,-41,-79,10,-20,0,-28,48,-30,-30,10,30,10,10,-20,10,-16,-4,-10,0,-15,5,0,0,0,53,8,-3,-7,-3,3,-11,10,0,20,32,38,-20,-5,-5,-18,8,0,10,-18,8,-10,0,-8,-12,0,-12,-48,30,-10,-17,-2,-51,0,-20,-40,0,30,-10,0,0,10,0,10,-10,5,15,0,2,-21,19,1,-6,-5,0,-9,-1,30,0,-20,-10,10,-9,-1,7,-7,-10,10,-10,0,0,-10,-10,20,0,-20,-5,-15,10,-10,-10,10,60,10,20,50,0,-40,5,-8,-25,-2,-20,0,10,-10,0,30,0,40,10,0,-9,38,-27,8,2,8,20,-18,8,-10,-10,-11,1,-10,0,-40,20,28,12,75,-22,0,-20,-5,-5,-3,-10,-10,10,0,25,35],