{"timestamp":1665273600000,"multiplier":0.001,"open":1695.464,"high":1695.964,"low":1695.464,"close":1695.964,"shift":60000,"times":[1323,1,1,1,1,1,1,1,1,1,1,1,1,1,1,1,1,1,1,1,1,1,1,1,1,1,1,1,1,1,1,1,1,1,1,1,1,1,1,1,1,1,1,1,1,1,1,1,1,1,1,1,1,1,1,1,1,1,1,1,1,1,1,1,1,1,1,1,1,1,1,1,1,1,1,1,1,1,1,1,1,1,1,1,1,1,1,1,1,1,1,1,1,1,1,1,1,1,1,1,1,1,1,1,1,1,1,1,1,1,1,1,1,1,1,1,1],"opens":[0,457,243,-100,1307,-107,484,916,584,16,-816,416,284,-175,-490,-260,-39,-131,360,30,-69,-210,-271,-419,-20,310,60,530,-440,100,160,-310,1000,640,204,-95,-519,-246,166,214,106,-390,-800,260,30,160,0,10,-310,-170,-220,-20,-210,-300,80,280,-210,-180,-20,190,170,-170,110,-120,210,-320,340,90,70,-120,-160,1,129,-210,290,10,90,-10,0,-60,60,-360,-20,90,-100,10,-110,-46,-510,-144,214,-14,20,0,-290,-506,206,240,-270,-20,0,0,80,160,80,30,120,-80,-310,-9,-591,207,357,370,-30,-144,54],"highs":[0,600,-200,1100,400,-100,1000,500,100,-100,-200,0,100,-141,-470,-219,-141,355,0,-105,-40,-200,-300,-239,240,10,480,-20,-280,220,-100,610,680,199,11,-93,-427,-180,244,186,-110,-300,-610,10,170,190,-110,-60,-330,-120,-270,0,-230,-210,270,0,-210,-100,190,90,10,14,-14,20,64,-64,160,250,-250,-120,0,50,100,100,0,-100,100,-100,10,80,-100,-190,0,0,-10,-90,-100,-86,-400,-94,280,-256,0,-24,-290,-190,210,-80,-210,20,90,100,-10,50,190,40,20,-190,-196,-44,10,-116,470,-10,10,-154,14],"lows":[0,427,150,23,1184,-100,600,800,600,-800,100,405,100,-470,-280,-10,-219,9,400,-10,-220,-330,-380,-65,76,300,50,60,-100,220,-170,50,940,630,-21,-400,-205,-95,301,210,-280,-851,51,160,130,160,-10,-360,-140,-190,-346,136,-330,10,50,-30,-50,-80,70,-10,100,0,90,0,-110,-100,400,130,-50,-270,110,1,-81,0,290,-130,220,-190,100,10,-306,-204,200,0,0,-200,10,-516,-240,80,176,10,34,-224,-436,-70,106,20,-200,130,0,100,80,60,120,90,-60,-356,100,-554,-9,176,380,333,-133,-3,-130],"closes":[0,200,-53,1260,-107,400,1000,600,0,-800,400,200,-61,-520,-240,-50,-50,290,100,-140,-210,-299,-410,-16,366,0,550,-460,60,190,-300,960,680,140,-31,-519,-226,146,244,76,-390,-800,250,10,190,10,10,-320,-200,-200,-10,-180,-330,90,270,-230,-150,-6,166,190,-190,110,-120,180,-290,330,90,120,-150,-170,20,90,-190,300,0,90,-10,10,-100,90,-290,-100,100,-100,0,-160,14,-560,-100,180,26,20,0,-290,-406,106,240,-320,30,0,0,80,160,90,20,120,-80,-330,11,-591,214,300,490,-117,-100,12,-15],"volumes":[0.00835,0.0139,0.00732,0.00708,0.00887,0.0046,0.01449,0.01316,0.01084,0.00606,0.00612,0.00264,0.00288,0.00513,0.00394,0.00418,0.00683,0.00615,0.00263,0.00222,0.00263,0.00813,0.00554,0.01136,0.01428,0.00612,0.0076,0.00882,0.00882,0.00554,0.00948,0.01036,0.01103,0.00766,0.00918,0.00806,0.00916,0.01278,0.0074,0.0032,0.00458,0.00474,0.00742,0.00462,0.00858,0.00546,0.00378,0.00666,0.00726,0.00552,0.00648,0.00636,0.00474,0.00384,0.0054,0.0096,0.00576,0.00552,0.01098,0.01036,0.009,0.00473,0.00546,0.00582,0.0059,0.00696,0.0078,0.0084,0.00432,0.00588,0.00386,0.00568,0.0069,0.0052,0.0045,0.00306,0.00354,0.006,0.00246,0.0021,0.00612,0.00654,0.00732,0.00402,0.00306,0.00624,0.00474,0.0138,0.0215,0.01092,0.00936,0.00592,0.00216,0.00516,0.0088,0.00456,0.0082,0.00528,0.00762,0.00456,0.0078,0.0051,0.0051,0.00486,0.01038,0.00588,0.00444,0.006,0.0056,0.00994,0.02206,0.00651,0.01218,0.00624,0.00753,0.00658,0.00836]}