{"timestamp":1533427200000,"multiplier":1.0E-5,"open":0.96119,"high":0.96119,"low":0.96119,"close":0.96119,"shift":60000,"times":[1260,2,1,1,1,3,1,1,1,1,1,2,2,1,1,2,1,1,1,1,2,3,2,1,1,1,1,1,1,1,1,1,1,1,2,2,1,1,1,1,1,1,1,1,1,1,1,1,1,1,1,2,1,1,1,1,1,1,1,1,1,1,1,1,1,1,1,1,1,1,1,1,1,1,1,1,1,1,1,1,1,1,1,1,1,1,1,1,1,1,1,1,1,1,1,1,1,1,1,1,1,1,1,1,1,1,1,1,1,1,1,1,1,1,1,1,1,1,1,1,1,1,1,1,1,1,1,1,1,1,1,1,1,1,1,1,1,1,1,1,1,1,1,1,1,1,1,1,1,1,1,1,1,1,1,1,1,1,1,1,1,1,1,1,1,1,1],"opens":[0,-5,0,-1,1,-21,1,-15,24,1,-1,1,-1,1,-10,4,1,-5,-1,10,1,-1,-22,24,0,1,-1,-8,4,-3,-1,2,16,3,-9,5,-10,0,-1,1,-1,0,0,1,0,0,0,0,-1,11,-6,0,2,9,28,-3,-5,10,25,0,14,20,-8,-16,0,36,-2,-2,7,7,7,6,5,36,-26,21,-6,0,-10,-14,-5,-16,5,-13,-1,-1,1,0,-13,-5,-1,-1,6,5,0,-3,0,1,-18,1,17,2,-14,15,-2,10,-1,-4,-8,13,-1,0,1,0,4,1,-1,2,1,-1,10,-15,7,2,10,-4,1,-7,-8,4,9,1,6,1,1,-6,-16,3,-4,3,-3,-11,6,5,0,-4,8,7,-1,2,1,-8,-2,1,-2,15,1,4,0,-8,0,-1,5,-1,-2,-7,-2],"highs":[0,-5,0,-1,7,-27,1,10,-1,1,-1,1,-1,1,-5,-1,1,-5,10,-1,1,-1,4,1,-3,1,27,-35,3,-3,0,16,4,1,-6,1,-10,0,0,0,0,-1,1,0,0,0,10,5,-1,1,-5,-6,15,24,7,-10,5,37,-7,10,20,0,-9,-15,38,1,3,-4,8,10,2,6,56,-21,-5,0,-1,1,-16,-10,-9,-5,-5,-14,-1,0,0,5,-15,-8,-1,4,6,1,-1,-2,1,0,-12,8,9,-4,2,-1,12,-2,-2,0,5,-1,-1,-3,5,0,1,3,6,-5,5,1,0,-10,9,8,0,-3,-3,-5,-5,13,-3,6,2,0,-1,-3,-16,1,-1,-1,0,-5,5,-2,1,5,3,3,1,-1,4,-11,-2,2,12,8,-4,2,0,-8,-2,3,1,-1,-1,-5,-5],"lows":[0,-5,0,-1,-19,-1,1,-15,24,1,-1,1,-1,1,-10,4,1,-5,-1,10,1,-11,-55,63,4,-1,-10,3,4,-3,-1,2,16,-4,-2,-1,-10,1,4,0,0,0,0,0,1,0,-1,0,-4,9,0,0,2,6,19,3,1,9,25,0,15,12,-12,-5,0,31,2,-3,8,8,8,4,7,1,9,15,0,-10,-20,-5,-15,5,-13,-5,8,0,1,-13,-8,1,-3,3,6,0,0,2,0,-18,1,1,16,-14,3,12,-4,9,-1,-10,4,11,1,0,0,1,1,-4,6,-3,5,0,-8,-2,7,4,9,-4,-2,-9,2,4,9,0,4,3,-13,-8,-2,1,-1,1,-10,0,2,9,-3,-1,7,7,0,-1,-5,-1,-1,0,0,14,-3,8,-7,-3,0,-1,5,-1,-14,5,-12],"closes":[0,-5,0,-1,-19,-1,1,10,-1,1,-1,1,-1,1,-5,-1,1,-5,10,-1,1,-10,10,-3,4,-1,-10,4,3,-3,-1,17,3,-4,0,-5,-4,-1,1,-1,1,-1,1,-1,1,0,0,-1,11,-6,1,-1,7,29,4,-4,5,24,0,16,19,-8,-12,-3,35,-2,-1,6,7,7,6,3,43,-33,23,-5,0,-11,-19,-1,-15,11,-19,-1,-1,1,0,-12,-7,0,-1,5,6,1,-6,3,1,-19,0,15,5,-16,16,-2,11,-1,-5,-3,13,-4,0,-1,1,4,1,0,1,-3,2,11,-16,5,4,11,-4,1,-8,-7,5,8,2,6,2,0,-8,-15,3,-4,1,-1,-11,6,6,-1,-3,6,7,1,2,0,-7,-3,1,-1,13,2,4,0,-8,-1,0,3,1,-3,-6,-2,-13],"volumes":[0.75,0.75,1.5,3.0,14.75,1.0,1.0,7.28,1.0,1.0,1.0,1.0,1.0,1.0,3.0,1.0,1.0,1.0,3.0,1.0,1.0,4.0,22.33,6.87,6.85,4.37,18.1,3.61,1.0,2.24,5.6,7.24,4.75,9.75,10.36,4.87,4.0,9.0,5.0,2.0,2.0,4.0,8.0,4.0,1.0,7.0,25.5,12.25,29.23,15.0,26.61,1.0,25.5,103.54,41.74,27.63,21.96,84.09,18.0,26.5,33.62,25.5,26.24,7.75,52.49,39.05,19.49,24.95,12.0,18.0,11.0,17.0,61.73,85.46,39.82,8.0,11.99,40.96,17.62,18.37,27.49,31.5,41.87,39.36,4.0,6.0,9.25,46.75,30.12,11.5,10.0,19.25,30.5,23.75,8.5,5.0,5.0,55.98,18.62,23.75,10.5,39.99,40.74,13.12,62.59,50.34,35.73,93.86,27.12,18.0,37.0,11.0,28.5,43.36,43.87,82.11,58.5,43.0,37.5,35.25,78.62,43.5,50.37,57.74,56.87,46.75,47.0,37.75,9.25,40.87,13.75,22.0,36.0,11.0,58.75,66.75,18.25,35.5,22.25,19.75,34.75,16.25,24.71,15.04,24.75,15.5,16.5,25.0,12.5,15.0,21.5,29.5,44.25,33.62,29.75,27.75,26.0,11.5,16.25,20.75,22.36,44.75,11.25,17.75,66.87,34.75,26.5]}