{"timestamp":1535241600000,"multiplier":0.001,"open":12413.78,"high":12417.279,"low":12413.78,"close":12417.279,"shift":60000,"times":[1322,1,1,1,2,1,1,1,1,1,1,1,1,1,1,5,1,1,1,1,1,1,1,1,5,3,2,2,8,2,2,1,2,1,2,6,3,4,5,3,5,6,1,1,3,1,2,3,1,2,1,2,1,2,5],"opens":[0,3499,-2299,-600,1700,1199,1101,-1,2201,1099,-2300,0,1200,0,0,0,0,1101,1200,2299,-1199,0,0,-1,1,1200,-1,-1199,0,1199,0,1,-1200,-600,599,1,0,0,-1101,0,-1999,1099,1201,2300,1100,-1,2301,0,1199,0,-2300,0,1100,1200,0],"highs":[0,1,-2300,0,2300,0,2300,-200,3500,-1200,-2300,-1,1201,0,-1,0,1,1100,3500,-1,-1199,0,0,0,0,1200,-1,-1199,0,1199,1,0,-1200,-600,600,0,0,0,-1101,0,-1999,1100,2300,5800,-3500,2300,0,0,1199,0,-2299,-1,1100,1200,1],"lows":[0,1200,-2301,1701,1700,1199,1101,-1101,3301,-1200,-2300,2299,0,1,1199,-1199,1199,1101,0,1200,-1,1,1100,-1101,1101,1200,-1200,-1100,1100,1199,-1199,0,-1100,0,1099,-1099,0,0,-1,-1999,-1200,2299,1201,2300,0,1099,1201,1100,1199,-2299,-1200,1199,1100,1,-1],"closes":[0,-2299,-1200,1200,1100,1200,1100,1000,2299,-2299,-1100,1099,1201,-1200,1199,-1199,1200,1100,3500,-2300,1100,-1100,1100,-1101,1101,1200,-1200,-1100,1100,1199,1,-1200,-600,-500,1100,-1100,0,0,-1,-1999,-1,1101,2300,2300,-1100,2300,0,1100,1199,-2299,-1200,1199,1100,1,-1],"volumes":[0.00596,0.00696,0.00918,0.00211,0.00222,7.4E-4,0.00285,0.00348,0.00507,0.01255,0.00881,0.00137,0.00285,0.00285,0.00137,7.4E-4,7.4E-4,7.4E-4,0.00396,0.00211,0.01129,7.4E-4,7.4E-4,0.00285,7.4E-4,7.4E-4,7.4E-4,7.4E-4,0.00137,0.00137,0.00359,0.00137,0.00359,7.4E-4,7.4E-4,0.00359,0.0057,0.00211,4.9E-4,0.00137,0.00211,7.4E-4,0.00211,0.01403,0.00137,0.00585,0.00148,0.00137,0.00137,0.00211,0.00285,0.00137,0.00137,0.00211,0.00422]}