{"timestamp":1533427200000,"multiplier":0.001,"open":22563.469,"high":22563.469,"low":22563.469,"close":22563.469,"shift":60000,"times":[1380,1,5,8,1,1,2,1,1,1,1,1,4,1,1,1,1,3,2,1,3,2,1,1,1,1,2,1,1,1,1,1,2,1,1,1,1],"opens":[0,11281,-6280,-1501,5001,10000,-3501,-1500,8000,-1499,-1501,3000,5000,-2999,-3501,-3500,-9999,-1501,1,4999,6501,0,-6501,-3500,-10000,-1499,-5000,-8501,0,-12999,5000,5000,-2001,2001,-1,-1999,8500],"highs":[0,11500,-6499,1500,14999,-2999,-3501,1501,4999,1,-3000,2999,5001,-3000,-2001,0,-12999,-2001,0,5001,9999,-4999,-6501,-3499,-5001,-6499,-5000,-8500,-1,-8000,3001,2000,-1,1,3000,5000,0],"lows":[0,6500,-1499,-1501,5001,8000,-5000,1999,8000,-5000,0,5000,1,-1,-5000,-5000,-5000,-1500,-1499,2999,10001,-5001,-5000,-4999,-8000,-2001,-15000,0,-10000,1,4999,5000,0,0,0,1,5000],"closes":[0,6500,-1499,1500,10000,0,-5000,5000,4999,-5000,2001,2999,1,0,-3001,-7000,-5000,0,0,5001,5000,-5001,-5000,-4999,-5000,-5001,-13000,-2000,-9999,4999,5001,2000,-2001,0,3501,6499,-4999],"volumes":[2.5E-4,0.00417,2.5E-4,0.00278,0.01276,0.00278,0.00164,0.00278,0.00278,0.00884,0.00417,0.00139,0.00581,0.00556,0.0144,0.01465,0.00695,0.00164,0.00656,0.00303,0.01112,0.00278,0.00164,0.00695,0.02071,0.00442,0.02249,0.02641,0.01718,0.01251,0.00556,0.01251,0.00695,0.00834,0.01629,0.01932,0.00959]}