{"timestamp":1758412800000,"multiplier":1.0E-5,"open":1.34597,"high":1.34606,"low":1.34597,"close":1.34606,"shift":60000,"times":[1264,1,1,1,3,1,2,1,1,1,1,1,1,1,1,1,1,1,2,1,2,1,1,1,1,1,1,1,1,1,1,1,1,1,1,1,1,1,1,1,1,1,1,1,1,1,1,1,1,1,1,1,1,1,1,1,1,1,1,1,1,1,1,1,1,1,1,1,1,1,1,1,1,1,1,1,1,1,1,1,1,1,1,1,1,1,1,1,1,1,1,1,1,1,1,1,1,1,1,1,1,1,1,1,2,1,1,1,1,1,1,1,1,1,1,1,1,1,1,1,1,1,1,1,1,1,1,1,1,1,1,1,1,3,1,1,1,1,1,1,1,1,1,1,2,1,1,1,1,1,1,1,1,1,1,1,1,1,1,1,1,1,1,1,1,1,1],"opens":[0,23,-2,0,-1,0,-2,-14,0,12,3,0,-2,0,-5,0,0,1,0,0,0,3,2,1,9,-1,1,1,-3,1,3,3,2,0,0,22,-1,-5,-4,3,2,-3,4,1,-9,2,21,-35,-7,6,-1,0,68,17,-19,1,0,0,4,-1,3,6,6,8,-10,-6,-5,1,7,-11,-1,10,-6,-6,-6,10,-11,0,8,-2,0,3,15,-17,5,-8,-5,8,6,-7,6,2,-3,3,-2,7,-5,1,-1,-1,0,-1,-7,-1,-3,2,0,1,7,6,1,6,1,-1,3,-1,0,-8,-10,4,-2,-5,-3,-5,1,4,4,8,-9,1,0,-1,0,0,9,1,1,-1,-16,-4,10,-2,-5,5,-6,5,2,-5,-3,-5,-7,0,-1,-19,13,-5,6,-2,-3,2,0,3,-9,4,-7,-12,-8],"highs":[0,14,-2,0,-1,0,-2,-14,0,15,0,0,-2,0,-5,0,35,-34,0,0,0,9,-3,9,2,-1,1,0,-1,3,3,1,0,2,-1,22,0,-7,5,1,-3,-2,1,0,-9,13,10,-35,0,-1,5,61,18,3,-21,1,0,0,9,-4,11,-5,9,9,-12,-8,-1,-2,6,-11,13,-2,-8,-6,4,1,-5,2,-1,3,0,12,1,-3,-6,-9,1,7,-1,1,2,-1,1,-1,7,-1,-5,-1,0,-2,1,0,-8,0,-2,-1,1,12,6,-3,3,2,1,0,2,-1,0,-8,-3,0,-5,-3,-5,-5,9,-2,13,-3,-9,1,0,-1,1,9,-1,1,1,-1,-15,5,1,-1,0,-1,-3,4,-1,-5,-3,-2,-9,0,-2,-7,2,0,6,-5,-3,-1,6,-1,-7,1,-7,-13,-8],"lows":[0,9,12,-1,0,0,-23,7,0,12,3,-6,4,-5,0,0,0,0,1,0,0,0,5,1,8,-2,-5,6,-1,0,4,3,2,0,0,23,-7,-5,1,4,-1,-11,8,-5,3,-2,-11,2,-12,9,-8,2,64,10,-2,1,-10,2,10,-1,6,5,3,3,-4,-9,1,1,-4,-4,3,3,-3,-10,2,-2,-1,2,7,-1,0,3,-5,3,-3,-6,1,7,2,-6,10,-2,-2,3,0,2,1,-1,1,-6,4,-8,0,0,-3,0,1,1,8,5,2,5,2,-2,2,1,-5,-9,-4,4,-6,-1,-8,-1,1,5,4,8,-10,1,0,0,-3,3,9,1,1,-16,-16,10,9,-3,-3,-2,-4,11,-4,-2,-11,-2,0,-1,-19,1,10,-2,1,0,-3,2,-1,-3,-2,-5,-11,-5,-9],"closes":[0,9,3,-1,0,0,-16,0,0,15,0,-4,2,-5,0,0,0,0,1,0,0,4,2,8,1,-1,1,0,-3,7,3,1,-2,2,-1,24,-9,-4,11,-3,-5,4,-1,-4,-4,14,-27,2,-5,3,0,63,22,-17,-1,0,0,-9,10,3,8,0,9,-4,-3,-8,0,1,-5,-1,12,-9,-2,-9,8,-10,-1,11,-2,-1,5,10,-15,6,-8,-6,7,9,-6,3,2,-1,4,-3,8,-8,3,-3,2,-3,2,-8,0,-2,-1,-1,1,13,-3,3,6,1,2,0,0,1,-5,-9,1,0,-7,-1,-8,0,5,2,9,1,-10,1,1,-1,0,10,-1,1,1,-16,-5,10,-1,-3,3,-9,6,3,-6,-2,-7,-6,0,1,-21,13,-1,1,-1,0,-1,0,2,-7,3,-7,-9,-8,-11],"volumes":[1.64,6.01,1.85,2.31,1.32,0.66,1.35,0.66,0.33,1.24,0.99,3.57,8.7,2.33,0.33,2.99,2.32,5.74,4.54,0.37,0.37,10.72,11.86,16.77,15.47,29.04,22.79,8.16,5.45,281.76,811.8,608.4,271.8,426.92,153.13,2.71,13.5,20.7,5.4,36.9,142.2,109.14,45.0,37.8,5.4,6.3,13.5,0.9,15.3,3.6,24.48,77.49,42.3,20.61,15.3,8.34,29.76,26.64,8.22,28.89,16.68,4.59,18.09,10.02,6.3,9.12,8.1,2.7,11.7,12.6,15.3,6.3,12.6,15.3,11.7,22.5,16.2,17.1,1.02,12.69,2.7,29.01,24.39,27.0,22.59,27.9,16.2,6.3,11.31,13.59,5.4,41.97,14.55,19.11,13.74,10.77,2.82,2.88,1.23,17.22,14.64,5.97,16.2,13.5,86.85,40.05,16.2,16.2,11.7,3.6,7.2,1.8,1.8,2.7,1.8,0.9,7.2,4.59,4.5,4.5,18.07,10.85,6.44,8.14,20.32,11.75,13.55,0.9,16.26,7.23,6.33,4.52,10.85,6.31,2.71,0.9,1.81,23.51,62.51,26.18,27.13,29.82,10.05,17.17,30.81,15.36,25.31,17.16,30.72,28.0,7.24,16.27,16.79,21.62,9.02,9.91,36.12,16.21,17.23,10.91,36.92,30.67,36.07,46.04,48.68,32.91,24.33]}