{"timestamp":1223769600000,"multiplier":1.0E-5,"open":0.78398,"high":0.78445,"low":0.78398,"close":0.78445,"shift":60000,"times":[1260,1,1,1,1,1,1,1,1,1,1,1,1,1,1,1,1,1,1,1,1,1,1,1,1,1,1,1,1,1,1,1,1,1,1,1,1,1,1,1,1,1,1,1,1,1,1,1,1,1,1,1,1,1,1,1,1,1,1,1,1,1,1,1,1,1,1,1,1,1,1,1,1,1,1,1,1,1,1,1,1,1,1,1,1,1,1,1,1,1,1,1,1,1,1,1,1,1,1,1,1,1,1,1,1,1,1,1,1,1,1,1,1,1,1,1,1,1,1,1,1,1,1,1,1,1,1,1,1,1,1,1,1,1,1,1,1,1,1,1,1,1,1,1,1,1,1,1,1,1,1,1,1,1,1,1,1,1,1,1,1,1,1,1,1,1,1,1,1,1,1,1,1,1,1,1,1,1,1,1],"opens":[0,118,-150,213,29,-5,30,16,-117,-120,40,64,-111,164,12,-28,23,7,45,3,36,1,53,-10,-2,-118,7,6,-13,48,-17,-20,-2,43,-19,-24,-46,29,17,-50,80,-31,-236,-17,66,3,5,-3,-33,35,149,-9,-6,83,-10,15,46,137,164,162,167,-63,-437,343,94,38,24,15,-24,25,-18,4,0,5,-2,-6,-59,36,-198,189,26,-11,0,-16,10,5,9,-15,-11,13,7,-20,-2,-77,-85,-31,0,59,57,61,-9,-62,-19,39,58,3,9,29,-35,41,-9,-4,-2,10,30,7,26,-9,29,18,27,53,76,37,-20,-36,-5,-16,-21,2,54,31,-4,14,-39,-10,-24,-12,-4,-45,-36,-17,6,-6,12,77,-19,22,-30,-42,-38,-119,72,11,107,17,14,35,-35,-5,16,18,-39,-50,8,-4,8,-18,-39,20,5,14,19,28,-2,1,-10,-29,-55,-54],"highs":[0,235,-209,157,-6,13,-1,46,-148,-109,91,2,40,35,-10,5,-10,45,14,35,2,30,42,-3,-32,-108,6,-1,20,23,-27,-20,28,41,-47,-24,-15,13,10,-4,70,-75,-236,9,99,-43,-8,0,-17,139,68,-51,67,13,-2,26,110,176,152,230,-14,-63,-211,206,36,25,28,-7,-1,10,-19,12,7,-8,-6,-11,-31,37,-78,93,-27,-5,-6,-12,15,5,0,-6,17,-16,-1,-19,-3,-77,-63,-53,61,40,66,22,-21,-62,1,59,32,2,25,0,-3,11,-11,4,13,18,5,31,-1,9,15,31,33,88,55,-3,-20,-33,-7,-14,-24,46,37,5,11,-2,-39,-10,-22,-13,-5,-45,-36,-10,1,-2,78,5,-3,6,-30,-42,-38,-79,54,95,41,-15,30,13,-37,10,27,-8,-39,-39,-3,6,6,-26,-14,1,8,24,31,-3,5,-6,-3,-36,-55,-44],"lows":[0,60,-211,332,26,-2,21,-9,-224,17,44,-65,18,164,-32,16,-24,54,41,7,33,4,49,-6,-107,-13,7,-2,-6,43,-33,-43,43,-34,41,-40,-14,30,-11,-22,80,-221,-75,-11,89,3,-1,-29,-1,32,152,-66,51,72,-2,18,46,137,164,162,104,-221,-304,431,94,38,24,-6,-3,18,-23,15,1,1,-3,-57,-3,-40,-159,226,12,1,-19,5,10,5,-24,13,-6,11,-8,-10,-53,-105,-23,-23,16,59,57,60,-59,-28,-2,39,58,3,8,-6,1,37,-17,4,2,10,30,7,10,7,16,31,27,53,76,24,-38,-10,-16,-12,-24,17,52,29,0,-16,-15,-22,-22,-1,-37,-35,-23,-2,1,-14,25,61,-9,10,-37,-37,-87,-105,127,11,100,24,14,-16,-9,20,16,-5,-91,21,-7,15,1,-52,-2,24,-8,27,19,21,3,-13,-7,-59,-49,-17],"closes":[0,13,13,137,-3,30,-1,-19,-201,9,91,-127,169,35,-36,25,-21,62,3,46,-5,37,21,18,-137,-9,12,-11,30,7,-31,-21,48,-8,-14,-40,18,13,-26,32,40,-235,-62,25,54,-4,-5,-32,18,139,35,-33,82,-1,12,26,110,176,152,230,-77,-221,10,204,38,25,24,-24,20,-5,-11,3,5,-2,1,-62,25,-68,27,78,-25,6,-25,7,16,6,-18,-2,17,-2,-18,-2,-61,-105,-23,-16,70,40,66,17,-67,-27,17,59,24,10,25,-36,33,5,-12,-1,12,31,1,35,-20,28,15,31,33,88,55,-16,-38,-4,-22,-12,-13,50,37,2,14,-32,-15,-22,-22,5,-43,-35,-23,0,0,4,78,-11,13,-12,-37,-37,-87,-10,33,116,7,19,30,-27,1,12,27,-31,-73,18,-17,20,-9,-51,26,-2,11,16,39,-6,8,-22,-7,-59,-49,-12],"volumes":[2.788648,1.058905,1.014524,8.253208,4.361419,1.249672,3.406904,4.821346,1.357029,1.377489,2.903748,6.609694,7.924869,5.10714,0.495601,4.656752,0.902826,4.092891,2.616611,3.472931,12.912837,4.977198,3.808988,3.401703,5.827803,1.402739,0.933691,10.415543,1.234646,2.700354,1.683811,5.159513,3.527364,3.429405,1.386128,4.689001,5.831179,4.625965,1.293539,0.316369,3.885338,5.024107,4.179599,3.29539,2.511383,14.785294,5.042928,9.286901,10.130286,6.260215,1.636594,0.916095,12.841478,2.77331,1.720415,4.177955,3.53315,7.381363,2.34314,1.17923,13.345678,2.432446,4.10905,1.940555,3.91237,3.69408,2.810991,3.176858,7.500618,1.082673,1.474865,1.216404,2.979369,8.161241,8.315827,1.400984,0.99606,3.460911,0.804305,0.83022,2.855424,3.337422,10.882434,5.069571,4.263906,2.447809,0.851051,1.37247,6.119901,12.800087,1.985583,1.612294,5.620201,4.150842,4.019129,2.53327,1.737418,10.092071,2.512075,9.512467,2.046338,3.624074,4.649884,1.72295,1.4574,2.57674,8.01898,0.951341,4.497478,1.857066,1.340562,2.782765,6.893473,8.071587,1.219443,1.800432,3.712252,4.856482,3.595402,3.165104,3.629341,14.944513,5.733868,4.633227,3.335608,3.983536,1.471148,0.869303,12.035099,2.369568,1.933059,5.830276,3.859662,9.575141,2.424622,1.303103,9.1173,2.304325,9.094629,2.25496,3.421154,4.305108,1.749843,6.708216,1.14195,2.251832,1.021443,5.744842,3.381819,2.832061,2.491587,3.321459,0.787537,4.044932,3.961824,1.041346,2.670521,1.023318,9.326183,1.463388,2.082507,3.620326,6.433191,3.125263,3.468316,3.360468,11.037108,6.294461,5.830465,3.023691,5.91283,1.242515,0.846131,10.824942,1.778502,7.724959,4.330805,3.338659,8.544543,2.841776]}