{"timestamp":1485648000000,"multiplier":1.0E-5,"open":0.75589,"high":0.75589,"low":0.75589,"close":0.75589,"shift":60000,"times":[1320,1,1,1,1,1,1,1,1,1,1,1,1,1,1,1,1,1,1,1,1,1,1,1,1,1,1,1,1,1,1,1,1,1,1,1,1,1,1,1,1,1,1,1,1,1,1,1,1,1,1,1,1,1,1,1,1,1,1,1,1,1,1,1,1,1,1,1,1,1,1,1,1,1,1,1,1,1,1,1,1,1,1,1,1,1,1,1,1,1,1,1,1,1,1,1,1,1,1,1,1,1,1,1,1,1,1,1,1,1,1,1,1,1,1,1,1,1,1,1],"opens":[0,20,-36,1,-1,9,-2,1,0,-1,1,-13,8,-4,1,-4,-13,-10,23,-4,-4,0,1,-2,-1,-3,27,-4,9,1,-5,3,-3,2,-1,-1,1,0,2,-3,-4,-1,1,0,6,4,-5,3,1,-6,-2,14,1,-2,-7,1,-6,4,-10,11,-7,-34,10,12,-6,-1,-16,-6,29,1,-10,11,-21,-8,7,-3,-6,12,11,-1,12,-23,-5,12,-3,6,31,3,-3,-2,-22,0,-19,-24,-7,13,5,-8,9,-2,24,-1,5,-2,1,-3,1,-6,-5,-9,7,-6,-2,2,0,0,-3,-6,-3,0],"highs":[0,20,-35,0,-1,9,-2,1,0,0,4,-8,-1,-4,1,-4,-13,14,-1,2,-10,0,1,-2,-1,25,-1,5,1,0,6,-8,12,-13,-1,5,2,3,-8,-3,-4,-1,6,1,5,1,-5,2,0,0,8,-1,22,-24,-6,0,1,-1,-1,0,-7,-19,10,2,-7,-4,-17,22,5,-1,6,-7,-21,6,0,2,-6,12,-1,11,10,-25,-1,2,3,29,2,7,-9,-2,-19,-3,-19,-22,15,-7,4,3,-4,22,2,4,0,3,-2,-6,0,-6,-3,-5,0,-4,-1,-1,0,0,-3,-5,-4,12],"lows":[0,19,-35,0,0,7,0,1,-1,0,-16,4,4,0,-3,-11,-20,8,19,-5,1,0,0,-1,-2,-3,25,-3,8,3,-4,-1,-2,3,0,0,1,-1,0,-3,-2,-1,1,1,5,0,0,3,-5,-6,4,14,-1,-8,1,-4,-1,-6,0,4,-34,-1,8,7,1,-16,-12,6,24,-4,-3,-25,2,4,5,-5,0,9,14,-2,-12,-1,-10,20,-3,8,24,-2,0,-18,-3,-20,-17,-8,1,9,0,1,7,0,23,0,-1,3,-1,-3,-1,-18,3,-1,0,0,-5,6,-10,6,-4,-4,0,0],"closes":[0,19,-34,-1,0,7,0,1,-1,1,-13,7,-3,0,-3,-11,-13,25,-5,-5,1,0,0,-1,-1,25,-4,8,1,-1,7,-10,-1,1,-1,0,1,3,-4,-3,-1,-1,0,7,4,-5,2,2,-6,-6,13,6,-2,-8,2,-5,2,-9,11,-4,-37,10,12,-5,0,-18,-7,29,2,-10,12,-22,-9,9,-5,-4,11,10,0,11,-24,-2,11,-1,4,31,2,-2,-3,-20,-1,-19,-23,-7,16,-2,-4,7,0,24,-2,6,-2,1,-4,0,-2,-7,-10,7,-6,-2,3,-2,1,-1,-8,-4,0,10],"volumes":[1.5,1.5,2.25,4.12,3.0,9.0,9.0,13.0,22.0,20.12,20.71,4.49,3.61,1.12,4.61,4.99,21.51,13.82,5.86,4.98,9.59,3.37,3.37,1.12,4.73,28.88,5.62,22.13,12.24,3.0,12.49,17.94,34.41,5.37,4.5,15.99,18.72,16.34,2.37,5.12,4.0,4.0,16.49,10.49,11.86,8.74,11.9,3.0,8.5,10.37,11.35,6.11,25.36,4.18,3.74,14.08,11.97,17.04,6.25,13.0,163.51,86.17,120.17,93.99,43.62,88.63,126.89,100.59,102.3,104.16,161.45,90.28,86.47,87.68,57.87,92.34,46.57,28.97,7.0,37.36,80.66,35.98,43.87,16.13,54.29,75.38,59.56,79.85,49.3,60.2,65.35,138.4,126.37,96.85,74.29,58.43,84.27,62.33,41.64,179.53,50.71,137.5,52.97,70.29,93.4,55.34,69.31,79.46,54.47,21.1,42.98,21.06,50.06,41.39,40.88,79.96,56.52,31.25,84.75,124.58]}