{"timestamp":1485648000000,"multiplier":1.0E-5,"open":0.99664,"high":0.99678,"low":0.9965,"close":0.99678,"shift":60000,"times":[1320,1,1,1,1,1,1,1,1,1,1,1,1,1,1,1,1,1,1,1,1,1,1,1,1,1,1,1,1,1,1,1,1,1,1,1,1,1,1,1,1,1,1,1,1,1,1,1,1,1,1,1,1,1,1,1,1,1,1,1,1,1,1,1,1,1,1,1,1,1,1,1,1,1,1,1,1,1,1,1,1,1,1,1,1,1,1,1,1,1,1,1,1,1,1,1,1,1,1,1,1,1,1,1,1,1,1,1,1,1,1,1,1,1,1,1,1,1,1,1],"opens":[0,13,-9,75,-4,-43,-12,9,2,-4,0,1,11,1,7,12,-1,3,4,-1,-1,2,4,5,0,-4,1,-3,-25,15,32,11,11,3,-1,-8,5,-13,8,4,3,-11,-10,27,-18,7,0,2,0,2,-4,5,-5,-4,12,-10,0,0,-9,11,4,18,13,2,10,-1,0,-1,-14,2,-10,-16,13,-6,-6,0,10,8,-1,-7,-10,31,6,-10,-5,-9,-32,-5,3,-8,14,16,-9,12,8,-8,-16,-18,-15,1,9,4,-4,-11,-4,0,0,8,-14,7,9,3,8,-3,0,-1,-8,-6,17,1],"highs":[0,8,59,19,-1,-51,5,-17,-4,-4,1,29,-19,9,11,7,-1,0,0,1,-3,2,6,5,-1,-4,0,33,-32,25,11,6,0,1,1,0,2,1,-13,13,-6,-6,21,1,-7,-13,7,5,0,-9,6,-5,-5,9,2,-1,0,-6,-2,5,23,7,0,10,0,1,-2,0,-13,0,-10,2,4,-14,-5,13,7,-2,-2,-5,25,1,2,-14,1,-13,-32,-2,7,0,16,-3,3,12,-4,-5,-16,-20,-13,15,-1,-1,-6,-8,-7,2,6,7,-14,10,3,5,2,-3,0,-1,-8,12,1,-1],"lows":[0,-6,24,64,-35,-17,4,-7,13,-2,0,3,11,2,1,16,0,4,3,0,-1,0,6,5,0,-4,-3,-24,-1,11,37,11,5,2,-1,-2,-8,1,-3,12,-9,-2,-7,10,-8,15,2,2,0,-3,1,-2,-1,-1,1,0,-3,-5,0,-5,19,13,17,3,8,1,0,-14,-13,4,-21,6,6,-9,-6,7,13,3,-4,-12,-8,36,-3,-1,-11,-28,-14,1,2,-2,13,10,0,9,1,-17,-18,-22,-1,6,15,1,-18,1,-4,4,0,-7,2,7,9,2,5,-2,1,-9,-3,-1,17,-21],"closes":[0,-11,75,-3,-42,-13,13,-9,4,-2,2,11,-1,3,18,5,-5,6,-1,2,-3,0,8,4,0,-4,-2,-26,28,19,12,12,-4,-1,7,-5,-5,0,0,6,-5,-11,25,-20,9,-4,4,4,-2,-5,11,-12,-1,2,-1,0,8,-16,-1,9,23,13,3,10,-2,1,-1,-14,2,-10,-20,16,-5,-5,-2,11,11,-4,-8,-8,32,6,-16,0,-10,-31,-5,2,-8,11,19,-8,11,5,-4,-20,-17,-16,4,11,3,-4,-11,-5,-1,0,9,-16,9,10,2,6,-2,1,-1,-8,-5,16,0,-19],"volumes":[24.36,38.18,45.34,42.59,69.35,120.11,54.37,39.97,32.0,23.0,42.0,36.57,2.49,25.0,73.49,17.48,5.12,4.0,2.0,2.0,1.37,2.87,9.73,12.21,9.22,3.61,10.72,44.67,27.11,32.23,13.99,9.0,16.0,23.0,10.0,12.0,29.99,22.5,11.0,19.0,23.5,16.5,25.5,26.5,25.37,5.0,16.0,13.74,11.37,5.5,4.0,5.5,3.0,8.0,11.0,21.0,25.0,41.5,23.5,28.0,102.75,31.37,24.37,36.3,5.0,15.0,4.0,35.38,47.86,19.94,24.24,38.49,73.5,48.19,64.74,49.75,29.88,30.76,33.38,43.5,126.18,64.13,55.86,39.7,94.77,166.22,52.33,36.27,42.97,54.31,62.62,61.2,38.99,52.73,24.79,33.41,94.58,61.79,66.03,75.41,32.18,15.29,52.94,42.96,14.11,22.09,12.0,30.05,21.5,16.1,27.35,15.36,17.12,40.53,11.92,19.96,8.36,24.22,17.09,29.3]}