{"timestamp":1546732800000,"multiplier":1.0E-5,"open":0.95174,"high":0.95174,"low":0.95168,"close":0.95168,"shift":60000,"times":[1320,1,2,1,1,1,1,1,1,1,1,1,1,1,1,1,1,1,1,1,1,1,1,1,1,1,1,1,1,1,1,1,1,1,1,1,1,1,1,1,1,1,1,1,1,1,1,1,1,1,1,1,1,1,1,1,1,1,1,1,1,1,1,1,1,1,1,1,1,1,1,1,1,1,1,1,1,1,1,1,1,1,1,1,1,1,1,1,1,1,1,1,1,1,1,1,1,1,1,1,1,1,1,1,1,1,1,1,1,1,1,1,1,1,1,1,1,1,1],"opens":[0,-5,10,-1,-14,-30,-1,-4,0,25,7,2,-16,-9,6,5,-15,-10,5,-6,71,-23,18,-5,30,-11,-27,-17,5,10,13,17,-10,-1,5,1,-1,9,6,0,1,14,-5,10,1,0,-5,0,-1,6,-5,9,13,12,71,-76,1,-10,-1,10,-9,-65,-1,20,39,14,22,16,-15,-2,6,-14,-6,-10,8,3,10,0,1,-16,-21,-12,-3,6,15,14,-34,15,-5,10,5,-5,8,-9,0,19,-3,-10,-5,2,-1,3,-5,0,2,4,-6,-25,18,27,-5,0,-4,-26,-14,0,10,-5,10],"highs":[0,4,1,0,-5,-35,-6,5,20,32,-22,-4,-13,-6,14,-10,-15,0,-5,65,14,-15,1,20,0,-11,-19,-20,5,18,27,-10,-10,4,1,0,4,15,1,-5,14,11,-6,1,0,0,-5,0,5,0,15,29,-14,-1,71,-76,2,-1,15,25,-50,-60,14,32,33,14,12,0,-13,3,-1,-9,-5,-1,6,0,5,2,-6,-16,-15,-18,8,16,18,-2,-23,-3,4,10,-1,-2,2,-4,16,4,-10,-5,-5,3,0,-3,0,1,-1,0,-5,-7,29,-1,-6,1,-6,-25,-10,6,4,0,5],"lows":[0,1,4,-15,-29,4,-5,1,0,25,5,-13,-12,2,8,0,-26,5,5,-5,49,-4,21,-5,19,-30,-16,2,4,-25,49,6,0,0,5,-5,5,9,6,0,-2,17,-5,-5,16,-6,1,-1,0,1,-1,10,2,13,2,3,-19,0,9,-15,-66,6,-3,27,41,4,30,7,-6,-6,1,-5,-10,0,8,-13,25,1,-21,-15,-14,-10,-1,16,15,-24,1,-6,13,12,-11,6,4,3,-4,15,-9,-6,-15,20,2,-7,0,3,2,0,-25,-4,14,26,1,-2,-34,-25,19,1,9,-5,5],"closes":[0,10,-4,0,-45,4,-5,10,17,9,0,-18,-10,9,4,-5,-16,1,-1,66,-22,12,9,21,-11,-29,-16,6,5,16,24,-16,0,5,1,-1,5,15,-4,0,14,0,5,1,0,-5,0,-1,6,-5,10,16,8,-9,5,-1,1,-11,6,-11,-55,-5,20,31,20,19,21,-15,0,5,-15,0,-10,4,1,10,0,5,-20,-21,-10,-5,6,15,15,-35,15,-5,8,7,-5,7,-7,0,20,-5,-15,0,2,2,1,-6,0,5,-3,-2,-25,17,27,-4,1,-5,-31,-4,-5,11,-2,6,-5],"volumes":[3.0,2.75,2.25,10.5,21.75,6.5,4.0,7.0,18.5,40.5,48.0,64.5,51.5,26.25,10.5,6.0,17.12,12.12,7.0,38.0,46.5,24.0,30.0,22.0,21.5,29.0,12.0,8.0,14.0,75.5,38.0,9.0,6.0,24.0,28.0,14.0,4.0,11.5,8.0,7.0,26.0,29.0,4.0,36.0,15.0,16.0,1.0,14.0,18.0,22.0,19.0,57.75,29.0,17.0,39.5,1.0,35.12,14.0,19.0,179.59,161.43,107.98,86.09,84.12,89.56,132.54,54.86,40.5,59.75,71.25,94.12,56.0,75.5,41.5,53.0,61.62,55.49,58.62,73.11,74.11,62.75,89.36,145.0,226.0,147.36,150.09,114.0,129.96,132.67,107.85,85.61,93.85,91.24,73.74,156.45,106.1,71.75,54.5,80.0,45.75,35.36,61.48,61.0,37.0,49.24,64.0,50.49,78.12,71.73,84.24,64.0,67.25,68.1,118.85,69.23,61.48,23.62,75.09,77.48]}