{"timestamp":1547942400000,"multiplier":1.0E-5,"open":1.13603,"high":1.13607,"low":1.13602,"close":1.13602,"shift":60000,"times":[1320,1,1,1,1,1,1,1,1,1,1,1,1,1,1,1,1,1,1,1,1,1,1,1,1,1,1,1,1,1,1,1,1,1,1,1,1,1,1,1,1,1,1,1,1,1,1,1,1,1,1,1,1,1,1,1,1,1,1,1,1,1,1,1,1,1,1,1,1,1,1,1,1,1,1,1,1,1,1,1,1,1,1,1,1,1,1,1,1,1,1,1,1,1,1,1,1,1,1,1,1,1,1,1,1,1,1,1,1,1,1,1,1,1,1,1,1,1,1,1],"opens":[0,0,10,0,4,1,0,-1,1,0,-9,10,-1,0,0,0,0,1,21,-1,2,0,12,1,5,0,10,-15,0,-1,-6,1,5,-6,1,0,0,1,0,2,2,7,-5,5,0,1,-2,-2,0,-1,0,-2,1,-1,-1,1,-2,1,1,-1,0,5,0,-1,-3,7,-1,-1,-2,-3,4,3,3,-1,-5,-1,5,2,-1,-3,4,1,-10,9,0,0,3,4,-1,-1,11,-19,2,-15,2,4,-3,3,0,-3,-1,0,0,0,5,5,7,-6,1,3,-1,-1,1,-1,2,-2,-2,0,-7,-2],"highs":[0,5,1,4,1,0,0,0,4,4,-5,-2,-1,0,0,0,1,19,8,2,-7,13,2,5,2,8,-2,-13,9,-10,-7,5,2,-2,-4,0,1,1,0,1,12,-2,-3,6,-3,0,-2,-2,3,-2,-3,1,0,-3,1,-1,6,-4,-1,5,0,-2,1,0,2,0,2,-4,-2,1,6,-1,2,-1,-4,7,-2,-1,0,1,3,-3,1,-2,0,5,3,0,-2,10,0,-15,-2,-14,5,0,0,2,-1,-4,0,-1,0,5,1,16,-4,-6,6,-2,-2,2,-2,4,-3,0,-4,0,-7,-1],"lows":[0,1,10,0,4,1,-2,-6,8,0,-9,9,0,0,0,0,0,-4,25,0,1,0,13,1,4,-1,-4,-8,8,-5,-2,2,-3,2,1,0,0,0,1,2,1,2,1,-2,7,-1,-1,-1,0,-2,-1,0,-2,0,1,-1,0,0,-1,1,-3,8,0,-4,0,6,-2,1,-4,0,4,1,4,-7,0,0,5,2,-5,1,5,-11,1,9,0,1,3,2,0,0,-8,0,-13,-2,2,2,-1,5,-7,1,1,1,0,0,5,5,0,-1,3,2,-1,0,-1,1,-1,-1,-1,-6,-5,-2],"closes":[0,10,1,4,1,0,-1,1,0,0,1,-1,0,0,0,0,1,19,1,1,1,12,0,6,0,2,-7,-1,0,-5,0,4,-5,2,-1,1,-1,1,1,2,8,2,-3,1,2,-3,-1,-1,0,-1,-2,0,1,-2,0,-1,1,0,0,0,4,1,1,-5,5,1,-2,0,-4,4,3,-2,4,-4,-2,5,2,-1,-4,5,0,-9,9,0,-1,4,3,0,-1,11,-19,2,-15,1,5,-3,3,0,-3,-1,0,0,0,5,0,13,-8,2,3,-1,-1,1,0,2,-4,-1,-1,-6,-2,-2],"volumes":[10.5,4.5,2.25,6.0,6.0,0.75,13.0,18.87,11.24,21.0,49.25,16.0,9.0,27.0,13.0,29.0,40.0,38.37,31.01,34.87,133.5,53.25,39.0,26.0,34.1,36.89,31.3,31.43,55.85,309.1,48.35,75.88,56.52,31.0,21.0,21.75,42.5,63.75,17.0,2.0,24.0,18.5,9.0,20.5,9.0,20.35,36.65,20.53,15.61,23.92,34.3,28.85,77.92,86.75,75.93,117.04,201.81,73.19,47.02,34.33,197.43,86.07,50.76,108.57,141.87,68.71,70.55,12.57,57.06,22.51,176.91,91.26,86.89,94.72,93.71,91.38,21.18,43.45,78.6,40.38,95.19,147.0,110.5,63.48,58.26,216.77,45.32,38.56,74.38,97.29,182.87,99.55,117.76,80.06,34.48,62.77,86.64,65.3,129.34,46.24,49.92,15.19,57.68,90.86,16.12,95.13,49.65,60.17,99.69,87.9,46.6,45.53,33.46,46.85,45.23,26.24,15.13,24.37,145.54,57.29]}