{"timestamp":1548547200000,"multiplier":1.0E-5,"open":1.31837,"high":1.31838,"low":1.31836,"close":1.31838,"shift":60000,"times":[1320,1,1,1,1,1,1,1,1,1,1,1,1,1,1,1,1,1,1,1,1,1,1,1,1,1,1,1,1,1,1,1,1,1,1,1,1,1,1,1,1,1,1,1,1,1,1,1,1,1,1,1,1,1,1,1,1,1,1,1,1,1,1,1,1,1,1,1,1,1,1,1,1,1,1,1,1,1,1,1,1,1,1,1,1,1,1,1,1,1,1,1,1,1,1,1,1,1,1,1,1,1,1,1,1,1,1,1,1,1,1,1,1,1,1,1,1,1,1,1],"opens":[0,7,4,23,2,2,8,-1,0,4,61,6,-2,10,-6,25,17,2,1,0,5,17,-12,31,-20,2,-1,-1,36,37,10,-39,-13,-3,20,0,-5,4,0,-4,6,-16,1,0,13,-10,1,0,-4,32,-27,39,-3,-13,3,0,0,0,0,0,0,-17,4,-4,4,-1,-6,15,0,4,-1,11,6,-5,-11,-6,1,-7,-19,-4,3,-5,0,0,1,-1,6,0,-3,5,0,1,7,-2,-3,2,4,-1,-1,5,-2,5,4,-7,-3,-3,-4,2,-7,3,1,7,-2,1,0,3,0,-1,5,2],"highs":[0,17,16,2,2,9,0,0,3,76,9,29,-30,-8,18,20,1,-2,2,9,11,0,27,-4,-22,0,-1,31,51,5,-5,-29,10,-16,5,9,-15,0,0,2,0,-12,-2,11,1,-9,2,0,27,-1,11,1,0,4,-16,0,0,0,0,0,-1,-13,4,-2,3,-5,7,1,0,8,9,5,-1,-6,-11,-1,-3,-8,-18,0,2,-7,-2,1,2,2,2,-1,5,0,-1,10,-2,1,-6,5,0,-1,4,2,2,1,1,-7,-2,0,-5,0,-2,0,7,1,-1,-2,5,-2,8,-2,4,-2],"lows":[0,8,4,23,2,-3,7,0,3,4,34,7,-2,-5,-1,26,42,14,1,-1,5,6,0,12,-1,1,-1,0,33,36,-25,-19,2,0,21,-7,2,4,-15,11,-8,-2,-1,2,12,-11,1,-1,-1,5,-1,39,-14,-1,3,0,-2,2,0,0,-26,9,-1,-1,5,-7,0,16,-2,3,1,11,1,-10,-11,-1,-2,-19,-3,-4,0,2,-2,-1,4,0,2,0,1,4,-1,2,6,-3,-4,5,3,-1,0,3,0,5,-2,-5,-2,-5,1,-4,-6,8,2,3,2,0,0,4,-3,0,5,-1],"closes":[0,17,16,2,2,3,1,-1,6,63,6,-21,28,-8,20,25,-11,14,0,5,17,-11,30,-19,1,-1,-1,31,36,19,-42,-12,-5,21,0,-5,4,0,-4,6,-14,-1,0,12,1,-9,0,-3,31,-27,38,1,-15,2,1,0,0,0,0,0,-18,3,-2,3,0,-8,15,1,0,6,7,4,-2,-11,-6,-2,-4,-20,-3,1,-6,3,0,1,-1,5,1,-3,6,-1,1,9,-4,0,-1,5,-3,-1,6,0,4,2,-5,-3,-5,-3,1,-5,2,1,6,-2,2,-1,4,1,-4,7,6,-3],"volumes":[2.62,12.74,2.99,4.5,4.5,14.19,64.04,50.33,93.53,73.0,229.64,110.91,211.84,321.26,167.22,231.46,44.98,11.0,4.0,33.25,69.24,18.06,246.01,46.17,8.25,9.37,7.75,11.5,105.87,24.5,90.83,106.56,100.11,17.52,14.0,36.7,10.0,10.0,17.0,16.0,14.0,52.73,28.84,18.1,14.0,18.48,38.46,20.42,21.5,25.49,21.25,10.0,26.0,34.49,7.75,16.38,25.85,10.98,10.8,11.75,49.63,28.87,65.69,57.53,33.81,68.92,31.94,3.0,6.0,14.0,92.52,58.12,57.25,38.12,43.68,19.5,38.0,32.12,28.27,43.23,112.35,37.55,30.25,25.73,15.12,27.0,23.5,26.69,70.14,27.35,43.63,86.73,77.11,34.04,43.55,52.18,63.14,52.87,37.32,201.51,198.73,32.58,62.04,85.41,70.98,113.68,214.76,81.31,59.54,25.81,72.83,60.55,41.25,56.34,37.43,11.75,145.38,175.44,65.9,111.17]}