{"timestamp":1547337600000,"multiplier":0.001,"open":23934.969,"high":23936.469,"low":23905.469,"close":23923.469,"shift":60000,"times":[1380,1,1,1,1,1,1,1,1,1,1,1,1,1,1,1,1,1,1,1,1,1,1,1,1,1,1,1,1,1,1,1,1,1,1,1,1,1,1,1,1,1,1,1,1,1,1,1,1,1,1,1,1,1,1,1,1,1,1,1],"opens":[0,-10999,5999,-13500,-8000,501,4500,-5000,-5001,-2000,1501,4499,7501,-2500,-4000,3000,2500,-2501,2001,1000,5500,999,-3500,3001,-5000,-4000,-500,-5501,6000,-4999,-8501,2500,7001,5500,-3001,-4000,1500,501,-3000,500,-1501,1,-1,-1499,999,-999,1500,499,-999,3500,-2500,1000,-2000,-500,1499,-1499,-2501,0,-12999,-1501],"highs":[0,-4499,-1000,-9000,-5001,-500,-1499,-5500,-2500,999,2000,8001,-3000,-1000,1000,-1,-999,-500,1500,4999,2500,-999,-1501,2000,-6499,-500,-4000,2999,-2000,-5499,-2001,2500,7000,500,-499,-6001,1000,0,-3999,500,-1500,2000,-1500,0,1000,-1501,3501,-1500,0,1000,-2000,500,-500,1000,-1501,-499,-3501,501,-13500,-1501],"lows":[0,14500,-10499,-1501,-7000,2500,2501,-2501,-2500,0,1500,5000,2500,-2000,501,999,1000,1000,2000,1001,4000,-501,-1500,-2500,-3500,1001,-5000,-3501,4000,-12500,1500,4500,6500,0,-3000,1001,2499,-2999,-501,1,-1001,1001,-2001,0,1001,-2000,1500,999,1,-1,0,-500,-499,500,-1001,-500,-2500,-13000,-5499,-5500],"closes":[0,5000,-11000,-9500,3000,4000,-7000,-3500,-3500,5001,1499,7000,-2499,-3001,3000,1501,-2500,1999,1000,5001,1999,-3000,2000,-4499,-4500,999,-5000,6001,-6001,-9500,2501,6999,6501,-3501,-4999,2000,499,-2999,500,-501,-1500,2001,-2000,999,-999,500,1500,-1000,2000,-2001,1000,-2000,1000,1001,-3001,-500,-1499,-13500,-1001,-9499],"volumes":[0.02124,0.01476,0.0222,0.01404,0.01884,0.01092,0.0096,0.00612,0.00936,0.00768,0.00552,0.00852,0.0066,0.00324,0.00504,0.006,0.00372,0.00252,0.00168,0.00456,0.00612,0.00552,0.00408,0.0054,0.00456,0.00492,0.00228,0.00768,0.00336,0.01056,0.00936,0.00624,0.00324,0.0072,0.00708,0.00432,0.00336,0.00228,0.00276,0.00156,0.0018,0.00456,0.00252,0.00336,0.00288,0.00456,0.00396,0.00192,0.00372,0.00312,0.00252,0.00252,0.0018,0.00384,0.00168,0.00132,0.0012,0.00504,0.00804,0.00552]}