{"timestamp":1679788800000,"multiplier":0.001,"open":6965.569,"high":6971.227,"low":6962.539,"close":6969.599,"shift":60000,"times":[1370,1,1,1,1,1,1,1,1,1,1,1,1,1,1,1,1,1,1,1,1,1,1,1,1,1,1,1,1,1,1,1,1,1,1,1,1,1,1,1,1,1,1,1,1,1,1,1,1,1,1,1,1,1,1,1,1,1,1,1,1,1,1,1,1,1,1,1,1,1],"opens":[0,5078,1042,4970,-62,92,-1030,2458,90,-1548,468,-2438,-2090,-1972,-1968,-1030,4370,258,402,2978,-3948,3958,1920,-4028,2460,-3340,1478,-510,3062,-30,3880,1150,-690,540,3000,-1000,-3910,4068,-38,-12,12,2030,238,910,-1268,-2000,-2872,302,660,-3032,-420,1422,0,-1630,-752,-1820,1410,1870,-1010,-950,1942,1940,-2030,30,408,-2348,1000,2970,-872,-2788],"highs":[0,2420,1930,2620,-1050,1060,-500,410,90,-1020,-60,-1930,-2598,-1332,-990,2420,-500,1460,2980,-1000,-978,4000,-1002,-658,-832,-1450,-580,3380,2050,2290,-10,490,1990,1320,42,-1052,-1520,1910,-870,502,3340,-1032,1032,-712,-1288,-1992,-2008,0,428,-3770,900,1990,-1000,-1860,-1440,1490,1380,-370,-1620,1660,2300,-580,-1510,470,-1430,-950,3410,-740,-850,-218],"lows":[0,6150,3000,2940,-90,1090,-970,970,1060,-1000,-3090,-910,-1150,-4540,540,1090,3030,970,1030,-1000,-30,3940,-1880,-150,1088,-1968,-1120,1120,3910,-910,2940,1090,880,-30,2030,-2910,-30,3910,-1000,90,1000,910,1030,-2940,940,-3570,-460,90,-2000,-1000,910,1090,-1000,-90,-2540,-370,2188,182,-1310,1058,1912,-60,-910,-30,-1030,-60,970,1030,-2030,30],"closes":[0,3588,1472,1528,-588,30,2078,0,380,-2398,-492,-1510,-2450,-3668,-1030,6158,-1050,352,4638,-3380,1372,3000,-3940,970,-32,-628,-1430,4430,-430,4030,1000,-940,1340,2630,-1032,-3938,3340,1000,-1000,1000,1660,-30,2078,-2730,-1318,-3660,540,1460,-3492,-370,492,1888,-2888,48,-2380,702,2688,30,-1980,2960,1740,-2808,30,328,-1010,-348,2370,-460,-2970,3120],"volumes":[0.026686,0.01021,0.00713,0.00674,0.0031,0.00247,0.00598,0.00439,0.00221,0.00319,0.01006,0.00989,0.00655,0.00882,0.00578,0.00855,0.00235,0.00469,0.00827,0.00707,0.0064,0.00501,0.00811,0.00514,0.00216,0.00415,0.00727,0.00774,0.00866,0.00921,0.02457,0.01619,0.0203,0.01985,0.01539,0.02112,0.01646,0.01694,0.01232,0.0175,0.03282,0.01523,0.02777,0.02393,0.01424,0.03655,0.01457,0.01191,0.02271,0.00907,0.00559,0.01185,0.00743,0.00693,0.00664,0.00948,0.00564,0.00513,0.01089,0.00601,0.01353,0.00775,0.00668,0.01161,0.00739,0.00635,0.01438,0.00631,0.01001,0.00751]}