{"timestamp":1677974400000,"multiplier":0.001,"open":1854.644,"high":1855.314,"low":1853.118,"close":1854.018,"shift":60000,"times":[1380,1,1,1,1,1,1,1,1,1,1,1,1,1,1,1,1,1,1,1,1,1,1,1,1,1,1,1,1,1,1,1,1,1,1,1,1,1,1,1,1,1,1,1,1,1,1,1,1,1,1,1,1,1,1,1,1,1,1,1],"opens":[0,-726,0,166,-110,-350,294,-44,-90,-330,-100,-136,366,-89,0,-210,340,-90,-240,30,70,90,140,-140,130,-297,-3,-250,140,-161,-189,210,40,-87,67,90,50,-130,150,110,-90,-70,-10,-100,-110,-180,0,-130,90,50,-50,-290,319,-250,-29,140,-40,-90,-290,220],"highs":[0,-810,-420,240,-340,-40,30,-90,-100,90,-269,-90,100,-10,20,60,30,-120,-260,60,130,140,-40,90,-100,-230,0,-80,-100,-80,20,-1,-39,30,120,-30,160,-120,210,-60,-100,-120,-10,-100,-100,100,-270,-50,60,-20,-20,-130,690,-580,-20,20,-30,-220,-80,90],"lows":[0,480,226,150,-456,-204,484,-80,-284,-80,-220,-39,203,127,-130,-80,280,-221,1,-70,-80,200,80,0,-110,10,-290,30,-11,-216,37,89,-19,93,67,-10,-10,30,70,120,-110,20,-90,-270,-70,30,-140,-150,250,-80,-280,70,113,-83,10,70,-90,-300,-60,100],"closes":[0,6,60,-100,-360,250,10,-100,-310,-120,-149,310,-20,0,-200,310,-70,-250,40,70,120,90,-120,120,-300,0,-210,120,-97,-253,210,43,-153,120,90,50,-130,170,90,-70,-100,10,-90,-110,-190,10,-140,90,50,-40,-330,210,-77,-83,150,-40,-80,-280,190,-180],"volumes":[0.06975,0.02754,0.01251,0.01954,0.01014,0.01562,0.02937,0.01907,0.02798,0.02633,0.01514,0.00832,0.00741,0.00573,0.00688,0.0098,0.00523,0.00722,0.00156,0.003,0.00518,0.01103,0.00692,0.00504,0.00619,0.00262,0.00381,0.00318,0.00474,0.00751,0.00661,0.00364,0.00409,0.00318,0.00288,0.00408,0.00348,0.00156,0.00312,0.00204,0.00336,2.4E-4,2.4E-4,0.00258,0.0039,0.00468,0.00343,0.00318,0.00204,8.4E-4,0.00696,0.00258,0.02595,0.01028,0.00696,0.00552,0.0042,0.0036,0.00816,0.00468]}