{"timestamp":1174780800000,"multiplier":1.0E-5,"open":0.80424,"high":0.80451,"low":0.8041,"close":0.80425,"shift":60000,"times":[1320,1,1,1,1,1,1,1,1,1,1,1,1,1,1,1,1,1,1,1,1,1,1,1,1,1,1,1,1,1,1,1,1,1,1,1,1,1,1,1,1,1,1,1,1,1,1,1,1,1,1,1,1,1,1,1,1,1,1,1,1,1,1,1,1,1,1,1,1,1,1,1,1,1,1,1,1,1,1,1,1,1,1,1,1,1,1,1,1,1,1,1,1,1,1,1,1,1,1,1,1,1,1,1,1,1,1,1,1,1,1,1,1,1,1,1,1,1,1,1],"opens":[0,32,-2,-1,-5,-12,-1,-26,-2,32,-21,-12,19,-23,-2,16,-13,29,-5,-27,12,6,-4,-14,-7,4,0,26,7,-8,-2,12,6,-15,1,-8,23,-19,44,-17,11,-1,-19,-8,35,-21,9,-26,-21,9,-33,26,-16,24,-7,2,3,-7,25,-16,8,5,0,19,17,-2,-19,39,-11,-23,31,10,4,7,-27,-3,6,-28,3,2,12,-30,31,-6,-3,1,5,15,13,13,20,16,-43,6,32,-34,8,1,9,-16,-1,-3,-22,1,-7,-39,49,-30,-17,1,-21,14,19,-9,2,7,-14,2,-17,61],"highs":[0,9,4,2,-7,-9,-5,1,4,20,-25,-9,4,-14,-1,3,-4,26,-23,6,2,-3,-10,-6,13,-3,2,17,15,-7,-8,3,-5,-7,17,0,-13,24,5,4,-3,-9,0,6,-2,-5,-2,-10,-23,-10,9,3,-11,12,7,4,-1,8,-1,-11,17,4,1,18,4,-2,9,1,-2,2,13,0,13,-4,-14,-2,-15,-12,8,-2,-3,0,16,5,-9,-4,13,14,16,6,15,1,-12,0,10,-10,-6,5,-1,-12,-12,-2,-3,7,-13,-8,1,-13,-20,1,-13,7,2,-6,1,27,-3,3,11,5],"lows":[0,17,1,13,-17,-18,1,-4,-12,33,-25,-27,30,-22,5,8,-25,37,-33,18,-4,10,-5,-23,1,19,5,12,5,-25,26,-9,13,-25,22,4,-17,3,29,4,-14,-4,-1,-1,9,-4,-15,-12,-21,-9,7,21,-18,8,0,16,-7,-4,14,-10,15,-2,8,21,4,3,-5,29,-18,-12,32,6,5,-20,-6,-2,-19,-7,2,9,-5,-13,30,-4,9,-23,20,12,5,3,27,-10,-8,21,-6,-11,0,6,9,-13,-13,-21,-12,10,2,-16,3,-18,-28,24,-12,-6,8,-12,6,2,-6,7,19,35],"closes":[0,9,18,-6,-21,-15,4,3,33,0,-18,-27,12,-14,14,-7,-15,31,-37,32,-15,0,1,0,9,3,-20,14,31,-44,19,0,13,-17,24,11,-51,40,-8,18,16,-33,7,7,-12,21,-20,-19,-8,-15,31,-14,-14,6,13,1,-3,33,-37,25,-18,37,-21,27,-18,0,44,-19,7,-3,28,-18,16,-18,-9,-12,-25,-3,15,3,-1,-18,35,-5,19,-34,30,14,8,30,-20,-10,25,-6,-23,13,-7,-8,16,-18,-1,-3,-47,10,10,26,-21,-31,3,-5,1,-16,-2,-8,6,6,25,-25,57,1],"volumes":[58.27,41.39,82.34,26.04,87.62,73.99,51.59,43.11,146.12,50.08,80.54,106.08,55.44,37.86,92.88,69.62,195.58,123.13,284.89,47.06,28.89,39.59,62.19,52.59,47.51,30.09,48.06,58.24,49.99,63.38,42.61,33.62,131.85,71.91,60.71,38.09,61.65,90.62,62.52,102.97,291.54,64.15,73.18,52.9,93.23,41.8,128.22,110.88,97.6,133.24,93.64,95.61,175.14,89.08,89.93,67.03,126.88,86.83,146.05,77.38,53.28,135.27,45.16,82.86,42.3,55.36,36.2,66.97,354.78,106.35,49.63,44.26,47.49,139.08,81.88,146.51,137.18,223.81,145.72,183.6,49.88,40.33,48.42,57.73,51.63,70.72,67.6,63.88,144.47,51.42,126.02,248.75,116.52,81.51,149.72,235.18,230.16,91.73,80.81,138.6,140.11,423.53,308.1,411.86,229.14,114.05,85.64,444.01,300.44,194.9,265.56,265.92,229.53,195.0,134.27,406.08,180.35,136.76,224.36,57.88]}