{"timestamp":1172966400000,"multiplier":1.0E-5,"open":1.94282,"high":1.94344,"low":1.94282,"close":1.94344,"shift":60000,"times":[1320,1,1,1,1,1,1,1,1,1,1,1,1,1,1,1,1,1,1,1,1,1,1,1,1,1,1,1,1,1,1,1,1,1,1,1,1,1,1,1,1,1,1,1,1,1,1,1,1,1,1,1,1,1,1,1,1,1,1,1,1,1,1,1,1,1,1,1,1,1,1,1,1,1,1,1,1,1,1,1,1,1,1,1,1,1,1,1,1,1,1,1,1,1,1,1,1,1,1,1,1,1,1,1,1,1,1,1,1,1,1,1,1,1,1,1,1,1,1,1],"opens":[0,68,-7,-13,-10,-5,-10,8,-57,-6,-4,9,0,-7,5,-1,12,-2,5,10,4,6,8,7,19,-1,8,-4,34,-3,-2,12,-3,10,25,-16,6,-17,-8,9,-6,-25,15,5,2,-2,-2,-11,-19,33,14,-25,-2,13,16,28,19,21,-16,11,-22,6,8,4,-22,13,16,6,-12,-15,38,-47,-8,-26,-49,5,3,-6,3,8,-60,13,-56,11,-13,-11,-7,-34,-84,-12,-40,-23,-29,12,-7,4,6,-28,-6,-135,-39,-87,-43,-28,-26,26,-4,-61,-28,33,-50,-10,-17,-22,-5,-13,-33,22,-21,1],"highs":[0,6,-7,-8,-15,-5,-10,8,-55,-3,2,-2,8,-4,2,-4,7,13,9,-4,5,6,2,29,4,7,-4,28,0,7,-12,11,-3,26,12,-15,5,-16,-8,5,-6,-7,5,-3,5,0,2,-16,-11,32,3,-12,3,5,26,35,41,-28,-7,2,-15,5,12,-1,-12,11,12,1,-16,22,1,-36,-14,-31,-39,3,-3,10,-3,6,-43,-14,-43,-2,-11,-13,-7,-34,-74,-22,-40,-22,-23,19,-18,9,-2,-6,-28,-135,-39,-71,-18,-57,13,0,-29,-54,-3,8,-57,-10,-17,-13,-2,-25,-17,6,-19,-1],"lows":[0,68,-21,-4,-10,-5,-14,-4,-49,5,-7,9,4,-7,-4,9,-7,17,5,-7,20,7,2,13,18,0,3,1,24,7,-12,17,-11,23,2,2,-2,-11,-5,5,2,-30,7,5,8,3,-3,-14,-17,37,9,-29,7,11,11,35,19,1,2,-40,31,6,2,-15,3,5,24,-1,-15,-5,3,-21,-1,-74,-8,-1,16,-4,-2,-18,-39,-31,-17,11,0,-24,-22,-81,-29,-28,-34,0,-27,11,-17,11,-14,3,-114,-66,-98,-11,-34,-66,25,20,-62,-30,5,-2,-39,0,-37,2,1,-47,5,5,-29,10],"closes":[0,6,-20,5,-20,-5,-12,-6,-39,-5,2,0,7,-7,-7,14,-6,22,12,-17,12,13,-3,23,7,0,3,30,4,2,-9,10,2,26,-14,11,-5,-15,-3,5,-2,-7,1,-4,5,5,-3,-18,-4,32,-2,-13,6,0,34,33,20,-25,13,-23,10,5,-4,-7,-1,20,11,-7,-13,30,-34,-10,-12,-68,5,-5,5,5,-7,-24,-20,-52,11,-12,-5,-16,-30,-77,-33,-28,-34,0,-14,6,-13,13,-28,20,-131,-46,-112,-17,-22,-78,51,16,-77,-37,37,-22,-33,-18,-30,14,-2,-63,20,-8,-5,-16],"volumes":[49.9,52.6,31.1,72.4,10.4,5.6,28.4,81.9,94.8,95.4,137.3,31.7,14.3,89.3,34.4,26.9,93.6,56.4,70.6,64.4,50.4,7.2,32.7,53.9,56.6,21.4,105.8,49.5,38.3,75.4,81.6,21.4,50.4,37.3,78.4,29.6,48.0,68.7,43.4,23.6,8.0,61.9,31.6,36.6,55.4,66.2,94.4,100.4,94.8,66.4,14.4,74.2,50.8,34.4,103.2,62.0,77.5,63.5,80.4,203.2,15.0,39.7,78.0,49.2,56.7,94.1,22.85,55.2,53.9,98.0,78.0,113.7,25.3,28.2,39.8,57.6,43.2,50.4,89.5,74.0,93.3,57.9,40.6,23.7,59.5,56.6,47.8,79.0,86.8,77.3,105.1,41.2,22.5,127.9,41.4,89.6,54.1,35.1,30.6,49.9,98.4,76.7,55.4,82.1,48.3,82.4,54.5,42.0,69.7,96.7,26.5,84.2,33.8,34.9,146.7,59.8,47.3,80.9,41.8,92.5]}