{"timestamp":1710633600000,"multiplier":1.0E-5,"open":0.65571,"high":0.65576,"low":0.65571,"close":0.65576,"shift":60000,"times":[1260,1,1,2,1,1,1,1,1,1,1,1,1,1,1,1,1,1,1,1,1,1,1,1,1,1,1,1,2,1,1,1,1,1,1,2,2,1,1,1,1,1,1,1,1,1,1,1,1,1,1,1,1,1,1,1,1,1,1,1,1,1,1,1,1,1,1,1,1,1,1,1,1,1,1,1,1,1,1,1,1,1,1,1,1,2,1,1,1,1,1,1,1,1,1,1,1,1,1,1,1,1,1,1,1,1,1,1,1,1,1,1,1,1,1,1,1,1,1,1,1,1,1,1,1,1,1,1,1,1,1,1,1,1,1,1,1,1,1,1,1,1,1,1,1,1,1,1,1,1,1,1,1,1,1,1,1,1,1,1,1,1,1,1,1,1,1,1,1,1,1,1,1,1,1],"opens":[0,5,5,-5,0,0,0,0,-1,6,22,-16,0,0,-15,-1,2,-3,-2,0,2,-4,-4,4,-4,0,4,-2,0,7,-1,4,1,-2,-2,0,5,6,2,-3,2,0,2,-1,-1,1,0,-1,2,-2,1,-10,-9,10,-8,12,6,10,5,6,0,8,-5,0,3,5,6,2,-9,2,0,-3,4,-1,-12,-2,2,0,-1,4,1,-8,4,3,-2,2,3,4,-1,6,-1,-17,0,-1,1,1,-1,-1,13,1,-4,-1,-3,8,-1,1,-4,2,4,-2,-4,-2,-3,-5,-6,3,2,-2,2,0,-4,-2,-6,-3,-2,0,-5,-2,7,8,-6,-5,4,-8,0,12,-7,11,-1,-5,-2,2,0,-5,-18,13,5,10,-5,0,-5,-7,6,1,-4,-1,-6,1,7,-4,-3,-3,2,1,-4,0,6,-4,1,-7,-1,9,-2,1,1],"highs":[0,1,9,-10,0,0,0,0,2,26,0,-12,-5,0,-14,-2,2,-3,2,-2,0,-4,-4,4,-4,1,3,-2,1,6,-1,5,0,-2,-2,0,8,5,0,-2,1,0,2,-1,0,0,0,1,0,0,-1,-10,0,1,5,5,10,16,-5,0,9,-1,-2,-1,8,1,5,0,-3,-4,3,-1,-1,-1,-11,-1,2,0,2,1,0,-5,2,1,-2,4,6,0,5,0,-2,-16,0,6,-3,-3,0,13,-2,1,-2,-3,3,2,0,0,0,6,-2,-3,-5,-1,-3,-6,-4,7,-2,-2,2,2,-6,-3,-5,-2,-3,-2,-2,4,4,2,-6,1,-2,-8,8,6,-1,7,-5,-1,-1,-1,2,-9,-6,10,6,2,-6,2,-8,-1,12,-9,-4,-3,-5,6,3,-5,-4,0,-1,2,-2,3,2,-5,0,-7,10,-2,1,4,-4],"lows":[0,5,0,-1,1,0,0,0,-1,6,0,-6,12,-18,-1,0,0,2,-2,0,-2,-3,-1,2,-2,0,4,-2,0,4,1,5,-3,2,-2,0,5,6,-1,0,1,-1,3,-1,0,1,-1,0,0,0,-17,-1,0,0,1,9,0,20,4,5,2,2,1,0,3,5,6,-7,-1,1,-1,0,1,-10,0,-2,2,0,-1,2,-3,-3,4,2,0,2,3,3,0,4,-17,-1,1,0,0,0,0,0,13,-3,-3,-2,-6,11,2,-2,0,2,-4,2,-2,-1,-6,-9,-5,9,2,-4,3,-4,-1,-6,-10,6,-9,4,-3,0,8,2,-5,0,-6,0,-1,2,3,12,-6,-1,0,2,-4,-23,3,11,9,4,0,0,-10,-2,6,-1,-2,-7,-3,3,5,-2,-6,2,0,-1,-1,1,1,0,-4,-9,7,5,2,0,1],"closes":[0,1,-1,-1,1,0,0,0,2,26,-17,3,-3,-17,0,-2,2,0,-2,0,-2,-1,-3,3,-3,1,3,-2,1,5,-1,6,-4,2,-2,0,7,6,-3,1,1,-2,3,-1,1,0,0,1,-1,1,-12,-3,2,-5,13,5,10,8,1,2,8,-4,0,1,6,2,5,-8,1,1,-3,5,-2,-10,-2,0,2,-1,3,-1,-5,2,2,-1,0,4,6,-1,4,0,-17,-1,1,0,0,0,-1,14,-1,-2,-1,-4,6,1,1,-3,1,6,-5,-3,-2,-1,-6,-5,0,4,-1,0,0,-4,-2,-7,-1,-1,-2,-5,-3,10,4,-3,-4,3,-10,1,8,-5,10,2,-3,-5,1,1,-3,-24,17,5,11,-6,0,1,-11,5,3,-5,-1,-8,0,8,-1,-4,-5,3,-2,-1,0,5,-4,1,-5,-6,15,-4,1,-1,1],"volumes":[2.7,2.7,5.4,4.8,3.6,6.0,2.7,0.9,11.4,39.82,16.2,24.22,12.6,14.25,10.8,18.3,12.6,1.8,17.1,9.0,6.0,7.8,1.2,5.4,1.35,4.52,3.6,1.8,4.5,12.3,15.3,2.4,4.0,1.2,1.2,1.2,7.2,5.4,8.3,3.97,10.9,3.85,10.5,6.7,3.9,7.65,5.15,2.92,10.8,4.52,22.12,28.8,18.0,28.8,36.71,20.44,76.32,46.54,21.15,16.65,38.55,42.93,15.15,8.4,45.45,15.22,23.2,49.8,33.9,9.0,55.28,12.45,4.8,42.45,13.8,9.0,4.2,8.4,37.5,46.2,16.8,25.65,55.5,10.2,16.5,5.1,22.8,9.6,24.0,16.8,32.4,13.2,22.8,32.55,69.75,6.0,33.6,55.8,1.2,14.4,32.4,12.0,26.7,24.0,12.0,10.8,18.0,22.8,28.8,18.0,4.8,6.0,10.8,116.43,88.56,120.17,42.3,37.41,37.91,113.11,107.64,124.81,121.02,92.53,88.23,40.61,19.96,39.15,18.9,22.8,13.5,20.25,72.37,10.2,27.97,63.54,37.02,25.2,19.2,20.19,30.99,11.1,28.2,64.59,43.8,66.99,30.9,23.4,16.2,33.6,11.4,18.6,53.7,21.6,16.2,19.8,16.5,18.3,28.8,8.4,30.0,24.0,10.8,17.66,42.14,26.95,25.11,9.75,19.8,54.48,18.3,21.0,13.25,28.8,7.05]}