{"timestamp":1710028800000,"multiplier":0.001,"open":7805.355,"high":7806.697,"low":7792.791,"close":7794.291,"shift":60000,"times":[1370,1,1,1,1,1,1,1,1,1,1,1,1,1,1,1,1,1,1,1,1,1,1,1,1,1,1,1,1,1,1,1,1,1,1,1,1,1,1,1,1,1,1,1,1,1,1,1,1,1,1,1,1,1,1,1,1,1,1,1,1,1,1,1,1,1,1,1,1,1],"opens":[0,-9468,-2128,-4500,-872,-690,-2438,-7872,-2000,-7794,9064,-4096,-7904,1342,-2374,-1968,-6032,3936,-936,-1064,1128,-4128,5128,2904,-4032,-5000,-5872,-4064,2000,3000,374,-6406,-2032,2032,-1594,-3438,1128,936,-626,1658,-4064,-968,2064,2000,0,968,-658,-1310,936,-4000,2064,1872,96,-4032,-2032,-968,-64,3032,968,0,3096,-1658,2000,-406,2000,3000,968,-562,2658,2968],"highs":[0,-10500,-2438,-3468,-1904,-690,-2438,-7562,-1310,1238,32,-5096,-7872,1310,-1342,-2096,-562,-1000,-2374,2374,-2310,2310,2594,-936,-4032,-3626,-6000,-3374,3968,0,-32,-4562,594,-1968,-968,-3096,2438,-2374,374,658,-2000,968,1064,1310,658,-968,-1690,-1310,936,-626,1690,0,-1000,-3064,-1968,32,1310,2000,626,-32,3406,-2310,1000,2000,1000,3904,-1594,690,4310,1626],"lows":[0,64,-4500,-1096,-904,-1968,-7190,-2906,-8634,1936,3096,-9032,-96,1096,-2096,-4872,-64,1968,-1000,-968,-5000,1968,5096,-1096,-1904,-11690,626,-2064,3032,968,-2000,-2000,-1000,0,-5000,-1000,4128,-1128,96,-2064,0,-32,1032,2096,-128,-1000,96,0,-1000,-1032,1936,64,-3064,0,-2936,0,936,3032,968,-1000,3064,-626,-342,1904,2032,3000,0,406,2658,1936],"closes":[0,-904,-5032,-1032,-532,-2404,-7190,-2906,-7602,10936,-3626,-10342,1032,-2032,-2096,-3904,4342,-3406,-1000,64,-3000,6968,2968,-3594,-5310,-8128,-2000,64,3032,32,-4128,-1904,32,310,-5000,2562,1096,-3096,2438,-4000,1000,1690,0,0,872,1032,-2936,968,-1968,2000,1936,-32,-5968,96,-3064,2000,1000,3064,-96,1000,32,-64,2128,2000,1000,3310,-1310,968,3000,2032],"volumes":[0.006603,0.00183,9.1E-4,0.00117,0.00104,0.00104,0.00195,0.00182,0.00378,0.00972,0.01584,0.01188,0.00972,0.00504,0.00504,0.00792,0.01044,0.0072,0.00216,0.0072,0.01296,0.01656,0.01116,0.0144,0.00612,0.01656,0.01152,0.01152,0.009,0.01008,0.00936,0.00792,0.01008,0.00612,0.01152,0.01044,0.0054,0.00396,0.00576,0.0072,0.0054,0.0108,0.00792,0.00792,0.01188,0.00684,0.0018,0.00252,0.00288,0.00468,0.0072,0.00972,0.00432,0.00216,0.00468,0.00648,0.00684,0.00252,0.00468,0.00216,0.00576,0.00288,0.0072,0.00432,0.0054,0.00396,0.00252,0.00252,0.00684,0.00648]}