{"timestamp":1711238400000,"multiplier":1.0E-5,"open":0.89689,"high":0.89689,"low":0.89687,"close":0.89689,"shift":60000,"times":[1263,1,1,1,1,1,2,1,1,1,3,1,1,1,1,1,1,1,1,1,1,1,2,1,1,1,1,1,1,1,1,1,1,1,1,1,1,1,1,1,1,1,1,1,1,1,1,1,1,1,1,1,1,1,1,1,1,1,1,1,1,1,1,1,1,1,1,1,1,1,1,1,1,1,1,1,1,1,1,1,1,1,1,1,1,1,1,1,1,1,1,1,1,1,1,1,1,1,1,1,1,1,1,1,1,1,1,1,1,1,1,1,1,1,1,1,1,1,1,1,1,1,1,1,1,1,1,1,1,1,1,1,1,1,1,1,1,1,1,1,1,1,1,1,1,1,1,1,1,1,1,1,1,1,1,1,1,1,1,1,1,1,1,1,1,1,1,1,1,1,1,1,1],"opens":[0,1,-4,-4,-2,-8,0,0,-1,2,-2,-1,-1,3,0,7,-7,7,-7,0,3,1,0,0,0,2,3,4,2,4,9,-3,1,-4,7,-3,-18,15,-6,5,3,-5,1,1,0,-1,1,1,0,0,-3,-6,8,-13,35,-8,-1,-1,4,1,13,-9,-16,11,2,2,6,5,1,3,3,2,-2,0,1,12,1,-2,-1,-1,-8,3,8,1,-2,-7,4,2,-2,2,-3,0,1,-1,0,0,7,-1,5,-14,-4,-3,-2,-1,1,2,0,0,0,-4,-7,3,2,7,-4,-3,5,-3,9,-6,-1,-1,1,-8,8,-1,-3,2,2,0,-1,2,-3,1,1,-2,-1,1,1,1,9,-2,-2,6,-2,1,-2,2,-1,7,2,2,3,2,3,-1,4,2,-2,6,-4,-3,-1,0,2,-4,-1,-1,1,6,-5,6,1],"highs":[0,1,-4,-4,1,-11,0,0,2,-1,-2,1,0,3,4,0,-7,7,0,10,-14,1,0,0,2,4,2,2,9,-1,6,-1,1,0,1,-2,-1,-2,-4,5,2,-7,2,0,1,0,0,0,1,1,-1,0,-2,55,-23,-13,-4,4,-2,35,-22,-9,-2,1,-1,5,6,5,0,3,5,-1,-2,1,19,-9,1,-1,-1,0,-3,4,2,0,-3,-1,1,-1,0,0,1,-1,-2,2,-2,8,-1,7,-4,-13,-5,-2,-2,-1,2,0,0,0,0,-4,0,0,8,-3,-2,1,-1,6,0,-4,-3,1,-1,-1,3,2,-7,3,0,0,3,2,-5,0,1,-2,0,0,1,7,2,-2,4,0,1,-2,0,0,6,7,1,0,2,5,-2,1,4,3,-1,1,-3,-3,1,0,-1,-4,-1,0,6,0,3,3,3],"lows":[0,-3,-6,-8,2,0,0,-3,2,2,-4,0,0,3,0,0,0,0,0,0,3,1,0,0,0,2,3,4,2,4,6,0,1,-4,4,-20,2,5,4,4,-1,0,1,1,-3,2,-1,2,1,-9,-13,10,-9,-3,29,-1,-2,2,11,1,4,-18,2,11,0,3,6,6,1,2,4,0,-1,0,2,10,3,-3,-2,-9,-1,6,6,-1,-7,-1,6,-1,1,0,-1,1,-1,0,0,0,8,-1,-10,-4,-1,-3,0,-1,0,3,-1,1,-4,-13,3,5,2,0,1,0,2,-3,5,-1,-9,8,-15,9,6,-2,-12,9,6,-1,0,0,-1,1,0,-1,0,1,-1,3,5,-1,0,5,0,1,-2,2,-1,4,4,2,4,-1,4,1,2,1,1,0,-4,0,0,1,-2,-4,2,0,2,1,-2,4,3],"closes":[0,-5,-2,-1,-9,0,0,-1,1,1,-4,0,3,0,0,0,0,0,7,-3,-1,1,0,0,2,4,2,2,5,3,5,0,1,0,-2,-17,14,-5,2,5,-5,0,2,0,0,0,1,0,0,-5,4,0,-16,37,-13,2,3,4,0,12,-7,-17,14,-2,2,5,5,5,1,3,1,1,-3,4,10,-2,3,-2,-1,-10,6,6,0,-2,-6,3,3,-2,0,0,0,0,-1,0,0,9,-2,6,-17,-4,-1,-2,0,-1,2,0,0,0,-4,-7,7,0,3,-2,-1,3,-2,8,-6,-1,-1,1,-13,11,1,-3,1,2,1,-1,2,-2,1,0,-2,0,-1,2,0,8,0,-2,6,-2,1,0,-1,1,6,2,4,1,0,5,0,2,3,-3,6,-5,-2,0,-2,3,-2,-2,-1,1,6,-4,5,1,2],"volumes":[69.55,32.1,53.5,13.81,59.22,0.37,1.48,2.94,24.1,0.37,1.11,22.51,2.57,13.61,6.5,28.66,1.33,18.6,2.53,125.78,17.49,7.06,6.69,7.79,7.23,9.6,4.8,2.4,14.4,9.6,9.6,3.6,2.4,3.0,4.8,102.6,25.15,16.04,8.0,13.65,25.75,8.0,6.6,2.4,83.8,8.7,31.35,22.8,7.2,291.77,1959.08,2884.05,1277.23,187.65,107.55,70.92,19.35,22.02,4.8,36.6,33.55,81.9,41.35,23.65,14.0,16.8,22.8,18.3,12.15,16.8,14.55,22.2,25.95,42.45,44.7,9.6,2.4,12.0,32.4,33.8,26.4,72.15,27.75,25.2,67.2,183.6,14.4,49.2,25.2,15.6,43.2,26.4,102.0,75.9,26.4,56.2,22.8,45.6,91.75,35.25,7.2,7.2,3.0,7.75,67.65,10.8,9.6,6.0,15.6,23.65,27.6,107.45,404.36,382.0,331.7,321.0,617.87,279.91,206.14,296.25,450.77,47.95,103.15,60.2,29.05,20.4,52.0,62.4,40.8,19.2,31.8,24.25,25.2,24.0,27.6,20.4,22.8,22.8,32.4,22.8,66.5,52.6,48.0,20.4,12.0,6.6,14.4,2.4,14.4,28.8,31.2,18.0,7.2,27.6,13.2,16.8,18.0,28.8,16.8,44.65,43.2,16.8,21.0,17.4,14.4,33.0,6.0,6.0,27.0,25.2,36.0,39.6,45.0]}