{"timestamp":1662854400000,"multiplier":1.0E-5,"open":0.89147,"high":0.89148,"low":0.89147,"close":0.89148,"shift":60000,"times":[1265,2,1,1,1,1,1,1,3,2,2,1,1,1,1,1,1,1,1,1,1,1,1,1,1,1,1,1,1,1,1,1,1,1,1,1,1,1,1,1,1,1,1,1,1,1,1,1,1,1,1,1,1,1,1,1,1,1,1,1,1,1,1,1,1,1,1,1,1,1,1,1,1,1,1,1,1,1,1,1,1,1,1,1,1,1,1,1,1,1,1,1,1,1,1,1,1,1,1,1,1,1,1,1,1,1,1,1,1,1,1,1,1,1,1,1,1,1,1,1,1,1,1,1,1,1,1,1,1,1,1,1,1,1,1,1,1,1,1,1,1,1,1,1,1,1,1,1,1,1,1,1,1,1,1,1,1,1,1,1,1,1,1,1,1,1,1,1,1,1],"opens":[0,-53,-2,-15,15,-68,5,10,7,-5,51,-4,13,-37,46,-11,-17,-39,44,3,23,-18,-5,-2,-10,23,-1,-9,32,-6,-27,-7,37,9,-7,-4,-2,-6,-16,12,-15,17,-67,45,46,-48,-115,119,-33,18,14,99,-5,13,-1,7,6,-13,-3,-18,-10,-9,-6,3,0,2,-3,8,1,-19,-27,-8,5,-7,-3,0,-3,-10,-2,0,1,26,1,-14,2,6,5,-11,32,8,17,-6,-6,5,-7,1,16,17,1,-6,-4,1,9,9,-5,-30,-19,17,5,7,-2,-28,17,-16,6,10,-4,-19,0,5,9,17,-24,-18,14,-13,25,-6,3,1,14,7,-1,-3,-15,0,8,-5,6,14,-28,3,11,2,7,14,-2,2,-1,-10,-8,-13,4,15,1,7,3,3,-2,-3,-10,-15,5,6,-1,6,-13,-25,22,6],"highs":[0,-53,-2,3,-3,-64,14,2,1,-5,51,16,-7,9,0,-8,-14,11,-2,0,22,-6,-6,-10,2,2,-1,29,-6,2,-23,18,10,0,5,-7,1,7,5,-11,6,-8,7,-1,1,-46,5,-1,-1,-3,127,-23,13,8,-4,0,-4,-4,0,-28,-4,-16,4,-5,1,0,5,0,-1,-19,-22,-5,-1,-7,-3,-2,-1,-12,2,-2,30,6,-10,-8,6,12,-9,18,9,18,14,-21,4,-5,-1,18,8,3,0,-6,1,9,9,5,-14,-30,3,5,3,8,-11,-3,-5,-11,8,0,-4,-15,1,14,14,-1,-22,-1,3,6,-1,-2,-1,14,14,-5,-2,-5,-9,5,4,-8,23,-7,-24,13,0,9,13,-2,4,-1,1,-15,-8,-6,23,-6,5,12,-5,-1,-1,-6,-10,-2,0,8,0,-1,-17,-3,10,3],"lows":[0,-53,-2,-15,-46,-12,10,10,7,-5,41,6,13,-41,22,4,-59,8,52,-14,7,7,-2,-11,4,8,2,-2,29,-26,-8,2,37,-10,3,-9,5,-42,1,19,1,-130,83,21,-52,53,-94,97,-41,48,-1,101,4,4,4,12,-7,-3,-16,-10,-7,-8,-2,1,5,-3,2,4,-17,-30,-3,-8,6,-6,0,-3,-15,4,0,-2,5,26,-16,0,2,10,-7,-4,35,6,15,-10,4,-4,0,2,14,17,-3,-25,17,6,8,1,-27,-21,-5,22,8,4,-38,9,2,0,2,6,-14,-1,1,3,9,-4,-25,6,-9,10,15,3,-4,9,14,7,-6,-20,0,5,5,-3,8,-12,-1,2,8,3,6,16,0,0,-10,-9,-13,-3,9,9,5,7,2,-2,-5,-5,-12,0,5,1,3,-9,-22,-11,23,7],"closes":[0,-53,-2,-3,-59,-2,14,2,1,-5,49,18,-7,9,-10,-12,-61,72,-2,0,14,-12,2,-24,21,0,-8,39,-12,-13,-10,19,9,1,7,-5,-16,-15,5,-11,14,-135,131,34,-106,61,3,-24,14,9,96,-6,12,-1,11,-3,-4,-4,-19,-6,-11,-8,4,0,2,-3,6,2,-17,-28,-8,6,-5,-7,1,-2,-15,0,1,2,31,-4,-13,3,3,7,-13,32,9,16,-5,-1,0,-8,4,16,11,4,-5,-5,3,9,9,-6,-30,-18,15,8,6,-4,-27,18,-18,7,10,-6,-16,0,4,14,13,-24,-20,13,-12,27,-8,4,1,13,11,-3,-5,-13,-2,9,-2,-5,22,-27,-1,14,1,9,12,0,2,-2,-11,-9,-13,7,15,0,7,1,3,0,-8,-5,-14,7,4,0,4,-13,-24,21,8,-3],"volumes":[2.4,4.8,2.4,9.6,6.0,3.6,4.8,3.6,1.2,1.2,6.0,4.8,1.2,13.2,22.2,9.6,8.66,14.22,6.44,11.38,24.42,15.6,13.5,10.32,14.08,9.6,7.8,28.5,9.6,18.9,8.7,16.8,8.4,17.4,12.6,22.2,8.4,21.9,62.84,23.36,31.64,45.0,105.9,31.14,40.04,7.2,23.7,7.2,24.44,18.0,175.4,138.14,101.6,134.88,161.4,98.72,57.14,47.4,62.86,67.5,56.4,29.7,48.98,64.78,20.56,75.14,59.4,37.8,114.84,153.6,171.32,117.28,78.0,71.76,63.12,52.88,46.08,23.28,15.6,19.2,87.0,98.4,72.88,62.82,48.42,26.54,87.8,144.7,134.82,140.96,83.08,54.28,29.54,58.76,64.48,53.68,77.78,44.68,38.52,58.84,63.42,35.4,52.3,65.52,41.34,145.54,98.06,40.84,60.14,80.5,119.44,85.46,54.28,37.74,43.76,80.54,55.54,49.62,33.72,47.96,81.0,40.92,70.48,90.0,63.9,147.6,64.8,40.8,32.4,26.4,49.2,20.4,40.8,51.4,57.56,77.08,51.14,60.6,36.28,49.3,63.24,42.62,46.58,47.68,85.9,36.52,54.38,53.52,71.84,45.68,45.48,61.32,87.02,53.28,35.04,81.84,76.92,87.16,46.46,51.24,77.34,76.92,43.16,84.76,46.58,81.78,109.0,133.04,90.96,120.36]}