{"timestamp":1664064000000,"multiplier":0.001,"open":1643.458,"high":1645.348,"low":1642.978,"close":1643.965,"shift":60000,"times":[1320,1,1,1,1,1,1,1,1,1,1,1,1,1,1,1,1,1,1,1,1,1,1,1,1,1,1,1,1,1,1,1,1,1,1,1,1,1,1,1,1,1,1,1,1,1,1,1,1,1,1,1,1,1,1,1,1,1,1,1,1,1,1,1,1,1,1,1,1,1,1,1,1,1,1,1,1,1,1,1,1,1,1,1,1,1,1,1,1,1,1,1,1,1,1,1,1,1,1,1,1,1,1,1,1,1,1,1,1,1,1,1,1,1,1,1,1,1,1,1],"opens":[0,485,-1121,210,183,-217,-583,-457,-760,-326,-574,1154,1816,-90,-455,645,-36,590,501,-25,17,-200,-17,717,183,-413,63,-283,100,500,400,-982,113,-423,200,440,-261,-190,-119,-150,159,241,-510,-250,-40,-200,259,-269,-80,392,18,380,-68,-310,278,200,-100,-608,108,202,-43,-427,260,393,60,-130,-190,-320,-250,250,-130,-20,-260,-400,147,180,-17,17,280,-181,201,257,-287,-70,-143,373,310,90,220,-230,-130,250,140,308,-288,-300,-230,70,-20,-110,-150,-460,-130,33,-210,-113,610,280,-790,-30,130,-202,452,500,143,217,-270,60,190,40],"highs":[0,-783,-550,-600,-37,-363,-500,-557,-43,-900,500,1723,400,-275,252,-247,547,1083,517,-982,-110,-208,708,192,0,-350,100,-292,600,292,100,-872,-10,-20,90,90,-90,-390,-80,-31,431,-190,-500,0,-300,100,-10,-290,302,67,331,159,-227,-32,200,250,-350,-441,200,-37,-63,-177,413,280,-180,-90,-270,-120,-20,-130,-170,-20,-280,-253,230,110,-120,200,100,-50,360,-93,-179,-28,50,370,190,60,50,-250,90,270,210,-2,-288,-217,-133,-110,230,-300,-170,-410,-17,-140,-100,370,387,-57,-613,103,-143,190,623,57,68,345,-363,90,100,130],"lows":[0,-125,-188,-67,-26,-374,-336,-1159,195,-700,100,1017,1813,-813,408,90,329,780,311,89,-179,-345,400,485,40,-375,105,-188,300,500,-572,-10,-341,31,180,189,-190,-190,-249,-20,290,-111,-379,0,-400,200,0,-121,31,69,321,100,-48,-30,278,-40,-478,-172,270,32,-323,43,260,393,-80,-180,-410,-160,-10,110,-70,-190,-443,-37,130,180,10,27,218,-95,215,-200,0,-20,-80,402,360,-130,168,-88,-212,412,190,-57,-245,-388,20,20,80,-220,-412,-295,30,-40,-195,-8,620,-597,-13,170,-70,-130,580,500,130,-160,60,90,150,0],"closes":[0,-800,-133,183,-100,-700,-517,-783,-200,-700,1237,1786,-60,-555,792,-83,583,508,-190,210,-221,-7,700,200,-292,-158,-200,100,500,400,-972,190,-540,230,380,-200,-101,-279,-180,259,241,-421,-379,0,-200,222,-222,-90,390,0,400,0,-348,248,200,-240,-391,-67,357,-100,-449,252,423,80,-150,-190,-320,-230,230,-130,-20,-260,-373,120,203,137,-147,217,-67,117,288,-268,-100,-140,340,370,60,160,-200,-100,220,140,340,-280,-287,-253,160,-150,-60,-190,-370,-197,40,-150,-163,540,350,-807,-20,187,-240,470,510,98,132,-220,10,290,-70,190],"volumes":[0.07091,0.03895,0.01784,0.01495,0.0193,0.03012,0.02435,0.02365,0.01392,0.01308,0.0096,0.01149,0.01043,0.00631,0.00588,0.00654,0.01348,0.01488,0.01734,0.00609,0.00464,0.00432,0.00726,0.009,0.00606,0.01174,0.0092,0.00824,0.00976,0.01434,0.01419,0.00156,0.0073,0.0069,0.0021,0.0041,0.00556,0.00424,0.00372,0.00356,0.00392,0.00446,0.00237,0.00376,0.00304,0.0028,0.00356,0.0032,0.00324,0.00559,0.003,0.00422,0.00218,0.0029,0.00342,0.00454,0.00396,0.00654,0.00338,0.00552,0.01206,0.00492,0.01434,0.00842,0.00896,0.0137,0.01314,0.01342,0.00768,0.00672,0.00626,0.00872,0.00972,0.01156,0.00614,0.01038,0.00624,0.00466,0.00542,0.00396,0.00733,0.01,0.00788,0.0056,0.00894,0.01002,0.00696,0.00552,0.00456,0.00246,0.00564,0.00924,0.0045,0.00437,0.00654,0.00972,0.00828,0.0036,0.00696,0.00594,0.01006,0.00986,0.009,0.00649,0.00792,0.02739,0.01428,0.0182,0.03116,0.0134,0.01266,0.01466,0.01948,0.01596,0.00758,0.01421,0.0081,0.00546,0.0059,0.01592]}