{"timestamp":1313280000000,"multiplier":1.0E-5,"open":1.02243,"high":1.0227,"low":1.02243,"close":1.02251,"shift":60000,"times":[1260,1,1,1,1,1,1,1,1,1,1,1,1,1,1,1,1,1,1,1,1,1,1,1,1,1,1,1,1,1,1,1,1,1,1,1,1,1,1,1,1,1,1,1,2,1,1,1,1,1,1,1,1,1,1,1,1,1,1,1,1,1,1,1,1,1,1,1,1,1,1,1,1,1,1,1,1,1,1,1,1,1,1,1,1,1,1,1,1,1,1,1,1,1,1,1,1,1,1,1,1,1,1,1,1,1,1,1,1,1,1,1,1,1,1,1,1,1,1,1,1,1,1,1,1,1,1,1,1,1,1,1,1,1,1,1,1,1,1,1,1,1,1,1,1,1,1,1,1,1,1,1,1,1,1,1,1,1,1,1,1,1,1,1,1,1,1,1,1,1,1,1,1,1,1,1,1,1,1],"opens":[0,-14,-2,19,-20,35,-2,-4,-2,38,11,-6,0,0,-14,31,-14,25,-1,14,-17,-2,0,0,8,30,-39,71,-115,47,18,9,7,17,4,36,-43,-6,-2,-3,0,0,0,0,45,9,-53,30,43,15,18,-11,-22,1,-9,-5,-15,0,8,0,-37,-5,-5,19,-9,-2,-1,7,15,60,-9,9,-44,-6,6,4,-10,15,-9,-21,11,5,-16,21,2,-4,-9,31,0,-5,57,56,46,42,28,-6,16,0,-19,-26,11,-1,19,21,-45,-51,10,11,31,-25,28,31,-16,-1,5,-7,10,-16,-26,11,0,-17,-33,-4,9,-8,9,21,8,-22,9,-12,-9,0,20,7,9,-2,-6,-7,8,7,2,32,12,-5,19,-33,-5,6,10,5,-2,-7,-5,8,-8,28,16,16,-6,15,-21,9,-2,3,35,11,-6,26,-5,-2,-12,0,5,6,-8,-4,61],"highs":[0,-41,13,4,15,0,-2,-4,38,20,-11,-6,6,-6,15,13,-25,27,16,-5,10,-29,0,38,0,0,-39,73,-74,21,9,7,18,5,40,-5,-12,-37,30,-35,0,44,-44,0,55,-1,-53,79,15,-6,19,-12,-11,-10,-6,-8,-15,0,8,10,-47,-5,15,-1,-2,-9,6,25,39,22,-10,-1,-35,-9,4,5,-9,15,-15,-3,-2,20,-15,0,2,2,16,0,10,37,62,45,56,30,-1,11,-15,5,-15,-12,-9,31,4,0,-34,-52,22,20,0,7,28,0,-12,-6,24,4,-20,-16,-14,5,0,-23,-32,4,11,-10,20,9,1,-16,5,-14,-9,27,0,10,8,-11,-7,3,1,13,25,29,-9,7,-1,-28,-4,13,13,-10,0,-6,3,-4,27,7,22,-4,13,-4,-8,-4,17,21,14,12,17,0,-15,0,-16,5,8,-1,-3,47,51],"lows":[0,-15,-29,45,-18,28,2,-12,9,11,25,7,0,-16,2,31,-14,24,-2,-11,10,-2,0,0,8,30,-39,26,-70,8,56,9,7,18,4,36,-43,-7,-2,-2,0,0,0,0,45,0,-44,30,43,14,9,-9,-14,0,-14,-6,-8,0,8,-35,-7,-12,6,11,-3,0,-7,12,10,16,41,-45,1,-10,-1,6,-6,10,-10,0,11,-11,-2,20,-28,0,20,30,-12,8,57,56,39,40,2,29,16,-20,-25,-6,2,14,15,-27,-43,-1,9,10,8,-3,27,11,5,2,-3,1,-6,-21,-6,2,-5,-52,0,5,8,0,10,1,6,-8,1,-6,-2,3,11,16,7,-4,-13,-2,11,9,-4,34,7,5,-13,-7,-10,17,10,2,-10,-5,4,-13,13,26,18,-2,11,-5,-6,3,10,3,9,17,14,8,8,-11,1,-1,4,-1,-2,-2,48],"closes":[0,-23,14,2,17,-4,2,-15,49,-6,8,1,6,-20,29,9,-21,24,19,-18,23,-29,0,33,5,0,-39,26,-27,21,9,7,18,5,40,-5,-14,-36,31,-35,0,44,-44,0,55,-10,-44,73,6,8,9,-9,-14,0,-13,-7,-8,0,8,-29,-13,-10,24,-2,-10,0,7,25,39,21,-9,-46,-5,6,4,-10,6,-1,-20,10,5,-15,20,-2,1,-9,31,-1,-5,53,62,45,56,14,4,10,-4,-19,-26,24,-18,39,5,-46,-49,9,9,32,-24,25,35,-20,0,2,0,8,-16,-21,2,0,-11,-35,-3,8,-8,9,20,9,-18,3,-8,-11,-1,21,5,11,-1,-5,-10,8,2,10,28,17,-8,20,-33,-5,0,17,2,2,-9,-4,3,-12,31,15,21,-3,7,-11,7,-9,7,30,17,-21,40,-5,-5,-9,0,0,11,-9,1,53,53],"volumes":[96.540568,1.5,13.06,3.68,5.91,3.68,5.04,2.93,22.79,66.06,7.9,1.43,5.04,1.05,3.16,8.72,0.15,7.15,12.4,35.17,48.56,3.08,6.16,18.19,5.94,2.33,6.16,74.89214,4.36,26.09,14.36,13.46,19.95,7.07,25.18,2.26,14.19,5.1,8.49,7.65,2.55,5.94,2.55,2.55,3.39,4.52,9.35,22.6,18.08,2.26,10.45935,11.7444,18.08,2.64,10.17,5.65,1.13,1.13,0.38,25.56,15.82,25.2,28.07,8.25,9.0,5.65,16.74,23.61,71.3,83.46,23.78,55.77,68.9,40.3,59.83,29.9,36.6,39.03,29.4,33.11,28.89,35.23,40.55,5.62,28.07,99.05,47.55,17.7,22.19,55.07,61.52,52.65,50.83,52.49,82.2,32.88,15.6,26.38,35.45,18.1,66.3,35.2,38.35,80.16,80.4,16.5,49.88,35.7,14.9,70.78,38.3,56.13,24.0,3.0,47.06,24.9,14.4,15.1,23.15,49.6,46.3,104.8,36.45,41.95,77.5,19.1,26.8,51.38,33.1,90.9,45.75,38.25,17.25,78.75,49.65,29.25,53.8,36.0,90.75,132.75,70.5,74.8,156.75,112.3,110.6,86.25,116.05,44.25,89.86,36.61,41.52,33.75,90.68,72.68,54.75,20.25,62.08,51.39,30.77,43.76,67.09,47.93,125.25,33.95,40.7,117.25,189.48,200.48,168.91,126.56,66.3,93.6,37.75,70.85,73.05,56.5,21.15,80.85,137.34]}