{"timestamp":1312675200000,"multiplier":1.0E-5,"open":1.04235,"high":1.04287,"low":1.04221,"close":1.04285,"shift":60000,"times":[1260,1,1,1,1,1,1,1,1,1,1,1,1,1,1,1,1,1,1,1,1,1,1,1,1,1,1,1,1,1,1,1,1,1,1,1,1,1,1,1,1,1,1,1,1,1,1,1,1,1,1,1,1,1,1,1,1,1,1,1,1,1,1,1,1,1,1,1,1,1,1,1,1,1,1,1,1,1,1,1,1,1,1,1,1,1,1,1,1,1,1,1,1,1,1,1,1,1,1,1,1,1,1,1,1,1,1,1,1,1,1,1,1,1,1,1,1,1,1,1,1,1,1,1,1,1,1,1,1,1,1,1,1,1,1,1,1,1,1,1,1,1,1,1,1,1,1,1,1,1,1,1,1,1,1,1,1,1,1,1,1,1,1,1,1,1,1,1,1,1,1,1,1,1,1,1,1,1,1,1],"opens":[0,50,4,24,55,3,51,-40,1,-11,-4,73,-28,-42,-32,24,9,-41,-87,-100,34,53,-53,-10,50,5,-49,16,28,-13,20,27,14,-10,2,19,50,6,-8,14,27,-27,26,-2,3,0,6,-16,-41,4,-2,-51,3,0,5,21,-35,11,-32,-76,-10,-83,-90,-2,35,41,30,76,-39,-78,37,-36,-88,-128,6,-35,83,16,-22,-3,4,-14,-12,-38,40,80,-12,3,4,-4,-30,-28,20,68,83,-41,-44,17,-11,5,42,-37,1,41,-40,13,-28,14,-19,63,-32,-32,-2,-102,-17,-27,29,-9,34,-79,3,86,-16,86,-9,-16,8,67,95,43,53,-51,15,-12,-83,68,-2,-66,24,-28,10,-1,53,0,69,-6,25,-5,-54,-64,-22,-11,50,31,85,16,34,4,55,-45,34,-9,-59,-22,-9,5,20,14,-123,16,-21,63,-16,-56,-94,-72,4,47,-12,-99],"highs":[0,16,24,90,-26,48,-17,-26,-11,-9,73,-6,-28,-26,-27,23,-9,-45,-72,-75,46,27,-51,4,62,-49,-35,31,-1,16,15,36,-11,-18,44,24,22,-8,1,46,-9,0,-11,4,-3,8,-2,-16,-31,-6,1,-18,-33,7,19,14,-24,-14,-32,-73,15,-111,-84,52,32,12,98,-13,-46,-27,19,-48,-107,-74,-31,35,52,-29,-34,37,-30,-20,-13,-2,84,4,-7,5,13,-22,-32,-17,77,74,24,-38,-33,27,-42,47,-8,-36,43,4,-5,-11,-30,13,41,-11,-29,-14,-18,-103,-21,10,-8,55,-30,-37,60,-9,71,16,-15,-19,61,93,55,64,-19,-5,-21,-22,-19,4,19,-73,15,0,-19,60,-1,62,7,10,17,-24,-35,-75,-24,35,36,97,11,23,17,52,-12,-11,3,-13,-59,-19,-5,27,11,3,-125,10,42,2,-19,-56,-94,-54,56,-3,-28,-57],"lows":[0,47,21,9,63,10,11,-16,6,-27,23,35,-27,-34,-15,35,-38,-98,-99,9,42,-5,-36,26,48,-41,3,17,19,-10,13,40,4,0,0,4,55,10,0,14,-4,2,8,14,5,-4,-2,-54,6,3,-69,14,-7,4,19,-10,-19,-17,-90,9,-75,-119,-21,40,32,38,42,35,-76,-22,23,-88,-207,72,-41,18,79,-17,-25,17,-3,-36,-3,-33,59,62,3,11,-1,-52,-39,28,34,72,2,-34,27,-1,-5,19,6,-51,44,-11,11,6,-24,6,1,-3,-1,-13,-85,-50,-12,2,30,2,-47,-1,7,59,3,75,-7,1,8,61,101,43,-10,5,6,-79,-10,47,-36,-12,9,-20,18,4,13,45,43,20,20,-57,-64,-19,-62,48,53,28,87,15,30,10,4,2,29,-62,-18,-30,-6,27,24,-110,-38,16,14,33,-46,-86,-149,73,8,20,-93,-13],"closes":[0,1,23,52,0,59,-38,4,-14,-10,82,-28,-39,-33,18,5,-41,-84,-96,31,53,-57,-8,44,14,-49,3,42,-10,16,19,20,-8,0,18,23,36,-8,14,26,-25,25,-7,5,1,5,-10,-44,4,-6,-53,11,-9,14,19,-26,1,-34,-85,-4,-74,-95,-1,32,45,28,72,-35,-76,45,-44,-88,-130,3,-30,83,15,-23,0,3,-12,-15,-37,36,84,-23,14,1,0,-31,-28,11,76,75,-41,-43,27,-8,-6,47,-36,-1,43,-42,5,-6,3,-21,64,-49,-18,1,-99,-19,-23,24,-7,33,-79,0,89,-16,90,-14,-16,5,68,93,42,62,-51,12,-10,-86,64,2,-65,13,-16,3,4,52,2,67,-11,31,-5,-54,-67,-19,-13,52,31,93,10,32,2,57,-45,33,-8,-59,-21,-10,5,23,13,-126,7,-11,63,-16,-57,-90,-77,4,52,-15,-108,34],"volumes":[11.21,8.13,11.76,30.03,6.59,23.46,16.65,27.0,15.38,15.0,28.45,21.97,12.61,38.37,9.23,14.93,40.59,44.94,57.13,38.47,127.62,80.11,104.38,90.14,64.18,49.29,48.92,37.69,4.52,24.18,47.0,34.79,15.41,4.08,48.77,58.06,51.04,25.38,8.27,43.01,22.75,61.1,12.47,16.13,12.0,36.78,13.65,55.18,42.23,10.5,37.65,84.7,21.05,7.79,13.0,37.29,55.9,33.96,80.43,5.87,44.75,140.79,118.99,166.51,157.87,132.88,188.61,214.93,149.46,198.52,140.43,168.84,223.22,167.36,125.17,153.52,112.21,122.68,88.66,121.79,89.36,163.43,80.97,129.93,129.69,117.33,48.7,71.01,66.79,187.8,156.98,102.63,131.29,85.13,169.7,142.72,126.88,122.94,64.7,77.0,30.87,131.16,81.28,74.97,125.78,41.0,113.25,50.75,153.0,167.95,86.33,90.22,161.59,178.8,64.23,56.37,46.08,120.96,111.62,102.09,121.15,102.75,80.09,88.91,49.1,29.3,61.71,125.44,138.48,169.24,118.81,109.46,88.05,131.32,130.49,105.65,149.88,79.6,80.3,154.39,59.96,122.7,174.93,143.52,176.38,113.59,81.67,87.79,128.79,103.91,180.04,97.07,109.98,180.32,86.97,115.03,65.95,119.95,142.3,118.72,47.68,129.88,92.66,157.26,153.0,85.58,76.78,218.73,205.39,211.53,114.28,139.65,134.48,200.43,278.57,119.91,173.43,151.28,189.34,196.92]}