{"timestamp":1314489600000,"multiplier":1.0E-5,"open":1.05847,"high":1.05866,"low":1.05836,"close":1.05862,"shift":60000,"times":[1260,1,1,1,1,1,1,1,1,1,1,1,1,1,1,1,1,1,1,1,1,1,1,1,1,1,1,1,1,1,1,1,1,1,1,1,1,1,1,1,1,1,1,1,1,1,1,1,1,1,1,1,1,1,1,1,1,1,1,1,1,1,1,1,1,1,1,1,1,1,1,1,1,1,1,1,1,1,1,1,1,1,1,1,1,1,1,1,1,1,1,1,1,1,1,1,1,1,1,1,1,1,1,1,1,1,1,1,1,1,1,1,1,1,1,1,1,1,1,1,1,1,1,1,1,1,1,1,1,1,1,1,1,1,1,1,1,1,1,1,1,1,1,1,1,1,1,1,1,1,1,1,1,1,1,1,1,1,1,1,1,1,1,1,1,1,1,1,1,1,1,1,1,1,1,1,1,1,1,1],"opens":[0,16,-5,0,-2,10,-5,-2,-8,6,1,6,-38,-22,7,9,5,-6,-2,-11,-3,-9,8,-4,-3,19,-33,3,-6,0,7,0,-3,-5,0,-2,-42,-34,6,4,8,-14,27,-30,0,-7,0,0,10,29,0,7,0,4,22,-5,3,-18,2,4,10,-51,-3,-31,-5,-26,-1,22,-18,5,-7,0,17,-7,-11,-14,29,6,5,-1,44,9,0,1,25,-35,0,12,-1,-4,9,14,5,10,8,7,-8,-5,1,6,-2,-12,0,5,6,4,27,28,-21,2,18,0,-4,-11,-9,-21,-2,17,-35,-6,21,-4,3,2,-13,-22,11,1,1,11,-17,4,-32,-2,-4,9,-11,-3,-4,9,-14,3,0,20,22,-11,0,-11,-9,-10,-21,-31,-15,-12,17,-9,46,8,-31,3,10,-31,17,8,14,6,29,38,-5,-22,10,-2,29,41,-39,10,-7,5,-9,-60],"highs":[0,-3,-5,8,-2,2,-5,0,-3,4,2,0,-38,-2,-4,15,-10,-6,2,-10,-8,-1,0,19,-26,19,-8,-22,-6,0,7,0,-3,-1,-1,0,-43,-33,9,4,28,-42,27,-30,0,-7,0,0,33,6,6,4,-3,28,-2,-5,3,-12,-4,4,10,-51,-3,-30,-6,-22,30,-13,-10,-3,-4,11,9,-13,6,-1,-1,13,-2,46,6,0,7,19,0,-30,15,-8,-1,3,18,4,9,17,3,-5,-4,-3,2,0,-1,-13,4,4,3,30,32,1,-24,23,-4,3,-6,0,-22,-21,8,18,-46,14,13,-13,3,-1,-13,-11,0,5,10,1,-15,-1,-31,6,-6,6,-6,-10,4,0,-3,-9,22,23,-3,-10,-1,-11,-8,-10,-22,-31,-8,10,-9,33,14,-5,-19,4,-3,-15,10,12,7,28,41,16,-23,-12,0,27,59,-18,-26,-1,-2,0,-11,-21],"lows":[0,25,-3,-11,9,8,-3,-10,-3,8,2,-37,-19,-4,13,-3,14,-4,-15,-13,-17,12,17,-4,-3,6,-25,6,-4,0,7,-3,-4,-4,-1,-36,-42,0,7,5,-1,-6,30,-30,0,-7,-1,1,10,29,0,7,-1,5,21,-6,-9,-4,2,4,-38,-6,-29,-7,-24,-38,22,13,3,-13,-11,23,10,-11,-11,-3,28,7,4,0,44,9,-6,7,-10,-4,3,13,-10,3,10,13,7,9,9,-13,6,1,-6,8,-11,-16,8,15,4,4,21,9,6,-8,19,7,-16,-6,-25,0,2,-17,-13,5,4,4,7,-4,-26,2,-4,15,3,-6,0,-42,4,3,-4,4,-19,7,2,-8,5,2,1,20,11,-9,-1,-11,-9,-23,-28,-32,3,-13,2,18,48,-29,6,3,-23,2,15,3,21,6,29,31,-21,-4,8,5,29,0,-3,-2,9,-3,-90,20],"closes":[0,0,-4,2,4,0,-3,-10,4,1,8,-38,-24,8,8,8,-4,-4,-15,-13,4,6,2,-1,-6,9,-17,-5,-4,0,7,-3,-4,3,-7,-37,-42,9,1,7,-6,-6,30,-30,0,-7,-1,1,33,6,6,4,-4,29,-3,-6,-8,1,-4,4,-38,-6,-29,-7,-23,-4,25,-25,9,-10,-8,21,0,-11,-11,26,-1,8,3,42,11,0,1,25,-35,2,10,0,-7,8,17,6,8,9,6,-8,-5,2,6,-3,-13,-1,8,4,0,33,30,-29,7,21,-3,-1,-13,-8,-16,-9,11,-27,-8,21,-3,0,6,-13,-24,12,-3,5,12,-18,5,-33,-1,-3,4,-6,-4,-5,9,-19,9,-2,21,22,-11,1,-11,-11,-9,-23,-27,-21,-7,23,-15,44,13,-34,2,12,-33,16,10,12,7,28,41,-9,-21,11,-2,29,42,-41,9,-5,6,-10,-59,27],"volumes":[12.0,3.75,0.75,7.05,1.43,3.31,2.25,3.75,10.47,5.1,9.0,26.11,9.38,10.73,9.75,13.13,3.01,0.76,9.38,8.26,32.28,33.53,2.26,22.91,1.13,30.86545,38.84,2.26,1.58,3.16,3.39,5.65,2.18,8.19,8.27,40.35,43.84,7.13,9.39,7.5,15.7,5.7,0.75,1.65,1.58,1.85,4.46,1.63,1.8,0.75,3.66,3.24,2.16,50.73,2.16,2.91,32.98919,3.62,1.08,0.33,20.26,5.52,23.28,15.5,32.64,96.34,90.24,31.98,17.9,27.55,100.3,26.94,25.73,17.53,51.54,36.46,26.41,14.78,5.63,91.91,18.51,6.63,35.07,53.54,28.94,13.5,29.1,4.32,15.81,24.22,15.54,7.56,33.81,43.66,31.01,43.12,25.4,18.12,27.62,38.07,63.11,22.82,24.94,4.37,5.7,57.45,63.75,61.86,10.5,72.76,45.97,16.71,55.29,42.76,46.17,18.42,16.5,80.9,22.8,27.22,98.16,37.68,33.45,13.38,42.73,33.55,51.39,30.12,22.0,42.98,15.76,112.34,71.52,44.52,32.25,24.57,91.23,24.0,15.38,25.48,42.75,11.25,64.05,31.02,18.33,15.75,21.75,14.25,17.82,57.34,47.21,79.36,53.44,118.62,97.48,101.5,36.24,49.3,26.07,19.38,64.57,26.52,39.0,53.25,6.0,49.21,90.02,61.93,25.57,18.97,25.27,43.85,104.25,105.58,82.22,73.0,45.25,37.73,129.77,130.66]}