{"timestamp":1312675200000,"multiplier":1.0E-5,"open":1.44152,"high":1.44251,"low":1.44129,"close":1.44239,"shift":60000,"times":[1260,1,1,1,1,1,1,1,1,1,1,1,1,1,1,1,1,1,1,1,1,1,1,1,1,1,1,1,1,1,1,1,1,1,1,1,1,1,1,1,1,1,1,1,1,1,1,1,1,1,1,1,1,1,1,1,1,1,1,1,1,1,1,1,1,1,1,1,1,1,1,1,1,1,1,1,1,1,1,1,1,1,1,1,1,1,1,1,1,1,1,1,1,1,1,1,1,1,1,1,1,1,1,1,1,1,1,1,1,1,1,1,1,1,1,1,1,1,1,1,1,1,1,1,1,1,1,1,1,1,1,1,1,1,1,1,1,1,1,1,1,1,1,1,1,1,1,1,1,1,1,1,1,1,1,1,1,1,1,1,1,1,1,1,1,1,1,1,1,1,1,1,1,1,1,1,1,1,1,1],"opens":[0,85,-8,-10,5,10,-38,-18,-70,-111,-7,15,39,-15,-14,11,-32,-104,-56,-35,-9,-15,-77,-63,12,-32,35,41,-26,-29,-21,25,-31,36,-13,39,-7,41,-7,0,38,-37,25,14,19,-28,14,-16,34,3,41,-13,-9,-20,48,52,-25,-73,-27,11,-42,-146,-5,-132,85,-65,51,57,-154,-111,135,-51,-51,30,32,13,-25,-35,9,-25,-97,23,-6,-40,-7,10,11,7,5,40,11,-38,5,-38,-8,-89,-36,37,-50,90,32,-2,-18,60,4,25,-22,27,-17,-59,-13,-6,-13,-62,8,-5,36,-34,-25,-107,-39,66,1,83,-45,29,2,53,101,-4,38,31,42,28,-54,-13,22,-4,-1,-63,3,19,-11,-3,29,12,-25,-15,-30,-43,-76,-113,38,85,-12,10,23,-3,47,-29,17,6,-24,-4,-3,-25,55,10,-36,8,1,15,34,10,-87,-34,-13,53,4,-36],"highs":[0,9,-5,-25,16,-9,-32,-21,-67,-120,7,39,3,-9,-1,-10,-32,-93,-62,-32,-12,-12,-85,-14,-29,11,28,12,-20,-22,-11,-11,5,-2,22,26,18,13,12,-2,14,-17,1,20,5,-1,3,0,4,40,27,1,-48,21,41,22,-13,-89,-9,-7,-42,-124,-21,-55,79,-76,48,8,-168,26,-2,-51,-4,45,-8,8,-6,-36,-23,-26,-52,16,-40,-28,-8,6,4,7,38,33,-17,-22,-15,-22,-12,-100,14,-9,35,54,10,-6,17,12,19,19,-18,0,-2,-71,7,-28,-7,-42,4,23,-16,2,-61,-105,27,14,68,26,-39,9,59,90,23,24,13,37,41,-6,-56,12,30,-37,-1,-37,-4,26,-33,23,24,-10,-13,-28,4,-73,-82,-57,73,20,-24,27,-6,43,8,-9,-2,-4,-16,-7,-6,32,6,3,-28,5,13,39,0,0,-87,-29,53,13,-26,-14],"lows":[0,44,9,8,-9,25,-19,-81,-123,-25,-14,61,-7,7,-5,-17,-93,-61,-50,0,-2,-89,-104,33,-11,9,35,24,-30,-42,13,-9,3,36,-13,26,6,18,1,15,32,-31,25,14,-11,-10,1,9,34,-12,48,-19,-14,-1,47,30,-95,-45,30,-31,-146,-27,-117,4,33,-4,27,-78,-114,2,77,-47,6,31,18,6,-37,-18,-37,-57,-6,20,-36,-10,0,8,4,12,7,21,-38,0,-1,-18,-71,-73,2,7,10,85,30,-10,-18,68,7,8,-31,39,-58,-39,12,-21,-51,-1,1,8,-3,-20,-120,-66,31,68,4,19,23,23,8,47,96,-3,6,56,58,-26,-52,4,49,-27,-29,-16,14,11,-43,35,23,-6,-12,-55,-17,-77,-144,31,38,43,24,16,12,7,14,3,17,-16,-6,-5,-25,4,51,-36,-5,13,14,-3,50,-74,-71,22,2,40,-24,-21],"closes":[0,-29,14,-4,13,-26,-20,-65,-120,-14,10,45,-15,-13,-6,-13,-104,-60,-26,-23,-6,-84,-68,22,-20,15,52,-20,-30,-33,27,-32,41,-2,18,5,30,-8,46,-2,5,-8,1,20,-17,14,-31,41,4,40,-2,-23,-14,40,41,-5,-95,-16,23,-53,-140,-3,-142,93,-61,49,54,-149,-121,145,-53,-41,20,39,6,-12,-49,10,-25,-96,22,-6,-37,-10,10,12,5,6,30,21,-37,-4,-30,-6,-86,-48,51,-59,90,32,3,-18,59,2,17,-7,21,-19,-58,-11,-12,-11,-65,13,-3,34,-33,-25,-113,-36,68,0,84,-55,37,3,56,98,-3,49,20,33,37,-55,-5,15,-4,-1,-60,-1,20,-10,-4,25,12,-12,-22,-35,-39,-77,-114,40,88,-17,11,27,-12,50,-23,17,3,-25,-3,-4,-24,55,9,-35,8,0,17,32,9,-86,-34,-14,54,5,-37,-10],"volumes":[17.52,25.46,10.87,18.42,17.68,6.45,7.13,22.5,46.23,35.25,21.95,4.71,10.0,2.61,8.79,6.73,26.08,19.49,12.81,11.61,28.07,96.73,116.44,48.15,45.91,29.69,25.87,11.57,24.6,40.87,28.37,15.29,11.78,1.43,22.28,14.63,21.47,14.89,34.57,13.8,7.88,4.5,3.3,8.25,162.65,26.48,21.31,11.78,4.5,44.34,20.15,20.58,1.68,30.66,29.0,58.31,36.67,139.68,36.19,7.5,67.03,161.98,165.1,148.67,258.15,163.54,189.9,242.15,349.03,382.57,230.74,113.18,226.7,270.42,117.65,107.4,159.85,163.12,131.35,124.39,174.77,104.83,95.09,122.24,64.4,75.18,48.77,37.35,113.16,188.49,198.11,141.22,113.36,77.58,201.02,175.3,183.19,192.27,157.59,211.85,109.49,132.44,176.78,137.55,155.14,102.01,114.32,60.31,85.2,159.8,98.9,61.55,115.35,83.86,83.34,94.18,63.64,74.3,181.23,211.86,185.18,109.96,93.39,134.17,67.05,40.89,71.34,155.19,134.57,101.9,121.86,236.69,152.81,116.3,242.26,172.0,154.92,117.53,117.5,185.97,80.01,163.66,269.89,324.63,188.35,275.68,285.95,317.84,210.25,392.86,387.57,254.0,259.21,396.86,263.05,276.0,136.51,274.91,221.62,217.04,203.12,136.58,145.67,185.87,207.14,254.42,123.21,239.1,234.27,180.07,112.32,153.6,77.09,238.12,382.84,165.71,263.76,168.37,132.69,263.49]}