{"timestamp":1715472000000,"multiplier":1.0E-5,"open":1.36655,"high":1.36657,"low":1.36655,"close":1.36657,"shift":60000,"times":[1260,1,1,1,1,1,1,1,1,1,1,1,1,1,1,1,1,1,1,1,1,1,1,1,1,1,1,1,1,1,1,1,1,1,1,1,1,1,1,1,1,1,1,1,1,1,1,1,1,1,1,1,1,1,1,1,1,1,1,1,1,1,1,1,1,1,1,1,1,1,1,1,1,1,1,1,1,1,1,1,1,1,1,1,1,1,1,1,1,1,1,1,1,1,1,1,1,1,1,1,1,1,1,1,1,1,1,1,1,1,1,1,1,1,1,1,1,1,1,1,1,1,1,1,1,1,1,1,1,1,1,1,1,1,1,1,1,1,1,1,1,1,1,1,3,1,1,1,1,1,1,1,2,1,1,1,1,1,1,1,1,1,1,1,1,1,1,1,1,1,1,1,1,1,1,2],"opens":[0,-1,6,1,12,4,7,9,2,-5,-9,8,-30,1,1,-1,0,-1,1,0,-2,2,16,8,-17,-2,-13,1,-7,0,4,11,15,1,0,0,-5,5,-2,-3,2,3,3,-11,-7,16,0,-2,-2,3,2,-2,-4,-10,1,27,2,3,-4,4,-2,34,1,1,0,0,-1,1,1,8,-2,0,-4,-5,0,-1,-8,0,0,0,1,1,13,-5,-1,-8,-3,0,3,0,-3,11,2,-4,1,-8,9,9,-1,0,1,-2,11,6,-5,-1,0,-2,0,3,4,2,0,0,-5,6,-1,-1,0,12,3,7,-2,-5,3,-8,-2,-8,-2,-5,1,-5,-4,-3,-3,2,0,-2,4,1,-1,-2,-6,1,8,-7,6,1,0,1,-2,0,2,1,10,8,-2,-1,2,3,4,0,-5,4,2,0,-2,12,-3,-1,-3,3,0,1,-1,1],"highs":[0,-3,7,12,19,-9,9,1,2,-5,-1,0,-28,-1,2,-1,0,-2,1,0,-1,18,14,-7,-17,-2,-13,1,-6,-1,12,20,-2,6,-4,3,0,-1,0,-2,0,2,1,-6,4,2,-3,3,-3,1,0,-2,-4,-9,26,6,-2,2,-1,1,34,0,1,-1,1,-1,7,0,0,2,2,-4,-4,-1,-3,-2,-5,0,0,0,1,11,0,-3,-3,-6,-2,0,1,4,12,-1,-4,-3,-1,-1,10,0,2,-2,1,8,7,-1,-5,0,-1,-1,1,7,-2,6,-4,0,2,0,-1,4,8,6,0,2,-1,-2,-1,-8,-2,-7,0,-7,2,-7,-4,-3,5,-3,-3,1,3,-1,-1,-2,-5,10,-2,-3,4,-1,1,0,0,0,0,11,8,0,-2,1,1,6,2,-2,0,2,-1,0,9,1,4,-7,0,0,1,1,-2,2],"lows":[0,-1,3,-9,25,1,7,12,-2,-29,14,-15,-3,2,0,0,-1,0,1,-2,0,0,18,-24,0,0,0,1,-7,0,2,13,15,0,0,-1,-4,1,-2,-1,0,7,-3,-5,-6,12,-5,5,0,-3,3,-1,-10,0,1,27,1,2,-2,3,-9,42,0,0,2,0,-1,-1,3,6,0,-7,-2,-2,2,-6,-3,0,0,0,-7,7,9,0,-9,-3,1,0,2,-2,0,10,-1,0,-7,0,7,5,0,4,1,-1,11,0,0,-1,-1,0,-1,3,5,2,0,-6,0,4,1,-1,0,9,1,9,-7,4,-8,1,-7,-5,0,-6,2,-6,-8,2,-1,1,-2,1,4,1,-2,-5,-3,2,1,-1,7,0,0,2,-2,-2,4,1,9,2,4,0,2,3,4,-7,2,4,-4,6,-3,10,-1,-3,0,3,-2,3,-1,1],"closes":[0,-3,6,13,1,9,9,1,-1,-11,8,-28,0,-1,1,-1,-1,0,1,-2,0,19,10,-22,2,-15,0,1,-6,-1,12,20,-2,2,0,-3,0,0,0,0,1,4,-6,0,4,-3,-3,2,4,0,-1,-4,-8,-1,26,2,0,2,1,0,33,1,2,-1,1,-1,2,-1,0,7,0,-8,-2,1,0,-7,-1,-2,0,1,0,12,-4,0,-8,-3,2,1,1,-3,10,4,-6,1,-4,4,8,1,0,0,1,9,7,-7,0,-1,-1,0,2,5,0,2,0,-5,7,-3,0,4,5,10,0,1,-5,3,-8,-1,-7,-4,-2,-3,0,-5,-8,1,2,-2,-2,3,3,-1,-2,-5,-3,12,-6,1,2,0,1,1,-1,1,0,10,7,0,-1,1,2,6,2,-9,6,2,-2,2,9,-2,-1,-3,4,0,-1,1,0,2],"volumes":[1.8,1.2,8.1,9.0,4.8,10.8,9.0,1.8,7.8,12.0,15.6,10.0,9.75,1.2,6.0,3.6,4.95,1.2,1.2,6.15,5.4,12.7,9.6,17.0,4.1,9.35,3.2,1.6,2.8,5.5,6.4,12.4,1.6,8.3,6.4,21.75,20.4,42.2,25.75,20.6,47.5,10.8,29.45,10.0,12.8,15.75,30.32,13.35,7.2,13.1,9.5,13.61,16.99,2.55,9.7,9.6,7.2,2.4,4.8,1.8,65.7,15.3,15.3,9.9,4.95,5.85,14.4,48.9,9.3,10.35,20.55,17.45,23.75,28.3,6.4,6.15,22.0,7.65,50.2,11.25,62.5,31.05,27.15,13.35,42.54,29.85,28.35,17.95,5.1,60.15,183.77,162.1,37.0,28.79,52.47,17.1,48.0,29.55,25.2,19.2,12.0,15.6,15.6,10.8,12.0,20.4,9.6,4.8,10.8,13.6,1.2,15.6,3.6,4.8,12.0,14.4,12.0,30.0,106.67,42.89,91.24,37.45,95.25,35.23,36.79,29.3,22.9,68.81,50.71,32.33,15.18,17.3,39.71,7.07,21.35,26.19,31.43,19.95,4.8,1.2,2.4,3.6,3.6,7.2,9.75,3.6,6.0,2.4,6.0,1.2,7.2,8.4,1.2,28.8,13.2,7.2,13.2,10.8,2.4,8.4,4.8,6.0,6.0,6.4,6.0,3.6,8.4,3.75,23.25,14.91,7.41,9.35,15.39,7.2,2.55,3.88]}