{"timestamp":1716076800000,"multiplier":1.0E-5,"open":0.90901,"high":0.90901,"low":0.90895,"close":0.90895,"shift":60000,"times":[1260,1,1,1,1,1,1,1,1,1,1,2,1,1,1,1,1,2,1,1,1,1,1,1,1,1,1,1,1,1,1,1,1,1,1,1,1,1,2,1,1,1,1,3,1,1,1,1,1,1,1,1,2,1,1,1,1,1,1,1,1,1,1,1,1,1,1,2,1,1,1,1,1,1,1,1,1,1,1,1,1,2,1,1,1,1,1,1,1,1,1,1,1,2,1,1,1,1,1,1,1,1,1,1,1,1,1,1,1,1,1,1,1,1,1,1,1,1,1,1,1,1,1,1,1,1,1,2,1,1,1,1,1,1,1,1,1,1,1,1,1,1,1,1,1,1,1,1,1,1,1,2,1,1,1,1,1,1,1,1,1,1,1,1,1,1,1,1,1],"opens":[0,-25,20,-1,-10,-5,5,-5,-10,-1,13,2,6,-7,7,-76,6,14,3,2,12,29,-8,39,-42,-11,7,30,-8,-4,17,18,-1,-7,1,9,0,-9,2,6,1,2,0,0,-2,2,-1,-1,1,1,-1,0,0,-1,1,-24,-13,-1,-6,-5,12,7,1,3,1,-4,1,-1,3,-3,1,4,-2,-5,-1,1,0,-2,0,0,2,-3,5,5,0,1,-2,1,-2,8,0,2,-11,-4,1,7,-4,-1,1,4,-1,-1,4,-5,9,-3,-4,0,1,-1,-1,-2,3,1,-10,-3,2,-8,3,0,-3,4,4,0,1,0,-5,-2,-1,-1,0,2,3,-1,-3,7,5,-3,3,-5,4,-3,-6,0,1,-1,0,-1,1,0,3,-5,3,-3,-1,-2,6,-4,-1,-4,4,-2,1,3,5,0,3,3,3],"highs":[0,-5,0,-1,-10,8,-8,-5,-10,11,5,4,0,-7,7,-70,3,11,3,10,53,-10,21,5,-47,-7,32,4,-11,24,8,0,-1,-8,10,0,0,-9,2,7,0,2,2,-2,2,-2,1,-3,1,1,0,-1,3,-2,2,-27,-13,1,-8,7,6,3,3,0,0,-4,1,3,2,-2,2,0,0,-8,1,-1,0,-2,0,0,2,3,4,7,-6,2,-1,-2,7,0,2,-1,-11,-3,7,0,-4,0,3,3,-3,3,0,-1,5,-3,-4,1,0,-1,-1,4,-3,1,-10,2,-3,0,-5,2,-4,7,0,2,1,-2,-1,-6,0,-1,3,3,-1,2,-1,8,1,-3,0,-1,1,-4,-5,1,-1,-1,0,1,-1,6,-3,-1,-1,-3,-1,5,-1,-4,0,-1,2,-1,0,4,3,3,3,-1,6],"lows":[0,-19,-9,27,-27,13,-4,4,-10,-1,6,8,-3,3,-73,4,6,3,14,2,12,6,15,-4,1,-22,15,25,0,-20,25,24,1,-12,6,9,-2,-7,2,6,0,1,1,0,-1,1,-1,0,0,2,-2,0,0,0,-59,22,-15,9,-8,0,13,9,1,3,-5,2,0,-2,2,-5,6,4,-8,1,-1,1,-2,0,0,-2,4,-7,7,6,-2,2,-2,0,1,8,0,-10,0,-3,-1,5,0,-1,0,5,-2,0,-1,0,4,-2,-1,0,1,0,-3,0,3,-8,-4,-2,0,-4,2,-3,1,3,4,0,1,-10,4,-1,-1,0,-2,1,3,1,-3,7,3,-1,-2,1,2,-8,0,1,-1,1,0,-1,1,0,0,-3,1,-3,-1,-1,4,-3,0,-2,4,-3,1,3,5,0,3,4,3],"closes":[0,1,-29,27,-27,13,1,-1,-10,11,5,4,-4,-3,-69,6,3,0,14,10,33,-8,39,-42,0,-7,32,-6,-1,22,8,2,-1,-13,15,0,-1,-8,2,6,1,2,1,-1,-1,0,0,-1,0,2,-1,-1,0,0,-23,-12,-1,-6,-9,15,6,3,3,0,-4,0,0,3,3,-4,4,0,-9,1,1,-1,-2,0,0,0,2,3,4,5,-5,-1,0,-1,7,1,1,-10,-1,-2,7,-4,0,-1,4,1,-1,3,-4,0,3,-2,0,-1,1,0,-3,3,0,-7,-5,2,-4,-1,0,-4,2,6,0,3,-1,-6,0,-2,0,0,-3,9,-1,0,-1,10,-5,0,-2,4,-1,-8,-1,1,0,0,0,1,-1,5,-5,2,-3,-1,-2,4,-3,0,0,-2,3,-3,2,4,2,3,4,-1,4],"volumes":[3.6,3.15,2.7,2.7,2.77,6.2,31.3,2.8,0.37,6.77,29.25,12.95,16.2,1.2,21.72,4.05,9.05,2.34,1.2,6.0,18.9,52.49,106.16,32.8,5.13,1.11,10.97,6.32,1.2,24.52,48.22,6.0,2.4,2.65,2.3,2.4,6.0,1.1,8.0,4.8,6.0,10.2,7.2,3.6,3.6,2.4,12.92,3.6,3.9,1.2,27.6,7.2,9.0,8.1,83.75,62.55,71.1,32.4,27.9,48.9,20.25,7.8,7.95,6.75,14.85,2.7,6.75,44.25,21.25,26.42,21.4,10.8,19.35,5.4,6.75,2.7,18.95,3.2,1.2,3.6,1.35,28.2,103.52,86.52,33.05,27.2,51.1,31.7,69.55,19.25,13.5,46.05,15.4,21.3,29.9,12.35,3.2,8.5,15.9,11.25,7.02,12.7,21.82,22.9,11.6,12.2,4.8,5.3,15.7,2.8,7.62,46.6,3.2,31.55,18.0,43.2,14.4,37.97,6.4,22.4,8.0,24.25,23.4,36.8,32.25,23.37,17.3,16.6,26.55,9.0,26.0,45.37,18.25,25.6,20.95,45.75,25.8,65.7,22.2,32.65,27.35,34.3,20.2,25.95,11.4,10.45,7.5,5.9,8.0,19.9,4.95,26.8,9.55,17.9,50.5,26.7,18.5,18.15,7.75,17.05,4.8,26.4,28.3,27.2,70.4,117.55,28.55,1.6,25.5]}