{"timestamp":1562457600000,"multiplier":1.0E-5,"open":0.99149,"high":0.99149,"low":0.99148,"close":0.99148,"shift":60000,"times":[1261,1,2,1,1,4,1,1,1,1,4,1,2,1,1,2,2,1,1,1,1,1,1,3,1,1,1,1,1,1,1,1,3,1,1,1,2,1,1,1,2,1,1,1,1,1,1,1,1,1,1,1,1,1,1,1,1,1,1,1,1,1,1,1,1,1,1,1,1,1,1,1,1,1,1,1,1,1,1,1,1,1,1,1,1,1,1,1,1,1,1,1,1,1,1,1,1,1,1,1,1,1,1,1,1,1,1,1,1,1,1,1,1,1,1,1,1,1,1,1,1,1,1,1,1,1,1,1,1,1,1,1,1,1,1,1,1,1,1,1,1,1,1,1,1,1,1,1,1,1,1,1,1,1,1,1,1,1,1,1,1,1,1],"opens":[0,0,24,-24,-1,-15,-1,7,-6,-1,0,0,4,3,-1,-1,1,2,0,-1,2,-2,-1,0,0,0,0,-9,-5,1,0,2,-1,0,0,0,0,0,0,0,0,-1,1,9,-5,1,-3,0,3,0,0,0,9,0,2,0,0,0,-1,0,-3,4,-4,8,1,1,0,1,-2,0,0,0,0,1,1,-9,0,-1,-11,9,0,-1,-1,4,3,-28,-5,-2,-3,-6,-10,40,3,-2,-5,5,2,-3,-2,-6,0,1,-4,3,2,0,1,0,0,-4,3,-1,-1,4,-2,-2,6,-1,-1,10,1,-1,0,0,0,1,2,0,-2,1,-1,-3,-5,5,0,2,-2,-8,11,-2,1,0,-1,0,0,-9,-13,-9,4,7,4,-6,4,-2,3,5,0,5,4,1,0,-1,5],"highs":[0,0,24,0,-25,-9,0,0,-6,-1,0,0,4,3,-1,-1,3,0,0,4,-2,-3,-1,0,0,0,0,-9,-5,1,0,2,-1,0,0,0,0,0,0,0,0,-1,2,8,-5,1,-3,3,1,-1,0,9,0,5,-2,-1,0,0,0,0,0,0,0,6,-1,1,1,0,-2,0,0,0,1,3,-2,-9,0,-1,0,-1,-1,0,0,11,-6,-28,-5,-2,-1,-8,34,-2,1,-1,0,2,-1,0,-5,-6,1,0,-2,12,-9,0,1,0,0,0,0,-1,1,1,-2,4,0,-1,8,4,-2,3,3,-7,3,1,0,-1,-1,1,-1,-2,0,-1,1,0,-2,6,-3,2,-2,0,-1,-1,2,-11,-13,-6,9,2,1,-3,3,3,0,2,3,6,1,0,0,1,2],"lows":[0,1,0,0,-8,-10,1,0,1,-1,0,0,4,2,0,-1,1,2,0,-1,1,-1,-1,0,0,0,0,-16,2,1,0,1,0,0,0,0,0,0,0,0,0,-1,1,-4,7,2,-5,2,3,0,0,0,9,0,1,1,0,0,-1,-3,0,-1,1,8,1,1,-1,0,0,0,0,0,0,1,-8,0,0,-12,0,8,1,-3,-2,6,-30,1,-3,-8,0,-10,0,39,3,-10,1,8,2,-3,-14,6,0,-2,-1,3,1,0,0,0,0,-3,3,-4,3,2,0,-2,6,-1,-1,9,-1,2,-1,1,0,0,3,-2,-1,1,-2,-4,-2,5,0,-1,-8,1,10,-2,1,0,-1,0,-10,-12,-8,-6,8,7,1,-1,2,0,0,7,1,2,7,1,-2,1,0],"closes":[0,1,0,24,-31,-3,0,-7,1,-1,0,0,4,2,0,-1,3,0,0,2,-2,-1,-1,0,0,0,0,-13,-1,1,0,1,0,0,0,0,0,0,0,0,0,-1,2,1,2,1,-5,5,1,-1,0,9,0,5,-2,-1,0,0,0,0,0,-5,5,6,-1,1,-1,1,-1,0,0,0,1,2,-10,0,0,-12,10,-2,1,0,0,8,-29,-7,-3,-7,0,-11,39,3,0,-7,6,2,0,-2,-9,0,1,-3,1,2,1,0,1,-1,0,1,-1,-1,2,1,-2,3,1,-1,8,1,-1,2,1,-2,3,1,-1,-2,-1,1,-1,-3,3,-2,2,-2,-7,9,0,1,-2,0,0,0,-9,-13,-9,3,7,4,-4,2,-1,5,2,0,5,6,-1,2,-3,3,-2],"volumes":[1.5,0.75,0.94,0.57,5.5,12.25,2.25,7.25,1.25,1.12,1.25,1.0,1.0,3.0,2.25,2.0,2.25,1.0,1.0,10.75,5.0,1.25,1.0,1.0,1.25,1.0,1.25,14.43,3.25,3.25,2.25,2.0,3.12,1.0,1.0,1.0,2.25,1.0,1.0,1.0,2.25,5.18,0.74,5.12,0.76,0.19,5.44,3.0,3.38,4.5,3.0,12.44,1.69,8.5,10.25,5.19,3.25,4.5,5.25,3.75,4.75,2.5,4.0,3.75,5.68,1.0,6.5,11.63,1.75,7.13,3.5,13.63,4.19,10.3,19.44,10.0,5.0,19.25,10.25,9.75,6.0,12.38,13.44,29.31,113.25,13.19,5.25,40.31,67.43,15.94,74.25,15.0,21.5,16.25,35.75,11.0,1.0,7.5,20.94,5.0,6.25,6.25,3.75,24.49,7.25,9.75,8.5,5.0,4.0,22.0,5.25,28.75,15.0,9.0,2.25,11.87,1.25,8.25,24.5,23.75,12.5,10.0,32.25,1.75,5.5,15.12,3.5,9.25,11.5,4.25,14.25,16.25,10.0,11.25,9.0,10.5,16.37,18.31,11.5,11.25,6.75,15.0,15.0,5.0,18.87,25.75,23.5,25.5,32.5,18.0,9.73,10.43,7.81,11.5,14.24,5.0,19.5,20.92,6.25,5.0,6.87,9.12,28.46]}