{"timestamp":1359244800000,"multiplier":1.0E-5,"open":1.00639,"high":1.00639,"low":1.00639,"close":1.00639,"shift":60000,"times":[1320,1,1,1,1,1,1,1,1,1,1,1,1,1,1,1,1,1,1,1,1,1,1,1,1,1,1,1,1,1,1,1,1,1,1,1,1,1,1,1,1,1,1,1,1,1,1,1,1,1,1,1,1,1,1,1,1,1,1,1,1,1,1,1,1,1,1,1,1,1,1,1,1,1,1,1,1,1,1,1,1,1,1,1,1,1,1,1,1,1,1,1,1,1,1,1,1,1,1,1,1,1,1,1,1,1,1,1,1,1,1,1,1,1,1,1,1,1,1,1],"opens":[0,3,4,3,-6,-3,14,27,8,-14,4,-8,0,1,-1,25,0,-4,2,-4,10,2,-10,10,1,-9,9,1,-5,-11,10,0,-2,-6,7,-6,5,1,-6,5,0,-1,0,0,-2,2,-4,-1,-5,5,1,1,-6,5,-6,0,1,5,-5,2,2,-13,6,10,-5,-1,17,-8,-2,10,-10,3,11,0,0,-1,1,0,-12,11,1,8,2,0,-9,9,-1,-2,1,-2,3,3,7,8,6,8,7,-2,2,3,0,0,-3,3,2,1,1,7,0,3,-3,-1,-3,5,0,29,5,-6,-7,4],"highs":[0,7,9,-6,-6,8,19,23,-3,-15,4,-8,0,1,21,3,0,1,-2,1,6,0,0,2,-1,-9,38,-28,-5,-4,3,0,-1,-7,7,-1,2,1,-1,-2,0,0,-1,0,0,0,-2,-1,-2,2,0,1,-2,0,-5,3,2,0,-3,2,0,-4,9,1,-6,14,0,-1,1,0,1,3,0,0,0,2,-2,0,-1,1,3,7,0,0,0,0,-1,0,-1,-1,2,10,7,7,8,7,0,3,0,0,2,-2,0,2,1,1,12,-5,5,-2,-3,-1,-2,5,26,9,-2,-6,-2,11],"lows":[0,3,4,-3,0,-3,14,27,-2,-6,0,-2,0,1,-1,25,-5,1,-8,2,14,-8,0,7,-5,-3,12,-7,3,-11,10,-5,3,-6,7,-6,5,1,-6,-1,6,-5,4,-2,0,-4,-4,-1,0,6,-5,7,-6,-1,-1,1,1,0,0,2,-11,-3,8,4,-2,-1,14,-3,0,-1,1,3,4,3,0,2,-3,-13,4,10,-13,21,-2,4,-6,9,-2,-2,1,0,3,3,7,8,6,7,8,-6,-2,10,0,1,-3,2,3,1,-1,9,0,1,-6,4,-3,4,-1,31,-7,-2,1,3],"closes":[0,7,5,-5,-3,8,19,20,-11,-5,0,-3,0,1,21,3,-5,5,-5,5,6,-10,10,1,-9,0,15,-10,0,-4,3,-3,2,-7,7,-1,2,1,-1,-7,5,0,-1,-2,2,-3,-2,-6,6,1,1,0,-1,-6,0,1,5,-5,2,2,-13,5,4,9,-7,16,-7,-3,10,-8,1,6,2,3,-1,0,1,-12,11,1,3,7,0,-4,4,-1,-2,1,-2,1,2,7,10,7,8,7,0,0,3,-1,2,-1,-1,3,1,1,10,-3,3,-2,-2,0,-3,4,28,6,-5,-8,5,12],"volumes":[1.5,2.55,4.65,3.83,1.5,16.88,15.0,15.0,9.0,9.75,8.25,18.98,18.0,9.0,25.5,2.25,7.51,12.77,11.26,4.35,3.0,5.25,7.5,15.0,4.5,7.5,47.25,19.5,4.5,4.8,3.0,18.75,3.0,1.5,3.0,10.5,6.0,3.0,25.5,4.5,6.0,19.5,9.0,21.0,4.5,24.0,16.5,19.96,11.85,16.5,14.26,15.0,15.76,28.91,20.27,20.65,21.0,18.77,21.76,24.0,52.99,83.11,94.68,74.3,16.52,60.97,23.64,32.45,39.82,31.32,37.01,38.26,26.27,49.5,29.64,38.63,6.38,60.62,40.43,32.63,73.93,28.58,27.01,12.3,42.01,34.5,7.5,64.66,34.5,17.64,11.19,33.61,31.3,14.48,15.0,32.68,12.11,54.48,50.95,3.6,38.04,5.25,10.95,12.83,18.75,62.25,56.12,1.13,9.0,9.75,14.85,6.0,9.23,26.25,58.51,34.5,21.75,16.5,11.25,39.0]}