{"timestamp":1356998400000,"multiplier":1.0E-5,"open":0.99278,"high":0.99288,"low":0.99278,"close":0.99288,"shift":60000,"times":[1320,1,1,1,1,1,1,1,1,1,1,1,1,1,1,1,1,1,1,1,1,1,1,1,1,1,1,1,1,1,1,1,1,1,1,1,1,1,1,1,1,1,1,1,1,1,1,1,1,1,1,2,1,1,1,1,1,1,1,1,1,1,1,1,1,1,1,1,1,1,1,1,1,1,1,1,1,1,1,1,1,1,1,1,1,1,1,1,1,1,1,1,1,1,1,1,1,1,1,1,1,1,1,2,1,1,1,1,1,1,1,1,1,1,1,1,1,1],"opens":[0,12,-12,0,29,0,-2,0,2,-11,-15,25,-13,-17,1,2,-3,0,-10,11,0,-1,-23,0,24,0,-1,1,-1,0,-24,-3,0,-11,-1,1,-1,-17,-2,-2,3,-1,-2,-1,3,0,7,-2,-3,9,1,-3,-1,3,-3,2,-3,4,19,-2,49,12,3,-3,0,0,-3,1,1,-5,5,-5,110,-9,-1,2,3,-11,2,0,0,-6,2,-18,-1,3,-4,-1,0,5,-4,-1,4,-4,4,1,0,-3,0,1,1,-3,3,7,0,-1,16,28,-1,1,-39,1,-7,8,-1,0,0,1],"highs":[0,27,-30,22,0,0,-2,2,0,-1,1,-1,-6,-23,2,0,0,-3,1,0,2,-3,-23,9,16,0,-2,1,-1,0,-24,-3,0,-11,0,0,-1,-15,-3,-2,2,-1,-2,-1,4,9,-2,-2,3,4,1,-1,0,-2,-1,4,1,-1,57,12,6,1,2,0,0,-3,0,0,-1,0,0,100,6,-6,-2,2,0,-10,1,0,0,-4,0,-17,0,1,0,-1,0,1,-2,2,-1,-1,2,0,0,0,0,-2,1,-1,1,7,14,2,26,1,-1,1,-38,0,-7,8,0,0,0,0],"lows":[0,11,-11,-11,30,-20,-1,29,-24,0,-1,13,-20,3,0,0,0,-35,25,10,0,-28,5,-29,53,-1,-1,0,0,-28,0,2,-12,1,-1,-3,-12,-9,2,0,0,3,-3,0,3,-2,8,-4,0,7,3,-3,-1,3,-3,2,-3,4,19,-2,49,11,-1,1,-2,-6,1,6,-5,-9,15,-5,101,-7,6,2,-22,9,3,4,-5,-1,-14,-4,0,4,-4,-1,0,4,-3,-1,3,-3,4,-1,-2,1,0,-1,1,-1,1,9,-13,12,14,28,0,-35,-2,1,-7,8,-1,0,0,-3],"closes":[0,27,-30,17,5,-2,0,2,-11,-15,25,-13,-17,1,2,-3,0,-35,36,0,-1,-28,5,9,15,0,-1,-1,0,-28,0,2,-9,-2,-1,-3,-12,-3,0,-2,-2,3,-3,0,4,7,-2,-2,5,2,1,-1,2,-2,-2,2,4,-2,19,51,3,4,2,0,-1,-5,3,-1,-6,6,0,100,-4,3,-1,2,-15,5,0,1,-1,-3,-16,-1,0,1,0,-1,0,0,-1,2,-2,0,1,-1,1,1,-2,0,1,-1,1,7,-13,29,26,0,-1,-35,-1,0,-7,8,0,0,-1,-3],"volumes":[1.13,3.0,2.26,3.75,6.15,54.65,38.18,20.94,17.65,34.19,28.43,13.73,47.44,10.5,15.0,15.0,18.0,9.21,13.5,12.75,18.0,10.5,6.0,20.25,7.5,13.5,12.0,22.5,13.5,14.1,13.14,9.75,16.54,3.53,5.04,6.09,11.24,8.72,7.43,11.12,6.53,2.33,5.03,2.4,3.6,16.07,13.58,14.63,27.77,35.65,6.38,11.34,3.53,1.5,4.5,5.64,6.38,11.03,82.49,36.33,10.73,10.51,11.78,4.5,8.49,14.7,12.0,9.3,5.7,14.48,13.5,52.24,12.92,24.53,7.5,4.13,25.13,17.56,10.5,6.0,9.0,8.25,7.2,6.46,13.97,1.58,5.63,6.75,7.58,4.5,3.08,9.76,8.41,5.18,12.32,3.98,8.86,5.18,7.36,9.32,5.71,4.51,9.16,38.1,63.92,7.96,25.47,6.76,4.96,13.29,7.67,11.71,2.7,3.75,3.0,3.0,6.75,6.08]}