{"timestamp":1402185600000,"multiplier":1.0E-5,"open":1.01989,"high":1.02026,"low":1.01989,"close":1.02024,"shift":60000,"times":[1260,1,1,1,1,1,2,1,1,1,1,1,1,1,1,1,1,1,1,1,1,1,1,1,1,1,1,1,1,1,1,1,1,1,1,1,1,1,1,1,1,1,1,1,1,1,1,2,1,1,1,1,2,1,3,1,1,1,1,1,1,1,1,1,1,1,1,1,1,1,1,1,1,1,1,1,1,1,1,1,1,1,1,1,1,1,1,1,1,1,1,1,1,1,1,1,1,1,1,1,1,1,1,1,1,1,1,1,1,1,1,1,1,1,1,1,1,1,1,1,1,1,1,1,1,1,1,1,1,1,1,1,1,1,1,1,1,1,1,1,1,1,1,1,1,1,1,1,1,1,1,1,1,1,1,1,1,1,1,1,1,1,1,1,1,1,1,1,1,1,1,1,1,1,1],"opens":[0,35,-4,1,-18,1,0,4,-5,1,14,-4,0,4,0,1,0,0,0,0,0,0,0,0,0,-1,1,0,0,0,-1,1,4,-5,2,0,-1,1,4,-5,4,-5,0,0,1,-1,1,-1,1,-1,0,1,-1,1,4,11,5,7,-1,-1,-2,0,0,0,-21,8,5,-8,4,-1,4,-1,3,9,-14,0,2,1,-2,-7,0,-4,-2,1,9,0,23,4,3,0,-6,3,3,4,5,-6,3,-10,-1,-17,9,-2,1,-2,-2,3,-2,2,1,-2,2,-1,-1,1,1,-1,1,0,-1,16,5,-1,10,-5,0,6,5,-1,-4,-16,5,1,0,10,4,6,-16,15,1,0,-1,-4,0,0,10,-10,-2,6,-4,0,15,-4,7,0,1,6,-5,4,-5,6,-5,5,-1,-10,6,9,-1,1,-4,2,-2,-1,-4,-1,-15],"highs":[0,-2,-4,1,-18,1,6,-2,-1,-3,14,-4,4,0,0,1,0,0,0,0,0,0,0,0,0,-1,1,0,1,-1,-1,1,4,-5,2,0,-1,8,-3,-5,4,1,-5,-1,1,-1,1,-1,1,0,-1,1,-1,1,4,22,5,-3,1,-1,-5,0,1,0,-17,18,-7,-6,1,-1,5,-4,7,8,-16,0,3,-1,-2,-7,0,-3,-2,9,0,19,13,-5,3,0,-2,0,9,2,0,-5,2,-10,-1,-8,0,-2,1,3,-2,0,-4,3,0,-1,1,2,-4,3,1,-2,0,0,16,9,-5,5,5,-5,10,0,0,0,-5,-10,5,-5,10,0,10,5,-5,0,0,0,4,-9,5,-5,10,-10,4,0,-4,10,9,-1,0,2,0,5,0,-1,1,5,-5,0,-1,1,4,0,6,-5,-1,1,-5,4,-9,-1,-12],"lows":[0,32,-18,15,-15,0,1,4,-5,1,14,-4,0,4,0,1,0,0,0,0,0,0,0,-1,1,-1,0,0,1,0,-1,0,4,-4,2,-1,0,0,-1,1,4,-5,0,0,1,-1,1,-1,1,-1,0,1,-1,1,4,9,7,5,0,-6,4,0,0,-23,-10,18,-5,4,2,0,4,0,2,-6,2,-3,2,-2,-4,1,-4,0,-2,-4,10,4,23,4,3,-9,3,3,1,5,-1,0,-6,-4,-14,-2,11,-2,1,-7,3,3,-4,4,1,-2,-3,0,2,2,-4,4,1,-6,0,21,4,0,5,0,0,5,5,0,-25,5,5,1,0,-1,15,-9,-1,10,5,0,-4,-11,5,6,-5,-2,2,0,5,0,9,-2,11,-2,3,1,-1,0,0,5,-5,-4,-1,0,5,6,-1,4,-4,1,0,-11,-9,0,-10],"closes":[0,-3,-17,14,-15,0,7,-2,-1,-3,14,-4,4,0,0,1,0,0,0,0,0,0,0,-1,1,-1,0,0,2,-1,-1,0,4,-4,2,-1,0,0,-1,1,4,1,-5,-1,1,-1,1,-1,1,0,-1,1,-1,1,4,18,3,0,4,-6,0,0,0,-23,7,5,-4,4,1,-4,4,0,3,-5,1,0,-2,-1,-4,0,-4,0,-1,9,-3,22,13,-5,3,-7,5,0,9,1,-6,0,-6,-1,-17,9,0,-2,1,-7,4,4,-4,3,0,-1,-4,7,-5,3,-5,5,0,0,15,5,0,5,0,0,5,5,-1,0,-19,5,0,0,10,-1,11,-10,5,5,-1,0,-4,-6,11,-5,4,-6,1,0,1,10,5,3,0,2,0,0,-1,0,6,0,0,-1,-4,-6,11,0,0,4,-2,-2,0,-5,-1,-14,0],"volumes":[2.2,0.4,1.6,0.2,1.0,2.0,3.25,2.33,5.58,1.0,3.23,2.3,6.9,1.0,2.23,1.0,3.38,2.3,3.23,2.3,2.08,1.0,1.15,2.0,1.0,2.08,2.0,3.08,6.99,1.0,1.0,2.0,6.75,1.0,2.25,8.88,4.6,17.3,3.15,1.0,1.0,2.0,2.0,1.0,1.0,1.0,1.0,1.0,1.0,2.0,1.0,1.0,1.0,1.0,0.75,7.29,20.12,1.33,3.93,16.31,2.25,6.9,32.48,63.95,44.56,61.09,100.34,33.71,9.69,18.99,14.51,6.28,18.61,38.06,28.92,23.57,6.39,4.49,11.81,12.23,69.85,19.26,42.41,38.54,9.86,45.4,17.99,1.65,6.83,37.17,15.45,6.75,40.78,21.85,13.02,13.31,33.14,11.91,25.8,25.46,3.45,2.25,1.38,36.09,16.59,7.36,5.59,14.3,3.56,4.66,8.96,15.4,4.23,6.5,8.38,10.0,11.0,7.0,32.85,16.55,4.0,9.0,12.0,4.0,15.0,9.26,3.2,5.2,56.01,41.28,9.0,1.0,11.64,14.8,10.66,22.33,24.28,8.0,4.1,4.1,8.15,17.05,10.1,6.76,12.05,22.7,7.65,8.3,2.0,9.73,16.08,25.98,16.52,7.38,3.0,4.0,8.38,8.33,4.0,9.0,9.0,18.74,19.01,27.96,7.15,12.23,30.92,6.5,9.65,12.31,1.1,31.75,27.05,30.19,32.58]}