{"timestamp":1404000000000,"multiplier":0.001,"open":9835.897,"high":9836.798,"low":9835.597,"close":9836.798,"shift":60000,"times":[1320,1,1,1,1,1,1,1,1,1,1,1,1,1,1,1,1,1,1,1,1,1,1,1,2,1,1,1,1,1,2,1,1,1,1,1,1,1,7,1,1,1,1,1,1,1,1,1,1,1,1,1,1,1,1,1,1,1,1,3,1,1,1,1,5,1,1,1,1,1,1,1,3,1,2,1,1,1,1,1,1,1,1,1,1,2,1,1,1,1,1,1,1,1,1,3,1,1,2],"opens":[0,300,2101,1200,-601,2101,2099,3000,900,-899,0,-300,-700,-601,0,300,-599,-1200,0,-601,301,-1,-2600,301,-600,299,0,1,-601,1,0,-601,1,599,300,-300,1,-1,0,0,1,-1,0,0,-300,-300,300,3301,0,-901,-899,0,-300,-600,0,-1,601,300,-1,-600,-599,-1,301,300,-1,-300,-299,-1,0,300,1,-301,1,299,1,-1201,600,0,0,1,-300,0,-1,1,-1,300,-299,299,-600,900,1,600,300,-301,-299,-301,0,901,0],"highs":[0,1800,1200,-300,1200,2100,3300,1499,-600,-899,0,299,-1299,-600,299,301,-900,-900,-300,-601,601,-301,-2600,301,-1,0,-300,1,-600,0,0,-601,1,600,300,-301,1,-1,1,-1,1,0,0,0,-300,-300,3299,301,0,-901,-899,0,-300,-300,-300,600,0,300,-1,-600,-299,300,300,0,-301,-299,0,-300,0,299,1,-301,1,299,1,-900,600,-301,0,1,0,-300,-1,1,-1,300,-299,300,300,-1,1,900,299,-600,-299,-300,900,0,1200],"lows":[0,600,2101,599,0,2101,2099,3000,0,-1800,901,599,-1599,0,299,-300,-300,-900,-300,-300,300,-2299,-901,300,-300,301,299,-599,-1,0,0,-600,0,600,-300,300,1,-301,300,0,-599,299,0,0,-300,0,300,3300,-1200,-600,-299,-301,-300,0,1,-1,601,300,-1,-600,-600,-300,600,0,0,0,-299,-1,0,300,-299,-1,-300,600,-1199,-1,600,-299,299,-300,1,0,-1,1,-1,0,0,-299,-1,900,1,600,300,-601,0,-300,0,900,1],"closes":[0,1800,599,301,1200,2099,3301,1199,-1200,0,-300,300,-1899,0,300,-301,-300,-599,-600,-301,301,-2300,-301,-300,301,0,-1,-599,-1,0,0,-600,0,601,-300,299,1,-301,301,-1,-300,1,-1,1,-1,-300,3300,300,-599,-1201,0,-600,1,-301,1,599,1,300,-1,-600,-599,600,300,-300,-300,-1,1,-300,0,299,-299,-1,-300,600,-1199,299,601,-600,299,0,1,-300,-1,1,-1,0,0,-299,900,-1,1,899,300,-900,1,-300,899,0,1200],"volumes":[0.020023,1.48E-4,1.12E-4,2.1E-4,1.67E-4,1.34E-4,1.77E-4,9.3E-5,5.2E-5,8.2E-5,8.0E-5,8.2E-5,0.020008,7.0E-5,1.06E-4,9.4E-5,3.3E-5,1.04E-4,1.5E-5,5.0E-6,2.3E-5,0.02003,2.6E-5,1.7E-5,2.0E-5,9.9E-5,2.0E-6,9.0E-6,1.8E-5,1.5E-5,1.6E-5,9.0E-6,3.7E-5,1.7E-5,3.9E-5,2.0E-6,2.0E-6,1.1E-5,1.1E-5,2.0E-5,5.6E-5,6.6E-5,5.3E-5,2.0E-5,4.8E-5,9.0E-5,4.3E-5,1.8E-5,3.3E-5,7.0E-5,1.4E-5,1.9E-5,1.9E-5,3.0E-5,1.0E-5,4.6E-5,9.0E-6,8.0E-6,9.0E-6,5.0E-6,2.3E-5,4.1E-5,1.8E-5,5.5E-5,1.3E-5,1.5E-5,1.1E-5,6.0E-6,1.0E-5,4.0E-6,1.5E-5,9.0E-6,1.3E-5,3.0E-6,1.6E-5,1.1E-5,1.8E-5,6.0E-6,4.0E-6,1.8E-5,6.0E-6,5.0E-6,6.0E-6,4.0E-6,5.0E-6,1.1E-5,4.0E-5,1.7E-5,1.7E-5,4.0E-6,3.0E-6,2.8E-5,1.7E-5,2.2E-5,1.4E-5,1.6E-5,6.9E-5,9.0E-6,1.9E-5]}