{"timestamp":1401580800000,"multiplier":1.0E-5,"open":1.36359,"high":1.36373,"low":1.36357,"close":1.3636,"shift":60000,"times":[1260,1,1,1,1,1,1,1,2,2,1,1,1,1,1,1,1,1,1,1,2,1,1,1,1,1,1,4,1,1,1,1,1,1,1,1,1,1,1,1,1,1,1,1,1,1,1,1,1,1,1,2,1,1,1,1,1,1,1,1,1,1,1,1,1,1,1,1,1,1,1,1,1,1,1,1,1,1,1,1,1,2,1,1,1,1,1,1,1,1,1,1,1,1,1,1,1,1,1,1,1,1,1,1,1,1,1,1,1,1,1,1,1,1,1,1,1,1,1,1,2,1,1,1,1,1,2,1,1,1,1,1,1,1,1,1,1,1,1,2,1,1,1,1,1,1,1,2,1,1,1,1,1,1,1,1,1,1,1,1,1,1,1,1,1,1,1,1],"opens":[0,7,-7,-1,3,-9,-5,1,3,1,-4,-6,-2,-19,-2,3,-1,1,5,-2,3,-3,5,2,-3,8,-1,-1,-1,1,-2,2,3,-1,-2,-3,4,0,0,0,4,-1,-3,4,-1,-1,2,-3,-2,1,-3,-3,0,-7,-16,-1,-11,3,-2,8,-4,-14,-1,-11,-3,-4,-1,0,4,7,0,-4,6,0,-1,1,0,-2,0,1,-1,-1,2,13,-2,3,3,-9,-1,0,0,2,0,2,0,4,0,-1,1,-7,1,0,1,0,3,-2,-13,1,-27,-9,4,-6,-6,2,-2,-3,7,1,8,2,6,1,22,-2,9,-1,-4,0,0,1,-10,12,6,-1,0,1,-3,-10,0,2,-1,-4,-17,1,9,5,0,8,-1,0,-1,-9,0,-3,-2,3,0,-1,-2,0,1,0,0,-4,5,-2,9,4],"highs":[0,-7,-4,-1,0,-5,-5,-3,3,1,-4,-6,-2,-18,3,-2,-2,7,-1,-2,3,2,4,-2,8,0,-4,-1,-1,1,0,2,1,-1,-2,1,0,0,4,0,1,-2,1,0,-1,1,0,-3,1,-2,-1,-5,0,-5,-18,-1,-6,0,9,-5,-4,-10,-3,-11,-5,-4,0,4,5,1,1,5,-4,0,0,0,0,-2,1,0,1,-3,13,2,3,2,-1,-9,-1,2,-2,2,1,2,4,-1,0,1,1,-7,-1,3,-2,4,0,-3,-12,0,-27,-1,-2,-8,-1,-3,-1,5,-2,9,1,7,0,25,-2,6,1,-1,-4,1,0,0,1,7,0,-1,0,1,-3,-9,1,4,-5,-4,-15,8,6,0,7,0,-1,0,-1,-5,0,-7,1,2,-2,-1,-2,0,4,-3,0,1,0,7,5,13],"lows":[0,-5,0,4,-5,-4,0,1,3,-3,-7,-3,-20,-13,14,0,1,1,6,-2,3,-3,4,1,-1,8,-1,-1,-1,1,-2,-1,1,2,-4,-1,2,3,1,0,1,0,-1,2,-1,1,-3,2,-2,-5,0,-3,-5,-16,-7,-4,-2,2,1,2,-15,2,-11,-6,-3,1,0,0,3,5,2,-3,4,0,-2,1,-1,2,0,0,-1,0,2,11,0,3,-5,-2,0,0,0,2,-2,4,-1,3,0,-1,0,-4,1,0,0,1,2,-14,-1,-54,7,13,-9,-5,6,-1,-3,-3,11,0,8,2,7,1,21,-5,12,-3,-1,0,0,-9,0,12,4,1,-1,0,-11,0,0,1,-4,-17,0,1,9,2,3,8,-1,0,-10,-2,-4,1,0,2,0,-4,2,0,1,0,-4,0,3,0,9,4],"closes":[0,2,-1,0,-10,-4,1,0,3,-3,-7,-3,-17,1,0,0,-2,8,-1,-2,3,0,6,-4,7,2,-3,-1,-1,1,0,2,-2,2,-3,2,-1,0,2,0,0,0,1,0,-1,1,-3,2,1,-8,0,0,-8,-15,0,-12,5,-5,10,-4,-18,3,-12,-3,-5,0,1,1,7,2,-1,5,-4,1,1,0,-2,0,1,-1,0,-1,13,0,4,3,-9,-2,0,2,-2,2,1,1,4,0,-2,1,-2,-3,0,0,1,3,-1,-14,1,-28,-8,6,-10,-3,2,-1,-5,9,-2,9,1,7,0,23,-1,7,0,-3,-1,0,1,-7,8,7,0,-1,-1,0,-11,1,0,0,-3,-18,0,10,4,0,8,1,-1,0,-9,-3,-2,-1,3,-1,0,-2,0,0,1,0,-3,4,-2,9,4,12],"volumes":[12.75,7.88,22.88,6.75,4.0,13.5,6.38,4.0,2.0,17.02,8.5,4.33,26.15,17.48,7.0,10.75,3.75,6.5,1.5,2.63,1.0,7.25,6.5,4.75,13.75,6.0,2.25,2.25,1.0,1.0,2.5,28.75,26.5,18.38,6.25,6.0,10.0,3.25,9.25,22.0,8.75,5.5,23.96,10.5,5.5,15.5,14.25,1.0,4.25,12.0,7.5,6.0,9.38,20.76,29.74,51.59,54.24,18.51,53.62,28.91,34.43,25.78,139.49,69.25,39.44,12.8,3.51,8.39,22.64,18.87,20.75,14.77,14.34,14.61,58.35,26.45,39.06,6.3,5.3,6.11,17.84,1.88,29.56,7.84,22.97,9.79,28.52,11.73,5.86,4.13,9.75,4.0,6.5,7.0,13.81,8.56,3.68,23.06,19.11,21.0,6.6,14.08,4.5,12.38,7.6,12.8,5.88,123.4,79.48,37.53,42.01,45.31,25.48,12.18,32.63,29.03,5.88,27.46,5.13,18.8,1.38,64.29,11.13,32.15,3.5,24.52,4.88,9.0,5.0,19.63,16.76,9.5,10.51,2.0,7.38,5.35,39.43,12.75,4.38,310.93,542.32,56.74,18.93,30.51,62.5,36.1,66.82,1.5,9.77,11.25,35.71,51.82,29.93,6.32,7.01,26.43,12.58,27.53,2.25,1.5,26.43,3.0,823.91,55.52,21.31,26.16,40.37,34.96]}