{"timestamp":1404000000000,"multiplier":1.0E-5,"open":1.70262,"high":1.70262,"low":1.70262,"close":1.70262,"shift":60000,"times":[1260,1,1,1,1,1,1,1,1,1,1,1,1,1,1,1,1,1,1,1,1,1,1,1,1,1,1,1,1,1,1,1,1,1,1,1,1,1,1,1,1,1,1,1,1,1,1,1,1,1,1,1,1,1,1,1,1,1,1,1,1,1,1,1,1,1,1,1,1,1,1,1,1,1,1,1,1,1,1,1,1,1,1,1,1,1,1,1,1,1,1,1,1,1,1,1,1,1,1,1,1,1,1,1,1,1,1,1,1,1,1,1,1,1,1,1,1,1,1,1,1,1,1,1,1,1,1,1,1,1,1,1,1,1,1,1,1,1,1,1,1,1,1,1,1,1,1,1,1,1,1,1,1,1,1,1,1,1,1,1,1,1,1,1,1,1,1,1,1,1,1,1,1,1,1,1,1,1,1,1],"opens":[0,0,0,31,32,-73,-4,1,11,2,6,44,0,-24,-7,5,-2,0,0,-2,3,7,-5,-7,-6,0,-1,3,1,23,37,1,-6,1,1,2,-4,12,-2,0,1,8,-6,0,0,-1,1,0,-1,0,1,-1,1,3,-3,-1,1,-1,0,0,-8,2,10,10,-8,13,-5,3,-3,-1,0,-4,2,4,-2,0,1,-8,-4,-3,-1,0,-1,7,-4,2,-2,-1,2,0,0,0,-1,12,0,16,5,6,-5,-3,-2,-8,-4,2,8,0,0,-5,-6,-1,-3,4,-6,0,0,2,-2,4,-7,-1,0,-24,1,0,-2,1,1,4,-5,3,3,0,11,-1,-2,0,-2,-3,3,-3,16,-13,16,12,-3,-2,5,-11,2,-11,-1,-5,3,1,-2,4,-1,4,-1,-1,-5,4,-2,-2,-1,2,0,-3,1,0,-10,-5,1,-2,-1,2,-2,1,-1,4],"highs":[0,0,0,64,-1,-73,-2,12,-1,12,50,10,-21,-24,-1,-1,-1,-1,0,7,0,5,-9,-7,-6,0,3,-1,23,39,0,0,-5,1,2,1,15,-8,-2,1,14,-5,2,-9,0,-1,1,0,-1,0,1,-1,1,9,0,-9,0,0,-1,0,6,7,1,0,9,-4,3,-5,0,-4,0,1,4,-3,-2,6,-2,-11,-3,1,-6,1,5,0,-4,4,-4,1,0,0,0,0,16,-5,38,-4,-7,0,-1,-7,1,-7,-1,1,6,-1,0,-4,-8,-3,2,-1,-5,0,1,0,4,-1,-8,1,0,-21,-1,0,0,0,1,1,-1,2,-1,15,-2,-2,-2,-1,-2,5,-1,18,-9,4,4,10,-3,2,-2,-11,2,-11,1,0,-1,1,4,-3,1,0,-1,-1,-1,0,-2,0,0,0,0,-3,0,1,-11,-4,1,-3,2,1,-4,1,7,19],"lows":[0,0,0,31,-41,-8,4,1,11,2,0,6,20,-2,-5,-3,6,0,-1,-4,6,2,-6,-2,-6,-2,1,2,-26,52,37,-5,-4,2,4,-2,0,9,0,1,1,1,1,-1,1,-1,0,1,-1,0,0,0,1,-1,0,0,0,0,0,0,-10,4,10,0,-1,13,-3,-3,1,1,-3,0,2,-1,-2,5,-8,-3,-2,-1,-1,-1,0,2,0,1,-4,0,5,-2,2,-4,-1,16,-1,17,3,-1,-5,-1,4,-9,-2,1,7,-3,0,-6,-4,0,-1,-1,0,0,0,0,-1,-2,-4,-2,-20,0,0,0,0,1,1,-2,1,3,-1,4,6,-1,1,-2,-1,-3,3,-3,5,1,16,6,0,-2,-2,-3,-14,6,-7,2,3,-1,0,1,1,4,-1,-4,-1,1,-2,0,-2,4,-4,0,2,-10,-7,0,2,-2,-1,3,-2,1,-1,4],"closes":[0,0,0,64,-74,-7,4,12,-1,12,40,0,-23,-3,-1,-3,2,0,-1,3,3,-2,-6,-2,-6,0,3,0,23,38,1,-6,1,1,2,-4,14,-5,1,1,9,-8,1,-1,1,-1,0,1,-1,0,1,-1,1,0,-1,1,-1,1,-1,0,-7,12,7,-8,16,-4,-3,-3,2,0,-3,2,0,-1,0,3,-8,-3,-2,0,-2,-1,4,-1,-1,1,-4,5,0,0,0,-2,13,0,18,2,7,-2,-11,-2,6,-11,5,0,1,2,-4,-7,-3,-1,4,-6,0,0,2,-2,2,-5,-1,0,-23,3,-3,0,-1,4,1,-5,3,3,0,12,0,-6,2,-3,-2,2,-1,15,-14,17,5,1,3,0,-7,-1,-9,0,-5,5,-3,-1,5,-1,3,-1,-1,-4,0,2,-3,-1,0,2,-4,1,1,-10,-5,1,-1,-2,2,2,-4,1,3,23],"volumes":[0.76,5.28,0.76,3.75,18.05,24.38,3.37,25.24,7.89,43.29,106.58,252.52,42.64,5.26,14.01,19.52,13.15,5.26,7.13,20.2,20.63,17.65,14.26,5.26,12.0,15.14,22.15,12.39,91.57,94.47,7.0,9.5,5.5,6.5,6.0,5.5,8.25,7.0,11.0,10.25,50.88,31.5,5.0,2.0,1.0,2.0,2.0,1.0,1.0,2.0,4.0,5.0,2.0,19.25,65.75,57.0,41.0,2.0,4.0,4.5,24.93,18.5,7.33,12.31,26.35,9.78,10.82,19.97,12.51,57.0,13.48,14.94,12.1,12.46,3.58,20.5,38.87,3.08,23.25,13.54,1.5,4.83,8.41,9.36,2.0,6.91,12.18,6.34,2.0,6.0,1.0,7.18,17.69,5.75,67.47,29.73,14.92,26.33,14.15,5.66,10.0,4.3,7.15,15.41,13.2,13.28,15.11,42.71,24.88,5.5,9.19,10.38,7.13,9.38,9.38,9.25,10.44,18.5,19.0,34.1,113.22,82.8,28.75,22.91,51.8,61.95,19.09,34.89,26.9,22.32,21.63,29.87,29.35,20.55,5.0,15.87,6.0,35.97,41.13,40.57,38.71,19.29,24.72,169.69,14.16,37.03,45.75,9.68,28.59,14.69,21.01,23.68,11.69,14.06,26.39,15.8,18.76,5.0,3.0,11.15,25.81,10.0,8.25,8.5,8.44,10.0,16.07,12.0,4.0,23.5,18.36,12.72,19.26,24.48,21.14,11.7,8.1,2.27,46.27,30.2]}