{"timestamp":1402790400000,"multiplier":0.001,"open":6777.097,"high":6777.497,"low":6775.297,"close":6775.298,"shift":60000,"times":[1320,1,1,1,1,1,1,1,1,1,1,1,1,1,1,1,1,1,1,1,1,1,1,1,1,1,1,1,1,1,1,1,2,1,1,1,1,1,1,1,1,1,1,1,1,1,1,1,1,1,1,1,1,1,1,1,1,1,1,1,1,1,1,1,1,1,1,1,1,1,1,1,2,1,1,1,1,1,1,3,2,1,1,1,1,1,1,1,1,1,1,1,1,1,1,1,1,1,1,1,1,1,1,1,1,1,1,1,1,1,1,1,1,1,1],"opens":[0,-3400,-1200,401,-801,-1200,1201,1199,-200,400,-799,-600,0,1599,401,-201,401,-1,1,-201,1,200,-600,-1,1,-1,601,200,200,-201,0,-600,200,-399,-201,-200,-400,0,-199,-600,199,-199,200,-201,-199,-200,-1,-400,200,-400,-399,199,1,-200,400,-1800,-800,400,400,-801,200,-1199,200,400,0,-1,-199,399,0,401,-201,1,-1,1,199,-400,-200,-199,-1,-200,0,1,0,-201,-199,-201,-799,1200,399,-1799,199,1,-600,-800,-400,0,-3400,-1800,-801,-999,800,-1000,-401,200,201,-401,1200,1201,400,400,1199,1,199,-600,1],"highs":[0,-1999,-2800,200,-801,0,800,401,399,-200,-400,-999,200,1999,601,-1001,401,-1,1,0,-200,200,-600,0,0,400,399,201,0,-200,-1,-600,200,-399,-200,-201,-399,0,-200,-400,199,-200,1,0,-400,400,-601,-400,200,-399,-200,-1,1,-1,201,-1800,-200,-1,201,-401,-200,-1199,600,400,-200,-200,-1,400,1,200,-201,1,-1,1,200,-400,-201,-199,0,-200,0,200,-200,-200,-200,-200,199,801,0,-1800,0,0,-600,-800,-200,-200,-3400,-1601,-1000,1,-200,-1000,-400,400,0,400,1400,400,1000,400,599,201,0,-801,8000],"lows":[0,-2799,-1,-1200,-199,-201,1201,200,399,0,-400,-200,-599,2199,400,-200,200,200,-400,200,1,-401,1,-1,1,-1,601,200,0,-1,-600,0,-200,-400,1,-400,-201,-400,0,-199,-1,-400,400,-200,-200,-200,200,-400,-200,-400,0,200,0,-199,-1401,-599,-200,399,-600,200,-1200,-399,799,400,0,-200,1,199,200,201,-1,1,-1,1,0,-400,-201,-200,200,-200,0,0,-400,0,0,-1000,1,999,-1399,199,-200,-400,-200,-800,0,-2600,-2799,-401,-2599,1199,-399,-1,-200,400,-399,199,1200,800,801,400,1199,0,200,-600,1],"closes":[0,-2800,200,-401,-1199,999,800,400,0,-399,-601,-200,-400,2600,-199,-201,401,-1,-199,200,-200,-401,1,-1,1,400,200,399,-199,0,-600,-1,-200,-199,-200,-400,0,-201,-399,0,0,-1,1,-401,-200,200,-200,-400,-199,-401,201,-1,0,0,-1600,-599,199,200,-599,-1,-1000,1,399,601,-400,0,-1,201,200,0,-1,1,-1,1,0,-400,-201,-200,201,-200,-1,0,-400,0,1,-1001,1000,801,-2200,400,-200,-200,-600,-801,201,-2801,-2400,-800,-1399,999,-1200,-199,-1,400,-399,800,1199,600,800,601,399,201,200,-801,8000],"volumes":[2.6E-5,0.020064,1.2E-5,9.1E-5,4.6E-5,5.5E-5,5.8E-5,7.8E-5,7.9E-5,6.0E-5,3.0E-5,1.8E-5,7.7E-5,0.020002,8.5E-5,8.0E-6,2.1E-5,3.0E-6,7.7E-5,3.5E-5,4.0E-6,1.6E-5,4.0E-6,1.3E-5,6.0E-6,2.0E-5,6.0E-5,9.0E-6,4.0E-6,4.0E-6,1.9E-5,2.0E-6,1.2E-5,1.3E-5,6.0E-6,4.0E-6,1.7E-5,9.0E-6,1.2E-5,1.3E-5,1.7E-5,2.1E-5,1.0E-5,1.2E-5,1.1E-5,6.7E-5,3.0E-6,2.0E-6,6.2E-5,1.35E-4,7.1E-5,8.0E-6,1.6E-5,1.7E-5,2.5E-5,2.6E-5,3.6E-5,1.2E-5,3.9E-5,2.8E-5,9.9E-5,1.5E-5,8.6E-5,5.6E-5,6.7E-5,2.6E-5,1.2E-5,4.0E-5,1.6E-5,4.0E-6,2.0E-6,2.0E-6,2.0E-6,2.0E-6,6.0E-6,9.0E-6,8.0E-6,9.0E-6,7.0E-6,8.0E-6,1.1E-5,1.4E-5,8.0E-6,9.0E-6,6.0E-6,1.4E-5,1.4E-5,5.1E-5,3.4E-5,1.8E-5,2.1E-5,2.3E-5,1.6E-5,1.2E-5,1.2E-5,1.16E-4,8.0E-5,1.45E-4,1.86E-4,3.4E-5,3.3E-5,1.2E-5,1.5E-5,3.6E-5,2.1E-5,1.24E-4,6.0E-5,9.6E-5,6.5E-5,4.2E-5,3.9E-5,6.3E-5,2.0E-5,3.0E-5,0.060032]}