{"timestamp":1363478400000,"multiplier":1.0E-5,"open":1.03515,"high":1.03518,"low":1.03506,"close":1.03506,"shift":60000,"times":[1260,1,1,1,1,1,1,1,1,1,1,1,1,1,1,1,1,1,1,1,1,1,1,1,1,1,1,1,1,1,1,1,1,1,1,1,1,1,1,1,1,1,1,1,1,1,1,1,1,1,1,1,1,1,1,1,1,1,1,1,1,1,1,1,1,1,1,1,1,1,1,1,1,1,1,1,1,1,1,1,1,1,1,1,1,1,1,1,1,1,1,1,1,1,1,1,1,1,1,1,1,1,1,1,1,1,1,1,1,1,1,1,1,1,1,1,1,1,1,1,1,1,1,1,1,1,1,1,1,1,1,1,1,1,1,1,1,1,1,1,1,1,1,1,1,1,1,1,1,1,1,1,1,1,1,1,1,1,1,1,1,1,1,1,1,1,1,1,1,1,1,1,1,1,1,1,1,1,1,1],"opens":[0,-9,-12,-4,-6,-9,-5,12,4,-6,1,-2,12,-30,-5,-7,11,8,-8,15,-19,-10,17,0,-13,9,7,21,0,4,20,0,-10,-32,-1,-8,-10,-4,2,6,8,9,9,5,1,-6,-23,15,19,5,-19,11,31,-24,0,-9,11,-3,-20,-13,33,97,-13,32,-50,-2,-32,34,15,11,18,-29,6,-3,-14,-26,-13,6,44,-30,57,11,1,13,26,41,-30,12,25,25,3,-5,0,1,3,10,-8,-77,8,32,12,5,3,-47,-36,30,1,22,-8,19,-11,-36,-13,-4,24,4,-4,-52,-24,8,-17,52,8,10,26,19,9,-45,-3,9,-3,-2,-1,-10,5,-5,20,1,-1,9,-16,-2,2,21,1,-20,-5,1,10,-2,3,-28,4,0,-42,-25,-8,4,-6,19,-7,-41,1,18,-31,5,-4,-8,21,25,-1,35,-21,28,-22,-2,3,1,-29,-16],"highs":[0,-12,-11,1,-9,-3,6,1,0,-5,2,0,13,-38,7,-9,8,14,4,16,-44,23,-18,-1,-7,26,21,0,11,5,6,-14,-9,-14,-20,-8,-10,-2,4,13,4,29,-13,26,-24,-7,1,11,4,1,0,24,-1,-15,1,-8,21,-12,-33,20,104,10,3,3,-53,-2,1,20,6,31,0,-32,9,-15,-8,-33,-9,42,4,26,21,-7,11,50,18,0,-8,31,6,8,1,-7,6,-2,10,3,-12,-68,35,8,16,-7,4,-52,-2,-3,34,-11,11,8,-19,-27,-20,17,10,-1,-1,-60,-4,-11,55,-14,11,28,16,10,1,-37,-4,5,-3,-5,-2,10,-13,17,-3,1,9,6,-21,-3,25,12,-11,-24,-3,9,0,4,-3,-19,-5,2,-44,-25,-1,1,9,0,-7,-40,28,-10,-24,2,-8,13,36,-11,32,2,11,-4,-17,-4,9,-8,-23,-21],"lows":[0,-12,0,-9,-10,0,-5,12,-6,-10,14,-1,-25,4,-9,0,3,1,-4,-8,-6,10,8,-19,16,9,6,13,9,4,10,-7,-22,-11,-7,-10,0,2,2,6,2,15,-4,18,-10,-11,-35,43,16,-28,3,11,21,-1,-9,1,9,-21,-11,-2,33,81,1,-39,-7,-14,9,34,16,3,-1,-18,8,-10,-31,-2,-9,16,1,6,50,17,8,12,28,2,2,19,10,24,3,-1,12,0,4,-1,-73,-30,37,30,13,6,-42,-35,-3,4,27,13,-1,11,-41,-9,-6,1,25,-1,-53,-37,14,-22,14,50,9,9,28,16,-34,-8,3,8,-3,-1,-17,9,-2,0,18,0,4,-4,-6,0,3,21,-19,-6,0,2,3,5,-25,-3,0,-33,-26,-15,5,-4,3,10,-40,-13,15,-14,1,-4,-8,5,18,23,3,11,2,8,0,-7,7,-27,-34,-5],"closes":[0,-12,1,-5,-15,9,-2,0,-5,3,8,0,-29,1,-11,11,9,-16,23,-21,-19,27,0,-15,8,10,23,-2,4,19,-9,-1,-24,-10,-6,-13,2,-1,4,10,7,11,1,11,-10,-15,5,20,0,-32,18,41,-24,0,-10,13,-1,-23,-7,27,98,-12,27,-47,-2,-32,34,15,11,18,-24,2,-2,-17,-25,-14,5,42,-27,54,14,2,11,31,38,-34,17,27,19,5,-2,-2,1,3,10,-8,-74,4,32,12,7,3,-46,-35,27,0,23,-8,20,-10,-38,-13,-5,25,3,-3,-54,-22,7,-17,55,4,12,26,18,10,-45,-3,8,-2,-1,-3,-11,9,-7,20,1,-1,9,-13,-6,3,20,2,-20,-6,1,11,0,1,-28,9,-5,-40,-26,-9,7,-9,19,-8,-40,1,20,-32,4,-4,-8,21,28,-4,33,-19,29,-23,2,-1,3,-31,-16,-17],"volumes":[14.25,9.0,1.5,9.75,13.5,7.5,34.5,7.5,51.0,65.25,21.75,9.0,73.8,22.5,54.0,69.75,53.25,38.25,121.88,125.66,20.72,68.66,17.27,49.16,13.5,31.5,105.75,47.27,87.78,63.05,38.25,24.76,42.75,66.25,38.27,36.39,10.5,4.5,6.75,33.75,42.39,30.0,49.51,49.95,27.39,15.0,58.01,21.03,11.28,34.3,73.5,34.52,24.41,49.17,32.68,28.19,39.4,78.1,26.63,26.27,112.13,79.81,84.0,101.83,241.76,154.52,141.74,138.28,105.84,165.03,124.55,77.56,144.67,151.48,165.09,64.88,88.92,142.56,138.26,133.16,139.83,69.08,125.36,165.2,126.97,106.47,78.32,154.37,128.57,125.7,101.05,80.11,95.66,39.0,48.0,37.32,129.67,228.12,171.04,78.49,100.85,54.63,105.64,51.4,108.91,103.62,72.31,55.95,111.08,56.66,89.07,69.02,38.25,62.44,57.0,30.0,234.1,136.81,103.33,107.91,199.14,79.54,66.15,91.22,108.63,81.55,145.84,105.73,66.09,65.69,49.01,61.17,70.8,44.86,40.38,94.38,49.18,44.29,52.58,51.26,27.57,39.09,60.04,76.38,73.55,20.82,17.45,38.65,27.21,33.01,47.86,62.65,66.0,78.44,91.98,78.19,63.76,44.44,51.75,28.66,98.88,97.32,99.84,156.39,73.5,42.75,40.51,84.75,125.12,89.7,88.33,117.03,77.47,56.82,31.5,57.59,96.56,121.28,143.75,132.97]}