{"timestamp":1623542400000,"multiplier":1.0E-5,"open":0.93689,"high":0.93689,"low":0.93643,"close":0.93643,"shift":60000,"times":[1265,3,1,1,1,1,1,1,1,1,1,1,1,1,1,1,1,1,1,1,1,1,1,1,1,1,1,1,1,1,1,1,1,1,2,1,2,1,1,1,1,2,2,1,1,1,2,1,1,1,1,1,1,1,1,1,1,1,1,1,1,1,1,1,1,1,2,1,1,1,1,1,1,1,1,1,1,1,1,1,1,1,1,1,1,1,1,1,1,1,1,1,1,1,1,1,1,1,1,2,1,1,1,1,1,1,1,1,1,1,1,1,1,1,1,1,1,1,1,1,2,2,1,1,1,1,2,1,1,1,1,1,1,1,2,1,1,1,1,1,1,1,1,1,1,1,1,1,1,1,1,1,1,1,1,1,1,1,1,1,1,1],"opens":[0,-46,-1,1,2,-1,-2,1,0,4,1,5,13,8,-9,0,1,-1,5,-4,0,-1,0,2,-2,0,0,0,1,0,1,5,0,2,1,-2,0,1,0,0,2,-1,2,1,1,-2,-1,-2,-4,21,16,7,4,-1,3,-11,6,2,-2,-3,21,5,-12,-7,5,0,2,0,-10,0,4,4,1,0,-2,-1,-2,4,3,-4,1,-1,-6,-8,-3,1,2,-3,-3,0,0,-2,-2,0,0,1,-7,2,1,-4,13,-4,-6,2,5,2,-2,13,-2,-3,-2,3,-9,0,5,-3,0,4,-3,2,-1,1,-2,0,-1,2,-2,-3,10,-2,6,-2,-3,1,-4,-5,-2,4,5,-3,0,7,2,2,4,-4,-1,-1,-3,-2,-1,-3,0,1,4,2,-1,2,-3,3,-5,2],"highs":[0,-46,-1,1,2,0,1,-1,7,-3,4,15,6,19,-28,1,1,0,3,-3,0,0,0,0,0,0,0,-1,1,0,4,1,0,2,1,-1,0,2,0,1,0,2,-2,1,1,-2,1,-4,34,6,5,-3,4,0,6,-10,3,0,-1,16,0,4,-8,-6,1,0,1,0,-10,6,3,1,-1,2,-4,-1,-2,9,0,-5,2,-3,-6,-8,1,2,-2,-1,-6,0,2,-4,-2,1,0,0,-4,7,-7,20,-8,-6,-6,6,0,6,11,-1,-5,-2,3,-3,-7,-2,6,-3,-1,4,-3,2,-1,2,-2,-1,0,1,-2,4,4,-3,7,-3,-2,1,-5,-2,4,-5,6,-4,2,7,3,2,3,-5,-2,0,3,-9,-1,-3,6,-2,4,0,3,-2,-2,1,-2,7],"lows":[0,0,-1,-21,24,-3,0,0,1,4,1,4,1,13,-1,0,0,0,0,1,-1,0,0,0,0,0,0,0,-1,1,-1,8,0,0,-1,1,-1,-10,12,0,2,0,2,1,-1,-1,0,-12,2,23,17,5,3,-8,1,-2,4,5,-5,3,20,-7,0,-7,0,4,4,-13,-1,4,-1,8,2,-3,0,-4,-1,6,2,-4,-4,2,-19,5,-5,4,-2,-4,1,4,-2,-2,0,0,-2,-3,-1,0,-2,1,9,-10,2,-8,15,4,-3,14,-6,-2,1,-6,0,-3,2,3,0,2,-2,2,0,0,-2,-4,4,0,-4,0,7,-1,6,-4,2,-2,-6,0,-2,4,1,1,0,3,6,2,1,-2,-2,-2,-2,0,-8,2,2,0,4,1,1,0,-4,2,-1,1],"closes":[0,0,-1,0,3,-1,-2,0,10,-5,6,13,8,-8,-1,1,1,0,-2,1,1,-1,0,0,0,0,-1,0,1,0,5,1,0,1,0,-1,0,2,0,1,2,1,-1,1,-1,-1,1,-8,1,39,5,0,1,5,-11,7,1,-1,-2,20,0,-8,-1,-3,2,1,1,-11,0,6,3,1,0,-1,-2,-4,2,9,-2,-3,0,-5,-12,-2,1,4,-2,-1,-6,2,-2,-2,0,1,0,-3,-2,2,-6,14,-4,-7,2,6,-1,6,9,0,-7,-2,5,-8,0,-2,0,2,0,2,-2,2,0,0,-1,-2,2,0,-3,6,2,-4,8,-6,2,-2,-6,1,3,-2,4,-2,2,6,3,0,2,-3,0,-4,-2,0,-4,-2,5,1,0,1,3,-2,0,-1,0,8],"volumes":[1.49,1.0,2.0,6.5,1.0,8.0,10.0,8.0,7.0,6.0,16.75,31.75,22.0,21.75,1.0,3.0,11.0,14.0,17.0,11.0,22.0,22.0,19.0,17.0,22.0,10.0,11.0,7.0,9.0,13.0,19.0,1.0,0.8,2.25,4.5,2.25,10.25,24.0,8.0,12.0,8.5,5.25,1.5,1.0,6.0,2.0,2.25,8.25,66.75,14.09,27.41,40.63,36.75,42.54,34.02,17.93,18.26,16.29,59.79,68.41,16.0,33.22,14.11,18.47,25.1,12.05,2.0,18.93,7.0,9.0,22.36,13.61,1.0,10.75,2.24,5.12,4.24,9.0,11.88,7.0,12.0,4.0,36.99,13.69,37.86,13.12,25.0,15.0,9.69,1.0,12.12,3.0,1.0,5.0,6.0,7.0,15.0,11.12,4.0,25.68,10.0,21.0,12.0,27.0,6.0,5.0,15.12,7.0,12.56,19.5,13.0,15.69,2.0,7.0,10.0,3.0,1.0,4.0,2.69,3.0,1.0,4.0,6.62,7.94,3.0,4.0,5.0,9.0,10.0,4.75,9.69,4.69,3.0,15.19,9.94,4.0,14.69,1.0,11.88,1.69,3.0,7.5,13.12,5.0,14.0,9.0,6.0,5.0,12.94,2.0,11.0,7.0,16.12,8.93,12.43,15.0,12.0,8.0,23.06,9.0,11.0,18.31]}