{"timestamp":1623542400000,"multiplier":1.0E-5,"open":1.40994,"high":1.40994,"low":1.40994,"close":1.40994,"shift":60000,"times":[1260,5,1,2,1,1,1,1,1,1,6,1,1,1,1,1,1,1,1,2,1,1,1,1,1,1,1,1,1,1,1,1,1,1,1,1,1,1,1,1,1,1,1,1,1,1,1,1,1,1,1,1,1,1,1,1,1,1,1,1,1,1,1,1,1,1,1,1,1,1,1,1,1,1,1,1,2,1,1,1,1,1,1,1,1,1,1,1,1,1,1,1,1,1,1,1,1,1,1,1,2,1,1,1,1,1,2,1,1,1,1,1,1,1,1,1,1,1,2,1,1,1,1,1,1,1,1,1,1,1,1,2,1,1,1,1,1,2,1,1,1,2,1,1,1,1,1,1,1,1,1,1,1,1,1,1,1,1,1,1,1,1],"opens":[0,2,45,10,0,0,0,0,0,0,11,-11,0,19,0,0,-19,0,0,2,28,-29,9,-10,18,-18,0,3,-10,-1,19,16,-9,1,7,8,4,-14,9,-14,5,0,2,-6,14,2,3,-5,0,-6,29,-30,15,-20,2,1,-3,17,0,12,29,6,21,22,-7,-3,-21,-5,-9,-17,-2,7,2,14,1,-1,-1,2,3,8,2,2,0,3,-25,8,13,4,-1,-1,0,10,4,-1,3,1,-11,2,2,-10,2,2,-3,-26,3,9,-4,-6,4,1,0,2,11,3,3,3,-1,4,-2,-2,3,-4,0,0,0,-1,1,-1,-1,3,3,-3,1,-1,-3,-6,0,-1,6,-5,5,-4,13,6,0,10,-2,2,-1,-8,-2,-9,0,-1,0,8,5,1,0,-1,0,1],"highs":[0,47,10,9,-9,0,0,3,1,-4,11,-11,21,-2,0,0,-19,0,0,5,31,-18,-8,-10,19,-19,11,0,-18,0,35,-1,-9,10,1,8,1,-2,-3,-14,5,10,-8,7,5,-1,5,-8,0,56,-32,-6,-10,-15,4,0,11,11,0,20,18,17,22,4,-7,-3,-26,-2,-12,-17,3,5,15,-1,0,-1,1,3,7,1,5,-1,7,-4,-22,27,0,-4,-2,-1,10,0,4,7,-2,1,-14,3,1,-10,4,4,-7,-24,10,0,-4,-2,2,0,4,8,3,3,2,2,5,-3,-2,1,6,-9,-1,0,0,0,4,-5,1,4,0,-2,0,-1,-2,-5,-2,4,1,-1,1,10,5,1,17,-7,-1,0,-1,-8,-2,-9,1,-2,11,0,7,0,-3,-2,1,0],"lows":[0,2,45,10,0,0,0,0,0,0,0,0,0,19,0,0,-19,0,0,0,0,1,9,-10,0,0,0,2,-10,0,19,16,-9,1,-2,17,-1,-13,7,-19,0,16,2,-17,25,2,-4,2,-10,-39,30,12,-7,0,0,0,1,7,6,16,14,22,18,15,-1,-18,-11,2,-25,0,-1,6,3,13,0,1,-1,2,3,8,1,-1,3,-24,1,10,13,3,-5,3,0,10,0,4,3,-9,-2,3,-6,-2,2,-1,-25,-1,1,11,-10,0,4,-1,2,1,11,3,3,2,0,5,-4,-1,-1,1,0,-1,-1,1,0,0,-6,8,-1,0,0,-5,-5,2,-1,0,5,-4,-1,2,13,4,2,9,-1,0,-9,0,-9,-2,0,0,0,9,5,0,-1,1,0,1],"closes":[0,47,10,0,0,0,0,3,1,-4,0,0,19,0,0,0,-19,0,0,0,0,18,-8,-10,0,0,11,-1,-18,1,32,2,-9,8,3,8,-4,3,-4,-24,0,26,-8,6,6,-1,-3,0,-5,29,-29,12,-20,2,2,-4,20,-2,12,22,15,20,21,-8,-3,-17,-11,1,-24,-1,4,3,14,0,1,0,0,4,7,1,4,-3,8,-24,0,27,-3,-2,-2,0,10,-1,1,11,-2,-12,-2,4,-7,-2,3,-2,-25,1,10,0,-10,4,1,-1,4,9,4,3,2,-1,3,2,-4,3,-5,1,0,-1,0,1,-1,0,1,1,0,0,-1,-5,-3,0,0,4,0,0,-5,16,3,1,11,1,-2,-1,-8,-1,-9,-1,0,0,8,3,6,1,-6,1,0,1],"volumes":[0.3,3.34,2.62,3.6,0.84,2.51,0.41,4.96,1.57,0.41,5.72,1.23,2.98,0.1,0.1,0.1,2.05,1.16,0.41,5.73,1.645,1.5,0.75,0.41,24.7,1.16,8.32,3.74,1.11,0.74,8.25,1.5,0.75,3.0,4.69,1.5,1.5,7.86,3.0,2.25,0.94,4.5,0.75,4.31,2.25,2.25,9.0,0.75,63.97,397.925,165.15,109.8885,156.3494,161.1787,316.14,101.27,51.2007,69.267,55.12,26.44,46.43,36.39,56.45,61.5,9.75,43.5,25.5,11.25,13.69,3.0,5.25,5.25,9.75,5.25,3.0,0.75,3.0,17.25,9.0,0.75,6.75,6.75,6.75,40.5,4.5,19.46,8.25,3.75,9.0,6.75,7.5,4.5,8.25,7.5,7.5,25.86,2.99,1.12,7.68,0.75,3.0,13.84,26.97,6.73,5.24,1.87,25.12,3.75,5.25,12.0,9.74,9.0,8.62,7.5,4.5,10.5,17.07,1.5,3.75,10.5,29.61,3.75,2.25,2.25,19.5,6.75,8.98,1.5,11.25,1.87,4.86,8.25,3.75,4.11,10.5,5.24,2.25,5.25,11.25,9.37,13.12,21.75,20.16,8.61,38.81,4.5,5.06,7.85,8.63,2.25,9.0,9.0,17.62,2.25,25.79,4.12,4.5,8.25,8.25,2.25,7.5,0.75]}