{"timestamp":1622937600000,"multiplier":0.001,"open":7076.28,"high":7076.28,"low":7075.392,"close":7075.392,"shift":60000,"times":[1322,1,1,1,1,1,1,1,1,1,1,1,1,1,1,2,1,1,1,1,1,1,1,1,1,1,1,1,1,2,1,1,1,1,1,1,1,1,1,1,2,1,1,1,1,1,1,1,1,1,3,1,2,2,1,1,2,1,2,2,1,1,1,1,1,1,1,1,1,1,1,1,1,1,1,1,1,1,1,1,1,1,1,1,2,1,1,1,1,1,1,1,1,1,1,1,1,1,1,1,1,1,1,1,1,1,1],"opens":[0,-670,-3100,-606,1895,1393,-1097,-582,776,15,-194,-197,-30,1291,415,121,3,-200,688,400,785,603,-612,-367,-394,483,114,-539,-382,921,-512,-403,-412,-9,-78,-722,15,424,-1512,703,403,406,483,90,-612,403,36,-442,39,370,397,-388,415,-708,-710,221,-36,15,788,421,-409,-576,-114,0,1302,1115,-27,-382,588,-221,-173,973,-788,-197,1024,-1203,-6,388,418,-424,-370,-18,-491,1288,-821,409,-403,427,-933,939,-409,-912,24,-442,33,182,188,18,400,497,1194,-797,21,3,373,-385,0],"highs":[0,-503,-3267,2082,1624,-1024,12,-1315,812,-6,-403,24,364,933,-24,121,3,3,494,806,1291,394,-1124,-567,-24,113,114,-539,30,509,-9,-906,-394,-27,33,-400,-36,42,-1312,503,406,1188,-12,12,-409,418,-36,-385,-176,203,364,-388,415,-708,-710,615,9,-9,809,1294,-1718,-373,-317,1090,915,895,-98,98,-119,27,6,400,-403,-18,421,-397,-812,388,418,-3,-791,397,-39,421,104,-483,-436,427,397,12,-812,-197,-312,21,-403,-12,397,918,-18,382,627,-597,-394,800,-9,-791,83],"lows":[0,-2515,-2479,1279,2122,-713,1009,-1018,1212,-385,-415,397,-3,1291,-870,994,206,9,494,594,785,403,-412,-1182,-497,479,1036,-539,-382,421,-39,-376,-1224,803,-394,-1285,894,-891,-400,906,-21,830,388,-27,-400,36,388,-427,15,3,385,15,9,-809,-379,397,-36,15,710,478,-803,-379,-912,494,1597,930,-15,18,403,-311,-95,-15,-6,24,406,-406,-3,388,-397,-518,18,503,-491,876,-409,0,6,-482,-24,515,-515,-382,-997,197,415,-15,-9,403,391,497,803,-797,9,397,-6,-400,30],"closes":[0,-2515,-782,2085,1409,-1673,764,-1603,1621,-794,385,-203,594,527,79,12,376,42,461,818,904,-110,-290,-1304,415,-433,1036,-539,30,503,-500,-409,-803,382,-394,-785,501,-998,-18,524,373,1221,-397,-27,-364,0,388,-12,-400,427,364,-388,9,-806,-382,791,-18,18,379,433,-842,42,-818,1591,915,95,287,513,-119,-406,439,-824,-6,809,-379,-3,-406,388,-397,412,-894,503,358,9,516,-483,-436,6,818,-400,-418,-512,-388,-794,821,-415,582,706,391,403,-3,-567,-194,1200,-415,-588,173],"volumes":[0.00147,0.02009,0.0147,0.01372,0.01715,0.00588,0.00588,0.00294,0.00588,0.00343,0.0049,0.00588,0.00637,0.00147,0.00343,9.8E-4,0.00147,9.8E-4,0.00245,0.00441,0.01617,0.00735,0.00147,9.8E-4,0.00392,9.8E-4,4.9E-4,4.9E-4,0.00343,0.00196,0.0049,4.9E-4,0.00392,4.9E-4,0.00588,0.00245,0.00147,0.00196,0.00588,4.9E-4,0.00588,9.8E-4,0.00245,0.00343,0.00245,0.00294,0.00245,0.00294,0.00147,0.00343,0.00245,4.9E-4,0.00196,0.00343,9.8E-4,0.00196,0.00196,9.8E-4,0.00245,0.00833,9.8E-4,0.00147,0.00196,0.00392,0.00588,0.00441,0.00441,0.00147,0.00147,0.00245,0.0049,0.00539,0.00294,0.00196,0.00147,0.00539,4.9E-4,4.9E-4,0.00147,0.00441,0.00196,0.00147,9.8E-4,9.8E-4,0.00196,0.00147,4.9E-4,0.00392,0.00392,0.00784,0.00245,0.00196,0.00588,0.0049,9.8E-4,0.0049,0.00245,0.01225,0.01078,0.00637,0.00147,0.00637,0.00931,0.00637,0.00539,0.00735,0.00294]}