{"timestamp":1722729600000,"multiplier":1.0E-5,"open":0.65098,"high":0.65098,"low":0.65098,"close":0.65098,"shift":60000,"times":[1261,1,2,1,1,1,1,1,1,1,1,1,1,1,1,1,1,1,2,1,1,1,1,1,1,1,1,1,1,1,1,1,1,1,1,1,1,1,1,1,1,1,1,1,1,1,1,1,1,1,1,1,1,1,1,1,1,1,1,1,1,1,1,1,1,1,1,1,1,1,1,1,1,1,1,1,1,1,1,1,1,1,1,1,1,1,1,1,1,1,1,1,1,1,1,1,1,1,1,1,1,1,1,1,1,1,1,1,1,1,1,1,1,1,1,1,1,1,1,1,1,1,1,1,1,1,1,1,1,1,1,1,1,1,1,1,1,1,1,1,1,1,1,1,1,1,1,1,1,1,1,1,1,1,1,1,1,1,1,1,1,1,1,1,1,1,1,1,1,1,1,1,1,1,1,1,1],"opens":[0,-1,10,0,10,-1,-17,-57,62,6,8,0,-12,0,13,0,2,-3,-4,8,-18,15,-21,11,18,0,-1,-19,32,-29,15,6,-18,-7,6,0,2,2,0,1,1,0,-1,-2,-2,-1,2,0,1,0,-2,-4,-2,57,-28,0,-10,10,-38,-52,-4,7,5,-19,-17,10,-3,-5,12,2,7,10,8,30,-21,-5,-9,7,-3,7,-7,-14,5,-13,4,0,10,6,-6,-6,11,18,-4,-11,4,-13,-2,-4,4,6,12,-4,3,-1,-4,17,5,2,1,-26,0,8,-6,12,-13,4,5,23,0,-6,-4,-3,17,-2,1,13,-23,-6,13,6,3,-4,8,-5,4,6,6,8,-12,3,-5,-11,-15,-5,2,3,-13,-7,-5,-7,-14,0,-14,-16,8,0,12,2,-14,1,4,-3,-3,6,-11,-4,-4,4,-32,-20,-8,9,24,-6,7,-14,13],"highs":[0,-1,10,10,0,-1,-16,5,11,2,0,2,-12,14,-3,2,0,-3,-4,8,-3,0,13,-11,6,0,5,13,-6,-7,-7,6,-18,-2,2,1,2,0,2,0,0,0,6,-6,-5,1,0,2,0,0,-1,-5,63,-5,-29,-3,2,2,-42,-43,15,-15,-1,-19,-8,2,-4,7,2,7,23,-4,36,-5,-20,-8,-1,3,0,10,-17,-8,-1,-6,11,-3,7,8,-16,10,14,-1,-4,0,-7,-5,-10,2,5,16,-5,3,-3,-1,16,1,5,-2,0,-25,7,2,9,-3,-5,1,26,2,-4,-5,-7,20,1,1,9,-6,-23,5,13,-2,3,2,-1,2,4,10,9,-2,-8,0,-9,-12,-10,0,0,-3,-15,0,-10,-9,-5,-3,-18,-4,2,3,3,4,-17,4,6,-4,-2,0,-9,-6,4,-3,-30,-10,-7,19,5,-4,5,-6,2],"lows":[0,-1,-56,56,-9,10,-54,-3,63,-1,2,13,-12,0,-6,9,12,-3,-4,-10,0,15,-21,10,19,-27,6,1,0,-1,19,-12,-37,30,6,0,2,1,1,1,0,-1,-8,-2,6,0,-6,5,3,-7,-1,0,1,21,7,-7,-2,-44,-60,-2,-9,20,7,-24,4,4,-2,-1,12,1,9,9,4,-3,9,-17,8,7,-11,11,-17,3,-11,3,1,2,9,2,-11,1,8,10,-2,2,-8,-8,-2,3,1,9,4,3,-4,-10,13,15,7,-1,-24,-4,5,2,0,0,-1,2,7,19,-9,-2,0,1,14,1,2,-7,-18,5,16,1,1,2,-3,7,3,8,7,-5,-2,2,-14,-31,8,3,-2,-4,-16,6,-21,-15,13,-19,-14,3,5,2,4,-6,-2,5,-6,4,-8,6,-9,-13,9,-27,-20,-10,0,13,19,-5,-3,0,3],"closes":[0,-1,10,10,-14,-4,-55,59,8,-8,3,14,-13,13,-16,17,0,-3,-4,-9,14,0,-15,17,6,-27,6,39,-36,23,-7,-12,-9,7,2,1,2,0,2,0,-1,1,-4,-2,0,2,-2,3,0,-8,3,-3,58,-30,0,-6,2,-34,-51,-3,6,1,-12,-23,12,-2,-5,12,2,7,10,8,35,-28,-5,-7,6,-2,7,-7,-14,4,-15,8,1,9,3,-4,-5,11,18,-9,-8,5,-12,-3,-6,6,7,13,-3,0,0,-5,19,2,4,-1,-25,0,6,-5,12,-11,3,2,26,2,-9,-6,-1,19,-2,0,14,-20,-13,14,9,2,-3,6,-5,3,7,7,10,-15,4,-4,-12,-13,-6,2,1,-10,-9,-3,-2,-23,2,-17,-9,3,1,11,3,-17,4,4,-3,-3,4,-7,-9,-3,6,-34,-20,-7,11,23,-5,5,-13,13,-5],"volumes":[1.8,1.8,2.55,18.15,21.3,4.95,8.1,48.9,62.85,28.2,5.7,2.7,4.5,14.7,6.3,8.7,2.1,0.9,0.9,2.7,2.7,0.9,6.36,8.7,2.1,2.7,15.52,27.22,33.0,30.0,1.8,13.2,79.8,13.2,9.6,18.0,24.0,12.0,8.1,6.0,3.6,7.2,83.7,76.8,9.6,12.0,145.5,57.6,33.6,49.8,52.8,25.5,580.24,101.1,20.1,18.9,49.5,341.1,159.75,63.0,67.95,78.75,22.95,69.9,23.25,18.9,10.8,37.5,24.0,40.2,73.8,50.4,94.26,79.5,90.9,109.2,72.6,39.6,67.5,76.2,54.0,66.6,56.7,28.5,28.8,52.2,26.25,50.1,73.5,69.15,75.6,63.6,61.8,65.4,27.6,56.7,25.8,52.8,44.4,60.6,34.2,28.8,34.8,53.4,52.2,40.8,22.2,23.4,85.2,51.3,28.2,18.15,59.1,62.1,55.2,67.8,215.7,71.25,72.6,57.0,24.0,91.2,58.2,55.8,66.3,39.9,47.1,58.8,80.1,62.4,79.8,40.8,49.2,63.9,45.6,75.3,37.8,48.0,42.0,30.6,57.9,100.5,39.6,68.25,66.9,37.8,60.6,82.5,157.5,105.9,104.7,133.2,148.8,88.29,100.2,57.0,67.2,56.7,67.5,45.6,54.12,70.47,87.6,48.9,65.7,59.4,59.1,109.2,118.2,253.59,133.8,87.6,103.29,66.6,75.0,93.6,55.5]}