{"timestamp":1722729600000,"multiplier":0.001,"open":7757.657,"high":7762.689,"low":7737.625,"close":7758.561,"shift":60000,"times":[1430,1,1,1,1,1,1,1,1,1],"opens":[0,-96,5128,-1032,8936,3968,1000,2128,-64,3000],"highs":[0,1000,5310,3658,3968,374,2658,-32,3064,6322],"lows":[0,19936,-936,4000,9000,2936,1000,3128,936,936],"closes":[0,5096,-2968,7936,7032,-658,3658,-1968,4904,7418],"volumes":[0.024,0.01728,0.02544,0.0192,0.012,0.01392,0.01632,0.00864,0.00864,0.00627]}