{"timestamp":1722729600000,"multiplier":1.0E-5,"open":1.28031,"high":1.28034,"low":1.2803,"close":1.28034,"shift":60000,"times":[1260,2,2,1,1,1,1,1,1,1,1,1,2,1,1,1,1,1,1,1,1,1,1,1,1,1,1,1,1,1,1,1,1,1,1,1,1,1,1,1,1,1,1,1,1,1,1,1,1,1,1,1,1,1,1,1,1,1,1,1,1,1,1,1,1,1,1,1,1,1,1,1,1,1,1,1,1,1,1,1,1,1,1,1,1,1,1,1,1,1,1,1,1,1,1,1,1,1,1,1,1,1,1,1,1,1,1,1,1,1,1,1,1,1,1,1,1,1,1,1,1,1,1,1,1,1,1,1,1,1,1,1,1,1,1,1,1,1,1,1,1,1,1,1,1,1,1,1,1,1,1,1,1,1,1,1,1,1,1,1,1,1,1,1,1,1,1,1,1,1,1,1,1,1,1,1,1],"opens":[0,3,-1,8,-5,6,-14,-45,58,-12,-16,18,11,-6,-4,-1,3,-3,-4,-5,5,3,-10,0,3,-4,8,2,26,11,-16,18,-15,2,-2,15,1,-1,0,-13,7,-9,6,-7,2,-30,2,30,-12,12,5,0,1,0,0,1,-4,-11,-19,-51,-16,-4,-1,-1,6,7,2,-10,9,-1,1,0,-1,0,-7,-5,-19,2,2,-1,3,-7,-3,-16,4,-5,8,-1,-1,2,2,6,-6,-2,0,-10,-3,1,-1,9,-2,-4,3,0,-1,4,1,-9,0,-6,1,-1,-1,8,-6,0,5,21,7,4,-17,-1,2,-1,0,20,-18,-3,9,9,-8,-1,2,2,-2,-1,1,18,0,0,-10,-19,-7,-5,5,5,-10,-1,-10,20,-18,-10,8,9,2,-1,4,-4,-25,7,0,8,-43,14,-5,-18,-9,4,-22,-1,19,16,15,-8,9,-2,3],"highs":[0,0,-1,8,2,-1,-14,-45,59,-13,1,1,11,-4,-6,1,1,41,-21,34,-57,-1,-5,0,-2,6,-2,91,-51,-1,6,-4,-13,6,8,1,0,-2,0,-8,2,-6,3,-3,0,-32,31,1,1,13,-3,-5,0,0,2,0,-5,0,-19,-60,-17,-1,9,4,-5,3,-2,-1,1,-1,4,-3,0,6,-15,-5,-12,5,-6,2,0,-6,-5,-12,0,1,1,4,-1,-3,8,0,-4,-1,-3,-9,0,1,5,6,-8,-3,1,1,3,0,0,-6,0,-8,0,2,6,-1,-2,3,17,11,4,-2,-15,5,-3,-4,20,-1,-17,6,12,-3,-8,0,1,2,-1,0,12,6,0,-1,-11,-18,-3,-2,7,-3,-10,1,9,-3,-16,-2,10,5,1,-3,-1,-3,-15,-1,7,1,-31,10,-9,-24,0,-5,-21,22,16,8,3,-1,12,-4,-7],"lows":[0,3,-51,49,-1,0,-47,0,47,-18,1,18,11,-11,0,0,0,-19,9,-3,9,-7,0,0,3,-8,11,-11,30,-9,13,-9,-1,8,6,8,5,-7,-7,-4,-2,6,-8,8,2,-30,2,11,6,10,7,-7,8,0,-3,-5,1,-40,-74,17,1,-15,6,3,10,6,-10,2,9,0,-1,1,0,-8,-8,-19,4,2,-10,4,2,-3,-19,-2,6,-1,4,0,-4,4,3,0,-1,-1,-7,-10,3,4,0,-3,2,-3,4,0,5,3,-8,0,-8,2,-1,0,-1,2,-3,4,6,20,4,-10,-1,0,1,-2,3,2,-6,2,10,1,-3,1,1,0,1,-3,4,12,4,-9,-17,-23,7,-1,8,-2,-8,-3,-9,1,-3,-2,10,10,-7,2,6,-27,0,7,1,-36,-6,18,-19,-25,13,-14,-14,12,19,16,4,-4,9,2,-3],"closes":[0,-1,-51,49,11,-12,-47,0,47,-18,18,1,11,-5,-6,2,1,-6,-5,3,5,-9,3,-1,-1,4,0,28,10,-12,14,-14,2,-3,17,1,-2,-3,-7,2,-7,2,-3,1,3,-32,31,-11,13,5,-1,0,0,0,0,-5,-2,-23,-49,-22,-2,-1,-2,5,6,5,-11,9,1,0,-2,2,0,-9,-6,-18,4,0,-4,8,-5,-7,-17,7,-4,5,0,-3,3,0,9,-7,-1,-3,-7,-4,3,0,6,1,-5,-1,3,1,3,-2,-6,1,-8,0,-1,1,6,-7,3,4,15,13,6,-20,-1,4,-1,-3,21,-14,-6,10,10,-9,-2,2,0,0,-1,0,11,6,2,-11,-15,-8,-6,4,6,-9,-1,-8,17,-18,-10,6,13,1,-7,9,-3,-29,11,-2,7,-40,11,-3,-18,-9,7,-25,-4,15,25,11,-8,10,-5,4,-1],"volumes":[5.04,0.74,1.01,5.4,8.1,6.3,3.89,0.37,8.4,1.8,3.07,0.9,1.8,3.6,1.8,3.6,2.7,20.25,22.05,17.92,4.5,3.6,6.67,3.6,0.9,7.12,6.75,39.2507,30.15,35.55,45.45,103.95,108.0,84.6,94.95,45.9,10.8,9.9,16.65,21.15,16.65,12.6,13.95,10.35,3.6,0.9,13.5,51.3,44.1,37.8,18.9,11.7,37.8,41.4,24.3,13.5,9.0,203.4,133.65,40.5,12.6,76.95,101.7,120.6,47.25,16.2,18.9,16.2,30.6,5.4,29.7,4.5,4.5,28.35,23.4,70.2,33.75,16.65,38.7,44.1,62.1,81.0,67.05,20.7,25.2,27.0,18.9,61.2,61.2,33.3,66.15,162.9,261.0,170.55,108.45,207.9,180.45,177.3,140.85,92.7,26.1,18.54,8.1,21.6,31.5,21.6,64.35,117.0,117.45,5.4,7.2,14.4,105.3,128.7,178.2,244.8,275.4,114.3,36.9,40.95,12.6,21.6,9.0,9.9,17.1,29.7,12.6,12.6,19.8,19.8,18.9,12.6,17.1,39.6,15.3,14.85,20.7,20.7,10.8,23.4,25.2,63.0,33.3,35.1,48.15,17.1,26.1,16.2,89.1,65.7,73.8,183.15,346.11,211.83,67.68,36.9,28.8,65.7,53.1,21.96,24.39,175.05,271.35,33.3,51.3,116.1,50.4,81.9,112.95,166.5,55.8,58.5,118.08,74.7,39.03,67.05,40.05]}