{"timestamp":1526774400000,"multiplier":1.0E-5,"open":0.96824,"high":0.96824,"low":0.96794,"close":0.96814,"shift":60000,"times":[1260,1,1,1,1,1,1,1,1,1,1,1,1,1,1,1,1,1,1,1,1,1,1,1,1,1,1,1,1,1,1,1,1,1,1,1,1,1,1,1,1,1,1,1,1,1,1,1,1,1,1,1,1,1,1,1,1,1,1,1,1,1,1,1,1,1,1,1,1,1,1,1,1,1,1,1,1,1,1,1,1,1,1,1,1,1,1,1,1,1,1,1,1,1,1,1,1,1,1,1,1,1,1,1,1,1,1,1,1,1,1,1,1,1,1,1,1,1,1,1,1,1,1,1,1,1,1,1,1,1,1,1,1,1,1,1,1,1,1,1,1,1,1,1,1,1,1,1,1,1,1,1,1,1,1,1,1,1,1,1,1,1,1,1,1,1,1,1,1,1,1,1,1,1,1,1,1,1,1,1],"opens":[0,-15,20,-40,5,5,-11,0,0,1,-1,-10,-4,19,-2,8,10,4,1,24,-4,-7,-12,40,-8,46,-29,20,-5,17,-28,11,6,8,1,19,-15,12,4,-19,39,12,0,-2,-1,1,-6,-50,1,29,-5,-4,-25,5,-1,1,6,-7,1,14,-17,-24,7,-17,-8,15,-2,24,4,-5,-3,-6,-13,12,-11,20,-14,3,12,6,8,7,1,2,0,4,6,-5,-1,2,1,-2,-14,0,-5,-4,-16,-7,-5,-1,-4,-5,3,9,2,-2,14,-26,-6,3,5,11,-6,0,-1,0,12,-1,3,9,0,7,-8,3,0,-4,4,-6,7,10,-15,4,-3,-12,1,0,-9,-7,0,15,3,-4,-9,-5,-5,1,-2,-2,-2,2,-1,11,-2,-1,2,-5,-4,5,3,16,0,1,9,1,-6,-8,11,-4,-11,-4,9,21,12,7,0,-15,7,-5,-10,-5],"highs":[0,5,0,-26,3,-5,-11,-2,1,35,-35,-10,10,20,-10,10,6,1,28,-5,-5,-1,25,0,51,-15,-10,0,12,0,-8,-4,10,0,35,-5,10,-5,-15,32,12,-6,-4,19,-21,-2,4,-52,19,4,-5,0,-23,-2,-1,1,28,-2,-5,1,-7,-18,-14,-17,10,5,14,6,-3,5,-13,-8,2,-2,9,2,-7,15,-4,12,6,4,8,-7,1,1,3,-3,0,-1,1,0,-15,-1,-5,-4,-14,-2,-10,-1,-6,-1,8,3,4,8,-1,-19,-10,0,16,0,2,-4,-3,10,2,6,5,0,9,-4,-4,6,-7,1,1,-1,17,-7,-11,0,0,-10,6,-10,-9,-2,30,-15,4,-10,-8,-6,4,-5,-4,0,0,3,4,2,1,0,-4,-1,2,-3,17,1,5,6,10,-4,-10,2,0,-5,-11,5,23,10,14,-3,3,-5,-8,-5,-10,-8],"lows":[0,15,-21,0,5,-25,20,0,0,0,-13,3,-4,8,7,10,10,4,0,6,8,-12,0,21,11,17,-10,29,-5,-10,-3,4,16,8,0,1,4,6,-19,10,39,4,3,-8,10,-5,-65,15,0,20,-5,-19,-1,5,0,0,0,0,-5,1,-31,0,-5,-10,0,6,11,12,16,-9,-8,-15,2,5,1,1,-3,9,14,3,5,6,6,3,0,4,1,0,-4,4,-3,-11,-1,-4,-2,-20,-7,-4,-7,7,-8,0,2,8,-4,-3,-10,-5,6,0,8,6,-5,4,-2,-1,12,1,2,4,3,-5,5,0,-5,3,1,0,7,-5,0,-2,-10,-5,2,-7,-5,-3,4,7,7,-10,-8,-2,1,0,-9,3,-3,5,-1,7,-2,-3,3,-5,0,5,3,11,4,1,10,-2,-9,-5,10,-9,-5,1,9,19,14,3,-11,0,2,-7,-9,-15],"closes":[0,15,-40,5,5,-11,0,0,1,-1,-10,1,9,8,3,10,5,0,25,-5,-7,-11,42,-19,55,-30,20,-1,13,-28,10,6,9,1,19,-15,21,-5,-18,43,8,-3,-2,2,0,-5,-51,1,26,-2,-10,-19,5,-1,0,0,0,5,12,-21,-22,11,-21,-8,18,-3,24,1,-1,-8,-5,-11,13,-13,20,-14,2,12,5,10,9,1,0,0,4,3,-3,3,-2,0,2,-16,0,-5,-2,-17,-9,-3,-3,2,-8,1,9,2,-2,13,-25,-7,3,-2,19,-5,-1,0,0,10,0,3,9,0,6,-6,2,-1,-3,4,-4,5,11,-14,-2,3,-14,5,-5,-10,-6,1,13,5,-4,-9,-5,-3,-2,0,-1,-4,2,1,9,-5,1,4,-6,-6,7,1,17,1,2,7,3,-6,-9,11,-6,-9,-4,10,20,11,7,4,-18,7,-4,-8,-9,-10],"volumes":[8.25,20.25,25.5,7.5,10.5,44.5,12.0,5.0,9.0,44.0,33.0,9.0,19.0,31.5,11.0,4.5,15.0,12.0,13.0,13.0,16.0,10.0,34.5,12.0,37.5,21.0,15.0,7.0,15.5,15.5,29.0,48.0,22.0,9.0,18.0,62.5,26.0,59.0,16.0,46.0,30.5,41.5,18.0,74.0,39.0,17.0,61.87,28.5,44.0,57.5,59.0,50.0,24.5,17.0,5.0,7.0,55.5,70.5,99.0,78.75,194.49,88.19,106.29,98.47,129.5,140.45,104.44,91.78,13.12,80.62,71.53,76.62,47.0,27.1,44.5,68.82,60.17,61.24,24.0,77.84,42.59,42.98,32.22,12.5,33.0,12.0,23.5,6.0,22.0,13.0,30.75,27.25,20.75,20.0,11.05,45.72,29.27,31.5,36.12,13.37,10.0,5.5,8.0,12.0,31.0,56.37,38.37,33.5,10.0,9.5,27.5,26.5,32.5,12.0,15.0,41.0,11.0,16.5,43.0,20.5,58.97,51.87,40.0,28.0,30.0,26.0,25.0,30.5,26.5,20.0,14.0,26.0,26.12,52.5,59.75,21.75,25.5,49.75,50.75,46.0,63.25,68.25,73.75,54.3,70.26,45.81,54.82,14.75,47.0,48.5,26.5,37.75,53.5,39.25,48.25,45.75,36.0,23.25,81.24,61.92,37.5,38.0,73.5,53.5,65.0,78.25,44.75,26.75,16.0,45.75,43.25,44.75,115.75,58.25,68.87,46.12,51.5,38.5,47.0,49.0]}