{"timestamp":1526169600000,"multiplier":0.001,"open":6128.04,"high":6130.969,"low":6123.939,"close":6125.611,"shift":60000,"times":[1430,1,1,1,1,1,1,1,1,1],"opens":[0,-2071,-58,-1941,2940,-1100,-2200,-640,0,841],"highs":[0,-3999,-1059,2059,0,-2000,-2000,-1000,1000,999],"lows":[0,1,-130,100,1129,-1128,-1301,-1570,900,999],"closes":[0,299,-2100,3160,-1060,-1999,-1301,360,941,-1],"volumes":[0.03144,0.02262,0.0069,0.01236,0.00918,0.0045,0.003,0.00366,0.00426,0.00432]}