{"timestamp":1526169600000,"multiplier":1.0E-5,"open":1.19385,"high":1.19385,"low":1.19382,"close":1.19384,"shift":60000,"times":[1260,1,1,1,1,1,1,1,1,1,1,1,1,1,1,1,1,1,1,1,1,1,1,1,1,1,1,1,1,1,1,1,1,1,1,1,1,1,1,1,1,1,1,1,1,1,1,1,1,1,1,1,1,1,1,1,1,1,1,1,1,1,1,1,1,1,1,1,1,1,1,1,1,1,1,1,1,1,1,1,1,1,1,1,1,1,1,1,1,1,1,1,1,1,1,1,1,1,1,1,1,1,1,1,1,1,1,1,1,1,1,1,1,1,1,1,1,1,1,1,1,1,1,1,1,1,1,1,1,1,1,1,1,1,1,1,1,1,1,1,1,1,1,1,1,1,1,1,1,1,1,1,1,1,1,1,1,1,1,1,1,1,1,1,1,1,1,1,1,1,1,1,1,1,1,1,1,1,1,1],"opens":[0,10,-15,6,8,0,3,41,22,-5,-21,7,-9,-4,-29,65,-4,-47,-3,10,1,-1,-1,3,-1,2,-4,-1,9,4,8,-13,0,3,5,-1,0,3,3,2,-1,2,-3,1,2,-2,0,0,15,0,-2,-1,4,-3,0,0,-7,7,19,-11,13,-30,-11,11,5,-3,9,-6,-10,12,-17,3,-4,-1,-3,0,-6,0,4,11,2,-1,-2,0,5,-4,2,0,2,12,9,-3,2,2,-2,-18,-17,4,0,0,1,9,4,1,0,10,0,-1,0,3,2,9,6,9,-13,-1,3,0,0,1,-2,8,-1,-3,3,-8,8,2,-5,3,-3,-2,-14,0,-6,1,19,1,-3,-2,-1,1,1,0,0,0,3,-3,-1,0,5,-3,2,-3,0,7,4,1,13,-5,0,0,20,-3,-1,5,14,5,21,0,1,-28,-1,5,1,6,-7,-5,5,-18],"highs":[0,10,-9,2,7,7,45,40,-27,-3,-15,0,-10,-1,34,9,-7,-53,7,1,-1,-1,3,-1,3,-2,-4,5,16,0,-1,-12,2,3,2,1,1,2,1,2,-1,2,-2,0,2,-2,0,15,7,-7,-1,1,2,-4,0,0,0,15,4,6,-4,-27,0,13,-1,-8,4,-3,0,1,-16,5,-9,-1,-1,2,-7,2,9,8,-2,0,-6,5,2,-3,0,2,12,10,-2,-1,4,-2,-2,-15,-12,-3,1,-1,9,5,1,0,9,4,-3,2,-2,2,10,6,9,0,-10,-1,0,1,1,-1,5,1,2,-1,-2,0,6,-1,-2,-2,-4,-1,-14,-1,0,16,4,-5,-3,3,-5,1,0,1,-1,5,-2,-3,0,5,0,0,-2,-2,7,4,3,6,4,-4,1,19,1,6,-6,20,2,18,2,0,-2,-23,2,5,2,-3,-4,-3,0,-2],"lows":[0,-3,0,7,8,0,3,41,-4,0,0,-5,-2,-32,4,56,-54,1,-3,20,0,0,0,1,0,-3,1,0,9,2,-10,4,3,3,1,2,0,4,3,2,-1,-2,1,1,0,-3,3,0,13,-1,0,-1,1,0,0,-6,-5,12,3,-1,-14,-9,1,9,-2,4,-4,-3,2,-5,0,-1,-6,2,-1,-5,0,-1,5,8,4,-2,-1,0,3,-1,1,1,2,12,5,0,3,-8,-12,-15,0,4,-1,0,2,9,4,-1,2,10,-4,3,0,2,3,8,7,-6,1,0,3,0,0,-1,-2,9,-9,5,-4,0,4,0,-2,0,-1,-11,-7,0,0,0,17,0,-1,0,-4,4,1,0,-5,5,0,0,-2,1,1,1,-6,4,0,7,4,2,7,0,1,0,14,2,0,4,15,5,17,-14,-6,-8,1,3,4,0,-7,3,-13,-4],"closes":[0,-4,6,2,7,2,42,22,-18,-9,8,-13,-2,-29,57,6,-47,-5,12,0,-2,0,3,-2,4,-6,0,6,10,5,-13,0,3,3,-1,2,2,2,2,2,-1,0,0,0,1,-1,0,15,-2,0,0,0,-1,0,0,-5,6,15,-12,18,-29,-13,13,4,-3,5,-2,-10,12,-17,2,-3,-1,-3,0,-4,-2,2,10,4,0,-2,0,4,-2,1,1,1,12,9,-3,2,2,-2,-18,-16,3,1,-1,1,9,4,1,0,10,0,-1,0,2,2,10,6,8,-12,-1,3,0,1,-1,-1,7,1,-6,6,-9,8,3,-5,2,-2,-3,-13,-1,-6,0,20,0,-3,-1,1,-1,1,0,1,-1,5,-5,0,0,4,-3,1,-1,-2,8,4,1,9,-1,0,1,19,-3,-1,5,14,5,21,0,1,-25,-3,4,1,5,-6,-5,4,-16,12],"volumes":[2.6,5.77,11.25,3.75,2.0,37.76,33.75,39.79,45.52,24.85,20.24,9.68,15.24,58.82,44.54,38.66,56.47,68.42,126.82,45.85,5.49,8.24,20.45,5.12,6.61,19.85,3.74,12.91,47.97,28.61,45.41,30.44,37.51,17.45,53.58,37.64,27.94,6.87,45.04,1.37,8.22,12.09,14.2,9.47,4.12,19.83,3.0,16.0,34.92,13.79,60.68,43.15,12.53,3.95,4.89,17.56,27.29,22.47,22.59,11.96,36.66,26.6,37.0,58.49,97.24,83.89,159.3,117.06,112.11,95.54,56.56,148.12,94.27,23.38,40.57,79.76,74.57,97.58,54.26,75.92,46.29,49.76,26.91,30.42,44.07,36.32,8.79,12.35,55.87,50.8,122.74,84.93,68.64,63.98,87.81,111.35,77.94,15.36,16.01,55.25,42.29,26.4,15.07,17.57,27.99,36.02,22.82,26.58,39.8,25.17,14.88,53.7,71.86,60.95,10.38,25.0,2.0,12.0,51.46,14.81,112.09,66.76,83.93,52.1,57.14,71.71,79.54,52.23,121.85,87.61,73.1,70.5,67.98,42.11,83.98,92.47,40.62,20.16,62.01,44.32,44.66,8.88,23.38,10.55,43.81,17.8,9.19,3.75,21.05,20.48,45.94,42.07,36.18,60.05,41.71,12.25,22.06,36.63,46.55,81.56,68.62,117.91,43.24,83.21,87.31,130.72,87.9,165.99,106.46,118.92,147.81,137.73,152.01,101.64,184.94,103.62,108.83,74.76,134.19,171.85]}