{"timestamp":1527379200000,"multiplier":1.0E-5,"open":1.33138,"high":1.33147,"low":1.33129,"close":1.33142,"shift":60000,"times":[1260,1,1,1,1,1,1,1,1,1,1,1,1,1,1,1,1,1,1,1,1,1,1,1,1,1,1,1,1,1,1,1,1,1,1,1,1,1,1,1,1,1,1,1,1,1,1,1,1,1,1,1,1,1,1,1,1,1,1,1,1,1,1,1,1,1,1,1,1,1,1,1,1,1,1,1,1,1,1,1,1,1,1,1,1,1,1,1,1,1,1,1,1,1,1,1,1,1,1,1,1,1,1,1,1,1,1,1,1,1,1,1,1,1,1,1,1,1,1,1,1,1,1,1,1,1,1,1,1,1,1,1,1,1,1,1,1,1,1,1,1,1,1,1,1,1,1,1,1,1,1,1,1,1,1,1,1,1,1,1,1,1,1,1,1,1,1,1,1,1,1,1,1,1,1,1,1,1,1,1],"opens":[0,4,-4,-64,22,55,0,-14,-6,-54,32,-12,10,-9,-5,4,-24,-2,-1,39,-10,19,-16,17,-12,27,-28,41,-22,6,-39,-8,1,-1,0,22,0,1,-1,1,2,-2,0,-2,0,1,2,-1,-1,4,4,11,-14,-7,-1,1,-4,3,-30,8,9,26,-18,-31,-9,0,16,13,-6,6,9,-10,2,-10,5,-15,9,0,2,-48,15,3,0,6,-1,-4,3,-10,2,-3,-7,14,-8,2,4,2,4,10,-18,15,-4,9,2,0,4,-8,3,-8,10,-9,12,13,1,14,-2,0,-5,7,2,-1,-1,3,3,-5,-31,1,10,-6,3,3,3,-3,-5,1,1,-4,0,2,5,2,-3,-1,6,-5,1,3,3,0,0,-3,4,-7,-2,-8,3,-9,4,5,-3,-1,0,1,0,-15,2,-1,8,6,0,2,12,5,3,0,6,-4,-3,8,-6,-16],"highs":[0,0,-6,-33,41,3,-1,50,-70,-16,-5,0,-2,-5,-5,9,-31,-5,39,4,4,1,1,-1,64,-28,-9,2,-2,-4,-28,-27,-1,1,20,-1,6,-3,-1,1,0,-2,1,-2,1,1,1,-1,6,0,12,1,-16,-5,6,-8,-1,0,-21,7,41,-12,-20,-26,-14,11,18,4,-2,20,-2,-9,-1,-9,-5,-5,8,-9,4,-40,13,-5,6,4,-3,-3,0,-7,-1,-3,4,3,-6,5,8,2,5,0,-1,-2,5,3,3,1,-1,-8,3,2,0,3,20,-3,11,2,-2,-1,4,2,-2,1,2,0,3,-8,-26,6,0,-3,3,3,0,-2,-3,0,-1,-1,0,14,-7,2,-5,3,3,-4,6,-2,0,0,0,6,-5,-7,-2,-1,-1,-9,14,-5,6,-11,-1,1,4,-18,0,9,6,-2,6,8,6,2,3,3,1,3,-4,5,-10,-14],"lows":[0,9,-67,-5,17,41,6,-2,-49,-2,10,4,3,-5,4,-20,-2,-1,0,25,-3,-3,12,-6,10,-2,-18,42,-2,-34,-7,-2,0,-3,2,24,0,0,0,2,-1,1,-2,0,0,1,-16,15,-15,14,9,-2,-7,-1,0,-3,0,-25,-4,10,9,6,-29,-9,-33,7,42,6,-18,24,0,-1,-9,2,-11,-1,11,-11,-30,-13,23,-8,11,1,-1,-19,10,2,0,-8,-11,10,3,7,1,-3,12,-14,6,9,2,9,2,0,-4,-7,2,0,2,-1,12,11,2,14,-2,-7,-10,20,-1,0,-4,8,3,-36,-6,7,-1,5,0,6,-2,-1,-6,3,-4,3,0,2,5,-1,-3,2,1,0,1,3,1,-1,0,-1,-1,-2,-7,-3,-14,3,9,2,0,0,-1,0,-13,0,1,0,8,6,-1,3,12,5,3,-1,5,-5,0,4,-21,3],"closes":[0,5,-71,4,67,5,-21,0,-52,35,-18,10,-8,-4,2,-23,-1,-2,39,-13,22,-16,18,-15,29,-25,37,-19,3,-39,-5,-1,0,-1,22,-1,2,-2,2,2,-2,0,-1,0,0,2,-1,-1,4,4,10,-13,-7,1,0,-5,3,-28,5,9,28,-20,-30,-9,0,11,17,-6,7,9,-10,2,-10,2,-12,9,0,0,-41,4,10,-7,12,-5,2,1,-11,3,-3,-7,10,-4,2,4,3,3,9,-21,20,-5,9,3,-1,5,-7,-2,-5,10,-8,11,13,2,13,0,-3,-4,7,2,-2,0,6,0,0,-36,1,10,-11,8,3,3,-3,-3,-1,1,-4,3,-2,6,2,-3,0,4,-3,2,3,1,-2,1,-2,8,-10,-2,-7,1,-6,0,6,-4,1,0,-1,1,-15,2,-1,7,8,-1,4,10,5,3,3,3,1,-8,5,0,-19,0],"volumes":[12.75,5.95,22.5,24.47,36.45,27.5,25.5,63.07,32.24,43.75,190.44,185.43,203.69,54.47,17.07,31.66,14.59,5.82,36.13,29.42,46.46,76.13,20.0,22.64,132.72,585.01,192.74,36.74,43.34,134.44,78.73,60.08,60.32,103.84,49.39,12.32,270.28,121.61,50.1,94.5,24.59,59.03,158.24,13.6,15.73,9.54,56.95,85.39,30.49,27.99,17.0,27.54,19.57,27.62,25.55,28.57,8.43,29.44,35.97,7.48,45.69,23.19,14.77,12.78,6.49,43.5,59.92,34.29,70.15,74.96,78.86,59.41,87.84,42.61,56.73,30.23,55.08,50.9,83.5,41.29,19.01,14.28,22.43,19.75,18.51,31.31,14.26,9.0,8.0,38.31,51.66,40.08,32.37,38.88,39.69,35.0,27.03,27.69,24.88,31.58,13.92,11.8,25.01,13.32,14.68,19.57,17.37,8.19,8.13,25.34,32.72,23.15,41.37,14.5,29.56,16.95,54.19,38.72,26.33,16.38,57.99,23.96,29.24,45.61,22.38,12.0,9.74,24.48,18.3,5.25,25.05,12.44,43.82,15.69,24.06,16.13,29.46,47.45,18.99,19.74,22.6,19.17,16.36,8.12,16.0,4.0,7.0,7.0,9.0,10.0,13.31,5.5,16.35,22.48,51.36,21.78,46.9,34.5,31.04,13.99,26.36,48.48,76.37,34.05,22.61,20.74,22.12,6.0,15.74,17.0,13.94,21.19,6.19,9.49,24.62,24.68,41.7,21.12,74.49,25.48]}