{"timestamp":1269129600000,"multiplier":1.0E-5,"open":1.3534,"high":1.35372,"low":1.3534,"close":1.35359,"shift":60000,"times":[1260,1,1,1,1,1,1,1,1,1,1,1,1,1,1,1,1,1,1,1,1,1,1,1,1,1,1,1,1,1,1,1,1,1,1,1,1,1,1,1,1,1,1,1,1,1,1,1,1,1,1,1,1,1,1,1,1,1,1,1,1,1,1,1,1,1,1,1,1,1,1,1,1,1,1,1,1,1,1,1,1,1,1,1,1,1,1,1,1,1,1,1,1,1,1,1,1,1,1,1,1,1,1,1,1,1,1,1,1,1,1,1,1,1,1,1,1,1,1,1,1,1,1,1,1,1,1,1,1,1,1,1,1,1,1,1,1,1,1,1,1,1,1,1,1,1,1,1,1,1,1,1,1,1,1,1,1,1,1,1,1,1,1,1,1,1,1,1,1,1,1,1,1,1,1,1,1,1,1,1],"opens":[0,15,9,9,-25,8,-2,-10,-2,-34,28,-35,-38,19,26,-50,-19,-2,8,11,-8,0,-44,27,-13,5,2,-47,12,-22,-3,19,-29,11,43,-10,-6,1,17,8,-26,41,-8,3,8,-5,19,-29,20,-1,3,8,16,-16,15,-7,-1,23,-7,26,0,-26,-5,3,19,17,-32,-16,11,13,-30,35,-6,9,-15,26,-18,-16,31,-13,-51,15,9,10,-24,10,13,5,-23,-5,22,-42,-12,1,5,-20,-4,3,-18,18,10,-35,3,-15,3,-4,-1,13,-5,18,-19,11,-15,4,5,-11,-14,22,4,-7,-2,-7,-7,39,-15,10,34,-43,-25,39,3,-4,32,-12,-18,20,-7,-4,10,0,17,-7,18,-21,6,33,-36,24,18,-10,1,-34,63,-28,25,-1,41,-25,4,12,-13,-16,-6,-9,-2,-18,9,-23,-3,-6,-16,-28,30,-37,37,-34,2,-5,-22,-42],"highs":[0,-4,19,-14,-6,3,-8,-8,-9,-20,11,-35,-4,-2,16,-44,-21,-9,24,2,-14,-1,-19,3,-2,19,-19,-8,-7,-20,2,-13,7,6,17,5,6,-5,0,8,14,3,-8,8,1,-14,19,2,8,40,-43,-6,24,-4,6,4,30,-6,-12,11,20,-13,-27,7,8,11,-23,-12,8,11,-4,8,-1,-4,14,-4,-13,-4,16,-15,-30,14,-2,6,-3,3,0,3,-17,9,-2,-22,-5,-1,-20,-4,-3,4,5,-13,0,-14,-9,14,-18,-8,-1,5,6,13,-9,6,-13,17,-15,-7,-2,7,-5,4,0,2,8,16,-20,18,21,-30,-3,7,-1,-5,29,-9,2,-2,1,5,-1,13,7,-7,6,3,17,2,-9,2,9,1,3,-11,33,0,2,23,10,-16,13,7,-7,-24,-11,1,-7,-14,-6,-24,7,-15,0,-9,-1,-12,4,-5,-6,-19,-23,-28],"lows":[0,9,2,-3,0,-1,-6,-22,-37,-13,-25,11,-14,13,8,-38,-15,-12,12,32,-28,-13,0,17,1,-33,-6,-9,3,-18,6,-21,6,-7,21,13,13,3,10,8,-14,12,-4,17,-13,9,-13,2,33,-21,19,3,-14,26,-16,20,5,14,-3,8,-4,-10,-1,-4,21,10,-38,5,-3,2,-5,26,-1,3,0,5,-39,25,0,-66,8,25,-4,10,-4,2,17,-6,-22,7,-5,-20,-2,-27,-5,-5,18,-6,-2,3,-16,-5,-13,1,2,-10,10,3,-2,5,6,-5,-6,6,-19,8,-2,-7,1,9,-4,8,-4,11,4,-4,0,-15,1,24,-9,15,11,-3,5,2,-1,3,0,10,-2,6,6,-6,12,11,-12,12,-11,14,-19,3,28,0,-3,16,21,-4,13,12,-25,-21,5,2,-19,-26,-24,22,-6,-18,-10,-3,12,-37,13,-4,3,-11,-51,-11],"closes":[0,-10,25,-16,5,-13,-2,-29,-8,-8,-2,-42,13,13,-11,-48,10,-19,39,4,-46,-13,28,3,-7,6,-45,17,-26,8,11,-27,2,26,-12,29,1,0,0,11,12,-16,-9,17,-13,7,-12,21,22,-3,6,-21,-4,33,-15,27,21,-8,3,11,-8,-26,7,6,8,7,-31,-8,21,-4,12,-13,18,-15,29,-19,-31,29,9,-83,15,9,15,13,0,-1,-3,-10,-7,18,-15,-21,-5,-15,-22,-9,39,-3,3,-11,-17,-10,-12,13,-3,-30,30,-5,-12,6,5,-5,0,18,-30,26,-9,-16,13,-13,11,-1,12,-7,1,33,-25,-19,35,-16,-3,10,30,-14,6,6,-12,12,3,14,-25,9,10,14,17,-1,-1,-7,5,14,-43,24,16,25,-3,31,-32,21,16,-3,-24,5,-27,7,-3,-47,-4,-4,18,-22,-20,12,-5,-4,-25,-2,3,-18,-43,8],"volumes":[60.6,93.1,73.3,32.3,43.8,24.1,22.9,46.0,54.3,59.9,69.6,69.9,71.7,49.7,40.3,33.5,35.9,16.9,18.3,24.6,35.4,16.1,22.9,22.0,33.6,68.6,47.3,25.0,45.2,53.2,49.1,19.9,47.9,25.3,51.3,30.4,23.0,55.3,40.8,22.0,16.5,42.3,29.5,38.5,48.9,47.8,56.7,39.5,24.7,29.7,37.9,20.7,33.9,19.7,36.4,31.3,18.3,14.8,85.0,81.4,37.1,25.2,22.0,52.7,30.2,14.2,45.2,30.5,28.5,29.8,113.7,27.4,15.4,17.0,39.0,17.8,56.7,35.4,22.0,25.0,33.2,28.4,17.9,18.8,29.8,61.4,29.2,40.9,42.5,30.4,25.3,17.6,18.4,80.3,24.1,25.3,24.5,57.4,30.1,22.1,15.3,15.9,25.1,65.7,25.4,46.1,25.8,54.6,13.9,18.7,41.0,24.7,33.4,15.4,101.5,25.1,60.7,38.7,25.9,49.2,21.7,16.6,30.0,64.3,34.1,88.5,105.3,29.7,31.6,66.3,34.7,15.3,23.8,27.9,21.9,63.8,15.9,22.9,45.9,17.6,23.3,17.9,27.8,43.1,66.9,70.5,48.5,17.4,37.3,31.5,36.0,45.9,18.5,15.7,42.8,20.5,16.4,21.6,15.2,35.7,40.4,20.8,19.2,54.7,46.2,47.4,72.6,49.0,15.3,53.7,51.1,26.5,29.2,28.2,20.2,76.2,47.4,17.2,29.3,35.0]}