{"timestamp":1269129600000,"multiplier":1.0E-5,"open":1.0155,"high":1.01559,"low":1.01524,"close":1.01559,"shift":60000,"times":[1260,1,1,1,1,1,1,1,1,1,1,1,1,1,1,1,1,1,1,1,1,1,1,1,1,1,1,1,1,1,1,1,1,1,1,1,1,1,1,1,1,1,1,1,1,1,1,1,1,1,1,1,1,1,1,1,1,1,1,1,1,1,1,1,1,1,1,1,1,1,1,1,1,1,1,1,1,1,1,1,1,1,1,1,1,1,1,1,1,1,1,1,1,1,1,1,1,1,1,1,1,1,1,1,1,1,1,1,1,1,1,1,1,1,1,1,1,1,1,1,1,1,1,1,1,1,1,1,1,1,1,1,1,1,1,1,1,1,1,1,1,1,1,1,1,1,1,1,1,1,1,1,1,1,1,1,1,1,1,1,1,1,1,1,1,1,1,1,1,1,1,1,1,1,1,1,1,1,1,1],"opens":[0,7,6,-2,-19,4,29,-28,-42,-16,63,11,49,-40,5,11,-8,-13,-10,-54,97,-85,-9,54,-14,19,0,-2,14,0,-1,40,-31,14,-42,9,12,19,-3,-18,5,-8,7,21,24,33,-62,-9,-14,-12,13,-9,19,-28,24,7,-9,0,7,-20,5,15,25,-15,-5,5,-10,20,-10,10,-10,10,-10,-16,36,-10,10,25,-5,5,30,0,-20,-10,30,0,5,-10,5,0,0,15,-20,0,-15,5,5,-15,-10,-20,0,-20,-5,5,-5,15,5,0,0,0,10,10,5,-10,-5,5,-5,-5,0,-5,-5,20,5,-14,14,20,0,5,0,35,-5,-10,5,-12,-16,23,-5,5,0,-10,-10,5,10,-5,10,20,-10,-10,-10,0,5,-10,-10,10,-5,0,0,0,-10,-30,0,0,0,0,0,0,35,-14,9,0,0,0,-5,5,5,-20,15,0,10,20],"highs":[0,20,-16,-2,-10,27,4,-35,-18,14,14,14,43,-34,-3,11,-5,2,-13,7,23,-42,-19,24,-2,5,-3,-2,14,0,62,-17,19,-38,-33,17,7,3,-3,-10,2,-3,66,-48,30,52,-56,-39,-4,-5,6,-4,7,-3,3,7,-17,48,-41,-10,-5,35,5,-5,-5,5,0,0,-10,10,-10,10,10,-31,31,0,20,5,15,15,0,0,-20,25,-5,5,0,-10,15,-5,10,0,-10,-10,-10,0,5,-15,-10,-10,-10,-10,10,-20,10,5,0,15,-15,35,0,-10,0,-10,0,0,5,-5,-10,-5,20,0,0,-10,30,0,0,30,10,0,-5,10,-15,-12,-9,16,-5,5,0,0,-15,15,-5,5,20,5,-15,-10,-10,5,5,-15,-7,12,-10,0,5,-5,-10,-30,0,0,10,-10,0,35,10,-17,2,0,0,0,0,10,-5,-20,15,15,15,5],"lows":[0,6,33,-33,-23,9,41,-81,14,-1,44,30,-21,-30,29,38,1,-28,-34,-32,-24,28,3,13,40,19,0,-44,46,-3,12,-22,31,0,-45,12,12,24,-34,22,5,-38,25,-18,26,40,-68,32,-12,-12,-4,-14,-2,20,24,-1,-35,23,-33,31,5,-10,35,-15,10,-5,0,10,0,0,0,0,0,-23,43,-10,0,30,0,5,30,-30,0,0,30,-5,0,-18,18,5,-5,-5,0,-5,-5,0,-5,-10,-20,-5,-15,-5,-5,5,0,10,10,0,0,-10,20,10,-5,-10,0,5,-5,-5,0,-5,0,15,5,-14,14,20,5,5,-5,30,-10,-15,15,-18,-1,19,0,5,-10,-10,0,5,5,0,0,25,-25,0,0,-10,10,-10,-12,12,-10,10,0,-20,-40,20,0,0,0,0,0,0,30,-36,36,0,0,-10,5,5,5,-24,19,-5,15,15],"closes":[0,-29,33,-31,-13,59,-2,-100,14,53,9,11,3,-51,53,14,-2,-28,-20,1,-71,98,-19,0,22,2,0,-36,40,-4,74,-85,73,-34,-51,19,19,8,-34,30,-1,0,34,-48,36,34,-71,12,-10,-14,-4,-5,34,4,0,4,-21,24,-23,6,-5,35,-10,-5,10,-15,20,-10,0,0,0,0,20,-36,36,0,20,0,0,25,10,-20,-5,15,10,5,-5,-13,23,-10,-5,0,-5,-5,0,-5,-5,-10,-20,0,-20,-5,5,-5,15,5,0,0,0,15,10,0,-10,-5,5,-5,0,0,-10,0,20,-5,5,-13,33,-5,5,5,35,-5,-10,5,-10,-15,2,13,0,5,-5,-15,5,10,-5,10,20,-5,-15,-5,-5,-5,5,-5,-17,12,0,0,0,-20,-20,0,0,0,0,0,0,30,5,-13,8,0,0,-5,5,0,5,-20,15,10,20,0],"volumes":[29.9,21.0,6.8,53.8,34.7,31.2,19.8,9.1,14.0,13.6,22.8,14.2,15.7,20.8,12.8,10.4,28.0,28.8,26.0,35.6,15.2,18.7,20.5,29.4,49.6,60.7,31.2,30.9,47.6,23.6,22.9,29.6,23.5,32.1,33.5,30.4,23.8,14.9,18.0,16.1,26.4,39.4,219.1,58.1,30.8,38.8,91.3,26.7,22.5,17.7,17.5,38.9,89.2,87.9,37.1,41.2,13.9,37.9,28.4,3.6,5.0,28.9,17.0,22.4,12.0,19.2,13.8,4.0,7.0,2.0,7.0,2.0,16.4,62.8,1.0,4.0,69.8,23.6,39.3,26.1,9.0,8.1,22.5,48.5,2.4,23.5,71.4,35.5,94.9,5.7,26.3,20.0,65.0,108.4,55.2,44.8,79.9,21.6,70.3,27.4,23.9,63.8,32.4,23.8,19.0,52.0,8.0,22.4,3.2,107.0,45.8,8.0,45.6,216.4,144.4,28.8,85.8,71.8,47.6,50.4,40.6,40.8,19.2,30.8,56.8,26.9,6.4,127.2,108.4,27.2,81.6,111.7,44.8,116.5,69.7,8.4,1.6,7.0,18.6,57.8,41.5,130.4,48.8,77.8,71.6,46.4,173.4,58.1,30.0,124.2,9.4,34.8,16.0,13.4,89.5,6.4,13.6,56.5,48.0,3.6,17.7,18.1,20.8,2.0,10.6,56.1,41.0,29.5,7.6,21.6,19.2,53.6,26.8,72.5,3.2,48.0,13.2,37.2,63.9,40.4]}