{"timestamp":1269734400000,"multiplier":1.0E-5,"open":1.02525,"high":1.02525,"low":1.02525,"close":1.02525,"shift":60000,"times":[1260,1,1,1,1,1,1,1,1,1,1,1,1,1,1,1,1,1,1,1,1,1,1,1,1,1,1,1,1,1,1,1,1,1,1,1,1,1,1,1,1,1,1,1,1,1,1,1,1,1,1,1,1,1,1,1,1,1,1,1,1,1,1,1,1,1,1,1,1,1,1,1,1,1,1,1,1,1,1,1,1,1,1,1,1,1,1,1,1,1,1,1,1,1,1,1,1,1,1,1,1,1,1,1,1,1,1,1,1,1,1,1,1,1,1,1,1,1,1,1,1,1,1,1,1,1,1,1,1,1,1,1,1,1,1,1,1,1,1,1,1,1,1,1,1,1,1,1,1,1,1,1,1,1,1,1,1,1,1,1,1,1,1,1,1,1,1,1,1,1,1,1,1,1,1,1,1,1,1,1],"opens":[0,28,-23,-16,11,-38,37,-1,-9,11,-20,12,-7,25,2,8,5,-23,3,20,11,-1,-10,15,-7,-22,-8,12,-5,2,-2,-25,-25,2,-2,25,0,-43,43,-35,0,35,0,-60,18,1,-4,7,3,-10,20,-5,7,-7,2,3,25,-23,-7,5,25,35,5,0,0,5,-44,44,0,0,0,0,0,0,10,0,0,5,-20,20,0,5,0,15,5,15,0,5,0,0,0,-5,-42,47,-30,-20,50,0,10,-15,10,25,-10,10,-20,10,25,-15,25,5,0,50,-40,20,0,5,0,-5,0,-10,10,-5,0,-20,-10,5,0,10,0,0,0,0,0,10,0,-37,37,-10,-10,-15,10,0,5,-15,-5,-5,-5,-5,-15,5,0,-25,0,-10,0,-27,27,0,0,0,0,10,-10,-20,20,0,-10,0,5,-39,29,15,-10,-5,-24,29,0,5,15,0],"highs":[0,28,-23,-7,2,-14,13,-1,-2,4,-15,11,19,-5,10,5,0,-16,1,25,1,-1,0,5,-7,-7,-2,-9,-5,10,-10,-25,-17,-6,0,23,0,-27,27,-27,-3,30,0,-60,28,-9,-4,12,9,-21,20,15,-13,-7,5,5,20,-15,-15,7,73,-10,0,0,5,0,-16,26,-10,0,0,0,5,5,10,-10,10,-5,-20,20,5,0,20,10,5,0,0,5,0,5,-5,5,-36,31,-5,5,0,10,25,-5,0,0,0,0,0,15,5,5,5,5,40,5,-20,0,5,0,0,-5,0,10,0,-15,0,-20,-5,10,5,-5,0,10,-10,0,10,0,0,-30,30,-10,-10,-10,5,5,0,-15,-5,-5,-5,-5,-5,-5,0,-25,0,-10,0,-22,22,0,10,-10,10,0,-10,0,0,0,-5,0,0,-25,35,-5,-10,0,-23,33,0,10,0,20],"lows":[0,-20,5,-1,16,-38,30,-1,-7,16,-20,12,-7,25,0,5,10,-23,2,21,5,-5,0,15,-7,-22,-8,7,0,0,-35,10,-28,3,0,25,-10,-35,45,-38,-3,41,0,-60,17,-1,-1,7,3,-10,5,10,5,-16,13,3,-30,30,-5,5,25,35,5,0,0,0,-39,44,0,0,0,0,0,0,10,0,0,5,-43,43,0,0,5,10,10,10,5,5,0,-5,0,0,-52,-13,20,0,50,0,-5,0,-5,10,20,-15,5,10,10,0,-5,30,-15,15,15,20,-45,50,-15,5,-5,0,-5,10,-30,10,-15,10,0,10,-10,10,0,0,-5,15,0,-45,35,-10,-10,-15,20,0,-10,-10,0,-5,-15,-10,-10,20,-40,5,10,-10,0,-34,34,0,-5,5,-5,-10,-10,5,10,0,0,0,-5,-37,37,10,-15,5,-41,41,5,5,15,-5],"closes":[0,-20,5,13,2,-14,6,-1,5,4,-15,7,23,-5,10,-5,10,-16,1,25,-5,-5,10,5,-7,-7,-2,-14,0,10,-45,10,-20,-5,0,25,0,-27,27,-30,-2,32,0,-60,20,-2,-3,10,9,-19,5,30,-15,-16,16,5,-20,25,-15,7,63,0,0,0,5,0,-16,26,-10,0,0,0,0,0,10,0,5,0,-25,25,5,0,15,5,15,0,0,5,0,-5,0,5,-32,2,20,10,0,10,5,15,0,0,0,-25,25,15,-15,25,5,5,40,-25,10,0,5,0,-5,0,0,0,0,-5,-20,0,-5,0,10,0,0,10,-10,0,0,10,0,-45,35,-10,-10,0,5,5,-15,-5,-5,-5,-5,-15,10,-5,-25,0,0,-10,0,-25,25,0,0,0,10,-10,-20,20,0,-10,5,0,-10,-15,35,-10,-10,5,-46,46,10,10,0,20],"volumes":[1.2,3.0,3.8,40.2,2.8,26.9,50.6,31.7,28.0,2.4,2.0,16.0,9.0,2.8,38.6,7.8,6.0,12.8,12.8,5.8,6.4,5.6,4.2,1.2,13.9,11.5,11.5,2.0,2.8,38.6,3.8,1.0,155.2,14.0,21.6,2.0,9.1,34.6,1.0,50.5,21.3,1.0,2.0,1.0,21.2,8.2,2.0,20.4,45.6,2.0,11.2,2.0,40.0,6.8,21.7,52.2,7.8,41.8,3.3,3.2,35.6,3.6,14.4,3.6,2.4,13.4,22.4,55.4,26.4,5.7,3.4,4.9,12.8,9.0,36.0,9.1,18.0,1.4,17.8,13.3,5.0,14.4,16.7,180.3,43.6,52.1,1.0,4.1,9.0,9.5,4.0,5.0,19.6,38.7,25.6,24.4,5.0,8.0,43.6,23.4,19.0,25.8,2.0,5.0,15.8,23.5,51.1,21.7,29.7,22.0,111.0,54.1,24.7,11.0,24.5,14.3,136.2,209.5,73.6,17.2,109.2,5.3,23.8,5.0,34.7,6.2,33.4,6.0,25.6,13.9,17.5,13.3,83.5,6.0,12.0,30.0,11.0,20.1,48.3,14.5,1.0,6.0,23.2,12.9,3.3,13.6,22.5,31.2,18.3,9.2,22.5,17.9,19.0,6.2,3.0,17.4,4.0,1.0,26.4,9.2,13.2,57.7,53.6,68.1,34.7,16.6,24.3,55.4,11.0,29.3,65.3,18.4,24.4,11.5,85.2,74.5,24.2,28.8,2.4,33.4]}