{"timestamp":1371945600000,"multiplier":1.0E-5,"open":1.30912,"high":1.30922,"low":1.30888,"close":1.30915,"shift":60000,"times":[1260,1,1,1,1,1,1,1,1,1,1,1,1,1,1,1,1,1,1,1,1,1,1,1,1,1,1,1,1,1,1,1,1,1,1,1,1,1,1,1,1,1,1,2,1,1,1,1,1,1,1,1,1,1,1,1,1,1,1,1,1,1,1,1,1,1,1,1,1,1,1,1,1,1,1,1,1,1,1,1,1,1,1,1,1,1,1,1,1,1,1,1,1,1,1,1,1,1,1,1,1,1,1,1,1,1,1,1,1,1,1,1,1,1,1,1,1,1,1,1,1,1,1,1,1,1,1,1,1,1,1,1,1,1,1,1,1,1,1,1,1,1,1,1,1,1,1,1,1,1,1,1,1,1,1,1,1,1,1,1,1,1,1,1,1,1,1,1,1,1,1,1,1,1,1,1,1,1,1],"opens":[0,3,59,0,1,11,24,-5,11,-24,-2,-4,-1,-2,13,-2,27,10,4,-2,-11,0,54,-6,-12,-54,-19,-7,9,33,0,-11,10,-1,-1,-35,18,-13,-4,4,-9,5,0,-1,-2,13,6,3,0,-22,7,12,-14,4,0,3,18,-5,4,15,32,10,10,-26,14,2,0,10,6,11,3,10,2,8,-7,-2,18,6,1,0,-9,3,4,-9,-7,1,2,-2,4,5,1,1,-3,-3,0,1,-14,-13,-3,0,7,5,0,-19,5,4,-1,2,-1,-3,-34,7,22,-13,-27,0,14,-15,-4,-5,4,-2,7,-8,1,-2,0,18,3,-1,-4,2,-1,2,-3,-4,6,-9,13,-4,14,1,-12,27,-1,4,-3,-38,-12,14,-6,5,1,-3,17,4,20,7,-1,15,-7,0,-5,1,0,-6,3,18,0,-10,-16,-8,-9,-2,30,-11,5,1,-27],"highs":[0,55,17,-11,2,32,17,-18,0,-24,1,-5,-2,14,-4,27,12,1,0,-3,-11,57,-3,-2,-16,-33,-12,-17,21,4,22,-12,-12,11,-13,-10,-7,-10,-2,-1,-5,1,0,9,-12,32,7,-17,0,-22,10,10,-14,12,-6,19,-1,0,18,38,0,20,0,-19,2,6,1,5,15,3,10,-1,9,-1,-7,16,10,0,6,-9,-5,3,4,-12,-2,1,1,-4,6,1,1,0,-3,-1,-2,1,-14,-13,-3,7,7,2,-1,-17,9,-3,-2,1,0,-4,-27,29,-7,-13,-26,20,-2,-20,-3,3,-2,5,-3,-1,-6,1,15,6,-3,4,-5,-2,3,-2,-2,1,1,2,2,13,-3,0,16,5,-2,-1,-2,-39,2,6,-5,0,0,13,4,23,6,2,11,0,-6,-1,-1,1,-2,-5,18,9,-10,-9,-17,-7,-8,25,6,-11,3,-2,-24],"lows":[0,27,50,0,9,12,24,-5,-26,3,1,1,-1,0,12,-1,27,10,2,0,-11,-3,49,-10,-78,-9,-2,0,18,13,20,-22,17,-5,3,-31,7,-2,-17,17,-15,10,1,-1,-2,12,7,3,-12,-10,7,-2,0,4,0,0,1,-3,19,18,32,10,-26,10,8,8,0,10,6,4,10,8,2,-1,-15,15,20,3,0,-6,1,-2,-1,-13,7,-1,-1,-3,9,5,-3,0,-7,7,-1,-13,-16,0,-8,2,12,0,-13,-7,13,1,2,1,-5,-36,-2,13,1,-19,0,-1,-5,-3,-5,4,0,-1,-3,5,-1,-1,1,18,2,-9,1,5,-1,0,-3,-3,-2,1,5,4,14,-25,14,17,9,0,-42,-8,1,-3,11,3,1,-1,16,5,16,6,4,8,0,-7,2,-3,-8,5,4,16,-11,-17,-3,-13,-2,3,19,-2,4,-23,-2],"closes":[0,59,-9,9,10,16,17,-1,-24,-4,-1,1,-2,9,0,24,11,6,-3,0,-11,48,1,-5,-62,-33,16,8,15,5,13,-18,9,-9,3,-6,-17,-3,-6,6,-5,0,1,9,-12,21,1,0,-12,-10,10,-5,0,13,-9,22,-11,6,16,34,10,13,-29,14,2,0,10,3,17,0,10,2,8,-7,-2,18,7,0,0,-10,2,6,-9,-7,1,3,-3,3,6,1,1,-1,-5,0,0,-13,-12,-4,0,7,5,0,-19,4,6,-1,0,0,-4,-33,7,22,-13,-26,-1,20,-21,-4,-5,4,-2,9,-10,1,-1,0,17,5,-3,-3,0,1,1,-2,-2,3,-7,9,-2,13,2,-11,25,-1,5,-3,-37,-13,14,-6,5,2,0,12,4,24,6,-3,16,-8,0,-5,1,0,-6,3,19,0,-12,-15,-7,-9,-3,26,-7,5,0,-26,3],"volumes":[98.25,33.0,20.63,11.85,34.0,28.01,11.63,15.0,31.45,17.45,17.75,3.0,4.0,24.0,4.0,42.84,13.5,3.0,8.25,1.0,1.0,34.56,12.0,26.75,47.75,33.39,29.16,16.75,16.75,6.75,8.25,19.33,8.25,13.0,2.82,36.02,9.5,3.75,9.25,0.75,7.48,1.5,0.75,2.5,2.75,11.39,11.58,1.65,4.75,4.44,6.5,10.01,14.16,2.0,7.25,4.5,47.41,106.16,58.61,29.21,12.91,35.92,118.19,139.67,101.54,65.33,48.23,55.95,153.87,65.21,98.01,54.02,47.67,30.69,97.84,147.64,83.03,51.28,54.19,31.49,42.31,76.84,22.6,32.35,12.7,51.07,44.22,57.73,36.87,7.4,15.08,19.86,30.66,14.19,6.13,25.51,10.79,13.99,36.16,38.25,41.53,137.15,68.91,78.98,49.85,10.69,2.0,2.0,13.25,103.7,73.37,90.99,59.91,46.14,10.0,136.6,45.6,36.41,49.84,39.56,39.79,51.63,24.44,22.25,18.19,33.26,54.28,45.76,39.46,59.53,49.02,13.5,29.09,5.88,28.56,23.27,25.34,77.47,41.22,45.32,4.5,81.68,60.68,56.6,14.75,15.45,124.48,73.16,108.39,84.85,39.26,14.0,12.0,83.05,39.26,70.28,77.06,61.98,94.26,24.28,14.64,14.48,16.26,22.64,80.8,16.13,30.14,53.73,42.76,36.7,39.66,39.12,15.52,60.92,49.0,26.21,18.83,107.97,62.16]}