{"timestamp":1371340800000,"multiplier":1.0E-5,"open":1.57248,"high":1.57257,"low":1.57248,"close":1.57257,"shift":60000,"times":[1261,1,1,1,1,2,1,1,1,1,1,1,1,1,1,1,2,1,2,2,1,1,3,1,1,1,1,1,1,1,1,1,1,1,1,5,1,1,1,1,1,1,1,1,1,1,1,1,1,1,1,1,1,1,1,1,1,1,1,1,1,1,1,1,1,1,1,1,1,1,1,1,1,1,1,1,1,1,1,1,1,1,1,1,1,1,1,1,1,1,1,1,1,1,1,1,1,1,1,1,1,1,1,1,1,1,1,1,1,1,1,1,1,1,1,1,1,1,1,1,1,1,1,1,1,1,1,1,1,1,1,1,1,1,1,1,1,1,1,1,1,1,1,1,2,1,1,1,1,1,1,1,1,1,1,1,1,1,1,1,1,1,1,1,1,1,1,1],"opens":[0,0,-22,-19,-57,2,10,-9,0,-14,14,-48,41,-24,-14,2,-4,4,0,0,0,-2,-3,5,0,-2,28,0,0,-3,-22,0,-1,0,1,9,0,0,-10,9,-4,-8,8,4,0,-4,4,-6,-8,12,-6,0,19,18,5,-7,-1,-1,0,-2,8,0,0,-5,-3,27,-25,2,-2,-3,4,11,12,3,-4,0,0,0,0,-18,-3,-1,1,1,3,6,10,-13,6,-4,0,1,-3,28,-3,5,1,-5,4,-2,0,10,3,5,2,1,1,5,-2,10,7,2,-8,-6,6,-4,-1,-3,8,8,9,3,0,-12,-7,0,2,-9,-2,2,4,3,2,14,9,-6,1,-5,4,-5,0,4,-1,-2,-5,4,0,0,0,-4,5,1,0,0,0,-3,1,1,-4,-2,23,46,-7,2,-8,9,5,11],"highs":[0,-7,-20,-18,-48,-12,13,-12,0,-14,14,-45,70,-12,-58,2,-4,4,0,0,0,-2,14,-12,0,26,0,0,0,-3,-13,1,-1,-1,-1,2,0,0,-1,0,-4,0,0,4,0,0,0,-6,4,1,13,2,20,9,-8,-3,-6,0,4,2,3,-4,0,-5,29,-5,-22,-1,-2,4,10,5,8,1,-2,-2,-1,0,0,-17,-1,-3,2,0,7,10,1,-3,-4,0,-3,2,21,2,5,1,-3,-1,0,-2,17,15,-7,3,-3,1,5,-2,4,13,-1,0,-9,-1,1,-1,1,9,-9,19,1,1,-1,-4,-15,1,2,-9,1,2,3,2,12,10,1,-2,-3,-1,0,-5,7,-3,-1,-2,-1,0,0,0,1,0,3,-2,0,0,0,-3,5,-3,0,17,65,-19,11,-16,-2,13,11,1],"lows":[0,-56,15,-103,46,2,10,-9,-48,0,0,-5,8,0,0,2,-4,4,0,0,0,-2,-3,5,-1,-1,28,0,-7,-10,-8,0,-1,0,1,9,0,0,-10,5,0,-8,8,4,-4,0,-2,-12,4,5,1,-1,8,17,6,1,-7,0,2,5,7,-1,-3,-4,1,2,0,-1,-3,-2,7,8,14,4,-4,-2,0,0,-16,-6,1,-3,0,4,5,6,10,-16,4,1,-6,2,2,24,1,2,4,-5,3,-1,0,10,3,2,5,-1,2,4,0,5,10,-6,-4,-2,0,1,-1,0,7,9,8,3,-12,-8,2,0,-9,-4,1,3,5,4,2,14,4,-1,-4,0,-1,0,0,2,-1,0,-5,4,0,0,0,-4,5,1,0,0,-5,-1,3,-1,-3,-6,29,38,-3,-2,-1,10,-2,16],"closes":[0,-31,-19,-102,53,-6,11,-10,-48,0,0,3,2,-2,0,2,-4,4,0,0,0,-2,2,0,-1,27,0,0,-7,-10,1,1,-1,-1,-1,2,0,0,-1,-4,0,0,0,4,-4,4,-1,-17,16,-6,0,22,17,3,-7,-2,0,1,-5,8,3,-3,-3,-2,26,-24,2,-3,-3,3,9,10,8,1,-5,0,0,-1,-15,-5,0,-4,4,2,7,10,1,-7,-2,2,-3,-3,26,-1,8,-3,1,-2,0,-1,11,3,1,5,1,3,3,-1,5,10,3,-10,-2,3,-4,-1,-2,8,-1,18,3,0,-12,-8,1,1,-9,-1,2,4,3,1,13,10,-3,2,-8,3,-4,0,4,-1,-2,0,-1,0,0,0,1,0,1,0,0,0,-1,-2,1,-2,-3,23,49,-10,0,-4,4,9,14,-5],"volumes":[1.52,8.12,8.68,77.08,13.71,2.29,5.63,1.65,24.8,44.03,25.32,32.06,30.36,12.88,1.13,1.5,1.5,1.5,2.26,9.39,1.5,1.13,11.33,4.13,4.5,9.97,1.61,4.87,3.33,3.96,2.87,4.37,4.31,6.12,4.82,2.63,2.26,3.39,8.27,9.04,2.26,2.63,4.5,6.0,6.0,6.0,15.64,9.01,16.52,24.74,14.73,18.94,15.05,180.87,118.94,53.48,48.99,31.7,28.34,41.82,19.13,8.25,14.63,18.0,32.33,35.1,10.52,11.08,27.88,36.83,50.63,23.23,20.71,2.26,17.27,32.64,25.19,7.15,26.04,65.93,29.79,21.44,26.38,9.08,13.03,33.07,11.87,20.62,15.49,6.09,39.87,72.33,87.05,28.16,25.53,36.41,6.0,22.88,6.0,16.7,53.91,102.36,58.51,42.59,27.97,30.6,54.64,30.41,40.16,64.3,22.72,52.63,37.44,12.23,43.03,37.85,35.05,67.47,9.96,48.81,21.82,18.02,52.38,50.69,8.27,10.53,27.21,16.14,14.63,19.89,27.58,9.57,32.08,19.13,23.83,5.76,15.43,30.61,21.0,7.5,24.51,19.76,23.12,1.5,9.44,4.88,11.63,9.39,13.17,10.61,23.87,2.07,10.15,1.13,19.95,11.65,22.33,18.1,15.08,115.53,128.45,43.4,96.71,57.82,42.66,22.56,40.82,37.86]}