{"timestamp":1370736000000,"multiplier":1.0E-5,"open":1.02186,"high":1.02201,"low":1.02148,"close":1.02179,"shift":60000,"times":[1260,1,1,1,1,1,1,1,1,1,1,1,1,1,1,1,1,1,1,1,1,1,1,1,1,1,1,1,1,1,1,1,1,1,1,1,1,1,1,1,1,1,1,1,1,1,1,1,1,1,1,1,1,1,1,1,1,1,1,1,1,1,1,1,1,1,1,1,1,1,1,1,1,1,1,1,1,1,1,1,1,1,1,1,1,1,1,1,1,1,1,1,1,1,1,1,1,1,1,1,1,1,1,1,1,1,1,1,1,1,1,1,1,1,1,1,1,1,1,1,1,1,1,1,1,1,1,1,1,1,1,1,1,1,1,1,1,1,1,1,1,1,1,1,1,1,1,1,1,1,1,1,1,1,1,1,1,1,1,1,1,1,1,1,1,1,1,1,1,1,1,1,1,1,1,1,1,1,1,1],"opens":[0,-36,25,-25,19,5,-31,31,-29,34,5,-19,19,-27,-9,16,-56,0,-2,91,-2,-1,-51,-10,12,29,-1,3,-5,5,15,-8,-1,4,-5,12,-1,-8,2,5,0,-13,-8,-4,9,7,-2,0,12,10,-4,16,9,-1,-1,1,-24,0,5,8,0,-60,-5,-7,13,-5,-7,2,0,-2,-5,11,-2,-4,1,1,2,11,-3,4,14,10,-13,-4,0,-2,0,3,-2,-3,-8,-9,-1,-6,21,15,4,-2,4,-3,-2,-15,-1,1,5,-4,7,7,-18,11,-2,-1,-1,-3,-4,-11,-8,2,8,9,-1,1,10,-2,10,-2,0,1,-31,2,2,0,13,1,14,-1,-8,-1,-8,-10,-5,-1,-15,-30,7,4,-2,-9,0,8,11,-3,-15,5,2,-3,0,1,-6,1,-2,-2,-2,6,-1,2,7,-2,10,-3,-2,6,-4,3,14,-14,-23,0,3,-17],"highs":[0,-16,-10,25,-22,-4,0,0,28,-17,5,-1,-5,0,-35,15,-56,0,109,-20,9,6,-68,1,41,-12,17,-1,-6,-8,17,-8,3,-2,11,-2,-3,-8,20,-13,0,-13,-8,20,9,-16,-1,-2,19,7,2,16,0,0,-2,0,-5,-3,-11,8,6,-60,-7,-2,20,-21,-4,-1,2,-3,8,-2,-3,1,-3,7,3,3,3,15,8,0,-14,1,-4,-3,3,4,-3,-6,-8,-9,-1,16,14,7,0,-1,2,-5,-2,-15,0,1,8,-1,9,0,-7,-2,1,-3,-2,-3,-4,-9,-8,9,8,0,1,9,0,11,-3,-2,2,-1,-28,4,-3,15,0,13,12,-13,-7,-2,-8,-8,-4,-4,-15,-25,10,-4,-2,-9,9,12,-1,1,-6,-6,-1,-2,0,2,-7,0,-2,-2,9,-3,-1,9,4,2,0,-3,7,-3,0,17,-4,-14,-23,6,1,-6],"lows":[0,2,6,-17,10,6,-12,30,-31,10,27,-18,22,-40,4,-59,20,-1,-8,56,16,-34,-5,-15,16,36,0,2,0,5,-4,11,-5,2,1,12,-11,-1,3,7,-13,-11,-1,0,9,5,-3,3,0,18,0,16,4,-2,5,-22,-1,-2,5,2,-74,4,9,-7,6,-7,1,-3,5,-2,0,9,-4,-2,2,2,2,11,-3,4,14,-4,-7,3,-6,4,-4,5,-3,-15,-3,-2,-4,1,21,11,8,-2,1,-3,-14,-1,-5,5,6,-4,7,-12,1,10,-6,-3,2,-3,-13,-5,-1,1,8,8,-1,2,4,5,8,0,-8,-22,-6,8,-1,3,13,1,12,-7,0,-9,-11,-6,0,-11,-44,11,7,3,-12,0,1,9,7,-14,0,5,0,-1,0,-5,0,-2,-1,-5,2,2,4,0,4,-1,10,-1,-1,2,0,3,-3,-21,0,-3,-10,1],"closes":[0,-4,-10,35,-26,-19,19,0,28,-23,11,-1,-6,-34,-2,-44,5,-1,97,-9,11,-65,-9,13,29,-1,5,-7,12,-7,7,0,3,-5,14,-2,-11,1,8,0,-13,-8,-4,10,23,-19,0,0,19,-1,9,16,1,-2,0,-23,-1,-2,5,10,-60,-5,-3,0,8,-11,1,1,-5,-2,12,-3,-4,2,0,4,6,3,3,11,12,-12,-6,0,0,-3,4,-2,-2,-9,-10,-1,-4,21,14,4,0,2,-3,-3,-14,-1,1,-1,9,0,6,-18,12,-1,-2,1,-2,-7,-13,-5,1,9,8,-2,2,10,-2,10,-2,0,1,-30,0,2,0,14,2,13,-1,-8,1,-10,-11,-5,1,-13,-34,6,5,0,-12,0,10,11,-4,-14,4,3,-2,0,0,-6,1,-2,-2,-3,7,-2,3,5,-2,12,-3,-2,5,-4,3,12,-11,-23,-1,4,-17,15],"volumes":[4.5,14.25,18.0,10.5,20.25,2.25,6.75,3.75,9.0,19.88,3.75,9.0,3.75,25.5,4.5,104.09,4.14,4.5,29.68,13.88,12.75,28.89,14.64,39.28,48.02,5.1,22.1,21.37,5.77,1.5,21.43,13.5,18.0,14.25,7.5,6.75,9.75,9.0,12.75,1.5,18.0,13.51,3.38,12.38,6.0,8.25,12.0,1.5,21.75,25.5,11.25,10.5,11.25,9.77,2.63,14.27,5.25,15.05,6.0,10.5,34.5,43.5,21.0,22.5,86.85,39.68,87.57,34.83,12.19,24.94,11.07,6.0,24.0,46.14,24.75,14.25,56.25,7.5,9.08,103.14,9.98,57.12,58.29,31.5,14.25,20.25,51.0,49.92,62.25,126.76,103.5,9.0,32.63,36.01,32.43,44.09,30.77,15.2,24.21,16.52,23.84,9.76,17.64,12.57,10.51,16.13,27.78,66.23,59.91,13.13,19.7,12.17,15.0,10.13,24.99,24.95,9.0,20.25,15.38,9.01,30.4,38.46,27.61,37.4,6.02,4.5,25.16,34.52,26.28,46.73,15.21,68.73,25.34,27.79,63.45,32.13,6.01,18.03,43.57,92.43,36.07,35.34,77.78,18.38,18.78,7.89,25.52,11.27,24.41,46.75,29.67,29.09,63.31,17.83,19.33,27.59,3.38,32.67,7.5,11.25,16.88,14.33,42.32,37.33,9.57,51.98,50.49,38.88,18.01,10.14,41.66,13.91,16.32,48.2,44.26,46.88,51.75,45.31,103.06,26.45]}