{"timestamp":1189296000000,"multiplier":1.0E-5,"open":0.81967,"high":0.82017,"low":0.81967,"close":0.82017,"shift":60000,"times":[1320,1,2,1,1,1,1,1,1,1,1,1,1,1,1,1,1,1,1,1,1,1,2,1,1,1,1,1,1,2,1,1,1,2,1,1,1,1,1,1,1,2,1,1,1,1,1,1,1,1,1,1,1,1,1,1,1,4,1,1,1,2,1,1,2,1,1,1,2,1,1,1,1,3,1,1,1,1,1,2,1,1,2,2,1,1,1,1,1,1,1,1,1,1,1,1,1,1,1,2,1,1,1],"opens":[0,40,10,0,-10,-10,0,20,-40,30,-10,-30,0,0,-20,30,-30,0,-10,0,10,10,-10,10,-10,-10,-20,10,20,20,10,10,10,-20,-10,-10,-10,-20,0,20,10,-20,30,10,-10,0,0,20,0,-10,10,-20,10,-10,-10,10,10,-10,10,-10,-30,-40,30,0,0,0,10,-10,20,-20,20,-10,0,0,-10,0,10,-10,20,20,-20,-10,20,10,0,50,30,30,20,-30,30,10,20,-10,10,30,10,-20,0,10,10,0,20],"highs":[0,-10,10,0,-10,0,0,10,-10,10,-20,-30,0,0,20,-10,-20,-10,-10,0,20,10,-20,10,0,-20,-10,10,20,10,10,10,10,-10,0,-30,10,-30,0,20,0,10,0,10,0,0,0,20,0,-10,0,-10,0,-10,-10,10,10,-10,10,0,-40,0,-10,10,-10,0,10,0,10,-10,10,0,0,-10,0,-10,10,-10,30,10,-10,-10,10,20,20,50,20,60,-20,0,0,30,0,-20,20,50,-20,-20,0,30,-10,40,-20],"lows":[0,20,-20,10,20,-20,-10,10,0,30,-30,-20,0,-20,10,10,-20,-10,0,-10,20,20,-20,20,-30,-10,0,10,10,30,10,10,0,-10,-30,0,-20,0,0,10,10,-10,30,10,-20,-10,10,20,10,-20,10,-10,0,-10,0,10,10,-10,10,-30,-40,-10,20,0,0,10,10,-10,10,-10,10,0,0,-20,10,-10,20,-10,0,30,-10,-10,20,10,0,50,30,20,0,0,20,20,10,0,10,20,-20,10,10,10,-10,20,-10],"closes":[0,-20,10,-10,10,-20,0,0,10,10,-30,-20,0,0,10,-10,0,-30,0,10,10,10,-10,10,-30,0,-10,20,20,10,10,10,0,-10,-30,10,-20,0,0,10,0,10,10,10,0,0,0,20,-10,-10,0,-10,10,-10,-10,10,10,-10,10,-30,-40,30,-20,20,-20,10,10,0,0,0,10,0,0,-10,0,-10,10,-10,30,0,-10,0,10,20,20,40,30,40,-30,30,-10,40,-10,-10,20,40,-40,0,10,10,0,40,-40],"volumes":[9.44,8.58,9.86,6.3,4.64,16.87,17.99,8.23,7.09,3.39,7.12,13.46,1.28,8.06,18.03,9.0,7.52,5.56,6.31,7.5,9.76,4.7,4.9,1.1,5.16,4.96,3.5,1.79,3.6,1.2,1.6,0.54,5.0,3.69,10.29,3.56,13.02,16.88,7.19,4.55,2.16,4.75,1.1,0.49,5.17,4.25,4.94,9.74,3.18,5.14,2.1,4.2,17.33,3.03,0.8,0.53,1.4,1.2,2.6,14.66,10.35,6.49,1.92,11.27,1.59,1.1,1.6,3.9,1.73,12.81,6.02,2.8,3.35,9.96,2.02,4.14,0.87,1.2,6.5,2.18,8.48,2.8,0.35,1.97,12.24,14.03,8.44,32.51,20.27,16.5,16.07,14.79,10.7,2.0,5.61,17.4,8.58,8.2,2.3,10.3,16.35,14.55,7.0]}