{"timestamp":1189900800000,"multiplier":1.0E-5,"open":2.00522,"high":2.00522,"low":2.00473,"close":2.0049,"shift":60000,"times":[1260,1,1,1,1,1,1,1,1,1,1,1,1,1,1,1,1,1,1,1,1,1,1,1,1,1,1,1,1,1,1,1,1,1,1,1,1,1,1,1,1,1,1,1,1,1,1,1,1,1,1,1,1,1,1,1,1,1,1,1,1,1,1,1,1,1,1,1,1,1,1,1,1,1,1,1,1,1,1,1,1,1,1,1,1,1,1,1,1,1,1,1,1,1,1,1,1,1,1,1,1,1,1,1,1,1,1,1,1,1,1,1,1,1,1,1,1,1,1,1,1,1,1,1,1,1,1,1,1,1,1,1,1,1,1,1,1,1,1,1,1,1,1,1,1,1,1,1,1,1,1,1,1,1,1,1,1,1,1,1,1,1,1,1,1,1,1,1,1,1,1,1,1,1,1,1,1,1,1,1],"opens":[0,-42,10,-10,10,-20,20,0,20,0,-20,-7,7,0,0,-30,20,10,-20,0,40,0,-10,-20,37,-27,0,-13,13,10,0,20,-30,0,0,0,0,0,0,0,0,0,-15,25,-10,10,20,0,20,0,0,10,10,40,0,30,-35,60,-35,0,-40,-10,-20,-20,-30,10,-10,10,10,0,-20,5,5,-10,0,-10,10,0,0,10,10,10,-20,0,-5,25,20,10,10,0,0,0,-70,0,10,-10,20,20,20,-50,0,20,0,0,0,0,20,10,-30,10,5,-5,10,0,0,-10,0,10,-5,5,0,0,0,10,10,0,10,0,-20,10,20,0,-20,-20,-45,5,0,-10,10,-5,0,5,0,20,0,0,0,-20,0,0,10,10,50,-10,50,-10,-55,5,10,-5,5,0,0,0,-30,30,10,0,0,10,-10,0,20,-10,0,0,10,-5,-5,15],"highs":[0,-32,0,10,-10,-11,11,0,20,0,-20,-4,4,0,0,-25,15,10,-20,40,0,0,-10,-10,31,-31,0,0,10,0,0,30,-40,0,0,0,0,0,10,-10,0,30,-26,16,-10,30,-10,30,0,-10,10,10,30,40,0,20,10,-5,-15,-20,-20,-30,-10,-30,-20,0,-10,20,0,0,-10,3,-3,-10,0,10,-10,0,10,30,10,-20,-20,0,20,20,10,10,10,-10,0,0,-70,10,0,30,10,10,0,-50,30,-10,0,30,-20,10,20,-10,-22,12,0,0,10,0,0,-10,0,30,-30,0,0,0,10,10,10,-10,20,0,-20,20,10,0,-30,-20,-30,-10,0,5,-5,10,-10,10,10,0,10,-10,10,-30,10,10,10,-10,50,40,0,-10,-40,0,0,0,0,0,0,0,-7,17,0,0,10,10,-10,10,10,0,-20,10,0,0,10,0],"lows":[0,7,10,-20,20,-31,31,0,0,0,0,-20,20,0,-10,-20,20,0,-10,0,40,0,-30,-3,34,-21,0,-26,26,10,0,-110,100,-10,10,0,0,0,0,0,0,0,-15,18,-3,10,20,0,20,0,0,10,10,40,0,10,-15,15,-15,-20,-5,-30,-10,-30,0,0,0,10,0,-10,-10,-3,23,-20,0,0,0,10,0,10,5,-5,-10,5,0,25,20,10,-25,35,-10,-80,10,0,10,-10,25,15,20,-40,0,20,0,0,-5,5,20,-10,-16,16,0,0,-30,40,-20,0,0,20,-10,5,5,0,0,0,10,0,10,-15,5,10,5,-10,-25,-40,5,0,-5,0,5,0,0,5,0,15,0,5,-30,0,10,0,0,20,30,10,20,-35,0,5,-5,10,0,5,0,0,-35,35,10,-5,0,15,-20,-5,15,10,0,0,-10,-10,20,10],"closes":[0,0,0,0,0,-29,29,0,20,-20,0,-13,13,0,-10,-20,20,0,-10,40,0,0,-30,5,26,-21,0,-26,36,0,0,-10,0,-10,10,0,0,0,0,0,0,10,-13,13,-5,5,20,20,10,-10,10,10,30,10,20,25,10,-45,10,-40,-10,-20,-20,-30,10,-10,0,10,10,-20,10,-22,22,-10,-10,10,0,0,10,20,0,-20,-10,5,25,15,15,10,0,0,0,-80,0,20,-10,20,20,0,10,-40,20,0,0,0,0,20,10,-20,-2,12,0,0,10,0,-20,10,0,0,-5,5,0,0,10,10,-10,10,10,-25,15,20,0,-20,-20,-45,0,5,-10,10,-5,0,5,0,20,-5,10,-5,-25,5,10,0,10,0,40,50,-10,-50,10,-5,-5,10,0,0,0,0,-7,12,5,0,0,10,-10,20,-20,10,0,10,-20,10,15,5],"volumes":[231.0,23.7,31.6,56.1,7.9,954.8,11.9,26.8,73.0,48.4,4.0,407.1,16.0,20.0,30.3,165.1,12.0,30.2,42.1,201.6,23.8,12.0,46.1,545.0,70.4,51.6,31.8,101.9,36.4,8.7,95.3,86.9,44.5,114.5,0.7,16.0,16.8,26.4,38.3,15.1,103.2,76.1,227.6,761.3,552.4,254.9,16.6,113.7,30.9,16.7,20.6,57.9,193.1,50.0,437.4,267.4,99.5,34.1,121.9,162.1,319.3,145.2,80.8,181.9,77.3,54.2,11.2,61.9,31.3,63.2,194.5,385.75,7.2,59.8,33.6,128.4,46.4,26.5,125.4,744.8,167.0,233.9,62.6,5.1,215.4,396.1,130.0,789.6,122.3,16.8,236.0,1547.2,351.1,57.4,18.1,337.4,291.8,355.2,3.6,107.4,111.5,4.2,0.5,62.0,235.4,60.1,80.5,12.6,93.0,34.4,28.6,8.4,219.6,2.1,111.0,32.7,70.4,65.1,234.1,51.2,45.7,24.0,40.8,86.8,177.9,256.2,220.1,55.5,103.3,205.7,146.3,79.8,329.2,298.3,280.1,15.2,104.7,76.9,7.4,3.9,9.1,16.0,64.8,22.8,75.6,17.7,114.7,23.2,70.9,38.4,191.8,4.0,412.8,601.0,162.8,541.6,111.9,97.6,253.0,38.4,28.9,7.0,13.2,6.8,480.4,80.2,90.0,128.4,77.3,42.7,179.8,130.3,38.2,5.6,1.8,153.6,90.5,156.7,149.0,219.1]}