{"timestamp":1189900800000,"multiplier":1.0E-5,"open":1.18924,"high":1.1897,"low":1.18915,"close":1.1897,"shift":60000,"times":[1260,1,1,1,1,1,1,1,1,1,1,1,1,1,1,1,1,1,1,1,1,1,1,1,1,1,1,1,1,1,1,1,1,1,1,1,1,1,1,1,1,1,1,1,1,1,1,1,1,1,1,1,1,1,1,1,1,1,1,1,1,1,1,1,1,1,1,1,1,1,1,1,1,1,1,1,1,1,1,1,1,1,1,1,1,1,1,1,1,1,1,1,1,1,1,1,1,1,1,1,1,1,1,1,1,1,1,1,1,1,1,1,1,1,1,1,1,1,1,1,1,1,1,1,1,1,1,1,1,1,1,1,1,1,1,1,1,1,1,1,1,1,1,1,1,1,1,1,1,1,1,1,1,1,1,1,1,1,1,1,1,1,1,1,1,1,1,1,1,1,1,1,1,1,1,1,1,1,1,1],"opens":[0,54,-30,-68,80,0,-15,15,0,0,-10,-10,0,0,-20,17,-17,0,-20,-10,-2,2,8,-6,-2,14,-14,0,0,-11,11,-15,15,0,7,3,-3,3,-10,-10,-10,10,-25,25,0,-35,35,0,-15,15,0,-34,14,0,0,-9,-1,0,0,0,10,0,0,0,10,10,17,-27,-5,-5,0,-25,35,-10,-20,0,20,0,10,-10,-10,10,-3,-7,0,20,0,-26,26,10,0,-30,20,10,10,-10,-40,10,0,20,-10,10,10,0,0,-10,0,-2,2,10,-10,0,-10,10,0,0,0,10,0,-10,30,-20,10,-20,30,-10,0,0,10,0,0,-12,12,5,10,15,-10,0,0,0,-10,10,0,10,0,10,30,0,-10,5,-15,0,0,0,-20,35,15,-30,0,0,-10,10,0,0,10,0,0,10,0,-10,10,-10,0,0,0,0,0,0,0,-10],"highs":[0,14,-13,-11,0,0,-6,6,0,0,-10,0,0,-10,-20,22,-22,0,-19,-11,-2,2,8,12,-20,14,-14,10,0,-20,10,3,-3,10,18,-18,-3,3,-10,-10,-2,2,-22,22,0,-16,16,0,-11,11,0,-9,-11,7,-7,11,-21,0,0,0,10,0,0,0,10,10,17,-27,-5,5,0,-30,30,0,-20,10,0,10,0,-10,0,0,-3,-7,20,0,10,-20,20,0,10,-10,0,10,0,-10,-30,0,20,10,-10,0,10,0,0,0,-10,1,9,0,0,-10,-10,10,0,10,-10,20,-10,20,0,-10,10,1,-1,-10,0,10,0,0,0,-10,15,10,25,0,-15,-5,0,5,-5,0,20,0,0,35,-5,20,-30,25,-35,0,0,0,15,20,-5,-20,0,-10,-5,5,0,10,0,0,10,0,0,-5,5,-10,0,0,0,0,0,0,0,-10],"lows":[0,47,-34,-48,80,0,-15,15,0,-10,-10,-20,0,-10,-10,23,-3,-50,22,-2,-11,11,-8,10,-2,-22,22,0,-10,-17,27,-22,22,0,4,6,-18,18,-20,-10,-10,20,-37,37,0,-35,35,0,-23,23,-10,-24,14,-7,-13,3,7,0,0,0,10,0,0,0,10,10,-34,9,5,0,0,-30,20,-40,20,10,-10,30,10,-20,-10,10,-2,2,0,10,0,-16,26,10,-20,-10,20,10,0,-40,0,10,0,10,0,10,0,0,0,0,0,-5,5,-10,10,0,-10,0,10,0,0,-5,15,-20,10,10,-10,0,30,-40,10,20,10,0,0,-20,10,10,15,-15,20,0,0,-10,0,0,10,10,0,0,40,-10,0,-10,-10,10,0,-20,0,20,0,0,0,-10,0,10,0,-5,15,0,0,10,-10,0,0,0,-5,5,-5,5,0,0,-10,0],"closes":[0,-6,-36,32,0,0,-10,10,0,-10,-10,-10,-10,-10,10,22,-22,-30,2,-2,-2,2,-8,23,-15,-22,22,10,-10,-27,27,-3,3,10,1,-1,-18,18,-20,-10,5,5,-37,37,0,-23,23,0,-23,23,-10,-5,-5,-5,-15,3,7,0,0,0,10,0,0,0,10,10,-22,-3,5,0,0,-25,15,-20,10,20,0,10,0,-20,-10,10,3,-3,20,0,0,-23,33,0,-20,10,10,10,-10,-40,10,0,20,10,-10,0,0,10,-10,0,0,1,9,-10,0,0,-10,10,0,10,-10,0,10,20,-30,20,0,11,-1,-10,0,10,0,0,0,-10,15,10,15,0,-10,0,0,-10,10,0,20,0,0,30,0,-10,0,-10,-10,10,0,-20,35,15,-30,0,10,-20,5,5,0,10,0,0,10,0,-10,0,0,0,-5,5,0,0,0,0,-10,0],"volumes":[143.7,120.8,420.3,17.3,1.6,13.5,76.0,11.9,23.8,37.4,107.8,149.3,52.4,190.7,151.1,565.2,23.9,203.9,74.4,80.5,10.4,25.5,119.4,330.2,25.5,87.2,23.9,61.3,168.4,962.7,15.9,1255.0,11.9,265.8,642.2,39.7,37.6,27.8,168.7,365.1,843.4,8.6,387.0,5.6,5.0,116.8,0.6,0.6,62.4,1.2,24.1,14.4,37.4,86.4,113.4,549.4,23.8,13.5,27.0,27.0,1.8,4.5,10.7,68.3,64.7,16.0,19.2,223.3,116.0,140.0,204.6,1222.0,100.9,630.1,387.2,158.4,327.5,44.6,14.4,123.2,273.2,160.4,10.4,15.5,302.7,111.8,77.5,36.0,36.8,8.0,512.2,216.0,166.3,18.4,96.5,428.6,419.8,80.2,245.5,163.1,169.0,128.8,128.0,66.4,3.3,117.3,218.7,52.0,214.9,677.2,331.0,114.4,197.5,152.4,186.8,72.4,39.1,1024.3,1.8,136.7,346.3,53.6,140.9,519.9,2.4,112.4,40.7,34.4,2.4,12.0,44.0,520.0,198.8,126.1,307.7,372.3,40.0,43.2,237.6,288.5,123.8,79.0,94.4,20.3,12.8,369.3,46.4,525.5,21.7,164.0,145.6,2.4,14.4,258.4,59.2,145.6,200.4,104.0,204.8,32.8,24.0,12.0,28.8,142.2,33.6,16.0,690.2,57.6,85.3,202.3,197.1,102.7,39.5,50.6,121.0,43.5,55.2,57.4,48.2,21.6]}