{"timestamp":1190505600000,"multiplier":1.0E-5,"open":0.99957,"high":1.00017,"low":0.99957,"close":1.00007,"shift":60000,"times":[1260,1,1,1,1,1,1,1,1,1,1,1,1,1,1,1,1,1,1,1,1,1,1,1,1,1,1,1,1,1,1,1,1,1,1,1,1,1,1,1,1,1,1,1,1,1,1,1,1,1,1,1,1,1,1,1,1,1,1,1,1,1,1,1,1,1,1,1,1,1,1,1,1,1,1,1,1,1,1,1,1,1,1,1,1,1,1,1,1,1,1,1,1,1,1,1,1,1,1,1,1,1,1,1,1,1,1,1,1,1,1,1,1,1,1,1,1,1,1,1,1,1,1,1,1,1,1,1,1,1,1,1,1,1,1,1,1,1,1,1,1,1,1,1,1,1,1,1,1,1,1,1,1,1,1,1,1,1,1,1,1,1,1,1,1,1,1,1,1,1,1,1,1,1,1,1,1,1,1,1],"opens":[0,83,-12,-41,43,-23,-2,6,4,-13,1,-3,-1,17,-6,-2,-11,-9,-33,38,-18,17,-8,-40,6,20,-18,-12,18,-20,13,2,-13,15,-7,0,-24,1,10,37,-15,-22,28,8,1,-17,-3,5,-17,-5,8,-4,1,5,27,-27,5,0,10,-17,17,0,0,-8,8,-30,-10,-40,20,-20,-19,12,7,-1,1,-47,48,-11,10,-10,0,-20,-10,10,0,-10,20,-10,0,-33,3,0,-36,36,10,-39,3,-9,45,0,10,45,-10,15,15,-15,-31,21,0,10,-10,0,-25,-3,-2,-6,26,-20,8,-28,20,20,-20,0,10,0,-10,-5,11,-1,-13,18,-14,4,0,-2,32,-5,-1,-24,23,2,0,-20,45,0,-24,24,0,-28,27,1,0,-10,0,-10,-16,3,0,-2,-3,-29,37,10,0,0,0,-30,10,-20,0,0,10,0,0,0,0,-10,20,-15],"highs":[0,23,-12,-17,19,-9,9,-17,2,0,25,-30,3,9,-12,3,-13,-6,-14,20,-20,21,-17,4,-34,21,-8,0,-7,1,14,-22,18,-12,0,-8,-15,14,28,0,-21,-16,44,3,-16,4,-1,-10,-15,-14,24,19,-24,-2,37,-40,24,-24,10,-17,17,0,0,10,-10,-30,-10,-30,20,-30,9,-16,7,-1,1,-9,27,-18,10,0,-20,-20,0,10,-10,-10,20,0,-10,-33,3,0,-27,27,10,-28,4,-6,30,10,40,10,-15,20,10,-15,-31,21,0,10,-10,0,-15,4,-19,-3,23,-20,18,-18,0,31,-31,0,10,0,10,-17,3,4,-5,5,-14,4,30,-8,8,5,-5,-15,11,9,-10,25,0,0,-4,4,0,2,-2,0,0,-10,0,-10,-16,3,3,2,-10,-4,12,20,-10,0,0,-20,0,-10,-10,10,10,0,0,-10,10,-9,9,-14],"lows":[0,61,-13,-41,44,-9,-21,-2,10,14,3,-6,2,-9,10,-7,-11,-28,0,0,21,-1,-42,7,-2,15,-2,-10,15,-19,-20,24,0,2,5,-16,-45,38,11,29,-20,-24,38,-19,18,-19,9,-7,-5,-15,20,-1,-4,-7,30,-23,15,0,10,-39,39,0,0,-17,-13,-10,-65,-5,20,10,-19,-9,28,-13,13,-47,36,1,0,0,-30,0,0,0,0,0,20,-10,-30,-14,-26,40,-43,43,10,-39,-7,-4,30,20,10,45,-10,15,0,-60,22,28,0,10,-10,0,-35,7,-14,3,4,-15,19,-19,20,15,-25,10,10,-5,-5,-6,0,6,-13,13,-18,18,0,-2,32,-5,-8,-17,22,3,-5,-15,35,10,-24,24,0,-30,21,9,-40,30,-10,-10,-25,13,-4,11,-25,-7,37,-10,20,0,-50,20,-20,5,5,0,10,0,0,0,0,-15,25,-39],"closes":[0,11,3,-36,33,-9,5,-38,13,21,30,-40,3,19,-17,5,-10,-33,13,-26,21,10,-53,25,-20,28,-10,12,-12,-9,7,-13,31,-12,-4,-17,-30,22,36,5,-27,-24,40,3,-6,-4,12,-25,10,-25,23,26,-26,4,6,-18,29,-19,10,-18,18,0,0,-6,-24,-10,-60,30,-20,10,-5,-20,25,-10,10,-9,19,-10,-10,0,-20,-10,10,0,-10,0,20,0,-40,-4,4,0,-37,37,10,-28,-12,10,30,10,40,10,-15,20,5,-20,-28,28,0,10,-10,0,-17,-6,-8,-2,-2,-15,19,1,0,25,-35,10,10,-5,0,-11,0,16,-5,-5,-4,4,30,-8,8,0,-2,-18,14,11,-15,20,0,10,-4,4,0,2,-11,9,-10,0,-10,0,-35,13,7,7,-32,3,27,20,-10,0,-30,10,-20,-5,5,10,10,0,0,-10,0,-12,22,-39],"volumes":[76.5,56.6,179.8,89.3,56.2,90.3,175.5,308.6,538.6,818.4,71.0,161.0,210.8,577.7,41.4,339.9,418.3,745.2,139.7,53.3,61.2,52.2,90.0,305.9,152.2,552.9,162.0,279.3,172.1,267.4,1147.6,167.1,55.5,77.9,53.6,96.0,695.9,296.2,366.5,73.1,36.1,238.9,673.0,370.8,91.3,137.4,224.8,205.0,544.8,404.8,300.4,264.9,515.8,225.9,267.8,263.1,175.0,6.2,8.0,70.0,1.8,4.9,6.7,1053.9,25.1,12.3,218.9,65.3,225.5,7.2,124.1,92.4,1.8,72.7,1.8,110.8,148.2,67.5,59.2,37.9,180.3,188.3,102.6,46.6,46.4,11.2,8.0,16.8,275.1,141.2,330.4,1.8,89.6,7.4,1.6,62.2,93.2,298.7,73.6,21.6,38.3,44.0,24.8,25.6,82.4,73.4,68.4,22.5,48.5,4.0,26.2,4.0,291.863615,148.663615,36.205446,18.905446,8.0,31.5,78.9,27.2,4.9,82.5,25.0,8.9,4.0,12.0,53.7,50.8,36.0,92.9,126.4,42.5,108.8,12.0,36.3,42.0,53.3,168.1,187.0,224.1,68.4,16.1,52.0,258.5,31.2,4.0,58.4,130.4,11.2,106.0,8.6,20.0,396.4,17.6,24.8,71.2,37.7,18.0,87.6,10.4,46.5,64.8,70.7,43.6,11.2,4.0,194.8,89.6,96.8,92.8,20.0,103.2,32.0,12.0,12.0,12.0,122.0,92.3,4.8,174.4]}