{"timestamp":1149984000000,"multiplier":1.0E-5,"open":0.74738,"high":0.74763,"low":0.7471,"close":0.74718,"shift":60000,"times":[1260,1,1,1,1,1,1,1,1,1,1,1,1,1,1,1,1,1,1,1,1,1,1,1,1,1,1,1,1,1,1,1,1,1,1,1,1,1,1,1,1,1,1,1,1,1,1,1,1,1,1,1,1,1,1,1,1,1,1,1,1,1,1,1,1,1,1,1,1,1,1,1,1,1,1,1,1,1,1,1,1,1,1,1,1,1,1,1,1,1,1,1,1,1,1,1,1,1,1,1,1,1,1,1,1,1,1,1,1,1,1,1,1,1,1,1,1,1,1,1,1,1,1,1,1,1,1,1,1,1,1,1,1,1,1,1,1,1,1,1,1,1,1,1,1,1,1,1,1,1,1,1,1,1,1,1,1,1,1,1,1,1,1,1,1,1,1,1,1,1,1,1,1,1,1,1,1,1,1,1],"opens":[0,-23,-6,13,-34,-4,22,-16,5,17,9,14,0,-32,14,-12,17,13,-23,37,0,10,26,-30,10,-6,-38,51,-35,18,25,0,16,0,0,-21,27,27,-27,27,1,-19,4,-13,20,-18,16,-12,6,-40,31,-19,15,1,22,-21,47,-58,12,-3,-7,-1,11,16,-21,3,-17,-36,59,-25,7,12,-4,24,-15,13,-35,5,-13,13,-30,30,-19,-14,-32,41,-19,23,-30,5,0,-3,-14,-2,-27,15,16,-39,49,-30,0,-6,4,-26,33,10,10,2,-14,6,16,2,-24,3,24,-35,60,10,-41,11,-39,15,-13,52,-59,9,2,9,-4,6,3,4,0,-9,15,9,11,-12,-17,13,-4,-14,-7,52,-16,-9,-2,5,2,-40,15,-18,-4,13,14,-7,-8,38,15,-47,24,-3,-9,-12,-8,26,-12,2,21,4,17,-46,-17,-13,48,1,-28,12,-23,1],"highs":[0,-3,0,-5,-30,0,0,5,-12,12,18,-10,0,22,-20,-12,3,4,53,10,-8,-5,13,-18,-3,3,-5,-3,8,18,7,2,11,-3,0,10,40,-20,-5,5,-8,3,-2,-5,8,-6,0,5,0,-7,-3,0,20,0,5,-5,0,-15,-5,4,-5,-4,5,-3,-2,6,-7,-9,0,15,5,-10,1,6,3,-15,-9,5,-10,-9,2,1,-10,-3,-6,4,15,-20,-21,1,0,5,3,-18,-16,4,-8,15,-5,0,-10,-3,18,5,-10,-5,15,15,-5,5,3,-13,10,-2,12,0,15,-1,-19,0,-5,10,-4,-1,-30,6,9,10,1,-11,-4,4,16,-15,9,20,0,-5,-20,5,10,0,-5,23,2,-10,0,-5,-10,-13,8,-4,6,-11,15,4,0,0,0,-10,10,7,-15,-2,0,5,0,5,5,4,-6,-8,-4,-11,20,-12,-17,-1,9,6],"lows":[0,-5,-5,-6,-7,-4,2,-2,-8,-2,30,1,8,-18,3,-16,2,-2,18,30,7,12,9,-26,-1,4,-29,11,-1,29,11,14,-1,2,5,-11,21,24,-19,12,9,-25,-2,-6,16,-14,10,18,-29,-6,20,-16,6,10,6,-5,-3,-12,0,-1,8,-7,7,9,-13,3,-17,-24,9,12,14,-25,22,19,-6,-6,-35,14,-20,12,0,7,-13,-32,6,18,7,-17,-17,-28,35,0,-16,-10,0,11,-29,-3,14,-3,-1,0,0,-1,8,4,-14,31,-8,15,4,2,-17,8,-3,-10,34,-4,-22,0,6,11,-28,4,-6,4,9,13,-18,1,10,-7,14,-14,10,8,4,2,-25,-2,26,-3,-4,15,10,-18,-7,6,-16,-12,-7,14,-3,12,-3,12,-25,35,-17,2,16,-13,-9,-15,9,16,-9,-4,23,0,-20,-5,3,-15,22,-37,2,-16,22,9],"closes":[0,27,-28,-6,-5,-17,29,-8,-27,4,61,-40,30,-32,9,-4,20,-11,10,-1,37,19,-23,-31,24,10,10,-51,21,30,-1,0,4,-3,15,22,16,-4,-10,-4,13,17,-56,21,20,0,10,-19,-32,23,0,-2,1,44,-42,42,-42,7,-18,6,12,0,15,-35,-10,20,-13,-14,0,17,10,-16,37,-26,-1,-3,-32,12,-9,-6,23,-12,-16,-31,37,-3,8,-27,10,-49,27,27,-48,-4,22,3,-39,22,-9,1,-4,19,-19,5,16,-22,30,-3,-9,12,7,-8,-11,29,5,-17,32,-16,-3,-36,18,1,42,-31,-24,-15,20,3,-1,0,13,-8,19,3,8,0,-24,26,-13,-19,4,26,-2,-16,24,-4,-19,10,-11,0,-44,23,0,37,-24,7,20,-17,-15,20,-2,5,-13,18,-3,-25,33,-34,15,18,-12,-19,2,5,17,-67,23,-20,44,-3],"volumes":[3023.532135,1888.810087,2705.406027,1530.806196,999.6764,1082.992853,2188.767491,911.841066,3329.556022,2655.547943,1023.646486,1309.875497,408.858606,797.494447,551.351646,1724.81081,802.470684,3404.184581,1155.02217,991.019729,1959.474437,593.054336,1633.075027,1437.525854,1733.97699,1373.057729,683.562913,1757.958247,1443.445461,881.877102,791.695777,891.99935,1394.871114,1619.251272,1113.441068,2003.953391,2331.115515,1607.364015,1703.157477,1470.377307,689.625102,1932.668957,2981.119194,1945.013569,1469.045971,1699.201204,1209.045033,728.873189,1130.373995,701.868505,1041.373483,1748.310314,1900.642109,1481.858527,1726.548642,501.827493,917.854431,3576.276831,2973.978768,1884.427329,964.772797,1065.896502,1143.175982,824.642529,1931.407128,1127.943798,778.843804,1600.631768,5503.817019,2570.327471,1898.331768,1735.152675,851.563282,1349.166911,1442.606867,1579.572465,3007.89563,1854.388306,4817.679103,2279.372913,1727.280882,1796.151964,1390.87837,974.331874,1758.363217,846.923659,610.911865,1473.836575,2218.201311,1067.72465,960.788559,1102.259788,2959.23403,1550.29057,2069.532328,1109.401434,3341.854254,3563.284915,1680.584405,1822.560844,4132.252733,970.665173,1246.247623,955.630849,2410.502146,1945.733438,1758.318896,1859.295159,1624.091686,2183.90372,2331.874018,1599.413351,2303.028633,1924.987031,1543.319802,1319.891101,1833.555033,1704.410671,3444.110798,1260.352299,1118.150254,1902.677986,652.497465,1232.276261,924.984815,1882.621671,2266.58961,850.149513,4233.056104,1694.632406,791.742472,925.576402,1037.161996,2864.057853,1926.482376,2183.456916,1738.87819,2861.418432,1982.751323,2331.140722,564.327565,1315.030486,1542.285048,1018.171581,710.149776,1209.7716,1071.996848,1008.909837,1931.315679,1085.642183,1716.13209,4186.785932,1647.975519,1287.185825,2222.573774,2868.917868,2451.613039,1788.214514,1399.433245,1702.129303,1965.685337,5451.958151,3775.124179,6124.560679,3394.026589,1410.591617,1255.530026,5397.061352,4359.408967,2430.739205,3425.241072,3448.639336,3060.556309,2358.27812,5002.064097,5368.644918,2588.657278,2082.655908,2877.342699,1199.452612]}