{"timestamp":1149984000000,"multiplier":1.0E-5,"open":1.26317,"high":1.26377,"low":1.26297,"close":1.26375,"shift":60000,"times":[1260,1,1,1,1,1,1,1,1,1,1,1,1,1,1,1,1,1,1,1,1,1,1,1,1,1,1,1,1,1,1,1,1,1,1,1,1,1,1,1,1,1,1,1,1,1,1,1,1,1,1,1,1,1,1,1,1,1,1,1,1,1,1,1,1,1,1,1,1,1,1,1,1,1,1,1,1,1,1,1,1,1,1,1,1,1,1,1,1,1,1,1,1,1,1,1,1,1,1,1,1,1,1,1,1,1,1,1,1,1,1,1,1,1,1,1,1,1,1,1,1,1,1,1,1,1,1,1,1,1,1,1,1,1,1,1,1,1,1,1,1,1,1,1,1,1,1,1,1,1,1,1,1,1,1,1,1,1,1,1,1,1,1,1,1,1,1,1,1,1,1,1,1,1,1,1,1,1,1,1],"opens":[0,49,11,-7,5,0,-16,5,8,-15,12,-4,-2,9,-1,-8,7,-6,11,-14,-2,13,0,-9,7,-5,-1,11,-9,4,-13,11,2,-6,-1,-65,-240,6,-6,20,-17,2,3,-3,-6,-4,1,10,2,-29,23,14,23,1,4,5,-2,1,2,-2,4,0,-22,6,4,10,7,-9,-11,24,6,17,-12,7,-7,4,-5,-7,-17,-3,5,11,2,0,3,-6,-4,5,-8,10,0,1,-6,-1,8,-15,3,-2,8,-21,2,-12,9,-7,8,7,2,-17,-5,4,7,4,1,7,-8,3,-11,20,3,0,0,13,-13,4,0,-18,0,8,-9,11,-9,-6,-5,9,-1,9,-13,13,-16,1,0,-12,12,1,4,-8,5,6,-15,-8,-10,4,4,4,-17,20,-9,-2,7,14,1,-2,0,18,-27,6,-11,14,6,-17,-8,6,-20,12,-1,-6,2,4,5,-9],"highs":[0,0,1,0,-1,0,-2,2,-2,0,0,2,1,-1,1,-3,0,0,0,2,-5,3,0,0,2,1,-3,3,0,0,-3,0,3,-1,1,-43,-263,6,2,-2,-2,-4,-1,-7,3,6,-3,2,0,-13,7,42,-5,9,8,3,2,-6,4,-3,1,-11,-15,15,3,2,3,-3,3,13,14,-3,11,0,-8,0,-2,-10,-18,0,3,5,6,4,-4,-1,-5,2,0,0,10,-9,4,-2,0,-13,3,0,10,-31,6,3,0,-5,6,-2,-1,-12,1,5,5,0,4,-2,0,0,8,10,0,2,6,9,-10,-3,4,-26,0,5,2,1,1,1,-7,1,3,0,1,-1,-15,-7,7,-2,2,3,-3,1,4,-4,-11,-4,-9,8,-2,1,-3,9,-9,2,9,12,5,-6,11,1,-13,-4,0,3,-3,7,-11,-1,-12,-2,4,0,4,-9,7,-7],"lows":[0,66,1,-6,1,1,-2,0,-2,-8,13,0,-7,8,-8,3,-4,6,-2,4,-3,-34,37,-3,-6,8,-6,4,5,1,-7,-6,8,0,-1,-263,-43,-4,3,12,-10,-4,3,-5,-6,6,1,9,-1,-22,8,27,10,10,13,0,-1,-8,12,-11,0,-8,-7,15,-6,6,10,-10,-1,10,17,-1,6,4,-8,6,-2,-17,-9,-1,2,0,13,1,-4,5,-13,10,-12,6,9,-8,4,-4,-1,-24,16,2,-1,-17,3,-4,4,-1,4,-5,2,-21,14,1,11,-7,-2,11,-7,6,-25,39,-5,7,-5,17,-21,11,-10,-16,1,4,-4,12,1,-7,-2,1,-1,6,-2,-15,3,-10,12,-11,1,7,6,-6,4,-19,2,-9,-5,0,10,0,-2,1,-10,16,9,-2,5,3,7,3,-12,-5,-1,8,-5,-9,1,-4,-20,10,6,-5,-1,6,10,-16],"closes":[0,0,-2,0,-9,0,8,-2,-1,-4,7,0,-11,2,-9,7,8,-5,-7,18,-13,-7,9,8,3,-1,-7,-3,14,-3,0,-8,8,-3,0,-277,-40,1,20,-8,-5,-1,-5,-4,5,11,-7,0,-3,0,-9,53,-15,12,11,-3,9,-14,9,2,-6,-16,-6,11,16,-1,-5,-6,9,17,18,-18,18,-6,-9,12,-6,-19,-5,-4,2,-9,16,0,4,-1,-5,5,5,-7,-2,4,-5,7,-12,5,-5,4,-13,-10,2,-6,10,4,6,-13,-2,-9,10,-3,6,-4,7,-4,8,0,-4,12,4,10,-8,14,-30,14,-8,-12,-1,6,3,-3,0,-4,12,-10,8,-6,5,-4,-19,-1,8,3,-15,8,5,0,-6,-13,4,-12,4,8,-6,2,4,-8,-10,18,13,-6,14,4,2,-8,-4,4,-2,-6,-9,15,-16,-7,6,-7,2,0,5,-9,7,-6],"volumes":[583.5,761.2,658.7,1070.8,805.2,779.9,469.3,871.6,865.3,656.9,719.7,552.7,987.6,817.0,635.2,553.2,653.6,584.5,636.5,780.2,134.3,1070.3,1006.0,946.6,973.3,655.4,811.9,521.0,267.0,660.2,967.4,556.2,948.8,569.5,727.5,564.7,748.7,635.6,957.9,222.6,1158.7,1039.6,828.9,934.7,904.2,568.4,969.0,715.2,584.1,564.3,731.1,546.8,834.9,503.8,715.0,1100.5,1007.5,651.0,804.4,710.6,680.5,528.3,925.4,158.2,685.7,1202.9,985.8,302.9,606.3,858.8,878.6,757.4,753.5,874.1,316.8,747.5,630.0,1152.2,584.0,793.6,846.6,617.9,483.1,733.8,776.2,878.4,837.1,527.4,433.8,1170.1,1007.2,512.0,891.4,1081.3,776.8,725.3,885.9,926.6,683.5,764.5,787.2,1090.8,1275.5,951.4,350.5,1018.6,584.0,967.8,440.5,1046.6,490.8,1100.3,385.7,557.5,664.7,576.6,797.1,936.0,860.9,196.9,610.0,710.6,643.1,686.5,996.0,891.3,462.1,1227.4,727.2,1071.1,1149.7,577.7,447.3,824.0,927.3,839.4,680.7,1085.2,909.1,414.8,1072.0,1018.4,600.6,712.4,795.5,867.4,788.1,341.4,769.6,736.5,577.6,783.5,682.6,1166.5,926.2,659.1,466.2,659.8,495.8,649.3,709.2,879.0,805.9,1251.9,682.6,885.6,873.4,665.2,693.2,793.8,1030.7,1188.6,899.8,947.3,668.2,728.7,694.5,521.6,839.9,462.9]}