{"timestamp":1149984000000,"multiplier":1.0E-5,"open":1.1051,"high":1.10515,"low":1.1051,"close":1.10515,"shift":60000,"times":[1260,1,1,1,1,1,1,1,1,1,1,1,1,1,1,1,1,1,1,1,1,1,1,1,1,1,1,1,1,1,1,1,1,1,1,1,1,1,1,1,1,1,1,1,1,1,1,1,1,1,1,1,1,1,1,1,1,1,1,1,1,1,1,1,1,1,1,1,1,1,1,1,1,1,1,1,1,1,1,1,1,1,1,1,1,1,1,1,1,1,1,1,1,1,1,1,1,1,1,1,1,1,1,1,1,1,1,1,1,1,1,1,1,1,1,1,1,1,1,1,1,1,1,1,1,1,1,1,1,1,1,1,1,1,1,1,1,1,1,1,1,1,1,1,1,1,1,1,1,1,1,1,1,1,1,1,1,1,1,1,1,1,1,1,1,1,1,1,1,1,1,1,1,1,1,1,1,1,1,1],"opens":[0,30,0,5,-5,0,0,0,5,-5,2,-9,7,0,-5,13,-8,-2,2,0,-5,5,0,0,0,8,-13,5,2,3,-5,0,3,-6,3,-10,5,0,-3,5,0,3,0,0,0,8,-13,5,0,-5,10,-5,57,21,-31,-12,-8,22,6,0,10,-3,-8,-9,12,-2,5,0,3,-3,7,-7,5,-5,-2,2,-3,5,11,-13,0,0,5,-5,5,-6,1,3,2,-35,25,8,4,-9,7,13,-5,1,-9,1,1,3,5,-5,-4,5,7,4,-7,6,14,-8,-17,-5,12,-2,-7,3,-6,4,-8,20,-27,9,7,5,-10,12,13,1,-3,-3,4,11,-5,0,2,-12,3,12,-8,6,2,0,0,0,8,14,10,7,-22,-17,0,0,0,5,-7,-2,9,3,-15,14,13,0,-3,3,-6,-1,-2,-16,0,6,-3,-1,-5,6,-3,7,-8,-5],"highs":[0,30,-3,3,-5,0,5,3,-3,0,-3,6,-3,0,-5,8,-6,3,-5,0,-5,10,2,0,-7,8,-3,0,0,0,0,-5,3,2,0,-3,-2,0,5,-5,-3,8,0,0,0,3,-13,5,0,0,5,58,12,11,-26,3,-33,21,14,-7,7,-3,-1,-6,7,3,-2,-3,3,2,2,-7,5,0,0,3,-11,14,2,-8,0,6,-6,0,0,4,-9,9,1,-20,10,13,-6,-7,14,10,1,-8,-7,-1,4,2,0,0,3,3,-3,9,-2,-4,14,-6,-19,0,14,-6,-8,6,-6,-1,15,-3,-13,7,0,0,-10,18,8,0,0,2,6,1,-5,3,-1,-12,12,3,0,0,0,2,-2,3,7,13,9,7,-13,-26,5,-5,0,5,6,-4,8,0,-15,10,10,8,-8,0,-1,-6,-2,-16,12,1,-2,-9,2,4,-2,1,-8,2],"lows":[0,28,-3,5,0,-7,-3,3,-1,0,3,-2,2,0,0,3,-3,0,5,0,-5,5,-10,5,5,-5,-3,5,-2,8,-3,0,-5,2,-2,-5,5,0,-3,5,-2,0,-3,8,-5,0,0,5,-5,-3,13,-5,44,4,-1,-12,-45,59,4,2,5,-4,-7,-4,6,4,2,-2,0,0,-23,23,0,2,-2,0,-2,9,-2,-5,-2,6,-6,2,0,3,-3,7,-20,-12,23,8,2,-5,-3,20,-2,-15,4,-5,10,3,0,-5,1,0,6,4,-1,3,10,-21,-2,0,6,-5,-3,4,-2,-5,1,-4,-5,-10,23,-10,10,12,4,3,-6,5,-3,20,-5,-13,4,-15,17,12,-8,3,5,0,-8,3,13,9,14,-23,-8,-5,5,-2,-3,5,-3,-1,9,3,-15,14,13,0,-5,5,-8,1,-20,-3,5,-3,1,-1,-2,-6,7,-8,6,0],"closes":[0,25,0,0,0,-5,5,8,-8,5,-10,13,-6,3,-5,0,0,-5,5,0,-5,10,-5,-5,5,-5,5,2,-5,6,-3,0,0,5,0,-5,0,0,0,0,-5,0,5,0,-2,2,-5,5,-5,0,10,51,14,-22,2,13,-33,21,12,-5,2,-4,1,-2,5,5,-8,-2,8,2,-4,-1,0,5,-5,-2,-3,16,-11,5,-5,7,-10,3,0,2,-7,8,-21,8,5,10,-2,-3,14,8,-9,-4,-2,-7,10,5,-5,5,-3,0,0,9,4,-5,10,-23,-2,5,13,-17,2,7,-5,-10,24,-22,6,2,0,0,-5,18,4,-3,-2,11,6,1,-5,3,-11,-8,18,3,0,-5,5,2,-10,11,7,8,13,-13,-18,0,5,-7,-3,5,-3,10,3,5,-15,10,10,8,-8,0,-8,1,-20,-3,17,-4,3,-14,7,4,-4,-14,4,7],"volumes":[1.8,62.4,124.9,38.1,13.8,133.3,257.3,171.0,81.2,125.1,18.3,46.3,73.0,97.4,26.5,53.0,152.8,148.0,0.8,12.0,15.9,36.7,101.2,55.5,4.0,77.7,125.7,163.3,88.7,25.8,56.3,40.8,134.3,71.6,64.2,208.2,4.0,22.0,89.4,36.1,28.6,97.6,138.6,44.7,160.6,92.2,1.7,17.5,74.4,101.9,20.6,177.2,171.5,185.8,78.1,151.1,39.5,33.5,70.7,4.0,56.6,104.5,166.6,6.2,54.7,75.1,50.4,45.9,53.8,154.7,102.2,147.5,81.7,13.0,139.1,123.9,81.9,69.3,70.9,76.8,49.5,138.6,37.9,120.7,57.5,114.4,31.2,108.3,83.2,46.2,31.2,51.2,50.6,62.4,99.1,84.9,158.0,130.9,85.1,102.6,57.4,5.6,35.3,57.2,97.2,102.3,34.6,81.4,33.5,40.9,177.3,44.1,107.1,44.1,91.1,64.1,22.3,88.6,32.6,137.0,51.0,26.2,88.1,117.9,128.7,170.9,4.8,28.9,68.5,44.3,103.2,63.8,93.0,8.2,3.1,83.1,73.0,80.9,54.3,26.9,62.3,31.3,4.0,8.8,41.4,89.6,29.1,57.4,4.0,73.6,91.1,13.5,25.5,54.7,41.9,8.2,138.7,27.9,95.5,103.0,11.2,54.8,17.7,71.3,64.6,1.6,74.7,0.8,111.8,3.2,5.0,70.2,154.1,115.6,31.9,157.3,61.0,77.1,36.7,54.4]}