{"timestamp":1151193600000,"multiplier":1.0E-5,"open":1.24895,"high":1.24923,"low":1.24895,"close":1.24922,"shift":60000,"times":[1260,1,1,1,1,1,1,1,1,1,1,1,1,1,1,1,1,1,1,1,1,1,1,1,1,1,1,1,1,1,1,1,1,1,1,1,1,1,1,1,1,1,1,1,1,1,1,1,1,1,1,1,1,1,1,1,1,1,1,1,1,1,1,1,1,1,1,1,1,1,1,1,1,1,1,1,1,1,1,1,1,1,1,1,1,1,1,1,1,1,1,1,1,1,1,1,1,1,1,1,1,1,1,1,1,1,1,1,1,1,1,1,1,1,1,1,1,1,1,1,1,1,1,1,1,1,1,1,1,1,1,1,1,1,1,1,1,1,1,1,1,1,1,1,1,1,1,1,1,1,1,1,1,1,1,1,1,1,1,1,1,1,1,1,1,1,1,1,1,1,1,1,1,1,1,1,1,1,1,1],"opens":[0,25,-2,2,0,0,5,-5,0,0,-5,10,-5,0,2,-4,2,2,0,3,-5,5,-3,3,-5,0,0,0,-5,5,0,5,-5,0,0,-18,-69,-6,10,1,-4,0,21,-10,0,10,-17,7,-5,0,0,-2,0,-3,10,-3,3,5,-11,6,-8,1,17,17,8,-9,-1,11,6,6,-3,-6,-4,-7,-10,7,-18,9,-11,7,0,10,-2,3,2,-5,2,-6,-9,-5,13,-3,1,-6,8,-3,28,-7,7,-8,13,-5,-15,6,-11,6,-2,-2,1,-4,-6,15,12,5,0,-1,-17,-13,-6,6,8,7,-11,-5,-3,5,0,-3,20,0,-6,-6,4,-4,3,7,-3,-31,-4,-31,9,-20,-21,5,3,5,-4,3,9,-6,-12,5,-9,6,9,37,8,-10,-13,-5,-7,12,20,13,3,-1,0,-7,-13,2,-1,-3,-10,-3,3,-4,2,-47,-12,11],"highs":[0,2,2,-2,-5,3,2,-2,2,-5,5,0,0,0,0,0,0,0,0,0,0,0,0,0,0,0,0,-5,5,-3,-2,8,-8,5,0,-23,-64,-3,8,1,5,9,-1,-4,0,2,-10,3,-3,3,-3,0,2,-5,3,3,2,0,2,-7,-3,6,14,18,0,-3,4,9,-3,8,3,-2,-16,-7,3,3,-14,1,-8,2,-3,14,4,-3,0,-4,-1,-6,-3,-3,18,-9,-6,-3,5,20,5,2,7,-11,12,-3,-13,-3,-3,-2,-2,-1,3,-7,10,13,6,-3,4,-5,-11,-9,-12,16,1,6,-7,-13,5,0,0,6,6,5,-11,7,-1,-7,4,1,-3,-30,-5,-30,8,-20,-14,6,8,-6,-2,4,4,-1,-9,-3,-1,4,37,11,4,-14,-8,-10,0,29,17,-1,-3,1,-3,-7,-8,0,-3,-4,-2,-6,0,-4,1,-48,3,18],"lows":[0,20,3,-3,0,5,-5,5,0,-5,0,2,3,-8,3,0,0,0,3,-5,7,-2,2,-10,10,-2,2,0,-5,5,0,0,-5,0,0,-86,1,-3,4,0,3,0,20,-11,2,-4,-3,-3,-5,10,-3,1,-3,-5,10,-8,8,0,-1,-4,-2,5,9,20,-1,3,1,9,1,8,-1,-7,-6,-18,7,0,-11,5,-7,-5,11,8,1,-3,1,0,-1,-14,4,-7,13,-1,-2,-7,4,5,20,-2,-4,0,17,-16,-8,8,-7,-1,3,-7,2,-4,0,7,18,2,1,-18,-2,-9,-7,9,8,-5,-4,-9,6,2,-2,2,12,8,-8,-4,1,-1,1,1,-22,-14,-18,-10,-6,-14,-9,3,5,-2,-2,-5,9,-3,-12,11,-12,13,9,33,3,-16,-6,0,-7,15,20,10,1,-6,0,-13,-2,0,-2,-5,-2,-3,-1,-3,-37,-16,1,9],"closes":[0,-2,7,-9,-3,7,-2,0,0,-5,0,2,3,5,-8,-2,3,-3,10,-12,7,5,-2,-3,0,0,5,-5,0,2,-2,8,-8,3,2,-93,-2,2,11,-5,-3,23,-2,-11,8,-12,1,3,0,3,-3,-5,-5,2,5,3,5,-2,0,-3,-12,15,14,18,-14,5,5,9,0,8,5,-18,-1,-13,9,-12,-3,-2,-3,0,1,15,4,-12,2,0,-2,-10,5,-13,17,-2,-5,0,5,20,0,-5,8,0,5,-3,-10,-2,0,-8,2,1,2,-11,2,26,1,2,0,-19,-4,-6,-10,18,4,-11,0,-2,0,0,5,2,6,9,-13,9,-12,4,3,-3,-25,-8,-24,-6,3,-27,-7,9,2,-6,1,8,-8,0,3,-7,3,-1,42,11,-9,-10,-7,-5,-7,39,9,2,-4,-6,6,-19,8,-3,-9,-3,-4,-3,7,-10,-38,-10,-5,33],"volumes":[134.1,162.3,126.2,95.0,118.9,74.8,167.1,91.9,153.4,193.8,187.4,192.0,143.2,252.6,124.4,37.9,107.6,235.6,126.9,57.5,44.6,173.3,124.0,147.1,131.3,119.8,50.4,211.8,137.8,216.3,103.1,134.1,90.1,283.9,227.6,122.7,180.7,152.6,211.6,145.6,181.9,219.0,167.1,193.4,87.9,154.4,69.4,260.4,164.9,103.1,98.7,69.9,160.5,188.3,95.0,70.1,88.2,129.7,122.3,198.7,159.3,195.8,83.5,115.9,131.8,170.8,92.8,200.2,245.6,110.7,138.2,192.6,86.3,96.2,269.2,219.9,110.1,236.7,165.3,146.2,75.6,118.6,34.5,130.9,158.6,126.0,269.1,23.5,139.8,83.4,163.6,74.2,78.6,200.3,181.1,317.2,127.2,185.1,219.1,84.0,92.2,126.3,158.9,21.9,126.3,79.8,20.2,74.7,86.6,65.5,162.0,103.8,150.0,85.3,274.5,103.0,109.1,82.7,119.6,115.1,134.3,72.6,105.4,36.5,147.0,215.4,169.8,190.5,180.6,59.1,16.1,260.4,82.3,184.6,87.9,93.8,195.8,129.5,39.7,161.9,67.7,69.9,80.2,266.4,84.6,60.6,160.9,132.4,174.2,244.8,62.9,60.1,192.6,349.4,170.6,148.8,200.6,97.2,174.4,66.7,112.5,108.6,166.8,128.8,74.0,173.3,57.2,115.5,38.0,203.3,263.5,129.8,102.7,153.7,122.9,150.7,87.7,107.5,70.2,143.2]}