{"timestamp":1436659200000,"multiplier":1.0E-5,"open":0.74124,"high":0.74128,"low":0.74124,"close":0.74128,"shift":60000,"times":[1260,1,1,1,1,1,1,1,1,1,1,1,1,2,1,1,1,1,1,1,1,1,1,1,1,1,1,1,1,1,1,1,1,1,1,1,1,1,1,1,1,1,1,1,1,1,1,1,1,1,1,1,1,1,1,1,1,1,1,1,1,1,1,1,1,1,1,1,1,1,1,1,1,1,1,1,1,1,1,1,1,1,1,1,1,1,1,1,1,1,1,1,1,1,1,1,1,1,1,1,1,1,1,1,1,1,1,1,1,1,1,1,1,1,1,1,1,1,1,1,1,1,1,1,1,1,1,1,1,1,1,1,1,1,1,1,1,1,1,1,1,1,2,1,1,1,1,1,1,1,1,1,1,1,1,1,1,1,1,1,1,1,1,1,1,1,1,1,1,1,1,1,1,1,1,1,1,1],"opens":[0,6,2,29,-26,3,4,-4,60,1,-1,-3,2,3,20,3,-30,34,-5,-4,-1,-12,-4,-4,0,11,-2,1,-2,2,0,1,-2,-6,4,-1,1,-4,1,23,-2,-1,-11,14,-1,-10,0,1,0,-1,1,0,0,0,8,1,11,2,32,-11,-7,2,41,-4,1,6,19,7,1,5,0,6,1,0,8,1,11,7,-2,3,3,-3,0,-2,-33,-19,-9,-6,2,19,-2,-8,-1,-43,-2,-1,2,1,4,0,-36,5,5,-5,15,39,2,-33,-5,6,-5,-6,0,6,3,0,12,-4,1,-3,27,8,10,13,17,4,7,22,-20,-29,-2,11,3,12,-2,1,6,-4,-6,-8,-1,-1,0,7,-5,0,3,-7,33,3,13,-13,-5,2,-34,-11,0,34,6,-6,-2,-21,-3,-25,2,7,4,1,-30,-10,-8,-5,5,0,5,-32,-9,0],"highs":[0,5,27,1,-26,6,66,0,-8,8,18,-18,-10,21,5,16,-9,-3,-5,-3,-2,-11,14,-14,1,2,-2,16,-17,2,-1,1,8,-13,1,0,0,-1,21,0,-2,-1,3,0,-1,-10,1,0,0,0,0,0,1,6,9,4,18,17,-1,-11,13,37,-14,8,14,5,16,1,-4,2,0,0,1,12,-4,19,2,-3,6,-1,-1,-1,4,-7,-34,-17,-10,-4,19,0,-3,-8,-1,-42,-1,0,10,-7,2,-1,-30,5,2,7,43,0,-2,-31,1,-2,-3,-7,7,4,-3,19,-5,-6,1,24,28,-6,12,17,5,7,24,-5,-18,-32,12,2,10,0,6,-1,1,-5,-6,-8,-1,-1,8,-1,-2,1,1,20,14,8,1,-15,-4,1,-34,-11,33,8,-2,-6,-1,-21,-2,-22,5,5,4,-5,-30,-7,-10,2,-2,3,1,-31,-9,-1],"lows":[0,6,2,26,-24,3,-1,2,60,-1,-2,0,2,2,13,-19,0,32,-6,-1,-7,-16,6,-4,0,9,0,1,-2,2,0,-2,-8,0,6,-2,-1,-1,0,23,0,-1,-11,12,-19,10,0,0,1,-1,-16,17,0,0,2,7,11,2,19,-49,42,4,37,0,0,5,20,5,-2,11,0,5,2,0,8,-3,15,0,4,2,0,2,-2,-33,-22,-5,-9,0,0,21,-8,-2,-46,-5,0,4,4,1,3,-44,8,5,1,-4,18,40,-30,-9,3,3,-8,-2,2,6,2,1,9,-2,-6,2,28,8,12,12,18,-2,13,3,-30,-19,15,5,6,14,1,0,2,-4,-10,0,-2,0,1,-2,3,-1,-3,0,33,4,-1,-3,-1,-34,-12,0,3,34,-1,0,-25,0,-24,-6,1,12,4,-27,-11,-8,-8,2,5,1,-28,-9,-10,-24],"closes":[0,5,27,-1,-25,7,-4,63,-1,-1,-3,0,2,21,5,-30,32,0,-6,-1,-7,-9,0,-5,10,0,0,3,-4,2,-1,-2,-6,4,1,0,-4,-1,24,-1,0,-1,3,-1,-20,10,1,0,0,0,0,0,0,7,-3,16,6,29,-12,-9,5,40,-4,3,4,18,12,-3,2,3,7,-1,2,7,1,11,6,-1,6,-1,-4,4,-4,-32,-20,-8,-8,2,21,-2,-9,-1,-43,-5,0,5,-1,4,1,-37,7,5,-6,15,40,1,-32,-7,7,-3,-8,-2,9,3,-1,12,-3,-1,-3,28,6,15,11,15,8,6,22,-20,-31,-2,9,5,12,0,1,4,-4,-4,-10,-1,-2,0,7,-5,3,0,-5,26,10,14,-15,-4,1,-34,-11,0,34,6,-7,1,-24,-2,-24,1,7,6,-1,-29,-11,-7,-7,6,0,4,-31,-9,1,-32],"volumes":[6.75,3.0,6.0,3.75,2.0,9.0,52.0,28.75,5.75,11.0,14.25,4.5,1.0,15.89,7.07,52.54,17.15,3.0,3.75,3.75,5.0,17.35,13.1,11.25,4.5,8.0,3.5,5.0,3.0,4.0,2.5,9.34,32.44,42.0,4.0,6.0,9.0,10.0,22.0,2.0,11.0,17.0,11.0,20.0,60.35,57.0,66.0,33.0,77.0,53.0,97.92,37.0,35.0,33.0,69.5,58.0,50.77,16.5,63.0,134.74,101.24,42.75,41.25,45.5,51.32,78.0,53.69,58.35,18.5,28.71,21.7,19.98,4.12,37.04,20.44,59.57,12.86,21.37,17.0,16.0,9.6,3.37,27.56,66.58,18.94,19.11,70.78,17.0,36.75,8.0,9.0,5.75,55.35,22.0,25.0,11.0,23.75,12.0,9.0,67.5,11.0,4.0,13.0,19.0,48.12,26.0,38.72,29.0,28.27,11.0,19.0,4.0,11.0,14.1,9.3,32.48,22.68,21.68,13.07,54.59,69.37,69.79,35.92,53.47,30.01,81.44,59.7,43.61,109.15,82.82,55.5,49.0,37.0,29.0,23.0,17.0,56.0,8.0,15.5,13.5,10.0,2.0,46.5,38.08,42.87,57.0,54.12,49.5,84.0,104.12,54.75,32.0,8.0,96.36,61.0,48.0,31.98,60.92,52.84,20.37,75.42,51.81,82.71,63.79,59.09,106.58,40.4,83.88,64.83,49.11,68.69,34.15,47.44,25.96,60.01,57.51,53.31,111.58]}