{"timestamp":1436659200000,"multiplier":1.0E-5,"open":0.94131,"high":0.94159,"low":0.9413,"close":0.94159,"shift":60000,"times":[1260,1,1,1,1,1,1,1,1,1,1,1,1,1,1,1,1,1,1,1,1,1,1,1,1,1,1,1,1,1,1,1,1,1,1,1,1,1,1,1,1,1,1,1,1,1,1,1,1,1,1,1,1,1,1,1,1,1,1,1,1,1,1,1,1,1,1,1,1,1,1,1,1,1,1,1,1,1,1,1,1,1,1,1,1,1,1,1,1,1,1,1,1,1,1,1,1,1,1,1,1,1,1,1,1,1,1,1,1,1,1,1,1,1,1,1,1,1,1,1,1,1,1,1,1,1,1,1,1,1,1,1,1,1,1,1,1,1,1,1,1,1,1,1,1,1,1,1,1,1,1,1,1,1,1,1,1,1,1,1,1,1,1,1,1,1,1,1,1,1,1,1,1,1,1,1,1,1,1,1],"opens":[0,28,0,34,-4,-29,6,13,65,0,-16,-19,0,0,10,10,7,3,45,-20,-11,1,5,-15,-31,-12,13,0,-19,-2,1,5,-5,0,-1,1,0,-1,0,0,31,-5,-1,1,5,0,-30,20,0,-1,5,0,1,0,0,10,-5,14,5,30,-9,-10,5,41,-13,7,16,23,12,0,18,-15,9,0,0,8,2,10,12,9,-1,0,0,0,-4,-33,-36,-4,-7,1,20,-5,-14,0,-32,-1,-4,0,-1,5,-4,-35,5,7,-3,26,43,1,-39,0,3,-14,-3,3,10,-4,5,11,-1,5,-10,30,4,13,8,6,15,4,11,-36,-34,26,17,6,6,-2,-3,10,-5,-4,-1,-5,4,-10,2,8,-1,-4,2,-1,22,8,-21,-15,1,-1,-34,5,5,34,4,-8,0,-15,0,-22,5,5,6,0,-30,-12,-1,-11,7,0,5,-39,-13,9],"highs":[0,0,34,0,-4,-23,72,12,-6,9,-17,-14,-13,5,15,7,53,-2,-3,-20,-11,11,-5,15,-61,1,4,-4,10,-30,6,-1,-5,20,-20,0,0,0,-1,31,0,-5,0,5,0,0,-10,0,0,4,1,0,0,0,9,10,6,35,-6,0,-4,14,20,-3,9,19,12,11,16,-4,5,-10,0,5,5,5,5,33,-8,-5,0,0,0,4,-9,-32,-16,0,-31,20,0,-5,-14,0,-32,0,-5,10,-5,0,-5,-30,10,4,16,49,-2,-2,-36,0,-1,-13,0,12,-1,-1,18,-3,0,0,20,33,-16,14,10,9,1,10,0,-32,-12,21,6,2,0,4,1,5,-5,-9,-1,-5,4,-4,10,0,-7,-1,3,20,10,-1,-19,-20,0,4,-29,5,30,10,-6,-9,5,-15,-5,-14,2,6,3,-3,-30,-8,-5,-1,-3,5,0,-39,-3,-1],"lows":[0,29,0,34,-34,1,-1,20,65,-23,-12,0,0,0,10,9,5,6,27,-18,5,1,-10,-31,-13,1,12,-18,-2,0,1,0,0,-6,5,1,-1,-4,4,-4,30,-1,0,-21,26,-29,0,20,0,-1,5,-25,26,0,0,1,4,14,-2,2,-34,49,-5,39,0,3,19,24,9,-5,8,3,7,2,-9,17,-8,20,3,17,0,0,-2,-2,-33,-36,-4,-7,-1,-3,20,-14,-2,-43,0,-3,5,5,0,0,-44,9,6,4,-9,35,41,-36,-11,11,-11,-4,0,4,5,1,4,10,0,-10,1,34,5,12,4,11,5,9,-21,-34,-6,32,11,4,14,-3,-3,2,2,-10,-3,0,0,0,2,-2,5,-2,-3,0,28,-34,4,-3,0,-29,-4,3,10,31,-1,0,-21,2,-18,-6,2,15,2,-26,-11,-9,-7,3,6,1,-34,-13,-12,-23],"closes":[0,0,34,0,-33,6,-4,82,0,-16,-19,0,0,5,15,7,1,50,-21,-12,-1,6,-15,-31,-13,14,-1,-18,-2,1,6,-6,0,-1,1,0,-1,0,0,31,-5,-1,1,5,0,-30,20,0,0,4,0,1,0,0,9,-8,14,9,29,-4,-14,5,41,-11,6,10,34,6,0,7,-4,10,0,0,7,3,9,11,10,0,0,0,-3,-2,-32,-37,-4,-7,1,19,-4,-14,-2,-31,1,-5,-1,1,5,-1,-39,5,10,-5,25,43,2,-40,-1,4,-13,-5,5,9,-4,4,15,-4,4,-10,30,6,12,7,7,15,4,11,-36,-35,27,13,9,7,-1,-3,8,1,-6,-4,-4,-1,-5,5,5,-6,1,1,-6,24,10,-25,-10,1,0,-35,10,-1,36,5,-11,0,-10,-4,-21,0,9,6,0,-30,-11,-2,-11,6,1,4,-38,-13,9,-39],"volumes":[6.0,1.5,6.0,1.5,4.25,4.0,33.0,26.0,36.0,42.0,23.5,14.0,8.0,4.0,20.5,17.0,97.5,32.5,4.5,7.0,1.0,4.0,11.0,32.25,17.5,6.0,9.0,5.5,8.62,10.0,13.0,10.0,7.0,18.0,8.0,14.0,6.0,21.0,35.0,29.0,8.0,8.0,21.0,13.0,13.0,19.0,14.0,17.0,13.0,38.0,13.0,35.0,13.0,14.0,4.0,14.5,18.0,11.0,14.5,13.47,146.61,102.0,63.31,37.87,35.37,54.86,66.86,58.09,54.09,43.71,41.34,31.13,28.77,23.91,58.25,20.8,60.93,19.98,49.09,26.88,34.72,23.52,26.14,53.19,61.1,35.35,33.68,74.53,30.02,47.13,29.51,40.01,21.43,67.17,52.55,52.53,29.64,53.53,26.02,26.64,92.15,39.16,48.58,33.24,39.38,50.98,67.14,74.55,40.8,27.0,22.66,38.6,9.35,36.02,24.54,25.53,46.09,25.67,52.64,56.76,58.96,122.81,90.33,57.12,100.99,20.0,58.71,90.25,95.69,154.49,107.5,58.33,77.12,39.95,7.74,27.97,26.72,55.0,22.24,20.22,19.49,16.09,51.05,2.0,11.37,26.36,8.12,53.14,31.85,18.74,117.18,104.32,51.58,15.87,20.99,68.62,54.5,23.0,43.47,44.55,44.61,7.74,53.37,34.5,51.5,42.0,21.62,15.75,31.5,81.61,24.37,45.62,47.5,38.5,9.0,13.0,48.0,20.0,45.5,70.0]}