{"timestamp":1437264000000,"multiplier":1.0E-5,"open":1.55871,"high":1.55871,"low":1.55871,"close":1.55871,"shift":60000,"times":[1264,1,1,1,1,1,2,1,1,1,1,1,1,1,1,1,1,1,1,1,1,1,1,1,1,1,1,1,1,1,1,1,1,1,1,1,1,1,1,1,1,1,1,1,1,1,1,1,1,1,1,1,1,1,1,1,1,1,1,1,1,1,1,1,1,1,1,1,1,1,1,1,1,1,1,1,1,1,1,1,1,1,1,1,1,1,1,1,1,1,1,1,1,1,1,1,1,1,1,1,1,1,1,1,1,1,1,1,1,1,1,1,1,1,1,1,1,1,1,1,1,1,1,1,1,1,1,1,1,1,1,1,1,1,1,1,1,1,1,1,1,1,1,1,1,1,1,1,1,1,1,1,1,1,1,1,1,1,1,1,1,1,1,1,1,1,1,1,1,1,1,1,1,1,1],"opens":[0,1,45,64,-3,11,-70,94,1,17,3,-20,-1,7,9,-6,0,0,-1,1,0,0,-59,2,-1,13,-8,-11,6,30,5,0,1,0,26,8,4,4,4,-2,-1,4,2,-108,65,-16,5,1,3,8,7,0,-1,0,3,4,-22,-2,7,2,-6,2,12,1,11,17,12,13,-1,0,-1,10,15,-2,9,0,0,-15,1,0,-2,2,0,0,1,1,-2,1,1,-2,-19,-20,19,-4,-26,1,1,-11,-4,0,-12,0,-1,-11,6,0,19,7,8,1,19,-3,-2,-1,0,2,14,14,4,-2,0,5,-1,-16,-14,-1,-2,2,0,-1,-1,1,-1,1,0,-3,1,2,-1,1,14,1,4,2,-1,3,-5,-3,2,0,-1,4,-10,-3,-30,-4,4,0,2,-1,0,-1,0,1,-11,-2,-6,-12,-2,0,-6,-10,1,3,30],"highs":[0,47,73,-9,3,4,-60,85,0,21,-1,-19,5,0,20,-15,-1,-1,-1,1,1,-1,-49,-7,12,-1,-8,-3,25,8,0,0,1,31,1,8,2,4,0,-1,2,4,-1,-20,-24,-9,-2,1,12,5,1,0,-1,1,3,3,-17,0,6,-1,-5,6,4,15,15,27,-2,34,-36,0,10,17,2,2,15,-14,-1,-15,3,-2,1,-1,0,3,-2,1,6,-7,1,-2,-19,-2,1,-4,-24,0,0,-8,-7,0,-9,1,-4,-4,0,19,5,19,-9,32,-14,-2,-3,-1,0,27,3,4,0,-2,5,1,-2,-12,-18,0,-2,2,0,0,-1,0,0,1,-2,-2,2,1,2,11,2,3,2,1,3,-2,-5,-1,3,-2,12,-10,-8,-4,-31,12,-8,-3,1,0,-1,0,-1,1,-11,0,-8,-12,-1,0,-7,-7,0,32,16],"lows":[0,1,45,51,10,-48,-13,95,-1,20,-16,-1,-1,6,-8,12,0,0,-1,0,1,-65,6,2,-1,12,-19,-7,13,31,4,1,0,1,26,7,5,3,2,0,0,3,-120,15,49,-1,6,1,3,5,10,-1,0,0,-3,-14,-5,4,7,-4,1,-1,14,1,11,18,12,5,7,-3,2,10,-11,24,3,6,-18,3,0,-1,0,1,1,0,1,0,-1,1,-1,-19,-18,-2,2,-12,-2,1,-16,2,1,-13,1,-2,-10,-4,10,0,18,8,8,1,16,-2,-1,0,0,2,14,13,3,0,-5,8,-15,-17,1,-2,1,0,0,0,0,0,0,0,-1,-1,0,1,1,1,12,0,1,6,-8,6,-2,0,1,1,-1,-7,-2,-30,-13,9,3,0,2,0,0,-1,-1,-9,-2,-6,-12,-1,-2,-7,-8,-1,2,2,30],"closes":[0,47,60,4,3,-55,-12,95,-2,23,-19,-1,5,0,6,0,-1,-1,-1,0,2,-64,5,1,13,-2,-19,9,25,8,-1,1,0,28,5,7,2,4,-2,2,2,3,-110,66,-15,6,-2,1,11,6,1,0,-1,0,3,-18,-1,5,5,-9,4,4,7,11,19,11,13,-1,0,-3,12,12,-1,11,2,-2,-14,-1,0,-1,2,-1,1,0,1,0,0,0,-1,-19,-18,16,1,-27,-2,-1,-11,-2,0,-11,-1,0,-10,5,0,17,8,7,1,18,-1,-2,-1,0,0,15,15,4,-1,-1,5,-1,-16,-14,-1,-2,1,2,-2,0,0,1,-1,0,-2,-1,3,-1,3,12,2,3,2,-1,3,-6,-2,2,3,-3,3,-10,-3,-30,-5,4,1,1,1,-1,0,0,-2,-9,-2,-5,-13,-1,-1,-7,-9,1,2,31,16],"volumes":[7.5,15.73,39.61,4.38,2.55,3.47,18.9,8.25,3.0,5.25,6.75,2.25,2.25,1.5,21.5,13.75,8.5,3.75,7.5,11.25,6.25,54.25,19.5,8.0,6.0,3.5,11.0,17.5,15.0,6.5,3.5,2.5,2.5,20.25,9.25,11.5,18.5,46.25,22.0,9.0,3.5,5.0,55.66,43.0,5.0,9.0,1.0,1.0,12.39,21.57,1.0,5.3,2.0,5.15,22.6,57.3,27.72,42.0,27.75,19.25,7.0,18.95,8.0,17.0,28.0,72.64,34.37,50.57,82.17,48.23,39.51,20.37,34.98,14.5,63.96,4.37,25.46,2.57,12.42,22.2,41.81,2.32,3.3,6.0,1.0,3.0,10.87,1.0,2.0,12.37,22.62,7.62,26.62,65.82,15.0,4.0,50.6,34.0,1.0,11.0,5.0,8.5,22.0,17.0,12.17,14.1,8.12,38.63,7.52,20.71,4.1,7.45,6.1,2.64,3.97,49.5,30.25,25.37,12.0,2.0,23.54,49.29,37.7,33.85,14.0,18.1,38.0,22.0,13.0,32.0,24.0,18.0,13.0,23.0,23.0,5.0,8.0,17.0,15.75,11.49,39.09,16.8,17.0,30.14,37.29,20.16,37.48,22.86,35.61,17.5,40.0,83.41,67.82,82.57,60.35,81.06,19.96,41.36,17.85,7.57,9.87,8.3,11.61,66.56,10.42,26.16,55.66,8.12,24.65,40.8,20.58,30.14,17.84,112.31,56.91]}