{"timestamp":1437264000000,"multiplier":1.0E-5,"open":0.96072,"high":0.96076,"low":0.96062,"close":0.96076,"shift":60000,"times":[1260,1,1,1,2,1,1,1,1,1,1,1,2,1,1,1,1,1,1,1,1,1,1,1,1,1,2,1,1,2,1,1,2,1,1,1,1,1,1,1,1,1,1,1,1,1,1,2,1,1,1,1,1,1,1,1,1,1,1,1,1,1,1,1,1,1,1,1,1,1,1,1,1,1,1,1,1,1,1,1,1,1,1,1,1,1,1,1,1,1,1,1,1,1,1,1,1,1,1,1,1,1,1,1,1,1,1,1,1,1,1,1,1,1,1,1,1,1,2,2,1,1,2,1,1,1,1,1,1,1,1,1,1,1,1,1,1,1,1,1,1,1,1,1,1,1,1,1,1,1,1,1,1,1,1,1,1,1,1,1,1,1,1,1,1,1,1,1,1,1,1],"opens":[0,3,-3,7,-10,45,8,-1,25,-36,7,-1,25,-24,3,-2,0,1,0,-1,1,0,0,0,0,2,5,11,6,-4,-4,0,2,0,0,1,5,-1,1,0,0,-1,0,-3,-4,-1,1,0,-3,-8,-3,-9,0,5,9,54,28,8,-6,8,-4,-6,-7,-9,-77,-15,-12,-12,-1,-4,1,0,-6,13,3,-3,2,-1,9,-11,-1,2,2,-7,2,-2,-6,1,5,-3,2,5,1,3,-2,-4,-1,2,1,-1,-1,3,9,2,-14,-2,-2,1,1,0,-2,0,0,3,2,-1,0,4,1,-1,3,-3,0,-1,-9,4,0,13,2,0,-3,21,-12,-2,0,2,4,19,1,4,9,0,0,4,-1,0,2,1,-1,-4,27,-2,-2,12,-9,-7,1,-1,0,3,4,7,18,4,11,-3,9,1,56,2,-35],"highs":[0,0,-4,7,35,7,6,-3,34,-39,-2,0,26,-26,3,-1,0,0,0,1,-1,1,-1,1,1,15,-1,8,0,-4,-3,-1,3,-1,0,7,-1,1,-1,0,0,0,-1,-3,-4,-1,1,0,-2,-9,-3,-9,0,11,68,17,24,-16,15,-10,-2,-5,-3,-18,-60,-33,-11,-13,-1,-4,1,0,2,9,0,1,-3,7,1,-11,1,1,1,-5,1,-3,-6,6,1,-4,6,1,2,3,-3,-4,0,2,0,-1,-1,12,2,0,-14,-2,-1,0,2,-1,-2,0,1,2,2,0,0,3,1,1,1,-3,0,-1,-5,0,15,3,-3,0,20,-2,-12,-2,2,0,25,-1,2,14,2,0,-1,0,0,1,0,3,-2,21,1,-2,-2,12,-9,-6,6,-7,2,6,10,15,14,6,1,3,-3,57,3,-2,-26],"lows":[0,11,-1,7,-10,45,8,-1,-11,-1,7,0,23,-23,4,-2,0,1,-1,0,1,-1,1,0,0,2,5,11,6,-8,0,0,2,-1,1,1,5,-3,3,-1,0,0,-1,-5,-3,1,0,0,-8,-3,-12,0,0,6,9,50,32,2,-9,-5,10,-10,-18,-60,-21,-22,-15,16,-3,-2,1,-5,-1,11,1,-1,2,-2,2,-3,1,1,-6,-1,1,-2,-2,1,2,0,2,5,-1,5,-5,-2,0,2,1,-1,-1,3,9,-15,3,-2,-2,0,2,0,-10,8,0,3,1,-2,2,4,1,-1,0,0,0,-10,0,4,0,9,4,-4,3,16,-9,0,0,2,4,19,1,4,7,1,1,3,-4,4,2,-1,-3,0,23,0,0,-4,0,0,0,0,0,0,7,4,19,5,10,-1,6,4,52,-32,2],"closes":[0,-3,-1,7,35,7,3,-3,-11,8,-2,1,24,-25,4,-1,0,0,0,1,-1,1,-1,1,1,15,-1,7,1,-7,0,-1,3,-2,1,5,1,1,-1,-1,0,1,-1,-5,-4,1,0,0,-8,-2,-13,0,1,11,58,27,7,-1,3,-3,-8,-10,-3,-75,-17,-14,-12,1,-3,-2,1,-5,7,7,-2,-2,2,9,-9,-2,2,1,-7,2,-1,-4,-2,6,-3,0,6,1,-1,6,-6,-2,0,3,0,-1,-1,12,2,-15,1,-2,-1,0,2,-1,-2,0,1,2,1,1,0,3,1,-1,0,0,0,-10,4,0,10,3,2,-5,23,-1,-13,0,2,0,24,-1,2,10,0,3,3,0,0,1,0,1,-4,25,-2,-1,0,3,-7,1,-1,0,2,4,7,20,2,14,-4,8,0,57,0,-34,10],"volumes":[4.08,1.48,1.85,0.75,5.36,6.6,6.85,5.73,19.69,6.98,2.24,6.73,3.75,4.11,1.0,4.49,2.62,1.5,4.12,7.74,1.12,4.49,2.87,2.62,7.74,15.46,2.24,5.85,1.12,7.97,2.12,2.49,2.24,2.24,1.12,5.48,1.12,5.36,1.12,2.12,2.74,3.36,3.24,6.98,3.24,1.12,2.12,2.37,8.72,5.48,9.59,2.12,3.86,9.35,38.95,25.37,12.54,5.72,47.99,96.11,34.61,78.25,81.37,56.51,91.48,46.38,53.56,1.5,2.62,4.37,1.37,7.99,11.61,21.92,13.49,8.83,4.0,17.99,16.6,9.59,2.0,4.12,22.44,33.45,40.84,3.87,3.74,5.48,4.61,1.37,5.48,1.37,7.35,6.98,2.74,24.9,7.47,4.99,1.37,1.37,1.5,13.49,9.59,21.94,1.37,1.37,9.59,7.73,5.61,1.37,20.45,2.25,4.11,1.37,4.11,10.59,4.11,1.0,1.0,5.24,5.49,1.12,1.37,11.6,20.43,4.48,21.7,28.29,6.0,19.81,17.25,12.0,4.24,1.0,7.0,3.0,15.62,4.36,4.24,29.48,28.82,19.5,11.95,4.0,15.5,9.75,1.0,19.39,20.32,39.33,68.62,8.0,1.0,22.05,9.07,5.36,10.98,3.36,2.37,14.98,24.87,28.37,50.12,22.0,14.86,20.98,19.5,65.44,32.82,52.78,22.36]}