{"timestamp":1436659200000,"multiplier":1.0E-5,"open":0.94133,"high":0.94133,"low":0.94124,"close":0.9413,"shift":60000,"times":[1260,2,1,2,1,1,1,1,1,1,1,1,1,1,1,1,1,1,1,1,1,1,1,1,1,1,1,1,1,1,1,1,1,1,1,1,1,1,1,1,1,1,1,1,1,1,1,1,1,1,1,1,1,1,1,1,1,1,1,1,1,1,1,1,1,1,1,1,1,1,1,1,1,1,1,1,1,1,1,1,1,1,1,1,1,1,1,1,1,1,1,1,1,1,1,1,1,1,1,1,1,1,1,1,1,1,1,1,1,1,1,1,1,1,1,1,1,2,1,1,1,1,1,1,1,1,1,1,1,1,1,1,1,1,1,1,1,1,1,1,1,1,3,1,1,1,1,1,1,1,1,1,1,1,1,1,1,1,1,1,1,1,1,1,1,1,2,1,1,1,1,1,1,1],"opens":[0,-5,0,-90,0,30,-8,-8,17,0,1,8,-1,0,-13,-16,-3,15,-2,4,-41,-37,-1,1,0,39,6,-8,6,6,-3,-25,-4,1,-5,10,35,-6,-21,-10,-4,-8,1,0,-1,1,0,-1,1,43,-37,10,37,-4,-50,0,-100,-79,-15,182,0,0,-18,24,21,3,0,-7,-4,0,-1,3,15,-3,75,12,0,-26,-5,0,0,-27,-20,14,0,22,-9,17,3,-12,2,9,-2,-6,8,-1,-11,1,10,4,-10,0,-4,0,-13,0,8,1,-8,0,1,-2,-1,11,-5,8,0,12,2,2,8,-11,-1,-2,-14,-6,0,7,2,1,1,-9,7,1,-10,2,-1,0,2,-1,-2,8,-7,0,1,-4,-12,-30,-17,9,5,0,-6,0,0,4,-4,6,4,4,3,-3,-2,3,-6,7,2,8,-4,2,-9,0,-1,1],"highs":[0,-5,0,-63,5,10,12,-21,-2,2,0,7,0,-1,-13,-16,12,4,-2,0,-41,-37,1,0,44,7,0,-8,18,-10,6,-31,-8,0,5,34,3,-9,-20,-5,-10,-7,5,-5,39,-39,0,0,45,1,-30,36,3,-6,-36,-2,-112,-67,180,-24,0,16,-10,21,2,15,-15,3,-6,-8,7,18,-8,81,54,-51,0,-26,-5,0,0,-25,-8,1,31,-10,15,-1,16,-19,3,-2,-2,3,0,0,-3,1,2,0,-6,8,-16,0,1,-6,6,-3,-10,0,2,-2,9,0,4,1,5,9,3,4,1,-11,-1,-2,-13,1,6,3,-8,2,0,-3,1,1,-7,-1,-1,7,-5,-1,6,0,-7,1,0,-4,-8,-34,3,5,-11,5,-11,0,9,-5,-4,15,9,-9,5,-6,1,0,8,-6,7,2,-2,0,-9,0,-1,3],"lows":[0,4,-91,1,0,10,-15,19,17,0,1,6,1,-18,-10,-3,-1,13,0,-53,-21,-2,1,1,0,9,29,-1,-10,21,-37,5,1,-1,-4,11,35,-28,-9,-15,3,0,0,0,0,1,0,-1,-3,10,0,10,34,-56,-4,-92,-83,-13,3,181,1,-22,-1,0,49,0,-8,5,-5,1,-1,2,16,-5,67,21,-24,-7,1,0,-29,-18,0,14,0,7,1,22,-9,-7,6,4,-11,3,13,-15,5,-5,15,-4,0,-3,-1,-13,-1,1,7,-6,0,0,-5,4,-1,2,4,7,1,11,2,2,-2,-6,2,-9,-12,1,1,7,2,0,-7,0,6,-16,8,0,0,1,-2,3,-2,4,-3,0,-3,-21,-24,-22,6,11,-2,-1,2,0,0,0,-1,3,3,7,0,0,0,-4,1,7,2,3,1,-8,0,0,0,0],"closes":[0,-2,-86,23,5,-7,-15,21,0,2,0,5,2,-18,-11,-3,14,0,2,-41,-37,0,1,-1,40,10,-12,5,6,0,-24,-8,2,-3,8,34,2,-28,-11,-11,0,-1,1,0,0,0,0,0,45,-39,10,36,0,-55,1,-99,-79,-18,185,0,0,-16,22,22,-1,2,-5,2,-7,0,2,14,1,73,9,1,-24,-7,1,0,-25,-22,14,1,8,4,6,14,-12,2,9,-7,-7,11,3,-18,7,12,-2,-6,0,-3,-1,-13,-1,8,0,-6,0,0,-3,2,10,-7,9,2,6,7,2,7,-10,-3,0,-10,-10,0,8,2,-1,2,-9,6,0,-8,3,-2,-1,2,-2,2,6,-4,-3,1,-4,-13,-29,-17,9,8,-10,0,1,0,4,-4,0,5,8,2,-1,-2,3,-6,14,-6,4,3,-1,-9,0,0,0,0],"volumes":[4.87,0.37,4.1,6.99,10.47,22.07,33.91,10.71,1.12,4.36,3.61,3.36,2.49,11.21,15.94,3.36,5.62,20.25,11.5,18.5,22.83,8.96,11.72,14.47,25.37,34.75,18.0,17.0,46.25,24.5,23.36,6.0,3.0,9.0,11.61,18.0,4.0,11.75,10.5,22.94,7.49,8.86,12.24,16.24,36.22,3.5,19.0,2.0,7.12,11.0,17.0,9.0,21.0,50.0,44.5,51.47,20.68,7.45,36.87,26.89,17.62,19.56,45.27,139.65,19.88,17.74,35.0,31.0,16.67,2.37,12.74,18.02,2.3,50.31,104.13,3.49,12.35,8.32,1.52,1.52,30.83,36.54,10.89,2.12,7.08,13.34,18.19,17.4,30.54,12.11,14.66,23.59,45.63,24.34,15.7,40.91,24.2,25.95,17.28,14.59,10.11,22.6,4.11,24.22,36.72,21.73,23.35,30.82,1.37,1.0,13.72,8.74,6.88,16.96,17.22,13.36,15.36,31.7,32.35,13.48,10.24,6.61,5.23,9.48,24.75,15.75,15.0,22.0,1.0,8.24,11.97,10.35,11.72,23.58,11.97,13.83,17.95,8.23,24.34,1.37,10.48,3.99,2.49,7.73,3.86,25.82,66.84,97.84,26.99,36.43,19.38,48.03,4.87,1.87,30.33,5.74,13.5,28.92,22.36,21.19,20.58,11.33,10.49,13.75,32.47,7.48,17.58,5.99,5.0,23.07,3.24,3.24,1.37,14.21]}