{"timestamp":1436054400000,"multiplier":0.001,"open":1173.599,"high":1173.62,"low":1172.229,"close":1172.729,"shift":60000,"times":[1322,1,1,1,1,1,1,1,1,1,1,1,1,1,1,1,1,1,1,1,1,1,1,1,1,1,1,1,1,1,1,1,1,1,1,1,1,1,1,1,1,1,1,1,1,1,1,1,1,1,1,1,1,1,1,1,1,1,1,1,1,1,1,1,1,1,1,1,1,1,1,1,1,1,1,1,1,1,1,1,1,1,1,1,1,1,1,1,1,1,1,1,1,1,1,1,1,1,1,1,1,1,1,1,1,1,1,1,1,1,1,1,1,1,1,1,1,1],"opens":[0,-859,-961,481,769,281,219,251,60,450,39,-410,-10,-1340,190,-160,-210,31,-21,-19,19,0,410,-320,-129,420,70,299,-359,150,59,-199,210,290,-20,150,-40,0,-111,471,158,41,290,-100,250,91,-300,199,0,1,-101,101,-101,1,-1,201,-200,200,-100,-100,-200,-550,300,-200,0,-100,199,100,-200,-200,501,100,299,-300,322,-322,-477,-192,-230,-1,-180,-199,-248,-572,121,0,-99,177,1010,-87,199,-299,-1,1,-101,0,289,190,0,-179,-522,291,131,301,-101,-121,-501,-27,49,101,199,79,0,0,200,-1,-100,11],"highs":[0,-570,-751,1181,390,-210,239,21,389,71,199,-499,-170,-1170,150,-211,-109,10,70,-140,79,370,-120,-279,359,20,220,-10,-189,279,-239,240,59,101,229,-10,-40,21,309,180,11,160,-21,160,481,-200,-300,200,0,-100,-100,0,100,-100,99,1,0,0,0,-200,-200,-250,0,-200,100,100,0,0,-200,300,400,0,0,-78,199,-399,-500,-173,-77,-100,-172,-200,-278,-501,1,-1,201,907,-19,212,-101,-299,50,-50,-101,401,177,-99,22,-201,-232,132,401,-100,0,-222,-479,1,100,199,151,-53,-19,200,0,0,-60,159],"lows":[0,-820,-200,1000,250,590,399,201,150,90,-109,-129,-1330,-322,519,-149,-51,-99,70,-10,-39,18,-110,-69,70,590,90,-80,31,140,-151,0,-50,260,41,279,-20,-300,220,530,-8,228,-19,189,240,-280,100,100,100,-299,199,-61,-39,0,100,-100,100,-100,0,-100,-598,-52,100,0,0,0,200,-100,-247,47,501,100,-111,110,22,-499,-223,-310,110,-300,-160,-218,-522,-200,200,-128,100,228,822,78,-100,-77,0,-200,177,22,278,100,-178,-422,-200,322,278,22,78,-500,-100,22,100,78,173,47,80,0,200,-200,0,100],"closes":[0,-1010,410,870,300,231,250,49,451,19,-519,119,-1340,181,-131,-69,-121,-50,10,31,-11,330,-239,-121,410,61,310,-370,159,61,-201,210,290,-9,139,-40,-100,0,460,159,51,281,-71,230,81,-301,201,0,-1,-100,100,-100,0,1,199,-200,200,-100,-100,-200,-550,301,-201,0,-100,201,100,-201,-199,500,99,300,-299,222,-201,-499,-203,-220,72,-262,-110,-327,-573,122,0,-99,178,1019,-97,199,-299,-1,1,-101,0,288,190,0,-178,-522,290,132,301,-101,-122,-499,-28,49,101,199,78,0,0,200,1,-100,9,-9],"volumes":[0.020995,0.05001,0.04181,0.04334,0.04292,0.03985,0.02862,0.04118,0.03789,0.03691,0.04042,0.02457,0.03549,0.0639,0.02727,0.02602,0.02143,0.02364,0.03708,0.02178,0.01669,0.02214,0.02222,0.01596,0.02394,0.01719,0.026,0.01499,0.02024,0.0242,0.02051,0.02748,0.02579,0.03195,0.02748,0.03374,0.02226,0.03224,0.03536,0.0359,0.02238,0.02978,0.02701,0.03208,0.02758,0.02488,0.0198,0.01835,0.01628,0.01857,0.01257,0.01567,0.01395,0.01562,0.0143,0.01518,0.01606,0.01367,0.01137,0.01344,0.01675,0.01612,0.01254,0.00951,0.00771,0.01405,0.01396,0.0097,0.01627,0.02191,0.0183,0.0121,0.01727,0.0135,0.02246,0.01954,0.02447,0.01612,0.02338,0.02023,0.01693,0.02409,0.02156,0.02219,0.01776,0.01561,0.01447,0.02852,0.01947,0.01607,0.02478,0.01206,0.01746,0.01161,0.01145,0.02892,0.01528,0.01078,0.02251,0.0425,0.02217,0.01448,0.01102,0.01057,0.01357,0.01568,0.01262,0.01102,0.01495,0.01634,0.02062,0.01589,0.011,0.00948,0.00946,0.01373,0.01188,0.01428]}