{"timestamp":1458432000000,"multiplier":1.0E-5,"open":0.98727,"high":0.98727,"low":0.98727,"close":0.98727,"shift":60000,"times":[1264,3,1,1,1,1,1,1,1,1,1,1,1,1,1,1,1,1,1,1,1,1,1,1,1,1,2,1,1,1,1,1,1,1,1,1,1,1,1,1,1,1,1,1,1,1,1,1,1,1,1,1,1,1,1,1,1,1,1,1,1,1,1,1,1,1,1,1,1,1,1,1,1,1,1,1,1,1,1,1,1,1,1,1,1,1,1,1,1,1,1,1,1,1,1,1,1,1,1,1,1,1,1,1,1,1,1,1,1,1,1,1,1,1,1,1,1,1,1,1,1,1,1,1,1,1,1,1,1,1,1,1,1,1,1,1,1,1,1,1,1,1,1,1,1,1,1,1,1,1,1,1,1,1,1,1,1,1,1,1,1,1,1,1,1,1,1,1,1,1,1,1,1],"opens":[0,38,45,35,-10,0,1,0,0,37,0,2,0,9,6,-2,0,0,42,0,-8,1,11,26,4,-5,9,-4,-1,16,-16,0,1,0,-83,17,10,1,-10,-1,1,-1,0,4,3,38,-9,-1,-20,-15,-5,6,-14,13,10,-12,-27,26,42,15,7,15,-25,4,15,-28,-1,-6,1,5,-5,-17,36,0,-15,32,7,9,-13,11,-8,-2,-13,-7,0,5,-15,15,-15,-15,-1,5,1,-1,38,8,0,-10,-20,-6,1,-16,-4,-1,-5,1,72,-14,-22,24,0,-15,-1,-4,5,-1,-2,7,1,-11,1,10,21,10,1,3,10,5,-2,-5,-10,-10,14,16,-4,5,-4,26,4,-15,19,-10,12,-11,-4,-5,-5,-10,-16,13,-1,6,12,-2,6,-9,20,10,1,-1,15,0,11,10,-6,-5,-1,15,-15,-4,-10,9,-10],"highs":[0,73,35,10,-10,1,0,0,38,0,1,4,4,1,6,-2,0,40,4,17,-26,11,25,15,-10,-5,9,-4,15,0,-2,-13,10,-10,-61,5,1,0,-10,0,0,2,3,1,38,1,-10,0,-21,5,-9,-10,-1,31,-20,-13,16,37,1,10,23,-9,-20,15,0,-20,-10,3,2,-2,-8,29,0,1,11,13,2,-4,5,-4,5,-7,-8,-1,-7,-6,-4,0,-10,-20,5,1,-1,40,6,-1,0,-10,-20,-5,0,-15,-5,0,-4,79,-1,-19,3,2,0,-10,-5,4,-4,-5,5,4,-4,0,-1,22,11,5,7,4,4,4,-8,4,-15,8,10,2,0,0,23,4,-4,8,18,-26,6,-11,-2,13,-16,-5,-17,7,-1,14,13,18,-15,1,16,-11,2,13,2,11,8,4,0,-10,7,13,-20,-10,0,4,-9],"lows":[0,38,43,32,-5,0,1,-1,1,37,0,1,0,10,0,3,1,0,42,-8,0,0,12,26,-11,5,-1,10,0,0,0,0,0,-65,-20,20,10,-14,4,0,-13,13,0,1,0,34,0,-20,-15,-5,0,0,-10,15,-14,-9,-6,23,39,13,4,-13,-4,17,-10,-5,-4,4,0,-5,-20,9,36,-28,7,29,13,-4,0,1,-1,-13,-14,6,-3,-8,2,4,-16,0,0,5,0,0,38,3,-6,-25,0,-5,-20,6,-1,-14,-10,19,59,-18,-5,20,-9,-2,-25,16,0,-1,5,5,-10,-1,6,6,24,6,-11,7,9,9,-5,1,-20,6,12,9,7,-7,7,25,-15,2,11,0,2,-8,2,-4,-13,-15,-6,15,-1,9,3,7,-10,5,22,-4,8,2,14,4,9,7,-11,-10,13,2,-15,-4,4,0,-5],"closes":[0,70,38,5,-5,0,1,-1,39,0,1,-1,9,1,0,4,0,40,2,-8,1,11,20,20,-20,0,10,-1,16,-12,-4,1,0,-65,-1,10,1,-10,-1,1,-1,0,6,-5,44,-9,-1,-20,-15,-5,6,-6,5,11,-12,-22,29,22,18,9,21,-36,16,15,-20,-11,-4,7,-3,-5,-17,47,-10,-21,38,9,7,-15,8,-8,3,-12,-9,1,5,-21,21,-15,-15,-1,6,0,0,36,8,1,-10,-21,-4,-1,-20,1,-1,-5,0,74,-13,-20,23,-3,-10,-6,-14,14,1,-4,8,0,-10,1,7,24,10,1,7,9,0,-1,-4,-8,-10,12,15,-1,1,-3,31,-6,-13,24,-12,5,-1,-11,2,-4,-13,-15,12,-3,8,12,-4,8,-14,26,9,0,0,15,-1,14,6,-4,-5,0,12,-13,-4,-10,10,-11,-5],"volumes":[1.0,9.49,11.74,2.0,1.75,8.25,2.0,11.12,3.87,4.0,3.0,7.0,3.75,1.0,2.0,3.0,1.0,8.74,4.0,32.73,5.0,22.87,12.5,4.0,15.5,4.0,13.0,4.0,17.0,80.5,34.0,36.0,20.0,27.0,84.0,128.0,73.0,125.0,161.0,43.0,20.0,81.7,44.58,56.36,127.75,118.0,14.0,26.0,19.0,28.0,16.0,10.0,18.0,34.56,24.55,17.13,23.47,144.76,62.5,42.87,98.24,63.12,32.75,80.23,75.86,57.98,36.74,72.25,108.5,247.45,106.88,39.0,8.0,107.74,103.18,46.0,159.25,63.75,74.74,37.0,57.75,88.75,72.25,67.5,63.74,30.11,29.75,44.59,49.33,5.49,18.24,16.0,22.0,47.61,19.72,10.49,19.22,22.99,50.62,21.75,27.49,15.12,65.0,117.25,101.92,204.15,37.25,40.25,38.24,71.12,131.86,134.02,143.14,152.0,165.0,164.0,160.5,121.0,95.0,114.5,88.5,88.25,42.0,50.48,129.61,138.58,120.36,98.19,120.56,135.0,103.15,177.18,155.51,127.17,56.46,134.94,45.24,51.24,66.86,123.83,148.57,56.37,44.5,12.37,13.23,79.2,77.82,137.81,67.87,72.83,76.84,69.72,100.24,145.82,96.29,97.45,110.48,72.0,74.95,29.86,55.02,112.69,43.86,36.86,99.58,66.73,35.7,85.25,66.1,43.49,35.0,54.62,69.57]}