{"timestamp":1459036800000,"multiplier":1.0E-5,"open":1.11615,"high":1.11615,"low":1.11615,"close":1.11615,"shift":60000,"times":[1260,1,1,1,1,1,1,1,1,4,1,1,1,2,1,1,1,1,1,1,1,2,3,1,1,1,1,1,1,1,1,1,1,1,1,1,1,1,1,1,1,1,1,1,1,1,1,1,1,1,1,1,1,1,1,1,1,1,1,1,1,1,1,1,1,1,1,1,1,1,1,1,1,1,1,1,1,1,1,1,1,1,2,1,1,1,1,1,1,1,1,1,1,1,1,1,1,1,1,1,1,1,1,1,1,1,1,1,1,1,1,1,1,1,1,1,1,1,1,1,1,1,1,1,1,1,1,1,1,1,1,1,1,1,1,1,1,1,1,1,1,1,1,1,1,1,1,1,1,1,1,1,1,1,1,1,1,1,1,1,1,1,1,1,1,1,1,1,1,1,1,1],"opens":[0,0,0,-13,0,0,4,4,5,-2,0,1,0,10,0,0,0,3,-2,-1,0,0,0,0,7,2,1,-1,0,4,-1,2,-11,-5,0,-9,12,-2,8,7,-24,2,1,5,-12,-5,3,-4,25,-7,8,-6,13,-3,1,-3,-8,-2,0,23,-19,1,-2,2,-2,4,3,-3,0,5,-11,1,5,10,-4,-6,0,-20,-4,9,-5,1,-1,5,-10,-1,-10,5,12,-11,9,2,27,10,0,-20,0,-8,3,-1,1,-9,2,3,-5,-5,-1,-12,0,2,-1,5,-2,4,10,1,4,-21,-5,4,-7,-2,1,-5,-1,6,11,0,3,0,-7,-11,-1,9,0,0,0,0,15,-3,-1,0,3,-1,-2,-16,-4,-7,-11,10,3,-4,1,-4,0,-1,-8,-1,18,-2,-1,-5,-2,-5,0,5,-3,0,-5,7,1,7],"highs":[0,0,0,-13,0,2,6,5,0,-2,0,1,10,0,0,0,2,2,-1,-3,0,0,0,14,-5,2,-1,-1,7,-3,4,-3,-8,-8,3,23,-22,9,18,-15,-19,-1,4,20,-32,3,1,18,-3,6,-5,2,5,1,-3,-3,-8,-1,42,-9,-24,-1,0,-2,0,10,-6,12,-4,-7,-10,4,17,-6,-4,-6,0,-20,8,-1,-7,2,13,-10,0,-10,-2,9,1,0,3,22,15,-5,0,-18,-2,-4,-1,0,0,-9,7,-1,-6,-1,-5,-11,1,0,4,0,2,10,2,3,0,-17,-3,-2,-4,-4,1,-5,-2,19,-2,0,4,0,-8,-7,2,3,0,0,0,14,0,-3,2,0,0,-1,-2,-16,-4,-5,2,-2,1,-5,1,0,-4,0,-9,17,1,2,-6,-5,3,-8,4,4,-7,0,7,-4,7,-1],"lows":[0,0,-12,-1,0,0,4,3,4,0,0,1,0,10,0,0,-1,2,-2,1,0,0,0,0,7,2,1,-2,-3,4,3,-4,-10,0,0,-17,13,5,7,-18,2,2,-1,-6,-4,0,-3,1,19,-3,4,-5,13,-16,4,3,0,-3,1,2,0,1,0,-5,-1,12,-5,-7,11,-6,0,1,6,0,-1,1,-25,-5,0,10,-5,6,-1,-5,-5,-10,2,7,-1,1,8,3,28,6,-20,3,-5,-17,15,-1,-4,-1,2,-2,-5,-1,-15,0,-5,9,0,1,-5,9,11,1,-16,-5,0,-3,-2,0,-6,1,-5,10,12,0,3,-7,-12,1,-22,30,0,0,-24,24,12,-1,0,0,0,0,-17,-3,-8,-11,1,10,-1,0,-5,2,-2,-7,-3,2,16,-2,-4,-2,-5,-3,3,1,-2,-2,-1,7,2,2],"closes":[0,0,-12,-1,0,2,5,5,-1,0,0,1,10,0,0,0,-1,2,-2,1,0,0,0,14,-5,1,0,-1,3,-1,1,-4,-10,0,2,0,0,7,7,-23,2,-1,5,-12,-3,6,-10,30,-10,6,-3,7,0,3,-4,-9,0,0,30,-30,8,-5,3,-5,4,4,-2,2,2,-10,1,-1,16,-5,-5,0,-22,-4,11,-5,-5,6,7,-13,-2,-8,3,14,-14,12,-3,31,10,-3,-17,0,-6,2,-1,-1,-6,-2,6,-6,-3,-3,-13,0,3,0,3,-3,6,10,1,3,-19,-6,0,-2,-3,1,-6,2,-2,18,-1,0,3,-7,-12,5,2,3,0,0,-5,19,-3,0,0,2,-3,0,-17,-3,-8,-9,9,3,-4,0,-3,0,0,-9,-1,17,-1,-2,-4,-2,-4,1,2,-3,2,-5,6,2,6,-5],"volumes":[0.48,0.24,1.23,0.75,2.19,7.32,12.0,7.0,2.5,1.37,1.37,1.75,2.75,1.25,1.19,2.44,9.33,7.14,13.65,5.95,3.57,2.38,4.76,5.14,4.76,3.57,1.19,3.57,17.16,70.5,6.76,38.2,11.88,1.25,10.26,51.07,40.5,31.25,33.75,34.25,36.0,36.0,51.0,54.44,41.0,23.57,24.07,44.05,25.25,33.14,29.5,19.19,1.65,69.62,12.9,70.06,10.73,49.27,117.1,87.43,195.06,242.98,69.82,51.49,85.4,73.77,47.6,85.91,65.2,47.46,97.81,33.85,111.54,10.49,13.68,5.62,25.18,22.61,62.33,45.92,17.26,12.55,48.45,30.75,52.85,89.82,90.24,84.2,74.89,22.97,32.93,83.5,149.99,42.73,48.45,26.78,30.99,99.28,119.86,47.76,34.96,5.69,18.87,33.04,21.62,21.48,46.0,50.37,49.94,22.63,45.55,29.0,163.99,61.86,46.63,63.95,136.15,23.36,52.94,26.86,27.77,7.11,22.2,35.78,45.47,55.85,8.24,15.66,49.92,69.28,27.6,104.62,123.52,57.79,56.06,110.94,135.05,44.2,18.96,108.74,107.84,68.58,58.24,5.0,25.64,28.89,37.72,102.59,134.76,28.65,23.2,2.62,20.0,48.85,30.21,65.64,76.84,59.23,39.76,37.48,26.02,42.44,41.89,34.78,28.91,56.46,91.57,58.83,77.45,12.87,57.46,43.6]}