{"timestamp":1593302400000,"multiplier":1.0E-5,"open":0.68566,"high":0.68566,"low":0.68566,"close":0.68566,"shift":60000,"times":[1263,1,1,1,1,1,1,1,1,1,1,3,1,1,2,1,1,1,1,1,1,1,3,1,1,1,1,1,1,1,1,1,1,1,1,1,1,1,1,1,1,1,2,1,1,1,1,1,1,1,1,1,1,1,1,1,1,1,1,1,1,1,1,1,1,1,1,1,1,1,1,1,1,1,1,1,1,1,1,1,1,1,1,1,1,1,1,1,1,1,1,1,1,1,1,1,1,1,1,1,1,1,1,1,1,1,1,1,1,1,1,1,1,1,1,1,1,1,1,1,1,1,1,1,1,1,1,1,1,1,1,1,1,1,1,1,1,1,1,1,1,1,1,1,1,1,1,1,1,1,1,1,1,1,1,1,1,1,1,1,1,1,1,1,1,1,1,1,1,1,1],"opens":[0,4,-5,1,4,-5,0,-2,17,16,12,-7,-1,0,1,-1,0,0,1,-1,1,-1,1,-1,1,-7,-41,1,0,0,0,-1,1,0,3,0,-3,1,1,0,-1,0,0,1,0,-10,-1,1,0,-51,-9,7,8,-26,12,19,-12,-22,16,22,-7,6,-12,0,5,10,-3,20,10,-15,-2,-7,18,-5,9,1,20,-3,4,-2,-3,4,10,-9,3,-1,6,-3,-7,9,4,-1,0,1,-2,4,-2,-1,2,-6,-7,9,26,-8,-6,0,-1,6,3,-6,0,2,7,1,-1,-11,0,4,5,-11,-7,1,0,-11,18,6,-7,0,-3,-7,0,1,-3,-5,0,-2,2,-1,0,2,-12,-19,9,-1,7,6,6,8,4,30,10,0,31,-1,-14,2,15,-15,-4,19,2,7,7,-14,-12,-4,-1,2,0,-13,-19],"highs":[0,17,-4,-13,13,-1,-12,-2,33,-1,12,-7,-1,1,10,-11,1,0,0,-1,1,0,0,0,0,-7,-40,0,0,0,0,0,0,4,-1,1,2,-1,-3,1,-2,1,1,-1,0,-9,-1,1,-1,-47,34,15,-44,-6,11,-1,-14,4,9,3,8,-8,-1,-6,12,1,13,10,0,-12,-2,8,0,15,-1,11,2,-5,11,-7,-4,13,1,-5,4,1,-2,-3,-5,13,5,-6,6,-7,1,3,-4,7,-5,-7,-4,38,-1,-11,-6,-2,5,4,-1,0,-1,5,1,3,-5,-2,0,3,-3,-10,-7,8,-8,8,12,-2,0,-12,-3,-4,-2,9,-12,-2,-2,2,7,-2,-7,0,-12,-10,6,2,13,-2,11,8,20,21,-7,29,1,1,-11,12,6,-20,13,5,11,2,-2,-8,-14,-5,6,-8,0,-13,-17],"lows":[0,-1,0,1,-1,0,0,-2,17,16,5,0,-1,0,0,0,0,0,-7,7,0,0,0,0,0,-47,0,0,1,-1,1,-1,1,0,3,-3,0,1,1,0,-1,0,0,1,-14,-1,3,0,-53,-39,34,2,-30,17,12,1,-19,3,16,12,3,-5,-1,0,5,4,3,16,0,-4,-10,4,12,0,8,3,11,5,1,-1,-5,7,6,-11,10,-1,4,-7,0,9,3,0,-2,1,-8,10,0,-1,-1,-10,0,9,21,-10,-2,1,1,3,-1,0,1,-3,5,6,-12,1,1,4,-5,-20,10,2,-11,1,18,-1,0,-7,-10,7,0,-8,-2,1,0,0,1,0,0,-16,-13,0,7,-1,9,3,1,16,4,29,1,10,29,-13,0,0,-2,-3,3,19,2,1,0,-16,-3,0,1,0,-12,-16,-12],"closes":[0,0,-1,1,-1,1,0,-3,34,-1,5,0,-1,1,0,-1,1,0,0,-1,0,1,-1,1,-1,-47,1,-1,1,-1,1,0,0,1,2,-3,0,2,0,0,-1,1,1,-1,-10,-3,1,1,-49,-22,18,10,-31,16,20,-14,-21,17,18,-6,8,-11,0,2,12,-3,20,9,-13,-3,-10,21,-6,11,1,19,-3,-1,1,-1,-3,16,-5,-2,2,7,-5,-7,2,11,-1,0,0,0,2,-1,0,1,-3,-9,2,33,-6,-8,-3,1,4,6,-7,-1,1,10,-3,3,-12,0,2,10,-12,-8,-1,1,-11,19,9,-9,-2,-1,-14,6,0,-1,-7,-1,-1,1,0,0,2,-12,-16,5,0,7,5,8,8,3,28,10,2,31,-1,-14,1,15,-16,-1,18,0,7,11,-14,-16,-2,0,1,-1,-13,-16,-3],"volumes":[2.25,5.25,5.83,4.5,6.75,8.25,6.0,4.36,6.0,2.0,4.0,6.0,7.25,7.0,11.0,2.0,4.0,2.0,5.0,2.0,4.0,7.0,2.0,7.0,2.0,11.0,5.1,3.0,6.0,2.0,2.0,2.0,1.0,9.12,8.22,7.93,18.91,4.62,1.12,4.62,1.12,3.37,3.25,2.24,14.25,16.56,13.0,33.0,52.24,112.54,15.8,84.17,61.89,32.59,43.4,17.27,24.56,27.38,19.69,7.69,12.75,8.0,22.75,16.69,13.0,18.5,19.5,20.75,20.44,17.99,24.37,21.75,28.94,69.39,44.19,107.21,19.94,6.25,31.5,12.0,11.25,50.07,31.82,27.0,24.75,18.25,20.75,55.75,28.89,34.39,42.25,7.19,47.97,23.32,21.94,12.19,1.0,12.25,18.68,12.5,17.19,44.07,65.23,46.13,18.94,3.75,17.03,34.25,19.25,21.0,28.5,61.09,71.32,32.51,43.6,33.33,32.76,26.81,54.03,75.87,38.89,27.0,29.94,43.92,15.88,50.08,54.03,22.27,34.68,15.56,7.75,60.89,44.37,41.56,21.43,39.15,58.6,28.57,8.19,22.53,53.19,29.68,41.08,65.56,67.52,67.57,100.91,47.98,41.85,57.93,60.04,96.02,10.87,59.16,52.88,34.38,74.72,73.95,25.5,25.94,53.38,26.12,31.82,112.63,67.87,25.38,38.35,22.3,21.87,48.81,78.73]}