{"timestamp":1592697600000,"multiplier":1.0E-5,"open":0.68098,"high":0.68099,"low":0.68097,"close":0.68098,"shift":60000,"times":[1260,1,1,1,1,1,1,1,1,1,1,1,1,1,1,1,1,1,1,1,1,1,1,1,1,1,2,1,1,1,1,1,1,1,1,1,1,1,1,1,1,1,1,1,1,1,1,1,1,1,1,1,1,1,1,1,1,1,1,1,1,1,1,1,1,1,1,1,1,1,1,1,1,1,1,1,1,1,1,1,1,1,1,1,1,1,1,1,1,1,1,1,1,1,1,1,1,1,1,1,1,1,1,1,1,1,1,1,1,1,1,1,1,1,1,1,1,1,1,1,1,1,1,1,1,1,1,1,1,1,1,1,1,1,1,1,1,1,1,1,1,1,1,1,1,1,1,1,1,1,1,1,1,1,1,1,1,1,1,1,1,1,1,1,1,1,1,1,1,1,1,1,1,1,1,1,1,1,1],"opens":[0,0,5,15,1,9,1,16,52,4,4,0,-1,-1,-1,0,2,0,4,-6,9,-2,1,-2,2,2,0,-3,-10,1,-1,1,0,1,-1,-1,-1,1,-1,0,2,-1,-11,-7,-2,0,-6,26,-19,-8,-3,-7,7,1,-2,2,0,-2,5,15,22,-26,24,46,-16,-16,-9,-78,-8,36,15,-14,-15,9,-4,5,20,6,17,19,-3,-7,-3,13,-14,10,3,-6,10,2,1,22,-2,19,-15,35,-1,17,-17,10,4,-11,10,1,-12,-9,-12,-9,-11,-11,-29,11,13,3,3,37,-9,6,-15,-9,11,4,14,-16,-1,-6,4,-20,24,6,-28,-10,-20,-10,-10,-16,4,22,-29,-10,-1,-8,0,35,-12,-17,-6,-4,0,1,-9,41,-3,-7,9,-7,22,6,0,4,16,0,-19,4,16,21,-12,5,5,-8,-13,-9,27,-11,5,10,-11,-5,-26],"highs":[0,-1,20,7,1,3,16,0,60,5,-5,0,-1,0,-2,2,0,4,0,3,0,-2,1,0,6,-4,5,-2,-14,-1,-1,1,2,-1,-1,-1,0,4,-4,3,-2,-1,-11,-2,-7,0,23,-3,-19,-5,-6,5,-4,0,5,-1,-4,-1,37,3,1,4,49,-8,-7,-24,-11,-67,17,19,6,-24,-4,5,-1,21,1,24,9,7,-8,10,-2,-4,4,-6,6,-6,8,0,22,5,12,0,19,10,10,-4,-8,10,0,-5,5,-3,-14,-9,-10,-9,-13,-8,-22,14,5,17,33,-9,1,-7,-12,1,2,14,0,-13,-1,-4,0,9,0,3,-29,1,-20,-15,-18,0,10,0,-28,-2,-10,-3,34,-2,-11,-20,-2,-6,0,8,24,9,-8,-2,2,19,6,1,-7,25,-5,-1,-10,11,26,4,-14,5,2,5,-22,12,-2,-6,10,0,-11,-5,-17],"lows":[0,1,5,15,1,9,1,16,52,4,4,-1,-1,0,-2,-1,3,1,-2,0,9,-2,-4,0,5,2,-5,-4,-4,1,-1,0,-1,2,-1,0,-1,1,-1,0,1,-7,-19,5,1,-5,-1,10,-8,-3,-10,0,7,0,-1,2,0,-3,3,10,-3,3,28,15,0,-28,-63,-10,-20,61,-6,-27,19,5,-1,6,8,15,8,22,-4,-4,-5,6,1,3,-2,-1,18,-5,2,23,3,4,0,17,17,-1,-5,7,-12,2,19,-8,-9,-12,-10,-11,-11,-28,0,11,-2,13,7,30,-2,-8,-9,-7,17,5,-5,-1,-9,6,-17,-6,29,-19,-20,-10,-10,-15,-17,-1,9,-9,-17,9,-8,-11,11,18,-13,-13,1,1,-5,-5,4,31,0,0,0,2,22,6,-4,8,15,-25,1,10,16,8,0,-1,3,-12,-12,3,10,6,5,0,-6,-29,-5],"closes":[0,0,20,1,7,3,16,0,56,4,0,-1,-1,1,-3,3,0,4,-6,9,0,-2,-1,2,6,-4,5,-14,-2,-1,-1,0,3,-2,0,-1,0,4,-4,1,-1,-7,-19,9,-3,-5,28,-19,-8,0,-13,7,1,0,5,-1,-4,-3,29,12,-23,24,47,-19,-14,-10,-80,-6,35,16,-15,-11,7,-4,6,18,5,16,17,0,-5,-2,12,-17,12,3,-11,11,6,-1,25,-3,20,-16,35,-1,19,-17,7,3,-9,9,3,-13,-9,-12,-8,-12,-12,-25,6,15,-4,10,32,-2,4,-15,-9,11,0,18,-13,0,-12,6,-21,27,3,-26,-10,-19,-11,-12,-13,1,23,-29,-10,0,-9,-1,35,-11,-17,-10,0,0,0,-9,41,-3,-6,9,-7,20,6,2,0,20,0,-19,0,20,21,-11,3,4,-6,-13,-9,27,-17,8,13,-10,-6,-27,-6],"volumes":[6.5,3.0,11.25,8.25,6.75,6.56,6.03,2.05,40.44,34.75,9.0,11.0,6.75,2.0,7.0,8.5,7.5,5.49,3.12,5.62,2.5,7.87,4.12,3.12,3.25,1.5,8.75,11.0,3.0,1.0,1.0,2.0,8.25,2.0,7.0,2.0,4.0,2.25,5.0,7.0,9.5,5.25,21.49,5.0,2.5,8.49,17.87,13.75,5.0,3.25,12.69,11.81,8.5,6.0,11.62,3.0,3.0,7.5,8.82,88.41,105.67,81.45,48.06,63.71,31.65,128.06,315.7,170.31,87.32,83.93,70.25,77.61,61.05,74.38,54.4,66.75,97.99,59.94,92.06,37.75,41.49,91.75,90.37,54.62,119.43,42.75,58.88,35.0,17.5,28.38,56.38,36.25,86.51,78.19,67.3,93.82,90.71,64.31,43.11,118.28,105.68,79.23,74.81,55.68,64.58,50.48,72.82,80.11,72.37,137.62,36.44,49.43,113.28,99.16,218.0,70.25,92.61,41.87,93.27,37.26,42.62,38.93,42.19,24.69,66.82,19.74,65.32,94.31,40.24,107.07,99.82,94.33,99.18,119.31,65.64,103.01,54.56,127.32,94.56,19.19,45.36,60.69,89.76,47.82,41.87,61.93,34.93,17.0,58.82,42.15,118.12,99.52,36.99,29.06,38.53,40.51,49.04,36.07,40.46,89.43,21.26,73.42,48.86,50.36,73.26,75.19,27.57,59.2,25.43,91.15,98.71,48.81,26.75,15.95,19.75,48.32,32.69,58.99,99.28]}