{"timestamp":1592697600000,"multiplier":0.001,"open":5893.079,"high":5902.909,"low":5888.779,"close":5901.769,"shift":60000,"times":[1430,1,1,1,1,1,1,1,1,1],"opens":[0,8330,-7050,4640,970,-2660,-2180,-3110,-2740,-3090],"highs":[0,3170,-5560,1010,2410,-6530,100,-4750,-2890,180],"lows":[0,2170,2440,4550,-1810,-1130,-3200,-4070,-2010,-1820],"closes":[0,-7750,5040,410,-1700,-2610,-2670,-3650,-3120,2520],"volumes":[0.02248,0.02074,0.01196,0.00663,0.00721,0.00563,0.00585,0.00498,0.00535,0.01074]}