{"timestamp":1593302400000,"multiplier":1.0E-5,"open":1.23442,"high":1.23452,"low":1.23442,"close":1.23443,"shift":60000,"times":[1265,1,1,1,1,2,1,1,1,1,1,1,1,1,1,1,1,1,1,1,1,1,1,1,1,1,1,1,1,1,1,1,1,1,1,1,1,1,1,1,1,1,1,2,1,1,1,1,1,1,1,1,1,1,1,1,1,1,1,1,1,1,1,1,1,1,1,1,1,1,1,1,1,1,1,1,1,1,1,1,1,1,1,1,1,1,1,1,1,1,1,1,1,1,1,1,1,1,1,1,1,1,1,1,1,1,1,1,1,1,1,1,1,1,1,1,1,1,1,1,1,1,1,1,1,1,1,1,1,1,1,1,1,1,1,1,1,1,1,1,1,1,1,1,1,1,1,1,1,1,1,1,1,1,1,1,1,1,1,1,1,1,1,1,1,1,1,1,1,1,1,1,1],"opens":[0,7,-11,0,-93,93,-126,119,-3,-10,10,-12,8,6,2,0,11,-12,0,0,8,-14,3,-3,13,-27,13,-8,1,0,-97,82,3,-17,-20,2,-44,44,-28,23,-16,-6,27,-2,2,-27,26,-27,0,26,-11,2,-19,17,-37,-64,23,36,-7,-26,7,24,4,4,-21,5,11,3,2,12,29,-17,-9,-8,25,13,8,2,0,-4,10,-8,-2,-3,5,-1,-2,-2,7,-6,-7,9,7,6,5,11,3,-18,-5,0,14,3,-7,0,23,1,-13,-6,3,-3,17,0,-6,-1,-8,-17,11,-3,10,-1,2,-13,-8,-1,-4,-7,14,1,-4,0,-1,-14,7,2,5,-8,-20,-3,13,-1,2,-1,-7,-10,15,9,0,15,1,0,11,9,0,6,23,3,-12,-6,31,-22,-2,9,14,-1,5,-11,-5,3,-3,3,-3,-15,-10],"highs":[0,23,-36,0,-94,93,-8,52,-5,-16,-32,0,15,-14,2,0,11,-11,-1,12,-4,-13,12,-13,13,-7,-7,-7,5,-5,-15,14,-3,-3,-39,8,7,-16,-5,0,-16,20,1,-2,2,-3,2,-15,16,-2,-9,0,0,11,-50,-40,48,-13,-7,-19,27,1,9,-3,-13,9,2,1,10,30,4,-21,-9,18,11,12,-2,6,-4,6,0,-8,-3,4,-2,-1,0,8,-5,-6,2,15,-3,6,12,2,0,-18,-2,12,3,0,-7,23,1,-1,-13,1,-3,13,1,0,-7,-1,-8,-4,-1,2,4,2,-1,-13,-7,0,-5,4,7,-4,-2,4,-7,-5,1,8,-4,-8,-18,15,1,-1,-2,-2,-10,7,13,-4,14,0,5,7,14,-5,-1,30,3,-1,-11,26,-2,-20,7,11,7,1,-3,-10,0,-2,-1,0,-2,-16,-10],"lows":[0,-5,1,0,-93,-33,0,119,-13,-4,14,-12,8,6,2,0,11,-12,0,0,8,-29,18,-17,26,-26,13,-8,-6,-113,23,32,-3,2,13,-43,5,38,-22,23,-16,-6,20,5,1,-26,26,-28,1,16,-1,-17,0,-12,-75,3,23,27,-25,1,5,26,3,-17,1,3,12,-3,9,12,11,-2,-18,4,23,14,5,1,-1,1,0,-1,2,-4,5,-2,-1,-8,9,-9,1,9,7,5,6,10,-16,-8,5,-4,16,-3,-1,2,20,-11,-5,0,2,-1,16,-6,-2,-6,-18,1,9,-1,8,0,-10,-17,7,-3,-10,3,12,-2,-3,3,-15,1,4,4,-3,-20,-2,0,10,1,2,-14,-5,2,13,8,3,15,1,0,10,9,0,7,23,-9,-6,0,9,-9,7,9,11,0,-4,-7,2,-1,1,1,-15,-11,-16],"closes":[0,-5,1,0,-94,82,3,51,-63,10,1,0,15,-14,2,0,11,-11,-1,7,1,-29,28,-27,26,-10,-3,-7,5,-101,81,1,-16,-21,5,-45,45,-7,1,0,-16,20,0,-1,1,-2,2,-15,16,-12,1,-19,17,-29,-75,27,36,-8,-27,8,25,3,7,-24,3,13,4,2,10,28,-16,-1,-15,24,10,12,1,0,-5,10,-6,-4,2,4,-3,-2,-1,6,-5,-9,9,8,4,7,12,2,-19,-9,6,14,-3,-2,1,23,0,-14,-6,4,-2,16,1,-7,-2,-7,-15,9,-2,5,3,2,-11,-9,-3,-2,-11,15,1,0,-6,3,-15,9,1,3,-5,-20,-2,12,-3,3,0,-9,-11,14,12,0,15,0,1,10,12,-3,1,30,3,-13,-6,31,-22,-3,10,12,0,9,-14,-6,5,-4,3,-2,-15,-11,-8],"volumes":[2.59,3.33,1.48,0.74,0.12,2.23,3.75,11.69,7.49,11.12,9.5,4.0,3.5,1.0,10.75,3.25,1.0,2.25,2.5,5.25,1.0,7.5,3.25,4.12,2.5,4.5,3.36,12.2,13.37,25.33,51.61,27.91,17.84,22.49,577.0,167.25,39.61,5.0,2.5,1.0,3.75,8.75,8.75,1.0,2.0,6.75,1.0,5.94,3.5,2.0,4.5,20.5,7.32,55.1,103.18,50.82,43.1,30.28,27.58,4.08,35.04,27.75,27.35,56.9,63.82,66.67,77.82,84.91,22.5,86.45,69.43,15.0,50.73,17.69,40.22,35.92,61.0,35.74,25.12,29.44,70.56,43.7,3.75,40.78,10.75,29.39,24.88,40.38,21.56,32.02,34.38,58.07,16.5,52.69,28.5,13.69,39.75,25.0,15.69,26.5,18.5,29.25,43.5,65.0,17.75,18.25,7.25,20.0,25.25,23.0,14.0,88.09,17.94,82.83,67.26,71.56,58.63,66.14,39.08,74.57,55.7,106.77,18.5,24.63,31.88,35.44,31.76,74.52,55.08,33.62,55.08,30.87,17.81,35.55,48.37,73.58,53.35,75.84,48.74,53.69,19.5,62.14,68.7,68.19,61.25,52.7,38.24,14.45,26.52,28.09,35.71,10.76,19.8,64.11,2.0,11.2,13.33,52.84,25.0,35.0,22.19,8.0,48.5,14.0,11.5,28.99,52.35,40.73,69.11,33.98,92.83,69.51,117.87]}