{"timestamp":1592092800000,"multiplier":1.0E-5,"open":0.95359,"high":0.95359,"low":0.95351,"close":0.95351,"shift":60000,"times":[1260,1,1,1,1,1,1,1,1,1,1,1,1,1,1,1,1,1,1,1,1,1,1,1,1,1,2,4,1,1,1,1,1,1,1,1,1,1,1,1,1,1,1,1,1,1,1,1,1,2,1,1,1,1,1,1,1,1,1,1,1,1,1,1,1,1,1,1,1,1,1,1,1,1,1,1,1,1,1,1,1,1,1,1,1,1,1,1,1,1,1,1,1,1,1,1,1,1,1,1,1,1,1,1,1,1,1,1,1,1,1,1,1,1,1,1,1,1,1,1,1,1,1,1,1,1,1,1,1,1,1,1,1,1,1,1,1,1,1,1,1,1,1,1,1,1,1,1,1,1,1,1,1,1,1,1,1,1,1,1,1,1,1,1,1,1,1,1,1,1,1,1,1,1,1],"opens":[0,-12,1,-28,8,12,-3,16,-116,-115,8,60,-31,45,-17,-60,-14,-5,0,-31,0,0,0,0,40,0,2,0,48,-46,0,-6,147,-96,0,0,-51,0,50,0,-76,71,-58,0,3,140,-143,0,-12,-8,0,195,0,0,0,0,8,2,14,0,-4,19,-2,3,19,14,-26,-1,-2,-7,-8,8,-9,-15,6,-13,14,0,0,-2,2,-19,-8,-9,-10,-1,-16,0,8,-10,-7,-2,2,7,-7,9,0,1,7,0,-10,5,-3,-2,-20,-7,-8,16,6,0,0,1,-1,-14,1,12,-7,15,-7,-2,-2,4,6,1,-8,-9,-3,2,8,-10,-9,2,-8,-2,0,7,2,-6,-3,-2,-2,7,8,-2,3,-3,-4,-20,11,-11,-1,1,-3,-9,-1,-1,-4,-1,-10,12,-2,-1,0,-12,2,4,-9,6,0,-7,-1,-3,1,5,2],"highs":[0,-8,-1,-10,0,0,12,1,-113,-110,73,-13,12,7,-22,-60,-14,21,-26,-31,34,2,-36,40,0,0,2,0,48,-46,0,-6,147,-96,0,96,-147,147,-97,0,1,-6,85,-143,3,140,-143,0,-12,-8,194,1,0,0,0,9,6,14,-5,0,19,-4,6,13,22,-7,-26,2,-5,-4,-3,0,-9,-9,1,-1,2,6,-7,-1,2,-19,-9,-9,-1,-7,-12,0,1,-10,-6,-2,9,1,2,0,0,9,4,2,-12,2,-7,-2,-20,-5,1,8,7,-4,8,-7,-1,-12,15,-3,7,0,-4,-3,2,8,-2,0,-8,-7,1,5,0,-8,-8,-2,-9,-1,12,-4,0,-6,-2,1,2,6,1,2,-1,1,-8,-9,1,-12,0,6,-8,0,-8,1,-8,2,-1,-1,8,-9,-1,-6,-1,0,-2,1,-2,-7,0,1,4,7,-8],"lows":[0,-14,-9,-8,8,9,-1,-104,-155,45,-13,15,23,40,0,-60,-50,31,0,-31,0,0,0,0,40,0,2,0,48,-46,-6,0,0,51,0,0,-51,-1,51,-76,0,71,-58,0,0,0,0,0,-20,0,0,195,0,0,0,-25,29,6,10,-5,5,16,0,4,18,-8,-14,2,-7,-8,6,-1,-18,1,-1,-6,15,-3,-3,1,-10,-14,-6,-11,-8,-10,0,1,-1,-9,-10,9,0,1,1,2,6,3,-1,-1,-1,5,-5,-19,-17,-3,4,10,12,-1,1,-2,-18,6,-1,4,-2,11,0,-4,0,3,6,-6,-4,-8,0,4,-2,-16,6,-16,7,0,2,-1,2,-2,-2,-6,5,7,5,-1,-6,2,-23,2,2,0,0,-2,-11,2,-3,-6,-1,-8,-2,8,4,-3,-8,-18,12,0,-1,9,-9,-8,5,1,1,5,-4],"closes":[0,-6,-17,12,0,0,12,-113,-115,6,-21,34,59,-15,0,-60,-19,26,-26,-31,34,2,-36,40,0,0,2,0,48,-46,-6,0,0,51,0,0,-51,-1,51,-76,71,0,-58,0,0,0,0,0,-20,0,194,1,0,0,0,4,3,17,0,-3,21,-5,4,15,17,-23,-5,1,-9,-9,9,-9,-18,9,-9,9,0,0,-6,1,-10,-11,-4,-15,0,-16,-2,8,-8,-8,-2,0,9,-9,13,-3,2,7,1,-10,6,-1,-6,-18,-9,-8,10,9,5,-3,6,-5,-12,0,11,-6,12,-5,-2,-2,4,8,-3,-6,-4,-9,2,10,-10,-11,4,-9,-2,0,10,-3,-4,-4,2,-8,10,6,0,3,-8,1,-20,10,-10,-1,1,-2,-10,0,-2,-4,-1,-11,14,-3,1,-4,-9,1,4,-10,7,1,-8,-1,-3,4,1,3,-3],"volumes":[5.0,77.0,4.0,4.0,2.0,13.25,18.25,14.05,22.2,12.97,14.09,4.19,14.66,5.71,0.48,4.25,5.6,1.6,0.8,0.75,3.9,4.0,0.75,1.58,0.8,1.6,0.75,0.8,0.19,0.75,2.35,0.75,3.1,0.19,0.24,3.21,0.75,6.3,0.24,13.89,7.93,0.24,2.18,1.0,2.0,2.36,9.45,6.65,2.4,0.8,4.0,0.75,0.8,0.75,3.2,95.86,22.5,72.12,15.86,6.14,23.18,44.57,167.05,60.1,62.0,32.66,32.86,37.55,24.24,42.62,36.36,86.24,37.8,11.06,34.89,33.81,17.25,25.98,16.04,15.87,43.75,64.69,83.61,56.46,94.62,128.16,35.55,57.85,41.67,54.48,92.25,35.56,86.82,39.71,50.92,48.25,27.26,24.44,36.81,72.18,13.07,23.25,10.0,63.48,62.49,110.24,32.38,19.44,10.0,8.0,9.0,13.0,41.25,12.62,45.61,104.95,57.95,132.71,263.73,277.92,75.0,111.3,47.48,71.48,210.49,68.91,54.11,53.85,39.36,58.92,13.5,59.46,39.85,26.43,32.99,55.8,28.37,19.0,26.49,29.06,17.0,21.0,25.0,25.0,21.0,65.5,53.82,39.0,52.0,13.0,47.0,67.46,50.42,33.08,39.48,113.55,77.81,66.55,37.05,74.01,68.14,90.48,81.33,85.0,48.96,45.31,31.54,54.21,48.99,32.5,49.01,56.14,39.08,39.51,24.21]}