{"timestamp":1592092800000,"multiplier":0.001,"open":1730.258,"high":1735.258,"low":1729.668,"close":1730.148,"shift":60000,"times":[1320,1,1,1,1,1,1,1,1,1,1,1,1,1,1,1,1,1,1,1,1,1,1,1,1,1,1,1,1,1,1,1,1,1,1,1,1,1,1,1,1,1,1,1,1,1,1,1,1,1,1,1,1,1,1,1,1,1,1,1,1,1,1,1,1,1,1,1,1,1,1,1,1,1,1,1,1,1,1,1,1,1,1,1,1,1,1,1,1,1,1,1,1,1,1,1,1,1,1,1,1,1,1,1,1,1,1,1,1,1,1,1,1,1,1,1,1,1,1,1],"opens":[0,-110,-1570,350,470,1310,-433,420,140,-717,-210,280,470,180,-143,-300,-410,-137,237,400,530,-130,573,200,160,420,20,280,-70,230,-90,-410,400,-410,210,-390,57,10,-280,220,-70,-370,-350,370,-40,490,-220,-260,540,60,-220,-290,-500,30,-480,-180,140,-120,-37,-100,-270,-210,-210,300,50,230,170,-150,630,60,140,507,-160,-330,-260,310,-340,60,290,240,290,-30,-170,-170,120,-10,100,170,600,-180,170,-170,-110,140,990,-30,-360,-7,497,-237,-200,150,40,100,-390,-470,-170,600,170,-63,-417,-350,-40,0,107,263,-320,50,-153,-47],"highs":[0,-4900,-1390,400,1510,-63,-117,297,-160,-687,230,550,-60,227,-297,-230,-490,460,-103,580,120,490,103,200,440,-60,440,-200,200,80,70,200,-240,-480,120,-243,-80,-10,130,-40,-190,-330,-40,220,250,-120,-100,170,460,-120,-360,-400,-480,-30,-390,-120,80,10,-237,40,-220,-290,-40,70,310,170,-40,620,10,0,527,0,-70,-450,80,-30,-240,210,420,280,40,-200,-170,50,-70,70,160,760,-57,77,-190,-160,20,990,20,-30,-367,497,10,-167,0,-100,140,240,-670,-443,360,380,90,250,-807,-470,130,-140,440,-170,-270,0,17,483],"lows":[0,-1240,-940,930,600,667,530,400,-1200,163,270,290,410,80,-220,-600,-60,20,267,420,360,30,523,260,190,180,170,-60,250,60,-220,-130,37,-130,-90,-20,-20,-80,-10,120,-300,-330,-150,440,-120,350,-420,220,500,-250,-230,-430,-270,-230,-120,-140,140,10,-297,-150,-400,-150,40,320,110,240,40,-40,610,-60,340,137,-130,-400,130,-60,50,10,250,260,250,-390,130,0,10,100,-80,320,300,100,-100,10,-70,220,640,-57,-320,350,327,-447,180,150,-10,-300,-553,-357,280,480,-20,-200,-210,-210,50,57,110,-117,7,-67,-150,120],"closes":[0,-1570,300,400,1430,-353,343,257,-837,-290,360,520,130,-83,-347,-423,-237,297,390,580,-140,583,210,260,340,-10,280,-20,180,-90,-410,400,-450,-123,-140,180,10,-310,270,-90,-370,-330,350,-40,490,-220,-260,540,100,-260,-340,-450,30,-490,-130,80,-100,170,-367,-110,-310,-180,270,50,230,70,50,400,210,120,507,-160,-340,-200,290,-320,10,250,230,340,-30,-170,-170,110,0,70,200,600,-180,210,-210,-80,80,1020,-10,-387,-150,647,-170,-317,200,0,90,-390,-370,-190,537,133,7,-497,-210,-100,0,100,330,-380,50,-100,-100,700],"volumes":[0.10459,0.05821,0.06783,0.02849,0.05661,0.06808,0.01813,0.02257,0.03737,0.0333,0.02627,0.02331,0.01443,0.02442,0.01554,0.02183,0.01628,0.02738,0.01443,0.01813,0.01517,0.03034,0.02812,0.02368,0.03256,0.01739,0.01887,0.01887,0.01665,0.02553,0.02072,0.02582,0.02442,0.01332,0.02294,0.02146,0.01665,0.01961,0.0185,0.00814,0.01776,0.01147,0.01761,0.02405,0.01887,0.01628,0.02775,0.01443,0.0148,0.02331,0.03811,0.01961,0.03626,0.02442,0.0222,0.0148,0.02331,0.01628,0.01591,0.01998,0.02553,0.0256,0.01887,0.01909,0.01887,0.01924,0.00614,0.03048,0.01369,0.01591,0.0185,0.01443,0.01813,0.01702,0.01258,0.01443,0.01036,0.0074,0.02405,0.0296,0.0148,0.01887,0.00777,0.0111,0.00777,0.00407,0.00851,0.03034,0.01036,0.0148,0.01887,0.00703,0.00703,0.01443,0.02368,0.01221,0.0148,0.01221,0.00259,0.01887,0.0185,0.00222,0.01036,0.02442,0.02183,0.03256,0.02294,0.04033,0.06031,0.06179,0.0185,0.02553,0.01998,0.00888,0.01406,0.02109,0.0148,0.00962,0.01776,0.01702]}