{"timestamp":1181520000000,"multiplier":1.0E-5,"open":0.84007,"high":0.84017,"low":0.84007,"close":0.84007,"shift":60000,"times":[0,1,1,1,1,1,2,3,1,1,1,9,2,2,5,13,4,3,3,1,1,1,1,1,1,3,4,1,3,1,1,2,1,1,1,1,1,1,3,1,2,2,1,1,1,1,1,1,1,2,1,1,1,2,3,1,1,1,1,1,2,1,1,1,1,1,1,1,1,1,1,1,1,1,1,1,1,1,1,1,1,1,1,1,1,1,1,1,1,1,1,1,2,1,1,1,1,1,1,1,1,1,1,1,1,1,1,1,1,1,1,1,1,1,1,1,1,1,1,1,1,1,1,1,1,1,1,2,1,1,1,2,1,5,1,1,1,1,1,1,1,1,1,1,1,1,1,1,1,1,1,1,1,1,1,1,1,1,1,1,1,1,1,1,1,1,1,1,1,1,1,1,1,1,1,1,1,1,1,1,1,1,1,1,1,1,3,1,1,1,1,1,1,1,1,1,1,1,1,1,1,1,1,1,1,1,1,1,1,1,1,1,1,1,1,1,1,1,1,1,1,1,1,1,1,1,1,1,1,1,1,1,1,1,1,1,1,1,1,1,1,1,1,1,1,1,1,1,4,1,1,2,1,1,1,1,1,1,1,1,1,1,1,1,1,1,1,1,1,1,1,1,1,1,2,1,1,1,1,1,1,1,1,1,1,1,2,1,2,1,1,2,1,1,2,1,1,1,1,1,1,1,1,1,1,1,1,1,1,1,2,2,3,1,1,1,1,1,2,1,1,1,1,1,1,1,1,1,2,1,3,1,1,3,2,1,2,1,1,1,1,1,1,1,1,1,1,1,2,1,1,1,1,1,1,1,1,1,1,1,1,1,1,3,1,1,1,1,2,3,1,1,1,1,1,1,2,1,1,3,1,1,2,2,2,1,1,1,1,2,1,1,1,1,1,1,2,1,1,1,1,1,1,1,1,1,1,2,1,2,1,2,1,1,1,1,1,1,2,1,2,1,1,4,1,1,1,1,3,1,1,1,1,1,1,1,1,1,1,1,1,1,1,1,2,1,1,1,5,4,1,1,1,1,1,3,2,1,1,1,1,1,1,1,1,1,1,1,1,1,2,1,1,1,1,1,1,2,1,1,1,1,1,1,1,1,1,1,1,1,1,1,1,1,1,1,1,1,1,1,1,1,1,1,1,1,1,1,1,1,2,1,5,1,1,1,1,1,1,1,1,1,1,1,1,1,1,1,1,1,1,1,1,1,1,1,2,1,1,1,2,1,1,1,1,1,1,1,1,1,1,1,1,1,1,1,1,1,1,1,1,1,1,1,1,1,1,3,1,1,1,1,1,1,2,1,1,1,2,1,1,2,1,1,1,1,2,1,1,1,1,1,1,1,1,1,1,1,1,1,2,1,1,1,1,4,2,2,1,1,2,1,1,1,2,1,5,1,4,1,2,1,1,1,1,1,1,1,1,1,1,1,2,1,2,1,1,1,2,1,1,1,1,2,1,1,3,1,2,1,1,1,1,1,1,1,1,4,1,2,2,1,1,2,1,2,7,2,1,1,2,1,2,3,1,1,1,1,1,1,1,2,2,5,1,1,3,2,2,1,1,1,1,1,1,2,1,1,1,1,2,1,1,2,1,2,1,1,1,1,1,1,1,2,2,1,3,1,2,5,1,7,1,1,1,2,2,3,1,3,1,3,1,1,1,2,2,4,1,3,1,1,1,1,1,1,1,1,1,1,1,1,1,1,2,1,1,1,1,1,1,1,2,4,1,1,1,1,1,1,2,2,3,1,1,2,1,1,2,1,1,1,1,2,1,1,1,2,1,1,1,1,1,1,2,1,2,1,4,1,1,1,1,1,1,3,7,2,1,1,1,3,2,1,1,2,1,1,1,1,2,1,3,1,1,4,1,8,2,1,3,1,1,4,7,2,1,3,1,1,1,4,1,1,1,1,1,6,1,2,2,5,1,1,1,4,1,4,1,1,1,1,1,2,1,1,6,1,4,1,1,2,2,1,1,2,1,1,7,2,3,1,2,1,1,1,2,3,2,1,1,1,1,2,1,1,1,1,1,1,1,1,1,2,1,1,1,1,2,1,1,1,1,2,1,1,1,1,1,1,1,1,2,1,1,1,1,1,1,1,1,2,1,1,1,1,1,1,1,1,2,3,1,1,1,1,1,1,1,1,1,1,1,3,8,1,2,1,1,1,5,2,1,1,1,1,1,1,2,3,1,2,4,1,4,1,1,1,1,1,1,4,1,1,2,1,1,1,3,2,1,1,1,1,1,1,1,1,2,2,1,1,1,3,3,4,1,1,5,1,4,1,1,1,1,1,1,1,1,1,1,1,1,1,1,1,1,2,1,2,1,3,2,2,1,6,1,3,1,2,4,2],"opens":[0,10,10,-20,10,0,10,-10,20,0,20,10,10,-10,20,40,-10,-10,0,10,0,-10,30,-20,10,0,-10,-10,20,10,-10,20,20,-10,0,0,20,-20,20,-10,-10,10,0,-20,-10,10,0,-20,30,-10,-10,10,-10,-10,20,0,0,0,-10,0,-20,0,-10,-20,-10,-20,10,-10,30,0,-30,10,20,10,-20,20,0,0,30,30,-10,-10,10,-20,0,20,-10,10,10,-10,0,-30,30,20,0,-10,0,-10,-30,-10,0,-10,10,-10,-40,20,0,0,30,40,20,10,0,-20,30,-10,0,10,20,-10,-10,10,-20,-10,-10,10,0,-10,30,30,-10,0,-20,10,0,0,10,10,20,20,-10,20,-20,20,-10,0,-10,10,-10,-10,0,-20,10,-20,-10,-10,-10,10,-10,80,0,-10,10,20,-10,10,10,30,30,-10,0,10,-10,-10,0,-10,-20,-20,10,0,-30,10,-20,0,10,40,0,10,10,-10,10,20,-10,30,10,10,0,10,20,20,0,10,-10,-20,0,-30,-10,-10,30,-20,-10,-20,-10,10,20,10,0,10,-10,-10,20,-10,0,10,0,-10,-20,0,-20,0,10,10,-20,0,-10,-10,20,-10,20,10,10,0,0,10,-20,0,20,10,-30,10,10,0,-20,20,-10,-30,10,0,-10,0,-10,0,10,0,20,10,10,0,10,0,-20,0,0,-10,10,0,10,-20,20,0,0,20,-20,0,-20,10,10,0,-10,0,-10,20,-10,20,-10,0,30,0,-10,-30,0,0,30,0,-10,10,-10,0,0,-10,-10,10,0,-10,0,0,0,-10,0,-10,-20,10,0,10,0,-20,-10,-30,-10,0,0,0,-10,20,0,10,-30,10,10,10,0,0,0,10,-10,-10,-30,-20,0,0,0,10,0,-30,10,-10,30,10,30,-20,-10,10,0,10,-10,20,-20,10,10,0,-20,30,20,10,0,30,-20,0,-20,-10,0,0,-10,-20,20,-20,10,10,30,-20,-10,20,-20,-20,-20,0,20,-10,10,10,-10,10,-30,-20,0,10,10,10,-10,20,10,10,-20,10,-20,-30,0,10,10,0,10,-10,0,0,0,-10,10,-20,0,20,-10,-10,-60,10,0,0,-10,0,-20,30,10,-10,0,-10,0,-10,-10,10,10,0,0,0,0,10,-20,10,10,10,-10,-10,-10,10,0,20,10,10,-20,0,0,-30,-10,20,-10,-10,10,20,-20,0,10,0,20,0,0,-10,20,20,0,10,-10,-20,20,-10,10,0,0,-10,10,-20,-10,10,10,0,-10,0,-10,-10,-40,50,-10,0,0,0,0,-10,-10,-10,-10,0,20,0,-20,-10,-40,10,0,-20,0,20,0,0,-10,0,-20,0,70,10,0,20,0,20,10,-30,10,-10,0,20,10,20,0,-10,-10,10,-20,10,-10,10,20,-10,0,-40,50,20,10,10,10,-20,-20,-20,-20,30,0,-30,0,-10,-10,10,-10,10,20,0,10,10,10,-20,20,10,10,-10,0,10,10,10,0,10,10,-20,0,10,-10,-10,-20,20,20,10,10,10,0,10,0,-20,10,10,0,10,10,-10,-10,-10,-10,0,-10,10,10,10,-10,20,-10,-10,20,-10,10,0,0,0,0,-20,10,-10,20,-10,10,0,-10,10,-10,-10,10,-10,10,-10,-10,10,-10,-10,0,-10,10,10,-20,-10,10,-10,10,-10,10,20,30,-10,-10,20,0,0,0,0,10,-20,-20,20,0,-10,0,10,0,-20,0,0,10,10,20,-10,-10,30,-10,-10,10,10,0,20,0,-10,10,-20,10,-20,0,10,-20,20,-20,-10,0,10,-10,10,0,0,10,-10,10,10,-20,20,-10,20,-10,-10,-10,-10,10,10,10,20,-10,-10,0,10,0,-20,20,20,10,0,-10,10,-20,-20,-10,10,20,10,-10,-10,20,-20,-10,20,0,0,10,0,0,-10,-10,20,-10,0,10,-10,0,10,-10,0,20,-10,-10,0,0,0,10,0,-10,0,10,0,-10,10,-10,0,-10,10,0,0,0,-10,-10,-10,-10,10,0,-10,0,10,-10,0,10,0,0,-10,10,0,0,0,-10,10,0,-10,10,-10,-10,0,10,10,0,-20,0,-10,10,10,0,-10,10,-10,10,-10,10,20,-10,-20,0,10,0,-20,10,-20,-10,-10,-10,0,10,0,10,10,10,10,-10,0,10,10,-20,-10,0,0,0,10,-10,10,-10,20,10,0,20,10,-10,0,10,-10,0,0,20,0,-10,-10,20,0,0,-10,-10,20,-10,0,20,10,10,0,10,-20,20,0,10,10,-20,0,-20,0,20,-20,-20,10,-30,0,20,10,-10,20,10,0,10,20,10,10,0,0,10,-20,-20,0,0,-10,10,10,20,-20,-10,-10,10,-10,-10,-30,20,10,-10,-10,-10,10,-10,-10,10,-10,0,10,0,-10,10,10,-10,-10,-20,0,-10,0,0,0,-10,-10,0,10,-10,20,-10,20,10,-10,-10,10,-10,-10,0,10,0,10,-10,-10,10,0,0,-10,0,10,-10,0,0,10,-10,10,0,0,-10,10,0,-10,10,-10,0,10,10,0,-10,40,10,0,10,10,20,10,-10,0,-10,10,-10,-20,0,10,0,0,-10,10,0,0,-10,0,-10,-10,10,10,-10,20,0,-10,10,-10,10,-10],