{"timestamp":1181433600000,"multiplier":1.0E-5,"open":0.84357,"high":0.84357,"low":0.84357,"close":0.84357,"shift":60000,"times":[1321,1,1,5,2,8,1,5,1,1,1,2,5,1,1,1,1,1,1,1,1,1,1,1,1,1,1,1,1,1,1,1,1,1,1,1,1,1,1,1,1,1,1,1,2,1,1,1,2,1,1,2,1,1,1,1,1,1,1,1,1,1,1,1,1,1,1,1,1,1,1,1,1,1,1,1,1,1,1,1,1,1,1,1,1,1,1,1,1,1,1,1,1,1,1],"opens":[0,-10,0,-10,10,0,-10,10,-10,0,0,10,-20,10,10,0,-10,-10,-20,-30,0,-90,20,-10,-70,-40,-20,50,-10,40,-20,-40,0,-10,-20,0,-20,-10,-30,50,30,-50,10,30,10,10,10,10,-40,10,0,10,0,-10,0,10,0,20,0,-30,-20,10,30,-40,20,-10,10,20,-40,0,20,0,-10,-10,-10,20,10,-30,-30,0,-50,-20,70,-20,-10,10,20,10,10,-10,10,0,-10,-10,0],"highs":[0,0,-10,-10,10,0,-10,10,0,0,-10,10,-10,0,20,-10,0,-20,-20,0,-30,-60,-10,-10,-50,-60,20,20,20,0,-20,-20,-20,0,-10,-10,-20,-20,10,60,-10,-30,20,10,0,0,40,-10,-20,-10,10,0,-10,-10,20,10,-10,10,10,-30,-30,50,-10,-30,20,-20,40,-10,-20,0,0,10,-20,-10,20,0,0,-30,-20,-10,-50,50,0,-20,10,10,30,-10,0,-10,10,0,-10,-10,0],"lows":[0,-10,0,-20,0,20,-10,10,-10,0,0,0,-10,0,10,10,-50,0,-10,-20,-60,-30,-10,-30,-50,-30,10,30,10,10,-10,-40,-10,10,-10,-30,-10,-90,50,70,-10,-30,20,40,10,10,10,10,-40,0,-10,20,10,-30,20,10,-10,20,-30,-20,-10,30,-20,10,20,-10,10,-10,-10,0,10,10,-30,0,0,20,-30,-10,-20,-40,-20,0,50,-30,20,10,20,10,0,0,0,0,0,-20,10],"closes":[0,0,-10,-20,10,10,-10,10,0,0,-10,0,-10,10,20,-10,-10,-40,-10,0,-70,-20,-20,-40,-40,-40,50,-10,40,-20,-10,0,-20,-20,0,-20,-10,-50,50,50,-50,20,0,30,-10,10,30,-10,-20,-20,30,0,-10,-20,30,0,0,0,-30,-20,10,50,-60,20,10,-10,20,-20,0,0,0,10,-30,10,0,10,-30,-10,-20,-30,-20,50,0,-30,30,0,30,-10,10,-10,0,10,-10,-20,10],"volumes":[0.86,1.46,0.44,2.6,5.29,1.2,1.4,1.3,1.89,2.04,1.1,1.72,7.28,3.76,6.53,1.2,25.41,9.57,3.69,10.96,16.79,9.57,12.45,14.46,27.41,15.54,5.34,9.93,12.5,8.09,11.87,15.73,10.24,10.6,6.81,25.52,19.66,33.96,25.03,12.33,12.13,20.79,7.9,13.51,3.52,1.7,9.15,2.36,6.94,17.64,6.1,10.96,0.5,18.81,4.49,4.31,8.22,3.8,17.98,13.42,20.19,9.44,8.01,1.79,3.18,1.6,5.37,8.03,10.7,7.47,2.62,6.2,4.79,8.64,9.66,5.9,6.51,8.39,15.35,17.36,8.61,10.97,9.12,13.56,9.16,3.69,4.17,5.3,9.38,2.5,2.9,5.8,1.8,3.0,0.49]}