{"timestamp":1182470400000,"multiplier":1.0E-5,"open":0.84637,"high":0.84637,"low":0.84637,"close":0.84637,"shift":60000,"times":[0,1,1,5,1,1,1,7,1,5,2,1,2,1,1,1,2,1,3,3,2,3,1,1,4,2,2,1,3,1,1,11,1,1,1,2,3,1,6,6,1,1,1,1,2,1,1,1,1,1,1,3,1,1,1,1,1,1,1,1,1,1,1,1,3,1,1,1,1,1,1,1,1,1,1,1,1,1,1,1,1,1,1,1,1,1,2,1,1,1,1,1,1,1,1,1,1,1,1,1,1,1,1,1,1,1,1,1,1,1,1,1,1,1,1,1,1,1,1,1,2,1,1,1,1,1,1,1,1,1,1,1,1,1,1,1,1,1,1,1,1,1,1,1,1,1,1,1,2,2,1,2,1,1,1,1,1,1,1,1,1,1,1,1,1,1,1,1,1,1,1,1,1,1,1,1,1,1,1,1,1,1,1,1,1,1,1,1,1,1,2,1,1,1,1,1,1,1,1,5,1,1,1,1,1,1,1,3,1,1,1,1,1,1,2,1,4,1,2,1,2,1,1,1,1,1,1,1,1,1,4,1,1,1,1,1,1,1,1,1,1,1,1,1,1,2,2,1,1,1,1,1,1,1,3,1,1,5,1,1,1,1,1,1,2,1,1,1,1,1,1,1,1,2,1,1,1,1,1,1,1,1,1,1,1,2,1,2,1,1,1,1,1,5,1,2,1,3,1,1,3,1,1,1,2,1,1,1,3,3,1,1,1,1,1,1,1,1,1,1,3,1,1,2,1,1,1,1,1,1,2,3,1,1,1,1,1,1,2,1,1,1,3,2,1,1,3,1,1,1,2,1,1,2,1,1,1,1,1,1,1,2,3,1,1,1,1,2,2,1,1,1,1,1,1,1,1,1,1,1,1,1,1,3,1,1,1,1,1,1,1,1,1,1,1,1,1,1,1,2,1,1,1,1,2,3,1,2,1,1,1,1,1,1,2,2,1,3,1,1,3,1,1,1,1,1,1,1,1,3,1,2,1,1,1,2,1,1,2,1,1,1,1,1,1,1,1,1,1,1,1,1,2,1,1,2,1,1,1,1,1,1,1,1,3,1,1,1,1,1,1,1,1,3,2,1,1,1,1,1,1,1,1,1,1,1,1,1,1,1,1,1,1,1,1,1,1,1,1,1,1,1,1,1,1,1,1,1,1,1,1,1,1,1,1,1,1,1,2,2,1,2,1,1,1,1,1,1,1,1,1,1,2,1,1,1,1,1,1,1,1,3,1,1,1,1,2,1,1,2,1,1,1,1,1,2,1,1,1,1,2,1,2,1,1,4,1,1,1,3,2,1,1,1,1,1,1,2,1,2,5,4,1,8,6,3,2,1,4,2,4,1,1,1,1,1,1,1,1,1,1,1,1,1,1,1,2,1,1,1,1,1,1,3,1,1,4,3,1,1,3,1,4,3,3,1,5,1,2,1,1,1,1,9,10,2,2,1,1,2,1,2,2,2,1,1,1,1,1,3,3,1,1,1,3,1,1,1,1,4,1,1,2,1,1,1,1,1,1,1,1,1,1,1,1,1,1,1,1,1,1,1,1,1,1,1,2,1,2,1,1,1,1,1,1,1,1,1,1,3,1],"opens":[0,-10,0,10,-10,20,0,-10,10,-20,10,0,-10,10,0,-10,10,-10,10,-10,20,10,10,0,-10,0,10,0,-20,10,0,10,0,-10,10,-10,0,10,-10,20,-10,0,10,10,10,10,-10,-10,0,-10,0,-10,20,10,-30,10,10,10,-10,0,10,10,-10,10,0,20,0,-10,20,0,10,10,40,30,0,20,20,10,0,-20,-10,0,10,0,20,-10,10,0,-10,-10,0,20,0,0,10,-10,10,10,-20,-10,10,0,-10,-10,-10,0,0,-20,-10,-10,0,10,0,0,-60,-20,30,10,-10,0,0,-10,-10,0,0,20,20,10,-10,0,0,10,20,-30,0,-10,20,-10,20,0,30,0,-20,20,-10,0,10,-30,20,-10,10,0,-20,0,10,0,10,20,-10,-10,10,-10,30,0,10,-10,30,-10,10,0,30,-10,10,-20,-10,-10,-30,10,0,0,-10,0,0,-10,10,0,0,0,10,10,10,-10,0,20,10,-10,10,-30,0,0,-20,10,30,-20,0,0,0,10,10,0,-30,10,10,-10,-10,10,-10,0,-10,10,-10,10,10,-10,-10,0,-10,-20,20,-20,0,0,10,0,-10,10,0,-10,20,0,30,-20,10,-20,10,-10,10,-10,10,10,10,0,-20,-10,0,0,10,-10,20,-10,-10,-10,-10,10,20,0,-20,10,0,10,0,0,-20,-10,-10,-40,-10,0,0,10,-20,10,0,-10,10,40,-20,-20,10,-10,0,-10,0,20,10,-10,0,0,-10,10,10,0,0,0,-10,0,20,-10,-10,20,-10,10,10,10,-10,0,10,10,-10,10,20,-20,-10,-10,-10,10,0,0,0,10,10,10,-10,0,-10,10,-10,10,0,0,0,0,-10,10,0,0,-20,-20,0,10,-10,-10,0,10,10,20,0,0,-10,20,-20,10,0,10,-20,10,-10,-10,20,-10,-10,20,10,-20,0,10,30,10,30,10,0,0,-10,-10,-10,10,0,-10,-10,10,0,20,10,-10,20,-20,10,-10,-10,20,-10,-10,10,-10,0,10,10,-30,10,-10,20,-20,10,-20,10,10,-20,0,20,-10,10,-10,10,10,-10,10,-10,-10,0,0,10,0,-10,10,10,-20,-10,20,-10,0,10,0,0,-10,20,-30,-10,10,-10,10,0,10,-20,20,10,10,20,10,-40,-20,-10,10,0,0,-10,10,-20,-10,10,10,-10,10,-10,20,20,0,-10,10,0,30,20,-50,-30,0,-60,20,0,0,0,10,-40,20,0,20,-30,0,-10,40,0,-20,10,10,10,20,10,0,-10,30,-10,-20,10,-10,-10,-10,0,0,0,0,10,0,10,0,10,-10,10,-20,10,0,-10,0,0,-10,20,0,0,-20,10,-20,10,10,0,-30,0,10,-30,0,30,-10,20,-20,-20,0,10,0,0,10,10,0,0,-10,10,-20,10,0,10,20,-10,0,-10,0,10,10,-10,0,-10,-10,10,10,0,-10,-10,-10,0,10,-10,10,-10,10,10,-20,-10,-20,-20,0,-20,10,0,-20,-10,10,-30,20,0,-10,-10,-20,-10,10,0,20,10,-20,10,-10,20,-10,0,-10,10,10,10,-10,10,0,10,-20,10,0,-20,20,-20,20,-10,10,10,10,-20,10,10,0,-20,-10,-10,10,-20,10,10,-10,10,0,-10,0,10,10,-20,20,10,-10,10,-20,-10,10,-10,-10,-50,-70,20,20,30,20,-10,-20,20,20,10,20,-30,10,10,0,20,0,0,-10,-20,20,-30,-10,20,-10,-10,20,-20,30,-30,30,-10,-20,10,-20,-10],"highs":[0,0,-10,10,0,10,0,-10,10,-20,10,0,-10,10,0,-10,10,0,0,0,10,20,0,0,0,0,0,0,-20,10,0,10,0,-10,10,0,-10,10,0,10,0,-10,10,20,0,10,-10,0,0,-20,0,0,20,0,-10,-10,10,10,10,0,0,0,10,10,-10,10,0,10,0,0,10,110,-20,-10,0,60,-20,10,10,-20,0,0,0,0,10,-10,10,10,-10,-10,10,10,0,0,0,-10,30,0,-30,10,0,-10,0,-10,-10,-10,0,-10,0,-20,0,30,-20,-10,-50,-10,10,10,10,-10,0,-10,0,-10,20,10,30,-20,0,0,0,10,10,-20,-10,0,10,10,0,30,10,-10,-10,10,0,0,0,-20,10,-10,10,0,-10,-10,10,0,20,10,-10,10,0,0,10,20,0,0,20,0,0,40,-10,-10,0,-10,-10,-20,-10,0,0,0,-10,0,-10,0,0,0,10,0,20,-10,10,0,30,0,10,-10,-10,-20,0,-10,-20,40,0,0,-10,0,-10,20,0,0,-30,10,10,-10,-10,10,10,-20,-10,10,0,0,10,0,-10,-10,0,-10,0,-10,0,-10,10,0,-10,20,0,0,0,30,0,-10,0,-20,10,0,0,0,0,20,0,0,-20,0,0,-10,20,0,0,-10,-10,0,-10,10,10,0,0,-10,10,0,10,-10,-20,0,-20,-30,-10,0,-10,10,-10,10,0,0,40,-10,-10,-30,20,-20,0,0,0,10,10,-10,0,0,-10,10,10,0,0,0,0,0,10,-10,0,10,0,0,20,0,0,0,10,0,10,10,0,-20,-10,-10,10,0,0,0,0,0,20,0,0,-10,0,0,0,0,0,0,0,0,0,0,0,0,-10,-20,-10,10,-10,0,-10,20,10,10,0,0,0,10,-20,10,10,0,-10,0,-10,0,10,0,0,0,30,-20,0,20,0,50,0,0,10,-10,-10,-10,0,0,0,-10,-10,20,0,10,10,0,10,0,0,-20,0,10,10,-20,0,-10,10,0,10,-30,10,0,10,-20,10,0,0,0,-10,0,10,0,0,-10,20,0,0,0,0,-10,0,-10,10,0,-10,10,10,0,-10,0,0,0,0,0,0,0,10,-20,-20,10,0,10,0,0,-10,10,10,30,10,0,-40,-20,0,0,0,0,0,0,-10,-10,10,0,0,0,0,20,10,10,0,-10,50,-10,10,-50,-30,0,-20,-20,0,20,-10,10,-40,30,0,0,-20,-10,40,0,0,-20,30,-10,30,20,0,-20,20,0,0,-30,10,0,-10,0,-20,0,0,0,20,-10,10,0,10,0,0,-20,10,0,0,0,-10,-10,20,0,0,-10,0,0,-10,20,-10,-30,10,0,-20,0,20,10,0,-20,-10,-10,10,10,0,0,10,0,0,-10,10,-10,10,0,0,20,0,-10,0,0,0,10,0,-10,-10,-10,10,10,0,-10,-10,0,-10,10,0,0,-10,10,10,-20,0,-20,-20,-10,-20,20,-10,0,-30,10,-10,10,0,-20,-10,-20,0,20,10,-10,10,-20,10,10,0,-10,0,-10,10,10,10,-10,10,0,10,-10,10,-10,-10,10,-10,10,-10,10,10,10,-10,0,10,0,-10,-20,-10,10,-10,10,0,-10,10,0,0,-10,10,10,-10,10,10,-10,10,-20,10,-10,0,-20,-40,-30,0,20,20,0,0,0,0,40,-10,20,-20,-10,20,10,0,0,0,-10,-10,10,-30,0,10,-10,0,10,0,10,-20,20,-10,-20,10,-20,-10],"lows":[0,-10,0,10,-10,10,10,-10,0,-10,0,10,-10,0,10,-10,10,-10,10,-10,20,10,0,0,0,0,0,0,-10,0,10,0,0,0,10,-10,0,10,-10,20,-10,0,10,0,20,10,-10,-10,0,-20,10,-10,20,-10,-10,10,10,10,-10,0,10,-10,10,10,0,10,0,0,10,10,10,0,50,20,-10,20,30,10,0,-10,-10,0,0,10,0,10,0,0,-10,0,0,10,10,-10,0,0,20,0,-10,-10,0,10,-20,0,-20,0,0,-10,-10,-20,10,10,-10,-50,-10,-40,60,10,-10,0,0,-10,-10,0,-10,30,20,10,-10,0,-10,10,10,-10,0,-10,10,0,0,20,10,10,-10,10,-10,0,0,-10,10,0,0,0,-10,0,0,10,10,0,0,0,-10,10,20,10,10,-10,20,0,10,0,20,-10,10,-30,0,-40,-10,10,10,10,-20,10,0,-10,-10,10,0,10,0,20,10,-10,0,20,10,-10,-10,-10,-10,0,-10,10,0,10,0,0,0,10,0,-10,-10,10,-10,0,0,10,-10,0,-10,10,-10,0,20,-20,0,0,-20,-10,10,-10,0,0,0,-10,10,0,0,0,10,10,20,-10,0,-10,10,-10,10,-10,10,0,10,0,-10,-10,0,0,0,0,0,10,-10,-20,0,10,10,0,-10,0,0,10,0,0,-10,-10,-50,0,-10,0,-10,10,-10,0,0,0,10,30,-20,-10,-10,0,0,0,0,20,-10,0,0,10,-10,10,0,0,0,10,-10,0,20,-10,-10,10,0,0,20,0,0,0,10,0,0,10,10,-10,-10,-10,-10,10,0,0,0,10,10,-10,10,0,-20,10,0,0,0,0,0,10,-10,0,0,-10,-10,-10,0,0,-10,0,0,10,0,20,0,10,-10,10,-10,0,10,0,-10,10,-10,-10,20,-10,-10,10,10,-10,0,10,20,10,30,0,20,-20,10,-10,-10,0,0,-10,0,10,0,10,10,0,10,-20,10,0,-10,10,0,-20,0,-10,10,0,0,0,0,0,0,0,0,-10,10,0,-10,0,20,-10,0,0,10,0,0,0,0,-10,0,0,-10,20,-20,10,10,-10,-10,20,-10,0,-10,10,10,-10,-10,-10,0,0,0,0,10,0,-10,10,20,10,10,-10,-50,20,-10,-10,10,10,-10,0,-10,-10,0,10,0,10,-10,20,10,0,-10,10,0,30,-30,-30,0,-40,-10,10,0,0,10,-20,-20,20,10,-10,0,-10,0,30,-20,0,20,10,0,30,10,-20,10,20,-10,-30,20,-10,-20,-10,10,0,0,0,20,0,0,10,0,0,0,-20,10,0,0,-10,10,-10,10,-10,0,-10,10,-10,10,0,-10,-20,10,-10,-10,0,20,0,10,-40,10,0,0,10,0,10,0,0,10,-10,0,-10,10,0,0,20,-10,0,0,0,10,10,-10,0,-10,-10,10,0,0,0,-10,-10,0,0,0,10,-10,10,0,-10,-20,-40,-10,-10,-10,20,-10,-20,-10,-10,0,20,10,-10,-20,-10,-10,10,0,10,0,0,10,-10,10,-10,10,-10,10,10,10,-10,0,10,0,-20,20,-10,-10,10,-10,10,0,10,10,0,-10,10,0,0,-10,-10,-10,0,-10,0,20,-10,0,10,-10,0,10,0,-10,20,0,0,0,-10,-10,10,-10,-50,-80,0,20,20,10,10,10,-10,20,-10,-10,50,-10,0,20,0,10,0,0,-10,-10,0,-10,-30,10,10,0,0,0,10,-10,30,-20,-10,0,-10,-20],