{"timestamp":1182038400000,"multiplier":1.0E-5,"open":1.2414,"high":1.24159,"low":1.2414,"close":1.24159,"shift":60000,"times":[1260,1,1,1,1,1,1,1,1,1,1,1,1,1,1,1,1,1,1,1,1,1,1,1,1,1,1,1,1,1,1,1,1,1,1,1,1,1,1,1,1,1,1,1,1,1,1,1,1,1,1,1,1,1,1,1,1,1,1,1,1,1,1,1,1,1,1,1,1,1,1,1,1,1,1,1,1,1,1,1,1,1,1,1,1,1,1,1,1,1,1,1,1,1,1,1,1,1,1,1,1,1,1,1,1,1,1,1,1,1,1,1,1,1,1,1,1,1,1,1,1,1,1,1,1,1,1,1,1,1,1,1,1,1,1,1,1,1,1,1,1,1,1,1,1,1,1,1,1,1,1,1,1,1,1,1,1,1,1,1,1,1,1,1,1,1,1,1,1,1,1,1,1,1,1,1,1,1,1,1],"opens":[0,33,13,4,0,-60,0,10,10,10,0,30,0,0,-10,10,0,0,0,-10,20,-10,0,0,0,0,-3,-8,-2,13,0,0,0,10,-10,0,0,0,0,0,0,0,0,10,-10,10,0,2,13,-35,20,-20,-10,30,0,0,0,20,-10,-22,12,0,10,0,10,-10,0,-11,11,-10,0,10,0,-10,10,0,-10,0,0,0,0,0,-9,19,12,8,0,-45,15,20,-20,0,0,0,0,0,10,0,-10,0,-2,-22,24,0,-8,8,-2,2,0,0,0,11,-11,0,-20,-14,34,0,-40,30,10,-10,10,0,-28,18,10,-19,19,-5,-25,-26,26,-9,9,0,0,0,0,0,0,0,0,20,0,0,0,-5,-15,0,-10,0,10,0,-20,0,0,0,0,0,10,-5,-5,0,0,0,0,0,0,-10,10,-20,20,0,0,0,-15,0,5,-5],"highs":[0,45,-17,3,0,-50,30,10,-10,0,20,0,0,0,0,0,0,20,-20,0,10,-10,10,-10,0,0,-1,-8,2,7,0,0,10,0,-10,0,0,0,0,0,0,0,10,0,0,0,0,2,13,-15,0,-10,10,0,10,-10,0,20,-10,-18,18,-10,20,-10,10,-10,0,-2,2,0,0,0,0,10,-10,0,-10,0,0,0,0,0,-7,37,-8,8,0,-43,13,30,0,-30,0,0,10,10,0,-10,-10,0,11,-24,13,0,6,-6,-2,2,0,0,0,11,-11,0,-20,-14,34,0,-2,-8,10,-10,10,0,-8,8,0,-12,12,0,-30,-12,12,-9,9,0,0,0,5,-5,0,0,10,10,0,0,0,0,-20,0,-10,10,0,0,-20,0,0,0,0,15,-5,-5,-5,0,0,0,0,0,0,0,0,-15,15,0,0,0,0,-10,0,-5],"lows":[0,33,-13,30,-70,0,10,0,10,20,-20,50,-10,10,-10,10,0,-10,0,0,10,0,-20,20,-10,10,-16,-2,1,17,0,0,-10,10,0,0,0,0,0,0,0,0,-40,30,-30,40,10,-3,18,-35,-10,-20,0,50,0,0,0,0,0,-12,12,0,10,0,-10,10,0,-18,8,0,0,10,-10,0,0,-20,20,0,0,0,0,0,-21,11,5,5,0,-28,28,0,0,0,0,-10,0,0,0,10,0,-10,4,-30,36,0,-10,10,-24,24,0,0,0,-22,22,0,-20,-24,44,0,-40,30,10,-10,0,0,-18,18,0,-9,19,-35,5,-36,36,-35,30,5,0,0,0,0,0,0,0,5,5,10,-10,-10,-5,-5,0,0,0,-10,0,0,0,0,0,0,0,0,-5,5,-10,10,0,0,-15,5,10,-20,10,10,0,-10,-5,0,5,-20],"closes":[0,41,-25,15,-40,-20,10,0,20,0,20,10,0,0,0,0,0,0,-10,10,0,0,-10,10,0,0,-16,6,3,7,0,0,10,-10,0,0,0,0,0,0,0,0,10,-20,20,0,0,-3,18,-35,0,-30,50,0,0,0,0,10,-10,-8,8,0,10,0,0,0,0,-2,2,0,0,0,-10,10,0,-10,0,0,0,0,0,0,-10,30,-2,-18,0,-13,13,0,0,0,0,-10,10,-10,30,-20,0,0,-4,-32,36,0,-5,5,-24,24,0,0,0,-22,22,0,-20,-17,37,0,-5,-5,10,-10,10,-10,2,8,0,-12,12,-30,0,-28,28,-20,20,0,0,0,0,0,0,0,10,10,-10,10,0,-20,-5,-5,0,10,0,-20,0,0,0,0,0,10,-5,-5,0,0,0,0,0,0,-10,10,0,-17,17,0,0,0,-10,0,0,-10],"volumes":[23.8,125.5,691.5,3.2,105.1,79.4,696.5,750.7,155.7,66.4,178.4,24.0,95.5,72.0,48.8,52.0,16.0,44.8,69.6,48.6,78.3,32.0,136.8,8.0,122.4,20.0,62.8,76.5,82.8,12.0,8.0,16.0,107.6,42.4,44.0,44.0,36.0,20.0,16.0,72.0,32.0,32.0,66.4,186.0,220.4,285.6,4.0,41.6,48.8,135.2,776.0,316.4,282.8,56.0,114.4,48.0,16.0,124.8,56.8,55.0,53.6,20.0,36.8,8.0,51.2,56.8,16.0,282.0,108.4,224.7,32.0,12.0,102.2,482.1,517.5,1340.6,30.4,62.4,31.0,30.4,126.9,15.2,408.5,766.2,450.4,170.1,274.6,140.8,256.9,845.1,409.3,80.8,63.7,362.4,315.4,459.4,321.1,267.4,184.8,85.6,899.0,693.2,142.4,66.4,115.6,8.0,83.2,8.0,84.0,7.6,15.2,116.6,7.6,7.6,84.4,90.8,15.2,15.2,380.2,120.5,74.4,93.4,114.2,104.7,1524.5,128.7,94.4,64.0,0.8,347.0,15.2,212.8,80.0,1550.9,24.8,5.6,366.0,107.0,274.1,85.6,65.6,192.3,279.2,159.6,162.0,4.0,228.6,779.9,228.5,924.2,33.6,61.3,155.2,103.6,15.4,183.8,184.5,185.0,34.5,184.9,84.9,50.7,29.0,18.5,382.8,32.2,26.3,30.9,230.5,26.4,0.8,612.4,77.3,1.6,4.8,17.2,59.4,63.1,216.2,454.5]}