{"timestamp":1642291200000,"multiplier":1.0E-5,"open":0.72147,"high":0.72147,"low":0.72147,"close":0.72147,"shift":60000,"times":[1320,2,1,1,1,1,1,1,1,1,1,1,1,1,1,1,1,1,1,1,1,1,1,1,1,1,1,1,1,1,1,1,1,1,1,1,1,1,1,1,1,1,1,1,3,1,1,1,1,1,1,1,1,1,1,1,1,1,1,1,1,1,1,1,1,1,1,1,1,1,1,1,1,1,1,1,1,1,1,1,1,1,1,1,1,1,1,1,1,1,1,1,1,1,1,1,1,1,1,1,1,1,1,1,1,1,1,1,1,1,1,1,1,1,1,1,1],"opens":[0,-2,33,-2,-1,-4,0,8,0,-1,4,-2,31,-33,1,-1,0,0,-21,-4,21,1,-2,-17,-1,-1,1,1,-1,1,0,0,0,0,0,1,1,0,-53,16,0,1,3,0,1,0,2,-2,-2,8,7,2,-1,1,2,0,1,1,14,7,-14,-13,-15,-1,-9,0,-13,-14,-3,15,1,1,-9,4,4,-3,-3,4,-9,5,3,6,-1,18,-3,-6,0,-5,7,3,5,9,-2,-3,1,1,5,-4,2,18,4,15,1,-7,-2,-13,-17,10,-3,5,-9,10,10,9,-7,0,-2],"highs":[0,31,0,-2,-1,-3,6,1,0,17,27,11,-22,-34,1,0,0,0,-15,9,1,1,-1,-18,1,22,-23,1,-2,1,0,0,0,0,1,0,1,0,-43,6,0,1,4,1,-1,6,-4,-2,0,24,-10,1,0,0,5,-1,-1,18,7,0,-17,-13,-15,0,-7,3,-15,-14,9,-1,11,-7,-2,5,-3,-6,9,-8,-3,18,-9,2,15,-1,0,-7,-2,9,-3,5,7,3,-3,-2,5,1,-1,-4,22,4,12,2,3,-2,2,-25,-13,10,0,1,-4,10,15,-4,0,-7,2],"lows":[0,-2,31,-3,1,-3,-1,8,-2,-1,-6,5,-1,5,1,-1,0,-67,42,-15,35,0,-16,-3,0,0,-4,6,-2,1,0,0,1,-1,0,1,1,-52,-3,9,10,0,1,3,0,1,-2,0,0,8,7,1,0,0,1,2,1,0,15,-16,-4,-34,14,-12,7,-18,-15,-11,11,13,4,-6,-1,5,0,-12,9,-3,-4,6,4,5,1,14,-6,-1,-9,1,9,1,10,5,-3,-1,4,-3,9,-6,4,18,4,15,-11,2,-12,-15,-6,12,-3,0,-3,11,10,0,2,-3,0],"closes":[0,31,-2,-3,1,-3,7,1,-3,7,-4,34,-35,0,1,0,0,-23,8,9,1,-1,-16,-3,0,1,1,0,-2,2,-1,1,0,-1,2,0,0,-52,8,8,0,1,3,2,-1,2,-4,0,2,17,-3,0,1,-1,3,2,-1,15,7,-14,-13,-15,-2,-6,-1,-13,-15,-2,15,-1,4,-10,4,3,-3,0,5,-11,4,2,7,-3,20,-5,-5,1,-7,11,-1,7,6,-2,-3,-1,5,6,-1,-4,19,5,13,3,-8,0,-13,-16,2,6,4,-9,6,10,11,-9,4,-5,2],"volumes":[0.75,3.0,1.5,1.5,1.5,5.25,7.5,6.75,10.5,27.2,27.19,31.12,27.59,4.0,4.5,9.0,4.0,31.84,30.0,33.87,14.62,15.75,19.0,3.0,15.75,8.0,7.25,6.5,3.25,13.49,11.49,5.0,3.25,9.5,11.0,6.99,2.25,20.35,28.05,19.92,3.6,4.2,7.0,3.05,4.52,10.95,2.1,5.25,4.2,15.05,2.35,7.3,11.4,7.09,8.05,4.15,1.0,60.72,39.07,69.97,33.61,116.65,70.51,62.25,37.94,65.24,68.69,61.48,69.45,43.15,37.33,28.01,50.99,28.25,53.52,74.54,40.31,15.82,9.19,34.81,21.5,16.0,19.38,3.5,21.19,16.1,67.27,107.04,27.1,17.84,11.25,31.12,12.12,9.7,12.0,20.5,2.0,5.5,26.5,17.5,22.12,3.0,37.74,44.56,45.72,36.32,13.75,8.12,20.0,17.0,21.5,12.0,32.44,20.32,20.3,15.77,27.42]}