{"timestamp":1642896000000,"multiplier":1.0E-5,"open":1.3545,"high":1.35489,"low":1.35447,"close":1.35489,"shift":60000,"times":[1320,1,1,1,1,1,1,1,1,1,1,2,2,2,5,1,1,1,1,3,1,1,1,1,1,1,1,1,1,1,1,1,1,1,1,1,1,1,1,1,1,1,1,1,1,1,1,1,1,1,1,1,1,1,1,1,1,1,1,1,1,1,1,1,1,1,1,1,1,1,1,1,1,1,1,1,1,1,1,1,1,1,1,1,1,1,1,1,1,1,1,1,1,1,1,1,1,1,1,1,1,1,1,1,1,1,1,1,1,1,1],"opens":[0,39,11,2,-2,5,0,0,-16,33,-20,1,0,0,0,0,0,0,0,0,-14,5,0,2,-1,3,3,11,-6,-9,0,2,0,0,0,0,2,-1,-1,-3,3,1,3,21,-14,4,0,1,2,2,-6,11,-8,-6,-1,2,-17,-38,14,20,1,3,16,-5,1,-1,7,13,13,-9,2,-6,-1,-2,-6,-2,12,12,0,-5,-6,-4,-4,-11,1,2,-2,1,9,0,12,4,-14,-10,4,4,8,-11,10,0,1,-1,-1,10,2,2,4,-4,-1,-5,6],"highs":[0,0,13,0,3,0,0,0,-16,38,21,-45,0,0,0,0,0,0,0,2,-11,0,8,-6,-1,3,6,9,-5,-11,0,10,1,2,-11,0,2,-1,1,0,0,6,18,-1,-3,-3,0,0,2,-1,5,6,-12,-6,3,-4,-17,-20,21,-4,3,22,-2,-5,3,2,7,17,1,1,-5,-4,1,-4,-12,9,13,1,0,-3,-9,-4,-4,-9,-1,2,-1,9,0,11,9,-4,-14,-4,2,9,0,-1,2,-1,-1,1,12,-1,2,7,-5,-3,0,3,7],"lows":[0,33,20,-27,27,5,0,-16,0,0,12,2,0,0,0,0,0,0,0,0,-14,5,0,2,-1,2,0,15,-15,0,0,2,0,0,0,0,0,0,0,-6,-4,8,0,14,-2,5,0,-2,5,-9,-16,13,3,-5,6,-17,-36,0,13,19,3,3,10,0,0,1,0,18,4,1,-8,-10,10,-7,2,-1,12,6,3,-11,1,-18,-2,1,2,1,0,-1,4,6,13,-13,-8,0,5,4,-2,-1,10,0,-1,1,-1,10,1,3,-3,1,-4,0,6],"closes":[0,-6,19,-4,7,0,0,-16,0,12,2,0,0,0,0,0,0,0,0,2,-11,0,8,-6,-1,2,4,12,-16,0,0,2,0,0,0,0,1,-1,2,-6,6,1,22,-11,0,5,-1,0,3,-5,9,-9,-7,1,2,-14,-39,13,19,0,4,14,-4,3,-1,7,8,17,-10,4,-7,-1,1,-8,-2,10,13,-2,-1,-10,1,-7,-11,1,-1,1,1,8,1,10,10,-21,-8,6,3,9,-10,9,0,1,-2,1,9,-1,4,6,-8,0,-4,5,8],"volumes":[110.02,5.91,4.54,9.98,5.01,1.87,1.38,3.18,0.46,2.53,4.62,0.92,1.15,1.38,1.84,0.46,2.76,1.84,1.38,2.3,2.72,0.45,5.17,0.44,0.47,1.34,6.83,3.6,30.55,1.37,0.99,5.42,11.26,7.55,0.47,2.74,28.7,5.64,7.83,19.96,35.99,29.06,28.38,57.105,34.72,48.78,69.9,52.2,50.16,111.06,97.88,65.865,72.29,54.06,79.26,122.42,156.87,50.48,111.43,605.28,33.82,17.49,50.9,47.61,54.28,52.3,61.02,31.02,16.28,29.88,72.18,40.94,46.95,42.4,4.06,14.57,35.92,30.4,17.2,49.79,20.18,76.16,21.81,22.54,10.8,20.42,18.92,16.37,5.77,6.71,2.64,22.33,24.25,6.76,5.54,18.18,9.9,34.54,9.35,5.25,9.88,3.6,30.99,15.62,7.15,9.36,27.91,7.12,11.24,9.12,15.94]}