{"timestamp":1641686400000,"multiplier":1.0E-5,"open":0.91838,"high":0.91838,"low":0.91838,"close":0.91838,"shift":60000,"times":[1320,1,4,2,1,1,1,1,1,1,1,1,1,1,1,1,1,1,1,1,1,1,1,1,1,1,1,1,1,1,1,1,1,1,1,1,1,1,1,1,1,1,1,1,1,1,1,1,1,1,1,1,1,1,1,1,1,1,1,1,1,1,1,1,1,1,1,1,1,1,1,1,1,1,1,1,1,1,1,1,1,1,1,1,1,1,1,1,1,1,1,1,1,1,1,1,1,1,1,1,1,1,1,1,1,1,1,1,1,1,1,1,1,1,1,1],"opens":[0,2,0,-3,-8,9,-12,8,0,-17,27,0,0,0,0,0,0,-1,0,1,0,0,9,0,0,-13,25,5,-2,-50,14,1,0,0,6,-6,-1,1,22,-5,0,0,-1,3,-3,-6,43,-20,-19,0,18,-1,0,0,-18,18,-13,1,11,3,-1,2,22,1,3,-8,-2,3,13,-5,2,5,5,6,-8,1,2,-4,10,-6,-1,0,7,2,8,1,-17,-5,-4,0,3,-12,16,-8,-3,-5,3,13,-8,0,0,-2,2,-2,1,-5,-4,1,2,1,6,-2,-6,0,-1,-1],"highs":[0,2,0,-3,-8,9,-12,8,0,7,3,0,0,0,0,0,0,0,0,0,0,9,0,0,0,15,16,-10,-3,-15,-23,0,0,6,0,-6,0,27,-4,11,-17,2,2,0,-2,45,-11,-16,-18,19,-4,-3,0,0,0,0,15,-16,6,-2,4,16,6,1,-1,-8,1,15,-2,-3,0,10,7,-1,-6,1,0,8,0,-6,-3,8,1,9,1,-1,-17,-3,-6,3,0,5,-1,-8,-3,-1,12,0,-8,3,-3,0,6,-8,1,-5,-2,0,1,6,1,-2,-6,0,-1,-1],"lows":[0,2,0,-3,-11,-1,1,8,0,-17,27,-1,0,0,0,1,-1,0,0,1,-1,1,8,0,-13,1,17,2,-42,1,14,1,-6,6,0,-1,0,1,22,-6,0,-1,-6,0,1,0,23,-18,-2,1,0,16,-17,1,-2,19,-21,7,6,7,1,3,19,4,-6,-2,1,3,8,0,2,3,7,-2,0,0,-2,1,3,-2,-8,9,4,6,7,-11,-9,0,-4,0,-10,0,8,-6,1,-3,4,5,-1,0,-1,-4,5,-1,-4,-5,1,0,2,2,6,-9,-1,1,0,-1],"closes":[0,2,0,-3,-11,-1,1,8,0,7,3,0,0,0,0,0,0,0,0,0,0,9,0,0,-13,25,4,-6,-46,16,0,0,0,6,-6,0,0,19,4,-6,0,2,0,-2,-7,43,-20,-18,4,19,-24,17,0,0,0,0,-12,11,6,-3,2,19,4,0,-5,-3,2,16,-5,-1,1,10,6,-6,-2,3,-5,12,-8,1,-2,8,2,8,0,-12,-9,2,-6,3,-13,17,-8,-7,1,1,13,-8,0,3,-5,2,-1,-1,-4,-5,2,1,0,7,1,-9,-1,2,-1,-1],"volumes":[0.74,0.75,2.25,0.37,1.5,1.5,20.5,1.5,2.0,0.84,2.0,14.0,31.99,22.25,27.75,26.86,24.0,23.25,19.5,19.75,18.0,12.93,7.28,5.98,11.78,12.54,28.37,14.51,23.25,25.28,27.15,22.0,23.85,22.04,28.73,25.0,31.0,16.31,1.38,30.5,22.0,33.0,20.12,40.74,19.25,28.07,5.45,8.7,19.5,30.68,6.45,5.13,8.39,7.41,19.7,0.69,43.77,100.47,79.79,40.47,30.95,17.73,10.87,5.5,9.0,4.0,6.0,30.56,5.69,12.85,4.62,28.69,56.2,32.06,10.25,12.0,7.0,25.99,23.97,39.34,34.97,21.1,25.49,106.24,184.0,61.5,10.0,7.0,12.0,4.0,23.74,22.6,25.49,8.07,9.07,10.97,25.72,13.19,71.0,44.93,28.5,23.0,17.61,4.52,8.15,11.55,9.94,8.34,2.1,12.07,1.0,11.17,5.0,3.5,1.5,1.0]}