{"timestamp":1641081600000,"multiplier":0.001,"open":1828.604,"high":1829.628,"low":1828.544,"close":1829.504,"shift":60000,"times":[1380,1,1,1,1,1,1,1,1,1,1,1,1,1,1,1,1,1,1,1,1,1,1,1,1,1,1,1,1,1,1,1,1,1,1,1,1,1,1,1,1,1,1,1,1,1,1,1,1,1,1,1,1,1,1,1,1,1,1,1],"opens":[0,900,594,436,140,-166,-764,194,-74,1104,576,-506,-164,170,-169,-421,170,-106,-334,-26,-190,-340,40,-440,-50,100,-150,-10,-10,110,20,-384,-6,0,-194,100,300,104,100,-304,100,-316,20,-330,50,-130,-120,-40,-10,-180,50,110,30,70,40,20,-160,86,30,50],"highs":[0,476,500,100,-30,-106,-324,-266,990,656,-80,-506,126,-120,-150,-260,40,-86,-354,-76,-180,-130,-90,-390,-100,100,-210,-10,70,60,-40,-350,10,56,-75,175,125,160,-81,-200,-4,-276,-20,-270,166,-306,-60,-90,-20,-120,100,20,150,-50,80,30,-94,24,46,-10],"lows":[0,854,600,506,-56,-864,30,-216,386,914,166,-430,420,21,-461,-250,244,-314,-76,-160,-230,-60,-374,-76,20,-20,-170,-30,180,120,-364,0,-95,-105,0,100,200,204,-204,-90,-206,-120,-184,-6,0,-190,-100,0,-80,-10,-70,210,50,100,-30,-90,16,80,10,30],"closes":[0,500,530,140,-166,-764,194,-74,1104,616,-546,-144,200,-219,-461,210,-86,-394,-6,-170,-330,30,-440,-70,110,-150,20,10,50,40,-384,0,-75,-121,196,200,104,100,-304,104,-320,-80,-250,0,-54,-136,-40,-50,-150,70,110,20,80,20,40,-180,156,-20,-10,90],"volumes":[0.02635,0.01939,0.03017,0.0054,0.01806,0.01124,0.02087,0.0315,0.02246,0.0198,0.01387,0.01343,0.00819,0.02765,0.01057,0.01079,0.01085,0.00781,0.00764,0.01526,0.01036,0.01277,0.01695,0.01828,0.01014,0.01517,0.01369,0.01258,0.01073,0.0027,0.00989,0.00438,0.00543,0.00563,0.00808,0.01413,0.01037,0.00404,0.00909,0.00742,0.01075,0.01645,0.01867,0.01138,0.00911,0.01465,0.00854,0.0042,0.0033,0.00411,0.00681,0.00432,0.01288,0.00194,0.00781,0.01157,0.00497,0.00202,0.0039,0.0024]}